--- Terminal on COM3 | 115200 8-N-1
--- Available filters and text transformations: colorize, debug, default, direct, esp32_exception_decoder, hexlify, log2file, nocontrol, printable, send_on_enter, time
--- More details at https://bit.ly/pio-monitor-filters
--- Quit: Ctrl+C | Menu: Ctrl+T | Help: Ctrl+T followed by Ctrl+H
ets Jul 29 2019 12:21:46

rst:0x1 (POWERON_RESET),boot:0x13 (SPI_FAST_FLASH_BOOT)
configsip: 0, SPIWP:0xee
clk_drv:0x00,q_drv:0x00,d_drv:0x00,cs0_drv:0x00,hd_drv:0x00,wp_drv:0x00
mode:DIO, clock div:2
load:0x3fff0030,len:1184
load:0x40078000,len:13232
load:0x40080400,len:3028
entry 0x400805e4

ESP32+INMP441 Continuous Features -> Enter-to-Capture CSV (dump-per-key)
SESSION: piano_b2a0d275b8479bf7
FS=48000 N_FFT=1024 HOP=256 (5.33 ms/frame)
Defaults: pre=60ms lead=150ms (stored pre=210ms) post=400ms end=A7
SPIFFS: total=1318001 used=191262 free=1126739
Commands:
  help
  fsinfo
  list
  clear              (deletes ALL .csv files)
  flush              (formats SPIFFS - ERASES EVERYTHING)
  dump <path>        (e.g. /raw_noise_3s_123.csv)
  pre <ms>           (default 60; stored pre is pre+lead)
  post <ms>          (default 400)
  lead <ms>          (default 150)
  end <key>          (default A7)
  start <key> <reps> (runs until end key or stop)
  stop
  silence [secs]     (writes + dumps immediately)
  noise [secs]       (writes + dumps immediately)

Collecting: press key + hit Enter (empty line) to capture.
After each key completes, the keyÔÇÖs files are dumped over serial.
> start A0 2
START: from A0 -> end reps/key=2 pre=60 lead=150 post=400 (stored_pre=210)
PRESS A0  rep 1/2  then hit Enter
> 
> REC OK: /raw_A0_r01_21724.csv
PRESS A0  rep 2/2  then hit Enter

> REC OK: /raw_A0_r02_24444.csv
=== KEY_DUMP_BEGIN key=A0 files=2 ===
----- BEGIN /raw_A0_r01_21724.csv (17700 bytes) -----
#BEGIN {"type":"keypress","session_id":"piano_b2a0d275b8479bf7","ms":21932,"key":"A0","rep":1,"reps_per_key":2,"fs_hz":48000,"hop":256,"n_fft":1024,"fmin":50.0,"fmax":3500.0,"lead_ms":150,"pre_ms":60,"post_ms":400,"stored_pre_ms":210,"pre_frames":40,"post_frames":75,"path":"/raw_A0_r01_21724.csv"}
ms_from_event,rms,flux,centroid_hz,spread_hz,rolloff85_hz,flatness,zcr,band0,band1,band2,band3,band4,band5,peak_hz,peak_mag,peak_ratio,low_dom
-208,0.000060,0.260179,1337.54,1089.26,2671.88,0.707555,0.211765,0.281049,-0.152710,-0.973404,-0.045712,0.213724,0.677053,140.62,0.011732,4.8244,0.4058
-203,0.000072,0.271605,1221.03,1157.07,2812.50,0.692834,0.282353,0.314364,0.223006,-0.614312,-0.209183,-0.223651,0.509775,140.62,0.015733,5.5937,0.5314
-197,0.000064,0.356314,1126.48,1084.28,2765.62,0.620654,0.298039,-0.282889,0.151717,0.437007,-0.374182,-0.127074,0.195422,234.38,0.016466,5.1503,0.4751
-192,0.000057,0.265978,1212.01,1118.51,2812.50,0.680714,0.301961,-0.757715,0.334338,0.559492,-0.372779,-0.144422,0.381084,234.38,0.021807,5.9339,0.4182
-187,0.000074,0.191900,1376.54,1162.43,3000.00,0.725019,0.262745,-0.990272,0.088204,0.440693,0.065068,-0.249293,0.645600,421.88,0.016516,5.1667,0.3432
-181,0.000078,0.253966,1179.20,1059.93,2671.88,0.664452,0.211765,-1.098667,-0.122896,0.800811,0.097247,-0.125893,0.449398,328.12,0.020427,6.8245,0.3159
-176,0.000052,0.294461,1057.51,1038.77,2531.25,0.571393,0.356863,-0.820559,0.324936,0.854615,-0.315519,-0.351947,0.308474,281.25,0.032370,9.4595,0.4437
-171,0.000073,0.144523,1145.24,1083.73,2671.88,0.629605,0.278431,-0.896560,0.338830,0.717586,-0.287276,-0.212582,0.340001,281.25,0.029031,9.2299,0.4152
-165,0.000051,0.215516,1153.06,1108.50,2671.88,0.682793,0.356863,-0.152199,0.335656,0.219316,-0.503893,-0.180912,0.282035,281.25,0.013967,4.9221,0.5103
-160,0.000059,0.214565,1198.11,1117.41,2812.50,0.708502,0.223529,0.001792,0.179178,-0.182198,-0.338658,0.057317,0.282568,140.62,0.013958,4.8434,0.4801
-155,0.000051,0.148399,1281.58,1094.71,2812.50,0.734215,0.337255,0.099664,-0.148546,-0.480777,-0.201550,0.347105,0.384104,187.50,0.007344,2.8939,0.4037
-149,0.000045,0.156348,1199.33,1068.77,2578.12,0.681776,0.403922,0.357280,0.164709,-0.758171,-0.455589,0.362747,0.329022,1406.25,0.004067,1.7821,0.4788
-144,0.000050,0.278197,1503.25,1000.23,2625.00,0.796663,0.305882,-0.284219,-0.305833,-0.841487,-0.138757,0.855199,0.715095,187.50,0.005102,2.5059,0.2535
-139,0.000046,0.236345,1437.20,980.50,2531.25,0.803787,0.443137,-0.437134,-0.330537,-0.645470,0.099349,0.728126,0.585665,1500.00,0.005684,2.4727,0.2610
-133,0.000049,0.236002,1501.31,1099.51,2906.25,0.788962,0.356863,-0.214823,-0.492547,-0.355759,-0.130370,0.426299,0.767200,375.00,0.004552,2.0740,0.2788
-128,0.000052,0.218206,1441.00,1089.64,2812.50,0.811789,0.345098,-0.144781,-0.082848,-0.491165,-0.242234,0.292243,0.668785,93.75,0.013617,5.7649,0.3556
-123,0.000060,0.244137,1312.96,1112.03,2812.50,0.698297,0.313726,0.202079,0.300517,-0.824185,-0.461041,0.305412,0.477217,140.62,0.016947,6.8227,0.4651
-117,0.000048,0.311236,1291.06,1076.98,2765.62,0.740210,0.341176,-0.410853,0.276097,-0.146667,-0.323205,0.227316,0.377311,187.50,0.017604,6.1570,0.4086
-112,0.000050,0.177505,1452.07,1114.73,2953.12,0.724064,0.435294,-0.750234,0.198455,-0.171712,-0.084278,0.168546,0.639223,187.50,0.013568,5.2291,0.3363
-107,0.000055,0.255044,1621.55,1109.37,3046.88,0.809004,0.325490,-1.021875,-0.399008,-0.030694,0.051127,0.439268,0.961178,328.12,0.008104,3.4080,0.1961
-101,0.000073,0.245870,1478.03,1124.26,3000.00,0.755564,0.203922,-1.187534,-0.204678,0.375473,0.112254,0.079887,0.824599,328.12,0.013324,5.0102,0.2408
-96,0.000076,0.313991,1188.51,1063.64,2625.00,0.667779,0.215686,-0.915316,0.088765,0.573639,0.092452,-0.198107,0.358567,328.12,0.023417,7.3498,0.3791
-91,0.000083,0.219811,1264.15,1132.61,2859.38,0.654901,0.192157,-1.132002,0.126305,0.785990,-0.149492,-0.165606,0.534805,328.12,0.035062,10.4036,0.3346
-85,0.000094,0.190968,1264.38,1167.06,2953.12,0.594225,0.137255,-1.304329,0.400707,0.857455,-0.236735,-0.352785,0.635688,281.25,0.041618,12.2170,0.3559
-80,0.000075,0.195161,1036.90,1048.29,2578.12,0.559442,0.239216,-1.227385,0.582348,0.974324,-0.306896,-0.254631,0.232239,281.25,0.050020,13.8041,0.4228
-75,0.000065,0.200252,1001.21,1005.82,2343.75,0.591494,0.258824,-0.754263,0.361938,0.752659,-0.220092,-0.124228,-0.016012,281.25,0.040806,10.9575,0.4685
-69,0.000055,0.177892,1118.47,1024.94,2531.25,0.646425,0.325490,-0.954264,0.193884,0.742383,-0.268214,0.040463,0.245747,328.12,0.030751,9.0230,0.3721
-64,0.000048,0.145285,1230.03,1062.49,2625.00,0.701856,0.450980,-1.108623,-0.166610,0.781534,-0.096210,0.086965,0.502946,328.12,0.022044,7.3440,0.2824
-59,0.000084,0.156820,1518.06,1136.26,3000.00,0.772517,0.200000,-1.042722,-0.130110,0.357443,-0.054765,0.095077,0.775077,328.12,0.012110,5.1050,0.2647
-53,0.000084,0.353237,1320.15,1175.91,2953.12,0.689321,0.203922,0.360913,-0.105036,-0.494993,-0.284075,-0.038726,0.561918,328.12,0.007293,2.9016,0.4666
-48,0.000057,0.268597,1068.05,1120.36,2578.12,0.594347,0.325490,0.761893,0.152207,-0.743767,-0.438628,-0.109435,0.377730,328.12,0.005305,1.8860,0.5800
-43,0.000049,0.237391,1235.32,1085.15,2671.88,0.692368,0.356863,0.221256,-0.201980,-0.278966,-0.339432,0.100286,0.498836,140.62,0.010110,3.9465,0.4280
-37,0.000061,0.198426,1383.38,1145.51,2859.38,0.756049,0.235294,-0.044549,0.047286,-0.313422,-0.306092,0.001071,0.615706,2906.25,0.003950,1.5982,0.4238
-32,0.000071,0.184545,1340.49,1139.84,2859.38,0.765402,0.196078,0.118216,0.090428,-0.530471,-0.183745,-0.079809,0.585382,140.62,0.013240,5.4364,0.4630
-27,0.000062,0.243625,1222.51,1095.02,2578.12,0.684960,0.301961,0.256965,-0.203937,-0.555479,-0.013647,0.097483,0.418614,750.00,0.005165,2.0928,0.4424
-21,0.000061,0.250066,1413.35,1127.25,2859.38,0.727169,0.309804,-0.013099,-0.863119,-0.145684,0.016590,0.277847,0.727463,328.12,0.006850,2.8055,0.2807
-16,0.000066,0.248617,1311.70,1084.53,2812.50,0.710302,0.294118,-0.416442,-1.115483,0.505074,0.131474,0.266362,0.629014,375.00,0.013501,5.4683,0.2291
-11,0.000073,0.395377,1035.59,1028.27,2531.25,0.625728,0.200000,-0.471834,0.296592,0.476463,-0.099420,-0.293474,0.091672,328.12,0.017730,5.6255,0.5033
-5,0.000090,0.259746,964.51,1013.13,2343.75,0.569651,0.188235,-0.030165,0.493045,0.172693,-0.257203,-0.242580,-0.135789,140.62,0.029384,8.1629,0.6036
0,0.000107,0.273238,1084.31,1008.94,2437.50,0.685046,0.113725,-0.299381,0.262937,0.078782,0.047522,-0.058651,-0.031209,140.62,0.034506,7.6080,0.5067
5,0.005901,0.951354,1010.93,769.15,1734.38,0.630597,0.039216,-1.048321,-0.071077,0.402877,0.516526,0.646326,-0.446331,328.12,0.321278,3.4458,0.3408
11,0.008907,0.694024,906.89,687.86,1500.00,0.485346,0.019608,-0.843642,-0.076150,0.514868,0.688899,0.492467,-0.776442,421.88,1.350377,4.5213,0.4212
16,0.005113,0.371559,736.86,608.95,1359.38,0.325224,0.019608,-0.394364,0.420388,0.546630,0.605082,0.184328,-1.362064,234.38,2.287187,5.3174,0.6461
21,0.007933,0.155445,674.29,576.28,1359.38,0.252167,0.015686,-0.111153,0.551887,0.525472,0.588426,0.138460,-1.693092,140.62,2.751996,6.5825,0.7306
27,0.006319,0.115475,698.08,593.40,1359.38,0.271546,0.027451,0.104813,0.478383,0.301532,0.502980,0.241115,-1.628822,140.62,3.079970,8.0688,0.7282
32,0.006252,0.179833,691.48,596.47,1359.38,0.270554,0.003922,0.294425,0.571282,0.048397,0.416829,0.357615,-1.688547,140.62,3.789237,9.7644,0.7499
37,0.005410,0.092946,735.30,607.92,1359.38,0.276728,0.027451,0.302859,0.558661,-0.144517,0.519927,0.427165,-1.664096,140.62,3.259547,9.9545,0.7406
43,0.009382,0.213086,700.83,592.55,1359.38,0.243201,0.007843,0.106841,0.497899,0.250872,0.631980,0.157344,-1.644936,140.62,2.743673,8.4399,0.7400
48,0.006318,0.274244,636.90,534.53,1218.75,0.221636,0.027451,0.012955,0.611966,0.497636,0.715572,0.125383,-1.963514,140.62,3.170053,7.4295,0.7741
53,0.005517,0.132144,653.53,563.70,1312.50,0.248390,0.019608,0.023038,0.696903,0.461293,0.553497,0.157729,-1.892459,234.38,3.036218,7.6557,0.7734
59,0.006232,0.094764,647.40,582.30,1312.50,0.252875,0.015686,-0.092282,0.784080,0.558662,0.378266,0.101267,-1.729994,234.38,2.778840,8.1498,0.7614
64,0.007554,0.148145,653.73,570.44,1359.38,0.274266,0.019608,-0.008371,0.607283,0.574426,0.530381,0.012828,-1.716548,93.75,2.148996,6.6320,0.7598
69,0.005069,0.268852,632.51,587.21,1312.50,0.296456,0.023529,0.256911,0.630242,0.262508,0.539389,-0.004433,-1.684618,140.62,3.096682,8.8615,0.7838
75,0.006289,0.201917,681.78,618.39,1265.62,0.342848,0.027451,-0.070337,0.477449,0.282475,0.675170,0.001498,-1.366255,140.62,2.949529,8.1285,0.7081
80,0.006249,0.166053,630.33,578.03,1171.88,0.284091,0.023529,0.065350,0.705440,0.316394,0.593707,0.111694,-1.792586,187.50,2.581225,7.3740,0.7731
85,0.006308,0.138878,654.71,531.91,1078.12,0.230182,0.027451,-0.249072,0.604620,0.555858,0.759607,0.139468,-1.810481,234.38,2.314192,7.3285,0.7337
91,0.006548,0.203898,623.57,526.37,1078.12,0.235194,0.011765,0.102381,0.545801,0.554104,0.775964,-0.118630,-1.859619,140.62,2.203921,6.9710,0.7881
96,0.007669,0.196228,585.73,528.66,1078.12,0.215835,0.003922,0.314979,0.788054,0.403873,0.673223,-0.141233,-2.038896,140.62,3.323295,10.0158,0.8377
101,0.006862,0.182362,552.10,547.23,1078.12,0.223496,0.023529,0.508122,0.819111,0.371366,0.452938,-0.217943,-1.933594,140.62,4.056780,12.7979,0.8506
107,0.005518,0.146161,547.76,556.76,1078.12,0.229327,0.015686,0.671065,0.862019,0.165697,0.333400,-0.033873,-1.998309,140.62,3.960678,13.2199,0.8560
112,0.006551,0.174350,551.60,573.84,1078.12,0.233609,0.011765,0.574476,0.987738,0.120024,0.275308,-0.077964,-1.879580,140.62,3.594453,11.7931,0.8532
117,0.006121,0.212359,610.45,530.39,1078.12,0.227068,0.015686,0.192193,0.734851,0.449481,0.723264,-0.065247,-2.034541,140.62,2.801119,9.0130,0.8196
123,0.004782,0.101634,564.13,538.43,937.50,0.238768,0.023529,0.214877,0.760400,0.691845,0.592017,-0.506622,-1.752517,140.62,2.479994,8.8169,0.8344
128,0.005423,0.185458,548.80,559.65,984.38,0.236735,0.003922,0.289555,0.911903,0.571622,0.363003,-0.317942,-1.818141,140.62,2.720463,9.3968,0.8414
133,0.007638,0.128448,581.62,542.53,1125.00,0.236419,0.011765,0.380048,0.776765,0.464466,0.476604,-0.089336,-2.008546,140.62,2.591023,10.0891,0.8358
139,0.005254,0.179587,508.75,518.20,937.50,0.205020,0.007843,0.610693,0.937049,0.532120,0.317197,-0.374524,-2.022535,140.62,3.490262,12.5645,0.8779
144,0.005772,0.148687,472.53,513.86,843.75,0.181933,0.003922,0.777404,1.102902,0.305605,0.370141,-0.480563,-2.075489,140.62,3.737132,13.5193,0.9019
149,0.006408,0.103491,506.49,534.51,984.38,0.209840,0.003922,0.721300,0.913509,0.203175,0.452928,-0.342933,-1.947979,93.75,3.190009,13.6958,0.8768
155,0.004473,0.198486,509.85,537.91,1031.25,0.211757,0.011765,0.656827,0.977982,0.248963,0.320399,-0.190201,-2.013970,140.62,3.590429,14.6589,0.8721
160,0.006000,0.132444,494.35,532.37,984.38,0.204552,0.011765,0.536846,1.077739,0.558614,0.134799,-0.250391,-2.057608,140.62,2.795468,12.0964,0.8767
165,0.006070,0.200563,506.08,504.98,984.38,0.190804,0.007843,0.423522,1.002081,0.566983,0.342078,-0.233324,-2.101339,140.62,2.592851,9.6948,0.8676
171,0.005597,0.130699,508.23,497.15,937.50,0.204970,0.003922,0.444469,0.930076,0.703361,0.350065,-0.392824,-2.035149,140.62,2.713969,10.3813,0.8700
176,0.006263,0.188354,499.27,520.20,1031.25,0.207528,0.007843,0.710644,1.027873,0.092905,0.443540,-0.249273,-2.025690,140.62,3.281557,13.6491,0.8815
181,0.005929,0.149337,459.00,502.41,843.75,0.182148,0.019608,0.812263,1.070887,0.177405,0.427863,-0.482487,-2.005930,140.62,3.703068,15.3976,0.8990
187,0.005881,0.161385,483.05,488.23,984.38,0.177545,0.011765,0.686556,0.939250,0.420944,0.431671,-0.342609,-2.135812,140.62,3.581290,13.6936,0.8862
192,0.005515,0.112256,505.28,479.77,937.50,0.169792,0.007843,0.647677,0.919442,0.423996,0.596603,-0.326815,-2.260903,140.62,3.057309,12.2142,0.8887
197,0.004204,0.189834,476.68,476.12,937.50,0.175000,0.019608,0.593584,1.109740,0.430449,0.484699,-0.323902,-2.294570,140.62,3.200958,12.0397,0.8967
203,0.005664,0.085432,502.35,502.97,937.50,0.205713,0.003922,0.508197,0.968434,0.561047,0.375698,-0.375833,-2.037542,140.62,2.423561,11.1050,0.8749
208,0.004912,0.150909,529.25,542.87,1031.25,0.232590,0.003922,0.640851,0.908978,0.259545,0.315782,-0.148261,-1.976896,140.62,2.758152,13.2355,0.8627
213,0.005903,0.159329,476.42,510.16,984.38,0.179795,0.007843,0.695148,1.079628,0.399320,0.267897,-0.321034,-2.120959,140.62,2.971371,13.6567,0.8917
219,0.004107,0.148782,499.39,494.83,937.50,0.187468,0.003922,0.613278,1.007467,0.389936,0.524208,-0.376134,-2.158754,140.62,2.942250,12.3831,0.8887
224,0.005129,0.061706,472.54,507.11,937.50,0.188440,0.003922,0.767779,1.132331,0.336494,0.356006,-0.495317,-2.097292,140.62,3.025051,13.8621,0.9043
229,0.005619,0.120408,481.97,537.73,984.38,0.204775,0.007843,0.770800,1.089748,0.243987,0.179160,-0.368781,-1.914914,140.62,2.736971,13.8603,0.8882
235,0.004548,0.150128,488.52,500.23,937.50,0.172657,0.003922,0.684119,1.068477,0.398478,0.449541,-0.438571,-2.162045,140.62,2.968545,13.9171,0.8981
240,0.005107,0.083440,475.43,506.08,937.50,0.181190,0.011765,0.716846,1.099461,0.384420,0.253404,-0.349314,-2.104818,140.62,2.870745,14.1093,0.8943
245,0.004533,0.146454,516.19,519.67,937.50,0.200935,0.003922,0.664282,0.956579,0.237114,0.583441,-0.447670,-1.993746,140.62,2.714818,13.0926,0.8840
251,0.004464,0.094027,509.68,502.99,937.50,0.194637,0.007843,0.633005,0.912933,0.342418,0.632664,-0.417220,-2.103801,140.62,2.699957,12.9023,0.8843
256,0.004600,0.128441,518.10,525.75,984.38,0.206274,0.003922,0.674686,0.852308,0.389414,0.477365,-0.363972,-2.029803,140.62,2.493788,13.0536,0.8766
261,0.005452,0.142022,507.46,522.53,937.50,0.208271,0.003922,0.731153,0.926812,0.288373,0.433109,-0.377668,-2.001780,140.62,2.628309,12.9022,0.8827
267,0.004444,0.105963,461.79,479.88,937.50,0.152896,0.007843,0.786358,0.964942,0.512959,0.457536,-0.423211,-2.298584,140.62,2.778977,13.7805,0.9035
272,0.004608,0.147885,482.52,499.45,937.50,0.182622,0.003922,0.742171,0.971653,0.555653,0.352335,-0.454779,-2.167032,140.62,2.932949,14.0627,0.8973
277,0.004292,0.103570,485.52,496.35,937.50,0.176231,0.003922,0.711214,1.040144,0.472233,0.361360,-0.285095,-2.299856,140.62,2.741404,13.2375,0.8974
283,0.004660,0.119093,505.46,507.23,937.50,0.172605,0.015686,0.737081,0.900943,0.432944,0.490018,-0.355610,-2.205375,140.62,2.262403,12.9744,0.8909
288,0.003444,0.169209,504.38,519.55,984.38,0.187614,0.003922,0.663814,1.044211,0.437233,0.349661,-0.250326,-2.244592,140.62,2.522900,13.7516,0.8910
293,0.004581,0.133874,479.03,508.78,937.50,0.190313,0.003922,0.642423,1.064717,0.609615,0.226168,-0.309509,-2.233414,140.62,2.235011,12.4859,0.8933
299,0.003941,0.135057,482.54,497.08,984.38,0.172976,0.003922,0.733606,1.073706,0.343216,0.471054,-0.228512,-2.393070,140.62,2.276246,12.8742,0.9015
304,0.003156,0.077001,494.19,531.31,984.38,0.194461,0.007843,0.868521,1.067739,0.128899,0.404423,-0.272021,-2.197562,140.62,2.359899,15.3976,0.9005
309,0.004395,0.143005,508.88,524.76,937.50,0.203839,0.003922,0.741521,0.997994,0.291276,0.444428,-0.325580,-2.149640,140.62,2.179494,14.0739,0.8916
315,0.004161,0.157651,456.28,503.40,937.50,0.178678,0.003922,0.768310,1.077196,0.495811,0.263892,-0.414866,-2.190342,140.62,2.364800,14.4058,0.9025
320,0.003324,0.058769,454.49,504.79,937.50,0.175563,0.011765,0.826391,1.114892,0.317861,0.301898,-0.397861,-2.163181,140.62,2.429240,15.7248,0.9048
325,0.003654,0.188971,484.87,497.33,937.50,0.179481,0.023529,0.581019,0.988470,0.670553,0.434988,-0.498476,-2.176554,93.75,1.805919,11.2400,0.8930
331,0.003038,0.169061,469.79,485.77,843.75,0.180545,0.011765,0.579406,1.104612,0.550470,0.492310,-0.623399,-2.103397,140.62,1.956882,11.8867,0.9007
336,0.003575,0.096113,537.44,523.10,984.38,0.219441,0.007843,0.593536,0.875056,0.285305,0.567331,-0.265324,-2.055904,140.62,1.783287,12.5139,0.8693
341,0.002343,0.166794,524.01,538.22,984.38,0.222304,0.015686,0.615983,0.857485,0.334490,0.480901,-0.306591,-1.982268,140.62,1.885240,13.8091,0.8677
347,0.004019,0.109725,487.22,499.70,937.50,0.183797,0.007843,0.602242,0.883120,0.501393,0.582877,-0.536713,-2.032919,140.62,1.654686,12.2326,0.8837
352,0.003623,0.174392,492.02,536.72,937.50,0.215431,0.003922,0.615532,0.996441,0.340032,0.439009,-0.552242,-1.838774,93.75,1.631075,12.5334,0.8810
357,0.002699,0.224333,487.42,497.06,937.50,0.185035,0.015686,0.621809,1.040458,0.363874,0.542230,-0.494498,-2.073874,140.62,2.056592,12.9761,0.8924
363,0.002939,0.093888,493.22,501.20,890.62,0.187435,0.003922,0.547924,0.985721,0.531299,0.558324,-0.634704,-1.988563,140.62,1.951145,12.5347,0.8888
368,0.002354,0.039918,496.98,540.34,937.50,0.212358,0.011765,0.723604,0.973736,0.344251,0.358024,-0.566471,-1.833145,140.62,1.677573,14.3784,0.8858
373,0.002524,0.119779,474.96,514.33,937.50,0.197316,0.011765,0.740258,1.047327,0.430380,0.321317,-0.450975,-2.088306,140.62,1.498466,14.0328,0.8969
379,0.002770,0.156705,538.59,553.40,1078.12,0.234867,0.015686,0.694631,0.747516,0.283624,0.501180,-0.229560,-1.997391,93.75,1.360533,13.3117,0.8623
384,0.002471,0.183843,520.91,550.25,1031.25,0.221914,0.011765,0.790800,0.943101,-0.035340,0.529971,-0.251018,-1.977513,140.62,1.641354,14.7708,0.8788
389,0.002620,0.126261,493.72,537.65,937.50,0.198632,0.003922,0.782180,1.041765,0.199408,0.395439,-0.437156,-1.981636,140.62,1.584995,14.7909,0.8930
395,0.002439,0.129658,505.16,537.87,937.50,0.214445,0.015686,0.700721,0.886194,0.446925,0.357014,-0.446540,-1.944314,140.62,1.428514,13.6143,0.8796
400,0.001982,0.164339,473.85,528.71,937.50,0.202990,0.011765,0.713138,1.038006,0.405089,0.213284,-0.364305,-2.005212,140.62,1.435052,13.6082,0.8870
#END {"type":"keypress","session_id":"piano_b2a0d275b8479bf7","ms":22384,"path":"/raw_A0_r01_21724.csv","rows":115}

----- END /raw_A0_r01_21724.csv -----
----- BEGIN /raw_A0_r02_24444.csv (17651 bytes) -----
#BEGIN {"type":"keypress","session_id":"piano_b2a0d275b8479bf7","ms":24642,"key":"A0","rep":2,"reps_per_key":2,"fs_hz":48000,"hop":256,"n_fft":1024,"fmin":50.0,"fmax":3500.0,"lead_ms":150,"pre_ms":60,"post_ms":400,"stored_pre_ms":210,"pre_frames":40,"post_frames":75,"path":"/raw_A0_r02_24444.csv"}
ms_from_event,rms,flux,centroid_hz,spread_hz,rolloff85_hz,flatness,zcr,band0,band1,band2,band3,band4,band5,peak_hz,peak_mag,peak_ratio,low_dom
-208,0.000104,0.107218,966.08,1005.52,2343.75,0.512076,0.137255,-0.668710,0.497372,0.841377,-0.284011,-0.486574,0.100546,281.25,0.044811,11.9204,0.5268
-203,0.000098,0.195974,1055.94,1054.61,2625.00,0.574642,0.215686,-1.075685,0.404469,0.812218,-0.044104,-0.333649,0.236749,328.12,0.039397,10.2594,0.4287
-197,0.000080,0.311829,887.62,976.17,2203.12,0.503073,0.137255,-0.775890,0.744992,0.744435,-0.140039,-0.438093,-0.135405,281.25,0.046992,9.9623,0.5674
-192,0.000069,0.179644,883.33,963.68,2203.12,0.554168,0.239216,-0.252692,0.621303,0.405995,-0.256429,-0.331035,-0.187140,281.25,0.034144,8.3290,0.6091
-187,0.000086,0.176982,1050.13,1015.64,2390.62,0.640966,0.200000,-0.387980,0.459956,0.276174,-0.328130,-0.096141,0.076121,281.25,0.025805,6.7360,0.5115
-181,0.000045,0.210694,1000.32,1006.33,2343.75,0.602903,0.423529,-0.129492,0.578350,0.009074,-0.192746,-0.248000,-0.017188,234.38,0.030693,7.8826,0.5883
-176,0.000056,0.150956,1175.01,1057.68,2625.00,0.700885,0.258824,-0.097844,0.415343,-0.297484,-0.293449,0.104908,0.168526,93.75,0.019143,6.1571,0.5055
-171,0.000082,0.153640,1301.71,1070.82,2625.00,0.724576,0.219608,-0.377893,0.271895,-0.172922,-0.239512,0.202371,0.316062,93.75,0.012625,4.9128,0.4226
-165,0.000063,0.347789,971.61,1029.51,2437.50,0.570372,0.278431,-0.107221,0.729635,0.177574,-0.542819,-0.196488,-0.060680,187.50,0.027418,8.4633,0.6082
-160,0.000097,0.213831,1087.32,1106.01,2625.00,0.615402,0.145098,0.195364,0.630900,-0.182644,-0.743389,-0.069227,0.168996,187.50,0.024732,7.1909,0.5898
-155,0.000069,0.227907,1087.75,1105.72,2625.00,0.606830,0.168627,-0.309234,0.628998,0.375468,-0.614904,-0.230950,0.150621,234.38,0.033339,9.1245,0.5498
-149,0.000116,0.257841,906.58,1013.27,2296.88,0.535606,0.149020,-0.154486,0.754740,0.418027,-0.454295,-0.438721,-0.125266,187.50,0.036604,8.9397,0.6416
-144,0.000116,0.212930,866.54,1016.18,2437.50,0.487253,0.113725,0.081000,0.702081,0.514312,-0.426374,-0.750173,-0.120844,234.38,0.036301,8.1535,0.6957
-139,0.000097,0.229607,812.11,959.32,2109.38,0.474604,0.184314,-0.225754,0.866822,0.758123,-0.410444,-0.770575,-0.218173,281.25,0.055605,10.6184,0.6932
-133,0.000100,0.203910,813.10,889.16,1875.00,0.472692,0.121569,-0.491265,0.661903,0.871235,-0.348061,-0.350225,-0.343588,281.25,0.066327,14.5555,0.6064
-128,0.000067,0.160423,828.64,915.54,1875.00,0.513883,0.247059,-0.444097,0.633327,0.826742,-0.398268,-0.299037,-0.318667,281.25,0.050871,11.4503,0.5995
-123,0.000076,0.177979,950.80,960.88,2156.25,0.564645,0.227451,-0.352108,0.394474,0.540452,-0.249241,-0.185867,-0.147710,328.12,0.031382,8.1655,0.5469
-117,0.000107,0.140144,1004.97,984.25,2343.75,0.605727,0.184314,-0.416790,0.341799,0.499547,-0.226112,-0.105821,-0.092622,281.25,0.029901,8.7708,0.5154
-112,0.000095,0.369735,809.57,938.92,1968.75,0.510503,0.160784,0.056053,0.638482,0.479121,-0.489996,-0.355353,-0.328307,140.62,0.031945,6.6139,0.6658
-107,0.000081,0.158094,982.34,1067.85,2484.38,0.546194,0.156863,0.040895,0.606126,0.281714,-0.439682,-0.471586,-0.017468,234.38,0.034768,7.9198,0.6383
-101,0.000065,0.200879,976.37,1087.36,2531.25,0.567619,0.262745,0.315394,0.659838,0.026594,-0.653395,-0.409544,0.061111,140.62,0.039299,8.8464,0.6597
-96,0.000070,0.119910,1144.16,1106.85,2671.88,0.664580,0.266667,0.152591,0.506089,-0.265611,-0.335321,-0.319591,0.261843,93.75,0.032177,9.3735,0.5886
-91,0.000088,0.206890,1101.16,1044.74,2484.38,0.646307,0.145098,0.056078,0.441931,-0.290860,-0.087873,-0.313066,0.193791,93.75,0.025009,7.4157,0.5766
-85,0.000060,0.237997,979.03,1047.00,2484.38,0.552385,0.317647,0.091322,0.592343,0.120404,-0.150245,-0.581009,-0.072816,234.38,0.027706,8.0037,0.6612
-80,0.000090,0.200529,986.02,1078.97,2625.00,0.512542,0.156863,-0.121096,0.736868,0.330199,-0.291304,-0.733360,0.078692,234.38,0.033251,9.4905,0.6537
-75,0.000070,0.192438,954.64,1049.63,2390.62,0.545312,0.333333,0.143213,0.699929,0.025733,-0.404327,-0.498025,0.033477,234.38,0.028009,7.8714,0.6579
-69,0.000077,0.201222,1026.90,1070.53,2531.25,0.593823,0.250980,0.238201,0.665092,-0.195815,-0.489758,-0.348215,0.130494,140.62,0.039825,10.9689,0.6366
-64,0.000094,0.143884,966.63,1040.19,2390.62,0.562364,0.196078,0.246989,0.640897,-0.060686,-0.544879,-0.346830,0.064512,140.62,0.039585,10.7901,0.6422
-59,0.000104,0.244059,961.40,1048.34,2531.25,0.572780,0.149020,-0.061333,0.637501,0.202863,-0.397496,-0.419080,0.037544,187.50,0.040764,9.7649,0.6175
-53,0.000105,0.194741,1050.53,1085.23,2671.88,0.589272,0.164706,-0.686125,0.662119,0.539862,-0.382561,-0.359983,0.226687,234.38,0.045160,11.5462,0.5137
-48,0.000114,0.250641,818.86,950.15,2156.25,0.465515,0.109804,-0.416272,0.869819,0.779889,-0.636883,-0.456242,-0.140310,234.38,0.058136,13.9439,0.6283
-43,0.000073,0.263140,797.97,939.78,1968.75,0.466739,0.192157,-0.160822,0.907996,0.479727,-0.598433,-0.372536,-0.255931,234.38,0.059206,12.3960,0.6655
-37,0.000080,0.102382,853.15,964.38,2015.62,0.524787,0.219608,-0.145522,0.740321,0.374268,-0.402030,-0.303662,-0.263375,234.38,0.046868,10.8880,0.6413
-32,0.000119,0.127226,1007.10,1081.05,2625.00,0.545614,0.152941,-0.055210,0.714502,0.140865,-0.415147,-0.469680,0.084671,234.38,0.028736,7.6930,0.6277
-27,0.000117,0.329747,924.97,1028.24,2390.62,0.586695,0.074510,0.448696,0.633442,-0.185410,-0.500330,-0.341593,-0.054804,140.62,0.051255,11.2891,0.6768
-21,0.000062,0.178663,869.02,1014.34,2296.88,0.508578,0.250980,0.498111,0.777221,-0.119522,-0.677350,-0.343028,-0.135431,140.62,0.060806,12.5306,0.7062
-16,0.000115,0.142635,921.37,1053.09,2343.75,0.524008,0.129412,0.266734,0.739221,-0.014904,-0.508571,-0.406724,-0.075756,140.62,0.044285,9.8652,0.6779
-11,0.000102,0.161979,900.43,1005.81,2203.12,0.527443,0.176471,0.008175,0.695243,0.194403,-0.410501,-0.268810,-0.218511,93.75,0.040401,9.3450,0.6446
-5,0.000147,0.247309,840.30,985.94,2203.12,0.507254,0.058824,0.326930,0.777591,0.089575,-0.406897,-0.509940,-0.277259,140.62,0.055341,11.6576,0.7203
0,0.000194,0.280501,798.66,998.30,2250.00,0.469206,0.078431,0.635915,0.768130,-0.174388,-0.328654,-0.643453,-0.257551,140.62,0.076329,13.9058,0.7600
5,0.005713,0.881512,839.59,761.72,1546.88,0.454402,0.031373,0.133218,0.497150,0.080791,-0.370149,0.589820,-0.930830,93.75,0.327621,7.1617,0.6191
11,0.007030,0.778070,690.20,643.18,1406.25,0.301489,0.019608,0.319226,0.667004,0.136908,0.158612,0.340126,-1.621876,93.75,1.488984,7.4930,0.7566
16,0.007171,0.419769,637.87,554.57,1359.38,0.215901,0.035294,0.365925,0.623942,0.416574,0.447973,0.264164,-2.118577,140.62,2.723107,8.8205,0.8057
21,0.006107,0.288843,595.58,475.22,1078.12,0.134462,0.031373,0.306070,0.780535,0.399367,0.840135,0.244896,-2.571005,140.62,3.537020,9.3208,0.8464
27,0.006169,0.123759,615.66,478.34,1078.12,0.162458,0.003922,0.372917,0.640422,0.374856,0.905540,0.241181,-2.534915,140.62,3.294692,8.8955,0.8394
32,0.004458,0.070770,625.53,513.23,1312.50,0.165293,0.027451,0.438201,0.724918,0.237887,0.695554,0.243482,-2.340041,140.62,3.019465,9.7492,0.8361
37,0.004888,0.090861,638.86,549.60,1359.38,0.192843,0.015686,0.500969,0.805473,0.010932,0.562086,0.282047,-2.161508,93.75,2.487118,10.2064,0.8310
43,0.006315,0.120242,639.18,543.68,1312.50,0.203473,0.027451,0.534228,0.752482,0.005773,0.530478,0.337410,-2.160371,93.75,2.545190,10.6090,0.8256
48,0.005784,0.248546,643.22,521.20,1312.50,0.184241,0.027451,0.459339,0.686856,0.145916,0.754364,0.288805,-2.335280,140.62,2.941037,10.2061,0.8315
53,0.007596,0.168439,638.96,498.07,1171.88,0.172355,0.007843,0.299573,0.636739,0.353436,0.855779,0.252018,-2.397546,140.62,2.908287,9.1062,0.8236
59,0.004817,0.165955,566.57,490.91,1078.12,0.156060,0.003922,0.376830,0.915961,0.510114,0.633454,0.050640,-2.486999,140.62,3.404162,10.3694,0.8658
64,0.005585,0.125660,551.48,507.54,1171.88,0.164386,0.019608,0.490052,0.976599,0.397491,0.460803,0.075689,-2.400635,140.62,3.456507,11.3462,0.8694
69,0.004193,0.179807,700.62,630.24,1359.38,0.340023,0.019608,0.354828,0.564891,-0.137419,0.509809,0.233364,-1.525474,140.62,2.856866,10.2278,0.7514
75,0.005198,0.251268,796.70,712.73,1406.25,0.473325,0.019608,-0.057615,0.493239,0.017208,0.305184,0.255502,-1.013519,140.62,2.714369,8.9336,0.6449
80,0.005082,0.132715,692.69,625.46,1359.38,0.342279,0.031373,0.143917,0.536724,0.253654,0.487306,0.082329,-1.503930,140.62,2.454123,9.2416,0.7410
85,0.005448,0.156673,609.61,524.66,1171.88,0.212602,0.003922,0.323217,0.771167,0.442707,0.646454,0.059253,-2.242799,140.62,2.651658,10.5235,0.8374
91,0.006084,0.200096,566.36,510.38,1078.12,0.177656,0.003922,0.543180,0.954558,0.268024,0.685642,0.111861,-2.563265,140.62,3.114997,11.5263,0.8781
96,0.005423,0.132351,608.43,525.57,1171.88,0.189364,0.027451,0.629598,0.785484,0.016890,0.623251,0.288402,-2.343626,140.62,3.209141,13.0740,0.8501
101,0.002868,0.261848,556.56,492.64,1078.12,0.188269,0.027451,0.373313,0.856378,0.444443,0.689685,-0.009874,-2.353944,140.62,2.954895,10.1671,0.8578
107,0.003525,0.140763,587.81,486.60,1078.12,0.188696,0.031373,0.103744,0.752823,0.600414,0.786945,0.078193,-2.322119,93.75,1.536788,6.3311,0.8249
112,0.005191,0.131742,678.11,499.42,1171.88,0.216597,0.015686,-0.213094,0.561600,0.540212,0.966042,0.351266,-2.206026,234.38,1.097730,5.4460,0.7506
117,0.004751,0.284215,646.72,517.59,1125.00,0.214674,0.011765,0.193562,0.742500,0.085661,0.752478,0.427364,-2.201566,140.62,2.165953,9.8742,0.7950
123,0.006329,0.239439,537.47,503.17,1031.25,0.187364,0.015686,0.537509,0.939974,0.337774,0.477997,-0.024633,-2.268620,140.62,3.119750,13.0857,0.8682
128,0.004432,0.204401,488.23,477.21,890.62,0.182743,0.019608,0.516374,1.042301,0.637097,0.410672,-0.337453,-2.268992,140.62,3.091595,11.4802,0.8892
133,0.003679,0.172051,561.27,482.68,984.38,0.184652,0.027451,0.340247,0.764710,0.543362,0.793535,-0.208257,-2.233599,140.62,2.167964,8.8860,0.8549
139,0.003584,0.159313,618.40,494.75,1078.12,0.206370,0.019608,0.281641,0.516789,0.429976,0.873022,0.129271,-2.230699,93.75,1.824913,7.7797,0.8100
144,0.003256,0.111128,624.19,521.12,1078.12,0.225874,0.019608,0.235443,0.640229,0.408625,0.738866,0.137760,-2.160923,93.75,1.531532,8.2030,0.8099
149,0.003401,0.238749,567.38,511.70,984.38,0.211900,0.011765,0.126630,0.860464,0.612609,0.596270,-0.196081,-1.999891,140.62,1.547277,8.1123,0.8308
155,0.004619,0.135103,583.55,504.67,984.38,0.214206,0.023529,0.039072,0.684245,0.564737,0.845601,-0.332650,-1.801004,234.38,1.174916,7.1515,0.8067
160,0.003968,0.333823,565.98,473.62,984.38,0.191558,0.011765,0.088883,0.821185,0.617227,0.777483,-0.119835,-2.184943,140.62,1.575440,6.9481,0.8331
165,0.004022,0.150236,566.51,473.09,984.38,0.185228,0.011765,0.143238,0.774028,0.740535,0.701017,-0.091435,-2.267384,140.62,1.558818,7.0713,0.8373
171,0.002632,0.101309,538.85,522.96,1031.25,0.218880,0.011765,0.470077,0.896627,0.493938,0.453069,-0.258794,-2.054915,140.62,1.781447,10.1941,0.8630
176,0.003421,0.142421,507.15,527.01,890.62,0.218613,0.023529,0.549988,0.874984,0.533871,0.424427,-0.518154,-1.865116,140.62,1.811732,11.2084,0.8704
181,0.003238,0.135044,579.71,542.61,1078.12,0.239652,0.011765,0.440774,0.759956,0.305857,0.601913,-0.290416,-1.818085,140.62,1.684451,11.3533,0.8395
187,0.001981,0.240761,610.64,496.77,984.38,0.217539,0.015686,0.247861,0.600774,0.363932,0.964282,-0.226554,-1.950296,140.62,1.589791,9.0223,0.8195
192,0.002454,0.063391,631.34,521.44,984.38,0.244103,0.023529,0.307886,0.613091,0.088241,1.014338,-0.235611,-1.787944,140.62,1.274619,8.4601,0.8134
197,0.004288,0.224326,600.57,514.76,984.38,0.234611,0.015686,-0.040294,0.532027,0.845474,0.815911,-0.293416,-1.859701,93.75,0.936294,7.2491,0.7896
203,0.003404,0.311565,513.07,504.21,937.50,0.200035,0.019608,0.319324,0.975965,0.691020,0.450088,-0.346645,-2.089752,140.62,1.302600,8.5859,0.8660
208,0.002674,0.233643,466.11,491.06,843.75,0.160712,0.019608,0.597394,1.190262,0.567289,0.334105,-0.656327,-2.032722,140.62,2.072701,12.4360,0.9036
213,0.002264,0.174244,553.92,502.21,890.62,0.203204,0.023529,0.588647,0.906807,0.213846,0.771282,-0.459173,-2.021408,140.62,1.793375,12.1401,0.8795
219,0.001966,0.142831,581.58,489.83,937.50,0.196235,0.003922,0.376591,0.745959,0.448774,0.849321,-0.253499,-2.167147,140.62,1.306412,9.5790,0.8547
224,0.002229,0.163649,612.97,547.81,1171.88,0.244793,0.015686,0.317637,0.672433,0.455733,0.461160,0.078297,-1.985260,93.75,0.977073,9.1625,0.8098
229,0.002322,0.183222,600.19,513.55,1078.12,0.223667,0.019608,0.310324,0.579536,0.400682,0.765439,-0.025396,-2.030585,93.75,0.940242,8.6236,0.8135
235,0.002136,0.190213,608.18,512.24,1078.12,0.219766,0.019608,0.244779,0.684290,0.490211,0.736323,-0.072252,-2.083350,140.62,1.028085,8.8932,0.8238
240,0.002733,0.201314,588.57,520.35,1031.25,0.207749,0.011765,0.262239,0.898442,0.499254,0.634289,-0.092973,-2.201252,140.62,1.023140,8.2659,0.8491
245,0.002139,0.127925,561.78,515.80,1031.25,0.217196,0.015686,0.428893,0.919790,0.344506,0.619726,-0.132289,-2.180626,140.62,1.089354,9.0967,0.8619
251,0.002568,0.146621,542.69,503.72,984.38,0.205445,0.011765,0.547345,0.908014,0.289729,0.647570,-0.203473,-2.189186,140.62,1.310026,11.9143,0.8726
256,0.001995,0.155028,557.41,530.31,1125.00,0.220788,0.027451,0.495242,0.894370,0.456806,0.404400,-0.076458,-2.174358,140.62,1.227960,11.4720,0.8606
261,0.001956,0.200679,567.66,496.52,984.38,0.197259,0.027451,0.386570,0.776212,0.595285,0.724484,-0.194914,-2.287636,140.62,1.063602,8.5925,0.8609
267,0.002032,0.079170,616.88,507.59,1031.25,0.206487,0.023529,0.402039,0.628456,0.291422,0.917016,-0.120971,-2.117962,140.62,0.955547,9.4378,0.8368
272,0.001541,0.230746,567.91,477.14,937.50,0.196440,0.019608,0.326407,0.765286,0.521533,0.907553,-0.256611,-2.264168,140.62,0.924469,8.7203,0.8589
277,0.002201,0.112703,587.18,517.21,1125.00,0.215956,0.011765,0.282937,0.788505,0.463954,0.740262,-0.079584,-2.196074,93.75,0.756666,8.1658,0.8420
283,0.002245,0.174676,590.66,523.62,1078.12,0.228172,0.027451,0.196326,0.769688,0.606826,0.694359,-0.171278,-2.095920,140.62,0.731700,7.8577,0.8343
288,0.002400,0.216208,584.79,490.48,984.38,0.203938,0.007843,0.284447,0.739214,0.494765,0.818188,-0.208941,-2.127672,140.62,0.958615,9.0367,0.8429
293,0.002051,0.170554,551.93,476.55,937.50,0.175284,0.011765,0.411935,0.773792,0.533136,0.865093,-0.241382,-2.342575,140.62,1.179791,10.4169,0.8682
299,0.001114,0.167443,519.39,482.86,937.50,0.169667,0.019608,0.468633,1.005535,0.453271,0.672334,-0.273213,-2.326561,140.62,1.178438,11.2804,0.8846
304,0.001393,0.104395,556.47,490.51,984.38,0.190127,0.019608,0.380441,0.723338,0.501908,0.707910,-0.242308,-2.071290,140.62,0.784485,9.1703,0.8467
309,0.002060,0.201736,586.71,525.92,1078.12,0.215793,0.007843,0.321889,0.873217,0.304965,0.586797,-0.072352,-2.014515,93.75,0.650771,8.7015,0.8377
315,0.001514,0.197149,570.63,505.86,1031.25,0.185074,0.019608,0.196805,0.964955,0.616927,0.641871,-0.094611,-2.325947,234.38,0.727126,9.0536,0.8571
320,0.001529,0.172651,540.05,493.17,937.50,0.182816,0.015686,0.260635,0.933813,0.661139,0.621447,-0.321696,-2.155339,140.62,0.674254,8.3748,0.8624
325,0.001584,0.222245,536.87,490.64,890.62,0.203604,0.019608,0.417186,0.780697,0.490423,0.809268,-0.411577,-2.085996,140.62,0.768273,9.7148,0.8639
331,0.001280,0.192920,505.46,477.81,843.75,0.185095,0.015686,0.410639,1.025363,0.655866,0.613032,-0.401471,-2.303430,140.62,0.863422,10.7898,0.8880
336,0.001237,0.132766,570.57,500.46,937.50,0.197997,0.035294,0.370506,0.873207,0.490231,0.688589,-0.296226,-2.126307,140.62,0.659559,10.3825,0.8621
341,0.001236,0.165439,579.87,509.51,984.38,0.205719,0.019608,0.289862,0.829526,0.520135,0.733776,-0.254578,-2.118720,140.62,0.520097,8.3104,0.8515
347,0.001162,0.207864,569.73,490.58,984.38,0.187570,0.043137,-0.026106,0.865705,0.878267,0.723174,-0.125264,-2.315776,281.25,0.554596,9.0445,0.8376
352,0.001299,0.181635,577.35,508.16,1031.25,0.219365,0.011765,0.025207,0.753641,0.669969,0.743016,-0.151421,-2.040411,281.25,0.498347,8.4302,0.8154
357,0.001092,0.200659,588.17,493.49,984.38,0.213017,0.015686,0.136503,0.635570,0.633242,0.899613,-0.248661,-2.056268,281.25,0.433979,6.9578,0.8232
363,0.000796,0.201867,563.62,488.38,937.50,0.208727,0.074510,-0.007453,0.857070,0.740925,0.782274,-0.355542,-2.017274,281.25,0.522693,8.0503,0.8336
368,0.001148,0.093945,571.27,488.70,937.50,0.209994,0.015686,-0.102295,0.816354,0.830841,0.755888,-0.296018,-2.004771,281.25,0.453680,8.1362,0.8187
373,0.001097,0.163575,541.97,512.25,1031.25,0.207880,0.019608,0.266279,0.924338,0.501431,0.515674,-0.134137,-2.073585,140.62,0.454220,9.3826,0.8454
379,0.000909,0.241386,541.70,516.56,1031.25,0.223763,0.050980,0.018801,0.905849,0.837991,0.498679,-0.267976,-1.993344,281.25,0.498373,10.1011,0.8310
384,0.000694,0.208499,542.60,473.57,843.75,0.198686,0.035294,-0.227500,0.983465,0.878871,0.916438,-0.561665,-1.989609,281.25,0.470172,9.1601,0.8394
389,0.000906,0.166578,624.78,497.12,937.50,0.221463,0.019608,-0.530358,0.557164,0.930867,1.149225,-0.297472,-1.809427,281.25,0.340542,8.4137,0.7440
395,0.000944,0.224026,621.02,488.22,1031.25,0.221927,0.023529,-0.582296,0.531727,0.950000,0.989968,-0.013564,-1.875834,281.25,0.381594,8.6877,0.7149
400,0.000771,0.234944,556.84,481.21,984.38,0.203749,0.031373,-0.567557,0.891371,1.077924,0.786004,-0.184302,-2.003441,281.25,0.458600,10.3087,0.7783
#END {"type":"keypress","session_id":"piano_b2a0d275b8479bf7","ms":25093,"path":"/raw_A0_r02_24444.csv","rows":115}

----- END /raw_A0_r02_24444.csv -----
=== KEY_DUMP_END key=A0 ===
NEXT: A#0
PRESS A#0  rep 1/2  then hit Enter

> REC OK: /raw_A#0_r01_29799.csv
PRESS A#0  rep 2/2  then hit Enter

> REC OK: /raw_A#0_r02_32530.csv
=== KEY_DUMP_BEGIN key=A#0 files=2 ===
----- BEGIN /raw_A#0_r01_29799.csv (17718 bytes) -----
#BEGIN {"type":"keypress","session_id":"piano_b2a0d275b8479bf7","ms":29997,"key":"A#0","rep":1,"reps_per_key":2,"fs_hz":48000,"hop":256,"n_fft":1024,"fmin":50.0,"fmax":3500.0,"lead_ms":150,"pre_ms":60,"post_ms":400,"stored_pre_ms":210,"pre_frames":40,"post_frames":75,"path":"/raw_A#0_r01_29799.csv"}
ms_from_event,rms,flux,centroid_hz,spread_hz,rolloff85_hz,flatness,zcr,band0,band1,band2,band3,band4,band5,peak_hz,peak_mag,peak_ratio,low_dom
-208,0.000082,0.159081,1209.51,1090.05,2625.00,0.724105,0.082353,0.318403,0.272635,-0.754919,-0.283740,0.095397,0.352222,140.62,0.022409,8.0198,0.5179
-203,0.000069,0.198058,1295.09,1140.50,2765.62,0.687178,0.247059,0.259372,0.002644,-0.511943,-0.474247,0.209877,0.514296,187.50,0.008702,3.4862,0.4425
-197,0.000063,0.291025,1205.41,1151.14,2718.75,0.654456,0.278431,0.399952,0.172867,-0.264123,-0.795334,-0.012457,0.499096,281.25,0.009452,3.1823,0.5108
-192,0.000074,0.267643,1213.45,1123.07,2765.62,0.685880,0.207843,-0.195350,0.253102,0.300378,-0.611516,-0.150480,0.403867,281.25,0.020904,6.4319,0.4756
-187,0.000078,0.243767,1088.94,1065.28,2578.12,0.617704,0.243137,-0.532862,0.414528,0.511170,-0.357441,-0.217508,0.182112,281.25,0.025380,7.4367,0.4896
-181,0.000069,0.216650,1163.55,1103.78,2718.75,0.586814,0.239216,-0.606761,0.188235,0.669497,-0.452910,-0.186969,0.388908,328.12,0.034780,10.3962,0.4231
-176,0.000070,0.199963,1119.38,1086.16,2765.62,0.625538,0.223529,-0.681708,0.172554,0.743974,-0.207482,-0.317288,0.289949,328.12,0.031600,9.2785,0.4401
-171,0.000063,0.129065,1118.47,1077.71,2671.88,0.626959,0.286275,-0.682059,0.235881,0.599035,-0.066090,-0.379151,0.292383,281.25,0.028360,9.2900,0.4552
-165,0.000054,0.226487,1082.42,1036.85,2531.25,0.656034,0.278431,-0.629898,0.313429,0.557599,-0.237577,-0.150810,0.147257,281.25,0.027590,8.5517,0.4610
-160,0.000071,0.104470,1185.78,1074.26,2625.00,0.673893,0.203922,-0.452703,0.374147,0.266775,-0.400663,-0.070063,0.282505,281.25,0.016798,6.8268,0.4637
-155,0.000078,0.274073,1388.02,1140.01,2859.38,0.768542,0.180392,0.013468,-0.335848,-0.234949,-0.243486,0.233747,0.567069,140.62,0.006452,2.8713,0.3632
-149,0.000055,0.378473,1439.97,1169.28,3046.88,0.683635,0.262745,0.558755,-0.263248,-1.326803,-0.451036,0.687658,0.794674,187.50,0.005436,1.9606,0.3559
-144,0.000062,0.260724,1327.91,1149.94,2953.12,0.698622,0.247059,0.503751,0.123233,-1.301935,-0.260065,0.365987,0.569029,1406.25,0.005430,1.7541,0.4616
-139,0.000050,0.205352,1222.08,1071.58,2671.88,0.675677,0.368627,0.159622,0.119355,-0.558789,-0.156587,0.088704,0.347695,140.62,0.020989,8.1217,0.4803
-133,0.000055,0.178549,1173.44,1080.57,2671.88,0.682364,0.345098,0.301362,0.357474,-0.725053,-0.382437,0.155525,0.293131,140.62,0.020367,8.2172,0.5262
-128,0.000059,0.216520,1335.04,1091.58,2718.75,0.745230,0.333333,-0.025301,0.125245,-0.447811,-0.350791,0.208254,0.490405,140.62,0.015188,6.0086,0.4257
-123,0.000081,0.251902,1290.32,1102.17,2812.50,0.705597,0.196078,-0.518517,0.156621,-0.059914,-0.125794,0.085856,0.461747,187.50,0.017389,6.4563,0.3882
-117,0.000068,0.292908,987.11,999.26,2390.62,0.551431,0.270588,-0.896474,0.627302,0.600013,-0.254528,-0.079202,0.002891,234.38,0.031358,10.4884,0.4759
-112,0.000070,0.198762,1003.11,1004.08,2390.62,0.601768,0.188235,-0.839864,0.667120,0.675705,-0.407912,-0.091397,-0.003653,234.38,0.030963,10.1940,0.4903
-107,0.000052,0.270428,1201.35,1064.00,2671.88,0.644318,0.356863,-1.148579,0.330061,0.714168,-0.269518,0.030233,0.343634,281.25,0.032309,10.3925,0.3552
-101,0.000065,0.224776,1246.15,1057.29,2718.75,0.679600,0.274510,-1.093904,0.033063,0.701441,-0.267985,0.141740,0.485644,281.25,0.021588,6.7563,0.3007
-96,0.000059,0.208027,1246.00,1074.85,2765.62,0.696438,0.337255,-1.144608,0.015732,0.677182,-0.053437,0.005505,0.499626,375.00,0.019619,6.4175,0.3064
-91,0.000070,0.199675,1342.57,1149.30,2906.25,0.659883,0.262745,-0.912324,-0.003497,0.604082,-0.147004,-0.205480,0.664222,328.12,0.020625,7.2125,0.3346
-85,0.000056,0.226974,1230.83,1132.54,2859.38,0.650167,0.278431,-0.654586,0.223907,0.601455,-0.366943,-0.173618,0.369783,281.25,0.025565,8.5083,0.4223
-80,0.000072,0.203102,1329.98,1159.10,3000.00,0.677698,0.247059,-1.095080,0.080066,0.660537,-0.188762,-0.028563,0.571803,328.12,0.024870,8.1679,0.3145
-75,0.000054,0.250871,1233.01,1089.81,2765.62,0.688587,0.301961,-0.932880,0.166747,0.566161,-0.249221,-0.029074,0.478267,328.12,0.025378,7.2353,0.3526
-69,0.000057,0.187331,1257.05,1095.67,2812.50,0.673069,0.380392,-0.586081,0.272419,0.236597,-0.376680,0.037593,0.416150,187.50,0.018529,5.4078,0.4052
-64,0.000067,0.180042,1498.96,1130.46,2953.12,0.769902,0.227451,-0.270459,-0.038128,-0.618178,-0.089274,0.317349,0.698689,140.62,0.014603,5.5469,0.3402
-59,0.000062,0.274235,1316.00,1109.64,2765.62,0.717690,0.262745,0.257456,-0.040233,-0.870611,-0.134609,0.281053,0.506947,140.62,0.012315,4.6134,0.4291
-53,0.000052,0.120058,1313.68,1103.27,2671.88,0.707877,0.345098,0.251976,-0.266991,-0.774652,-0.070381,0.315589,0.544459,140.62,0.012050,5.1453,0.3923
-48,0.000053,0.249779,1333.41,1075.20,2671.88,0.801539,0.360784,-0.036700,0.020355,-0.653374,-0.112939,0.305161,0.477500,140.62,0.012704,4.9375,0.4014
-43,0.000054,0.222172,1535.83,1081.72,2859.38,0.846570,0.364706,-0.468022,-0.024138,-0.479102,-0.195486,0.441046,0.725700,140.62,0.012219,4.9345,0.3038
-37,0.000176,0.326069,1185.69,1111.56,2625.00,0.688933,0.027451,0.133223,0.394495,-0.293517,-0.506896,-0.111428,0.384123,93.75,0.023860,7.6926,0.5318
-32,0.000217,0.481251,740.62,989.46,2015.62,0.456002,0.066667,0.701429,1.025444,-0.073032,-0.841328,-0.611677,-0.200835,93.75,0.063449,12.1084,0.7807
-27,0.000192,0.261374,698.62,968.33,2015.62,0.396580,0.047059,0.984236,1.157663,-0.431098,-0.843788,-0.669507,-0.197506,140.62,0.111598,18.1282,0.8182
-21,0.000180,0.183197,602.62,880.16,1593.75,0.351707,0.070588,1.155999,1.288782,-0.722986,-0.880300,-0.466493,-0.375002,140.62,0.135144,20.1864,0.8380
-16,0.000109,0.242098,589.24,862.99,1500.00,0.327601,0.133333,0.817603,1.220538,0.047092,-0.825781,-0.781047,-0.478404,140.62,0.105649,14.8208,0.8387
-11,0.000292,0.163655,685.36,878.84,1828.12,0.406343,0.011765,0.266691,0.893453,0.349423,-0.326010,-0.795112,-0.388445,187.50,0.071894,12.7101,0.7635
-5,0.000429,0.352610,586.56,848.84,1453.12,0.342284,0.019608,0.889811,1.238946,-0.153904,-0.812090,-0.603949,-0.558814,140.62,0.127131,17.6955,0.8383
0,0.000328,0.357636,465.57,772.88,890.62,0.257418,0.015686,1.294483,1.498204,-0.276968,-1.021205,-0.742943,-0.751572,140.62,0.221859,21.6902,0.8951
5,0.004590,0.784911,720.83,659.45,1218.75,0.367862,0.023529,0.056268,0.359047,-0.216565,0.699062,0.190130,-1.087942,187.50,0.299021,6.3380,0.6585
11,0.004863,0.754764,692.68,572.67,1171.88,0.333944,0.019608,-0.023270,0.311681,0.203062,0.872893,0.217487,-1.581852,140.62,1.056748,5.4938,0.6956
16,0.004095,0.372356,665.88,554.23,1171.88,0.284773,0.023529,-0.165794,0.477692,0.550792,0.751863,0.078799,-1.693351,140.62,1.504241,5.3299,0.7238
21,0.004409,0.117258,676.01,547.33,1125.00,0.275454,0.031373,-0.444250,0.302792,0.680426,0.858973,0.059267,-1.457209,328.12,1.650814,6.7235,0.6521
27,0.003516,0.209155,625.22,509.36,1031.25,0.243747,0.023529,-0.265285,0.401402,0.592388,1.044648,-0.087996,-1.685157,562.50,1.842311,8.0221,0.7220
32,0.004711,0.185265,630.92,543.59,1078.12,0.248117,0.007843,-0.073607,0.595303,0.515059,0.778679,-0.085960,-1.729473,140.62,1.756401,8.0469,0.7629
37,0.003707,0.238972,627.25,562.17,1078.12,0.276444,0.019608,0.100512,0.637281,0.297229,0.774580,-0.235702,-1.573901,140.62,2.040999,9.1696,0.7814
43,0.003964,0.185545,599.72,513.60,984.38,0.230221,0.031373,0.070921,0.597460,0.629400,0.831084,-0.395254,-1.733610,140.62,1.942134,9.0875,0.8020
48,0.005018,0.203997,620.99,551.48,1125.00,0.253244,0.019608,-0.052838,0.675199,0.499297,0.638311,-0.079803,-1.680165,140.62,1.736117,8.2603,0.7669
53,0.004840,0.299291,602.14,501.41,984.38,0.228432,0.015686,-0.397543,0.609683,0.826666,0.946068,-0.201289,-1.783585,328.12,1.669719,6.4967,0.7500
59,0.003370,0.140878,557.66,476.75,890.62,0.196739,0.019608,0.043535,0.724349,0.662524,0.857234,-0.326745,-1.960897,140.62,1.701282,6.8062,0.8217
64,0.004185,0.152289,588.13,508.06,1078.12,0.229956,0.019608,0.022091,0.686245,0.496915,0.750008,-0.068948,-1.886312,140.62,1.727856,7.3948,0.7911
69,0.005630,0.224340,683.78,552.12,1171.88,0.308388,0.015686,-0.326222,0.407037,0.562000,0.814988,0.175766,-1.633569,281.25,1.432835,6.2307,0.6834
75,0.004340,0.228129,667.95,631.14,1125.00,0.342880,0.019608,-0.137694,0.630655,0.473306,0.444772,-0.066700,-1.344338,281.25,1.898346,7.9951,0.7215
80,0.003909,0.236582,608.92,546.95,1031.25,0.272549,0.015686,-0.268939,0.749935,0.684721,0.661798,-0.110117,-1.717399,281.25,2.318194,8.5769,0.7603
85,0.003732,0.127355,610.76,510.70,984.38,0.229411,0.027451,-0.295482,0.673158,0.725879,0.896120,-0.190147,-1.809528,234.38,1.960731,8.3127,0.7665
91,0.002214,0.156705,642.40,542.33,1078.12,0.268181,0.035294,-0.843708,0.643334,0.914495,0.854663,0.046701,-1.615484,234.38,1.736172,8.0051,0.6647
96,0.003680,0.158139,758.23,574.44,1265.62,0.327839,0.023529,-0.794362,0.192686,0.740276,0.989031,0.306746,-1.434375,234.38,1.144254,6.7318,0.5654
101,0.003095,0.232793,715.52,549.90,1218.75,0.283565,0.023529,-0.535507,0.397378,0.471981,0.939536,0.301340,-1.574730,234.38,1.069248,5.8579,0.6382
107,0.003622,0.177061,669.92,518.87,1125.00,0.254966,0.011765,-0.471318,0.297996,0.691422,1.049486,0.038961,-1.606547,562.50,1.326123,7.1527,0.6676
112,0.002784,0.214389,635.12,507.83,1031.25,0.247867,0.019608,-0.759235,0.594374,0.873914,0.985704,-0.044212,-1.650545,328.12,1.276856,6.5895,0.6824
117,0.002967,0.176061,654.00,521.57,1218.75,0.245542,0.019608,-0.840643,0.568288,1.026156,0.732135,0.320009,-1.805945,281.25,1.443179,7.8823,0.6472
123,0.002675,0.168717,714.19,521.64,1218.75,0.256081,0.015686,-0.651762,0.198925,0.732625,0.957811,0.376966,-1.614565,515.62,1.006295,6.0653,0.5969
128,0.003059,0.225774,658.15,535.13,1125.00,0.247768,0.035294,-0.336612,0.557296,0.509988,0.779191,0.084171,-1.594033,140.62,1.034512,6.1289,0.7038
133,0.003355,0.175395,676.19,543.96,1125.00,0.261126,0.023529,-0.000363,0.468169,0.278390,0.866531,0.036629,-1.649356,140.62,1.130888,7.3910,0.7389
139,0.003285,0.284137,616.85,519.86,1125.00,0.231161,0.011765,-0.006190,0.715966,0.398204,0.849702,-0.127588,-1.830094,140.62,1.549909,8.0735,0.7915
144,0.004072,0.156534,594.03,537.50,1125.00,0.232729,0.019608,0.258335,0.597495,0.533527,0.506767,-0.056695,-1.839429,140.62,1.731073,10.5849,0.7983
149,0.002592,0.287596,560.45,503.48,984.38,0.210825,0.035294,0.009704,0.780397,0.745683,0.644221,-0.169606,-2.010399,140.62,1.392740,7.0154,0.8153
155,0.002937,0.127234,632.84,507.60,1078.12,0.237639,0.023529,-0.589693,0.520590,0.963785,0.857647,0.044829,-1.797159,281.25,1.257061,7.4047,0.6988
160,0.003005,0.127077,699.94,541.46,1171.88,0.268799,0.011765,-0.385180,0.284454,0.657369,0.900757,0.095087,-1.552487,515.62,0.832612,5.5765,0.6634
165,0.003441,0.243880,643.30,541.00,1125.00,0.264529,0.015686,-0.067382,0.562141,0.494285,0.685039,0.027053,-1.701137,140.62,1.294605,8.0753,0.7473
171,0.002529,0.181578,630.49,540.55,1125.00,0.241626,0.019608,0.083955,0.742523,0.264575,0.662519,0.197797,-1.951370,140.62,1.661548,9.8548,0.7842
176,0.002902,0.157380,593.25,532.66,1078.12,0.225392,0.015686,-0.054270,0.770103,0.647850,0.483478,-0.027911,-1.819251,140.62,1.352198,8.2511,0.7827
181,0.002797,0.156264,612.16,507.51,1078.12,0.222458,0.019608,-0.262575,0.452733,0.935282,0.763121,-0.005286,-1.883276,328.12,1.133840,8.2200,0.7387
187,0.001932,0.220337,613.82,503.30,1031.25,0.232970,0.019608,-0.586945,0.573474,0.988393,0.891350,-0.008748,-1.857524,515.62,1.074060,6.7936,0.7163
192,0.002465,0.087599,675.16,540.51,1218.75,0.272639,0.015686,-0.790120,0.404108,0.880657,0.863186,0.192337,-1.550169,515.62,0.890311,6.8915,0.6191
197,0.002979,0.210838,647.98,551.25,1125.00,0.275389,0.011765,-0.293696,0.599049,0.473151,0.781071,0.056993,-1.616567,187.50,0.954938,7.8408,0.7176
203,0.002638,0.235028,563.42,519.77,984.38,0.235941,0.023529,0.117870,0.737130,0.663872,0.587112,-0.237636,-1.868349,140.62,1.292713,9.8834,0.8146
208,0.002688,0.160574,547.77,529.55,984.38,0.231502,0.019608,0.184778,0.775250,0.612789,0.488441,-0.214266,-1.846992,140.62,1.413150,10.6269,0.8192
213,0.002361,0.174586,585.07,514.37,1031.25,0.233520,0.023529,-0.028212,0.582673,0.768191,0.704416,-0.125964,-1.901104,140.62,1.243061,8.9714,0.7843
219,0.002057,0.155247,594.29,499.64,1031.25,0.225941,0.015686,-0.099098,0.441722,0.754705,0.886661,-0.087734,-1.896255,515.62,0.991521,7.4615,0.7619
224,0.001977,0.181469,597.96,511.30,1031.25,0.212083,0.015686,-0.387874,0.574391,0.884434,0.814542,-0.137949,-1.747544,328.12,0.750077,6.4554,0.7381
229,0.001652,0.201149,623.07,520.97,1031.25,0.253326,0.023529,-0.118631,0.427781,0.738187,0.891561,-0.178247,-1.760650,328.12,0.751676,6.6053,0.7547
235,0.001851,0.155443,648.96,522.85,1078.12,0.250277,0.043137,-0.533919,0.500486,0.711548,0.925124,0.178690,-1.781928,187.50,0.727661,7.2917,0.6867
240,0.002460,0.119868,646.63,527.91,1125.00,0.253369,0.019608,-0.466340,0.462984,0.782306,0.898163,0.085246,-1.762359,187.50,0.691965,7.4528,0.6978
245,0.001699,0.239694,584.02,520.06,1031.25,0.242218,0.031373,-0.036867,0.500934,0.771651,0.789143,-0.308500,-1.716361,140.62,0.820011,7.6311,0.7763
251,0.002147,0.140915,595.33,501.22,937.50,0.236502,0.015686,-0.077115,0.431412,0.820626,0.945254,-0.384004,-1.736174,140.62,0.788572,7.1889,0.7751
256,0.001423,0.144725,641.21,497.19,1031.25,0.235098,0.015686,-0.165501,0.405327,0.557262,1.030314,-0.044805,-1.782597,140.62,0.710760,6.6113,0.7376
261,0.001885,0.163933,627.90,539.59,1125.00,0.256301,0.023529,-0.236317,0.376277,0.698596,0.715514,-0.061534,-1.492536,328.12,0.737823,7.1674,0.6999
267,0.002304,0.080734,646.04,543.04,1125.00,0.277854,0.027451,-0.397642,0.165826,0.943437,0.845680,-0.069812,-1.487490,328.12,0.768631,9.3631,0.6599
272,0.002278,0.305910,533.48,499.98,796.88,0.218327,0.023529,-0.112353,0.743313,0.911338,0.757370,-0.542069,-1.757598,187.50,0.819414,8.4395,0.8123
277,0.001671,0.266048,509.29,488.50,937.50,0.188232,0.019608,0.223484,0.906693,0.619196,0.652070,-0.431188,-1.970255,140.62,1.193539,10.1997,0.8539
283,0.002444,0.088097,577.92,518.28,1078.12,0.232317,0.031373,0.294047,0.719548,0.510629,0.698143,-0.124337,-2.098031,140.62,1.135492,11.3982,0.8345
288,0.001392,0.233507,535.52,506.32,1031.25,0.210264,0.019608,0.039434,0.877295,0.729288,0.499473,-0.269875,-1.875615,140.62,0.988483,9.7413,0.8222
293,0.001495,0.106936,517.53,491.62,796.88,0.204629,0.015686,0.111248,0.857152,0.733571,0.610092,-0.505811,-1.806252,140.62,0.877488,9.5355,0.8376
299,0.001337,0.113207,615.54,519.01,1031.25,0.252358,0.019608,-0.117945,0.480099,0.743926,0.861673,-0.214457,-1.753296,140.62,0.557191,7.4548,0.7622
304,0.001406,0.227808,662.20,505.70,1078.12,0.252984,0.043137,-0.668892,0.277913,0.862236,1.078849,0.134014,-1.684120,515.62,0.496868,6.5980,0.6410
309,0.001038,0.164859,593.49,495.52,984.38,0.211266,0.023529,-0.136563,0.559523,0.725566,0.911091,-0.222030,-1.837588,187.50,0.511515,6.7575,0.7758
315,0.001457,0.076368,552.14,484.70,937.50,0.197296,0.027451,0.114441,0.666889,0.723308,0.838707,-0.293069,-2.050276,140.62,0.604096,9.4523,0.8267
320,0.001543,0.172066,589.74,533.50,1078.12,0.243718,0.011765,0.205036,0.583734,0.473446,0.701508,-0.185660,-1.778064,140.62,0.630746,9.8026,0.7984
325,0.001114,0.293377,572.97,510.98,1031.25,0.225856,0.031373,0.082876,0.731769,0.660672,0.579444,-0.159480,-1.895281,140.62,0.603202,7.6924,0.8076
331,0.001037,0.155240,602.46,496.06,984.38,0.228659,0.078431,-0.337700,0.410050,0.945956,0.936973,-0.218294,-1.736986,328.12,0.572704,8.5031,0.7338
336,0.001521,0.137019,637.77,519.14,937.50,0.255545,0.007843,-0.539850,0.080512,1.062704,1.143776,-0.376307,-1.370835,515.62,0.455053,7.9192,0.6556
341,0.001283,0.272543,568.66,536.66,1078.12,0.240992,0.007843,-0.168240,0.690354,0.847001,0.602378,-0.276168,-1.695325,187.50,0.536158,8.8922,0.7767
347,0.000986,0.192351,557.47,520.50,1031.25,0.218082,0.015686,-0.000174,0.839723,0.602401,0.627463,-0.194526,-1.874887,187.50,0.695463,10.7809,0.8107
352,0.001049,0.158695,598.45,528.37,1031.25,0.233154,0.050980,-0.090313,0.729259,0.546227,0.691085,-0.180985,-1.695273,140.62,0.517574,8.8151,0.7786
357,0.001087,0.148853,629.62,526.06,1078.12,0.245012,0.015686,-0.200015,0.471975,0.736944,0.744132,-0.115486,-1.637551,328.12,0.442406,9.1643,0.7335
363,0.001311,0.271309,564.19,509.22,1031.25,0.218714,0.003922,0.020936,0.615986,0.828253,0.624148,-0.218409,-1.870914,140.62,0.462316,7.9457,0.7963
368,0.000858,0.187569,529.41,493.46,984.38,0.188728,0.007843,0.326421,0.735980,0.634416,0.661811,-0.254557,-2.104071,140.62,0.650743,11.4584,0.8469
373,0.001167,0.070651,545.67,501.56,1031.25,0.190281,0.015686,0.239366,0.770815,0.531974,0.647420,-0.126014,-2.063562,140.62,0.603699,12.8221,0.8320
379,0.000940,0.222473,517.53,489.39,890.62,0.186952,0.007843,-0.030361,0.988479,0.708843,0.616192,-0.360661,-1.922491,187.50,0.587453,12.5984,0.8349
384,0.000733,0.127398,566.68,511.03,1031.25,0.220643,0.023529,-0.257741,0.916419,0.701165,0.605491,-0.110215,-1.855119,187.50,0.531908,11.7143,0.7878
389,0.000936,0.166122,598.25,511.83,1125.00,0.215126,0.011765,-0.448852,0.739705,0.986523,0.612837,-0.042058,-1.848154,281.25,0.358807,8.8171,0.7485
395,0.000973,0.222045,578.92,521.89,1031.25,0.224994,0.027451,-0.041307,0.533941,0.855517,0.656936,-0.166342,-1.838745,328.12,0.321731,7.6967,0.7771
400,0.000698,0.257720,530.11,502.27,937.50,0.207247,0.015686,0.141462,0.785451,0.685698,0.734495,-0.390494,-1.956611,140.62,0.444924,9.5841,0.8371
#END {"type":"keypress","session_id":"piano_b2a0d275b8479bf7","ms":30448,"path":"/raw_A#0_r01_29799.csv","rows":115}

----- END /raw_A#0_r01_29799.csv -----
----- BEGIN /raw_A#0_r02_32530.csv (17723 bytes) -----
#BEGIN {"type":"keypress","session_id":"piano_b2a0d275b8479bf7","ms":32728,"key":"A#0","rep":2,"reps_per_key":2,"fs_hz":48000,"hop":256,"n_fft":1024,"fmin":50.0,"fmax":3500.0,"lead_ms":150,"pre_ms":60,"post_ms":400,"stored_pre_ms":210,"pre_frames":40,"post_frames":75,"path":"/raw_A#0_r02_32530.csv"}
ms_from_event,rms,flux,centroid_hz,spread_hz,rolloff85_hz,flatness,zcr,band0,band1,band2,band3,band4,band5,peak_hz,peak_mag,peak_ratio,low_dom
-208,0.000080,0.314058,1023.38,1074.89,2437.50,0.588368,0.164706,0.373537,0.576297,-0.542338,-0.276711,-0.302786,0.172002,140.62,0.039199,10.4736,0.6319
-203,0.000069,0.202601,936.62,1011.23,2203.12,0.567610,0.200000,0.181212,0.618342,-0.352731,-0.297632,-0.082358,-0.066834,187.50,0.039070,10.4586,0.6164
-197,0.000102,0.168569,973.10,1013.27,2250.00,0.588015,0.086275,0.046917,0.677876,-0.100093,-0.411024,-0.095655,-0.118019,140.62,0.037534,10.9916,0.6152
-192,0.000086,0.194665,910.39,998.04,2156.25,0.505519,0.211765,0.116437,0.882172,0.055261,-0.733662,-0.188105,-0.132102,140.62,0.046023,12.9363,0.6591
-187,0.000085,0.213377,912.87,1005.57,2296.88,0.550350,0.317647,0.296978,0.849284,-0.243372,-0.709310,-0.207706,0.014126,140.62,0.048128,12.2395,0.6615
-181,0.000097,0.202124,904.87,990.10,2203.12,0.549861,0.168627,0.156350,0.556832,0.053347,-0.413944,-0.244479,-0.108107,140.62,0.033145,9.4575,0.6302
-176,0.000072,0.307921,925.87,1017.08,2250.00,0.525319,0.192157,-0.413081,0.632404,0.535413,-0.311651,-0.390539,-0.052547,187.50,0.035322,8.7688,0.5821
-171,0.000094,0.256298,1009.66,1037.90,2484.38,0.596176,0.152941,-0.617239,0.451506,0.700542,-0.336915,-0.320055,0.122161,328.12,0.032027,7.1933,0.5040
-165,0.000074,0.131100,1048.94,1018.25,2531.25,0.593026,0.203922,-0.958747,0.197083,0.877380,-0.225394,-0.060508,0.170186,328.12,0.043463,11.3868,0.3928
-160,0.000138,0.265190,840.55,932.93,1968.75,0.490410,0.050980,-0.483149,0.614467,0.815714,-0.272968,-0.394995,-0.279069,281.25,0.039995,10.2588,0.5993
-155,0.000070,0.335180,739.07,907.01,1875.00,0.464048,0.215686,0.135021,0.812641,0.471827,-0.442943,-0.562152,-0.414395,140.62,0.046112,9.0706,0.7235
-149,0.000066,0.133481,868.58,1016.93,2109.38,0.515084,0.278431,0.098853,0.824581,0.210406,-0.447669,-0.472908,-0.213263,140.62,0.049019,10.2873,0.6910
-144,0.000067,0.132371,1116.19,1106.20,2625.00,0.653291,0.239216,0.035459,0.451467,-0.016777,-0.277130,-0.349702,0.156683,140.62,0.032059,8.9909,0.5842
-139,0.000065,0.209517,1256.94,1159.73,2859.38,0.708338,0.219608,-0.076853,0.320859,-0.181341,-0.356172,-0.192246,0.485754,187.50,0.018901,5.8358,0.4938
-133,0.000066,0.163848,992.66,1066.21,2484.38,0.574034,0.250980,0.187534,0.566387,0.099614,-0.621141,-0.352489,0.120094,140.62,0.024294,7.8730,0.6209
-128,0.000070,0.233147,1061.68,1065.66,2718.75,0.609955,0.223529,-0.000982,0.651164,-0.117675,-0.477190,-0.132506,0.077188,140.62,0.032350,10.5393,0.5873
-123,0.000072,0.189665,1190.45,1118.04,2765.62,0.687558,0.258824,0.094618,0.436894,-0.518086,-0.268549,0.015611,0.239512,140.62,0.031814,10.7511,0.5345
-117,0.000086,0.303437,1060.48,1099.67,2671.88,0.598534,0.227451,0.040293,0.505827,-0.213840,-0.213386,-0.233111,0.114218,187.50,0.030425,8.9533,0.5824
-112,0.000091,0.280290,880.75,985.09,2250.00,0.530883,0.192157,0.128655,0.726812,0.038243,-0.421712,-0.266452,-0.205545,187.50,0.033070,8.2968,0.6601
-107,0.000068,0.147780,812.63,967.88,2203.12,0.471534,0.258824,0.356836,0.839759,0.036819,-0.541538,-0.503756,-0.188117,140.62,0.043952,11.6825,0.7200
-101,0.000076,0.200459,972.82,1019.17,2296.88,0.602395,0.215686,-0.088216,0.554565,0.105192,-0.302580,-0.304523,0.035561,187.50,0.031317,8.8775,0.5909
-96,0.000064,0.203072,1109.82,1048.18,2390.62,0.669742,0.262745,-0.325601,0.198982,0.092711,-0.113808,-0.020652,0.168368,187.50,0.021252,6.0327,0.4658
-91,0.000088,0.234024,1027.18,1021.26,2390.62,0.642698,0.223529,-0.531210,0.346259,0.523086,-0.111172,-0.319504,0.092539,328.12,0.027063,7.4444,0.5053
-85,0.000078,0.144784,970.28,991.16,2437.50,0.518052,0.227451,-0.527554,0.332906,0.702087,-0.005191,-0.545125,0.042875,328.12,0.036231,10.7239,0.5384
-80,0.000087,0.296546,908.37,990.71,2390.62,0.481610,0.129412,-0.842829,0.734989,0.835890,-0.118617,-0.623505,0.014074,281.25,0.040492,10.3617,0.5624
-75,0.000073,0.196556,1035.36,1051.03,2484.38,0.572867,0.247059,-0.712612,0.382731,0.690161,-0.062266,-0.442367,0.144352,328.12,0.038171,9.8166,0.4960
-69,0.000085,0.161179,1051.49,1043.92,2484.38,0.613898,0.207843,-0.429066,0.351661,0.596757,-0.269873,-0.392083,0.142604,328.12,0.034290,9.1122,0.5215
-64,0.000129,0.215209,1008.46,1044.78,2531.25,0.597350,0.141176,-0.337994,0.509760,0.521523,-0.222862,-0.504669,0.034241,281.25,0.035982,9.1524,0.5796
-59,0.000063,0.317402,832.90,993.28,2109.38,0.480940,0.286275,-0.149494,0.899112,0.491984,-0.516339,-0.532492,-0.192771,187.50,0.048967,10.1211,0.6764
-53,0.000068,0.140947,829.46,974.88,2109.38,0.468074,0.290196,0.042722,0.803388,0.362906,-0.446514,-0.547199,-0.215303,140.62,0.039860,9.1614,0.6909
-48,0.000056,0.166611,1165.93,1080.21,2625.00,0.668871,0.356863,-0.154286,0.286105,-0.015432,-0.300951,-0.088270,0.272836,140.62,0.027203,8.7657,0.4934
-43,0.000056,0.214928,1218.34,1140.71,2859.38,0.672762,0.325490,0.217940,0.437700,-0.539621,-0.389614,-0.093733,0.367328,140.62,0.025483,8.7341,0.5476
-37,0.000119,0.212007,1283.09,1124.44,2859.38,0.683783,0.101961,-0.220592,0.252786,-0.163392,-0.243923,0.015811,0.359311,140.62,0.019059,6.7582,0.4572
-32,0.000108,0.425113,943.93,1104.79,2578.12,0.526517,0.156863,0.512601,0.705810,-0.254184,-0.644842,-0.425305,0.105920,140.62,0.040500,9.8048,0.6833
-27,0.000377,0.250948,803.34,1027.19,2109.38,0.432896,0.062745,0.739373,0.897874,-0.430634,-0.753851,-0.361975,-0.090785,140.62,0.072346,17.3134,0.7398
-21,0.000839,0.570082,491.70,808.48,1078.12,0.278396,0.003922,1.353220,1.487573,-0.610046,-1.058149,-0.647104,-0.525492,140.62,0.187174,20.5577,0.8815
-16,0.000689,0.505516,343.34,640.21,328.12,0.179924,0.027451,1.621923,1.727439,-0.307613,-1.056376,-1.041834,-0.943537,140.62,0.368701,20.7850,0.9351
-11,0.000618,0.252149,342.55,598.83,421.88,0.181164,0.050980,1.432037,1.575736,0.317804,-0.672169,-1.392673,-1.260734,140.62,0.445454,20.9957,0.9443
-5,0.000746,0.266318,399.26,631.26,562.50,0.209544,0.007843,0.970499,1.493014,0.346116,-0.516796,-1.055457,-1.237375,140.62,0.358134,15.4507,0.9151
0,0.000774,0.219286,495.49,691.84,937.50,0.277236,0.019608,0.394797,1.206293,0.404489,-0.219504,-0.718201,-1.067875,187.50,0.401213,17.1789,0.8447
5,0.005544,0.679365,1019.26,997.79,2343.75,0.666895,0.031373,-0.138631,0.512686,-0.007679,-0.032619,-0.309993,-0.023764,140.62,0.683353,9.9935,0.5876
11,0.007333,0.667046,848.25,899.79,1968.75,0.549719,0.011765,0.031295,0.691615,-0.114262,-0.020187,-0.234071,-0.354391,140.62,1.964595,9.7533,0.6583
16,0.004924,0.416346,656.18,658.18,1171.88,0.368901,0.035294,0.271387,0.737320,-0.066992,0.461553,-0.130808,-1.272461,140.62,3.578137,11.7957,0.7696
21,0.003292,0.150094,611.10,541.86,1078.12,0.218455,0.031373,0.276077,0.802920,0.133253,0.763444,-0.088853,-1.886840,140.62,3.306109,10.7128,0.8216
27,0.002708,0.161389,700.81,561.10,1218.75,0.275097,0.027451,-0.182065,0.621712,0.258531,0.824136,0.063830,-1.586145,234.38,1.657493,6.5559,0.7273
32,0.004103,0.085272,751.44,589.76,1312.50,0.313513,0.011765,-0.495145,0.402252,0.417014,0.875408,0.094894,-1.294422,234.38,1.284070,6.6944,0.6349
37,0.005905,0.260694,679.55,564.03,1265.62,0.274875,0.015686,-0.132908,0.526544,0.254199,0.830379,0.184262,-1.662475,187.50,1.452577,7.2063,0.7183
43,0.005499,0.296510,665.27,556.15,1125.00,0.254251,0.007843,0.111165,0.671220,-0.034238,0.825899,0.130178,-1.704225,140.62,2.432902,9.9231,0.7646
48,0.005003,0.196925,621.89,558.85,1078.12,0.246166,0.011765,0.339034,0.753456,0.007067,0.629685,0.030260,-1.759501,140.62,3.238398,11.9864,0.8039
53,0.004386,0.148121,609.99,535.68,1125.00,0.238391,0.023529,0.329096,0.786535,0.031362,0.763173,-0.082204,-1.827963,140.62,3.262469,12.2061,0.8195
59,0.003878,0.102862,653.33,587.06,1218.75,0.268835,0.031373,0.193741,0.758636,0.014638,0.467768,0.163477,-1.598262,140.62,2.765175,12.4140,0.7674
64,0.003898,0.173602,678.11,586.88,1265.62,0.289543,0.023529,-0.029998,0.623213,0.208369,0.545630,0.175794,-1.523007,140.62,2.255803,9.8805,0.7252
69,0.004684,0.225584,663.64,524.60,1078.12,0.261543,0.007843,-0.047045,0.485930,0.362464,0.986457,-0.029952,-1.757854,140.62,1.903973,8.1068,0.7528
75,0.005514,0.128688,609.70,587.61,1078.12,0.296883,0.015686,0.261445,0.673555,0.377073,0.565349,-0.261477,-1.615946,140.62,2.107443,10.5794,0.8032
80,0.005137,0.289220,566.02,565.33,1031.25,0.237635,0.007843,0.427378,0.968418,-0.075300,0.408865,-0.067844,-1.661516,140.62,3.138645,14.1695,0.8267
85,0.003170,0.151338,596.89,557.35,1125.00,0.227886,0.027451,0.320627,0.987179,-0.163661,0.519387,0.042800,-1.706333,140.62,3.060286,13.2265,0.8154
91,0.003178,0.203445,626.67,541.26,1171.88,0.229638,0.015686,0.101890,0.796895,0.449373,0.442152,0.151931,-1.942242,140.62,2.099720,10.2926,0.7932
96,0.004362,0.137931,604.83,544.40,1171.88,0.229500,0.007843,-0.042065,0.826594,0.427686,0.413472,0.132672,-1.758359,187.50,1.588865,9.4905,0.7694
101,0.004338,0.281313,547.15,493.65,1031.25,0.207868,0.011765,0.072226,0.873676,0.439580,0.672590,-0.073362,-1.984711,187.50,2.240155,10.9975,0.8179
107,0.003976,0.237625,640.80,526.71,1171.88,0.202449,0.015686,0.298459,0.759499,-0.058220,0.754440,0.316342,-2.070520,140.62,2.438251,11.9047,0.8031
112,0.004141,0.142320,641.85,528.77,1171.88,0.202822,0.023529,0.408673,0.685767,-0.029738,0.703179,0.264491,-2.032372,140.62,2.535700,12.2536,0.8071
117,0.005617,0.116708,573.80,544.98,1125.00,0.219104,0.003922,0.495264,0.883025,-0.081184,0.508539,0.004282,-1.809925,140.62,2.712233,15.2373,0.8309
123,0.002736,0.244453,491.22,521.47,984.38,0.185250,0.015686,0.408252,1.157845,0.325967,0.167546,-0.223855,-1.835756,187.50,2.817155,14.3556,0.8597
128,0.003774,0.168743,598.04,559.57,1171.88,0.225088,0.031373,0.232238,0.928825,0.035082,0.434837,0.223227,-1.854210,187.50,2.246220,12.0699,0.8016
133,0.004124,0.150972,673.20,561.00,1218.75,0.251830,0.007843,0.099749,0.658439,-0.028715,0.703382,0.269821,-1.702676,140.62,1.730978,10.3825,0.7494
139,0.004399,0.224008,607.67,552.06,1125.00,0.224099,0.003922,0.268180,0.917246,-0.131539,0.604248,0.018240,-1.676375,140.62,2.297546,12.8283,0.8056
144,0.002981,0.154687,528.00,560.20,1125.00,0.214233,0.011765,0.639783,1.082210,-0.033374,0.190085,-0.035448,-1.843256,140.62,2.726408,16.4099,0.8582
149,0.004458,0.153072,602.18,587.43,1218.75,0.244405,0.007843,0.609134,0.886086,-0.175667,0.363683,0.256544,-1.939779,140.62,2.484673,15.7747,0.8305
155,0.003852,0.198324,587.90,540.84,1125.00,0.229999,0.015686,0.298426,0.878506,0.184594,0.484569,0.178372,-2.024468,140.62,2.227847,13.1968,0.8193
160,0.002359,0.280468,547.89,506.22,1031.25,0.192207,0.007843,0.026185,1.108170,0.451089,0.492879,0.024524,-2.102847,187.50,2.469634,13.6952,0.8329
165,0.003223,0.138200,612.54,557.23,1171.88,0.239986,0.007843,0.205237,0.920589,0.101886,0.556335,0.051003,-1.835051,140.62,1.711439,10.5486,0.8108
171,0.003478,0.073991,594.20,590.56,1171.88,0.253052,0.003922,0.317957,0.918056,0.001774,0.310430,0.036239,-1.584457,140.62,1.761235,12.9770,0.8009
176,0.002427,0.249029,587.89,557.45,1171.88,0.230017,0.023529,0.064448,0.878028,0.386706,0.219592,0.258558,-1.807332,187.50,1.840479,12.8020,0.7765
181,0.004076,0.251252,620.41,552.12,1171.88,0.240642,0.011765,0.116702,0.738492,0.436272,0.414327,0.166454,-1.872247,140.62,1.701795,11.1572,0.7825
187,0.002158,0.202360,600.02,539.08,1125.00,0.205866,0.031373,0.242631,0.856300,0.256202,0.612770,0.000233,-1.968136,140.62,1.845432,11.1087,0.8225
192,0.002805,0.076902,601.18,550.19,1125.00,0.221129,0.031373,0.321428,0.949807,-0.053433,0.658855,0.089284,-1.965941,140.62,1.639946,11.3579,0.8283
197,0.003873,0.132250,666.32,586.24,1265.62,0.265678,0.007843,0.275237,0.763893,-0.277744,0.508453,0.417597,-1.687436,140.62,1.504580,12.1811,0.7603
203,0.003519,0.312455,561.19,542.41,1125.00,0.208895,0.011765,0.196488,0.951269,0.297140,0.318499,0.136946,-1.900342,187.50,2.046546,13.1022,0.8109
208,0.002669,0.159065,515.48,529.34,984.38,0.199165,0.015686,0.337963,1.049508,0.433287,0.360338,-0.254994,-1.926102,140.62,1.921255,12.2644,0.8562
213,0.003134,0.153314,588.78,548.97,984.38,0.231900,0.011765,0.399790,0.863374,0.164743,0.642391,-0.241060,-1.829237,140.62,1.817457,12.8647,0.8411
219,0.003233,0.152546,630.16,558.54,1125.00,0.228715,0.007843,0.277568,0.899410,-0.239643,0.670888,0.210124,-1.818346,140.62,1.696027,12.9468,0.8010
224,0.002525,0.165738,588.56,546.21,1125.00,0.207870,0.007843,0.369782,1.037411,-0.060301,0.441371,0.294747,-2.083010,140.62,1.811862,14.0698,0.8317
229,0.002883,0.096567,520.97,534.81,1031.25,0.208077,0.023529,0.434137,1.031761,0.145218,0.293046,-0.124538,-1.779624,140.62,1.737649,15.1871,0.8436
235,0.003832,0.227891,564.45,529.60,984.38,0.220304,0.015686,0.218210,0.842921,0.358939,0.602266,-0.217469,-1.804866,140.62,1.585189,12.5598,0.8237
240,0.002034,0.238794,558.81,499.78,984.38,0.178115,0.027451,0.181605,0.963525,0.366720,0.778146,-0.146171,-2.143826,187.50,1.836629,12.2592,0.8478
245,0.003067,0.133674,597.71,517.31,1031.25,0.191988,0.023529,0.068469,0.900206,0.333511,0.627153,0.052333,-1.981672,140.62,1.507833,10.5592,0.8098
251,0.003842,0.089260,593.39,560.66,1171.88,0.244677,0.003922,0.247188,0.940952,0.262312,0.284321,0.067844,-1.802617,140.62,1.560910,12.9733,0.8118
256,0.003022,0.226170,480.12,514.49,984.38,0.172949,0.023529,0.543909,1.297425,0.198255,0.170125,-0.186717,-2.022997,140.62,2.037879,15.8768,0.8835
261,0.002459,0.205710,506.07,490.11,937.50,0.172852,0.015686,0.473474,1.062084,0.281394,0.532839,-0.342395,-2.007396,140.62,2.039097,14.3877,0.8746
267,0.002523,0.170527,608.18,508.34,1078.12,0.200285,0.011765,0.240962,0.730197,0.244792,0.706238,0.068502,-1.990691,140.62,1.537832,11.3423,0.8095
272,0.002852,0.099861,640.59,534.40,1125.00,0.237769,0.011765,-0.051583,0.777476,0.227215,0.732457,0.152689,-1.838254,187.50,1.306691,11.3283,0.7695
277,0.002432,0.137273,552.05,558.04,1031.25,0.234942,0.011765,0.045383,1.056183,0.327151,0.376563,-0.195190,-1.610091,187.50,1.602701,16.2592,0.8105
283,0.004079,0.275388,517.83,526.73,984.38,0.216639,0.011765,0.367912,1.043442,0.369324,0.355345,-0.301080,-1.834943,140.62,1.573419,14.0678,0.8549
288,0.003227,0.267587,504.80,492.45,984.38,0.174387,0.007843,0.678888,1.130162,-0.019727,0.567686,-0.162869,-2.194141,140.62,2.130303,15.7576,0.8892
293,0.001752,0.134988,491.52,477.31,890.62,0.158457,0.007843,0.661952,1.144651,0.053395,0.635333,-0.342706,-2.152626,140.62,2.175052,14.9578,0.8958
299,0.001978,0.062739,531.64,510.11,937.50,0.194978,0.003922,0.423803,0.953426,0.313051,0.596028,-0.383499,-1.902810,140.62,1.551285,14.1621,0.8620
304,0.002466,0.047387,513.87,514.80,984.38,0.206466,0.007843,0.371408,0.952999,0.445331,0.462710,-0.362042,-1.870407,140.62,1.206783,14.3875,0.8555
309,0.003007,0.225330,549.58,536.45,1031.25,0.222162,0.015686,0.153814,0.989926,0.211499,0.533853,-0.072395,-1.816698,187.50,1.315608,15.7291,0.8200
315,0.003262,0.329225,529.39,489.54,984.38,0.179569,0.023529,0.431431,1.081708,0.005415,0.731648,-0.175969,-2.074233,140.62,1.548480,13.4948,0.8678
320,0.002519,0.174337,511.02,468.75,890.62,0.137229,0.003922,0.693409,1.178776,-0.058467,0.784798,-0.297825,-2.300690,140.62,1.962786,15.7734,0.9034
325,0.002743,0.073664,493.13,495.92,890.62,0.172015,0.023529,0.722755,1.159663,0.077817,0.535423,-0.378914,-2.116743,140.62,1.848640,16.6543,0.8993
331,0.002277,0.073569,492.68,519.09,890.62,0.197868,0.007843,0.664088,1.105789,0.049527,0.490739,-0.344028,-1.966115,140.62,1.662355,18.2001,0.8849
336,0.001833,0.209567,471.99,478.49,937.50,0.157583,0.023529,0.609286,1.165852,0.279626,0.504588,-0.273730,-2.285622,140.62,1.564387,15.2039,0.8973
341,0.002437,0.156188,572.65,509.95,984.38,0.189846,0.015686,0.415579,0.976835,-0.154950,0.897574,-0.090042,-2.044997,140.62,1.127916,12.9561,0.8537
347,0.002045,0.124175,563.09,505.79,890.62,0.185456,0.007843,0.432839,1.066192,-0.070576,0.863777,-0.343089,-1.949142,140.62,1.131834,13.1378,0.8694
352,0.002806,0.193253,476.70,475.17,843.75,0.163825,0.003922,0.582644,1.229671,0.318429,0.592756,-0.571841,-2.151658,140.62,1.404215,15.5792,0.9062
357,0.002856,0.108221,453.93,480.45,890.62,0.162680,0.007843,0.698782,1.217544,0.285535,0.323733,-0.351211,-2.174383,140.62,1.594197,18.6639,0.9021
363,0.001998,0.201702,448.44,467.06,890.62,0.152772,0.023529,0.601213,1.297171,0.398395,0.355169,-0.337428,-2.314520,140.62,1.691174,16.4906,0.9068
368,0.002587,0.133818,502.97,480.82,890.62,0.166299,0.007843,0.585589,1.195804,0.206820,0.721795,-0.487096,-2.222913,140.62,1.530991,15.7743,0.9043
373,0.002201,0.061695,511.25,496.98,890.62,0.174233,0.003922,0.530191,1.177301,0.213739,0.707712,-0.539578,-2.089365,140.62,1.344913,15.4991,0.8974
379,0.001066,0.153052,449.51,467.66,843.75,0.148489,0.015686,0.674358,1.342973,0.235291,0.537011,-0.627612,-2.162022,140.62,1.383977,15.8008,0.9171
384,0.001860,0.125541,503.14,516.27,984.38,0.198380,0.007843,0.623226,1.094143,0.089777,0.489364,-0.224022,-2.072487,140.62,1.116324,15.7970,0.8815
389,0.002348,0.124405,549.12,528.96,984.38,0.210157,0.007843,0.365218,0.992680,0.060378,0.683257,-0.163992,-1.937541,140.62,0.882118,14.1099,0.8494
395,0.001746,0.292137,508.47,486.40,843.75,0.159132,0.039216,0.527639,1.232537,0.049617,0.823949,-0.612661,-2.021082,187.50,1.173071,14.7446,0.9000
400,0.002227,0.108332,502.57,481.52,890.62,0.170621,0.007843,0.555404,1.182086,0.221498,0.769845,-0.645757,-2.083076,140.62,1.240531,15.1142,0.9032
#END {"type":"keypress","session_id":"piano_b2a0d275b8479bf7","ms":33178,"path":"/raw_A#0_r02_32530.csv","rows":115}

----- END /raw_A#0_r02_32530.csv -----
=== KEY_DUMP_END key=A#0 ===
NEXT: B0
PRESS B0  rep 1/2  then hit Enter

> REC OK: /raw_B0_r01_37623.csv
PRESS B0  rep 2/2  then hit Enter

> REC OK: /raw_B0_r02_40487.csv
=== KEY_DUMP_BEGIN key=B0 files=2 ===
----- BEGIN /raw_B0_r01_37623.csv (17680 bytes) -----
#BEGIN {"type":"keypress","session_id":"piano_b2a0d275b8479bf7","ms":37822,"key":"B0","rep":1,"reps_per_key":2,"fs_hz":48000,"hop":256,"n_fft":1024,"fmin":50.0,"fmax":3500.0,"lead_ms":150,"pre_ms":60,"post_ms":400,"stored_pre_ms":210,"pre_frames":40,"post_frames":75,"path":"/raw_B0_r01_37623.csv"}
ms_from_event,rms,flux,centroid_hz,spread_hz,rolloff85_hz,flatness,zcr,band0,band1,band2,band3,band4,band5,peak_hz,peak_mag,peak_ratio,low_dom
-208,0.000048,0.261949,1117.63,1137.95,2718.75,0.633371,0.415686,0.463856,0.235492,-0.457150,-0.352504,-0.152421,0.262727,234.38,0.008315,2.9028,0.5731
-203,0.000049,0.221103,1298.97,1107.17,2812.50,0.730465,0.349020,0.018939,0.278349,-0.657969,-0.130007,0.157926,0.332760,93.75,0.018153,7.1243,0.4758
-197,0.000086,0.184539,1405.32,1112.76,2812.50,0.710316,0.101961,-0.015985,0.063880,-0.503917,-0.445594,0.390728,0.510890,187.50,0.007029,3.1621,0.3949
-192,0.000069,0.332633,1262.42,1160.33,2765.62,0.624013,0.290196,0.528913,0.019191,-0.505445,-0.663460,0.127991,0.492809,281.25,0.006644,2.5296,0.4909
-187,0.000063,0.259876,1122.86,1109.88,2625.00,0.633182,0.305882,0.245022,-0.004569,-0.032991,-0.231112,-0.285357,0.309007,328.12,0.013875,4.6812,0.5271
-181,0.000063,0.308777,1118.19,1067.48,2625.00,0.666220,0.294118,-0.401994,0.356179,0.236754,-0.254963,-0.191238,0.255265,234.38,0.019967,5.7426,0.4863
-176,0.000073,0.173380,1200.08,1082.00,2718.75,0.689595,0.243137,-0.723197,0.239361,0.476844,-0.420439,0.041377,0.386054,375.00,0.019266,5.8867,0.3880
-171,0.000074,0.244642,1192.31,1071.35,2718.75,0.639336,0.176471,-0.733900,-0.019572,0.772671,-0.546322,0.087458,0.439665,328.12,0.028331,8.4659,0.3452
-165,0.000091,0.218935,1197.47,1082.74,2765.62,0.648994,0.152941,-1.070231,0.210351,0.806803,-0.379488,-0.009033,0.441598,328.12,0.037705,10.6225,0.3438
-160,0.000063,0.163877,1052.97,1032.23,2531.25,0.612467,0.274510,-0.786707,0.233346,0.774501,-0.181941,-0.290665,0.251468,328.12,0.036991,10.4951,0.4361
-155,0.000058,0.246741,944.97,983.76,2296.88,0.550965,0.294118,-0.616859,0.558501,0.653070,-0.241091,-0.292888,-0.060735,281.25,0.031306,8.4112,0.5368
-149,0.000070,0.106656,1157.41,1082.17,2671.88,0.627931,0.207843,-1.149828,0.411573,0.624413,-0.029175,-0.227068,0.370084,234.38,0.029312,10.1265,0.3916
-144,0.000047,0.233887,1093.19,1125.66,2718.75,0.595877,0.403922,-0.050089,0.383392,0.250478,-0.464102,-0.375902,0.256224,234.38,0.015619,5.2844,0.5564
-139,0.000052,0.209493,1224.39,1104.61,2718.75,0.701382,0.364706,0.213933,0.140294,-0.288105,-0.515684,0.134654,0.314908,140.62,0.015785,6.4600,0.4881
-133,0.000045,0.268094,1484.16,1079.22,2812.50,0.820370,0.360784,-0.591793,0.125910,-0.312277,-0.230935,0.308365,0.700730,140.62,0.011578,5.0663,0.3236
-128,0.000049,0.279276,1427.51,1119.04,2812.50,0.806185,0.360784,-0.684978,0.128021,-0.002838,-0.173588,0.107269,0.626113,234.38,0.012024,4.6378,0.3441
-123,0.000050,0.174782,1380.58,1085.13,2671.88,0.801260,0.356863,-0.287924,-0.055973,-0.296880,-0.074742,0.152917,0.562601,234.38,0.006677,2.7621,0.3706
-117,0.000051,0.195901,1540.39,1126.39,2906.25,0.800878,0.411765,-0.341986,0.039292,-0.292201,-0.334090,0.147407,0.781579,140.62,0.008493,3.6622,0.3507
-112,0.000058,0.245955,1452.39,1134.56,2953.12,0.736020,0.239216,-0.349369,0.391727,-0.408750,-0.360045,0.023842,0.702595,140.62,0.015489,6.8493,0.4153
-107,0.000049,0.263510,1269.87,1136.25,2812.50,0.694298,0.435294,0.028191,0.435983,-0.361011,-0.461261,-0.153073,0.511171,140.62,0.019950,7.6845,0.5133
-101,0.000050,0.227506,1265.04,1073.45,2671.88,0.721379,0.305882,-0.482299,0.252914,0.051718,-0.294559,0.069850,0.402375,140.62,0.012802,5.0821,0.4132
-96,0.000062,0.183512,1433.18,1026.87,2671.88,0.820008,0.243137,-0.639317,-0.012321,-0.241453,-0.124011,0.352428,0.664674,234.38,0.008893,3.8458,0.3027
-91,0.000068,0.339619,1274.76,1069.81,2718.75,0.708335,0.278431,-0.550351,0.264071,-0.080174,-0.193091,0.124434,0.435110,234.38,0.017215,6.3531,0.3958
-85,0.000073,0.320981,1145.56,1057.91,2625.00,0.661174,0.192157,-0.780461,0.494608,0.324923,-0.166628,-0.144999,0.272559,234.38,0.029309,8.8559,0.4485
-80,0.000053,0.238438,1169.77,1061.41,2625.00,0.642985,0.392157,-1.167879,0.435617,0.694482,-0.187139,-0.135219,0.360140,234.38,0.029447,8.5146,0.3826
-75,0.000072,0.175708,1242.08,1124.37,2859.38,0.660805,0.239216,-0.631094,0.335637,0.481061,-0.326088,-0.311903,0.452386,281.25,0.023284,7.3388,0.4457
-69,0.000064,0.197549,1178.02,1073.94,2671.88,0.653136,0.262745,-0.507136,-0.057824,0.643203,-0.225154,-0.281097,0.428009,328.12,0.022808,7.8476,0.4119
-64,0.000074,0.261845,1193.09,1085.62,2718.75,0.670218,0.235294,-0.650673,0.169137,0.698308,-0.668385,0.018181,0.433429,375.00,0.026252,8.1758,0.3854
-59,0.000070,0.301108,1078.05,1049.30,2578.12,0.607680,0.235294,-0.426986,0.502070,0.589206,-0.909050,0.019308,0.225451,281.25,0.024040,6.3345,0.4788
-53,0.000060,0.166959,1070.69,1015.26,2390.62,0.635057,0.317647,-0.490834,0.337421,0.474495,-0.339632,-0.135128,0.153678,281.25,0.028000,8.0045,0.4785
-48,0.000098,0.207842,1143.29,1057.98,2578.12,0.693527,0.133333,-0.535725,0.287949,0.426003,-0.152698,-0.203316,0.177786,234.38,0.018292,5.8523,0.4722
-43,0.000088,0.318871,976.19,1042.47,2484.38,0.575540,0.243137,0.305868,0.380232,-0.034580,-0.256686,-0.332339,-0.062494,93.75,0.032073,9.1848,0.6319
-37,0.000127,0.289789,953.26,1047.88,2484.38,0.522098,0.149020,0.605494,0.779548,-0.654392,-0.523042,-0.244308,0.036700,93.75,0.046914,12.2946,0.6892
-32,0.000081,0.291237,807.75,1032.61,2343.75,0.427122,0.152941,0.877301,1.042991,-0.518476,-0.957853,-0.559345,0.115382,140.62,0.059382,13.3193,0.7653
-27,0.000099,0.163345,812.62,974.18,2109.38,0.518688,0.188235,0.455919,0.724722,-0.163236,-0.580105,-0.345810,-0.091489,187.50,0.041859,10.4949,0.6919
-21,0.000215,0.239829,889.54,1022.86,2296.88,0.533112,0.047059,0.327735,0.683322,0.060833,-0.682977,-0.309757,-0.079156,140.62,0.048717,11.4133,0.6682
-16,0.000189,0.402151,657.66,946.37,1687.50,0.354609,0.082353,0.733581,1.192872,0.198497,-1.093473,-0.759589,-0.271888,140.62,0.097400,15.1356,0.8144
-11,0.000217,0.223423,575.81,868.41,1265.62,0.334809,0.101961,0.966867,1.213382,-0.193756,-0.720239,-0.752066,-0.514187,140.62,0.128738,18.0536,0.8485
-5,0.000151,0.198026,680.12,880.98,1781.25,0.403399,0.050980,0.536841,1.014461,0.178824,-0.806071,-0.485413,-0.438642,140.62,0.118706,16.1452,0.7752
0,0.000103,0.197859,753.54,908.63,1968.75,0.451154,0.196078,0.330132,0.940531,0.071410,-0.557379,-0.464837,-0.319859,140.62,0.103115,13.3561,0.7365
5,0.003839,0.831395,732.47,633.44,1171.88,0.381194,0.023529,-0.725307,0.148715,0.730359,0.841416,0.096307,-1.091490,421.88,0.186255,4.4375,0.5521
11,0.007915,0.758971,717.88,568.39,1078.12,0.328508,0.031373,-0.596265,0.174218,0.650565,1.117406,-0.169315,-1.176608,328.12,0.867268,4.9860,0.6135
16,0.003747,0.473882,669.15,540.34,984.38,0.264877,0.035294,-0.612908,0.611687,0.654269,1.041044,-0.270364,-1.423728,796.88,2.212438,7.1501,0.6998
21,0.005154,0.175831,676.51,508.52,984.38,0.252984,0.023529,-0.528577,0.457083,0.714507,1.174465,-0.142555,-1.674923,843.75,2.105867,6.1463,0.7054
27,0.006388,0.122052,701.40,544.57,1125.00,0.300025,0.011765,-0.588691,0.233178,0.797514,1.016827,0.064629,-1.523458,375.00,1.779487,6.1157,0.6345
32,0.005510,0.194052,585.00,527.48,984.38,0.251645,0.023529,-0.191790,0.567144,0.928334,0.646200,-0.267322,-1.682565,328.12,2.673049,9.0539,0.7618
37,0.006293,0.130408,596.43,533.26,984.38,0.238056,0.019608,-0.095904,0.550158,0.817747,0.726563,-0.326813,-1.671750,328.12,2.026873,7.4685,0.7732
43,0.006085,0.263784,640.99,513.49,984.38,0.223937,0.023529,-0.191863,0.543364,0.634698,0.957196,-0.171742,-1.771653,796.88,2.213026,6.8727,0.7590
48,0.005262,0.132600,636.21,479.32,984.38,0.214812,0.019608,-0.121790,0.412761,0.668430,1.135194,-0.152942,-1.941654,140.62,2.199911,6.6801,0.7672
53,0.006922,0.166369,590.03,479.02,984.38,0.202256,0.007843,-0.119930,0.698905,0.632218,1.019423,-0.198505,-2.032111,140.62,2.264874,7.4387,0.8029
59,0.006050,0.196329,511.84,488.11,890.62,0.196624,0.031373,0.381814,0.903350,0.666773,0.606196,-0.381690,-2.176443,140.62,2.907185,10.1937,0.8723
64,0.004887,0.281183,534.88,473.82,890.62,0.189111,0.031373,0.036350,0.931463,0.875166,0.716845,-0.309834,-2.249990,281.25,2.221087,6.9144,0.8537
69,0.003720,0.200991,683.83,509.05,984.38,0.254589,0.035294,-0.611204,0.216644,0.879351,1.231702,-0.163539,-1.552955,796.88,2.334211,8.0452,0.6595
75,0.007159,0.173390,807.87,613.91,1218.75,0.403801,0.015686,-0.599881,-0.132241,0.378470,1.215238,0.045752,-0.907338,843.75,2.207275,8.4049,0.5162
80,0.006124,0.305329,627.11,519.96,937.50,0.252344,0.019608,-0.189012,0.531419,0.685394,0.947138,-0.286338,-1.688600,843.75,2.015618,6.2540,0.7611
85,0.005447,0.186812,538.63,457.20,890.62,0.169118,0.015686,0.293240,0.722024,0.856140,0.842555,-0.374654,-2.339305,328.12,2.472675,7.8479,0.8658
91,0.003863,0.108872,556.02,478.41,890.62,0.186159,0.015686,0.218792,0.625391,0.768074,0.767397,-0.242734,-2.136920,140.62,2.285893,8.5638,0.8337
96,0.005010,0.177626,574.03,462.92,890.62,0.194091,0.035294,0.017739,0.468050,0.901739,1.011911,-0.267289,-2.132150,515.62,1.839059,7.3314,0.8089
101,0.004119,0.224218,609.22,471.37,984.38,0.200864,0.031373,-0.100086,0.608460,0.824057,1.010504,-0.134978,-2.207957,515.62,1.526886,6.3639,0.8062
107,0.004504,0.239127,617.23,463.63,890.62,0.195543,0.019608,-0.611087,0.661884,1.044890,1.112939,-0.225130,-1.983496,843.75,1.594308,6.1995,0.7558
112,0.004467,0.062659,645.97,490.97,984.38,0.220947,0.015686,-1.060409,0.519399,1.090268,1.179761,-0.048464,-1.680554,328.12,1.480148,7.1672,0.6443
117,0.004481,0.235257,583.53,458.70,890.62,0.194094,0.023529,-0.513385,0.454568,1.177567,1.053289,-0.273680,-1.898358,328.12,2.030497,9.3732,0.7420
123,0.004442,0.159439,622.65,474.95,937.50,0.220842,0.023529,-0.371598,0.085817,0.976597,1.186727,-0.150394,-1.727149,562.50,1.864200,8.5015,0.6891
128,0.004183,0.258232,605.65,463.41,890.62,0.190072,0.019608,-0.347609,0.428132,0.952464,1.188647,-0.286156,-1.935478,515.62,1.674055,6.6874,0.7597
133,0.004198,0.196189,579.85,484.13,890.62,0.187788,0.015686,0.167449,0.793550,0.571076,0.936890,-0.361722,-2.107243,140.62,1.600395,6.9663,0.8475
139,0.004201,0.199741,567.97,482.35,984.38,0.188950,0.011765,-0.067129,0.726946,0.923183,0.617717,-0.195785,-2.004935,140.62,1.498094,7.0332,0.8069
144,0.004433,0.204766,607.67,494.17,1078.12,0.207540,0.019608,-0.508338,0.631861,0.859324,0.810583,0.016109,-1.809540,187.50,1.554822,7.5540,0.7228
149,0.003667,0.228210,611.46,466.21,1031.25,0.195484,0.027451,-0.328453,0.532852,0.891886,0.961283,0.025194,-2.082761,328.12,1.586049,7.2404,0.7560
155,0.002562,0.189213,614.01,444.20,937.50,0.179056,0.039216,-0.219820,0.431045,0.832151,1.197113,-0.103703,-2.136785,515.62,1.556970,7.1170,0.7731
160,0.003298,0.105211,663.85,465.32,1078.12,0.205859,0.023529,-0.495806,0.218508,0.893324,1.232312,0.021475,-1.869813,515.62,1.377260,7.6922,0.6869
165,0.004050,0.173150,681.77,521.86,1125.00,0.256861,0.015686,-0.471793,0.405678,0.645503,1.009292,0.070532,-1.659212,234.38,0.986230,6.4871,0.6816
171,0.004335,0.336102,541.90,486.25,890.62,0.196934,0.027451,0.200830,0.750380,0.838215,0.649882,-0.394679,-2.044628,140.62,1.248506,6.5273,0.8449
176,0.004793,0.220259,524.55,467.35,890.62,0.160691,0.027451,0.314484,0.784656,0.725484,0.618709,-0.276380,-2.166954,140.62,1.859356,9.0507,0.8546
181,0.002816,0.217448,569.66,455.72,890.62,0.165967,0.023529,0.140010,0.675820,0.720051,0.898569,-0.245004,-2.189445,140.62,1.902376,8.3719,0.8355
187,0.002055,0.176882,576.39,461.92,937.50,0.176922,0.015686,-0.222488,0.672972,0.991818,0.925538,-0.204632,-2.163210,328.12,1.444701,6.7056,0.8036
192,0.001611,0.041345,636.60,483.67,984.38,0.205333,0.027451,-0.365038,0.469863,0.823046,1.099967,-0.163732,-1.864106,515.62,0.970626,6.5217,0.7439
197,0.003186,0.138559,708.94,543.01,1218.75,0.273688,0.011765,-0.272401,0.377562,0.435112,0.932201,0.140785,-1.613259,140.62,0.624165,5.4436,0.6876
203,0.003372,0.281637,629.27,505.81,1171.88,0.217922,0.015686,-0.222512,0.570452,0.792567,0.811936,-0.016468,-1.935976,328.12,0.930910,6.8147,0.7595
208,0.003866,0.266312,587.81,464.04,937.50,0.185113,0.019608,-0.157349,0.665392,0.952795,0.864481,-0.199882,-2.125437,328.12,1.329277,7.7350,0.8048
213,0.003104,0.175293,566.32,444.05,890.62,0.174296,0.019608,-0.240197,0.621832,1.072310,0.973764,-0.402618,-2.025091,375.00,1.200513,7.2800,0.8029
219,0.001341,0.186393,538.14,430.08,843.75,0.158711,0.027451,-0.330796,0.812265,1.216287,1.047294,-0.568264,-2.176788,328.12,1.346459,7.4053,0.8339
224,0.001918,0.117137,624.09,496.36,1125.00,0.203534,0.027451,-0.495204,0.590305,0.847976,0.953103,-0.031741,-1.864440,281.25,0.812187,6.0543,0.7302
229,0.002076,0.116736,721.20,525.89,1171.88,0.245620,0.027451,-0.253443,0.311657,0.301330,1.053750,0.214370,-1.627664,750.00,0.566381,6.0856,0.6761
235,0.002944,0.296567,709.42,485.39,1078.12,0.230261,0.019608,-0.431508,0.158264,0.631916,1.292571,0.069110,-1.720353,843.75,0.797353,7.4556,0.6657
240,0.003728,0.281017,634.78,496.71,984.38,0.217920,0.007843,-0.519994,0.536584,0.963876,0.981448,-0.172138,-1.789776,328.12,1.057582,8.3350,0.7289
245,0.002455,0.324424,537.26,453.64,890.62,0.172566,0.015686,-0.016216,0.816785,0.977770,0.845023,-0.377062,-2.246300,234.38,1.077820,6.4200,0.8471
251,0.002116,0.121566,503.35,434.68,843.75,0.170328,0.023529,0.146345,0.826469,1.001850,0.813576,-0.643616,-2.144624,140.62,1.323080,8.2949,0.8677
256,0.001178,0.104312,570.33,485.81,890.62,0.221473,0.039216,-0.042257,0.818067,0.748800,0.813076,-0.401912,-1.935775,140.62,1.016242,8.1342,0.8259
261,0.001621,0.126886,690.32,511.62,1125.00,0.235533,0.027451,-0.035405,0.541338,0.153553,1.097551,0.096939,-1.853976,140.62,0.674680,7.5842,0.7561
267,0.002119,0.163164,706.40,504.33,1125.00,0.242999,0.019608,-0.155231,0.230305,0.476759,1.121467,0.090589,-1.763888,843.75,0.649260,7.9531,0.7056
272,0.002975,0.296064,599.67,470.55,890.62,0.203085,0.015686,0.015093,0.240881,0.908396,1.065214,-0.306104,-1.923479,328.12,0.789597,8.1533,0.7760
277,0.002591,0.325160,524.41,438.73,843.75,0.160861,0.011765,0.149464,0.671777,0.986372,0.937257,-0.502832,-2.242038,140.62,0.914768,6.8736,0.8561
283,0.001552,0.161899,519.52,464.77,843.75,0.179416,0.027451,0.110635,0.836630,0.891306,0.677641,-0.437248,-2.078964,140.62,1.156456,8.3328,0.8496
288,0.001299,0.124779,600.18,509.04,984.38,0.222554,0.027451,0.042254,0.710231,0.657420,0.714634,-0.311625,-1.812914,140.62,0.861698,8.7865,0.8082
293,0.001852,0.141508,633.05,509.59,1031.25,0.233368,0.023529,0.023745,0.536113,0.452279,0.930734,-0.114000,-1.828870,843.75,0.535962,6.2042,0.7775
299,0.001785,0.171310,612.41,490.77,1031.25,0.202180,0.023529,-0.085505,0.609154,0.623206,0.918486,-0.106771,-1.958570,234.38,0.503074,5.9092,0.7849
304,0.001706,0.264559,602.49,468.36,937.50,0.196111,0.019608,-0.175085,0.439668,0.844145,1.070735,-0.227838,-1.951626,328.12,0.640582,6.4798,0.7724
309,0.002401,0.123035,611.39,454.20,890.62,0.195447,0.015686,-0.280575,0.114376,1.052748,1.203016,-0.203169,-1.886395,328.12,0.697722,7.4698,0.7235
315,0.001832,0.355241,553.96,485.27,937.50,0.189251,0.015686,0.230621,0.713513,0.696801,0.707231,-0.320686,-2.027480,140.62,0.803282,8.1459,0.8384
320,0.001569,0.220629,506.22,478.57,937.50,0.172336,0.019608,0.540262,1.051361,0.352794,0.564572,-0.327407,-2.181582,140.62,1.208283,12.1791,0.8860
325,0.001289,0.100409,563.91,488.85,937.50,0.194102,0.031373,0.336412,0.776113,0.409972,0.718759,-0.264127,-1.977129,140.62,0.972663,11.0376,0.8425
331,0.001777,0.130576,615.26,507.29,1031.25,0.213720,0.023529,0.259352,0.563997,0.349671,0.890790,-0.227502,-1.836308,140.62,0.629337,8.8910,0.8090
336,0.001599,0.306935,594.09,457.17,890.62,0.197152,0.015686,-0.087040,0.446304,0.814391,1.150075,-0.357425,-1.966305,328.12,0.520666,5.9133,0.7927
341,0.001189,0.218707,579.68,444.42,890.62,0.177961,0.035294,-0.664588,0.545979,1.269930,1.082017,-0.252509,-1.980829,328.12,0.734281,8.3535,0.7422
347,0.002006,0.202969,586.58,489.27,1031.25,0.211576,0.015686,0.002607,0.568733,0.807149,0.712408,-0.132747,-1.958149,375.00,0.503402,6.9762,0.7910
352,0.001716,0.255777,556.87,489.47,890.62,0.196154,0.023529,0.345327,0.941319,0.283885,0.819266,-0.346922,-2.042876,140.62,0.894224,11.7521,0.8627
357,0.001512,0.208207,501.72,462.95,843.75,0.163459,0.019608,0.651637,1.033538,0.134067,0.860049,-0.527541,-2.151751,140.62,1.094018,13.9656,0.8986
363,0.001241,0.168408,555.89,470.15,937.50,0.167461,0.031373,0.636091,0.839467,-0.006237,1.029205,-0.346551,-2.151976,140.62,0.915526,11.7836,0.8794
368,0.001285,0.235747,573.78,478.07,937.50,0.204019,0.019608,0.243256,0.574093,0.652383,0.892563,-0.273416,-2.088879,140.62,0.618797,8.8491,0.8306
373,0.001038,0.208649,559.83,480.13,890.62,0.196871,0.023529,-0.114630,0.647597,1.055286,0.801165,-0.460315,-1.929103,328.12,0.549276,8.6617,0.8117
379,0.001359,0.199758,597.93,504.80,890.62,0.224034,0.019608,-0.108330,0.583663,0.780752,0.955438,-0.438575,-1.772948,140.62,0.345766,5.7007,0.7931
384,0.001007,0.231364,620.55,517.49,984.38,0.236860,0.031373,0.023322,0.683210,0.271233,1.012059,-0.168881,-1.820943,140.62,0.530045,9.0303,0.7938
389,0.001092,0.178409,590.43,488.01,937.50,0.198049,0.019608,0.189237,0.873786,0.316667,0.954280,-0.307691,-2.026278,140.62,0.599504,9.9327,0.8453
395,0.001287,0.123634,571.38,496.76,890.62,0.203199,0.027451,0.376828,0.725613,0.321782,0.958820,-0.393030,-1.990012,140.62,0.578898,12.3826,0.8510
400,0.001041,0.299477,530.78,470.53,843.75,0.189458,0.035294,0.331984,0.795014,0.695365,0.869349,-0.598508,-2.093204,140.62,0.612908,10.3884,0.8709
#END {"type":"keypress","session_id":"piano_b2a0d275b8479bf7","ms":38278,"path":"/raw_B0_r01_37623.csv","rows":115}

----- END /raw_B0_r01_37623.csv -----
----- BEGIN /raw_B0_r02_40487.csv (17684 bytes) -----
#BEGIN {"type":"keypress","session_id":"piano_b2a0d275b8479bf7","ms":40686,"key":"B0","rep":2,"reps_per_key":2,"fs_hz":48000,"hop":256,"n_fft":1024,"fmin":50.0,"fmax":3500.0,"lead_ms":150,"pre_ms":60,"post_ms":400,"stored_pre_ms":210,"pre_frames":40,"post_frames":75,"path":"/raw_B0_r02_40487.csv"}
ms_from_event,rms,flux,centroid_hz,spread_hz,rolloff85_hz,flatness,zcr,band0,band1,band2,band3,band4,band5,peak_hz,peak_mag,peak_ratio,low_dom
-208,0.000055,0.238688,1061.78,1055.57,2625.00,0.599921,0.380392,-0.790846,0.670955,0.457191,-0.045037,-0.444548,0.152286,234.38,0.041938,10.0035,0.5215
-203,0.000081,0.172463,1056.03,1030.40,2484.38,0.631511,0.180392,-0.502756,0.432266,0.428246,-0.221717,-0.247195,0.111156,234.38,0.025097,6.7385,0.5082
-197,0.000098,0.166234,1177.04,1030.29,2625.00,0.635818,0.164706,-1.053243,0.119840,0.706944,-0.149157,-0.023840,0.399458,328.12,0.027104,8.3877,0.3420
-192,0.000091,0.336353,948.37,982.16,2296.88,0.536304,0.129412,-0.834570,0.747669,0.827356,-0.550185,-0.274392,0.084122,281.25,0.045190,10.8035,0.5129
-187,0.000112,0.162242,938.42,1022.55,2390.62,0.491662,0.125490,-0.579935,0.666953,0.786358,-0.386381,-0.586644,0.099651,281.25,0.044462,11.2134,0.5713
-181,0.000061,0.254305,903.90,1044.67,2437.50,0.465007,0.235294,-0.621390,0.785300,0.876949,-0.454984,-0.571729,-0.014146,281.25,0.052527,12.1252,0.5926
-176,0.000079,0.160557,959.49,1044.28,2531.25,0.509851,0.219608,-0.595756,0.731532,0.660351,-0.314376,-0.540647,0.058894,281.25,0.042750,10.4203,0.5766
-171,0.000065,0.194131,1083.42,1045.97,2531.25,0.635842,0.274510,-0.599993,0.277186,0.503390,-0.080948,-0.252031,0.152395,281.25,0.027155,6.6942,0.4721
-165,0.000071,0.200827,1236.81,1108.86,2718.75,0.675155,0.196078,-0.451155,0.334520,0.225184,-0.219323,-0.185456,0.296229,234.38,0.025218,6.9637,0.4716
-160,0.000071,0.222753,1135.14,1076.25,2625.00,0.648851,0.141176,-0.061896,0.321573,-0.243067,-0.129536,-0.095219,0.208144,234.38,0.018743,5.5548,0.5183
-155,0.000056,0.130405,1183.49,1067.73,2671.88,0.636455,0.321569,0.038088,-0.045441,-0.490242,0.140941,0.126228,0.230427,234.38,0.012770,4.7049,0.4546
-149,0.000055,0.176190,1089.60,1028.12,2390.62,0.643995,0.290196,-0.046268,0.172708,-0.206698,-0.054890,0.014677,0.120471,187.50,0.013824,5.0537,0.4989
-144,0.000067,0.220923,1129.30,1053.35,2531.25,0.658980,0.223529,-0.098071,0.273281,-0.213484,-0.054737,-0.138052,0.231061,187.50,0.015181,5.6028,0.5103
-139,0.000049,0.191996,1178.89,1066.46,2578.12,0.715668,0.372549,0.080566,0.169745,-0.418057,-0.004386,-0.047482,0.219614,140.62,0.018189,6.6152,0.5098
-133,0.000105,0.213648,1239.01,1098.80,2671.88,0.722894,0.105882,0.088376,0.043926,-0.553986,0.136818,-0.103577,0.388443,234.38,0.009304,3.1956,0.4809
-128,0.000080,0.370769,996.21,1056.84,2484.38,0.572201,0.137255,-0.050024,0.563275,0.101703,-0.066471,-0.602749,0.054265,140.62,0.028542,6.9640,0.6297
-123,0.000083,0.203072,934.28,1034.56,2437.50,0.551811,0.164706,0.025766,0.719616,0.148496,-0.220838,-0.628639,-0.044401,140.62,0.037957,8.7545,0.6702
-117,0.000060,0.139213,1034.84,1074.24,2625.00,0.596638,0.305882,0.146194,0.586309,-0.029219,-0.438757,-0.384525,0.119998,140.62,0.033595,9.1851,0.6221
-112,0.000068,0.261795,1079.40,1079.00,2625.00,0.663491,0.341176,-0.308392,0.487749,0.171135,-0.179374,-0.368226,0.197107,187.50,0.029374,7.2339,0.5437
-107,0.000065,0.149870,1256.14,1070.66,2765.62,0.728613,0.341176,-0.730953,-0.077064,0.292514,0.153328,-0.060703,0.422877,234.38,0.019052,5.3370,0.3578
-101,0.000049,0.170724,1223.52,1037.77,2671.88,0.684481,0.407843,-0.935840,-0.039803,0.477162,0.024607,0.117100,0.356775,281.25,0.021423,6.6033,0.3263
-96,0.000074,0.117891,1330.56,1069.19,2859.38,0.697155,0.145098,-0.801386,-0.103044,0.211063,0.058387,0.230679,0.404301,281.25,0.014670,5.5630,0.3165
-91,0.000060,0.320832,1244.55,1100.93,2765.62,0.710327,0.329412,0.079293,0.055139,-0.411814,-0.075202,0.029588,0.322995,234.38,0.007700,2.8166,0.4728
-85,0.000069,0.258367,1134.70,1065.15,2578.12,0.649628,0.337255,0.120411,0.064041,-0.508192,0.176948,-0.066192,0.212985,140.62,0.016933,5.3027,0.5047
-80,0.000056,0.229415,1285.09,1105.63,2765.62,0.712898,0.329412,-0.467306,0.213392,-0.239844,0.038256,-0.010908,0.466411,187.50,0.021513,6.6042,0.4122
-75,0.000058,0.217112,1229.21,1161.58,2859.38,0.684683,0.305882,0.135718,0.326603,-0.412952,-0.154599,-0.291852,0.397083,234.38,0.014389,4.5497,0.5445
-69,0.000073,0.140820,1197.16,1135.68,2859.38,0.610295,0.270588,0.219360,0.438829,-0.618879,-0.029099,-0.341999,0.331789,93.75,0.024023,8.6553,0.5828
-64,0.000052,0.258386,1226.73,1152.16,2906.25,0.668983,0.309804,0.384345,0.417571,-0.828020,-0.220998,-0.173533,0.420635,140.62,0.028137,8.8281,0.5689
-59,0.000081,0.169862,1267.18,1101.93,2859.38,0.681457,0.133333,0.168009,0.223104,-0.724645,-0.145423,0.141277,0.337677,93.75,0.027012,8.9124,0.4890
-53,0.000074,0.255430,1081.28,1054.89,2531.25,0.628689,0.215686,0.108255,0.423204,-0.418037,-0.105255,-0.141911,0.133744,140.62,0.024321,7.3247,0.5670
-48,0.000107,0.253304,1077.15,1102.28,2671.88,0.598858,0.141176,-0.036694,0.574802,0.063102,-0.367273,-0.368054,0.134117,140.62,0.033662,8.9086,0.5953
-43,0.000060,0.225761,972.88,1070.50,2484.38,0.531199,0.341176,-0.021219,0.687557,0.254715,-0.378274,-0.526588,-0.016192,140.62,0.040909,9.3165,0.6467
-37,0.000077,0.173084,808.48,952.56,1828.12,0.484110,0.223529,0.173351,0.634462,0.163196,-0.142629,-0.399397,-0.428983,140.62,0.031251,7.6844,0.6938
-32,0.000057,0.246316,1001.50,1020.66,2390.62,0.558769,0.313726,-0.518371,0.373489,0.631780,-0.157715,-0.339664,0.010482,281.25,0.028794,9.0874,0.5230
-27,0.000070,0.208845,1111.84,1062.30,2578.12,0.620070,0.266667,-0.637010,0.244950,0.622792,-0.070287,-0.437330,0.276885,328.12,0.028733,8.2360,0.4711
-21,0.000078,0.251962,1142.14,1054.37,2671.88,0.671324,0.254902,-0.414303,0.074482,0.275522,0.197654,-0.384655,0.251300,281.25,0.016554,4.3798,0.4742
-16,0.000058,0.239431,1026.65,1038.44,2578.12,0.601145,0.250980,-0.493635,0.434035,0.503865,-0.056527,-0.499231,0.111490,234.38,0.023448,5.6197,0.5409
-11,0.000082,0.109867,1213.18,1123.76,2812.50,0.662385,0.290196,-0.499059,0.392951,0.345773,-0.450650,-0.209860,0.420843,187.50,0.018712,5.9320,0.4604
-5,0.000141,0.268704,1194.12,1157.69,2812.50,0.647387,0.160784,-0.118405,0.385560,0.324078,-0.448594,-0.571656,0.429017,140.62,0.020699,5.7197,0.5510
0,0.000175,0.424198,845.17,1017.09,2296.88,0.508127,0.035294,0.437598,0.671890,0.152910,-0.567782,-0.632337,-0.062279,140.62,0.052393,9.2351,0.7114
5,0.006412,0.949062,828.16,746.45,1500.00,0.549071,0.015686,-0.523743,0.198099,0.410423,0.539711,0.089610,-0.714100,234.38,0.454937,4.0847,0.5373
11,0.005381,0.632486,750.77,689.28,1265.62,0.443297,0.035294,-0.459586,0.383317,0.478950,0.575460,-0.016217,-0.961923,187.50,1.460537,4.8969,0.6109
16,0.008818,0.185847,725.70,591.41,1125.00,0.321551,0.031373,-0.386531,0.243782,0.527411,0.979510,-0.133907,-1.230265,796.88,2.465249,8.2376,0.6481
21,0.005116,0.278235,699.97,525.99,937.50,0.254046,0.027451,-0.397733,0.401858,0.479961,1.259404,-0.283852,-1.459636,796.88,3.545356,10.0422,0.7055
27,0.005519,0.160391,711.98,512.58,1031.25,0.267567,0.019608,-0.221726,0.172989,0.491057,1.284790,-0.084937,-1.642172,843.75,3.019432,8.3422,0.6983
32,0.005529,0.175203,722.02,550.16,1125.00,0.288277,0.023529,-0.504912,0.086088,0.722692,1.028591,0.085513,-1.417973,843.75,2.232952,7.2252,0.6123
37,0.006073,0.161667,631.65,546.11,984.38,0.276376,0.019608,-0.215760,0.219460,0.869600,0.855950,-0.302822,-1.426429,328.12,2.724338,9.6630,0.7040
43,0.007305,0.220594,634.91,528.18,1078.12,0.238372,0.023529,-0.038470,0.361953,0.680058,0.831751,-0.209826,-1.625467,328.12,2.137509,6.9400,0.7464
48,0.005755,0.252901,695.62,518.42,1078.12,0.254698,0.023529,-0.271032,0.209855,0.488749,1.137985,-0.078862,-1.486696,796.88,2.726643,7.6141,0.6797
53,0.004218,0.143692,724.11,521.37,1078.12,0.267901,0.035294,-0.350350,0.261830,0.282493,1.169627,0.079327,-1.442927,843.75,2.639884,7.6355,0.6542
59,0.006695,0.147009,693.69,550.34,1125.00,0.275999,0.015686,-0.067156,0.476504,0.235004,0.928692,0.030976,-1.604020,140.62,2.336373,8.1941,0.7293
64,0.005871,0.221955,648.26,593.73,1218.75,0.295988,0.027451,0.146435,0.685290,0.197721,0.578313,0.004058,-1.611818,140.62,2.704355,9.0200,0.7720
69,0.004635,0.271653,644.19,558.48,1125.00,0.276230,0.007843,-0.107795,0.545682,0.537109,0.679437,-0.099202,-1.555231,140.62,2.337391,6.9094,0.7400
75,0.006438,0.164901,658.89,555.18,984.38,0.277717,0.015686,-0.020406,0.338621,0.473259,0.900817,-0.288576,-1.403714,140.62,2.053989,6.8425,0.7321
80,0.007383,0.258744,635.72,533.39,1125.00,0.256443,0.027451,-0.008802,0.628551,0.294017,0.803444,-0.029978,-1.687231,140.62,2.630258,8.5286,0.7629
85,0.004714,0.260908,612.79,479.63,984.38,0.188662,0.015686,0.134453,0.684934,0.293950,0.981409,-0.103263,-1.991485,140.62,2.886052,7.9784,0.8111
91,0.003240,0.163379,609.77,472.57,984.38,0.200899,0.023529,0.034086,0.588788,0.649496,0.945111,-0.095361,-2.122121,140.62,2.358582,6.8208,0.8054
96,0.003819,0.057268,664.49,542.07,1171.88,0.251979,0.031373,-0.165981,0.476612,0.611891,0.634878,0.150806,-1.708206,375.00,1.636365,7.3088,0.7179
101,0.005145,0.193661,687.75,526.14,1171.88,0.264019,0.035294,-0.407465,0.225927,0.783352,0.896681,0.116521,-1.615017,421.88,1.106318,5.3748,0.6589
107,0.004602,0.251249,688.29,512.10,1125.00,0.240254,0.027451,-0.231413,0.315352,0.562242,1.029590,0.022714,-1.698485,796.88,1.736292,7.3784,0.7068
112,0.003889,0.245292,648.34,481.84,937.50,0.210035,0.023529,-0.055902,0.525047,0.488877,1.173249,-0.276874,-1.854397,796.88,1.967520,7.1648,0.7859
117,0.003693,0.152123,663.69,515.58,984.38,0.256765,0.015686,-0.056250,0.298169,0.411127,1.141813,-0.183959,-1.610900,843.75,1.304127,5.6691,0.7347
123,0.003607,0.162992,622.23,514.20,1031.25,0.247051,0.015686,-0.354692,0.300181,0.887138,0.879637,-0.088297,-1.623967,328.12,1.610151,7.8292,0.6961
128,0.004110,0.236882,594.11,517.34,1078.12,0.239873,0.031373,-0.025219,0.543266,0.762555,0.610241,-0.006292,-1.884551,375.00,1.558941,7.2767,0.7693
133,0.004002,0.254758,667.60,493.31,1031.25,0.222910,0.019608,-0.215547,0.327761,0.775807,1.035822,0.115412,-2.039255,843.75,1.154588,5.2493,0.7346
139,0.003148,0.196968,679.98,472.41,984.38,0.195560,0.023529,-0.244765,0.391596,0.640814,1.239567,-0.007129,-2.020083,843.75,1.453370,6.5524,0.7478
144,0.002845,0.129232,641.94,485.93,1031.25,0.212795,0.015686,-0.201490,0.323496,0.760895,1.072202,-0.121927,-1.833176,375.00,1.192005,6.1420,0.7386
149,0.003602,0.185585,695.76,529.66,1125.00,0.249042,0.027451,-0.520306,0.294891,0.748542,0.897689,0.247099,-1.667915,328.12,1.120482,6.9304,0.6451
155,0.003744,0.254806,723.91,521.51,1171.88,0.263516,0.035294,-0.860474,0.067372,0.944403,1.038669,0.452097,-1.642066,328.12,1.461733,8.0180,0.5494
160,0.003163,0.227623,708.86,479.62,1031.25,0.232172,0.023529,-0.621657,-0.096345,0.876102,1.377413,0.143483,-1.678995,796.88,1.344837,7.0633,0.6008
165,0.004043,0.208759,659.73,473.82,937.50,0.199767,0.023529,-0.132112,0.249460,0.704124,1.233578,-0.122197,-1.932853,843.75,1.339147,7.2411,0.7477
171,0.002943,0.258555,577.37,500.18,1078.12,0.190252,0.027451,0.383425,0.693422,0.403957,0.742229,-0.129626,-2.093408,140.62,1.567859,8.3486,0.8389
176,0.004052,0.193001,574.48,500.03,1078.12,0.201772,0.007843,0.416970,0.640311,0.524200,0.674468,0.017749,-2.273698,140.62,1.905844,10.3283,0.8398
181,0.003739,0.169413,569.61,492.61,984.38,0.217489,0.023529,0.127195,0.746552,0.600637,0.754917,-0.133508,-2.095793,140.62,1.729667,9.7543,0.8251
187,0.002149,0.256754,602.38,480.08,890.62,0.195302,0.023529,-0.148644,0.676384,0.777021,1.003687,-0.358985,-1.949464,328.12,1.449737,7.2367,0.8050
192,0.003068,0.167917,694.54,492.34,1125.00,0.222948,0.015686,-0.418420,0.148241,0.875779,1.145589,0.108878,-1.860066,375.00,1.155657,6.7481,0.6771
197,0.001683,0.268984,634.17,494.46,1078.12,0.225337,0.019608,-0.215111,0.519242,0.736552,0.912462,0.047571,-2.000717,140.62,0.964035,5.8485,0.7556
203,0.002773,0.107797,623.17,508.88,1078.12,0.224830,0.035294,-0.200136,0.682377,0.664347,0.766965,0.140211,-2.053765,140.62,0.832339,6.6270,0.7682
208,0.003791,0.322058,693.09,482.50,1078.12,0.225470,0.015686,-0.504223,0.099571,0.880890,1.195349,0.133705,-1.805294,375.00,0.850191,6.7225,0.6533
213,0.003212,0.328459,638.67,488.57,984.38,0.215728,0.015686,-0.221312,0.454646,0.735106,1.038710,-0.102583,-1.904568,328.12,1.131080,6.8555,0.7540
219,0.002814,0.236811,551.34,444.63,890.62,0.165989,0.019608,-0.118760,0.797443,0.984620,0.871465,-0.384970,-2.149798,328.12,1.411260,7.7402,0.8330
224,0.002199,0.129386,603.12,449.52,937.50,0.194313,0.015686,-0.298030,0.398340,1.048147,1.092968,-0.173270,-2.068155,328.12,1.234973,8.0860,0.7633
229,0.002751,0.187295,595.76,496.03,984.38,0.219767,0.027451,-0.408518,0.643913,0.875428,0.871982,-0.121476,-1.861329,187.50,1.093473,8.3856,0.7520
235,0.002780,0.302825,578.63,489.31,890.62,0.197134,0.031373,0.065312,0.868964,0.552051,0.875095,-0.386984,-1.974438,187.50,1.016856,7.5125,0.8386
240,0.002598,0.221089,624.47,477.94,937.50,0.203650,0.011765,0.128883,0.508906,0.650700,0.987072,-0.218656,-2.056905,843.75,0.975256,6.9903,0.8110
245,0.003125,0.208709,602.89,472.07,937.50,0.190361,0.031373,0.168753,0.502758,0.663264,1.024755,-0.186037,-2.173494,140.62,0.984997,7.1447,0.8199
251,0.001950,0.191397,562.59,468.02,937.50,0.180308,0.019608,0.124288,0.663451,0.880049,0.750219,-0.168008,-2.250000,328.12,1.245306,8.6141,0.8324
256,0.001840,0.109885,516.00,461.90,890.62,0.180823,0.027451,0.059911,0.814606,0.980103,0.550723,-0.369790,-2.035553,328.12,1.136905,9.1446,0.8375
261,0.001927,0.219583,645.12,492.04,1125.00,0.219407,0.043137,0.019026,0.394836,0.659742,0.951229,-0.079789,-1.945044,140.62,0.737207,6.9281,0.7719
267,0.001765,0.215411,674.32,499.00,1125.00,0.224484,0.019608,-0.336810,0.541877,0.519587,1.119910,0.035513,-1.880076,796.88,0.659880,6.4045,0.7359
272,0.001806,0.243415,609.28,483.10,984.38,0.222634,0.027451,-0.298766,0.504288,0.911315,0.919455,-0.120852,-1.915441,328.12,0.773952,7.3955,0.7542
277,0.003353,0.163152,614.24,496.96,1031.25,0.227672,0.027451,-0.081312,0.181047,0.913528,0.902537,-0.061991,-1.853809,328.12,0.887238,9.6889,0.7326
283,0.002573,0.295908,531.45,475.62,890.62,0.190521,0.015686,0.325484,0.691409,0.815806,0.627396,-0.242821,-2.217274,328.12,1.090807,8.9354,0.8505
288,0.001540,0.251122,517.82,454.94,890.62,0.168801,0.027451,0.466420,0.845567,0.709331,0.725888,-0.453101,-2.294105,140.62,1.337685,9.3359,0.8839
293,0.001606,0.065088,571.63,471.17,890.62,0.187742,0.023529,0.347131,0.655519,0.519588,0.971640,-0.386699,-2.107178,140.62,1.035636,9.2401,0.8517
299,0.001508,0.137881,641.48,534.38,1171.88,0.234405,0.015686,0.281721,0.589017,0.068426,0.827353,0.054153,-1.820670,140.62,0.819878,9.8905,0.7890
304,0.001908,0.225576,565.40,506.43,1078.12,0.206748,0.019608,0.119929,0.654541,0.732564,0.536087,-0.168528,-1.874593,328.12,0.646356,7.4893,0.8036
309,0.002753,0.193880,594.70,454.81,890.62,0.190155,0.019608,-0.481134,0.362407,1.112766,1.086632,-0.226013,-1.854657,328.12,0.763973,9.3523,0.7273
315,0.001868,0.346333,552.96,428.48,843.75,0.152775,0.011765,-0.054058,0.742079,0.942060,1.115702,-0.562345,-2.183438,328.12,0.903190,8.0749,0.8477
320,0.002207,0.150458,543.57,446.32,890.62,0.140229,0.007843,0.211986,0.830987,0.826869,0.762909,-0.310471,-2.322280,140.62,1.061290,9.3130,0.8627
325,0.001679,0.182292,497.67,476.79,937.50,0.154031,0.007843,0.743081,0.936092,0.394062,0.501792,-0.259462,-2.315565,140.62,1.223973,13.1911,0.8935
331,0.001328,0.134356,473.15,488.00,890.62,0.169448,0.023529,0.783817,1.063065,0.227599,0.428367,-0.358619,-2.144229,140.62,1.135803,13.3666,0.8980
336,0.001857,0.221215,569.52,500.09,937.50,0.203053,0.023529,0.181571,0.636263,0.664598,0.690330,-0.242316,-1.930446,140.62,0.679772,9.2852,0.8169
341,0.001631,0.315620,605.75,455.42,984.38,0.174440,0.019608,-0.123067,0.492801,0.871187,0.985554,-0.040659,-2.185816,328.12,0.716150,8.3631,0.7855
347,0.002305,0.150622,591.92,447.98,984.38,0.173506,0.007843,-0.195016,0.424025,1.091433,0.892866,-0.024520,-2.188788,328.12,0.821499,10.0150,0.7723
352,0.001269,0.293998,479.89,443.39,796.88,0.159187,0.015686,0.326541,0.964706,0.930672,0.485698,-0.349746,-2.357871,140.62,0.800933,8.6400,0.8807
357,0.001835,0.082300,460.98,465.67,796.88,0.164360,0.019608,0.606565,1.075369,0.613827,0.388878,-0.434508,-2.250131,140.62,1.068146,13.6214,0.8987
363,0.001958,0.229935,547.80,481.34,890.62,0.190109,0.023529,0.554994,0.848791,0.241342,0.825531,-0.364594,-2.106064,140.62,0.993124,13.0917,0.8740
368,0.001306,0.257930,554.77,473.18,890.62,0.172667,0.015686,0.498862,0.847829,0.262926,0.903706,-0.312166,-2.201158,140.62,0.937730,10.2353,0.8733
373,0.001205,0.137864,534.16,453.28,843.75,0.167384,0.011765,0.189486,0.805324,0.901313,0.774683,-0.352547,-2.318259,375.00,0.591990,7.5834,0.8621
379,0.001105,0.120827,578.93,453.53,890.62,0.183933,0.023529,-0.921563,0.414462,1.443395,0.960941,-0.074011,-1.823224,328.12,0.738884,13.4595,0.6671
384,0.001702,0.200825,624.16,473.82,1031.25,0.211791,0.015686,-0.575620,0.133545,1.083061,1.023577,0.180253,-1.844817,328.12,0.566804,10.7283,0.6482
389,0.001814,0.363778,567.85,458.61,890.62,0.185970,0.015686,0.170247,0.680767,0.653573,0.915761,-0.179863,-2.240484,140.62,0.533792,7.3217,0.8369
395,0.001162,0.237216,518.35,467.49,843.75,0.159411,0.019608,0.521633,1.097165,0.368907,0.840843,-0.540246,-2.288304,140.62,0.907824,12.3660,0.9024
400,0.001789,0.162420,476.13,460.84,796.88,0.158899,0.011765,0.633307,1.100396,0.515181,0.727991,-0.742491,-2.234384,140.62,0.956219,13.8437,0.9134
#END {"type":"keypress","session_id":"piano_b2a0d275b8479bf7","ms":41141,"path":"/raw_B0_r02_40487.csv","rows":115}

----- END /raw_B0_r02_40487.csv -----
=== KEY_DUMP_END key=B0 ===
NEXT: C1
PRESS C1  rep 1/2  then hit Enter

> REC OK: /raw_C1_r01_45372.csv
PRESS C1  rep 2/2  then hit Enter

> REC OK: /raw_C1_r02_47479.csv
=== KEY_DUMP_BEGIN key=C1 files=2 ===
----- BEGIN /raw_C1_r01_45372.csv (17707 bytes) -----
#BEGIN {"type":"keypress","session_id":"piano_b2a0d275b8479bf7","ms":45572,"key":"C1","rep":1,"reps_per_key":2,"fs_hz":48000,"hop":256,"n_fft":1024,"fmin":50.0,"fmax":3500.0,"lead_ms":150,"pre_ms":60,"post_ms":400,"stored_pre_ms":210,"pre_frames":40,"post_frames":75,"path":"/raw_C1_r01_45372.csv"}
ms_from_event,rms,flux,centroid_hz,spread_hz,rolloff85_hz,flatness,zcr,band0,band1,band2,band3,band4,band5,peak_hz,peak_mag,peak_ratio,low_dom
-208,0.000068,0.192890,1164.27,1080.97,2718.75,0.623868,0.286275,-0.842684,0.285604,0.779872,-0.448953,-0.195938,0.422099,281.25,0.024810,7.7249,0.4033
-203,0.000076,0.175140,1318.03,1134.87,2859.38,0.642792,0.203922,-1.111030,0.012410,0.891824,-0.512290,-0.037943,0.757030,328.12,0.031294,10.5136,0.2872
-197,0.000075,0.265131,1197.55,1120.70,2859.38,0.610505,0.235294,-1.060804,0.384662,0.776023,-0.456618,-0.116692,0.473429,281.25,0.033942,10.5211,0.3737
-192,0.000071,0.182713,1065.17,1083.30,2531.25,0.545645,0.266667,-0.628688,0.405838,0.730607,-0.399750,-0.288956,0.180950,281.25,0.035289,10.6754,0.4856
-187,0.000095,0.207581,1100.88,1081.68,2625.00,0.600415,0.094118,-0.550197,0.390332,0.394899,-0.193686,-0.192472,0.151123,234.38,0.023692,7.6351,0.4852
-181,0.000059,0.291475,1226.88,1148.49,2812.50,0.663627,0.298039,0.212255,0.043381,-0.517848,-0.151675,-0.001299,0.415186,187.50,0.014564,4.7435,0.4802
-176,0.000040,0.175980,1247.28,1149.46,2812.50,0.675155,0.419608,0.313154,-0.132787,-0.487915,-0.149550,-0.020458,0.477556,187.50,0.007713,2.6557,0.4655
-171,0.000051,0.147399,1431.70,1102.89,2906.25,0.789041,0.341176,-0.006331,-0.374255,-0.701080,0.055495,0.402432,0.623741,468.75,0.004270,1.9924,0.3311
-165,0.000051,0.225181,1422.61,1082.79,2765.62,0.790791,0.341176,-0.223470,0.040371,-0.526613,-0.225892,0.340024,0.595580,140.62,0.010511,5.1094,0.3637
-160,0.000055,0.276536,1370.91,1110.73,2718.75,0.700703,0.431373,0.026313,-0.018650,-0.585039,-0.168299,0.101988,0.643687,2625.00,0.004989,2.0436,0.4088
-155,0.000063,0.211622,1454.25,1116.84,2906.25,0.719768,0.243137,-0.453651,-0.195994,-0.023373,-0.154609,0.124950,0.702680,234.38,0.008016,3.5530,0.3233
-149,0.000077,0.298297,1267.79,1137.14,2765.62,0.732254,0.203922,-0.268817,0.166900,-0.030908,-0.204039,-0.136294,0.473158,234.38,0.012498,4.8850,0.4454
-144,0.000063,0.245273,1015.81,1067.69,2390.62,0.597985,0.341176,0.100769,0.186468,0.042372,-0.144711,-0.320349,0.135452,187.50,0.017323,6.3838,0.5587
-139,0.000050,0.255685,1058.80,1062.11,2531.25,0.606452,0.356863,-0.260288,0.317684,0.334139,-0.230471,-0.326839,0.165774,187.50,0.017930,6.0034,0.5273
-133,0.000075,0.166944,1321.14,1105.08,2812.50,0.748317,0.188235,-0.560918,-0.030582,0.260529,-0.248975,0.049514,0.530432,281.25,0.010555,4.0515,0.3576
-128,0.000086,0.334582,1242.89,1117.63,2765.62,0.700043,0.215686,-0.642171,0.078074,0.412503,-0.087989,-0.142056,0.381638,328.12,0.016704,4.9954,0.4009
-123,0.000063,0.252870,1149.91,1080.09,2625.00,0.643848,0.329412,-0.637885,0.226462,0.526141,-0.161188,-0.327783,0.374252,328.12,0.030639,8.5708,0.4430
-117,0.000057,0.270373,964.21,1031.96,2390.62,0.563099,0.301961,-0.301474,0.470479,0.611943,-0.283748,-0.561468,0.064267,281.25,0.026312,6.4204,0.5825
-112,0.000074,0.087616,1112.51,1050.40,2484.38,0.614138,0.239216,-0.311050,0.177635,0.309832,-0.137488,-0.156508,0.117580,234.38,0.016256,5.7107,0.4882
-107,0.000074,0.239973,1256.76,1123.48,2765.62,0.648908,0.188235,0.103770,0.212355,-0.449036,-0.207340,-0.073907,0.414157,140.62,0.016901,6.2288,0.4970
-101,0.000049,0.302391,1184.24,1133.27,2765.62,0.630709,0.345098,0.405319,0.063292,-0.445662,-0.327279,-0.049022,0.353352,234.38,0.007393,2.4044,0.5205
-96,0.000049,0.167826,1254.07,1088.08,2578.12,0.690716,0.349020,0.147388,-0.292283,-0.243370,-0.325448,0.310493,0.403220,234.38,0.005420,2.1095,0.3943
-91,0.000059,0.198802,1296.64,1080.44,2671.88,0.761777,0.321569,-0.413411,-0.165949,0.089791,-0.117668,0.234719,0.372518,93.75,0.011077,4.8186,0.3559
-85,0.000063,0.242340,1193.31,1063.69,2671.88,0.690716,0.349020,-0.014311,0.152121,-0.211465,-0.161701,0.118852,0.116504,93.75,0.016892,7.2088,0.4878
-80,0.000048,0.294406,1130.02,1098.53,2531.25,0.628105,0.360784,0.412901,0.211755,-0.624668,-0.315180,0.097910,0.217282,1031.25,0.004948,1.8663,0.5386
-75,0.000045,0.186099,1298.13,1072.22,2718.75,0.741542,0.447059,-0.119443,-0.139565,-0.313010,-0.050963,0.289673,0.333309,281.25,0.005915,2.6003,0.3915
-69,0.000054,0.208590,1534.43,1086.16,2953.12,0.834896,0.278431,-0.555136,-0.381819,-0.317394,0.037073,0.435425,0.781852,187.50,0.005535,2.5958,0.2541
-64,0.000048,0.303709,1474.89,1155.70,3000.00,0.742904,0.419608,-0.484855,0.136093,-0.192509,-0.207822,0.095809,0.653284,187.50,0.012032,4.9297,0.3661
-59,0.000057,0.253108,1437.59,1113.53,2906.25,0.733627,0.360784,-0.474121,0.120172,-0.000527,-0.547952,0.363728,0.538698,140.62,0.012761,4.9194,0.3479
-53,0.000052,0.239679,1410.66,1069.06,2765.62,0.778086,0.392157,-1.016687,0.017255,0.338565,-0.138314,0.214725,0.584458,281.25,0.011628,4.3604,0.2892
-48,0.000057,0.210977,1357.56,1082.92,2718.75,0.768254,0.392157,-1.027977,0.190367,0.289544,-0.085225,0.052768,0.580523,234.38,0.015131,6.0257,0.3240
-43,0.000064,0.226217,1372.21,1098.68,2718.75,0.713077,0.278431,-0.745561,0.035180,0.379592,-0.133252,-0.131154,0.595196,234.38,0.014371,5.8887,0.3573
-37,0.000057,0.294514,1128.14,1099.40,2671.88,0.601104,0.345098,-0.378194,0.160872,0.499752,-0.154047,-0.405115,0.276733,328.12,0.015421,5.3515,0.4889
-32,0.000085,0.194149,1309.32,1109.23,2859.38,0.686621,0.156863,-0.639132,-0.518856,0.508375,0.167491,-0.122603,0.604724,328.12,0.018050,6.7870,0.3058
-27,0.000080,0.318944,1224.39,1114.48,2812.50,0.599359,0.176471,-1.351553,0.075481,1.018532,-0.027715,-0.357766,0.643018,328.12,0.030057,9.2741,0.3142
-21,0.000078,0.260958,1070.93,1073.13,2578.12,0.566273,0.192157,-0.584229,0.254499,0.850633,-0.407786,-0.437022,0.323904,328.12,0.039319,10.6386,0.4729
-16,0.000167,0.244425,1074.29,1060.66,2578.12,0.597835,0.094118,-0.377367,0.244241,0.528553,-0.188136,-0.425389,0.218095,281.25,0.029333,7.1047,0.5093
-11,0.000314,0.408488,791.86,983.32,2109.38,0.483976,0.058824,0.538205,0.832734,-0.014320,-0.577822,-0.603045,-0.175751,140.62,0.060266,11.1129,0.7455
-5,0.000364,0.426826,596.16,913.45,1546.88,0.348584,0.043137,1.151496,1.075000,-0.284328,-0.738059,-0.796988,-0.407121,93.75,0.142676,17.4933,0.8475
0,0.000209,0.348862,558.40,843.00,1218.75,0.303917,0.141176,1.100178,1.323366,-0.556064,-0.512196,-0.815845,-0.539441,140.62,0.197463,19.5151,0.8687
5,0.005387,0.868609,1028.15,759.95,1734.38,0.623639,0.027451,-0.753121,-0.207028,-0.221759,1.031572,0.439936,-0.289600,843.75,0.279767,3.9843,0.3646
11,0.005869,0.704311,816.01,677.82,1312.50,0.454855,0.015686,-0.890940,0.303492,0.407446,0.954046,-0.003617,-0.770426,843.75,1.124475,4.7888,0.5233
16,0.008102,0.361201,599.96,577.61,1078.12,0.280675,0.019608,0.255878,0.720470,0.334475,0.509190,-0.254393,-1.565621,140.62,2.229644,7.0887,0.8019
21,0.008062,0.282992,525.82,506.54,890.62,0.200588,0.019608,0.662752,0.718861,0.325977,0.646279,-0.413569,-1.940301,93.75,3.973448,11.3218,0.8662
27,0.004243,0.151666,537.18,490.71,890.62,0.180836,0.023529,0.608394,0.767385,0.288373,0.782163,-0.388049,-2.058267,93.75,3.935520,10.1307,0.8711
32,0.004298,0.094518,597.11,531.60,1078.12,0.224610,0.011765,0.360207,0.705610,0.321065,0.716756,-0.169889,-1.933749,140.62,2.687077,8.7967,0.8299
37,0.003777,0.103885,630.70,556.63,1125.00,0.255705,0.035294,0.102826,0.765574,0.227906,0.684832,-0.104911,-1.676226,140.62,2.052756,8.9611,0.7900
43,0.005388,0.147046,695.24,587.50,1218.75,0.298446,0.023529,-0.017108,0.606689,0.126859,0.688145,0.015787,-1.420372,843.75,1.450381,7.0731,0.7305
48,0.006618,0.344822,676.09,558.82,1218.75,0.283093,0.011765,-0.168033,0.426235,0.569047,0.800649,0.010193,-1.638091,796.88,1.364391,5.3138,0.7197
53,0.006741,0.333828,605.96,529.97,1125.00,0.226932,0.015686,0.497627,0.481814,0.257350,0.891845,-0.125236,-2.003400,93.75,2.929797,9.0042,0.8255
59,0.006223,0.150314,559.94,553.10,1125.00,0.218886,0.007843,0.868403,0.774587,-0.252629,0.653282,-0.108743,-1.934899,93.75,4.089697,13.7567,0.8633
64,0.004766,0.160565,549.62,535.25,1031.25,0.207943,0.015686,0.776205,0.843650,-0.089918,0.592881,-0.150235,-1.972584,140.62,3.253402,11.2713,0.8666
69,0.004327,0.177518,603.42,554.51,1031.25,0.236857,0.027451,0.343085,0.757294,0.078960,0.655688,-0.205389,-1.629638,140.62,2.794048,10.8953,0.8127
75,0.005967,0.232296,655.57,571.14,1218.75,0.288290,0.011765,0.071352,0.488669,0.431175,0.731691,-0.156197,-1.566690,140.62,2.086220,8.1508,0.7579
80,0.005591,0.230322,552.27,538.31,890.62,0.223281,0.015686,0.474845,0.789099,0.377450,0.576043,-0.355406,-1.862032,140.62,2.053761,7.6119,0.8508
85,0.005451,0.161414,541.76,528.02,937.50,0.217566,0.023529,0.726675,0.819327,0.007826,0.693623,-0.359702,-1.887750,93.75,2.897690,11.0804,0.8695
91,0.006251,0.260341,581.24,525.42,1125.00,0.196973,0.015686,0.439577,0.861540,-0.031984,0.660562,-0.078168,-1.851528,140.62,2.958746,11.5276,0.8342
96,0.003379,0.205581,590.98,500.62,1125.00,0.182568,0.027451,0.333780,0.722468,0.109841,0.774686,-0.091703,-1.849072,140.62,2.798777,9.3644,0.8174
101,0.004244,0.095956,628.29,503.97,1031.25,0.219885,0.027451,0.265401,0.447836,0.238138,0.992482,-0.219412,-1.724444,140.62,2.045102,8.2019,0.7906
107,0.003743,0.143161,646.49,539.17,1078.12,0.247164,0.015686,-0.098069,0.616498,0.396117,0.893631,-0.167874,-1.640303,843.75,1.711860,8.3957,0.7619
112,0.004198,0.251387,637.05,518.44,984.38,0.234853,0.035294,-0.267772,0.642328,0.463053,0.949469,-0.282488,-1.504590,234.38,1.502445,7.1729,0.7466
117,0.005107,0.183569,654.63,519.61,1125.00,0.220650,0.023529,0.088474,0.438313,0.148757,0.988924,-0.064985,-1.599483,796.88,1.662983,8.1335,0.7494
123,0.004319,0.244342,617.73,495.43,984.38,0.217418,0.015686,0.124091,0.607683,0.233512,1.041085,-0.131217,-1.875153,796.88,1.677235,6.8503,0.7972
128,0.003397,0.157792,586.23,486.29,890.62,0.197532,0.011765,0.117548,0.613513,0.492073,0.988046,-0.399451,-1.811730,140.62,1.719760,6.7402,0.8132
133,0.003898,0.100284,561.04,510.31,937.50,0.213633,0.023529,0.431035,0.650248,0.303017,0.848006,-0.496354,-1.735951,140.62,2.058582,9.8988,0.8398
139,0.002985,0.178890,626.12,543.29,1125.00,0.249793,0.027451,0.329541,0.692926,-0.074584,0.804999,-0.037080,-1.715803,140.62,1.887934,11.1458,0.8002
144,0.003011,0.262777,624.80,552.50,1078.12,0.231903,0.023529,0.244338,0.717596,0.110555,0.654849,-0.202043,-1.525294,796.88,1.387957,7.8301,0.7933
149,0.003600,0.100973,668.89,563.22,1078.12,0.265975,0.023529,-0.074439,0.590268,0.271083,0.862897,-0.241254,-1.408555,796.88,1.256114,8.0626,0.7470
155,0.003208,0.317538,626.93,535.42,1031.25,0.259901,0.035294,0.186646,0.621665,0.117563,0.975252,-0.185544,-1.715582,187.50,1.321005,7.7814,0.7949
160,0.003898,0.226028,634.69,518.39,1125.00,0.219470,0.007843,0.005687,0.424105,0.413648,0.938656,-0.068218,-1.713878,140.62,1.146142,6.4830,0.7514
165,0.003127,0.287270,550.33,500.38,1031.25,0.193805,0.023529,0.232097,0.861279,0.460655,0.587765,-0.181891,-1.959905,140.62,1.707237,8.5058,0.8345
171,0.002966,0.121914,594.25,536.15,1031.25,0.239752,0.023529,0.292010,0.852495,0.094082,0.725911,-0.179776,-1.784722,140.62,1.874374,11.7438,0.8256
176,0.002378,0.206302,584.91,557.76,1078.12,0.239061,0.019608,0.438144,0.859588,0.100461,0.528663,-0.345984,-1.580873,140.62,1.597447,10.3939,0.8337
181,0.002723,0.162678,653.59,574.44,1171.88,0.255408,0.011765,0.237378,0.617217,0.231013,0.481120,0.065199,-1.631926,140.62,1.205174,8.5649,0.7704
187,0.002795,0.213409,664.66,536.77,1171.88,0.257949,0.027451,0.071206,0.472100,0.392484,0.711417,0.174315,-1.821522,140.62,1.105067,7.4875,0.7494
192,0.003286,0.259249,623.08,515.32,1078.12,0.230316,0.031373,0.161073,0.426983,0.345788,0.815217,0.012474,-1.761535,93.75,1.115353,7.1376,0.7629
197,0.002552,0.172543,570.36,502.31,937.50,0.208363,0.011765,0.244406,0.677982,0.458031,0.812548,-0.367711,-1.825256,93.75,1.219240,7.5433,0.8260
203,0.003933,0.180756,610.45,559.01,1125.00,0.229627,0.011765,0.474133,0.865155,-0.058569,0.481467,0.050022,-1.812209,140.62,1.708524,12.8241,0.8250
208,0.002820,0.208257,576.08,557.90,1171.88,0.208989,0.011765,0.730272,0.907761,-0.185908,0.306749,0.190059,-1.948932,140.62,1.935423,13.5947,0.8453
213,0.003789,0.180045,543.77,551.77,1078.12,0.217120,0.015686,0.757917,0.870633,0.004388,0.376311,-0.026308,-1.982940,140.62,1.897900,12.8289,0.8604
219,0.002731,0.216872,530.52,505.93,984.38,0.203732,0.019608,0.511310,0.852868,0.473443,0.575165,-0.277569,-2.135216,140.62,1.897797,12.2775,0.8686
224,0.001986,0.156626,548.04,516.73,1078.12,0.200383,0.035294,0.488730,0.923806,0.307873,0.541218,-0.170173,-2.091454,140.62,1.760831,11.2992,0.8626
229,0.001295,0.155449,652.11,554.00,1171.88,0.239244,0.031373,0.266382,0.633025,0.254701,0.549726,0.290089,-1.993923,93.75,1.036633,7.9501,0.7861
235,0.002847,0.090968,712.90,547.63,1171.88,0.241326,0.003922,0.051110,0.570848,0.193184,0.656910,0.416705,-1.888756,140.62,0.660491,6.4994,0.7402
240,0.002617,0.290050,588.84,537.32,1078.12,0.226624,0.019608,0.468617,0.835769,-0.046472,0.653288,-0.003087,-1.908116,140.62,1.135390,10.2811,0.8331
245,0.002772,0.321227,557.91,510.52,1125.00,0.202009,0.023529,0.524690,0.744396,0.329881,0.607859,-0.026175,-2.180652,93.75,1.334668,9.7889,0.8504
251,0.003064,0.199029,566.61,494.74,1125.00,0.173682,0.019608,0.426841,0.784278,0.542323,0.562734,0.022756,-2.338931,140.62,1.338535,9.1609,0.8537
256,0.001675,0.172642,538.14,503.56,1078.12,0.173793,0.015686,0.454411,1.060369,0.330913,0.395093,0.002283,-2.243069,140.62,1.675845,12.8093,0.8674
261,0.001274,0.107475,562.12,520.80,1031.25,0.217919,0.023529,0.405338,0.832860,0.290853,0.568935,-0.187393,-1.910592,140.62,1.192787,10.7007,0.8413
267,0.001904,0.151248,708.24,557.19,1218.75,0.272223,0.031373,-0.053008,0.413568,0.287842,0.673219,0.333216,-1.654837,93.75,0.593581,7.1537,0.6987
272,0.002787,0.257475,670.66,549.08,1171.88,0.229668,0.015686,0.319379,0.676552,-0.090622,0.676807,0.377767,-1.959881,140.62,0.684090,8.0234,0.7840
277,0.002521,0.379531,552.52,516.72,1078.12,0.197894,0.007843,0.481591,0.863621,0.224908,0.477225,-0.010994,-2.036350,140.62,1.242100,10.4042,0.8450
283,0.003133,0.189160,517.44,511.14,1031.25,0.182892,0.015686,0.526320,0.883051,0.552400,0.349047,-0.315819,-1.994999,140.62,1.233006,10.8085,0.8653
288,0.002322,0.241989,508.78,500.12,984.38,0.183746,0.007843,0.523526,1.043305,0.363435,0.441278,-0.220754,-2.150791,140.62,1.680929,13.5536,0.8775
293,0.001454,0.128817,535.00,520.48,1125.00,0.190979,0.015686,0.553350,1.008378,0.108868,0.350864,-0.060908,-1.960551,140.62,1.718438,14.6813,0.8571
299,0.000888,0.083167,610.48,568.98,1125.00,0.229986,0.023529,0.467035,0.872759,-0.275019,0.382725,0.179664,-1.627164,140.62,1.078431,11.9389,0.8012
304,0.001956,0.205987,676.38,554.38,1125.00,0.270167,0.019608,-0.366677,0.594383,0.379124,0.768239,0.185935,-1.561005,187.50,0.512859,7.5946,0.6903
309,0.001493,0.301962,603.61,537.06,1078.12,0.240968,0.027451,0.215537,0.634549,0.341457,0.674895,-0.129627,-1.736811,140.62,0.580207,6.8977,0.7955
315,0.001477,0.171708,598.28,554.45,1125.00,0.241534,0.015686,0.292836,0.602457,0.458879,0.444507,-0.017875,-1.780804,93.75,0.684503,7.8938,0.7936
320,0.002095,0.161399,591.27,504.28,1125.00,0.195067,0.011765,0.195293,0.591759,0.522224,0.589447,0.119768,-2.018492,140.62,0.702021,8.6152,0.7930
325,0.001349,0.233083,567.70,543.66,1078.12,0.225881,0.035294,0.528976,0.787844,-0.010702,0.412688,0.044389,-1.763196,140.62,1.041621,12.8508,0.8202
331,0.001498,0.148411,531.48,552.04,1078.12,0.237218,0.015686,0.625317,0.924599,-0.074026,0.451492,-0.236408,-1.690975,140.62,1.008246,13.0093,0.8505
336,0.001332,0.295954,581.94,513.34,1125.00,0.206609,0.027451,0.156242,0.756726,0.636480,0.590959,-0.034823,-2.105583,140.62,0.562060,7.3970,0.8215
341,0.001176,0.154410,603.74,540.15,1125.00,0.230503,0.023529,-0.149052,0.748863,0.765803,0.266900,0.134635,-1.767149,234.38,0.578956,7.9532,0.7533
347,0.001096,0.213945,587.42,526.14,1078.12,0.224612,0.007843,0.081528,0.767189,0.411269,0.569279,-0.075345,-1.753920,187.50,0.537299,7.4831,0.7923
352,0.001796,0.124374,594.84,517.31,1031.25,0.220067,0.015686,-0.352807,0.742866,0.788774,0.717774,0.022531,-1.919139,187.50,0.431904,7.6306,0.7583
357,0.001507,0.339192,532.64,515.24,1031.25,0.206879,0.011765,0.270560,0.966304,0.516467,0.449904,-0.199964,-2.003271,187.50,0.594912,8.5415,0.8481
363,0.001481,0.269166,543.48,502.39,1078.12,0.180523,0.015686,0.516524,0.833102,0.228621,0.535846,-0.018717,-2.095376,140.62,0.923029,11.5279,0.8497
368,0.001080,0.082486,534.92,493.34,1078.12,0.164712,0.011765,0.469998,0.859364,0.534137,0.453831,-0.075051,-2.242279,140.62,0.834734,12.5290,0.8610
373,0.000769,0.226470,505.83,468.87,890.62,0.179780,0.019608,0.263696,0.931407,0.818984,0.580777,-0.424378,-2.170485,93.75,0.502612,7.0339,0.8693
379,0.000970,0.088402,562.15,539.93,1031.25,0.252122,0.035294,0.236363,0.673422,0.532862,0.529719,-0.158414,-1.813952,93.75,0.350162,6.8269,0.8086
384,0.001071,0.222274,648.34,549.18,1125.00,0.258795,0.019608,-0.358777,0.644249,0.525940,0.670313,0.206171,-1.687896,187.50,0.412869,8.8004,0.7076
389,0.001440,0.224615,572.06,491.35,1078.12,0.196727,0.007843,-0.192135,0.785983,0.691990,0.652448,0.056646,-1.994932,187.50,0.440155,7.9513,0.7801
395,0.001376,0.239548,482.77,480.54,890.62,0.179188,0.007843,0.647413,0.965939,0.333459,0.562141,-0.382800,-2.126153,140.62,0.700691,12.7996,0.8871
400,0.001033,0.197481,481.07,486.81,890.62,0.185665,0.015686,0.621381,1.069638,0.383474,0.533491,-0.474145,-2.133839,140.62,0.854067,14.3089,0.8956
#END {"type":"keypress","session_id":"piano_b2a0d275b8479bf7","ms":46021,"path":"/raw_C1_r01_45372.csv","rows":115}

----- END /raw_C1_r01_45372.csv -----
----- BEGIN /raw_C1_r02_47479.csv (17681 bytes) -----
#BEGIN {"type":"keypress","session_id":"piano_b2a0d275b8479bf7","ms":47679,"key":"C1","rep":2,"reps_per_key":2,"fs_hz":48000,"hop":256,"n_fft":1024,"fmin":50.0,"fmax":3500.0,"lead_ms":150,"pre_ms":60,"post_ms":400,"stored_pre_ms":210,"pre_frames":40,"post_frames":75,"path":"/raw_C1_r02_47479.csv"}
ms_from_event,rms,flux,centroid_hz,spread_hz,rolloff85_hz,flatness,zcr,band0,band1,band2,band3,band4,band5,peak_hz,peak_mag,peak_ratio,low_dom
-208,0.000139,0.169102,813.25,919.90,1968.75,0.481375,0.078431,-0.349350,0.827338,0.623974,-0.392555,-0.430669,-0.278738,281.25,0.062307,9.7296,0.6442
-203,0.000130,0.072846,808.27,916.59,1875.00,0.474444,0.054902,-0.478832,0.777226,0.775001,-0.353916,-0.403193,-0.316286,281.25,0.062516,11.3510,0.6246
-197,0.000130,0.195059,768.01,892.21,1781.25,0.454879,0.082353,-0.377122,0.890485,0.812153,-0.232574,-0.671174,-0.421768,281.25,0.071269,13.6156,0.6906
-192,0.000072,0.111927,756.90,883.51,1781.25,0.445875,0.243137,-0.527009,0.903565,0.832655,-0.174417,-0.599052,-0.435742,281.25,0.068563,13.3996,0.6694
-187,0.000126,0.200268,786.47,927.15,1875.00,0.439583,0.070588,-0.291500,0.880927,0.578299,-0.295988,-0.557852,-0.313888,234.38,0.048467,9.4948,0.6749
-181,0.000091,0.216079,872.56,996.75,2156.25,0.513536,0.168627,0.265377,0.837131,-0.213704,-0.277424,-0.489768,-0.121611,140.62,0.055714,12.0840,0.7020
-176,0.000128,0.249033,805.37,957.39,2062.50,0.497312,0.105882,0.138378,0.789285,0.357082,-0.273015,-0.741971,-0.269760,140.62,0.052003,10.2743,0.7251
-171,0.000117,0.245812,778.10,900.19,1734.38,0.466435,0.184314,-0.384392,0.833982,0.728493,-0.206781,-0.583486,-0.387816,281.25,0.063681,12.2759,0.6705
-165,0.000145,0.173985,832.03,910.83,2015.62,0.456416,0.113725,-0.311434,0.751361,0.557618,-0.305295,-0.429591,-0.262660,281.25,0.072129,13.5980,0.6379
-160,0.000124,0.206659,746.75,865.84,1781.25,0.424978,0.149020,-0.273312,0.902637,0.645790,-0.300861,-0.583859,-0.390394,281.25,0.074855,12.4400,0.6904
-155,0.000122,0.120930,752.33,892.13,1781.25,0.439107,0.152941,-0.200061,0.877322,0.632070,-0.305358,-0.623884,-0.380090,234.38,0.064944,11.0340,0.6986
-149,0.000146,0.166045,810.69,936.30,2109.38,0.478047,0.113725,0.151863,0.817565,0.108554,-0.289312,-0.517043,-0.271627,140.62,0.054616,11.0836,0.7066
-144,0.000124,0.272933,865.74,1007.23,2343.75,0.491084,0.105882,0.089375,0.785196,0.439232,-0.467334,-0.637897,-0.208572,140.62,0.060851,10.7131,0.7028
-139,0.000129,0.226850,786.12,959.26,1968.75,0.433499,0.070588,0.028525,0.940105,0.581492,-0.563579,-0.678831,-0.307710,281.25,0.066698,10.3852,0.7266
-133,0.000119,0.130538,756.60,885.43,1828.12,0.448048,0.078431,-0.122781,0.826362,0.673292,-0.361775,-0.559615,-0.455484,281.25,0.069845,12.1926,0.7025
-128,0.000138,0.156635,699.44,837.86,1500.00,0.421579,0.105882,-0.093195,0.838181,0.656815,-0.274967,-0.597971,-0.528863,281.25,0.064812,12.4935,0.7183
-123,0.000114,0.265373,760.64,899.77,1875.00,0.414670,0.184314,-0.727660,1.029295,0.795921,-0.299273,-0.461648,-0.336635,234.38,0.068145,13.1753,0.6341
-117,0.000111,0.228595,815.18,956.71,2062.50,0.464552,0.207843,-0.103714,0.851756,0.506353,-0.357557,-0.630345,-0.266494,281.25,0.057831,10.6479,0.6948
-112,0.000131,0.160529,802.19,983.49,2062.50,0.446077,0.129412,0.156788,0.926514,0.321827,-0.494819,-0.630548,-0.279762,140.62,0.059599,11.4775,0.7304
-107,0.000134,0.169187,812.03,952.93,2062.50,0.455939,0.058824,-0.065462,0.901204,0.303358,-0.283664,-0.603619,-0.251817,281.25,0.051438,9.6647,0.6996
-101,0.000128,0.268546,731.84,840.22,1640.62,0.435642,0.094118,-0.504555,0.877275,0.849593,-0.170489,-0.588306,-0.463518,281.25,0.073744,13.5972,0.6709
-96,0.000105,0.106381,831.60,921.69,1921.88,0.448116,0.149020,-0.786651,0.854081,0.899559,-0.304253,-0.362760,-0.299977,281.25,0.081611,17.4596,0.5903
-91,0.000145,0.132547,857.45,951.97,1968.75,0.454112,0.125490,-0.930523,0.837784,0.907277,-0.258933,-0.301405,-0.254199,281.25,0.075894,16.5902,0.5576
-85,0.000157,0.222355,805.71,939.28,1921.88,0.428227,0.101961,-0.330578,0.894126,0.718755,-0.430285,-0.525706,-0.326312,281.25,0.065569,13.0867,0.6699
-80,0.000128,0.359557,709.67,914.08,1828.12,0.420413,0.113725,0.384918,1.068017,0.173294,-0.557099,-0.681849,-0.387282,140.62,0.077834,12.0549,0.7792
-75,0.000112,0.111177,747.29,940.89,1921.88,0.436098,0.137255,0.450774,0.981718,-0.064393,-0.450165,-0.606432,-0.311501,140.62,0.079489,12.9718,0.7641
-69,0.000139,0.219517,771.57,915.57,1875.00,0.451244,0.082353,-0.168050,0.879492,0.672431,-0.372335,-0.645252,-0.366286,281.25,0.060441,12.6456,0.7030
-64,0.000103,0.201993,778.21,892.17,1734.38,0.449154,0.121569,-0.693662,0.871766,0.873203,-0.164529,-0.570105,-0.316673,281.25,0.074407,14.5155,0.6301
-59,0.000128,0.186039,864.27,997.26,2296.88,0.493911,0.105882,-0.379373,0.848437,0.672037,-0.314897,-0.696555,-0.129649,281.25,0.070401,13.0949,0.6565
-53,0.000120,0.119329,901.57,1033.13,2390.62,0.482482,0.129412,-0.508242,0.875784,0.730949,-0.447544,-0.588396,-0.062551,281.25,0.064385,12.7245,0.6246
-48,0.000148,0.215561,780.23,929.02,1875.00,0.451641,0.078431,-0.185088,0.993635,0.535736,-0.544687,-0.456910,-0.342685,234.38,0.056981,10.2975,0.6908
-43,0.000116,0.183432,824.65,941.76,2015.62,0.467640,0.192157,0.078810,0.872782,0.208815,-0.566349,-0.352268,-0.241792,140.62,0.063394,11.3526,0.6841
-37,0.000129,0.212072,923.43,1018.98,2390.62,0.526579,0.129412,-0.030396,0.803223,0.295948,-0.491154,-0.503003,-0.074616,140.62,0.056746,9.8378,0.6627
-32,0.000186,0.145756,825.53,970.77,2343.75,0.452646,0.070588,0.299978,0.810743,0.223794,-0.353855,-0.809996,-0.170664,140.62,0.058958,10.6278,0.7399
-27,0.000231,0.290225,664.90,900.44,1687.50,0.374551,0.019608,0.582254,1.117030,0.146098,-0.526895,-0.916807,-0.401680,140.62,0.099433,15.1204,0.8189
-21,0.000086,0.167619,599.49,875.02,1546.88,0.324244,0.200000,0.874424,1.190839,0.016552,-0.717263,-0.889325,-0.475228,140.62,0.123790,17.7425,0.8475
-16,0.000318,0.158361,668.83,921.79,1828.12,0.390182,0.058824,0.666349,1.118390,0.108876,-0.781491,-0.759772,-0.352352,93.75,0.091608,13.5716,0.8098
-11,0.000617,0.272940,648.92,909.24,1500.00,0.387744,0.023529,0.770973,1.043763,-0.342717,-0.249986,-0.726480,-0.495554,93.75,0.128581,16.0873,0.8203
-5,0.000508,0.516052,398.87,698.57,515.62,0.196844,0.043137,1.340182,1.501374,-0.087814,-0.589644,-1.320037,-0.844061,140.62,0.304238,20.0432,0.9243
0,0.000221,0.213087,400.33,671.44,562.50,0.212941,0.066667,1.244389,1.525611,-0.014351,-0.816214,-1.097063,-0.842371,140.62,0.346744,18.9958,0.9133
5,0.005674,0.752272,823.91,743.03,1359.38,0.528041,0.027451,-0.459695,0.149272,0.384829,0.468517,0.186540,-0.729463,140.62,0.335614,4.9748,0.5290
11,0.005685,0.716827,797.19,629.98,1218.75,0.390265,0.035294,-0.271100,0.113765,0.235584,0.687836,0.360729,-1.126814,93.75,0.951574,3.9952,0.5755
16,0.005099,0.307465,741.65,560.62,1218.75,0.274456,0.035294,-0.140097,0.367569,0.239815,0.681561,0.373179,-1.522027,843.75,2.055887,6.5172,0.6656
21,0.004505,0.131037,766.82,558.34,1218.75,0.277414,0.035294,-0.169730,0.333048,0.017432,0.898726,0.341359,-1.420835,843.75,2.632959,9.6692,0.6505
27,0.004971,0.131695,802.13,577.58,1218.75,0.294829,0.035294,-0.034992,0.287724,-0.358562,1.025831,0.311140,-1.231142,843.75,2.769129,10.6740,0.6425
32,0.007131,0.273388,803.90,526.58,1218.75,0.277883,0.011765,-0.736916,0.129818,0.109303,1.228189,0.504136,-1.234529,843.75,1.862286,6.6184,0.5154
37,0.009621,0.341903,651.60,521.22,1171.88,0.216740,0.015686,0.261295,0.471150,0.147243,0.790930,0.257838,-1.928456,140.62,2.242800,6.2332,0.7688
43,0.006307,0.226166,572.13,524.16,1171.88,0.194325,0.019608,0.645286,0.768516,0.053270,0.625039,-0.028135,-2.063977,93.75,4.207292,10.5949,0.8523
48,0.004381,0.063978,572.67,544.63,1171.88,0.203106,0.027451,0.698884,0.819921,0.004207,0.458658,0.019410,-2.001079,93.75,4.010083,11.6072,0.8520
53,0.005414,0.146875,617.81,551.48,1171.88,0.221817,0.011765,0.469445,0.855013,-0.055186,0.628260,0.100657,-1.998188,140.62,3.095325,10.9573,0.8335
59,0.005305,0.162909,667.30,536.57,1171.88,0.216354,0.023529,0.341822,0.704756,-0.087162,0.831280,0.186665,-1.977361,140.62,2.543351,9.7048,0.8051
64,0.005321,0.258043,669.80,522.63,1171.88,0.216647,0.027451,-0.008790,0.582136,0.254612,0.855529,0.230809,-1.914296,140.62,1.563293,5.3928,0.7555
69,0.007942,0.200517,731.66,576.32,1218.75,0.307654,0.015686,-0.303780,0.359636,0.236383,0.874913,0.241187,-1.408339,609.38,1.887974,5.9254,0.6483
75,0.005492,0.272763,718.85,636.48,1171.88,0.364230,0.019608,-0.207273,0.499994,0.115782,0.723273,0.000653,-1.132428,140.62,2.919879,7.2623,0.6709
80,0.005512,0.048933,666.00,596.58,1171.88,0.300900,0.015686,0.083488,0.671424,0.115302,0.519040,0.082283,-1.471537,140.62,3.265796,10.3175,0.7450
85,0.003153,0.144434,591.72,523.40,1171.88,0.207170,0.035294,0.281157,0.814219,0.278860,0.595176,0.032214,-2.001626,140.62,2.766535,9.5506,0.8224
91,0.006307,0.104917,632.19,524.47,1171.88,0.242128,0.027451,-0.098476,0.689765,0.517761,0.812286,-0.073098,-1.848238,234.38,1.350308,5.8640,0.7784
96,0.006280,0.227914,629.13,541.39,1171.88,0.237798,0.019608,0.154300,0.739487,0.330036,0.716302,-0.062643,-1.877481,93.75,1.690619,6.6971,0.8049
101,0.005874,0.342656,536.41,498.08,1125.00,0.165683,0.003922,0.507486,1.026585,0.262412,0.516558,-0.075734,-2.237307,140.62,2.962101,8.8166,0.8725
107,0.004044,0.041218,557.15,523.78,1125.00,0.184482,0.031373,0.579487,0.936249,0.202343,0.415136,0.023471,-2.156685,140.62,2.631248,10.0849,0.8611
112,0.004081,0.211033,563.23,520.37,937.50,0.218507,0.027451,0.291496,0.918668,0.317387,0.658306,-0.289628,-1.896229,140.62,2.566525,10.6996,0.8453
117,0.003387,0.178021,641.76,543.05,1171.88,0.244483,0.035294,0.381890,0.604533,-0.035815,0.841801,-0.145853,-1.646556,140.62,1.991914,9.5196,0.8005
123,0.003478,0.155311,704.73,535.46,1171.88,0.252006,0.043137,0.021037,0.390183,0.209794,0.792951,0.291303,-1.705268,843.75,1.307443,6.4396,0.7135
128,0.005148,0.210389,733.83,545.02,1218.75,0.275921,0.023529,-0.264450,0.394469,0.371368,0.745112,0.303843,-1.550343,281.25,1.155697,5.5690,0.6656
133,0.004731,0.316170,539.03,536.11,984.38,0.232190,0.023529,0.389052,0.918395,0.451361,0.370497,-0.304530,-1.824775,140.62,1.929778,8.1143,0.8479
139,0.004062,0.126437,554.17,525.98,937.50,0.208819,0.035294,0.513473,0.852774,0.269959,0.643692,-0.409767,-1.870130,93.75,2.115447,9.6106,0.8609
144,0.004639,0.293655,644.66,512.79,1171.88,0.213531,0.015686,0.141029,0.551870,0.267149,0.791837,0.138188,-1.890073,140.62,1.979260,8.2145,0.7725
149,0.003455,0.156099,660.19,531.82,1171.88,0.214198,0.039216,0.370974,0.658926,-0.109255,0.679902,0.360678,-1.961225,140.62,2.370520,9.8729,0.7884
155,0.003953,0.107630,641.89,554.00,1171.88,0.244789,0.015686,0.377252,0.694374,-0.099892,0.617463,0.114447,-1.703645,140.62,2.172809,10.2901,0.7909
160,0.004529,0.104979,636.23,561.88,1218.75,0.244367,0.019608,0.127666,0.779550,0.152232,0.613532,-0.037740,-1.635239,140.62,1.584602,9.1834,0.7842
165,0.003697,0.301094,639.27,533.93,1171.88,0.219444,0.035294,-0.230465,0.870852,0.348347,0.737274,0.100871,-1.826879,187.50,1.848420,8.9157,0.7655
171,0.003904,0.224264,684.56,517.39,1171.88,0.233173,0.015686,-0.214515,0.566196,0.360343,0.868177,0.259278,-1.839479,843.75,1.479918,6.6224,0.7243
176,0.003832,0.162920,691.48,511.58,1171.88,0.247854,0.011765,-0.187429,0.410831,0.368447,0.962771,0.226024,-1.780643,140.62,1.149084,5.4387,0.7087
181,0.004047,0.267078,549.82,516.21,937.50,0.216744,0.015686,0.348073,0.836341,0.419407,0.626335,-0.422850,-1.807307,140.62,1.844775,8.4963,0.8465
187,0.004238,0.109143,586.64,561.55,1125.00,0.256571,0.031373,0.409956,0.736321,0.270586,0.415159,-0.195239,-1.636783,140.62,1.887913,10.1298,0.8160
192,0.003922,0.283680,637.96,559.01,1171.88,0.229566,0.027451,0.226719,0.837684,-0.084776,0.539482,0.178715,-1.697824,140.62,2.094951,10.4006,0.7844
197,0.004830,0.198423,611.79,539.00,1125.00,0.224502,0.015686,0.371140,0.828247,0.049409,0.586383,0.121646,-1.956825,140.62,1.912129,8.4880,0.8201
203,0.002764,0.230542,555.59,481.82,937.50,0.203426,0.015686,0.227187,0.834431,0.525106,0.796071,-0.348232,-2.034562,93.75,1.584358,7.2029,0.8484
208,0.003176,0.092870,576.17,481.38,937.50,0.208535,0.027451,0.080667,0.785743,0.589542,0.823651,-0.279785,-1.999817,234.38,1.273573,6.5782,0.8282
213,0.004170,0.154005,655.58,556.48,1171.88,0.263384,0.015686,0.163788,0.504619,0.298600,0.597967,0.191957,-1.756930,93.75,1.292977,7.7681,0.7534
219,0.003519,0.291293,657.02,558.32,1171.88,0.250869,0.023529,0.092458,0.761479,0.154849,0.606208,0.149580,-1.764575,234.38,1.339979,6.8886,0.7746
224,0.004162,0.154826,585.48,527.68,1031.25,0.215799,0.019608,0.213692,0.909481,0.284636,0.701420,-0.250196,-1.859033,140.62,1.964817,10.6500,0.8343
229,0.003350,0.228037,541.06,510.43,843.75,0.210559,0.019608,0.512674,0.950982,0.205555,0.802399,-0.579580,-1.892031,140.62,2.127359,11.4077,0.8774
235,0.004117,0.181474,612.49,526.26,1125.00,0.239412,0.015686,0.349679,0.647715,0.178177,0.733442,-0.104466,-1.804546,140.62,1.683412,8.7325,0.8105
240,0.002315,0.133058,633.17,542.85,1125.00,0.241467,0.035294,0.300467,0.620925,0.233136,0.562399,0.062922,-1.779848,93.75,1.542267,8.5842,0.7890
245,0.001780,0.148047,587.67,528.93,1031.25,0.214897,0.035294,0.359765,0.813069,0.165616,0.682654,-0.204710,-1.816393,140.62,1.389862,8.1846,0.8316
251,0.002486,0.098126,727.40,559.74,1171.88,0.263970,0.035294,-0.054840,0.454071,-0.103776,1.057646,0.118653,-1.471755,843.75,1.076702,9.0104,0.7060
256,0.003767,0.297483,752.39,536.65,1171.88,0.272202,0.003922,-0.283365,0.331208,0.245834,1.006542,0.345279,-1.645498,796.88,1.022981,7.2968,0.6624
261,0.003121,0.272733,624.59,515.48,1125.00,0.203222,0.039216,0.209245,0.752373,0.203615,0.750457,0.098466,-2.014157,140.62,1.444937,8.4651,0.8082
267,0.003243,0.171050,621.87,500.77,1078.12,0.200591,0.019608,0.338195,0.716836,-0.022348,0.954432,-0.076277,-1.910837,140.62,1.582006,9.4397,0.8207
272,0.003347,0.104521,673.52,519.70,1031.25,0.233028,0.015686,0.364426,0.572200,-0.221081,1.090491,-0.087781,-1.718255,140.62,1.322858,9.0387,0.7976
277,0.002013,0.269905,612.29,549.15,1125.00,0.224995,0.031373,0.506197,0.793015,-0.116886,0.668167,-0.012974,-1.837520,140.62,1.682084,11.0784,0.8285
283,0.002214,0.171206,624.33,542.08,1125.00,0.233502,0.023529,0.209988,0.813148,0.157929,0.633273,0.053368,-1.867705,140.62,1.151225,7.8695,0.8051
288,0.003002,0.177016,716.08,516.99,1125.00,0.262327,0.019608,-0.594414,0.306073,0.545397,1.156157,0.141150,-1.554363,796.88,0.921121,7.8805,0.6370
293,0.002620,0.259093,665.88,494.63,1031.25,0.228446,0.015686,-0.209761,0.495554,0.484427,1.112418,-0.057186,-1.825452,843.75,0.968987,6.9093,0.7473
299,0.002184,0.228891,626.04,517.19,1078.12,0.216471,0.027451,0.353154,0.779964,-0.108984,0.939531,-0.062410,-1.901255,140.62,1.193184,8.3174,0.8247
304,0.003353,0.073522,650.21,547.52,1125.00,0.221358,0.003922,0.443568,0.810643,-0.284115,0.712667,0.225651,-1.908414,140.62,1.158868,9.7308,0.8128
309,0.002471,0.229771,589.26,515.74,1078.12,0.203827,0.035294,0.267832,0.938781,0.280463,0.617018,-0.100902,-2.003192,140.62,1.316591,10.4110,0.8396
315,0.002434,0.211537,534.16,485.80,937.50,0.194453,0.035294,0.311703,1.033185,0.272901,0.678905,-0.245069,-2.051625,140.62,1.500458,11.1553,0.8607
320,0.001729,0.222940,649.49,474.31,1031.25,0.190258,0.031373,0.106476,0.644123,0.100160,1.197042,-0.051385,-1.996415,140.62,1.158972,8.9046,0.8021
325,0.002055,0.134355,723.70,506.63,1125.00,0.213011,0.027451,0.130312,0.442307,-0.348959,1.191750,0.315851,-1.731261,843.75,0.975951,9.0235,0.7299
331,0.001128,0.137761,735.99,520.20,1125.00,0.232742,0.019608,-0.242592,0.497729,-0.162990,1.136026,0.344358,-1.572531,843.75,0.832016,8.9248,0.6774
336,0.002164,0.177784,664.65,526.63,1078.12,0.245929,0.031373,-0.280396,0.732505,0.245095,0.971083,0.005870,-1.674158,234.38,0.685933,7.7883,0.7427
341,0.002593,0.180018,655.68,504.69,1078.12,0.215301,0.023529,-0.385151,0.673603,0.591576,0.970824,0.107230,-1.958083,234.38,0.691939,7.2951,0.7445
347,0.002270,0.378259,655.31,492.21,1078.12,0.205968,0.011765,0.100755,0.669257,-0.053353,1.175795,0.053069,-1.945523,140.62,0.956484,7.4245,0.7910
352,0.001946,0.078840,626.65,497.94,1031.25,0.201886,0.015686,0.318960,0.757189,-0.144512,1.056792,0.008420,-1.996850,140.62,1.247708,11.3386,0.8223
357,0.001068,0.132942,565.56,518.64,984.38,0.196303,0.031373,0.615683,1.047006,-0.301043,0.816052,-0.134470,-2.043228,140.62,1.174100,12.4388,0.8722
363,0.001410,0.162190,628.54,553.87,1125.00,0.242807,0.035294,0.315756,0.765717,-0.261150,0.827507,0.084381,-1.732212,187.50,0.680341,8.7849,0.7965
368,0.001361,0.238414,784.81,548.05,1171.88,0.294630,0.035294,-0.321260,0.137572,0.082454,1.027174,0.445443,-1.371383,843.75,0.370147,5.0645,0.5917
373,0.001716,0.243459,755.22,501.97,1125.00,0.269487,0.015686,-0.670552,0.247314,0.368419,1.309986,0.342390,-1.597558,843.75,0.550179,6.5494,0.6025
379,0.002389,0.186225,663.11,507.06,1031.25,0.249586,0.007843,-0.325776,0.587038,0.465636,1.110323,0.043321,-1.880542,234.38,0.580832,6.8701,0.7406
384,0.001678,0.312295,538.24,512.39,937.50,0.189037,0.003922,0.139692,1.000776,0.555806,0.517637,-0.298838,-1.915073,187.50,1.100869,12.4718,0.8425
389,0.001171,0.193995,494.24,510.34,937.50,0.179192,0.023529,0.505880,1.146487,0.407234,0.278319,-0.247151,-2.090769,140.62,1.109030,12.0696,0.8803
395,0.001693,0.129541,607.20,546.46,1125.00,0.220676,0.019608,0.548294,0.767148,-0.177516,0.759429,0.024704,-1.922058,140.62,0.790641,11.1204,0.8329
400,0.001239,0.268364,630.06,511.51,1031.25,0.209171,0.027451,0.219020,0.702151,-0.067991,1.062508,0.072689,-1.988377,187.50,0.594736,7.5757,0.8051
#END {"type":"keypress","session_id":"piano_b2a0d275b8479bf7","ms":48129,"path":"/raw_C1_r02_47479.csv","rows":115}

----- END /raw_C1_r02_47479.csv -----
=== KEY_DUMP_END key=C1 ===
NEXT: C#1
PRESS C#1  rep 1/2  then hit Enter

> REC OK: /raw_C#1_r01_52695.csv
PRESS C#1  rep 2/2  then hit Enter

> REC OK: /raw_C#1_r02_55196.csv
=== KEY_DUMP_BEGIN key=C#1 files=2 ===
----- BEGIN /raw_C#1_r01_52695.csv (17668 bytes) -----
#BEGIN {"type":"keypress","session_id":"piano_b2a0d275b8479bf7","ms":52896,"key":"C#1","rep":1,"reps_per_key":2,"fs_hz":48000,"hop":256,"n_fft":1024,"fmin":50.0,"fmax":3500.0,"lead_ms":150,"pre_ms":60,"post_ms":400,"stored_pre_ms":210,"pre_frames":40,"post_frames":75,"path":"/raw_C#1_r01_52695.csv"}
ms_from_event,rms,flux,centroid_hz,spread_hz,rolloff85_hz,flatness,zcr,band0,band1,band2,band3,band4,band5,peak_hz,peak_mag,peak_ratio,low_dom
-208,0.000067,0.207838,1205.58,1087.96,2625.00,0.675149,0.235294,-0.331954,0.044575,0.323817,-0.128733,-0.228778,0.321073,140.62,0.011099,4.1362,0.4527
-203,0.000074,0.221761,1285.69,1132.20,2812.50,0.714860,0.239216,0.051282,0.063011,-0.423278,-0.077140,-0.072530,0.458655,140.62,0.016726,6.5329,0.4661
-197,0.000066,0.236761,1174.84,1086.75,2671.88,0.661215,0.235294,0.183494,0.127922,-0.501940,-0.272590,0.158872,0.304242,140.62,0.018801,6.9361,0.4810
-192,0.000048,0.230680,1196.13,1100.89,2671.88,0.715628,0.384314,0.343174,0.132110,-0.705142,-0.284652,0.126983,0.387531,140.62,0.013456,4.5920,0.4951
-187,0.000044,0.163560,1403.27,1129.57,2765.62,0.726375,0.423529,0.179555,-0.227906,-0.667273,-0.057333,0.081089,0.691868,468.75,0.005325,2.1798,0.3988
-181,0.000061,0.201861,1444.36,1121.25,2906.25,0.765725,0.250980,-0.306828,0.079339,-0.282582,-0.192542,0.130986,0.571627,93.75,0.011717,5.7238,0.3858
-176,0.000077,0.282186,1170.31,1039.12,2437.50,0.681832,0.164706,0.076751,0.058478,-0.408414,-0.214404,0.282930,0.204660,234.38,0.007955,3.6337,0.4561
-171,0.000059,0.347055,1285.25,1091.43,2718.75,0.741984,0.235294,0.128538,-0.319704,-0.408351,-0.262594,0.354086,0.508024,187.50,0.006494,2.3272,0.3713
-165,0.000063,0.197629,1355.75,1133.42,2812.50,0.683596,0.349020,-0.026764,-0.389203,-0.003758,-0.430192,0.212547,0.637370,375.00,0.010481,3.6980,0.3468
-160,0.000062,0.282151,1308.22,1107.29,2765.62,0.672800,0.254902,-0.314884,-0.085343,0.266775,-0.481112,-0.008496,0.623060,375.00,0.018863,6.4001,0.3758
-155,0.000092,0.258397,1250.69,1091.62,2718.75,0.697217,0.133333,-0.451355,-0.248762,0.549731,-0.276386,-0.108578,0.535352,375.00,0.026604,8.1673,0.3628
-149,0.000092,0.314808,1111.33,1070.78,2671.88,0.594700,0.207843,-1.235572,0.443524,0.971512,-0.347758,-0.254409,0.422700,328.12,0.031444,8.8886,0.3822
-144,0.000061,0.319452,962.19,1030.39,2390.62,0.551537,0.286275,-0.811584,0.770631,0.761013,-0.379975,-0.435055,0.094970,234.38,0.044210,11.0859,0.5373
-139,0.000079,0.173374,1098.77,1108.96,2671.88,0.605185,0.247059,-0.639516,0.612614,0.477693,-0.220779,-0.408405,0.178394,234.38,0.035113,9.4376,0.5254
-133,0.000042,0.149741,1046.16,1052.38,2578.12,0.599163,0.435294,-0.371276,0.455268,0.421556,-0.221137,-0.354815,0.070404,281.25,0.026737,8.5078,0.5459
-128,0.000063,0.209313,1080.22,1106.77,2625.00,0.599496,0.270588,-0.016763,0.461428,0.193548,-0.460731,-0.405924,0.228442,140.62,0.019195,5.9667,0.5771
-123,0.000060,0.188215,1316.26,1108.67,2812.50,0.732643,0.360784,0.071759,0.024490,-0.536286,-0.107653,0.121830,0.425862,93.75,0.015915,6.0583,0.4438
-117,0.000049,0.165650,1315.44,1082.50,2671.88,0.762569,0.388235,0.047587,0.101939,-0.609022,-0.110672,0.142160,0.428010,140.62,0.016818,6.4637,0.4476
-112,0.000071,0.152787,1216.99,1085.75,2625.00,0.697870,0.239216,0.200236,0.303087,-0.676880,-0.161895,0.018335,0.317120,140.62,0.021571,9.0263,0.5210
-107,0.000049,0.233767,1131.33,1113.34,2578.12,0.632074,0.372549,0.347598,0.516061,-0.647935,-0.417948,-0.102310,0.304533,140.62,0.026808,10.3941,0.5819
-101,0.000055,0.233998,1143.22,1086.42,2578.12,0.638243,0.305882,0.194545,0.426008,-0.556746,-0.345572,0.046053,0.235712,140.62,0.022351,7.8262,0.5422
-96,0.000054,0.155558,1391.66,1103.61,2812.50,0.756061,0.337255,-0.117776,0.080649,-0.440258,-0.393900,0.265687,0.605599,281.25,0.010289,4.1244,0.3884
-91,0.000050,0.254855,1202.22,1010.82,2437.50,0.710649,0.345098,-0.445965,0.188372,0.115839,-0.356462,0.275295,0.222922,281.25,0.012664,5.0102,0.4066
-85,0.000060,0.234816,1254.25,1062.44,2671.88,0.752247,0.317647,-0.158630,0.038534,-0.083058,-0.298744,0.206071,0.295826,281.25,0.010201,3.9394,0.4229
-80,0.000053,0.248170,1296.38,1063.46,2671.88,0.742789,0.325490,-0.455072,0.147718,-0.148857,-0.086903,0.195626,0.347490,140.62,0.013852,4.9129,0.3953
-75,0.000062,0.223711,1271.96,1088.51,2578.12,0.677532,0.266667,-0.326490,0.368674,-0.209701,-0.131162,-0.108381,0.407058,140.62,0.019489,6.6722,0.4680
-69,0.000061,0.141728,1150.06,1056.57,2484.38,0.656422,0.290196,-0.085211,0.490213,-0.130616,-0.480726,-0.027639,0.233980,140.62,0.019580,7.8511,0.5248
-64,0.000072,0.259940,1134.27,1041.46,2484.38,0.662577,0.231373,-0.401501,0.417283,0.258478,-0.475129,-0.004655,0.205526,281.25,0.021507,7.7552,0.4769
-59,0.000080,0.302706,1143.30,1022.04,2578.12,0.686691,0.129412,-1.135770,0.280373,0.633450,-0.040729,-0.079520,0.342197,281.25,0.028278,8.1029,0.3638
-53,0.000082,0.240967,1216.71,1081.86,2765.62,0.650699,0.274510,-1.312246,-0.045245,0.843721,-0.023347,0.003653,0.533463,328.12,0.037208,10.6025,0.2794
-48,0.000073,0.187325,1275.45,1143.07,2859.38,0.602100,0.235294,-1.122795,-0.136587,0.956534,-0.484473,0.153991,0.633330,328.12,0.037795,11.0636,0.2644
-43,0.000079,0.196874,1036.19,1065.80,2578.12,0.557234,0.188235,-0.759170,0.303107,0.993605,-0.589479,-0.193490,0.245428,328.12,0.041639,11.9096,0.4368
-37,0.000053,0.207551,1099.53,1040.18,2531.25,0.614044,0.419608,-1.010137,0.286978,0.758513,-0.253926,-0.022185,0.240758,328.12,0.033876,9.8811,0.3844
-32,0.000082,0.260235,1089.34,1053.57,2625.00,0.633979,0.192157,-0.513577,0.404309,0.512729,-0.436649,-0.105903,0.139092,234.38,0.024790,7.3149,0.4822
-27,0.000130,0.210884,1065.10,1076.63,2578.12,0.606221,0.050980,-0.090758,0.341944,0.401288,-0.582816,-0.277598,0.207938,234.38,0.024671,6.8879,0.5400
-21,0.000210,0.371473,898.06,1083.45,2437.50,0.500951,0.047059,0.440054,0.762285,-0.131846,-0.619583,-0.476750,0.025839,187.50,0.043985,10.1026,0.6956
-16,0.000132,0.360300,655.94,928.05,1687.50,0.397606,0.156863,0.867131,1.077329,-0.323906,-0.581738,-0.611275,-0.427541,140.62,0.096669,15.7446,0.8163
-11,0.000096,0.136647,566.59,870.77,1359.38,0.341798,0.372549,1.170648,1.205607,-0.597994,-0.691317,-0.660275,-0.426670,93.75,0.092788,15.2015,0.8496
-5,0.000110,0.193878,879.05,1043.73,2250.00,0.513301,0.223529,0.480193,0.655013,-0.263749,-0.406674,-0.403761,-0.061021,187.50,0.034207,8.0468,0.6900
0,0.000205,0.274063,1068.64,1049.80,2390.62,0.647971,0.086275,-0.042918,0.066347,0.173243,-0.056929,-0.158953,0.019210,234.38,0.019635,4.5487,0.5204
5,0.006095,0.946125,1134.28,798.59,2015.62,0.692269,0.035294,-1.308383,-0.659666,0.266346,0.943665,0.728818,0.029219,937.50,0.304626,3.8020,0.2037
11,0.005980,0.705930,905.88,732.15,1687.50,0.503520,0.011765,-0.546125,0.000739,0.202507,0.705645,0.302365,-0.665131,937.50,1.474539,5.4362,0.4772
16,0.006298,0.321437,738.52,634.67,1265.62,0.346788,0.031373,0.114782,0.371469,-0.049406,0.688455,0.137516,-1.262816,937.50,2.266034,6.6045,0.6912
21,0.006057,0.166038,697.12,565.70,1265.62,0.261774,0.019608,0.114272,0.356050,0.082123,0.906311,0.125647,-1.584403,140.62,2.162490,6.4836,0.7240
27,0.006367,0.188752,665.10,601.58,1218.75,0.263719,0.027451,0.201190,0.549600,0.174237,0.553204,0.102747,-1.580977,281.25,1.571000,4.6717,0.7530
32,0.006177,0.207397,658.39,564.30,1125.00,0.253264,0.023529,0.276229,0.401652,0.187480,0.752989,0.086514,-1.704864,93.75,3.028884,8.5924,0.7592
37,0.005576,0.204514,675.39,539.01,1078.12,0.222522,0.039216,0.136235,0.412873,0.216136,0.922445,0.025746,-1.713434,937.50,2.274963,6.1612,0.7537
43,0.005913,0.113450,727.61,548.77,1218.75,0.248150,0.027451,-0.240684,0.250788,0.501938,0.904774,0.280644,-1.697459,937.50,2.387328,7.2125,0.6712
48,0.004916,0.235242,696.15,568.94,1218.75,0.261754,0.019608,0.102574,0.387767,0.189182,0.839545,0.187268,-1.706336,93.75,1.952052,5.5695,0.7320
53,0.005988,0.113893,662.89,562.17,1171.88,0.271638,0.035294,-0.004150,0.387885,0.415281,0.766302,0.139359,-1.704678,281.25,1.533130,5.2125,0.7260
59,0.004417,0.199170,660.70,554.27,1171.88,0.239321,0.035294,0.100089,0.489676,0.274535,0.765957,0.076818,-1.707075,937.50,1.744731,5.4750,0.7521
64,0.004564,0.137026,753.62,570.93,1265.62,0.258708,0.031373,-0.123073,0.078468,0.218663,0.966241,0.295821,-1.436121,937.50,2.215324,7.8385,0.6336
69,0.007131,0.233748,894.80,733.07,1640.62,0.489035,0.019608,-0.385306,0.025561,0.017010,0.851351,0.155315,-0.663930,937.50,1.965566,6.8259,0.5186
75,0.004118,0.362947,941.76,831.23,1875.00,0.601357,0.031373,-0.163266,0.242325,-0.281839,0.425756,0.226413,-0.449388,140.62,2.322137,5.8913,0.5377
80,0.004545,0.084214,816.07,740.50,1546.88,0.470582,0.015686,-0.019815,0.390044,-0.264148,0.549690,0.134011,-0.789782,140.62,2.473890,8.0528,0.6255
85,0.004978,0.235391,685.73,549.15,1218.75,0.260379,0.035294,-0.519288,0.500844,0.571059,0.817424,0.232638,-1.602677,234.38,1.402249,5.3874,0.6628
91,0.003139,0.220666,737.32,540.05,1218.75,0.269857,0.035294,-0.314902,0.068220,0.509406,1.006112,0.224544,-1.493380,937.50,1.530018,5.7612,0.6251
96,0.006774,0.154816,773.89,553.22,1218.75,0.272494,0.019608,-0.229346,0.065057,0.292616,1.093249,0.229165,-1.450741,937.50,1.913469,7.7101,0.6292
101,0.004124,0.224638,688.41,572.52,1218.75,0.293907,0.027451,-0.142192,0.470789,0.396362,0.756237,0.039812,-1.521008,937.50,1.720352,6.4121,0.7120
107,0.004052,0.262937,645.35,564.13,1078.12,0.261146,0.027451,0.016298,0.588747,0.475695,0.561008,-0.036683,-1.605066,140.62,2.118632,6.5832,0.7546
112,0.006023,0.120349,680.74,574.35,1171.88,0.278101,0.019608,0.064541,0.468159,0.249625,0.704257,0.040854,-1.527438,93.75,1.958843,7.4558,0.7330
117,0.003653,0.220275,679.57,528.48,1125.00,0.218488,0.031373,0.025182,0.430588,0.360480,0.873793,0.020278,-1.710321,93.75,1.957871,6.3718,0.7451
123,0.003227,0.078783,717.92,573.58,1218.75,0.280549,0.027451,0.080706,0.416879,0.114887,0.795117,0.087930,-1.495519,937.50,1.723861,6.5587,0.7216
128,0.006693,0.129247,741.95,593.32,1312.50,0.309080,0.023529,-0.132461,0.359679,0.180654,0.759455,0.159355,-1.326683,937.50,1.306761,6.5725,0.6676
133,0.005450,0.388370,602.58,535.02,984.38,0.234291,0.027451,-0.175714,0.835896,0.604332,0.567220,-0.025915,-1.805819,187.50,2.173447,7.8656,0.7766
139,0.003939,0.152132,621.79,546.15,984.38,0.235579,0.027451,0.008499,0.776009,0.438756,0.582885,-0.094373,-1.711776,140.62,2.653544,9.2661,0.7850
144,0.003451,0.165031,679.63,550.16,1031.25,0.243333,0.019608,0.136092,0.608145,0.131490,0.880560,-0.073573,-1.682714,140.62,1.961133,7.4276,0.7773
149,0.002432,0.141126,657.28,556.43,1078.12,0.254852,0.035294,0.005845,0.503922,0.534217,0.673902,-0.076985,-1.640902,937.50,1.449688,6.3528,0.7528
155,0.003107,0.157052,782.57,603.39,1312.50,0.325488,0.031373,-0.416275,0.234686,0.299340,0.774430,0.368383,-1.260564,937.50,0.968929,5.3772,0.5879
160,0.005541,0.200763,795.50,606.31,1453.12,0.312783,0.015686,-0.361067,0.300318,0.226639,0.685262,0.418884,-1.270036,140.62,0.925024,5.4609,0.5975
165,0.004968,0.413882,608.56,538.24,984.38,0.222841,0.015686,0.074510,0.714599,0.539119,0.570116,-0.127764,-1.770580,140.62,1.912029,7.8011,0.7931
171,0.003945,0.162642,627.35,547.14,1031.25,0.232627,0.011765,0.130455,0.739010,0.255515,0.626197,-0.095185,-1.655990,140.62,2.460071,10.1195,0.7876
176,0.003082,0.183867,640.73,557.48,1218.75,0.235128,0.027451,0.086867,0.680987,0.356846,0.499743,0.065233,-1.689675,140.62,1.951122,8.2665,0.7678
181,0.002446,0.126806,632.77,557.20,1171.88,0.237735,0.031373,0.091425,0.568345,0.505895,0.469603,0.079131,-1.714399,140.62,1.410032,6.6992,0.7591
187,0.004507,0.108949,752.70,575.77,1218.75,0.271739,0.015686,-0.079299,0.346279,-0.037903,0.827807,0.327410,-1.384294,140.62,1.204201,7.9015,0.6597
192,0.002855,0.345794,719.79,564.87,1265.62,0.248905,0.031373,-0.323715,0.535533,0.426589,0.663065,0.277987,-1.579458,937.50,1.311217,6.8500,0.6806
197,0.002019,0.181930,667.73,561.98,1218.75,0.244670,0.023529,-0.417662,0.592556,0.710398,0.579787,0.103087,-1.568165,281.25,1.437772,6.8998,0.6942
203,0.003038,0.095923,724.27,588.60,1312.50,0.305656,0.019608,-0.270423,0.343645,0.400167,0.683070,0.292588,-1.449047,140.62,0.888972,6.3204,0.6490
208,0.002595,0.255314,684.99,549.45,1171.88,0.266483,0.039216,-0.238396,0.343874,0.548920,0.760246,0.070945,-1.485590,328.12,0.904456,5.7520,0.6814
213,0.002275,0.161946,780.29,576.94,1312.50,0.303911,0.027451,-0.350057,0.118031,0.275683,0.909030,0.254830,-1.207518,937.50,1.061453,6.8625,0.5891
219,0.003235,0.141742,759.73,579.38,1265.62,0.290265,0.019608,-0.366814,0.384294,0.267636,0.883464,0.162356,-1.330937,937.50,1.180171,8.6676,0.6441
224,0.001774,0.251210,667.17,554.34,1125.00,0.259980,0.019608,-0.424698,0.638329,0.570401,0.676812,0.104761,-1.565605,281.25,1.100684,7.4313,0.6979
229,0.002458,0.164000,676.65,579.02,1218.75,0.265664,0.031373,-0.560795,0.611281,0.654391,0.575439,0.144677,-1.424993,234.38,0.970650,6.7483,0.6605
235,0.002379,0.173817,758.99,544.23,1265.62,0.273428,0.027451,-0.520725,0.217131,0.374420,1.056892,0.347316,-1.475034,937.50,0.697931,5.5364,0.6016
240,0.002257,0.236431,721.68,524.13,1031.25,0.262423,0.031373,-0.793372,0.288666,0.788815,1.111095,0.088441,-1.483645,937.50,1.028045,7.9256,0.6095
245,0.001894,0.141705,751.04,540.43,1125.00,0.292340,0.019608,-0.779878,0.275922,0.555140,1.057623,0.304560,-1.413368,937.50,1.048024,8.4579,0.5750
251,0.002755,0.249626,738.73,572.90,1218.75,0.297599,0.015686,-0.336650,0.606571,0.162972,0.813092,0.329058,-1.575043,187.50,0.875717,7.1075,0.6809
256,0.002474,0.190439,641.47,552.86,1218.75,0.263664,0.019608,-0.090822,0.703195,0.428122,0.604414,0.095978,-1.740887,140.62,1.139957,8.5703,0.7556
261,0.002472,0.136148,615.12,541.77,984.38,0.249371,0.031373,0.175848,0.630548,0.332193,0.696546,-0.124088,-1.711046,140.62,1.103910,8.3640,0.7893
267,0.002180,0.154112,695.14,541.12,1078.12,0.234443,0.019608,0.018993,0.375655,0.421998,0.868980,0.122792,-1.808418,937.50,0.884326,7.0031,0.7389
272,0.001406,0.196687,661.90,532.32,1078.12,0.216399,0.027451,-0.238344,0.656688,0.580051,0.783244,0.184987,-1.966626,328.12,0.831409,6.2675,0.7503
277,0.001911,0.147828,672.80,564.80,1171.88,0.289307,0.019608,-0.188593,0.543873,0.346251,0.832029,0.041044,-1.574603,187.50,0.664387,6.5801,0.7200
283,0.002917,0.150531,664.29,551.60,984.38,0.274533,0.031373,-0.078431,0.561273,0.243063,0.904499,-0.070014,-1.560390,281.25,0.598543,6.3576,0.7420
288,0.002106,0.336586,618.91,526.64,984.38,0.223829,0.023529,0.049017,0.748066,0.482133,0.829750,-0.076626,-2.032340,140.62,0.956843,7.5417,0.8105
293,0.002314,0.203145,623.53,528.11,984.38,0.214461,0.011765,0.348089,0.579265,0.242896,0.799956,0.005588,-1.975793,93.75,1.019555,7.7052,0.8098
299,0.001418,0.101253,589.20,524.46,984.38,0.220790,0.054902,0.304175,0.547942,0.413056,0.692274,-0.195760,-1.761687,93.75,0.928846,7.5061,0.8029
304,0.001703,0.121583,639.03,562.01,1171.88,0.233273,0.023529,-0.058660,0.574549,0.574858,0.628189,-0.013624,-1.705312,328.12,0.782653,7.9407,0.7535
309,0.003320,0.217329,656.82,564.98,1218.75,0.254352,0.019608,-0.048717,0.544944,0.503611,0.760987,0.040219,-1.801044,93.75,0.561616,5.8398,0.7556
315,0.001207,0.342317,583.74,533.10,984.38,0.229658,0.031373,0.483208,0.796390,-0.001168,0.793385,-0.147244,-1.924570,140.62,1.169054,9.3493,0.8423
320,0.001736,0.144012,544.80,501.82,984.38,0.184077,0.023529,0.289023,0.844546,0.436637,0.667813,-0.284572,-1.953448,140.62,1.028345,8.6231,0.8437
325,0.002591,0.134568,604.15,540.83,984.38,0.222853,0.019608,0.185590,0.615148,0.514728,0.640209,-0.128921,-1.826755,140.62,0.640948,6.8603,0.7987
331,0.001568,0.265062,519.49,482.45,937.50,0.168070,0.027451,0.378403,0.841271,0.632889,0.642998,-0.403366,-2.092194,140.62,0.867818,7.3351,0.8650
336,0.001579,0.122726,582.99,500.07,984.38,0.202489,0.031373,-0.060885,0.598781,0.652620,0.798813,-0.100116,-1.889212,187.50,0.659571,6.8997,0.7796
341,0.002039,0.185866,689.25,523.23,1031.25,0.235405,0.011765,-0.114267,0.520603,0.154255,1.050628,0.261667,-1.872886,937.50,0.668947,7.7284,0.7328
347,0.001120,0.215232,587.30,543.82,984.38,0.211987,0.043137,0.471741,0.833948,0.086921,0.701971,0.008754,-2.103335,140.62,0.902200,9.6338,0.8456
352,0.001752,0.114339,563.52,528.97,984.38,0.226576,0.039216,0.358061,0.669657,0.443123,0.713392,-0.243401,-1.940831,93.75,0.562458,7.2016,0.8329
357,0.001650,0.241120,653.62,517.39,984.38,0.250386,0.023529,-0.256902,0.258719,0.716801,0.931664,0.063639,-1.713922,375.00,0.474216,6.4401,0.6955
363,0.001462,0.313146,616.33,514.11,984.38,0.222725,0.031373,-0.203682,0.673746,0.632717,0.769336,0.118146,-1.990264,187.50,0.675118,7.0826,0.7633
368,0.000883,0.080819,636.06,487.40,984.38,0.206366,0.011765,-0.460554,0.570712,0.643274,1.051666,0.136254,-1.941353,187.50,0.707267,8.4280,0.7226
373,0.001362,0.112599,636.27,533.62,984.38,0.252364,0.031373,-0.208360,0.616384,0.467852,0.873636,-0.135651,-1.613861,187.50,0.522201,8.2048,0.7463
379,0.001496,0.203687,598.34,521.92,984.38,0.235109,0.031373,0.145707,0.582758,0.510667,0.791997,-0.174106,-1.857024,140.62,0.471824,6.7499,0.7990
384,0.001565,0.199024,649.78,510.69,1031.25,0.221120,0.035294,-0.250401,0.478019,0.618968,0.936298,0.152665,-1.935549,187.50,0.490554,6.8815,0.7321
389,0.001447,0.140011,633.14,487.51,984.38,0.191488,0.015686,-0.489677,0.565997,0.693536,1.007541,0.125304,-1.902701,234.38,0.564472,7.9091,0.7164
395,0.001337,0.244243,566.88,458.99,937.50,0.178348,0.023529,-0.484256,0.864585,0.840282,1.003132,-0.207822,-2.015921,187.50,0.704462,9.0634,0.7862
400,0.000952,0.167670,551.87,491.29,937.50,0.202919,0.031373,-0.044182,0.848033,0.645436,0.814286,-0.331691,-1.931883,187.50,0.761199,11.3888,0.8225
#END {"type":"keypress","session_id":"piano_b2a0d275b8479bf7","ms":53350,"path":"/raw_C#1_r01_52695.csv","rows":115}

----- END /raw_C#1_r01_52695.csv -----
----- BEGIN /raw_C#1_r02_55196.csv (17688 bytes) -----
#BEGIN {"type":"keypress","session_id":"piano_b2a0d275b8479bf7","ms":55397,"key":"C#1","rep":2,"reps_per_key":2,"fs_hz":48000,"hop":256,"n_fft":1024,"fmin":50.0,"fmax":3500.0,"lead_ms":150,"pre_ms":60,"post_ms":400,"stored_pre_ms":210,"pre_frames":40,"post_frames":75,"path":"/raw_C#1_r02_55196.csv"}
ms_from_event,rms,flux,centroid_hz,spread_hz,rolloff85_hz,flatness,zcr,band0,band1,band2,band3,band4,band5,peak_hz,peak_mag,peak_ratio,low_dom
-208,0.000178,0.083289,678.68,825.38,1500.00,0.344948,0.050980,-0.363537,0.981796,1.022563,-0.406472,-0.721304,-0.513045,281.25,0.125356,17.9750,0.7163
-203,0.000195,0.081630,778.57,903.41,1828.12,0.409268,0.066667,-0.693411,0.888571,1.076525,-0.431603,-0.589497,-0.250585,281.25,0.120710,18.5439,0.6266
-197,0.000151,0.080031,773.91,893.40,1734.38,0.424580,0.082353,-0.859520,0.906528,1.106558,-0.345814,-0.492584,-0.315167,281.25,0.120968,19.0735,0.6052
-192,0.000161,0.151743,661.35,810.64,1359.38,0.340642,0.101961,-0.308409,1.007560,0.998315,-0.538000,-0.475013,-0.684452,281.25,0.114437,17.6580,0.7169
-187,0.000230,0.098392,750.70,887.04,1734.38,0.385497,0.101961,-0.318657,0.889365,0.965470,-0.714806,-0.440780,-0.380593,281.25,0.113705,18.0938,0.6673
-181,0.000204,0.260173,700.17,858.14,1734.38,0.390693,0.050980,-0.108364,0.975723,0.860348,-0.686780,-0.589025,-0.451902,281.25,0.125027,15.3914,0.7219
-176,0.000201,0.142996,684.56,868.30,1687.50,0.398118,0.086275,0.064663,0.946346,0.789268,-0.480510,-0.887914,-0.431852,281.25,0.118363,14.2556,0.7623
-171,0.000204,0.056710,669.04,843.57,1546.88,0.383272,0.050980,0.002919,0.935439,0.878081,-0.432382,-0.904377,-0.479681,281.25,0.114081,15.0682,0.7616
-165,0.000152,0.172709,589.07,781.87,1125.00,0.315162,0.035294,0.112164,1.096548,1.015879,-0.623613,-0.982898,-0.618081,281.25,0.124659,15.7756,0.8030
-160,0.000200,0.092340,685.27,871.53,1640.62,0.378277,0.058824,-0.079895,0.927513,1.005620,-0.549205,-0.880175,-0.423856,281.25,0.120965,17.7016,0.7457
-155,0.000235,0.117237,684.58,841.57,1500.00,0.359977,0.090196,-0.169393,0.886749,0.952930,-0.375904,-0.688489,-0.605895,281.25,0.122641,18.2150,0.7322
-149,0.000197,0.260826,609.16,793.94,1218.75,0.343343,0.019608,0.089849,1.044227,0.897333,-0.574639,-0.748521,-0.708247,281.25,0.131896,15.2099,0.7851
-144,0.000193,0.096680,676.03,861.90,1546.88,0.363928,0.050980,0.016504,0.970453,0.836827,-0.613549,-0.758590,-0.451646,281.25,0.120254,14.9549,0.7500
-139,0.000167,0.059744,649.19,801.43,1359.38,0.365599,0.058824,-0.113721,0.972047,0.853699,-0.321655,-0.799581,-0.590788,281.25,0.112167,15.3864,0.7548
-133,0.000175,0.092328,624.88,806.83,1171.88,0.326888,0.066667,-0.100832,1.093659,0.974527,-0.449755,-0.919049,-0.598548,281.25,0.113826,16.1150,0.7782
-128,0.000195,0.066624,723.87,883.74,1546.88,0.345093,0.050980,-0.550228,0.964871,1.065567,-0.498789,-0.620871,-0.360550,281.25,0.113147,19.3622,0.6678
-123,0.000170,0.162235,733.67,862.98,1640.62,0.370260,0.035294,-0.919418,0.986410,1.149937,-0.337841,-0.500741,-0.378348,281.25,0.122452,20.1898,0.6161
-117,0.000155,0.168688,680.45,844.36,1546.88,0.360543,0.058824,-0.517907,1.068973,1.120003,-0.460853,-0.770110,-0.440107,281.25,0.123735,18.1518,0.7070
-112,0.000216,0.082539,723.90,906.28,1781.25,0.355211,0.082353,-0.402153,0.968957,1.115044,-0.413403,-1.019905,-0.248541,281.25,0.106015,18.7319,0.7146
-107,0.000163,0.195382,659.50,825.41,1359.38,0.364381,0.058824,-0.256486,1.005972,0.951999,-0.346084,-0.801511,-0.553891,281.25,0.105920,16.5030,0.7412
-101,0.000157,0.227997,618.05,795.45,1218.75,0.340319,0.109804,0.005396,1.035760,0.847275,-0.366228,-0.764976,-0.757229,281.25,0.115328,14.6232,0.7827
-96,0.000218,0.083212,696.34,862.90,1500.00,0.386286,0.062745,-0.092039,0.923740,0.878792,-0.499124,-0.692713,-0.518656,281.25,0.107006,15.6606,0.7353
-91,0.000168,0.133896,648.77,830.14,1312.50,0.329510,0.058824,-0.329267,1.087276,1.020159,-0.417004,-0.854416,-0.506749,281.25,0.112040,16.4388,0.7426
-85,0.000151,0.166242,659.06,816.94,1312.50,0.344833,0.101961,-0.788741,1.142544,1.184724,-0.250776,-0.802397,-0.485354,281.25,0.124018,18.0481,0.6944
-80,0.000171,0.093598,743.79,892.70,1781.25,0.385880,0.066667,-0.578766,0.988095,1.140992,-0.584357,-0.667265,-0.298698,281.25,0.107476,18.5975,0.6654
-75,0.000166,0.190234,773.88,901.20,1781.25,0.415294,0.058824,-0.560211,0.864397,0.889817,-0.398072,-0.407793,-0.388137,281.25,0.093263,15.7877,0.6341
-69,0.000159,0.217021,767.88,884.02,1734.38,0.426430,0.129412,-0.614750,0.921167,1.001573,-0.515123,-0.303497,-0.489371,281.25,0.105750,16.2691,0.6341
-64,0.000180,0.170150,726.85,864.22,1640.62,0.431331,0.066667,-0.294853,0.833366,0.860203,-0.288197,-0.610069,-0.500449,281.25,0.097847,15.1581,0.6952
-59,0.000155,0.191998,685.42,807.95,1500.00,0.380017,0.113725,-0.275141,0.951348,0.780237,-0.209689,-0.690063,-0.556693,281.25,0.100868,14.3858,0.7234
-53,0.000123,0.110961,688.40,793.80,1500.00,0.379117,0.105882,-0.659129,0.931966,1.032611,-0.118665,-0.663764,-0.523019,281.25,0.107419,17.1677,0.6748
-48,0.000197,0.116569,715.77,843.89,1781.25,0.393474,0.047059,-0.408792,0.924483,1.003000,-0.453918,-0.623773,-0.441000,281.25,0.092049,16.5982,0.6879
-43,0.000173,0.259603,662.14,854.47,1734.38,0.372121,0.101961,0.255852,1.017243,0.662766,-0.715731,-0.706217,-0.513912,281.25,0.077507,11.7525,0.7767
-37,0.000156,0.196460,665.77,869.97,1640.62,0.393338,0.105882,0.484564,1.031369,0.272046,-0.705261,-0.563964,-0.518755,140.62,0.092952,13.2068,0.7857
-32,0.000108,0.152462,694.35,888.42,1593.75,0.397923,0.133333,0.271939,0.925663,0.598484,-0.626379,-0.655121,-0.514585,140.62,0.075976,11.0461,0.7656
-27,0.000151,0.076374,707.90,873.42,1546.88,0.380275,0.039216,-0.036328,0.942546,0.757938,-0.477099,-0.716399,-0.470658,281.25,0.079593,13.8597,0.7401
-21,0.000149,0.114097,745.53,858.35,1734.38,0.431280,0.086275,-0.516918,0.863570,0.821852,-0.136365,-0.598145,-0.433994,281.25,0.083909,15.1659,0.6658
-16,0.000140,0.184041,815.44,925.81,1968.75,0.466419,0.086275,-0.638776,0.791656,0.900976,-0.294147,-0.477016,-0.282693,281.25,0.092982,16.4065,0.6121
-11,0.000143,0.267523,753.63,911.91,1875.00,0.460544,0.121569,-0.057893,0.858867,0.594868,-0.383119,-0.604837,-0.407885,281.25,0.075489,11.0761,0.7124
-5,0.000177,0.110945,708.15,855.39,1593.75,0.406268,0.070588,0.039907,0.862606,0.536700,-0.253208,-0.613444,-0.572561,281.25,0.064771,10.3103,0.7397
0,0.000109,0.187641,728.13,845.61,1687.50,0.422724,0.223529,-0.356382,0.865357,0.864820,-0.256233,-0.521334,-0.596227,281.25,0.082063,13.4370,0.6928
5,0.005565,0.920372,812.13,565.65,1218.75,0.379671,0.027451,-1.051947,-0.056617,0.584761,1.163794,0.459932,-1.099923,843.75,0.284588,3.7106,0.4417
11,0.005427,0.692370,723.23,560.63,1218.75,0.309137,0.011765,-0.152800,0.212472,0.289747,0.919305,0.224411,-1.493134,140.62,1.203835,4.8483,0.6602
16,0.004499,0.274172,643.92,571.47,1218.75,0.266077,0.019608,0.291093,0.559891,0.123757,0.602206,0.115590,-1.692536,140.62,2.415416,7.8824,0.7710
21,0.004569,0.161755,625.49,561.93,1171.88,0.261912,0.023529,0.133410,0.503078,0.406848,0.649830,0.001090,-1.694255,140.62,1.849958,6.8858,0.7622
27,0.006487,0.213388,674.08,570.40,1218.75,0.280956,0.027451,-0.103215,0.468630,0.471833,0.673397,0.204618,-1.715263,281.25,1.491524,5.4132,0.7187
32,0.005196,0.320613,730.35,489.45,1031.25,0.231393,0.027451,-0.246448,0.080013,0.359804,1.324471,0.108734,-1.626574,843.75,2.123711,6.8994,0.6628
37,0.003467,0.135312,709.08,494.38,1078.12,0.200041,0.031373,-0.335762,0.324593,0.483637,1.138643,0.113517,-1.724627,843.75,2.265203,7.5211,0.6900
43,0.003527,0.212203,709.00,526.72,1218.75,0.213584,0.019608,-0.299482,0.312059,0.686059,0.827698,0.466612,-1.992945,281.25,1.400105,4.9207,0.6834
48,0.006988,0.119227,789.58,580.20,1312.50,0.300883,0.027451,-0.104652,-0.260717,0.483713,0.836119,0.632055,-1.586519,421.88,1.000734,4.3926,0.5731
53,0.004255,0.358321,656.82,527.08,1078.12,0.241612,0.035294,-0.060581,0.411313,0.459097,0.917831,0.044520,-1.772181,93.75,1.425832,5.2087,0.7387
59,0.003719,0.297252,636.69,483.99,984.38,0.192816,0.027451,-0.054243,0.568622,0.569371,1.027959,-0.133485,-1.978223,843.75,2.121195,5.8930,0.7880
64,0.004551,0.056134,739.90,536.06,1218.75,0.250685,0.015686,-0.526146,0.339111,0.581469,0.964423,0.255880,-1.614737,843.75,1.661802,6.8358,0.6424
69,0.004512,0.208891,650.85,551.45,1171.88,0.262607,0.015686,-0.556474,0.659873,0.853246,0.689425,-0.034071,-1.611999,281.25,1.932964,8.5670,0.7057
75,0.002524,0.186005,606.50,561.89,1125.00,0.263083,0.019608,-0.174673,0.639085,0.715944,0.520783,-0.123007,-1.578131,187.50,1.723935,8.1487,0.7470
80,0.003358,0.205905,577.05,527.06,984.38,0.230679,0.019608,0.159930,0.691093,0.636318,0.553911,-0.319850,-1.721402,234.38,1.169210,5.5444,0.8094
85,0.003524,0.198506,665.74,543.67,1125.00,0.276603,0.023529,-0.487910,0.448978,0.773680,0.873044,-0.100973,-1.506820,281.25,1.318828,7.4638,0.6866
91,0.003980,0.253131,672.86,533.39,1171.88,0.254713,0.023529,-0.656756,0.501655,0.812842,0.844871,0.035035,-1.537648,281.25,1.288072,6.2350,0.6623
96,0.002681,0.270679,708.76,507.17,984.38,0.253331,0.031373,-0.366473,0.186887,0.562955,1.217935,-0.100828,-1.500477,843.75,1.188164,5.6222,0.6706
101,0.003988,0.170806,717.87,529.97,1125.00,0.268901,0.011765,-0.478466,0.279469,0.487353,1.108121,0.008044,-1.404522,843.75,1.438595,7.6742,0.6454
107,0.002816,0.241277,698.52,556.53,1218.75,0.260466,0.027451,-1.057570,0.640773,0.771796,0.837462,0.068440,-1.260900,234.38,1.507627,7.9244,0.5958
112,0.003968,0.178439,701.45,561.58,1171.88,0.274759,0.031373,-1.107140,0.598758,0.811522,0.827559,0.079315,-1.210013,234.38,1.312987,6.7721,0.5772
117,0.003371,0.170479,681.60,538.57,1171.88,0.265649,0.035294,-0.633409,0.520718,0.668223,0.882726,-0.072215,-1.366042,281.25,1.194537,6.3518,0.6599
123,0.002640,0.237960,663.01,523.07,1031.25,0.253177,0.031373,-0.438704,0.468398,0.687572,0.920860,-0.110988,-1.527138,843.75,1.081484,5.1222,0.6972
128,0.002526,0.101805,746.01,549.50,1171.88,0.282562,0.027451,-0.451186,-0.023754,0.652102,1.090152,-0.111080,-1.156234,843.75,1.412256,8.3540,0.5978
133,0.003110,0.130981,826.04,571.92,1312.50,0.323924,0.027451,-0.623017,-0.162241,0.317405,1.151194,0.224735,-0.908077,843.75,1.365694,10.2910,0.4873
139,0.003621,0.371315,670.96,513.46,1078.12,0.256118,0.019608,-0.673415,0.355253,0.844550,1.011328,0.014544,-1.552260,843.75,0.944412,5.2577,0.6479
144,0.003305,0.269479,621.02,530.79,1031.25,0.234059,0.031373,0.004592,0.449227,0.553790,0.830322,-0.173615,-1.664315,187.50,1.214587,6.1482,0.7588
149,0.002186,0.157753,669.85,560.30,1171.88,0.271483,0.019608,-0.116567,0.450298,0.376265,0.751689,0.058567,-1.520251,187.50,1.161818,6.1792,0.7105
155,0.002035,0.100459,680.11,544.14,1171.88,0.272204,0.027451,-0.346065,0.271477,0.630912,0.989885,-0.159860,-1.386351,562.50,0.912238,5.8474,0.6761
160,0.002995,0.155777,704.52,587.01,1171.88,0.303244,0.027451,0.001728,0.036644,0.408743,0.917916,-0.147784,-1.217247,93.75,0.722827,5.8427,0.6686
165,0.003279,0.196419,672.69,564.64,1078.12,0.265487,0.019608,-0.147105,0.246635,0.573742,0.848155,-0.129841,-1.391586,328.12,0.859402,6.4055,0.6922
171,0.003615,0.392579,613.18,512.14,1031.25,0.252894,0.015686,-0.309440,0.565946,0.806796,0.821162,-0.180249,-1.704214,187.50,1.106491,5.9769,0.7447
176,0.002808,0.203915,579.82,537.87,984.38,0.222159,0.027451,0.329116,0.693747,0.248452,0.758709,-0.418299,-1.611725,140.62,1.542014,9.0290,0.8215
181,0.001599,0.204643,604.82,549.43,984.38,0.254217,0.031373,0.237485,0.555271,0.306197,0.795553,-0.387642,-1.506865,93.75,1.190603,6.8845,0.7931
187,0.002400,0.076858,703.85,563.21,1171.88,0.307336,0.023529,-0.275304,0.189403,0.503394,1.022905,-0.116941,-1.323456,515.62,0.738803,5.5880,0.6631
192,0.003180,0.188403,668.41,573.87,1125.00,0.291360,0.027451,0.153818,0.329511,0.278594,0.763960,-0.059798,-1.466085,843.75,0.773322,6.4528,0.7320
197,0.002695,0.258024,638.26,529.72,1031.25,0.217854,0.019608,0.017777,0.330936,0.614853,0.849890,-0.242178,-1.571278,843.75,0.941816,6.8027,0.7467
203,0.003402,0.307282,601.44,498.50,1031.25,0.219832,0.003922,-0.072712,0.536379,0.648280,0.890549,-0.189109,-1.813387,140.62,1.105442,6.7886,0.7744
208,0.001910,0.205874,544.37,517.84,937.50,0.215194,0.011765,0.537538,0.746576,0.098483,0.757954,-0.384110,-1.756440,140.62,1.628101,10.7487,0.8471
213,0.001977,0.104854,580.46,545.01,1031.25,0.252678,0.031373,0.467754,0.547321,0.181954,0.723240,-0.215874,-1.704396,140.62,1.247163,9.0384,0.8127
219,0.002031,0.132336,694.27,569.85,1218.75,0.284708,0.027451,0.018644,0.187459,0.436358,0.837550,-0.005228,-1.474782,140.62,0.827359,7.8618,0.6991
224,0.002441,0.286279,612.66,535.15,1125.00,0.240453,0.023529,0.185014,0.630388,0.302952,0.726067,-0.158722,-1.685699,140.62,0.823350,6.7972,0.7908
229,0.002330,0.198944,611.64,514.62,984.38,0.227165,0.011765,-0.213285,0.375647,0.774373,0.924119,-0.287379,-1.573476,328.12,0.705231,5.7716,0.7333
235,0.002406,0.219577,654.19,528.88,1078.12,0.257559,0.011765,-0.286197,0.333249,0.632683,0.967673,-0.074355,-1.573053,328.12,0.741863,5.9546,0.7000
240,0.001442,0.268401,573.29,534.68,984.38,0.233829,0.027451,0.282659,0.753920,0.304308,0.688238,-0.295192,-1.733932,140.62,1.093545,8.5215,0.8224
245,0.001830,0.098457,620.89,557.98,1031.25,0.255228,0.011765,0.289817,0.525210,0.306189,0.833627,-0.327528,-1.627316,140.62,0.826219,8.5176,0.7998
251,0.002173,0.161805,697.74,569.08,1171.88,0.298533,0.015686,0.024012,0.246725,0.274293,0.960398,-0.110342,-1.395087,140.62,0.610415,7.2207,0.7085
256,0.002568,0.297224,611.28,523.76,984.38,0.234309,0.023529,0.075508,0.628471,0.334642,0.910944,-0.262865,-1.686700,187.50,0.840675,7.6902,0.7903
261,0.001419,0.331512,576.80,476.51,937.50,0.199569,0.023529,-0.523398,0.779946,0.957655,0.958002,-0.236783,-1.935421,187.50,1.052828,8.0848,0.7711
267,0.001786,0.112506,587.82,488.35,937.50,0.207307,0.027451,-0.217898,0.614289,0.837759,0.876961,-0.188423,-1.922688,187.50,0.728847,6.7124,0.7779
272,0.001209,0.225371,622.74,568.75,1171.88,0.250120,0.027451,0.311974,0.366912,0.401655,0.733169,-0.198282,-1.615428,93.75,0.646065,7.5110,0.7767
277,0.001676,0.169119,661.09,569.47,1171.88,0.275735,0.023529,0.125545,0.161609,0.489459,0.825148,-0.067471,-1.534291,93.75,0.564231,6.9572,0.7200
283,0.002002,0.296794,676.53,495.76,1031.25,0.238790,0.015686,-0.221390,0.421248,0.358683,1.198166,0.003957,-1.760664,843.75,0.488234,5.7945,0.7268
288,0.002050,0.256463,635.34,490.14,984.38,0.215929,0.015686,-0.191299,0.415651,0.568216,1.165280,-0.184144,-1.773703,562.50,0.598446,6.2729,0.7486
293,0.001460,0.275606,524.80,478.24,843.75,0.174868,0.023529,0.240510,0.776745,0.750036,0.774352,-0.497467,-2.044175,187.50,0.790959,6.9398,0.8556
299,0.001642,0.069684,545.75,507.29,937.50,0.207044,0.023529,0.242141,0.642993,0.709679,0.661425,-0.274785,-1.981453,140.62,0.838432,10.1159,0.8279
304,0.001452,0.251689,548.03,514.72,937.50,0.219969,0.019608,0.376440,0.642822,0.456028,0.776608,-0.382134,-1.869764,140.62,0.660574,8.1501,0.8369
309,0.002033,0.205729,616.36,520.18,984.38,0.237526,0.011765,0.275270,0.518460,0.324285,1.012807,-0.227041,-1.903781,140.62,0.534082,6.6841,0.8119
315,0.001584,0.244197,562.99,496.83,937.50,0.200362,0.035294,0.170751,0.796050,0.490151,0.901329,-0.290245,-2.068036,187.50,0.787921,9.0415,0.8406
320,0.001217,0.192219,520.06,493.60,890.62,0.188220,0.015686,0.183823,0.729594,0.750954,0.772888,-0.453847,-1.983412,187.50,0.753530,8.7129,0.8423
325,0.001206,0.049178,523.87,502.98,890.62,0.201175,0.027451,0.102389,0.637401,0.900564,0.764014,-0.516302,-1.888066,187.50,0.540481,7.3232,0.8281
331,0.000947,0.185057,631.28,511.39,984.38,0.231134,0.031373,-0.167843,0.367511,0.695076,1.053613,-0.111071,-1.837285,328.12,0.456585,7.0136,0.7454
336,0.000641,0.190591,682.71,479.85,937.50,0.239814,0.074510,-0.502643,0.041579,0.792804,1.389062,-0.136167,-1.584635,796.88,0.360992,5.8877,0.6525
341,0.001212,0.158275,680.00,521.67,984.38,0.256123,0.035294,-0.335703,-0.028851,0.630656,1.368343,-0.179914,-1.454530,562.50,0.361261,7.4327,0.6536
347,0.001738,0.275950,588.89,550.91,984.38,0.228461,0.011765,0.177669,0.521999,0.527974,0.888101,-0.266470,-1.849273,515.62,0.407886,8.0807,0.8034
352,0.001470,0.373085,520.81,462.70,890.62,0.183429,0.015686,-0.040931,0.802707,0.911469,0.882452,-0.449829,-2.105869,187.50,0.671826,9.1639,0.8401
357,0.000736,0.170914,498.02,469.00,890.62,0.174396,0.023529,0.358394,0.919622,0.724417,0.745267,-0.578448,-2.169253,187.50,0.690310,9.0316,0.8821
363,0.001037,0.099098,548.21,494.97,937.50,0.212168,0.015686,0.267729,0.668086,0.701861,0.860416,-0.514620,-1.983471,140.62,0.359847,6.0146,0.8477
368,0.000998,0.160584,581.10,503.26,984.38,0.219400,0.023529,-0.293330,0.616533,0.896081,0.884568,-0.218555,-1.885296,234.38,0.323106,6.4683,0.7709
373,0.001225,0.216046,583.89,486.64,937.50,0.188988,0.019608,-0.019422,0.647575,0.579248,1.033191,-0.254671,-1.985920,187.50,0.393707,7.9719,0.8076
379,0.000939,0.255135,596.25,456.81,890.62,0.196301,0.011765,-0.374094,0.485029,0.883397,1.220594,-0.202195,-2.012730,562.50,0.453423,7.7675,0.7619
384,0.001217,0.147401,604.99,473.12,937.50,0.201900,0.027451,-0.300821,0.521693,0.854941,1.168461,-0.380163,-1.864111,187.50,0.436012,7.7112,0.7743
389,0.000923,0.234177,533.11,500.97,937.50,0.208670,0.019608,0.086226,0.906117,0.689179,0.730370,-0.502171,-1.909721,187.50,0.551202,10.2290,0.8458
395,0.000962,0.130371,561.12,500.43,937.50,0.211738,0.039216,-0.052925,0.745414,0.715426,0.908890,-0.437710,-1.879096,187.50,0.354805,7.3335,0.8183
400,0.000909,0.158458,606.49,514.10,984.38,0.223276,0.023529,-0.267553,0.582991,0.739477,0.947435,-0.266924,-1.735426,515.62,0.310629,6.3378,0.7611
#END {"type":"keypress","session_id":"piano_b2a0d275b8479bf7","ms":55845,"path":"/raw_C#1_r02_55196.csv","rows":115}

----- END /raw_C#1_r02_55196.csv -----
=== KEY_DUMP_END key=C#1 ===
NEXT: D1
PRESS D1  rep 1/2  then hit Enter

> REC OK: /raw_D1_r01_60316.csv
PRESS D1  rep 2/2  then hit Enter

> REC OK: /raw_D1_r02_62935.csv
=== KEY_DUMP_BEGIN key=D1 files=2 ===
----- BEGIN /raw_D1_r01_60316.csv (17694 bytes) -----
#BEGIN {"type":"keypress","session_id":"piano_b2a0d275b8479bf7","ms":60518,"key":"D1","rep":1,"reps_per_key":2,"fs_hz":48000,"hop":256,"n_fft":1024,"fmin":50.0,"fmax":3500.0,"lead_ms":150,"pre_ms":60,"post_ms":400,"stored_pre_ms":210,"pre_frames":40,"post_frames":75,"path":"/raw_D1_r01_60316.csv"}
ms_from_event,rms,flux,centroid_hz,spread_hz,rolloff85_hz,flatness,zcr,band0,band1,band2,band3,band4,band5,peak_hz,peak_mag,peak_ratio,low_dom
-208,0.000065,0.159523,966.22,1037.49,2437.50,0.584559,0.294118,0.083415,0.584750,0.191718,-0.523495,-0.272965,-0.063421,140.62,0.033671,8.9985,0.6230
-203,0.000069,0.164026,1147.53,1121.94,2671.88,0.600000,0.196078,0.366612,0.532830,-0.357629,-0.819257,-0.031921,0.309366,140.62,0.029206,9.1270,0.5771
-197,0.000052,0.137331,1295.44,1160.64,2765.62,0.638953,0.352941,0.147984,0.347493,-0.340738,-0.766619,0.103083,0.508799,140.62,0.017175,6.4243,0.4855
-192,0.000049,0.138498,1389.47,1163.10,2812.50,0.667166,0.384314,0.033873,0.015673,-0.275069,-0.598655,0.223359,0.600817,140.62,0.010321,4.4636,0.4044
-187,0.000054,0.273555,1545.72,1115.00,3000.00,0.814712,0.352941,-0.127352,-0.081275,-0.508866,-0.513789,0.431535,0.799748,140.62,0.007647,3.1292,0.3274
-181,0.000089,0.206153,1424.99,1085.33,2718.75,0.678537,0.219608,-0.520827,0.132684,-0.129609,-0.360528,0.222928,0.655352,234.38,0.009586,4.3485,0.3468
-176,0.000075,0.415769,1005.93,1027.43,2296.88,0.616305,0.231373,0.089256,0.403794,0.092749,-0.491703,-0.048416,-0.045680,140.62,0.019383,5.9989,0.5729
-171,0.000069,0.277711,1020.56,1052.95,2343.75,0.579374,0.223529,-0.026225,0.485336,0.169972,-0.694256,-0.106430,0.171603,187.50,0.031970,8.3905,0.5491
-165,0.000078,0.206128,1098.99,1078.31,2578.12,0.614769,0.215686,-0.425318,0.502372,0.397486,-0.474965,-0.283910,0.284335,187.50,0.025855,7.0081,0.5096
-160,0.000061,0.147151,1018.67,1044.25,2484.38,0.570389,0.262745,-0.332181,0.567106,0.544248,-0.510855,-0.491417,0.223100,281.25,0.029111,7.9485,0.5626
-155,0.000079,0.129826,1083.62,1075.99,2578.12,0.566921,0.243137,-0.769515,0.554920,0.613006,-0.197840,-0.484336,0.283765,281.25,0.026721,8.1888,0.4982
-149,0.000094,0.235829,1145.70,1104.84,2718.75,0.612489,0.160784,-0.552950,0.218866,0.607532,-0.239576,-0.309721,0.275848,328.12,0.029251,9.2055,0.4625
-144,0.000081,0.344161,956.60,1009.65,2296.88,0.521505,0.160784,-0.896391,0.779273,0.873970,-0.578968,-0.244939,0.067055,281.25,0.044122,11.2732,0.5076
-139,0.000071,0.169707,924.85,950.81,2250.00,0.569245,0.290196,-0.736836,0.640292,0.799804,-0.442091,-0.123839,-0.137331,281.25,0.046836,12.2063,0.5206
-133,0.000051,0.109565,964.06,961.78,2296.88,0.569543,0.329412,-0.694006,0.461163,0.686009,-0.217479,-0.180073,-0.055616,281.25,0.034905,10.0249,0.5004
-128,0.000060,0.162737,1166.83,1031.55,2531.25,0.714501,0.274510,-0.445405,0.167308,0.257651,-0.188409,0.064031,0.144825,281.25,0.016264,5.6360,0.4394
-123,0.000065,0.207409,1247.11,1113.25,2812.50,0.665610,0.207843,0.273501,0.239705,-0.787556,-0.394155,0.264770,0.403733,140.62,0.014832,6.3977,0.4806
-117,0.000060,0.266011,1267.95,1185.19,2953.12,0.658017,0.274510,0.178451,0.219162,-0.396508,-0.490261,0.070201,0.418954,140.62,0.016969,6.3957,0.4886
-112,0.000062,0.267451,1203.14,1127.69,2812.50,0.651035,0.270588,-0.085163,0.397907,-0.171460,-0.456639,0.035256,0.280101,140.62,0.021117,6.9186,0.4997
-107,0.000052,0.223340,1205.15,1059.13,2578.12,0.680730,0.337255,-0.007594,0.149045,-0.457293,-0.190502,0.276005,0.230338,187.50,0.012890,4.2599,0.4545
-101,0.000053,0.166281,1202.82,1070.98,2671.88,0.713235,0.376471,-0.008158,0.090555,-0.243194,-0.124561,0.051254,0.234104,281.25,0.011156,3.9868,0.4747
-96,0.000051,0.156802,1303.64,1105.21,2812.50,0.722675,0.321569,-0.452046,0.294465,-0.012913,-0.178566,-0.053130,0.402191,281.25,0.012123,5.0317,0.4370
-91,0.000068,0.173894,1184.31,1087.61,2765.62,0.644796,0.290196,-0.331824,0.167478,0.272176,-0.301230,-0.118959,0.312359,281.25,0.011985,5.3078,0.4554
-85,0.000062,0.289007,1088.13,1077.16,2718.75,0.651091,0.219608,-0.115808,0.365114,0.104717,-0.171337,-0.354702,0.172017,140.62,0.018600,6.9391,0.5538
-80,0.000057,0.292041,1072.17,1097.47,2765.62,0.600117,0.239216,-0.309494,0.456179,0.388886,-0.266070,-0.446170,0.176669,140.62,0.023027,7.1222,0.5518
-75,0.000064,0.234510,1180.06,1086.46,2671.88,0.661999,0.301961,-0.080305,0.326988,-0.018320,-0.453552,-0.002282,0.227471,140.62,0.019214,6.7420,0.5027
-69,0.000062,0.181191,1322.70,1123.14,2765.62,0.704552,0.294118,-0.330177,0.220313,0.122157,-0.518244,0.053745,0.452207,140.62,0.015998,5.7518,0.4236
-64,0.000075,0.285284,1266.39,1141.34,2765.62,0.657556,0.223529,-0.500301,0.364331,0.437207,-0.483497,-0.364738,0.546997,328.12,0.020876,6.7182,0.4603
-59,0.000081,0.278561,1209.09,1100.40,2765.62,0.664224,0.207843,-0.968700,0.433572,0.614466,-0.261047,-0.298497,0.480206,281.25,0.033390,9.1257,0.4113
-53,0.000092,0.169037,1152.11,1103.76,2765.62,0.628951,0.137255,-0.986635,0.454709,0.819327,-0.395640,-0.282827,0.391066,281.25,0.040926,11.7731,0.4207
-48,0.000072,0.190450,1227.98,1131.46,2906.25,0.619355,0.254902,-1.601499,0.432265,0.966390,-0.312467,-0.058396,0.573706,281.25,0.040294,11.6353,0.3011
-43,0.000061,0.257988,1132.45,1064.14,2671.88,0.617306,0.364706,-1.166334,0.477861,0.837063,-0.349168,-0.156348,0.356927,281.25,0.042786,10.9413,0.3907
-37,0.000069,0.083376,1213.91,1094.14,2671.88,0.642702,0.290196,-0.878348,0.439889,0.536592,-0.307400,-0.230540,0.439808,281.25,0.027517,9.3825,0.4197
-32,0.000116,0.275999,1196.10,1099.29,2578.12,0.670916,0.137255,-0.073081,0.444506,-0.029161,-0.716803,0.022156,0.352383,140.62,0.015730,6.0143,0.4996
-27,0.000181,0.390311,930.54,1042.76,2250.00,0.534851,0.066667,0.468511,0.655361,-0.073580,-0.850221,-0.184441,-0.015629,140.62,0.040964,10.6665,0.6597
-21,0.000234,0.404391,687.94,969.56,1875.00,0.394347,0.043137,0.916946,1.035479,-0.247297,-0.811018,-0.589561,-0.304549,140.62,0.086337,15.3962,0.8059
-16,0.000157,0.272081,622.92,946.17,1593.75,0.350782,0.137255,1.041073,1.231589,-0.280110,-0.779377,-0.897992,-0.315183,140.62,0.129534,18.3675,0.8511
-11,0.000124,0.120177,593.23,887.54,1453.12,0.365111,0.254902,1.170937,1.165919,-0.627854,-0.769921,-0.559423,-0.379659,140.62,0.112735,16.8367,0.8373
-5,0.000122,0.142799,815.88,980.25,2062.50,0.481470,0.164706,0.495296,0.780062,-0.363661,-0.488256,-0.263107,-0.160335,140.62,0.061590,12.9423,0.7004
0,0.000343,0.233350,898.21,953.48,2109.38,0.550523,0.031373,0.213164,0.491943,-0.392338,0.006984,-0.144156,-0.175596,187.50,0.053220,10.4459,0.6254
5,0.006062,0.930256,837.09,728.28,1500.00,0.483515,0.027451,-0.660338,0.122859,0.294358,1.044907,-0.238712,-0.563073,187.50,0.335311,4.5901,0.5330
11,0.005148,0.693323,713.21,655.16,1125.00,0.390285,0.007843,0.151540,0.314384,0.044792,0.864262,-0.324681,-1.050296,140.62,1.595350,6.7892,0.7151
16,0.003625,0.252989,595.08,561.66,1031.25,0.259000,0.039216,0.551452,0.664236,0.033063,0.690934,-0.180669,-1.759016,140.62,2.575948,9.1019,0.8289
21,0.004775,0.131943,625.64,514.42,1125.00,0.184621,0.023529,0.384785,0.583968,0.222085,0.772405,0.284868,-2.248111,140.62,1.644689,7.0427,0.8124
27,0.005774,0.241714,661.08,486.99,1031.25,0.183145,0.027451,-0.105355,0.358971,0.638874,0.981165,0.118304,-1.991959,890.62,1.651337,6.5583,0.7434
32,0.005425,0.253359,603.21,491.92,984.38,0.174928,0.019608,0.219456,0.566321,0.512722,0.814695,-0.096854,-2.016339,843.75,2.004171,7.3937,0.8099
37,0.008294,0.230971,597.71,481.47,984.38,0.163746,0.003922,0.210177,0.599275,0.701576,0.722911,-0.026610,-2.207329,140.62,2.586771,9.1642,0.8208
43,0.004262,0.282904,528.97,491.16,984.38,0.154245,0.031373,0.548506,0.876795,0.402634,0.466089,-0.086074,-2.207950,140.62,3.627830,11.6109,0.8653
48,0.007871,0.130471,522.66,476.40,937.50,0.147936,0.019608,0.519568,0.912675,0.323288,0.605415,-0.293428,-2.067518,140.62,3.821426,12.9013,0.8695
53,0.004862,0.199440,546.52,465.06,937.50,0.149413,0.035294,0.336061,0.982319,0.488939,0.723245,-0.174711,-2.355853,140.62,3.185750,9.9466,0.8726
59,0.004088,0.179508,565.11,479.16,937.50,0.167447,0.027451,0.099127,0.886778,0.735048,0.737408,-0.181402,-2.276960,234.38,2.266739,7.0095,0.8484
64,0.006896,0.112974,618.17,488.20,1031.25,0.188530,0.023529,0.117412,0.552865,0.569836,0.805424,-0.011033,-2.034505,375.00,1.568518,6.4884,0.7954
69,0.003565,0.252867,704.50,696.04,1218.75,0.416170,0.023529,0.051218,0.416692,0.318655,0.412358,-0.197552,-1.001371,140.62,2.467657,8.6172,0.6971
75,0.003118,0.240198,849.32,819.56,1687.50,0.562196,0.031373,-0.235792,0.246761,0.212665,0.291335,0.001483,-0.516453,375.00,1.996035,5.8766,0.5654
80,0.004346,0.070889,847.76,742.02,1500.00,0.489359,0.015686,-0.529663,-0.017857,0.453499,0.600842,0.146497,-0.653317,375.00,1.698135,7.8016,0.4949
85,0.006150,0.247042,710.21,512.38,1218.75,0.224836,0.015686,-0.355292,0.160519,0.795115,0.861387,0.292111,-1.753839,375.00,1.581349,7.3225,0.6533
91,0.004594,0.352649,552.44,478.59,937.50,0.178592,0.011765,0.208133,0.816512,0.681722,0.701908,-0.224683,-2.183592,140.62,2.212983,8.1690,0.8477
96,0.004570,0.140502,519.73,461.65,890.62,0.160355,0.011765,0.423722,1.007791,0.621276,0.690621,-0.392287,-2.351123,140.62,2.819002,10.7466,0.8897
101,0.004146,0.130575,578.56,486.67,984.38,0.180716,0.023529,0.066442,0.894268,0.599847,0.713679,-0.077017,-2.197219,140.62,2.118248,8.5382,0.8344
107,0.003549,0.171773,615.30,495.15,1125.00,0.190082,0.019608,-0.162518,0.717523,0.909941,0.657950,0.082969,-2.205865,234.38,1.701949,7.1281,0.7923
112,0.004613,0.069655,651.61,514.51,1171.88,0.200723,0.023529,-0.197108,0.470156,0.892777,0.722830,0.065031,-1.953687,375.00,1.406047,7.9011,0.7467
117,0.006325,0.327181,551.89,495.37,984.38,0.188341,0.003922,0.323778,0.797596,0.677066,0.618624,-0.165981,-2.251083,140.62,2.058237,9.2370,0.8544
123,0.005268,0.302236,535.22,496.80,984.38,0.178024,0.015686,0.528737,1.069819,0.210988,0.611602,-0.174221,-2.246925,140.62,3.407837,12.8151,0.8818
128,0.003985,0.046090,555.55,497.67,984.38,0.171552,0.011765,0.553224,1.014812,0.125295,0.655844,-0.072928,-2.276248,140.62,3.357628,14.2637,0.8764
133,0.003229,0.152519,541.43,500.66,937.50,0.184882,0.015686,0.436265,0.943807,0.548655,0.580601,-0.304469,-2.204859,140.62,2.348321,11.0145,0.8749
139,0.004268,0.160153,582.82,494.82,1078.12,0.195972,0.011765,-0.057532,0.749989,0.871782,0.601832,0.036910,-2.202981,140.62,1.259139,6.6138,0.8068
144,0.004047,0.241392,599.41,474.59,1031.25,0.165486,0.011765,-0.138971,0.679433,0.911522,0.820601,0.049432,-2.322016,234.38,1.600926,7.6093,0.8032
149,0.004308,0.219896,561.31,492.58,984.38,0.175891,0.007843,0.379015,0.891618,0.413907,0.716087,-0.110644,-2.289983,140.62,1.859322,9.1518,0.8624
155,0.004975,0.178609,554.48,497.80,937.50,0.187123,0.035294,0.562466,0.918688,0.196237,0.725541,-0.258839,-2.144093,140.62,2.670932,14.0697,0.8746
160,0.003783,0.207897,519.23,511.99,984.38,0.181449,0.015686,0.650425,1.062889,0.182815,0.377962,-0.122489,-2.151601,140.62,2.940217,14.3924,0.8801
165,0.002323,0.165213,539.11,506.17,1031.25,0.186033,0.027451,0.461126,0.912162,0.551503,0.403992,-0.089943,-2.238838,140.62,2.410478,11.6232,0.8642
171,0.004084,0.109935,571.15,505.72,1031.25,0.200757,0.003922,0.204270,0.820624,0.687192,0.612677,-0.072313,-2.252450,140.62,1.415861,8.3484,0.8422
176,0.003549,0.141351,530.09,511.19,984.38,0.182255,0.015686,0.529963,0.948823,0.418833,0.508808,-0.202709,-2.203717,93.75,1.581619,9.6889,0.8746
181,0.004903,0.181740,555.39,528.94,1125.00,0.187308,0.003922,0.626188,0.961235,0.111153,0.464989,-0.071722,-2.091844,140.62,2.415316,14.1063,0.8671
187,0.003301,0.159695,515.85,519.27,984.38,0.182722,0.015686,0.684925,1.038234,0.336752,0.235357,-0.103694,-2.191575,140.62,2.671880,15.7120,0.8818
192,0.002259,0.210229,502.37,493.62,937.50,0.178033,0.023529,0.566567,1.021041,0.477796,0.349638,-0.277296,-2.137746,140.62,2.354460,12.0446,0.8809
197,0.002205,0.089499,604.18,541.06,1125.00,0.227925,0.027451,0.184502,0.616391,0.409546,0.598269,-0.116675,-1.692034,140.62,1.266639,9.1503,0.7866
203,0.002510,0.203354,700.94,562.89,1312.50,0.278225,0.011765,-0.052676,0.469632,0.356543,0.742916,0.185249,-1.701664,234.38,0.655621,5.3158,0.7245
208,0.003806,0.235397,604.44,540.06,1218.75,0.218862,0.015686,0.314770,0.836891,0.305463,0.517751,0.094884,-2.069759,140.62,1.119959,8.4120,0.8268
213,0.004299,0.253494,561.55,521.40,1125.00,0.197376,0.011765,0.439484,0.871848,0.378380,0.332311,0.035994,-2.058018,140.62,1.889384,13.2901,0.8411
219,0.002015,0.249851,471.23,495.11,937.50,0.178721,0.031373,0.679691,1.154687,0.490730,0.157697,-0.227027,-2.255779,140.62,2.380152,14.2823,0.8965
224,0.002848,0.087112,520.26,522.88,1078.12,0.185892,0.007843,0.617613,1.061729,0.487569,0.157981,-0.013295,-2.311596,140.62,2.081691,14.3466,0.8810
229,0.001976,0.117012,563.76,533.62,1171.88,0.207267,0.019608,0.328844,0.979720,0.410814,0.338743,0.009999,-2.068118,140.62,1.457395,11.4404,0.8433
235,0.002340,0.217303,597.30,539.68,1171.88,0.229771,0.023529,0.150909,0.819323,0.526327,0.342423,0.052989,-1.891971,281.25,0.998255,8.1907,0.8029
240,0.003748,0.116209,572.44,542.97,1171.88,0.223939,0.007843,0.096550,0.896319,0.834270,0.095094,0.025058,-1.947292,281.25,0.895972,8.1639,0.8112
245,0.002593,0.340348,519.39,521.55,1031.25,0.197453,0.007843,0.484893,0.979395,0.482003,0.144104,-0.144265,-1.946130,140.62,1.675272,12.2965,0.8554
251,0.003085,0.091632,499.35,509.77,984.38,0.177708,0.003922,0.616600,1.071807,0.384924,0.154228,-0.182131,-2.045428,140.62,1.932839,14.3338,0.8763
256,0.001517,0.119389,521.86,512.06,1125.00,0.175749,0.019608,0.539497,1.052748,0.469022,0.171550,0.049728,-2.282544,140.62,1.683112,14.3584,0.8713
261,0.001574,0.133470,534.46,550.50,1171.88,0.194916,0.023529,0.667781,1.082603,0.078085,0.126217,0.060155,-2.014841,140.62,1.327550,13.2520,0.8644
267,0.002473,0.119054,628.27,560.96,1218.75,0.226949,0.011765,0.181014,0.706957,0.337871,0.325169,0.220235,-1.771246,93.75,0.628424,8.0314,0.7720
272,0.002491,0.299707,606.28,510.38,1125.00,0.199919,0.023529,0.078643,0.699525,0.632388,0.522988,0.087987,-2.021530,140.62,0.726615,7.4192,0.7951
277,0.002378,0.220148,508.88,518.33,984.38,0.187531,0.007843,0.639873,0.995991,0.412237,0.158285,-0.110873,-2.095513,140.62,1.393517,13.4251,0.8723
283,0.002282,0.155810,522.61,545.18,1031.25,0.218739,0.003922,0.572362,1.025093,0.295847,0.158805,-0.165827,-1.886279,140.62,1.556854,15.1993,0.8611
288,0.001577,0.078232,515.21,570.41,1125.00,0.224713,0.023529,0.645973,1.174833,0.045825,-0.022015,-0.006739,-1.837877,140.62,1.478462,16.5357,0.8621
293,0.001407,0.158710,568.87,557.54,1125.00,0.235636,0.039216,0.448705,0.941083,0.156024,0.233812,0.062090,-1.841714,140.62,1.144625,13.1646,0.8299
299,0.001770,0.204440,588.34,536.62,1125.00,0.233258,0.027451,-0.268311,0.889269,0.846911,0.266326,0.073355,-1.807551,187.50,0.779478,9.9010,0.7645
304,0.002352,0.142498,580.69,540.77,1125.00,0.237608,0.015686,0.028272,0.761358,0.616647,0.386913,-0.082361,-1.710830,187.50,0.795639,10.4093,0.7844
309,0.001938,0.245076,529.07,535.00,984.38,0.229049,0.007843,0.426195,0.975394,0.416869,0.230208,-0.237676,-1.810990,140.62,1.139538,13.1973,0.8488
315,0.001451,0.147741,522.44,523.46,1078.12,0.191523,0.007843,0.447189,1.125407,0.267239,0.214177,0.026865,-2.080876,140.62,1.217544,14.5020,0.8598
320,0.002221,0.117944,554.08,527.83,1125.00,0.215285,0.007843,0.342504,0.995270,0.333393,0.368922,-0.008168,-2.031921,140.62,0.974590,13.5545,0.8441
325,0.001716,0.215301,488.63,497.74,937.50,0.175648,0.015686,0.431243,1.103201,0.625072,0.173637,-0.279379,-2.053774,140.62,0.990250,13.0582,0.8737
331,0.001571,0.151295,500.10,482.64,937.50,0.168267,0.007843,0.369860,1.140126,0.690515,0.372048,-0.156396,-2.416154,187.50,1.084814,13.0483,0.8851
336,0.001551,0.092350,540.19,513.99,1078.12,0.200255,0.003922,-0.009316,0.988858,0.750329,0.210260,0.149635,-2.089766,187.50,0.936673,13.8946,0.8115
341,0.001491,0.168182,544.71,500.70,1078.12,0.186087,0.007843,0.224442,1.003337,0.503957,0.443269,0.000277,-2.175283,187.50,0.833534,12.3963,0.8457
347,0.002125,0.141454,516.06,519.86,984.38,0.200698,0.015686,0.591638,1.110920,0.145761,0.432278,-0.125768,-2.154829,140.62,1.011367,16.2267,0.8799
352,0.001795,0.262674,474.87,491.98,937.50,0.169433,0.019608,0.476314,1.236804,0.607503,0.182582,-0.241743,-2.261460,187.50,1.061176,14.1873,0.8917
357,0.001277,0.101831,469.20,465.43,937.50,0.166504,0.023529,0.417994,1.171250,0.653137,0.307179,-0.241060,-2.308500,187.50,1.035221,14.2669,0.8879
363,0.001159,0.062593,502.22,484.64,984.38,0.168160,0.007843,0.361370,1.050249,0.645668,0.263501,-0.100302,-2.220486,187.50,0.794136,12.6601,0.8660
368,0.001639,0.100276,544.12,499.40,984.38,0.186133,0.007843,-0.031031,0.994581,0.685655,0.521214,-0.082963,-2.087456,187.50,0.741340,13.8798,0.8274
373,0.001925,0.187429,484.62,517.20,937.50,0.194342,0.003922,0.391531,1.156196,0.541781,0.156277,-0.215164,-2.030620,187.50,0.811167,14.7237,0.8695
379,0.002104,0.228812,449.57,504.53,937.50,0.168118,0.011765,0.724154,1.282045,0.360425,-0.064651,-0.253162,-2.048812,140.62,1.070073,17.3948,0.8961
384,0.001257,0.239328,429.59,464.88,890.62,0.152524,0.027451,0.708760,1.319869,0.542722,0.096510,-0.343119,-2.324742,140.62,1.185421,16.1063,0.9128
389,0.000859,0.115987,451.47,452.63,890.62,0.138935,0.023529,0.547895,1.245700,0.684455,0.336571,-0.419355,-2.395267,187.50,0.896859,13.0581,0.9092
395,0.001656,0.049421,530.56,492.98,937.50,0.192855,0.007843,0.065238,1.017487,0.712935,0.467344,-0.158421,-2.104583,187.50,0.631422,12.5999,0.8420
400,0.001931,0.220535,491.21,518.40,984.38,0.187464,0.003922,0.589079,1.211562,0.166596,0.165461,-0.145980,-1.986717,140.62,0.769470,15.4536,0.8773
#END {"type":"keypress","session_id":"piano_b2a0d275b8479bf7","ms":60970,"path":"/raw_D1_r01_60316.csv","rows":115}

----- END /raw_D1_r01_60316.csv -----
----- BEGIN /raw_D1_r02_62935.csv (17672 bytes) -----
#BEGIN {"type":"keypress","session_id":"piano_b2a0d275b8479bf7","ms":63137,"key":"D1","rep":2,"reps_per_key":2,"fs_hz":48000,"hop":256,"n_fft":1024,"fmin":50.0,"fmax":3500.0,"lead_ms":150,"pre_ms":60,"post_ms":400,"stored_pre_ms":210,"pre_frames":40,"post_frames":75,"path":"/raw_D1_r02_62935.csv"}
ms_from_event,rms,flux,centroid_hz,spread_hz,rolloff85_hz,flatness,zcr,band0,band1,band2,band3,band4,band5,peak_hz,peak_mag,peak_ratio,low_dom
-208,0.000073,0.210882,1079.02,1059.46,2625.00,0.599029,0.180392,-0.823491,0.575810,0.684877,-0.343741,-0.333642,0.240186,281.25,0.042802,10.2660,0.4807
-203,0.000080,0.247323,1109.51,1092.55,2718.75,0.587287,0.235294,-0.305488,0.284570,0.616721,-0.505936,-0.386244,0.296378,328.12,0.038858,9.6412,0.5086
-197,0.000066,0.155899,992.00,1045.54,2484.38,0.571498,0.282353,-0.188762,0.524091,0.517424,-0.560928,-0.345470,0.053647,281.25,0.028450,7.5740,0.5778
-192,0.000059,0.163657,1123.19,1066.16,2578.12,0.664662,0.341176,-0.546325,0.446663,0.262388,-0.276210,-0.160463,0.273947,187.50,0.026716,8.1008,0.4734
-187,0.000072,0.179313,1255.22,1120.41,2765.62,0.663727,0.235294,-0.811231,0.394065,0.382252,-0.198819,-0.245582,0.479317,234.38,0.020371,6.7040,0.4193
-181,0.000073,0.249073,1148.83,1074.69,2671.88,0.671310,0.301961,-0.444940,0.224427,0.401118,-0.276626,-0.158752,0.254773,281.25,0.020197,6.3004,0.4605
-176,0.000080,0.256287,1043.20,1081.37,2531.25,0.615502,0.168627,0.255855,0.220556,0.177583,-0.429051,-0.386675,0.161733,328.12,0.015760,4.5731,0.5868
-171,0.000093,0.156059,1161.14,1111.20,2625.00,0.637201,0.176471,0.405319,0.442320,-0.507866,-0.515061,-0.168359,0.343647,140.62,0.026067,9.0992,0.5833
-165,0.000073,0.252577,987.30,1050.39,2343.75,0.552304,0.235294,0.468758,0.749245,-0.508145,-0.701370,-0.134865,0.126378,140.62,0.040260,12.0144,0.6487
-160,0.000076,0.205493,965.77,1048.14,2390.62,0.556821,0.200000,0.452189,0.816846,-0.491620,-0.680405,-0.107817,0.010808,140.62,0.048865,13.0810,0.6644
-155,0.000070,0.146114,1133.72,1072.47,2578.12,0.625050,0.223529,0.393385,0.727895,-0.755094,-0.791342,0.100861,0.324294,140.62,0.044797,12.9388,0.5861
-149,0.000115,0.174993,1233.20,1108.28,2625.00,0.698982,0.113725,0.306729,0.520127,-0.523054,-0.736280,0.054240,0.378239,140.62,0.036363,10.6759,0.5491
-144,0.000077,0.247632,1119.97,1117.32,2578.12,0.639487,0.266667,0.576249,0.504467,-0.588501,-0.760698,-0.057460,0.325943,93.75,0.043170,11.0619,0.6002
-139,0.000084,0.195834,928.36,1026.06,2296.88,0.549951,0.203922,0.633072,0.580667,-0.589859,-0.638070,-0.036498,0.050687,140.62,0.041907,10.9299,0.6456
-133,0.000058,0.212514,957.59,1026.90,2343.75,0.573471,0.258824,0.014084,0.651767,0.080070,-0.651565,-0.158032,0.063675,187.50,0.034949,11.0822,0.5939
-128,0.000090,0.283810,947.91,1031.09,2390.62,0.579485,0.215686,-0.036379,0.547595,0.433260,-0.560355,-0.425944,0.041824,140.62,0.027664,7.3233,0.6101
-123,0.000093,0.183268,1091.34,1068.32,2531.25,0.611836,0.211765,-0.255949,0.384001,0.475368,-0.499982,-0.304450,0.201013,281.25,0.031585,8.6259,0.5289
-117,0.000070,0.294462,917.52,1001.87,2390.62,0.518683,0.309804,-0.394994,0.698038,0.716274,-0.699839,-0.362544,0.043064,281.25,0.039390,8.9369,0.5772
-112,0.000095,0.117454,950.88,1015.98,2390.62,0.525842,0.152941,-0.472726,0.714360,0.606048,-0.690931,-0.178359,0.021607,234.38,0.033415,9.5436,0.5496
-107,0.000069,0.315495,1097.43,1102.96,2578.12,0.635532,0.278431,0.261965,0.450266,-0.181926,-0.597714,-0.091746,0.159154,140.62,0.028126,7.9769,0.5799
-101,0.000065,0.136717,1083.44,1090.21,2484.38,0.594925,0.227451,0.446046,0.490770,-0.454449,-0.756948,0.019029,0.255553,140.62,0.032717,9.8983,0.5820
-96,0.000092,0.124876,1083.37,1050.74,2390.62,0.626196,0.133333,0.277905,0.530820,-0.624964,-0.371279,0.088976,0.098542,140.62,0.034421,11.5616,0.5770
-91,0.000049,0.275640,938.70,1007.11,2062.50,0.565192,0.411765,0.572578,0.534487,-0.664727,-0.405536,0.123121,-0.159921,140.62,0.033492,9.6330,0.6392
-85,0.000077,0.172904,1123.42,1070.42,2578.12,0.637198,0.180392,0.404509,0.150619,-0.571906,-0.393472,0.152516,0.257732,140.62,0.022630,7.3748,0.5181
-80,0.000107,0.190021,1102.28,1032.43,2484.38,0.684230,0.203922,0.212514,0.088595,-0.343393,-0.261955,0.142358,0.161881,140.62,0.018972,5.8006,0.4996
-75,0.000086,0.305629,1017.05,1061.85,2531.25,0.570250,0.149020,0.082009,0.411046,0.071301,-0.521079,-0.107853,0.064576,187.50,0.028311,7.5572,0.5666
-69,0.000065,0.212810,1033.92,1116.11,2718.75,0.558979,0.282353,0.022940,0.535655,0.288679,-0.548304,-0.468974,0.170003,140.62,0.028948,6.9166,0.6056
-64,0.000093,0.176991,1022.71,1102.59,2718.75,0.559621,0.156863,0.056488,0.505651,0.243064,-0.462466,-0.439604,0.096866,140.62,0.030391,7.7691,0.6112
-59,0.000056,0.183683,1120.06,1107.57,2812.50,0.590719,0.376471,-0.269826,0.566863,0.154609,-0.506197,-0.104853,0.159406,281.25,0.030577,8.0554,0.5303
-53,0.000071,0.226527,1172.74,1117.54,2765.62,0.639836,0.274510,-0.427403,0.453376,0.385955,-0.536171,-0.215117,0.339360,281.25,0.027455,6.7949,0.4877
-48,0.000085,0.170898,1373.13,1163.37,2953.12,0.703165,0.176471,-0.824881,0.043352,0.644533,-0.396084,-0.228994,0.762074,281.25,0.023511,7.2762,0.3413
-43,0.000084,0.243341,1128.90,1044.40,2531.25,0.621008,0.180392,-1.201146,0.127115,0.893327,-0.116731,-0.120007,0.417444,328.12,0.036888,11.0465,0.3350
-37,0.000097,0.272642,1038.06,1013.79,2390.62,0.590301,0.129412,-0.584211,0.377960,0.682451,-0.410609,-0.176233,0.110641,281.25,0.040855,10.8330,0.4824
-32,0.000089,0.221943,988.10,1052.50,2437.50,0.567777,0.101961,-0.227991,0.563326,0.610847,-0.620897,-0.346259,0.020973,281.25,0.042697,10.3450,0.5818
-27,0.000113,0.282627,869.58,1002.41,2203.12,0.514110,0.164706,-0.049423,0.766488,0.495842,-0.591955,-0.492598,-0.128354,234.38,0.035484,7.8878,0.6613
-21,0.000373,0.244583,881.37,979.61,2203.12,0.546638,0.062745,-0.070459,0.732278,0.102513,-0.317931,-0.424372,-0.022029,187.50,0.061123,13.4160,0.6351
-16,0.000966,0.560939,539.15,828.81,1218.75,0.324813,0.003922,1.111317,1.334504,-0.503477,-0.706344,-0.784003,-0.451998,140.62,0.159247,17.1507,0.8631
-11,0.001158,0.523647,352.28,647.94,421.88,0.197806,0.015686,1.676971,1.702412,-0.636520,-0.859158,-1.025448,-0.858256,140.62,0.414577,21.8176,0.9329
-5,0.001223,0.375735,312.11,522.47,515.62,0.145149,0.003922,1.644609,1.795012,-0.547194,-0.170366,-1.294771,-1.427291,140.62,0.698874,25.1894,0.9561
0,0.000636,0.160195,301.04,508.13,468.75,0.131118,0.003922,1.674582,1.837673,-0.609121,-0.188276,-1.217425,-1.497433,140.62,0.808321,25.2293,0.9574
5,0.005273,0.603062,814.02,858.01,1921.88,0.553443,0.019608,0.075052,0.462054,0.154067,0.042106,-0.334836,-0.398442,140.62,0.600413,9.1936,0.6537
11,0.006264,0.721895,841.95,693.42,1312.50,0.459256,0.027451,-0.462709,-0.093534,0.384685,0.719481,0.155243,-0.703166,890.62,1.034582,4.5210,0.4990
16,0.003431,0.381958,724.22,588.96,1171.88,0.323287,0.043137,0.041385,0.320277,0.064754,0.829516,0.087644,-1.343575,937.50,2.010540,5.8785,0.6919
21,0.008948,0.087118,756.39,577.06,1265.62,0.271979,0.039216,0.262802,0.348019,-0.467749,0.934670,0.529947,-1.607690,937.50,2.064561,7.4204,0.6994
27,0.005156,0.347463,841.16,520.34,1265.62,0.268032,0.035294,-0.567247,-0.147389,0.141712,1.309122,0.649431,-1.385628,937.50,3.241962,9.2516,0.5027
32,0.005694,0.170527,822.68,521.37,1218.75,0.240393,0.035294,-0.331417,-0.196069,0.055022,1.246819,0.562353,-1.336707,937.50,2.685884,7.1126,0.5308
37,0.005289,0.174851,742.09,550.64,1218.75,0.264266,0.027451,-0.103405,0.186119,0.265757,0.845981,0.396879,-1.591331,843.75,1.888229,5.8333,0.6544
43,0.006841,0.157046,716.75,558.68,1171.88,0.273219,0.031373,-0.021636,0.297035,0.331784,0.788793,0.213133,-1.609110,140.62,2.246959,7.2213,0.6976
48,0.005993,0.194861,701.34,564.77,1171.88,0.259996,0.031373,0.287347,0.491196,-0.362826,0.863971,0.287728,-1.567416,140.62,2.413168,7.5259,0.7367
53,0.004992,0.220913,764.07,518.96,1171.88,0.209582,0.039216,-0.004756,0.268993,-0.154879,1.141911,0.524856,-1.776125,937.50,2.609327,7.9411,0.6809
59,0.004908,0.192597,767.55,521.43,1218.75,0.226393,0.027451,-0.256921,0.146598,0.292135,1.040134,0.638716,-1.860662,843.75,1.988266,6.2116,0.6355
64,0.004373,0.109937,760.88,525.91,1171.88,0.238872,0.031373,-0.536620,-0.048759,0.560396,1.011996,0.454639,-1.441652,375.00,1.734162,6.1497,0.5500
69,0.004857,0.235263,756.27,583.39,1218.75,0.319777,0.031373,-0.658899,0.235473,0.675996,0.581750,0.461170,-1.295490,375.00,1.906339,7.1702,0.5512
75,0.003902,0.230620,813.31,626.65,1359.38,0.416154,0.031373,-0.573914,0.125355,0.446578,0.670908,0.462399,-1.131325,984.38,1.615656,5.3953,0.5275
80,0.005384,0.121458,776.66,588.52,1265.62,0.315099,0.039216,-0.472297,0.011833,0.544507,0.773506,0.465656,-1.323205,375.00,1.426666,5.8546,0.5495
85,0.004543,0.227084,820.44,512.89,1218.75,0.245285,0.031373,-0.790686,-0.269609,0.610774,1.121610,0.791019,-1.463109,937.50,1.855866,7.6446,0.4516
91,0.004279,0.268044,768.34,501.77,1171.88,0.241822,0.035294,-0.558321,0.184976,0.496668,1.049676,0.554147,-1.727145,890.62,1.715656,6.1891,0.5986
96,0.003894,0.201390,704.67,528.69,1171.88,0.235313,0.019608,-0.133014,0.553586,0.253720,0.919065,0.280387,-1.873745,843.75,1.727043,6.4585,0.7324
101,0.004105,0.196889,770.60,529.10,1265.62,0.239556,0.035294,-0.555419,0.196943,0.530697,1.054002,0.535544,-1.761767,937.50,1.253169,4.9623,0.6068
107,0.004377,0.192661,778.10,542.93,1218.75,0.238927,0.035294,-1.130658,0.133935,0.874315,0.964104,0.720061,-1.561758,328.12,1.791465,8.0766,0.4806
112,0.004141,0.243882,808.49,506.78,1218.75,0.230897,0.039216,-0.932543,-0.137771,0.708789,1.095947,0.783669,-1.518091,375.00,1.782136,7.8786,0.4581
117,0.004521,0.297131,712.56,540.14,1218.75,0.250622,0.031373,-0.314312,0.395656,0.700896,0.711487,0.392087,-1.885814,843.75,1.485280,5.8986,0.6873
123,0.003092,0.167802,704.10,552.10,1218.75,0.239050,0.039216,-0.098374,0.550836,0.507464,0.733602,0.230339,-1.923866,234.38,1.479626,6.0747,0.7452
128,0.004687,0.179074,737.99,561.35,1218.75,0.271758,0.027451,-0.373973,0.342752,0.465324,0.705771,0.470410,-1.610283,937.50,1.152719,5.2433,0.6351
133,0.002668,0.209875,785.67,540.17,1218.75,0.248194,0.035294,-0.694101,0.112250,0.632647,0.890019,0.650837,-1.591652,937.50,1.431600,6.4215,0.5448
139,0.004351,0.165981,751.18,543.30,1265.62,0.233151,0.023529,-0.596382,0.246383,0.788093,0.824498,0.551547,-1.814140,375.00,1.403784,6.6517,0.6121
144,0.003276,0.159117,757.26,552.22,1265.62,0.275940,0.011765,-0.707100,0.016470,0.928646,0.850402,0.437318,-1.525735,375.00,1.630194,8.1733,0.5496
149,0.003776,0.238080,687.36,528.64,1171.88,0.233104,0.035294,0.012416,0.294320,0.614277,0.740643,0.366955,-2.028612,375.00,1.099512,5.1784,0.7279
155,0.004137,0.154925,696.17,540.03,1218.75,0.220413,0.015686,0.224937,0.292430,0.301969,0.819293,0.473404,-2.112033,93.75,1.362809,6.9127,0.7461
160,0.004436,0.234843,679.70,556.74,1218.75,0.249878,0.019608,0.014209,0.283099,0.582378,0.662181,0.257871,-1.799738,93.75,1.238539,5.6381,0.7150
165,0.004431,0.205883,618.32,543.54,1171.88,0.231723,0.031373,-0.027628,0.566152,0.782946,0.503403,0.063117,-1.887990,328.12,1.861892,8.4427,0.7653
171,0.003206,0.283489,639.34,509.00,1125.00,0.198823,0.027451,0.305779,0.433296,0.499491,0.853394,0.182934,-2.274894,375.00,1.622981,6.5691,0.8046
176,0.003931,0.090667,666.98,529.75,1171.88,0.220816,0.015686,0.140865,0.326887,0.445621,0.784772,0.267250,-1.965395,140.62,1.590970,7.1757,0.7471
181,0.003050,0.169049,677.07,544.43,1171.88,0.224864,0.023529,0.101322,0.525256,0.236105,0.776112,0.287600,-1.926394,140.62,1.436430,6.9906,0.7563
187,0.004629,0.115927,641.41,549.99,1218.75,0.228692,0.019608,0.101712,0.562335,0.417000,0.666253,0.222171,-1.969471,187.50,1.517139,8.1597,0.7695
192,0.002886,0.275792,653.15,529.87,1171.88,0.216703,0.023529,0.146131,0.467821,0.421165,0.730282,0.173026,-1.938426,890.62,1.263816,5.8198,0.7667
197,0.004223,0.156031,671.12,516.19,1171.88,0.222948,0.035294,-0.078635,0.160546,0.689114,0.908172,0.210693,-1.889891,375.00,1.442011,6.8487,0.7069
203,0.003576,0.176631,625.67,480.36,1031.25,0.178025,0.011765,-0.050871,0.401023,0.831059,0.935175,0.178562,-2.294948,375.00,1.435825,6.3089,0.7744
208,0.003373,0.103543,658.57,520.92,1171.88,0.223211,0.027451,0.033875,0.435418,0.497837,0.841873,0.160413,-1.969416,890.62,1.111090,5.7408,0.7575
213,0.002567,0.193876,659.67,541.61,1171.88,0.227755,0.027451,0.320118,0.599837,0.050657,0.755300,0.165490,-1.891402,890.62,1.294107,6.6082,0.7897
219,0.004375,0.178970,720.49,533.93,1218.75,0.229698,0.023529,-0.022482,0.290033,0.330442,0.860100,0.315981,-1.774074,843.75,1.182996,6.8212,0.7032
224,0.004742,0.223739,646.54,524.50,1125.00,0.222410,0.019608,0.037913,0.295312,0.703234,0.699910,0.138439,-1.874807,328.12,1.519677,7.7164,0.7378
229,0.002538,0.251519,571.55,495.31,984.38,0.177611,0.035294,0.478843,0.547660,0.632454,0.665393,-0.126358,-2.197993,93.75,1.783485,8.0090,0.8423
235,0.002568,0.078972,630.34,513.89,1171.88,0.193484,0.035294,0.365541,0.491723,0.450672,0.690706,0.228213,-2.226855,140.62,1.378670,7.1938,0.8066
240,0.002477,0.151018,721.92,513.49,1218.75,0.220435,0.011765,-0.297617,0.441673,0.402037,0.978543,0.414554,-1.939190,890.62,1.067474,6.8446,0.6973
245,0.003592,0.137773,715.83,539.75,1218.75,0.269064,0.047059,-0.307231,0.237711,0.523062,0.859409,0.380025,-1.692976,375.00,0.800408,5.7374,0.6506
251,0.003864,0.294822,644.28,500.64,1125.00,0.207717,0.023529,-0.138057,0.473086,0.706916,0.877242,0.155411,-2.074598,328.12,1.301864,7.2306,0.7553
256,0.002727,0.217035,666.09,508.37,1171.88,0.222320,0.031373,-0.167726,0.216220,0.799004,0.852735,0.276457,-1.976691,375.00,1.496973,7.6215,0.7057
261,0.002435,0.129734,671.99,532.77,1171.88,0.230098,0.015686,0.115056,0.217415,0.547993,0.755302,0.187093,-1.822860,375.00,1.262284,7.2130,0.7279
267,0.002611,0.162723,666.91,555.39,1171.88,0.251383,0.027451,-0.207381,0.515105,0.565568,0.580388,0.145583,-1.599263,140.62,0.920767,6.7791,0.7070
272,0.003043,0.174234,676.91,549.11,1218.75,0.237995,0.019608,-0.020203,0.628199,0.346473,0.663128,0.262875,-1.880471,187.50,1.064738,7.5864,0.7527
277,0.003616,0.225446,699.65,506.11,1171.88,0.222263,0.023529,-0.396676,0.424733,0.570554,0.945846,0.379153,-1.923611,375.00,0.959333,6.5737,0.6870
283,0.001495,0.235307,659.50,471.11,1125.00,0.197608,0.027451,-0.580169,0.350324,0.996323,0.973297,0.309736,-2.049511,328.12,1.353942,8.4521,0.6803
288,0.002558,0.125276,645.41,507.46,1125.00,0.206726,0.019608,-0.427428,0.481902,0.994251,0.738162,0.212048,-1.998936,375.00,1.197575,7.8940,0.7152
293,0.002447,0.149208,754.06,565.10,1359.38,0.256776,0.023529,-0.325031,0.435952,0.473828,0.716815,0.448089,-1.749653,843.75,0.864556,7.0203,0.6696
299,0.002720,0.210705,718.78,558.91,1218.75,0.239847,0.023529,-0.128978,0.621390,0.258179,0.669677,0.347193,-1.767462,843.75,1.043214,7.6673,0.7224
304,0.002329,0.217575,693.79,513.13,1171.88,0.216330,0.015686,-0.064461,0.254362,0.542740,0.839160,0.357000,-1.928801,375.00,0.898927,6.8861,0.7070
309,0.002543,0.227358,713.47,492.48,1218.75,0.201909,0.019608,-0.974042,0.105807,1.187038,1.155327,0.574463,-2.048594,375.00,1.277389,10.0260,0.5752
315,0.002177,0.117714,675.69,513.64,1218.75,0.219017,0.027451,-0.526743,0.152800,1.093735,0.830463,0.331584,-1.881840,328.12,1.207706,9.7841,0.6429
320,0.002195,0.189207,668.91,528.97,1171.88,0.229207,0.019608,-0.334884,0.471170,0.871682,0.601071,0.234420,-1.843460,328.12,0.875724,7.0335,0.7053
325,0.002849,0.215432,686.14,556.79,1171.88,0.275634,0.019608,-0.214638,0.571720,0.414547,0.664939,0.223933,-1.660502,187.50,0.793154,7.0903,0.7103
331,0.002605,0.284314,645.04,544.78,1171.88,0.235529,0.015686,0.116436,0.623325,0.465251,0.658377,0.059565,-1.922953,140.62,1.076777,8.1227,0.7861
336,0.001900,0.175475,598.65,513.34,1031.25,0.201065,0.023529,-0.070667,0.628550,0.854304,0.531649,0.076258,-2.020094,375.00,1.144067,8.8373,0.7774
341,0.001883,0.112327,651.62,517.74,1171.88,0.213715,0.015686,-0.427676,0.404184,0.916507,0.585726,0.309364,-1.788105,375.00,1.120318,9.5604,0.6743
347,0.001727,0.142357,676.19,567.64,1171.88,0.260082,0.019608,0.037431,0.251789,0.553987,0.485335,0.314159,-1.642700,375.00,0.898700,8.7870,0.6919
352,0.001735,0.208979,660.19,559.52,1218.75,0.258936,0.007843,0.238333,0.495501,0.429606,0.546632,0.202492,-1.912566,140.62,0.800551,7.7719,0.7724
357,0.002480,0.212582,615.76,524.74,1171.88,0.210075,0.011765,-0.080779,0.741309,0.521709,0.681372,0.113329,-1.976940,187.50,0.907820,9.0936,0.7794
363,0.002242,0.182280,608.89,500.37,1171.88,0.195967,0.023529,-0.280525,0.752053,0.786346,0.546451,0.249510,-2.053834,187.50,1.067850,9.5564,0.7573
368,0.001526,0.170219,660.07,528.90,1171.88,0.222213,0.015686,-0.466106,0.471547,0.954214,0.534283,0.374400,-1.868337,375.00,1.051248,9.9496,0.6791
373,0.001436,0.078694,713.38,553.18,1265.62,0.242276,0.027451,-0.684910,0.106456,1.081560,0.577003,0.486157,-1.566267,328.12,0.981895,11.3618,0.5624
379,0.001607,0.164880,686.62,536.57,1218.75,0.246117,0.027451,-0.651742,0.385945,0.869105,0.655800,0.346220,-1.605328,375.00,0.668236,8.2602,0.6217
384,0.002324,0.221638,677.43,547.08,1218.75,0.268782,0.023529,-0.265503,0.500694,0.553994,0.667060,0.323987,-1.780233,187.50,0.646875,7.9143,0.6997
389,0.001835,0.302515,573.67,516.22,1078.12,0.197978,0.015686,0.323599,0.790239,0.504218,0.421393,0.080559,-2.120008,140.62,0.911493,9.3279,0.8287
395,0.001526,0.144480,547.21,520.66,1031.25,0.200990,0.015686,0.315003,0.845851,0.682333,0.162867,0.012945,-2.018998,140.62,0.988424,10.3177,0.8297
400,0.001324,0.131192,606.01,538.04,1171.88,0.225608,0.023529,-0.017094,0.611751,0.944466,0.162277,0.129292,-1.830693,375.00,0.821631,9.9852,0.7592
#END {"type":"keypress","session_id":"piano_b2a0d275b8479bf7","ms":63590,"path":"/raw_D1_r02_62935.csv","rows":115}

----- END /raw_D1_r02_62935.csv -----
=== KEY_DUMP_END key=D1 ===
NEXT: D#1
PRESS D#1  rep 1/2  then hit Enter

> REC OK: /raw_D#1_r01_67319.csv
PRESS D#1  rep 2/2  then hit Enter

> REC OK: /raw_D#1_r02_70706.csv
=== KEY_DUMP_BEGIN key=D#1 files=2 ===
----- BEGIN /raw_D#1_r01_67319.csv (17695 bytes) -----
#BEGIN {"type":"keypress","session_id":"piano_b2a0d275b8479bf7","ms":67522,"key":"D#1","rep":1,"reps_per_key":2,"fs_hz":48000,"hop":256,"n_fft":1024,"fmin":50.0,"fmax":3500.0,"lead_ms":150,"pre_ms":60,"post_ms":400,"stored_pre_ms":210,"pre_frames":40,"post_frames":75,"path":"/raw_D#1_r01_67319.csv"}
ms_from_event,rms,flux,centroid_hz,spread_hz,rolloff85_hz,flatness,zcr,band0,band1,band2,band3,band4,band5,peak_hz,peak_mag,peak_ratio,low_dom
-208,0.000073,0.248368,1501.13,1123.45,3000.00,0.797342,0.184314,-0.399441,0.124842,-0.348720,-0.315334,0.336438,0.602215,93.75,0.010582,4.5462,0.3528
-203,0.000065,0.368377,1062.69,1094.19,2390.62,0.606945,0.211765,0.357746,0.542484,-0.314646,-0.657553,-0.096429,0.168398,93.75,0.026001,8.4434,0.6021
-197,0.000066,0.210267,1113.10,1069.07,2484.38,0.656909,0.239216,0.411824,0.154490,-0.530919,-0.346842,0.051216,0.260232,2062.50,0.004215,1.4408,0.5318
-192,0.000069,0.181336,1472.90,1099.93,2812.50,0.812678,0.262745,-0.079617,-0.628353,-0.330412,-0.156767,0.463611,0.731538,281.25,0.005467,2.2593,0.2786
-187,0.000054,0.326773,1151.34,1095.48,2578.12,0.689221,0.372549,0.148454,0.174382,-0.249482,-0.288242,-0.052551,0.267441,140.62,0.012464,4.2572,0.5135
-181,0.000079,0.277840,1118.96,999.48,2390.62,0.717891,0.160784,-0.453614,0.156933,0.060746,0.049931,0.026601,0.159405,187.50,0.015973,5.2258,0.4400
-176,0.000082,0.272449,1039.95,1015.85,2390.62,0.647646,0.184314,-0.607206,0.322148,0.521003,-0.116897,-0.217685,0.098638,234.38,0.022311,6.1447,0.4793
-171,0.000067,0.232006,1033.82,1061.59,2531.25,0.596269,0.301961,-0.490366,0.306863,0.672736,-0.172434,-0.399322,0.082523,281.25,0.033911,9.0750,0.5167
-165,0.000079,0.133323,1097.84,1048.58,2531.25,0.613118,0.239216,-0.623263,0.107946,0.723236,-0.278985,-0.087090,0.158155,328.12,0.031747,9.6115,0.4272
-160,0.000051,0.169474,1181.82,1066.89,2625.00,0.641817,0.337255,-0.744668,0.145390,0.622236,-0.310429,-0.099939,0.387410,328.12,0.027397,9.1209,0.3909
-155,0.000069,0.230124,1187.20,1082.27,2625.00,0.671706,0.243137,-0.533528,0.327074,0.450825,-0.520390,-0.125091,0.401109,281.25,0.026178,7.9392,0.4400
-149,0.000103,0.162745,1250.42,1096.57,2765.62,0.710113,0.094118,-0.270017,0.120340,-0.003682,-0.142652,-0.019042,0.315053,281.25,0.016144,5.8887,0.4445
-144,0.000061,0.389682,1115.01,1141.27,2765.62,0.620697,0.247059,0.633822,0.335363,-0.768106,-0.510051,-0.081107,0.390077,281.25,0.007311,2.1659,0.5818
-139,0.000057,0.139202,1162.25,1098.07,2625.00,0.650690,0.313726,0.432683,0.110495,-0.601365,-0.520679,0.235075,0.343792,140.62,0.020155,6.6794,0.4955
-133,0.000056,0.186970,1170.22,1076.40,2578.12,0.665023,0.325490,0.344542,0.344079,-0.769276,-0.480888,0.298435,0.263109,93.75,0.019578,7.5024,0.5159
-128,0.000055,0.166283,1350.71,1102.60,2765.62,0.731001,0.290196,0.016456,0.248719,-0.493326,-0.539029,0.303312,0.463868,140.62,0.015293,6.7254,0.4376
-123,0.000058,0.265377,1325.71,1076.39,2718.75,0.718270,0.298039,0.091928,0.006660,-0.754083,-0.194120,0.335850,0.513768,140.62,0.013071,5.4225,0.4072
-117,0.000059,0.225347,1295.47,1107.59,2718.75,0.713246,0.266667,0.053882,0.248578,-0.850205,-0.127159,0.163935,0.510968,187.50,0.014746,5.9955,0.4536
-112,0.000066,0.151811,1419.81,1170.62,2953.12,0.748542,0.278431,-0.114962,0.178570,-0.643114,-0.187499,0.132179,0.634826,187.50,0.013806,5.8659,0.4130
-107,0.000051,0.352094,1340.94,1129.78,2812.50,0.784789,0.388235,-0.354565,-0.113622,0.064209,-0.089365,-0.001910,0.495253,234.38,0.012686,4.2276,0.3821
-101,0.000069,0.154709,1316.90,1123.30,2765.62,0.709798,0.258824,-0.646240,0.084804,0.321319,-0.167062,-0.062478,0.469657,234.38,0.015502,5.4992,0.3812
-96,0.000071,0.237120,1253.94,1124.81,2812.50,0.700238,0.211765,-0.650033,0.360496,0.259982,-0.074268,-0.370194,0.474020,234.38,0.021880,7.4529,0.4510
-91,0.000100,0.314436,1043.20,1042.15,2578.12,0.588579,0.152941,-0.477374,0.432312,0.516045,-0.178683,-0.496545,0.204244,281.25,0.021572,6.3407,0.5309
-85,0.000088,0.328556,984.70,995.03,2343.75,0.565189,0.125490,-0.768956,0.423867,0.824814,-0.200919,-0.388909,0.110105,281.25,0.036550,9.1764,0.4917
-80,0.000084,0.232108,1033.16,1032.15,2578.12,0.580964,0.152941,-0.660862,0.493354,0.715097,-0.337036,-0.381939,0.171386,281.25,0.051567,11.5244,0.5054
-75,0.000069,0.130891,1136.86,1068.12,2625.00,0.636714,0.258824,-0.710345,0.316491,0.736738,-0.362934,-0.361813,0.381863,281.25,0.046179,11.2273,0.4484
-69,0.000071,0.163767,1140.01,1052.95,2531.25,0.645827,0.196078,-0.793629,0.305366,0.650621,-0.331434,-0.066907,0.235982,281.25,0.041766,10.9785,0.4186
-64,0.000055,0.230582,1171.14,1102.93,2671.88,0.668373,0.403922,-0.663695,0.433754,0.435917,-0.293890,-0.174587,0.262501,234.38,0.027184,7.3056,0.4604
-59,0.000077,0.121321,1366.55,1156.01,2906.25,0.740516,0.164706,-0.381820,0.314060,-0.176089,-0.377077,0.156224,0.464703,187.50,0.015219,5.2355,0.4148
-53,0.000104,0.241271,1368.78,1104.07,2859.38,0.704706,0.109804,0.208850,-0.472150,-0.793547,-0.031637,0.597222,0.491262,140.62,0.006153,2.6119,0.3372
-48,0.000047,0.336908,1173.18,1142.53,2578.12,0.614281,0.396078,0.764485,0.124659,-1.232049,-0.427622,0.304529,0.465996,1546.88,0.004236,1.4011,0.5148
-43,0.000065,0.178179,1202.71,1140.47,2718.75,0.679434,0.223529,0.498588,-0.093890,-0.595364,-0.234481,-0.022252,0.447398,234.38,0.005960,2.0985,0.4974
-37,0.000081,0.228236,1365.62,1121.02,2906.25,0.780158,0.137255,-0.021128,-0.332148,-0.284298,-0.228154,0.386173,0.479556,281.25,0.008290,3.1647,0.3522
-32,0.000144,0.311095,1057.71,1075.94,2484.38,0.605776,0.101961,0.361194,0.465398,-0.363253,-0.713112,0.099676,0.150097,1265.62,0.004944,1.6554,0.5716
-27,0.000215,0.433858,822.36,1026.92,2203.12,0.487888,0.058824,0.615715,0.959524,-0.296220,-0.764797,-0.522368,0.008145,140.62,0.065504,14.0538,0.7398
-21,0.000355,0.360919,615.34,875.52,1546.88,0.375647,0.035294,0.993561,1.165366,-0.353453,-0.823671,-0.518068,-0.463736,140.62,0.119129,18.1061,0.8278
-16,0.000255,0.286641,494.61,776.37,1031.25,0.311397,0.058824,1.203942,1.322735,-0.180986,-0.860648,-0.782823,-0.702220,140.62,0.170076,19.6186,0.8814
-11,0.000274,0.127784,452.29,744.87,703.12,0.251328,0.039216,1.289937,1.461419,-0.049103,-1.006235,-1.000390,-0.695629,140.62,0.193993,21.1578,0.9024
-5,0.000189,0.237588,505.80,785.78,1125.00,0.275104,0.090196,0.901085,1.270780,0.225791,-0.926356,-0.728820,-0.742480,140.62,0.157915,17.7476,0.8608
0,0.000239,0.225792,591.41,812.21,1265.62,0.355250,0.160784,0.265994,1.131361,0.537718,-0.667599,-0.626643,-0.640830,187.50,0.143337,15.4877,0.7912
5,0.003958,0.854235,978.25,786.62,1734.38,0.604754,0.035294,-0.514159,0.090192,-0.026203,0.468143,0.570012,-0.587986,187.50,0.284733,4.4845,0.4494
11,0.005834,0.717586,916.81,682.12,1593.75,0.490210,0.019608,-0.390205,0.074691,-0.029379,0.643897,0.689346,-0.988349,281.25,0.929718,4.1848,0.4979
16,0.003896,0.352555,784.22,591.74,1312.50,0.339262,0.031373,-0.387258,0.279847,0.185507,0.745139,0.458251,-1.281485,703.12,1.563569,4.9752,0.5885
21,0.005438,0.160783,788.71,555.19,1359.38,0.266649,0.015686,-0.881518,0.277126,0.205402,1.073533,0.375777,-1.050322,703.12,1.904726,6.8147,0.5088
27,0.005154,0.247777,724.97,573.57,1265.62,0.261753,0.043137,-0.385940,0.565187,0.222363,0.811054,0.203598,-1.416263,187.50,2.067254,7.4344,0.6673
32,0.003350,0.267193,780.46,588.75,1265.62,0.301041,0.043137,-0.125966,0.412021,-0.155358,0.862197,0.380235,-1.373128,937.50,1.841521,5.8746,0.6546
37,0.005845,0.143213,886.74,600.98,1500.00,0.341838,0.031373,-0.472804,-0.167522,-0.076218,1.018594,0.543359,-0.845408,656.25,1.259725,4.7679,0.4578
43,0.005623,0.293259,756.23,567.44,1218.75,0.316512,0.003922,-0.686806,0.119419,0.513648,1.066742,0.158185,-1.171187,703.12,1.920250,6.5221,0.5555
48,0.004719,0.223820,676.50,569.10,1171.88,0.259020,0.035294,0.006201,0.449172,0.186972,0.885987,-0.095541,-1.432791,93.75,1.726900,5.6487,0.7295
53,0.003050,0.246715,726.24,602.55,1265.62,0.280746,0.035294,-0.023615,0.548815,-0.072880,0.653248,0.211238,-1.316807,187.50,1.929700,6.4487,0.6933
59,0.004181,0.136046,872.93,601.44,1359.38,0.339863,0.019608,-0.621302,0.139278,-0.104796,0.976303,0.663408,-1.052891,187.50,1.158997,4.9154,0.4884
64,0.005511,0.222107,782.09,611.16,1359.38,0.336451,0.023529,-0.281369,0.186368,0.090049,0.888838,0.283706,-1.167592,656.25,1.210545,5.4134,0.5974
69,0.004558,0.340742,718.97,570.44,1265.62,0.299860,0.035294,-0.291906,0.271371,0.440824,0.935559,-0.081128,-1.274721,703.12,1.655759,5.4474,0.6610
75,0.005883,0.222945,718.83,544.59,1218.75,0.288025,0.027451,-0.506712,0.303512,0.460215,1.051082,0.216541,-1.524638,750.00,1.712172,5.7191,0.6347
80,0.003548,0.246991,734.17,537.93,1218.75,0.276676,0.015686,-0.466573,0.098248,0.603600,1.068252,0.197778,-1.501303,515.62,1.646883,5.0797,0.6148
85,0.003256,0.106640,748.36,548.22,1218.75,0.281946,0.027451,-0.621520,-0.064650,0.689387,1.028386,0.288370,-1.319973,328.12,1.690867,5.7617,0.5431
91,0.003741,0.131419,732.61,593.14,1359.38,0.327939,0.035294,-0.463334,0.264053,0.521563,0.732307,0.259661,-1.314250,328.12,1.133489,5.1310,0.6053
96,0.005137,0.190507,812.05,621.26,1406.25,0.358771,0.031373,-0.612007,0.209280,0.076785,1.002416,0.321013,-0.997487,703.12,1.322509,6.7965,0.5342
101,0.004600,0.347151,771.56,552.76,1218.75,0.277554,0.031373,-1.006787,0.189863,0.518514,1.161501,0.241962,-1.105052,703.12,1.880367,7.2708,0.5058
107,0.002723,0.210197,747.38,522.23,1218.75,0.254617,0.027451,-0.668502,0.244812,0.592955,1.093955,0.320583,-1.583802,281.25,1.593040,5.7550,0.6034
112,0.003757,0.132800,736.55,579.31,1265.62,0.316398,0.015686,-0.678537,0.186281,0.717043,0.816728,0.232014,-1.273529,328.12,1.241275,5.2945,0.5682
117,0.004292,0.156099,747.99,621.54,1359.38,0.338239,0.039216,-0.839329,0.413582,0.605847,0.592535,0.298196,-1.070832,187.50,1.317258,6.8122,0.5433
123,0.004633,0.311151,766.36,571.69,1312.50,0.294999,0.027451,-0.361335,0.415755,0.071368,0.878349,0.405065,-1.409201,140.62,1.450982,6.1483,0.6293
128,0.004078,0.241701,757.48,549.68,1218.75,0.275669,0.019608,-0.364407,0.326743,0.248388,0.958189,0.310247,-1.479161,703.12,1.793703,6.5721,0.6378
133,0.003232,0.154463,732.84,563.88,1171.88,0.298762,0.023529,-0.554652,0.355128,0.557141,0.923341,0.064883,-1.345840,281.25,1.800543,7.4647,0.6320
139,0.004140,0.143986,712.62,582.49,1265.62,0.313355,0.031373,-0.448824,0.321163,0.696732,0.656854,0.179939,-1.405865,328.12,1.276186,6.1366,0.6339
144,0.004916,0.274586,769.26,593.58,1312.50,0.325929,0.019608,-0.572606,0.296176,0.397087,0.739138,0.472861,-1.332657,187.50,1.442683,6.7613,0.5724
149,0.003501,0.288477,702.28,556.12,1171.88,0.274838,0.011765,-0.184352,0.503401,0.096191,0.944936,0.119003,-1.479181,187.50,1.709135,6.9824,0.6984
155,0.003131,0.137895,690.19,572.26,1031.25,0.284284,0.023529,-0.076834,0.453337,0.183654,0.916956,-0.073087,-1.404027,703.12,1.544868,7.0471,0.7164
160,0.003665,0.171634,674.45,581.03,1218.75,0.286688,0.027451,-0.066139,0.594694,0.345781,0.632964,0.042779,-1.550078,93.75,1.357280,6.6050,0.7346
165,0.003110,0.157168,719.46,614.13,1265.62,0.305245,0.023529,0.056239,0.487705,0.286559,0.407042,0.260909,-1.498454,140.62,1.410370,7.0406,0.7090
171,0.003685,0.205712,737.51,572.18,1218.75,0.304094,0.023529,-0.068337,0.310554,0.076310,0.871840,0.211961,-1.402328,93.75,1.118268,5.7248,0.6718
176,0.004799,0.179454,753.48,545.96,1171.88,0.290265,0.007843,-0.348068,0.230453,0.234643,1.155864,0.104554,-1.377445,703.12,1.324562,6.9029,0.6405
181,0.002300,0.280941,700.54,584.41,1218.75,0.278004,0.019608,-0.020400,0.575786,0.061988,0.740272,0.185630,-1.543277,140.62,1.743018,8.0582,0.7224
187,0.002569,0.128961,642.59,576.79,1218.75,0.256696,0.031373,0.182865,0.733307,0.185691,0.453463,0.144521,-1.699846,140.62,1.811187,9.0038,0.7748
192,0.003038,0.120923,738.29,590.24,1218.75,0.312152,0.035294,0.028870,0.323482,0.064334,0.748810,0.185434,-1.350931,93.75,1.032906,7.0634,0.6811
197,0.002865,0.263923,771.34,546.52,1171.88,0.288403,0.031373,-0.426470,0.210391,0.232008,1.140545,0.144642,-1.301116,703.12,1.029584,6.2469,0.6154
203,0.003480,0.206641,781.61,528.10,1218.75,0.272755,0.023529,-0.992921,0.229849,0.609651,1.150788,0.401643,-1.399010,703.12,1.220094,7.3023,0.5293
208,0.002297,0.242446,693.86,546.08,1218.75,0.257457,0.031373,-0.366414,0.477662,0.420108,0.815982,0.191702,-1.539041,187.50,1.092972,6.2081,0.6747
213,0.002986,0.212682,701.13,592.85,1218.75,0.288600,0.023529,-0.080408,0.465167,0.207330,0.557046,0.282169,-1.431304,187.50,1.264308,7.6928,0.6829
219,0.002626,0.181425,737.98,580.11,1312.50,0.291652,0.031373,-0.277287,0.430498,0.212970,0.806831,0.310844,-1.483856,187.50,1.075793,6.4517,0.6600
224,0.002350,0.179598,761.44,566.45,1265.62,0.297469,0.027451,-0.304381,0.274880,0.075988,0.983328,0.304153,-1.333968,703.12,1.071937,6.6368,0.6225
229,0.002837,0.155767,811.96,553.49,1265.62,0.308069,0.023529,-0.969157,0.168464,0.462130,1.042427,0.499834,-1.203699,750.00,1.110170,8.1441,0.4879
235,0.003177,0.262280,740.58,571.76,1218.75,0.290027,0.023529,-0.391792,0.350176,0.375893,0.763508,0.288593,-1.386379,750.00,0.781322,5.3985,0.6290
240,0.002491,0.261930,649.78,575.45,1171.88,0.244470,0.027451,0.108858,0.641752,0.117273,0.556905,0.095162,-1.519950,187.50,1.412998,9.0236,0.7479
245,0.002941,0.207317,668.71,552.97,1218.75,0.258852,0.031373,-0.149801,0.651282,0.248288,0.687246,0.138411,-1.575425,187.50,1.277890,8.0019,0.7250
251,0.001678,0.157739,716.37,554.94,1218.75,0.249081,0.023529,-0.076974,0.480100,0.068074,0.854950,0.270833,-1.596983,703.12,0.929177,6.6571,0.7036
256,0.001991,0.156795,691.02,566.00,1218.75,0.260303,0.023529,0.113936,0.562270,0.045817,0.770522,0.135955,-1.628501,93.75,0.840802,6.3604,0.7473
261,0.002657,0.161722,739.62,590.98,1265.62,0.319186,0.023529,-0.184326,0.295261,0.254024,0.720407,0.259953,-1.345319,140.62,0.668269,5.9304,0.6452
267,0.002566,0.247098,692.80,544.43,1218.75,0.241236,0.019608,-0.167693,0.461867,0.225083,0.827075,0.223275,-1.569607,187.50,0.973426,7.2054,0.6943
272,0.002081,0.222065,706.93,540.92,1218.75,0.240807,0.015686,-0.528120,0.466396,0.443008,0.872935,0.279002,-1.533222,187.50,0.977049,6.9693,0.6448
277,0.001752,0.176762,708.83,552.26,1218.75,0.262592,0.043137,-0.346206,0.640667,0.188146,0.903586,0.154633,-1.540825,187.50,0.995574,7.6355,0.6985
283,0.001681,0.153038,717.17,548.55,1218.75,0.281601,0.031373,-0.378485,0.433760,0.402943,0.911857,0.204744,-1.574818,750.00,0.696942,6.4428,0.6710
288,0.002535,0.185639,761.08,557.65,1218.75,0.286393,0.015686,-0.220953,0.266971,0.074235,1.029506,0.264766,-1.414526,750.00,0.623641,5.7595,0.6452
293,0.002928,0.291608,699.87,555.84,1218.75,0.266894,0.015686,-0.297474,0.578311,0.381184,0.793036,0.134281,-1.589338,234.38,0.863742,6.7140,0.7043
299,0.001471,0.205366,627.62,548.02,1171.88,0.247278,0.031373,-0.240941,0.868178,0.410257,0.672152,-0.085607,-1.624039,187.50,1.362682,10.5163,0.7629
304,0.001744,0.127729,645.31,560.43,1171.88,0.260085,0.031373,-0.292721,0.834658,0.339839,0.652127,-0.024719,-1.509184,234.38,1.020008,9.6875,0.7384
309,0.001609,0.192160,765.36,531.31,1218.75,0.261923,0.035294,-0.833154,0.366440,0.473609,1.082519,0.368022,-1.457436,750.00,0.668099,6.8559,0.5772
315,0.002431,0.157439,769.40,552.05,1265.62,0.270564,0.015686,-0.225567,0.257819,0.234717,0.933980,0.319249,-1.520198,750.00,0.638076,7.0546,0.6494
320,0.001910,0.353712,614.18,525.68,1031.25,0.250240,0.023529,-0.048693,0.682676,0.500467,0.754733,-0.207578,-1.681606,187.50,0.722685,6.1870,0.7793
325,0.002222,0.145543,635.66,548.74,1125.00,0.272401,0.019608,-0.215638,0.685300,0.490419,0.753882,-0.109195,-1.604768,234.38,0.908494,8.2860,0.7487
331,0.001169,0.174685,660.88,556.47,1218.75,0.255445,0.035294,-0.022961,0.694634,0.285453,0.627664,0.157045,-1.741836,140.62,0.772431,6.7692,0.7555
336,0.001226,0.154223,690.98,518.69,1218.75,0.228738,0.023529,-0.021121,0.271877,0.470399,0.901815,0.074498,-1.697469,140.62,0.667217,6.7104,0.7185
341,0.001724,0.081383,682.08,533.51,1078.12,0.249807,0.027451,-0.019015,0.349469,0.448990,0.962400,-0.196231,-1.545613,750.00,0.480760,6.3668,0.7381
347,0.001678,0.228856,690.97,516.14,1218.75,0.225814,0.019608,-0.122931,0.395801,0.514377,0.958812,0.036081,-1.782141,140.62,0.503291,5.6913,0.7329
352,0.001303,0.232965,643.70,546.51,1218.75,0.229361,0.027451,0.235049,0.689412,0.239397,0.611023,0.184038,-1.958919,140.62,0.778608,8.6914,0.7941
357,0.001321,0.151650,672.51,533.24,1171.88,0.254047,0.015686,0.158804,0.502401,0.069226,0.914504,0.081762,-1.726698,140.62,0.521324,6.3836,0.7601
363,0.001374,0.175051,667.53,525.72,984.38,0.262499,0.023529,-0.311609,0.347984,0.702028,1.018420,-0.253932,-1.502891,750.00,0.416818,5.6672,0.7103
368,0.001065,0.194870,709.19,532.33,1218.75,0.248046,0.023529,-0.507875,0.458421,0.579147,1.003425,0.114683,-1.647801,187.50,0.384099,5.1581,0.6774
373,0.001234,0.168540,728.38,515.11,1218.75,0.268990,0.031373,-0.755858,0.271466,0.737772,1.072863,0.254836,-1.581079,750.00,0.383298,5.2383,0.6037
379,0.001584,0.112812,740.10,504.71,1171.88,0.263426,0.023529,-1.080180,0.255796,0.711215,1.255580,0.289053,-1.431464,750.00,0.469281,7.0523,0.5397
384,0.001178,0.279909,655.06,514.86,937.50,0.244485,0.015686,-0.180006,0.528241,0.481132,1.088609,-0.257444,-1.660532,750.00,0.527594,6.8652,0.7564
389,0.001031,0.147964,602.32,510.80,937.50,0.213053,0.043137,0.170595,0.615458,0.604571,0.794573,-0.232836,-1.952362,140.62,0.525547,7.1455,0.8154
395,0.001160,0.129353,641.51,490.51,1171.88,0.213640,0.050980,0.022530,0.358812,0.625875,0.929208,0.010509,-1.946934,140.62,0.348448,5.6618,0.7611
400,0.001499,0.189727,645.23,514.44,1125.00,0.233275,0.023529,0.015635,0.567044,0.455613,0.923333,-0.093694,-1.867930,140.62,0.450584,7.7207,0.7811
#END {"type":"keypress","session_id":"piano_b2a0d275b8479bf7","ms":67978,"path":"/raw_D#1_r01_67319.csv","rows":115}

----- END /raw_D#1_r01_67319.csv -----
----- BEGIN /raw_D#1_r02_70706.csv (17682 bytes) -----
#BEGIN {"type":"keypress","session_id":"piano_b2a0d275b8479bf7","ms":70908,"key":"D#1","rep":2,"reps_per_key":2,"fs_hz":48000,"hop":256,"n_fft":1024,"fmin":50.0,"fmax":3500.0,"lead_ms":150,"pre_ms":60,"post_ms":400,"stored_pre_ms":210,"pre_frames":40,"post_frames":75,"path":"/raw_D#1_r02_70706.csv"}
ms_from_event,rms,flux,centroid_hz,spread_hz,rolloff85_hz,flatness,zcr,band0,band1,band2,band3,band4,band5,peak_hz,peak_mag,peak_ratio,low_dom
-208,0.000057,0.224209,1466.58,1069.16,2765.62,0.760959,0.364706,-0.681822,0.031189,-0.208197,-0.163601,0.253932,0.768496,187.50,0.010969,4.8138,0.3023
-203,0.000055,0.223251,1426.98,1073.30,2671.88,0.729469,0.349020,-0.724296,0.118157,-0.137018,-0.201279,0.276599,0.667836,187.50,0.014280,6.0479,0.3153
-197,0.000068,0.292338,1140.62,1016.74,2578.12,0.676063,0.250980,-0.461302,0.375055,0.121955,-0.233489,0.063906,0.133876,234.38,0.016810,5.8109,0.4646
-192,0.000067,0.201177,1208.88,1080.30,2765.62,0.686986,0.270588,-0.427930,0.370723,0.243701,-0.326732,-0.136547,0.276787,234.38,0.022930,7.6337,0.4753
-187,0.000064,0.235584,1213.22,1082.08,2765.62,0.624412,0.282353,-1.403714,0.600682,0.542647,-0.170219,0.059864,0.370739,234.38,0.031848,10.4885,0.3505
-181,0.000063,0.167323,1173.57,1051.47,2578.12,0.697882,0.219608,-1.216935,0.418424,0.477484,0.027106,0.050265,0.243657,234.38,0.030840,9.8203,0.3667
-176,0.000062,0.244350,1171.14,1107.13,2812.50,0.657281,0.305882,-0.841518,0.305076,0.480311,-0.183210,-0.038878,0.278218,281.25,0.020602,6.6543,0.4042
-171,0.000074,0.226261,1184.70,1110.58,2812.50,0.682918,0.309804,-0.795064,0.112234,0.688725,-0.244615,-0.143153,0.381872,328.12,0.027346,8.6399,0.3868
-165,0.000058,0.169308,1219.34,1086.21,2765.62,0.619907,0.301961,-0.806832,-0.399771,0.756853,-0.033922,0.009339,0.474331,328.12,0.029045,10.7005,0.3005
-160,0.000077,0.261572,1133.23,1069.63,2718.75,0.644611,0.262745,-1.013991,0.130785,0.802073,-0.045560,-0.249995,0.376688,328.12,0.029245,8.9368,0.3764
-155,0.000054,0.222814,1148.41,1067.40,2578.12,0.652430,0.368627,-0.732515,0.291029,0.444502,-0.152045,-0.100094,0.249122,328.12,0.024509,7.6431,0.4267
-149,0.000050,0.239734,1096.88,1070.74,2578.12,0.626750,0.364706,-0.462779,0.449604,0.403139,-0.315182,-0.256243,0.181462,234.38,0.022256,6.2707,0.5077
-144,0.000073,0.153491,1355.46,1085.45,2718.75,0.730993,0.172549,-0.740522,0.116622,0.201217,-0.161458,-0.031275,0.615415,234.38,0.018722,6.9522,0.3534
-139,0.000067,0.309068,1027.83,1027.94,2390.62,0.598664,0.219608,0.039774,0.423582,0.111084,-0.560508,-0.152462,0.138532,234.38,0.016464,5.5409,0.5594
-133,0.000073,0.139361,1106.67,1037.57,2390.62,0.674071,0.172549,0.030357,0.195838,-0.018958,-0.436930,0.102720,0.126973,140.62,0.013813,5.0228,0.4996
-128,0.000050,0.251809,1100.02,1094.50,2625.00,0.670544,0.427451,0.416041,0.349995,-0.433639,-0.640234,0.102023,0.205815,234.38,0.008080,2.6217,0.5570
-123,0.000060,0.191208,1254.04,1125.88,2765.62,0.671780,0.301961,0.230718,0.458884,-0.673064,-0.573361,0.100205,0.456619,93.75,0.026121,9.0251,0.5166
-117,0.000052,0.221510,1390.54,1128.83,2765.62,0.711016,0.368627,0.008960,0.065795,-0.340464,-0.473077,0.048510,0.690273,187.50,0.010097,3.5810,0.4178
-112,0.000079,0.227505,1435.01,1120.65,2859.38,0.764807,0.219608,-0.034182,-0.166002,-0.514597,-0.127348,0.192717,0.649412,140.62,0.014049,5.4413,0.3726
-107,0.000085,0.311377,1147.55,1103.86,2578.12,0.652633,0.215686,0.299334,0.201655,-0.537795,-0.256917,0.077407,0.216316,328.12,0.008147,2.5846,0.5259
-101,0.000071,0.271346,1158.95,1092.98,2578.12,0.633879,0.266667,0.137113,0.221529,-0.059002,-0.604311,-0.052969,0.357640,140.62,0.025505,7.4484,0.5067
-96,0.000075,0.316503,1055.65,1070.72,2578.12,0.586192,0.247059,-0.059056,0.520439,0.246178,-0.588485,-0.302475,0.183397,140.62,0.026159,6.6684,0.5721
-91,0.000097,0.235494,983.95,1018.46,2484.38,0.551410,0.176471,-0.346723,0.237324,0.568020,-0.118715,-0.391800,0.051896,328.12,0.025024,6.6874,0.5288
-85,0.000089,0.286418,962.53,990.83,2390.62,0.557820,0.137255,-0.686440,0.482588,0.713508,-0.191903,-0.262249,-0.055504,328.12,0.042527,10.4430,0.5142
-80,0.000106,0.217404,1056.26,1014.66,2437.50,0.596661,0.137255,-0.403693,0.299922,0.562804,-0.449950,-0.081033,0.071948,281.25,0.044314,10.3891,0.4882
-75,0.000058,0.248597,964.89,1002.96,2343.75,0.554714,0.309804,-0.488405,0.632195,0.671205,-0.527550,-0.233371,-0.054073,281.25,0.051184,10.9944,0.5537
-69,0.000082,0.118068,1036.23,1047.65,2437.50,0.621897,0.239216,-0.721458,0.608120,0.579990,-0.286350,-0.318700,0.138398,281.25,0.039874,9.8212,0.5084
-64,0.000079,0.140911,1143.96,1014.77,2390.62,0.663353,0.286275,-0.697752,0.378416,0.281090,-0.269636,0.123061,0.184822,281.25,0.030561,8.7458,0.4222
-59,0.000062,0.304771,947.12,1021.31,2343.75,0.555639,0.325490,-0.095859,0.615355,0.287891,-0.465450,-0.210893,-0.131046,234.38,0.030916,7.2084,0.6060
-53,0.000055,0.091898,1184.63,1094.55,2718.75,0.645313,0.301961,-0.262352,0.426894,0.048521,-0.520710,0.105151,0.202497,187.50,0.016760,5.5447,0.4821
-48,0.000063,0.126763,1039.23,1058.24,2531.25,0.592694,0.274510,0.039173,0.312330,0.184200,-0.463323,-0.059901,-0.012478,281.25,0.016585,6.5816,0.5528
-43,0.000076,0.262435,1076.21,1054.41,2578.12,0.648330,0.180392,-0.148283,0.282411,0.258749,-0.449215,0.022105,0.034233,281.25,0.016747,5.7640,0.5097
-37,0.000061,0.269931,996.23,1091.14,2531.25,0.576936,0.282353,0.295924,0.660680,-0.019469,-0.804205,-0.215637,0.082706,140.62,0.026858,8.0535,0.6329
-32,0.000068,0.181284,1130.20,1144.57,2859.38,0.568597,0.254902,-0.055484,0.672500,0.331899,-0.813885,-0.433243,0.298211,281.25,0.022163,7.4020,0.5929
-27,0.000144,0.198057,1149.24,1085.13,2531.25,0.644637,0.113725,-0.033188,0.474673,0.198557,-0.636706,-0.354029,0.350695,93.75,0.022214,7.5305,0.5554
-21,0.000217,0.390122,859.59,1040.55,2390.62,0.454511,0.086275,0.542122,0.882075,0.189858,-1.028825,-0.636589,0.051357,140.62,0.048723,11.4162,0.7320
-16,0.000299,0.392874,627.82,918.47,1734.38,0.360871,0.027451,1.039481,1.258807,-0.397827,-0.937623,-0.665105,-0.297734,140.62,0.112792,18.8109,0.8362
-11,0.000486,0.382313,457.49,770.49,750.00,0.253679,0.019608,1.279223,1.425615,0.086929,-0.907031,-1.144045,-0.740690,140.62,0.172342,20.7408,0.9084
-5,0.000305,0.367895,418.34,726.45,515.62,0.214202,0.039216,1.298589,1.552967,0.148635,-0.907622,-1.317891,-0.774679,140.62,0.254924,19.9024,0.9222
0,0.000106,0.068482,503.04,786.37,984.38,0.290871,0.156863,1.125287,1.442492,-0.274243,-0.720778,-0.925247,-0.647510,140.62,0.246854,22.3135,0.8880
5,0.006948,0.869627,940.71,745.46,1734.38,0.581015,0.039216,-0.449880,-0.020080,-0.094628,0.672459,0.427054,-0.534925,187.50,0.307556,3.6244,0.4549
11,0.006927,0.708577,873.64,665.34,1546.88,0.437403,0.019608,-0.466561,0.055714,0.094710,0.743694,0.507297,-0.934854,984.38,1.588934,5.4903,0.5021
16,0.005288,0.336465,782.68,616.43,1453.12,0.313619,0.027451,-0.513180,0.284906,0.493226,0.525158,0.502179,-1.292288,984.38,2.399110,5.9943,0.5698
21,0.006240,0.153724,742.98,617.28,1359.38,0.307729,0.011765,-0.461357,0.413610,0.439817,0.432287,0.417934,-1.242292,187.50,2.088383,5.7080,0.5959
27,0.006093,0.141857,745.43,616.22,1406.25,0.319483,0.031373,-0.888899,0.536516,0.632745,0.506159,0.310025,-1.096546,187.50,2.269682,6.9039,0.5541
32,0.004923,0.229938,752.82,617.16,1546.88,0.260488,0.035294,-0.438372,0.470523,0.278012,0.611101,0.275351,-1.196614,187.50,2.352697,6.6251,0.6170
37,0.006762,0.193053,852.73,596.73,1546.88,0.286607,0.019608,-0.679232,-0.015325,0.212534,0.887574,0.624529,-1.030080,984.38,2.440496,7.2951,0.4639
43,0.003222,0.254464,775.94,625.82,1453.12,0.281705,0.027451,-0.622669,0.247864,0.599018,0.374592,0.486994,-1.085800,281.25,2.029775,5.9289,0.5280
48,0.007966,0.154135,721.22,609.56,1359.38,0.287845,0.015686,-0.522999,0.403455,0.658776,0.410813,0.281097,-1.231143,328.12,1.957087,6.0212,0.6023
53,0.005375,0.227796,731.99,604.06,1359.38,0.257761,0.027451,-0.622098,0.491852,0.529351,0.542508,0.336682,-1.278295,187.50,2.440395,7.0763,0.6001
59,0.004242,0.185743,756.62,584.24,1265.62,0.252942,0.027451,-0.698084,0.521771,0.371052,0.726928,0.454190,-1.375856,187.50,2.701132,7.4191,0.5921
64,0.006634,0.180433,832.72,623.23,1546.88,0.333105,0.011765,-0.659442,0.204454,0.296098,0.611426,0.630964,-1.083500,984.38,1.573105,5.1245,0.4997
69,0.007461,0.276671,769.72,666.55,1453.12,0.397783,0.003922,-0.516900,0.376995,0.633657,0.271688,0.290294,-1.055734,281.25,2.133745,6.4090,0.5776
75,0.002471,0.240300,757.47,718.16,1406.25,0.445895,0.047059,-0.509027,0.572368,0.635244,0.007817,0.193654,-0.900055,234.38,2.997849,7.6234,0.5950
80,0.006164,0.123581,712.02,677.36,1359.38,0.374387,0.023529,-0.147744,0.637071,0.353334,0.127450,0.183069,-1.153180,187.50,2.618775,7.9039,0.6747
85,0.005348,0.175343,741.99,606.74,1406.25,0.308701,0.027451,-0.653702,0.367167,0.692529,0.524929,0.321089,-1.252013,328.12,1.695817,5.9388,0.5799
91,0.005702,0.234341,738.15,572.58,1265.62,0.272199,0.035294,-0.537660,0.276052,0.628392,0.635779,0.404476,-1.407038,984.38,1.817687,5.6004,0.5916
96,0.005148,0.171983,740.03,575.07,1265.62,0.279661,0.023529,-0.376896,0.305670,0.406360,0.703613,0.369980,-1.408729,984.38,1.693314,4.7877,0.6186
101,0.004348,0.124034,752.10,631.83,1546.88,0.313599,0.023529,-0.480634,0.348195,0.510050,0.464576,0.320272,-1.162459,234.38,1.907249,6.6323,0.5878
107,0.006056,0.217163,695.93,623.74,1312.50,0.305152,0.019608,-0.278760,0.571450,0.422974,0.335379,0.133152,-1.184195,187.50,2.378859,8.5865,0.6619
112,0.004588,0.212227,681.49,568.46,1218.75,0.250157,0.027451,-0.464185,0.588654,0.584154,0.526008,0.305079,-1.539711,140.62,1.964081,6.7611,0.6636
117,0.005685,0.199793,748.12,578.18,1265.62,0.265561,0.027451,-0.352415,0.357965,0.524109,0.619279,0.453297,-1.602234,140.62,2.049081,6.5035,0.6404
123,0.004635,0.150844,686.56,598.39,1265.62,0.259997,0.031373,-0.253663,0.531258,0.449460,0.458403,0.214233,-1.399691,187.50,2.115153,6.9491,0.6751
128,0.004588,0.143485,683.72,586.12,1218.75,0.280599,0.035294,-0.488379,0.463841,0.708993,0.515182,0.112025,-1.311663,234.38,2.013347,7.9331,0.6428
133,0.005699,0.242254,705.50,583.39,1218.75,0.270513,0.027451,-0.775102,0.432308,0.775273,0.551764,0.339236,-1.323479,187.50,1.769583,6.4690,0.5795
139,0.003633,0.176443,723.90,571.69,1218.75,0.267584,0.027451,-0.996063,0.401072,0.820401,0.703462,0.435885,-1.364757,328.12,1.809490,6.1882,0.5416
144,0.005233,0.145986,725.49,584.96,1265.62,0.274501,0.011765,-0.780536,0.329469,0.827561,0.554084,0.330591,-1.261168,328.12,1.897140,7.3431,0.5597
149,0.004061,0.217102,686.39,580.49,1218.75,0.279665,0.027451,-0.699437,0.468196,0.777307,0.588033,0.114153,-1.248253,187.50,1.614749,6.6332,0.6110
155,0.005964,0.220164,725.02,594.46,1265.62,0.270005,0.019608,-0.935344,0.465322,0.747744,0.579553,0.395294,-1.252571,234.38,2.084691,8.1622,0.5483
160,0.005204,0.224099,682.26,544.50,1171.88,0.248812,0.011765,-0.874238,0.421321,0.861779,0.764019,0.366726,-1.539607,234.38,1.792360,5.8915,0.5890
165,0.002386,0.106857,661.93,529.66,1078.12,0.239460,0.035294,-0.867204,0.512031,0.818560,0.820105,0.309409,-1.592901,187.50,2.001539,7.3723,0.6140
171,0.005019,0.170647,711.36,580.22,1265.62,0.270419,0.023529,-0.746264,0.488376,0.779428,0.486992,0.265166,-1.273698,328.12,1.538422,6.4596,0.5927
176,0.003620,0.150645,737.85,591.40,1265.62,0.275230,0.031373,-0.590623,0.451196,0.554272,0.529649,0.396995,-1.341490,187.50,1.198571,5.3584,0.5993
181,0.004977,0.251427,667.96,553.47,1171.88,0.199893,0.031373,-0.467509,0.598681,0.516489,0.591028,0.350235,-1.588923,234.38,1.885704,7.7218,0.6648
187,0.004506,0.213922,704.22,531.03,1171.88,0.246929,0.019608,-1.169760,0.283100,0.936495,0.931493,0.459338,-1.440666,234.38,1.421494,5.7353,0.5118
192,0.002778,0.147677,697.44,544.80,1218.75,0.243410,0.035294,-0.960288,0.457280,0.842840,0.789961,0.332505,-1.462299,187.50,1.556450,6.3749,0.5777
197,0.003899,0.109352,691.74,581.54,1265.62,0.274002,0.035294,-0.773766,0.602224,0.825137,0.350520,0.385605,-1.389721,187.50,1.401179,6.5235,0.6026
203,0.003615,0.207925,770.70,564.25,1265.62,0.282954,0.039216,-0.745937,0.121022,0.612400,0.800700,0.535796,-1.323981,984.38,1.269850,6.6380,0.5204
208,0.003919,0.224587,703.41,552.46,1171.88,0.238955,0.027451,-0.554726,0.461669,0.544651,0.713942,0.434248,-1.599783,234.38,1.353635,6.5130,0.6309
213,0.004547,0.239846,659.38,521.52,1171.88,0.224235,0.015686,-0.854476,0.422736,0.971981,0.818427,0.310968,-1.669636,187.50,1.480427,6.6971,0.6138
219,0.002785,0.130622,644.18,558.73,1218.75,0.242171,0.031373,-0.552058,0.551476,0.823184,0.489478,0.147918,-1.459999,187.50,1.549350,7.2318,0.6583
224,0.002872,0.168962,644.41,572.53,1171.88,0.227692,0.035294,-0.425244,0.647092,0.682265,0.251740,0.311510,-1.467362,234.38,1.544526,7.4568,0.6657
229,0.002353,0.138949,746.94,577.58,1218.75,0.271923,0.019608,-0.382448,0.116865,0.449895,0.734880,0.515476,-1.434668,984.38,1.116930,6.5735,0.5810
235,0.004317,0.157928,749.24,583.94,1265.62,0.281096,0.023529,-0.398622,0.223274,0.416158,0.706579,0.417108,-1.364498,468.75,0.950430,5.7763,0.5953
240,0.003599,0.289792,656.18,548.04,1171.88,0.261149,0.019608,-0.677869,0.410393,0.891562,0.726271,0.123787,-1.474144,187.50,1.458490,7.3791,0.6321
245,0.004073,0.183447,647.57,546.96,1171.88,0.230176,0.023529,-0.525156,0.553669,0.786972,0.569634,0.274122,-1.659240,187.50,1.370649,6.8756,0.6697
251,0.002613,0.209143,639.31,557.97,1125.00,0.227254,0.011765,-0.236361,0.607172,0.699866,0.350537,0.299895,-1.721109,281.25,1.452090,7.1992,0.7101
256,0.002013,0.191534,643.23,563.69,1125.00,0.242716,0.027451,0.150218,0.435385,0.339404,0.536846,0.194055,-1.655909,93.75,1.391104,7.4511,0.7357
261,0.003234,0.089581,702.86,593.77,1265.62,0.292096,0.035294,0.142272,0.250073,0.242195,0.655429,0.248325,-1.538293,468.75,1.008266,7.2434,0.6987
267,0.004514,0.296779,710.28,553.54,1171.88,0.270924,0.015686,-0.676234,0.064688,0.880124,0.883466,0.425879,-1.577922,421.88,1.195752,7.7060,0.5672
272,0.002714,0.287966,639.60,540.34,1125.00,0.232257,0.023529,-0.560201,0.569778,0.855783,0.589266,0.354713,-1.809338,187.50,1.240380,6.6131,0.6753
277,0.001762,0.200198,621.30,562.74,1171.88,0.254728,0.031373,-0.172657,0.751275,0.609745,0.313165,0.214181,-1.715709,234.38,1.402309,6.8747,0.7389
283,0.002868,0.136565,720.71,581.62,1265.62,0.293026,0.027451,-0.292590,0.280231,0.584056,0.641454,0.259921,-1.473072,140.62,0.746620,5.0231,0.6457
288,0.003144,0.160490,711.17,572.65,1171.88,0.278589,0.023529,-0.370554,0.281374,0.599828,0.782562,0.235512,-1.528720,468.75,1.139965,8.0535,0.6461
293,0.003766,0.242567,698.17,548.31,1171.88,0.261849,0.019608,-0.625106,0.129301,0.893569,0.786850,0.404542,-1.589155,468.75,1.247099,7.7323,0.5853
299,0.002147,0.214228,629.85,534.54,1171.88,0.212800,0.011765,-0.477774,0.592848,0.819585,0.509654,0.343616,-1.787928,187.50,1.279122,7.3850,0.6856
304,0.002423,0.155070,612.60,562.43,1171.88,0.246550,0.023529,-0.194632,0.811930,0.636509,0.255052,0.181293,-1.690153,187.50,1.265281,7.7435,0.7433
309,0.002794,0.185272,720.10,568.72,1171.88,0.299759,0.023529,-0.597749,0.212523,0.679007,0.846041,0.328109,-1.467931,468.75,0.762193,5.6068,0.5932
315,0.002603,0.222362,716.32,561.53,1218.75,0.289631,0.027451,-0.574026,0.333758,0.639206,0.804423,0.406952,-1.610314,468.75,1.135528,7.7140,0.6181
320,0.002333,0.174584,707.18,540.64,1218.75,0.245706,0.015686,-0.862932,0.187535,0.967074,0.813072,0.486298,-1.591047,421.88,1.080593,7.4990,0.5535
325,0.002034,0.185864,698.69,564.83,1218.75,0.254735,0.015686,-0.644117,0.406929,0.765471,0.547128,0.512821,-1.588231,234.38,0.925779,7.1325,0.6033
331,0.002376,0.120989,663.12,560.37,1171.88,0.247126,0.031373,-0.629300,0.694659,0.744348,0.522159,0.377892,-1.709758,187.50,0.951547,8.0192,0.6679
336,0.002272,0.238964,698.30,533.66,1171.88,0.238931,0.015686,-0.444970,0.387275,0.531344,0.827090,0.461886,-1.762624,187.50,0.864176,6.8364,0.6506
341,0.001683,0.143251,704.93,554.91,1218.75,0.242690,0.027451,-0.680054,0.497616,0.706571,0.690152,0.536040,-1.750324,234.38,0.823241,6.7013,0.6262
347,0.002120,0.193638,750.87,542.36,1218.75,0.270284,0.019608,-1.003623,0.171772,0.926088,0.907203,0.599358,-1.600798,421.88,0.893270,8.0215,0.5212
352,0.002378,0.192707,685.42,562.31,1171.88,0.271769,0.019608,-0.426351,0.249465,0.813980,0.566075,0.258625,-1.461794,421.88,0.792602,7.9446,0.6255
357,0.002276,0.300230,676.78,546.66,1171.88,0.249415,0.019608,-0.189788,0.450930,0.481655,0.671628,0.345063,-1.759487,421.88,0.679972,5.4383,0.6980
363,0.001925,0.188351,637.74,542.62,1125.00,0.234324,0.019608,0.011690,0.632934,0.276648,0.664491,0.309876,-1.895639,140.62,1.009880,7.9868,0.7531
368,0.001188,0.157776,668.62,551.73,1171.88,0.253302,0.027451,-0.579934,0.613990,0.619840,0.641081,0.317567,-1.612543,187.50,0.835898,7.1431,0.6603
373,0.001988,0.156018,738.11,547.43,1218.75,0.275896,0.023529,-1.271414,0.099105,1.049332,0.903954,0.526765,-1.307743,421.88,0.764279,8.3693,0.4512
379,0.001493,0.182138,772.51,571.29,1265.62,0.297626,0.027451,-0.673489,0.070544,0.727987,0.726292,0.620337,-1.471671,421.88,0.692401,7.7862,0.5310
384,0.001954,0.213373,689.55,536.28,1171.88,0.231203,0.007843,-0.170556,0.300985,0.506866,0.701795,0.470383,-1.809473,984.38,0.615317,6.2173,0.6758
389,0.001631,0.221567,635.35,555.49,1125.00,0.251890,0.031373,-0.149975,0.646608,0.404513,0.565954,0.260799,-1.727900,187.50,0.779595,8.0395,0.7275
395,0.001583,0.161581,667.44,559.27,1171.88,0.246308,0.031373,-0.822095,0.707237,0.754981,0.607801,0.289798,-1.537722,234.38,0.805313,9.0526,0.6380
400,0.001543,0.246077,712.91,538.98,1218.75,0.237365,0.019608,-1.006139,0.301564,0.898735,0.754020,0.612137,-1.560317,421.88,0.700492,8.3539,0.5304
#END {"type":"keypress","session_id":"piano_b2a0d275b8479bf7","ms":71361,"path":"/raw_D#1_r02_70706.csv","rows":115}

----- END /raw_D#1_r02_70706.csv -----
=== KEY_DUMP_END key=D#1 ===
NEXT: E1
PRESS E1  rep 1/2  then hit Enter
++
Unknown command. Type: help
> 
> REC OK: /raw_E1_r01_83276.csv
PRESS E1  rep 2/2  then hit Enter

> REC OK: /raw_E1_r02_86775.csv
=== KEY_DUMP_BEGIN key=E1 files=2 ===
----- BEGIN /raw_E1_r01_83276.csv (17686 bytes) -----
#BEGIN {"type":"keypress","session_id":"piano_b2a0d275b8479bf7","ms":83480,"key":"E1","rep":1,"reps_per_key":2,"fs_hz":48000,"hop":256,"n_fft":1024,"fmin":50.0,"fmax":3500.0,"lead_ms":150,"pre_ms":60,"post_ms":400,"stored_pre_ms":210,"pre_frames":40,"post_frames":75,"path":"/raw_E1_r01_83276.csv"}
ms_from_event,rms,flux,centroid_hz,spread_hz,rolloff85_hz,flatness,zcr,band0,band1,band2,band3,band4,band5,peak_hz,peak_mag,peak_ratio,low_dom
-208,0.000103,0.326150,685.34,911.37,1593.75,0.378347,0.129412,0.129375,1.145869,0.437928,-0.601325,-0.761221,-0.350626,187.50,0.092354,14.2805,0.7674
-203,0.000140,0.116261,685.56,882.46,1500.00,0.365610,0.054902,-0.063054,1.123100,0.605128,-0.492715,-0.761715,-0.410744,234.38,0.091540,15.9271,0.7533
-197,0.000141,0.144522,722.89,898.60,1828.12,0.426335,0.074510,0.062725,1.015654,0.463568,-0.562243,-0.650537,-0.329167,234.38,0.071116,13.7127,0.7367
-192,0.000172,0.207267,701.98,881.47,1687.50,0.385968,0.070588,-0.157883,1.074523,0.711210,-0.599528,-0.655801,-0.372522,234.38,0.081509,13.9586,0.7256
-187,0.000132,0.177738,703.61,902.49,1687.50,0.395378,0.078431,-0.122791,1.043684,0.699696,-0.371890,-0.876994,-0.371703,234.38,0.095168,15.1093,0.7474
-181,0.000147,0.096142,716.61,907.35,1921.88,0.406242,0.066667,-0.089504,1.014815,0.752468,-0.549076,-0.832577,-0.296126,234.38,0.090878,14.9423,0.7363
-176,0.000142,0.117111,761.31,936.83,2015.62,0.449202,0.070588,-0.149020,0.898462,0.587875,-0.364417,-0.705442,-0.267458,234.38,0.081523,13.6590,0.7029
-171,0.000139,0.116605,739.05,902.25,1781.25,0.442499,0.074510,-0.105856,0.877275,0.616169,-0.374193,-0.656703,-0.356693,234.38,0.078507,12.8799,0.7094
-165,0.000162,0.148256,725.31,876.41,1640.62,0.443986,0.086275,-0.201640,0.956207,0.526856,-0.275404,-0.578912,-0.427105,234.38,0.083865,13.4953,0.7069
-160,0.000086,0.138161,671.54,855.71,1500.00,0.382317,0.152941,-0.018903,1.090301,0.647364,-0.444391,-0.812891,-0.461481,234.38,0.090862,14.9769,0.7637
-155,0.000057,0.093410,807.93,972.58,2203.12,0.483290,0.294118,-0.072935,1.021799,0.577993,-0.740500,-0.617546,-0.168812,234.38,0.066530,12.7779,0.7042
-149,0.000167,0.134546,1050.93,1044.45,2390.62,0.578434,0.109804,-0.735680,0.583832,0.635428,-0.429811,-0.092458,0.038690,234.38,0.039138,11.6655,0.4877
-144,0.000122,0.434545,772.09,917.80,1828.12,0.446627,0.121569,0.051006,0.897778,0.212754,-0.267422,-0.481648,-0.412467,187.50,0.052331,10.4320,0.7153
-139,0.000178,0.273130,681.17,866.62,1687.50,0.409322,0.086275,0.201901,1.049405,0.401810,-0.512187,-0.674018,-0.466911,234.38,0.073145,11.5914,0.7678
-133,0.000111,0.107724,677.31,835.95,1546.88,0.406495,0.121569,0.171628,0.968530,0.475816,-0.397039,-0.652722,-0.566212,234.38,0.072313,11.7823,0.7649
-128,0.000146,0.160419,674.57,861.59,1640.62,0.411126,0.078431,0.245201,1.059775,0.303019,-0.460154,-0.676630,-0.471211,187.50,0.074898,11.7871,0.7732
-123,0.000116,0.174919,831.95,956.86,2062.50,0.495530,0.105882,-0.291636,0.957613,0.622515,-0.714675,-0.360688,-0.213130,234.38,0.083146,15.4052,0.6502
-117,0.000167,0.090416,846.47,980.73,2062.50,0.460374,0.101961,-0.350965,0.983208,0.616203,-0.661942,-0.330561,-0.255944,234.38,0.085611,16.6372,0.6478
-112,0.000133,0.257093,668.06,858.36,1640.62,0.395206,0.101961,0.092670,1.159330,0.460166,-0.657629,-0.519106,-0.535431,234.38,0.085467,14.9361,0.7601
-107,0.000180,0.114251,742.27,915.21,1828.12,0.452227,0.101961,-0.122908,1.027148,0.491582,-0.454472,-0.552625,-0.388726,234.38,0.085753,16.3878,0.7156
-101,0.000144,0.227510,755.39,939.34,1968.75,0.421744,0.062745,-0.256459,1.115420,0.467516,-0.325097,-0.732096,-0.269286,234.38,0.094516,15.7054,0.7171
-96,0.000095,0.133001,758.20,927.03,2015.62,0.396785,0.160784,-0.527376,1.164139,0.769141,-0.528711,-0.672724,-0.204468,234.38,0.099547,17.4232,0.6807
-91,0.000155,0.111302,806.44,925.28,1921.88,0.464195,0.070588,-0.745869,0.986658,0.922489,-0.465645,-0.437224,-0.260408,234.38,0.080502,17.4795,0.6152
-85,0.000173,0.302187,763.33,925.20,1921.88,0.448460,0.101961,-0.256886,1.035722,0.471728,-0.376599,-0.574648,-0.299318,234.38,0.075201,14.7518,0.6956
-80,0.000158,0.204283,778.60,953.63,2015.62,0.434892,0.098039,-0.448406,1.065288,0.608631,-0.352681,-0.681442,-0.191391,234.38,0.092133,16.6024,0.6781
-75,0.000117,0.224196,688.79,883.21,1828.12,0.375645,0.078431,-0.275859,1.152384,0.694577,-0.423150,-0.742685,-0.405266,234.38,0.104479,16.1578,0.7335
-69,0.000083,0.104851,836.81,960.39,2109.38,0.473590,0.192157,-0.774070,1.056855,0.804141,-0.543956,-0.430577,-0.112394,234.38,0.088677,17.1187,0.6018
-64,0.000106,0.139378,932.13,974.28,2156.25,0.516701,0.125490,-0.801194,0.798861,0.751472,-0.500970,-0.145938,-0.102231,234.38,0.057332,13.4673,0.5307
-59,0.000122,0.244631,925.13,1006.03,2296.88,0.549823,0.121569,-0.247231,0.812172,0.318788,-0.482857,-0.324560,-0.076310,234.38,0.048538,11.6829,0.6184
-53,0.000167,0.283704,725.47,864.77,1546.88,0.441974,0.062745,-0.397589,0.908187,0.525674,-0.059584,-0.478526,-0.498161,187.50,0.062656,12.5571,0.6778
-48,0.000123,0.219279,751.27,980.66,1875.00,0.367278,0.121569,-0.212887,1.133974,0.600441,-0.493227,-0.758896,-0.269404,187.50,0.079695,14.3648,0.7261
-43,0.000111,0.229501,797.35,1029.93,2203.12,0.418394,0.109804,0.190906,1.091355,0.572232,-1.063374,-0.733364,-0.057756,234.38,0.071691,11.7672,0.7382
-37,0.000110,0.166789,874.61,960.01,2109.38,0.509633,0.137255,-0.280571,0.719836,0.732875,-0.599383,-0.404440,-0.168316,234.38,0.060052,12.1826,0.6239
-32,0.000118,0.193916,830.86,891.78,1875.00,0.451427,0.094118,-1.439587,0.976142,0.973773,-0.206629,-0.075683,-0.228016,234.38,0.068127,15.3009,0.4800
-27,0.000110,0.175850,937.53,998.11,2390.62,0.530829,0.133333,-0.976467,0.907947,0.739055,-0.475388,-0.214945,0.019798,234.38,0.074511,16.2191,0.5158
-21,0.000208,0.229734,908.43,1019.16,2390.62,0.538290,0.062745,-0.301781,0.874724,0.507482,-0.662579,-0.398664,-0.019181,234.38,0.067715,13.1036,0.6214
-16,0.000477,0.335219,684.53,941.91,1875.00,0.361690,0.039216,0.517312,1.120622,0.301323,-0.872102,-0.788853,-0.278300,187.50,0.077875,12.0478,0.7945
-11,0.000764,0.529000,403.34,685.88,609.38,0.223204,0.003922,1.347564,1.443100,-0.223223,-0.678534,-1.003507,-0.885401,93.75,0.217978,18.0560,0.9121
-5,0.000675,0.358241,352.51,581.73,515.62,0.190941,0.019608,1.388019,1.539213,0.020363,-0.561430,-1.153103,-1.233061,140.62,0.370439,20.8225,0.9344
0,0.000781,0.279038,384.39,583.93,750.00,0.184951,0.015686,1.192538,1.560488,0.059360,-0.385690,-1.135442,-1.291254,140.62,0.485380,22.5041,0.9302
5,0.004734,0.764422,829.77,672.45,1453.12,0.452161,0.039216,-0.441021,0.329647,0.081973,0.577018,0.478824,-1.026441,187.50,0.436908,5.5513,0.5543
11,0.004910,0.618595,901.49,604.13,1406.25,0.377273,0.031373,-1.122175,-0.008906,0.149839,1.107322,0.761204,-0.887284,984.38,1.179666,6.0004,0.3770
16,0.005299,0.388107,877.77,560.32,1359.38,0.340239,0.035294,-0.676864,-0.074783,-0.106187,1.187976,0.751238,-1.081379,984.38,1.788032,6.0544,0.4475
21,0.005763,0.239889,865.92,562.82,1312.50,0.304366,0.019608,-0.398555,-0.151207,-0.239590,1.177410,0.619025,-1.007083,703.12,2.085093,6.7603,0.4798
27,0.006282,0.215269,782.61,593.85,1312.50,0.328655,0.027451,-0.392728,0.285250,0.102145,0.849358,0.227419,-1.071443,750.00,1.960670,6.3951,0.5910
32,0.005652,0.253302,714.75,586.38,1218.75,0.288046,0.027451,-0.055626,0.362321,0.103900,0.676956,0.293899,-1.381450,140.62,2.615456,7.8716,0.6675
37,0.004225,0.170124,726.01,568.88,1218.75,0.263318,0.035294,0.146187,0.368499,-0.151274,0.788363,0.316484,-1.468260,140.62,2.685351,7.8999,0.6970
43,0.004097,0.174655,743.07,597.40,1312.50,0.285811,0.027451,-0.055067,0.374562,0.186041,0.568316,0.358807,-1.432660,93.75,1.924787,6.2420,0.6674
48,0.006474,0.143790,803.34,580.00,1312.50,0.311466,0.023529,-0.587572,0.116223,0.365757,0.870385,0.388300,-1.153094,750.00,1.452483,5.3353,0.5366
53,0.005719,0.315690,743.51,579.93,1218.75,0.290183,0.023529,-0.406807,0.198722,0.331197,0.765524,0.325273,-1.213909,703.12,1.442744,4.6962,0.5843
59,0.005361,0.249608,683.62,558.05,1218.75,0.263432,0.027451,0.014241,0.333150,0.274954,0.658725,0.238033,-1.519103,140.62,2.312150,6.5530,0.6930
64,0.006096,0.134985,730.65,585.74,1265.62,0.288850,0.027451,0.023706,0.373281,-0.154022,0.700934,0.321881,-1.265780,140.62,2.505516,7.7358,0.6616
69,0.005457,0.251774,798.33,657.66,1312.50,0.419894,0.023529,-0.387004,0.232128,0.017722,0.889613,0.147296,-0.899755,656.25,2.169011,6.2126,0.5741
75,0.006984,0.221968,883.32,765.34,1500.00,0.503647,0.003922,-0.222076,0.185772,-0.085349,0.662506,0.106058,-0.646909,140.62,2.237407,5.8636,0.5627
80,0.005108,0.168060,749.55,691.81,1312.50,0.412465,0.023529,0.003024,0.485772,0.005603,0.408561,0.151219,-1.054177,140.62,3.043386,8.5811,0.6673
85,0.004668,0.115291,671.53,579.46,1218.75,0.267418,0.035294,0.072248,0.521916,0.129669,0.529327,0.172949,-1.426109,140.62,2.599748,8.1432,0.7158
91,0.005543,0.200054,743.78,560.26,1265.62,0.272460,0.019608,-0.183402,0.139477,0.069857,0.964615,0.320953,-1.311500,656.25,2.218809,7.7834,0.6162
96,0.006663,0.206812,750.84,548.83,1265.62,0.275140,0.007843,-0.224573,0.145474,0.084696,0.969461,0.380291,-1.355351,656.25,2.306036,7.6294,0.6102
101,0.006495,0.247102,660.10,565.33,1218.75,0.265256,0.035294,0.150770,0.500632,0.143188,0.575512,0.238018,-1.608120,140.62,2.808208,8.2693,0.7332
107,0.004624,0.200388,659.76,552.54,1171.88,0.239967,0.027451,0.082237,0.483086,0.165121,0.732077,-0.018635,-1.443886,140.62,2.822202,7.9666,0.7338
112,0.003248,0.135141,718.81,536.28,1218.75,0.240632,0.023529,-0.224500,0.335421,0.068351,0.959302,0.290526,-1.429099,140.62,2.121825,6.5502,0.6513
117,0.005067,0.103289,797.88,552.88,1312.50,0.273781,0.023529,-0.287777,0.045329,0.088329,0.918258,0.605958,-1.370097,140.62,1.424204,5.6503,0.5648
123,0.003474,0.225119,760.36,574.04,1265.62,0.288436,0.027451,-0.642627,0.014028,0.524336,0.802816,0.435736,-1.134289,328.12,1.398805,5.5803,0.5087
128,0.003113,0.184187,763.79,533.64,1171.88,0.282446,0.035294,-0.921437,-0.105923,0.549430,1.187338,0.337824,-1.047232,656.25,1.640589,6.8872,0.4603
133,0.004151,0.219528,874.43,547.85,1312.50,0.328602,0.023529,-0.647142,-0.272031,-0.044139,1.252134,0.697082,-0.985904,984.38,1.088316,5.0631,0.4219
139,0.003592,0.216803,813.82,583.04,1312.50,0.315016,0.027451,-0.446221,0.160492,0.008779,0.863309,0.519623,-1.105982,140.62,1.344360,5.7800,0.5375
144,0.002204,0.155240,729.13,561.05,1218.75,0.254016,0.023529,-0.328160,0.363792,0.212308,0.770859,0.332625,-1.351426,140.62,1.454619,6.6678,0.6288
149,0.004081,0.142388,761.63,571.52,1265.62,0.305628,0.039216,-0.572944,0.120166,0.490018,0.788378,0.366019,-1.191637,375.00,1.084674,5.7892,0.5465
155,0.003671,0.278454,899.93,532.27,1359.38,0.292390,0.027451,-0.992535,-0.492486,0.193598,1.288486,0.904371,-0.901434,703.12,1.111063,5.4310,0.3221
160,0.003421,0.232503,820.17,521.44,1265.62,0.276123,0.027451,-0.720896,-0.000526,0.216001,1.147394,0.723688,-1.365661,656.25,1.455225,6.1925,0.4901
165,0.003960,0.145560,820.75,559.37,1265.62,0.335969,0.023529,-0.767116,-0.038845,0.172749,1.128234,0.622114,-1.117138,656.25,1.391969,6.4997,0.4612
171,0.003601,0.198285,782.03,582.70,1359.38,0.325100,0.031373,-0.432736,0.063660,0.248910,0.904408,0.416394,-1.200636,140.62,0.990333,4.9056,0.5517
176,0.003321,0.231623,783.67,539.27,1265.62,0.294512,0.035294,-0.463312,0.043154,0.208348,1.052809,0.498081,-1.339081,656.25,1.331349,5.5848,0.5524
181,0.003460,0.145396,825.28,544.45,1265.62,0.295263,0.031373,-0.490864,0.044757,-0.121574,1.121045,0.666509,-1.219873,984.38,1.340360,6.2290,0.5134
187,0.002657,0.152533,778.64,574.89,1265.62,0.304668,0.019608,-0.114342,0.183407,-0.001266,0.887809,0.434220,-1.389827,140.62,1.342415,6.9397,0.6254
192,0.004263,0.214867,751.49,610.93,1359.38,0.310990,0.035294,-0.139938,0.386411,0.077458,0.686551,0.316096,-1.326577,140.62,1.149202,6.1481,0.6521
197,0.003596,0.262493,760.27,551.70,1265.62,0.277997,0.023529,-0.698495,0.265986,0.284908,0.974358,0.486477,-1.313235,187.50,1.038353,5.0487,0.5491
203,0.003601,0.238778,730.11,541.25,1171.88,0.257259,0.011765,-0.130201,0.256187,0.070120,0.950102,0.368531,-1.514738,140.62,1.389717,6.1352,0.6539
208,0.003322,0.142980,700.53,590.39,1218.75,0.266243,0.015686,0.152077,0.516612,-0.195757,0.709661,0.238804,-1.421397,140.62,1.909084,9.6875,0.7162
213,0.003204,0.200741,684.02,595.51,1312.50,0.293300,0.031373,0.241340,0.426446,-0.109571,0.721050,0.044109,-1.323374,140.62,1.762746,9.4963,0.7258
219,0.003433,0.182124,688.83,565.68,1218.75,0.282336,0.031373,0.063459,0.411641,0.077346,0.772772,0.139022,-1.464239,140.62,1.289248,6.6666,0.7110
224,0.002540,0.182084,770.79,559.95,1218.75,0.298081,0.027451,-0.443230,0.267110,0.135961,0.928087,0.480664,-1.368592,984.38,0.959851,5.1781,0.5880
229,0.003744,0.167762,756.41,553.18,1218.75,0.267196,0.011765,-0.322518,0.289783,0.130056,0.979316,0.417896,-1.494533,984.38,1.152558,6.2376,0.6276
235,0.002955,0.183764,700.41,571.25,1265.62,0.287672,0.015686,0.083201,0.412783,0.026455,0.837447,0.144428,-1.504314,140.62,1.381515,7.8589,0.7167
240,0.003785,0.182555,659.82,567.31,1171.88,0.270548,0.027451,0.240313,0.488017,-0.020953,0.775827,0.051757,-1.534961,140.62,1.521580,9.0588,0.7513
245,0.002411,0.207566,702.67,535.48,1125.00,0.273563,0.039216,0.013319,0.393292,0.076174,0.939151,0.300560,-1.722496,140.62,1.322489,7.4228,0.7139
251,0.001874,0.176193,700.80,515.51,1031.25,0.267558,0.043137,-0.309410,0.354820,0.275348,1.113246,0.231239,-1.665243,703.12,1.174998,6.3014,0.6769
256,0.002072,0.061543,774.99,561.29,1312.50,0.300250,0.019608,-0.380524,0.120717,0.272757,0.997741,0.362158,-1.372849,703.12,0.910863,7.4729,0.5928
261,0.002769,0.261292,706.52,553.14,1265.62,0.277483,0.027451,0.017477,0.359013,0.151150,0.864994,0.229018,-1.621651,93.75,0.772095,6.4135,0.7078
267,0.003465,0.259911,696.63,570.43,1171.88,0.285296,0.011765,0.132569,0.402799,0.029494,0.782767,0.257823,-1.605453,93.75,1.051343,7.2924,0.7194
272,0.002468,0.214045,665.35,552.50,1031.25,0.268284,0.027451,0.173874,0.478952,0.093282,0.802827,0.192507,-1.741442,93.75,1.249115,7.8814,0.7504
277,0.002019,0.160475,635.36,526.12,1031.25,0.244143,0.039216,0.234795,0.559031,0.079506,0.883030,0.101892,-1.858253,140.62,1.338794,8.4127,0.7816
283,0.002348,0.144621,741.79,581.42,1265.62,0.305536,0.027451,-0.035263,0.358270,0.008394,0.784888,0.282298,-1.398587,703.12,0.886068,6.8446,0.6725
288,0.002836,0.189232,746.64,574.82,1265.62,0.298053,0.023529,-0.059685,0.277575,-0.000365,0.836537,0.323482,-1.377544,140.62,0.744410,6.1047,0.6538
293,0.002383,0.258747,659.14,550.06,1031.25,0.262893,0.027451,0.177738,0.484046,0.037795,0.800215,0.211457,-1.711250,140.62,1.083687,7.7247,0.7466
299,0.002245,0.176087,707.13,540.82,1171.88,0.271008,0.031373,0.001427,0.326787,0.179378,0.887442,0.231148,-1.626181,140.62,1.002498,6.8787,0.7030
304,0.001817,0.120722,710.91,555.49,1265.62,0.267803,0.031373,-0.022751,0.402346,0.188333,0.772711,0.315820,-1.656458,703.12,1.002849,7.6466,0.7027
309,0.001645,0.140945,686.97,540.42,1218.75,0.259909,0.027451,0.186065,0.453465,-0.096632,0.845862,0.335768,-1.724527,140.62,0.839743,6.8829,0.7338
315,0.002246,0.170338,755.15,578.31,1312.50,0.290440,0.027451,-0.165652,0.112016,0.024340,0.949415,0.432613,-1.352731,93.75,0.592722,6.0053,0.6066
320,0.001491,0.291897,759.13,520.94,1171.88,0.282179,0.031373,-0.385914,0.080175,0.233646,1.234987,0.398869,-1.561763,656.25,0.772534,6.6155,0.6055
325,0.001125,0.142767,778.64,521.60,1265.62,0.285841,0.035294,-0.785074,-0.024253,0.557086,1.189848,0.401444,-1.339050,703.12,0.899207,9.0575,0.5160
331,0.001243,0.157305,828.31,569.08,1312.50,0.327642,0.043137,-0.692797,-0.048911,0.337405,0.901228,0.658986,-1.155912,703.12,0.537704,6.1929,0.4694
336,0.001887,0.202669,821.33,574.56,1359.38,0.340461,0.027451,-0.769167,-0.054233,0.356277,1.065285,0.601841,-1.200003,984.38,0.443431,5.7749,0.4719
341,0.001489,0.309176,729.61,538.71,1171.88,0.282293,0.031373,-0.436428,0.211635,0.475263,0.971541,0.325348,-1.547359,656.25,0.461116,4.8025,0.6221
347,0.001447,0.245761,707.59,543.86,1218.75,0.286915,0.027451,-0.398654,0.218082,0.559605,0.901372,0.168906,-1.449311,703.12,0.534600,5.2275,0.6341
352,0.001124,0.085553,725.46,549.23,1265.62,0.285640,0.023529,-0.061333,0.093439,0.330524,0.823737,0.321513,-1.507881,703.12,0.511756,5.7223,0.6478
357,0.001136,0.131464,769.63,560.89,1265.62,0.302787,0.043137,-0.193705,0.063676,0.116537,1.024717,0.375314,-1.386540,750.00,0.432794,5.6621,0.6084
363,0.001558,0.204518,788.87,557.84,1265.62,0.303313,0.023529,-0.551585,0.120855,0.351667,1.030732,0.452797,-1.404467,937.50,0.376995,5.1046,0.5648
368,0.001132,0.284370,717.39,534.79,1218.75,0.291779,0.035294,-0.401809,0.388280,0.466536,0.951063,0.189097,-1.593167,234.38,0.402003,4.5318,0.6671
373,0.001107,0.125862,724.73,536.97,1265.62,0.284037,0.039216,-0.413211,0.176559,0.637379,0.904082,0.292551,-1.597360,421.88,0.439712,5.7246,0.6304
379,0.001191,0.149327,737.10,571.66,1265.62,0.295863,0.035294,-0.161970,0.205803,0.267130,0.921199,0.265162,-1.497325,140.62,0.382673,5.6013,0.6543
384,0.001298,0.225489,750.03,553.92,1218.75,0.311988,0.023529,-0.586107,0.291542,0.419202,1.014804,0.382314,-1.521755,187.50,0.340423,4.5988,0.6041
389,0.001153,0.192208,739.74,560.14,1265.62,0.290502,0.015686,-0.109359,0.401900,0.201015,0.820325,0.339627,-1.653508,140.62,0.419506,5.7229,0.6907
395,0.000911,0.216510,696.91,571.02,1265.62,0.297349,0.035294,-0.158303,0.447739,0.428074,0.698620,0.195911,-1.612040,187.50,0.444041,6.0132,0.7012
400,0.001176,0.168470,708.63,564.42,1265.62,0.305895,0.023529,-0.941473,0.386368,0.920501,0.839666,0.229909,-1.434971,421.88,0.361625,5.9363,0.5805
#END {"type":"keypress","session_id":"piano_b2a0d275b8479bf7","ms":83930,"path":"/raw_E1_r01_83276.csv","rows":115}

----- END /raw_E1_r01_83276.csv -----
----- BEGIN /raw_E1_r02_86775.csv (17712 bytes) -----
#BEGIN {"type":"keypress","session_id":"piano_b2a0d275b8479bf7","ms":86979,"key":"E1","rep":2,"reps_per_key":2,"fs_hz":48000,"hop":256,"n_fft":1024,"fmin":50.0,"fmax":3500.0,"lead_ms":150,"pre_ms":60,"post_ms":400,"stored_pre_ms":210,"pre_frames":40,"post_frames":75,"path":"/raw_E1_r02_86775.csv"}
ms_from_event,rms,flux,centroid_hz,spread_hz,rolloff85_hz,flatness,zcr,band0,band1,band2,band3,band4,band5,peak_hz,peak_mag,peak_ratio,low_dom
-208,0.000090,0.129765,1033.34,1089.84,2578.12,0.543011,0.133333,-0.480080,0.771275,0.656752,-0.668612,-0.464393,0.185058,234.38,0.051474,12.8167,0.5708
-203,0.000098,0.139336,1001.03,1017.01,2343.75,0.537582,0.082353,-0.771726,0.748495,0.745751,-0.697351,-0.218993,0.193824,234.38,0.047636,13.2477,0.5002
-197,0.000102,0.260171,854.56,933.60,2109.38,0.493438,0.137255,-0.841189,0.924754,0.763632,-0.490778,-0.284168,-0.072251,234.38,0.054928,14.0379,0.5548
-192,0.000095,0.182915,881.53,1009.68,2296.88,0.512229,0.125490,-0.517947,0.967560,0.522420,-0.535150,-0.376975,-0.059908,187.50,0.055492,14.0696,0.6090
-187,0.000063,0.198614,977.73,1042.59,2484.38,0.548135,0.317647,-1.068325,0.979126,0.710630,-0.434935,-0.300166,0.113671,234.38,0.056362,15.2224,0.5122
-181,0.000076,0.248103,975.90,1000.14,2296.88,0.580756,0.184314,-0.663828,0.598761,0.688622,-0.380991,-0.242608,0.000043,234.38,0.037218,9.9147,0.5222
-176,0.000053,0.189264,1108.06,1069.25,2578.12,0.623807,0.341176,-0.742146,0.329937,0.733653,-0.576199,-0.088473,0.343228,328.12,0.026597,8.0606,0.4174
-171,0.000104,0.182658,1084.58,1023.77,2531.25,0.600485,0.137255,-0.985275,0.426731,0.769790,-0.447038,-0.080216,0.316007,328.12,0.030100,9.6011,0.4020
-165,0.000093,0.297969,962.89,994.95,2296.88,0.577540,0.121569,-0.753296,0.618956,0.665888,-0.238690,-0.373845,0.080986,234.38,0.030261,7.6467,0.5198
-160,0.000071,0.185464,909.00,1007.46,2343.75,0.524266,0.219608,-1.138162,0.950071,0.852549,-0.377296,-0.337492,0.050331,234.38,0.053993,14.5464,0.5124
-155,0.000109,0.117122,1010.92,1035.02,2484.38,0.534553,0.109804,-1.290020,0.897944,0.791777,-0.530858,-0.037230,0.168388,234.38,0.052733,16.0392,0.4350
-149,0.000093,0.287247,897.49,954.71,2203.12,0.512640,0.152941,-0.566043,0.821183,0.558526,-0.412226,-0.296188,-0.105251,234.38,0.053356,12.9344,0.5813
-144,0.000106,0.138817,907.89,961.65,2203.12,0.520089,0.117647,-0.636173,0.798135,0.636948,-0.524787,-0.261594,-0.012530,234.38,0.056828,13.4144,0.5543
-139,0.000113,0.105508,955.55,995.64,2250.00,0.525832,0.094118,-1.310500,0.902988,0.893316,-0.398758,-0.227515,0.140470,234.38,0.060206,15.7624,0.4600
-133,0.000096,0.243908,844.68,982.85,2203.12,0.465455,0.164706,-0.841291,0.986724,0.812256,-0.311682,-0.514254,-0.131755,234.38,0.068906,15.6585,0.5977
-128,0.000118,0.127283,880.84,982.25,2250.00,0.502783,0.078431,-0.919271,0.896011,0.760948,-0.181544,-0.431297,-0.124846,234.38,0.069688,16.0683,0.5662
-123,0.000104,0.237927,858.59,994.75,2156.25,0.511406,0.121569,-0.304626,0.860049,0.442626,-0.415784,-0.369248,-0.213017,234.38,0.057635,12.1610,0.6385
-117,0.000104,0.112192,888.23,1034.56,2343.75,0.497750,0.125490,-0.299289,0.866338,0.516582,-0.619406,-0.415477,-0.048749,234.38,0.058265,12.1419,0.6261
-112,0.000077,0.194249,952.66,1041.18,2531.25,0.505325,0.274510,-1.000804,0.905804,0.837071,-0.414443,-0.395448,0.067821,234.38,0.063440,15.0618,0.5290
-107,0.000077,0.150016,978.51,1047.13,2437.50,0.542193,0.156863,-0.800802,0.751936,0.783176,-0.373406,-0.416708,0.055805,234.38,0.050235,13.0909,0.5389
-101,0.000067,0.186761,1060.51,1063.43,2484.38,0.623125,0.219608,-0.907343,0.465419,0.625198,-0.156741,-0.200006,0.173475,234.38,0.037060,10.7128,0.4483
-96,0.000080,0.176581,1098.31,1079.52,2718.75,0.605236,0.176471,-1.488449,0.664879,0.767706,-0.208121,-0.007331,0.271319,234.38,0.034790,10.5769,0.3673
-91,0.000098,0.140483,1077.04,1094.24,2718.75,0.583663,0.141176,-1.183503,0.637101,0.745901,-0.246942,-0.250889,0.298332,234.38,0.038853,12.0855,0.4263
-85,0.000101,0.264355,1032.50,1088.93,2671.88,0.545732,0.121569,-0.739693,0.709513,0.647585,-0.410241,-0.396054,0.188890,234.38,0.048149,12.1820,0.5221
-80,0.000098,0.209436,969.44,1023.50,2343.75,0.535588,0.141176,-0.869552,0.721316,0.654524,-0.347508,-0.220552,0.061772,234.38,0.053595,12.0700,0.5013
-75,0.000104,0.127088,970.50,1009.03,2343.75,0.528531,0.109804,-1.468423,0.844586,0.796417,-0.112005,-0.197527,0.136953,234.38,0.056377,13.8350,0.4301
-69,0.000094,0.144413,962.15,991.57,2343.75,0.557373,0.152941,-1.525736,0.824263,0.776302,-0.044738,-0.194404,0.164312,234.38,0.058437,14.1839,0.4169
-64,0.000078,0.185723,1005.52,1052.11,2531.25,0.573393,0.160784,-1.158401,0.859742,0.690091,-0.216514,-0.363137,0.188219,234.38,0.057326,12.7643,0.4845
-59,0.000089,0.231476,958.08,1067.48,2390.62,0.530880,0.192157,-0.073329,0.734099,0.371755,-0.515148,-0.532738,0.015361,234.38,0.043325,10.6152,0.6432
-53,0.000096,0.161888,913.43,1021.54,2296.88,0.538041,0.184314,0.012999,0.749931,0.340413,-0.600238,-0.441296,-0.061809,234.38,0.037704,9.4081,0.6532
-48,0.000115,0.158097,996.70,1057.55,2437.50,0.549145,0.113725,-0.222668,0.767410,0.298719,-0.535586,-0.336402,0.028527,234.38,0.046808,12.5796,0.6050
-43,0.000105,0.279321,780.63,928.89,1875.00,0.442569,0.152941,-0.377068,1.002504,0.626680,-0.534506,-0.419708,-0.297901,234.38,0.059632,13.8306,0.6618
-37,0.000111,0.205421,917.49,1017.39,2296.88,0.518234,0.117647,-0.550112,0.832441,0.626067,-0.595276,-0.331026,0.017906,234.38,0.066030,13.7590,0.5739
-32,0.000103,0.147236,1018.32,1068.96,2531.25,0.544388,0.176471,-0.749684,0.799978,0.588035,-0.483922,-0.294975,0.140567,234.38,0.065565,14.7436,0.5256
-27,0.000085,0.112936,953.59,1050.49,2531.25,0.509296,0.176471,-1.101613,0.983695,0.871160,-0.438515,-0.429254,0.114525,234.38,0.064036,16.4301,0.5246
-21,0.000104,0.149312,995.83,1067.15,2531.25,0.547668,0.160784,-0.963204,0.845242,0.805042,-0.537218,-0.415142,0.265282,234.38,0.058027,15.2831,0.5040
-16,0.000144,0.176515,917.74,1001.45,2343.75,0.540938,0.086275,-0.733030,0.919952,0.558577,-0.441724,-0.310351,0.006574,234.38,0.059754,15.9421,0.5610
-11,0.000140,0.350625,746.88,911.60,1875.00,0.448375,0.109804,-0.173139,0.960299,0.449504,-0.299986,-0.636026,-0.300651,234.38,0.067388,13.2845,0.7031
-5,0.000139,0.175658,775.13,916.48,2062.50,0.436328,0.094118,-0.656183,1.059920,0.681559,-0.196629,-0.726560,-0.162107,234.38,0.075459,15.1999,0.6562
0,0.000465,0.312985,747.93,951.60,2015.62,0.423999,0.011765,0.409801,1.137917,0.126285,-1.011644,-0.497590,-0.164768,187.50,0.078344,13.6540,0.7512
5,0.004686,0.921575,897.36,618.49,1312.50,0.438914,0.039216,-0.560300,-0.517256,0.080537,1.161297,0.552321,-0.716600,750.00,0.211427,3.5234,0.3878
11,0.005463,0.689132,977.70,583.60,1406.25,0.390538,0.023529,-0.918681,-0.956245,0.176430,1.308868,0.984319,-0.594690,750.00,1.146152,6.0288,0.2437
16,0.005114,0.412594,907.65,576.55,1406.25,0.331735,0.015686,-0.901725,-0.067240,0.162744,1.009930,0.779326,-0.983035,750.00,2.197637,7.4408,0.4055
21,0.005447,0.248850,779.47,581.42,1265.62,0.297177,0.023529,-0.380525,0.231700,0.246666,0.758949,0.373459,-1.230250,796.88,1.859418,5.5833,0.5876
27,0.004502,0.147161,785.18,616.34,1265.62,0.317107,0.027451,0.004906,0.254692,-0.228559,0.718581,0.401442,-1.151061,140.62,2.195545,7.8603,0.6235
32,0.005986,0.232079,781.27,594.03,1218.75,0.319190,0.023529,-0.096496,0.251603,-0.260350,0.960196,0.336829,-1.191782,93.75,1.828899,6.0910,0.6236
37,0.004666,0.241578,752.91,589.51,1265.62,0.304174,0.027451,-0.294426,0.320346,0.133617,0.782349,0.314408,-1.256295,703.12,1.795507,5.3772,0.6187
43,0.007348,0.153691,771.53,586.16,1265.62,0.295176,0.027451,-0.228560,0.217200,0.163504,0.790671,0.271756,-1.214571,140.62,2.004750,6.5080,0.6144
48,0.005963,0.265399,691.24,575.93,1171.88,0.274435,0.035294,0.059359,0.417132,0.079562,0.696480,0.146233,-1.398767,140.62,2.737909,7.9419,0.7036
53,0.004253,0.159257,703.70,565.03,1171.88,0.241231,0.027451,0.201760,0.493450,-0.351174,0.850516,0.275690,-1.470244,140.62,3.118196,8.8666,0.7201
59,0.004408,0.132065,783.15,583.54,1265.62,0.289092,0.023529,-0.204678,0.382213,-0.324931,0.901587,0.458194,-1.212385,140.62,1.859693,6.1729,0.6144
64,0.006354,0.183120,806.69,589.37,1312.50,0.320119,0.023529,-0.736085,0.115878,0.272147,0.912515,0.470602,-1.035057,750.00,1.152056,4.4226,0.4930
69,0.005174,0.288823,805.72,649.48,1359.38,0.426283,0.031373,-0.252622,-0.030901,0.134270,0.889560,0.220422,-0.960729,656.25,1.472213,4.5783,0.5569
75,0.004658,0.304733,821.75,703.09,1406.25,0.489273,0.043137,-0.784810,0.124595,0.427364,0.872620,0.111164,-0.750934,609.38,1.939408,4.9799,0.4974
80,0.005745,0.134786,836.29,634.96,1312.50,0.422847,0.039216,-0.776608,-0.044800,0.229138,1.109211,0.354409,-0.871352,656.25,1.924402,5.9700,0.4620
85,0.005462,0.208850,799.01,550.39,1218.75,0.296395,0.031373,-0.442853,-0.177368,0.302040,1.066796,0.530863,-1.279479,984.38,1.525999,5.1226,0.5160
91,0.004278,0.227575,772.25,528.80,1265.62,0.265814,0.031373,-0.523153,0.067077,0.261721,1.090580,0.473802,-1.370027,656.25,1.762217,5.2941,0.5548
96,0.003125,0.132112,761.90,577.51,1265.62,0.299727,0.035294,-0.539214,0.295763,0.253830,0.884532,0.335555,-1.230466,656.25,2.008141,6.7852,0.5807
101,0.005385,0.097671,838.26,589.81,1359.38,0.338748,0.035294,-0.749243,-0.010819,0.243885,0.960860,0.575490,-1.020172,656.25,1.646293,7.4262,0.4607
107,0.005867,0.285327,856.82,526.62,1265.62,0.294100,0.027451,-1.114168,-0.334764,0.180336,1.443513,0.759803,-0.934720,656.25,1.873298,7.4242,0.3459
112,0.004592,0.249178,822.26,505.05,1265.62,0.281324,0.019608,-1.024514,-0.347358,0.386840,1.419641,0.738246,-1.172855,656.25,2.286126,7.1873,0.3849
117,0.005993,0.184431,743.39,553.56,1265.62,0.283337,0.019608,-0.224081,0.187736,0.042235,1.000546,0.371182,-1.377618,656.25,1.706309,5.6685,0.6189
123,0.004225,0.213511,674.74,565.82,1218.75,0.272334,0.039216,-0.084033,0.409749,0.415978,0.595253,0.202830,-1.539777,140.62,1.744264,5.9073,0.6966
128,0.004292,0.188999,686.18,523.66,1125.00,0.241216,0.023529,-0.214701,0.326885,0.341471,0.881513,0.250528,-1.585694,656.25,1.834307,5.7184,0.6734
133,0.003620,0.116291,815.87,527.90,1265.62,0.266356,0.027451,-0.486853,-0.002928,-0.057949,1.228655,0.656382,-1.337307,656.25,1.616495,6.3514,0.5239
139,0.004994,0.184877,770.10,547.30,1265.62,0.277357,0.015686,-0.379268,0.150172,0.127437,1.029274,0.391134,-1.318749,750.00,1.179477,4.9513,0.5864
144,0.004202,0.193264,717.34,567.66,1218.75,0.262930,0.031373,0.001558,0.398059,-0.101618,0.778765,0.309707,-1.386470,140.62,1.856534,7.7610,0.6766
149,0.003470,0.189552,701.03,558.38,1218.75,0.248076,0.031373,-0.156589,0.411957,0.246098,0.713750,0.240908,-1.456124,140.62,1.948323,7.3388,0.6760
155,0.004481,0.158677,780.35,559.46,1265.62,0.274323,0.019608,-0.278371,0.072156,0.164422,0.882588,0.471091,-1.311886,140.62,1.303592,5.2770,0.5787
160,0.004148,0.243210,777.25,541.43,1218.75,0.285895,0.027451,-0.477267,-0.121961,0.199532,1.136283,0.448015,-1.184601,656.25,1.297442,5.4867,0.5172
165,0.003722,0.216683,684.50,551.80,1171.88,0.251422,0.043137,0.096866,0.259347,0.028208,0.820001,0.236926,-1.441348,93.75,1.479963,6.0082,0.6857
171,0.004111,0.119904,728.93,608.93,1312.50,0.315552,0.027451,0.107721,0.366644,-0.064026,0.521667,0.397767,-1.329773,140.62,1.821301,8.1339,0.6689
176,0.004594,0.227066,783.59,546.18,1265.62,0.278388,0.031373,-0.105975,0.184477,-0.302258,1.092362,0.503673,-1.372278,140.62,1.692222,7.1021,0.6162
181,0.003251,0.217907,696.99,523.01,1125.00,0.245031,0.031373,-0.051673,0.231566,0.124003,1.019162,0.233412,-1.556470,656.25,1.538655,5.9253,0.6795
187,0.002324,0.113517,754.65,541.89,1265.62,0.274147,0.035294,-0.323427,-0.077680,0.201295,1.063491,0.389879,-1.253558,656.25,1.288289,5.7669,0.5576
192,0.003976,0.143809,794.75,582.95,1312.50,0.307241,0.035294,-0.255246,0.100640,-0.045781,0.842958,0.531724,-1.174295,1031.25,0.891860,4.9784,0.5607
197,0.003708,0.209751,810.44,541.78,1265.62,0.269753,0.035294,-0.235000,0.074665,-0.283457,1.117627,0.600141,-1.273976,984.38,1.068195,5.4580,0.5638
203,0.003424,0.221250,743.77,557.78,1218.75,0.264177,0.035294,0.080019,0.253620,-0.251951,0.918509,0.391649,-1.391845,140.62,1.331247,6.2671,0.6608
208,0.002949,0.204182,725.27,551.38,1218.75,0.259247,0.035294,-0.043959,0.309519,-0.060568,0.932981,0.358360,-1.496333,750.00,1.303368,6.3712,0.6686
213,0.003185,0.072690,771.71,558.95,1265.62,0.269699,0.031373,-0.206723,0.186917,-0.126170,0.947779,0.538784,-1.340586,703.12,1.019931,5.6656,0.5965
219,0.002843,0.175192,799.93,551.35,1218.75,0.277584,0.039216,-0.306809,0.052840,-0.097037,0.992286,0.716527,-1.357807,984.38,1.079857,6.7172,0.5483
224,0.004315,0.261970,736.07,538.50,1171.88,0.268556,0.031373,-0.184201,0.332603,0.050990,0.939070,0.433723,-1.572185,984.38,1.158242,6.1776,0.6555
229,0.004784,0.223544,699.50,523.48,1078.12,0.249483,0.027451,0.098004,0.284839,0.006326,1.062027,0.152689,-1.603883,140.62,1.552522,8.1290,0.7144
235,0.002095,0.280233,620.84,505.25,1031.25,0.203586,0.035294,0.318388,0.543072,0.014846,0.897810,0.093529,-1.867645,140.62,2.044233,8.4163,0.7888
240,0.002369,0.125071,626.28,544.75,1078.12,0.240192,0.031373,0.169478,0.585084,0.108267,0.657285,0.211852,-1.731967,140.62,1.370644,6.6106,0.7572
245,0.003691,0.150447,821.55,539.22,1218.75,0.291830,0.015686,-0.652863,0.013584,-0.024555,1.255742,0.667932,-1.259839,984.38,0.944666,6.8149,0.4941
251,0.003929,0.289869,682.65,519.91,1031.25,0.249180,0.027451,-0.029161,0.300705,0.100855,1.076859,0.168824,-1.618081,656.25,1.116796,6.4662,0.7027
256,0.002993,0.247020,647.51,510.14,1031.25,0.205205,0.031373,0.327236,0.438551,-0.163449,1.085675,0.041441,-1.729454,140.62,1.511286,7.2453,0.7733
261,0.002575,0.124048,641.30,522.52,1031.25,0.220081,0.039216,0.257800,0.489440,0.118415,0.826352,0.248505,-1.940512,140.62,1.529864,8.5577,0.7720
267,0.001237,0.147969,662.55,530.04,1031.25,0.227499,0.027451,-0.026230,0.553830,0.090286,0.847657,0.326124,-1.791667,140.62,1.243821,7.8170,0.7304
272,0.003272,0.108396,753.30,585.76,1218.75,0.295673,0.027451,0.120145,0.196404,-0.216751,0.878433,0.440373,-1.418605,93.75,0.785774,6.7143,0.6564
277,0.002759,0.314211,732.28,524.77,1125.00,0.259793,0.023529,-0.255135,0.196271,0.183563,1.154401,0.333903,-1.613003,703.12,0.760287,5.2309,0.6480
283,0.002888,0.270958,684.20,478.89,1031.25,0.188555,0.011765,-0.256988,0.398791,0.347493,1.096734,0.358829,-1.944860,140.62,0.984936,5.6286,0.7035
288,0.001745,0.160753,653.55,517.80,1031.25,0.221235,0.023529,0.127062,0.271955,0.368603,0.835169,0.253582,-1.856372,140.62,1.164097,7.5396,0.7312
293,0.003383,0.167076,671.29,572.69,1218.75,0.264182,0.019608,0.255780,0.499132,-0.045318,0.659141,0.370558,-1.739294,140.62,1.115293,8.6014,0.7430
299,0.002300,0.199419,704.35,547.70,1218.75,0.243859,0.039216,0.219723,0.389638,-0.262990,0.936600,0.361202,-1.644172,140.62,1.130065,8.5651,0.7203
304,0.002274,0.294039,673.89,490.13,1031.25,0.189592,0.035294,0.209098,0.420895,-0.204793,1.159771,0.310296,-1.895267,140.62,1.064857,6.2195,0.7517
309,0.001558,0.101865,706.49,516.27,1031.25,0.254465,0.031373,-0.276354,0.005672,0.396719,1.101059,0.392585,-1.619681,750.00,0.765733,5.8895,0.6173
315,0.001805,0.188368,730.93,514.02,1171.88,0.253275,0.019608,-0.578495,0.075493,0.513634,1.043101,0.464551,-1.518285,703.12,0.531789,4.3892,0.5684
320,0.002890,0.164294,746.91,548.90,1265.62,0.263433,0.039216,-0.085540,0.115974,0.171363,0.943034,0.350669,-1.495501,656.25,0.586809,5.6947,0.6428
325,0.003177,0.339882,736.37,479.74,1078.12,0.207424,0.019608,-0.386820,0.101675,0.423954,1.213414,0.465529,-1.817753,703.12,0.903923,6.4813,0.6303
331,0.001425,0.253983,636.80,489.25,1031.25,0.196041,0.027451,-0.010037,0.518299,0.307683,1.007582,0.251952,-2.075478,750.00,1.011683,6.7963,0.7624
336,0.001654,0.163111,611.68,500.87,1031.25,0.211657,0.043137,0.153038,0.548144,0.294120,0.858697,0.132726,-1.986726,187.50,0.898581,5.9381,0.7820
341,0.002152,0.084403,698.24,540.47,1218.75,0.263981,0.039216,-0.125280,0.206413,0.381173,0.946296,0.240575,-1.649177,656.25,0.494090,4.9258,0.6781
347,0.002028,0.225362,764.94,496.11,1171.88,0.242266,0.035294,-0.306576,0.041990,0.213935,1.259781,0.542701,-1.751831,703.12,0.598274,5.2224,0.6159
352,0.002548,0.187825,727.68,476.71,1031.25,0.214530,0.019608,-0.237991,0.200113,0.199907,1.264061,0.443710,-1.869799,750.00,0.826938,6.7990,0.6669
357,0.001703,0.210668,652.72,496.22,1078.12,0.188426,0.019608,0.144792,0.558908,0.136301,0.933587,0.332966,-2.106554,140.62,0.871466,7.0660,0.7753
363,0.002244,0.177120,618.58,513.66,1031.25,0.207267,0.035294,0.049309,0.622706,0.366701,0.766825,0.055400,-1.860942,140.62,0.972824,8.4196,0.7754
368,0.001542,0.198353,682.19,508.38,1031.25,0.241247,0.039216,0.055753,0.291695,0.314519,0.977710,0.181104,-1.820781,140.62,0.728070,6.5114,0.7298
373,0.001986,0.196194,712.67,498.47,1031.25,0.239621,0.023529,-0.024050,0.330722,-0.041326,1.195961,0.352277,-1.813583,703.12,0.642018,5.6079,0.7076
379,0.001616,0.192985,762.31,502.03,1171.88,0.250999,0.039216,-0.821765,0.195275,0.456977,1.212128,0.609000,-1.651614,750.00,0.873951,8.9290,0.5518
384,0.001889,0.212218,701.79,505.50,1078.12,0.241680,0.023529,-0.395134,0.332072,0.456672,1.082479,0.214859,-1.690948,703.12,0.588540,5.9208,0.6696
389,0.001500,0.241644,667.77,504.31,1031.25,0.231523,0.035294,-0.122335,0.309120,0.464174,0.947914,0.152705,-1.751577,140.62,0.479525,4.6710,0.7095
395,0.001527,0.203913,738.04,497.33,1031.25,0.238191,0.019608,-0.275464,0.223756,0.317201,1.162005,0.390001,-1.817499,703.12,0.570300,5.6587,0.6655
400,0.001161,0.162345,773.88,530.74,1218.75,0.273902,0.035294,0.021996,0.260007,-0.422538,1.145914,0.593220,-1.598600,750.00,0.639658,7.6245,0.6556
#END {"type":"keypress","session_id":"piano_b2a0d275b8479bf7","ms":87429,"path":"/raw_E1_r02_86775.csv","rows":115}

----- END /raw_E1_r02_86775.csv -----
=== KEY_DUMP_END key=E1 ===
NEXT: F1
PRESS F1  rep 1/2  then hit Enter

> REC OK: /raw_F1_r01_94519.csv
PRESS F1  rep 2/2  then hit Enter

> REC OK: /raw_F1_r02_97852.csv
=== KEY_DUMP_BEGIN key=F1 files=2 ===
----- BEGIN /raw_F1_r01_94519.csv (17669 bytes) -----
#BEGIN {"type":"keypress","session_id":"piano_b2a0d275b8479bf7","ms":94724,"key":"F1","rep":1,"reps_per_key":2,"fs_hz":48000,"hop":256,"n_fft":1024,"fmin":50.0,"fmax":3500.0,"lead_ms":150,"pre_ms":60,"post_ms":400,"stored_pre_ms":210,"pre_frames":40,"post_frames":75,"path":"/raw_F1_r01_94519.csv"}
ms_from_event,rms,flux,centroid_hz,spread_hz,rolloff85_hz,flatness,zcr,band0,band1,band2,band3,band4,band5,peak_hz,peak_mag,peak_ratio,low_dom
-208,0.000081,0.222404,916.31,964.51,2250.00,0.544829,0.211765,-0.700804,0.708302,0.722415,-0.439444,-0.207098,-0.083370,281.25,0.038771,10.8751,0.5372
-203,0.000087,0.278541,1032.42,1032.41,2531.25,0.566902,0.203922,-0.619823,0.134281,0.837722,-0.376757,-0.141306,0.165884,328.12,0.038162,10.8559,0.4366
-197,0.000076,0.175536,1070.11,1047.96,2625.00,0.595712,0.223529,-0.707054,0.088740,0.816804,-0.341448,-0.048572,0.191529,328.12,0.044676,12.0193,0.4060
-192,0.000067,0.213137,979.78,1017.71,2437.50,0.548266,0.196078,-0.408183,0.320907,0.725323,-0.405056,-0.323750,0.090759,328.12,0.032938,8.7561,0.5182
-187,0.000051,0.201107,1023.62,1021.43,2390.62,0.606745,0.356863,-0.457795,0.407049,0.648249,-0.476817,-0.265739,0.145055,281.25,0.024802,6.8639,0.5087
-181,0.000062,0.098319,1108.10,1024.57,2578.12,0.632916,0.254902,-0.876368,0.203147,0.766742,-0.315714,-0.002571,0.224763,328.12,0.022185,8.0150,0.3899
-176,0.000064,0.213849,1273.37,1096.25,2671.88,0.677694,0.266667,-0.855888,0.265043,0.383792,-0.217135,-0.143108,0.567295,281.25,0.016999,6.7979,0.3758
-171,0.000069,0.318121,1179.88,1078.50,2625.00,0.625079,0.196078,-0.400623,0.426242,0.147484,-0.406298,-0.166445,0.399639,187.50,0.022281,7.6145,0.4741
-165,0.000069,0.226566,1124.95,1108.27,2625.00,0.629747,0.200000,0.052548,0.439980,-0.002492,-0.679238,-0.062212,0.251413,187.50,0.018723,5.9581,0.5378
-160,0.000054,0.188626,1347.08,1137.48,2812.50,0.727797,0.313726,-0.058831,-0.158535,-0.339263,-0.101953,0.066161,0.592422,234.38,0.009797,3.5998,0.3922
-155,0.000060,0.202361,1083.60,1079.93,2578.12,0.628919,0.298039,0.292530,0.212986,-0.144927,-0.253076,-0.333812,0.226300,234.38,0.010288,4.0153,0.5760
-149,0.000049,0.249713,1103.92,1075.37,2578.12,0.670991,0.439216,0.020562,0.473879,-0.190654,-0.237210,-0.300913,0.234334,140.62,0.021321,8.4021,0.5697
-144,0.000065,0.211097,1292.13,1089.34,2718.75,0.740628,0.258824,-0.127108,0.165363,-0.386591,-0.131440,0.090896,0.388882,140.62,0.018143,6.8712,0.4450
-139,0.000084,0.261983,1199.82,1083.15,2671.88,0.702608,0.156863,-0.128385,0.264673,-0.118968,-0.304193,-0.051043,0.337918,93.75,0.015736,5.5260,0.4812
-133,0.000066,0.319309,1227.20,1126.17,2765.62,0.646782,0.290196,-0.079379,0.138589,0.060620,-0.198406,-0.428920,0.507495,234.38,0.019941,5.7466,0.4976
-128,0.000074,0.188534,1263.40,1128.47,2765.62,0.646121,0.247059,-0.244509,0.054987,0.201273,-0.188926,-0.399836,0.577010,234.38,0.021154,6.5342,0.4543
-123,0.000066,0.315594,1257.84,1124.76,2859.38,0.646809,0.250980,-0.975945,0.344963,0.726081,-0.471291,-0.119227,0.495417,281.25,0.028729,8.8541,0.3767
-117,0.000094,0.261958,1077.16,1046.59,2531.25,0.616519,0.172549,-0.811292,0.261909,0.742523,-0.242737,-0.205040,0.254637,328.12,0.029726,8.4534,0.4257
-112,0.000087,0.198579,917.14,951.68,2250.00,0.549535,0.152941,-0.714918,0.445909,0.815277,-0.145062,-0.354549,-0.046657,328.12,0.034586,9.0430,0.5165
-107,0.000073,0.165689,1015.64,1062.47,2578.12,0.553548,0.145098,-0.660824,0.409132,0.802904,-0.321951,-0.445831,0.216570,328.12,0.040182,10.3249,0.4972
-101,0.000049,0.199807,1016.48,1046.04,2531.25,0.586503,0.368627,-0.789967,0.377148,0.748443,-0.179938,-0.303643,0.147957,281.25,0.027000,6.8829,0.4679
-96,0.000081,0.196644,1173.21,1075.88,2531.25,0.707856,0.121569,-0.309693,0.390544,0.000373,-0.377610,0.036930,0.259456,234.38,0.021601,6.4725,0.4731
-91,0.000078,0.181045,1158.74,1050.73,2484.38,0.711237,0.180392,0.017625,0.224374,-0.323777,-0.267660,0.115572,0.233866,234.38,0.013770,4.5927,0.4866
-85,0.000084,0.250594,1202.96,1082.89,2578.12,0.648366,0.231373,0.378888,0.050898,-0.574536,-0.502687,0.267440,0.379997,140.62,0.017761,6.2310,0.4728
-80,0.000071,0.289761,1007.83,1067.31,2437.50,0.565120,0.270588,0.465174,0.364960,-0.344999,-0.727188,0.152903,0.089150,1218.75,0.007010,2.0991,0.5730
-75,0.000094,0.175075,1217.29,1186.82,2953.12,0.622469,0.133333,0.280194,0.025893,-0.239580,-0.501449,0.042903,0.392041,234.38,0.013056,4.0653,0.4839
-69,0.000061,0.195722,1112.17,1138.74,2578.12,0.652326,0.282353,0.410655,0.125619,-0.375155,-0.443925,-0.000522,0.283327,234.38,0.011133,3.3533,0.5316
-64,0.000050,0.137726,1154.10,1116.66,2578.12,0.617950,0.368627,0.201841,0.100759,-0.012565,-0.595324,0.011081,0.294208,234.38,0.013217,4.8739,0.4997
-59,0.000063,0.215586,1402.94,1202.44,3093.75,0.671180,0.274510,-0.327816,0.285274,0.074038,-0.639569,-0.057389,0.665461,234.38,0.015858,6.3835,0.4194
-53,0.000063,0.216099,1327.42,1160.97,2906.25,0.665317,0.274510,-0.500712,0.468937,0.148389,-0.635344,-0.020735,0.539466,234.38,0.020032,7.7592,0.4316
-48,0.000052,0.281625,1109.10,1067.21,2578.12,0.659737,0.392157,-0.071818,0.544782,-0.110410,-0.507438,0.044072,0.100812,140.62,0.021225,6.9932,0.5409
-43,0.000052,0.193292,1208.28,1090.44,2671.88,0.702581,0.364706,-0.059153,0.173129,-0.007913,-0.458245,0.076724,0.275458,140.62,0.016313,5.8184,0.4703
-37,0.000087,0.176367,1368.25,1070.72,2812.50,0.749078,0.215686,-0.875017,0.128769,0.273115,-0.414435,0.321695,0.565873,234.38,0.012911,5.1001,0.3064
-32,0.000113,0.378792,1121.96,1031.69,2484.38,0.630333,0.082353,-1.126731,0.595305,0.622840,-0.366055,0.001487,0.273154,234.38,0.033227,9.4905,0.4006
-27,0.000246,0.339080,874.40,984.85,2296.88,0.514938,0.074510,-0.101920,0.876844,0.313704,-0.567566,-0.396522,-0.124541,187.50,0.047423,9.9742,0.6566
-21,0.000402,0.471769,575.99,866.23,1406.25,0.338456,0.043137,1.088204,1.083413,-0.272604,-0.744081,-0.638919,-0.516013,140.62,0.104172,16.5353,0.8407
-16,0.000468,0.414545,416.32,716.10,609.38,0.226560,0.027451,1.425659,1.557638,-0.282452,-1.012651,-0.940592,-0.747603,140.62,0.201776,21.0622,0.9118
-11,0.000375,0.280011,374.47,666.77,421.88,0.193646,0.039216,1.525728,1.680330,-0.157590,-1.192467,-0.977715,-0.878287,140.62,0.285235,22.2318,0.9263
-5,0.000397,0.135028,454.42,740.31,750.00,0.249784,0.015686,1.140777,1.513904,-0.162210,-0.628312,-1.187191,-0.676968,140.62,0.256949,22.8173,0.9055
0,0.000236,0.248477,525.15,761.09,1078.12,0.271156,0.054902,0.566534,1.416211,0.150376,-0.708905,-0.742076,-0.682140,187.50,0.251427,20.3720,0.8460
5,0.005111,0.823102,718.44,662.52,1265.62,0.373211,0.019608,-0.249316,0.384193,0.579181,0.363753,0.165884,-1.243696,234.38,0.381179,6.1675,0.6471
11,0.006384,0.727255,703.02,619.18,1265.62,0.350268,0.023529,-0.225719,0.468533,0.549192,0.520269,0.122566,-1.434842,140.62,1.335325,5.8953,0.6852
16,0.005546,0.328963,715.10,624.61,1265.62,0.326565,0.019608,0.056849,0.444950,0.117937,0.732640,-0.101591,-1.250784,140.62,2.640616,9.2053,0.7165
21,0.004677,0.159187,674.22,610.39,1171.88,0.305790,0.043137,0.176576,0.701552,-0.036284,0.707178,-0.154821,-1.394202,140.62,3.057721,10.5938,0.7709
27,0.002849,0.216841,765.34,598.06,1406.25,0.287252,0.023529,0.016294,0.500994,-0.052500,0.716148,0.420607,-1.601544,140.62,2.373137,7.9946,0.7004
32,0.005110,0.146434,850.43,658.02,1500.00,0.382517,0.027451,-0.250303,0.157015,0.127067,0.579260,0.513093,-1.126134,93.75,1.293750,5.3854,0.5646
37,0.004522,0.203670,780.95,610.15,1406.25,0.334211,0.023529,-0.262683,0.095059,0.383119,0.828792,0.157179,-1.201465,843.75,1.509265,6.3984,0.6079
43,0.006058,0.262217,751.38,616.80,1406.25,0.313802,0.019608,-0.067482,0.479336,0.034997,0.713695,0.142259,-1.302806,140.62,2.219816,8.2483,0.6870
48,0.004583,0.193060,734.54,621.11,1359.38,0.325984,0.019608,0.121711,0.542186,-0.177489,0.617564,0.234147,-1.338119,140.62,2.866998,10.1947,0.7076
53,0.004075,0.170490,697.91,612.09,1406.25,0.293196,0.031373,0.010739,0.665033,0.182503,0.386288,0.229352,-1.473913,140.62,2.627802,9.4439,0.7232
59,0.004627,0.193772,734.39,612.39,1359.38,0.312727,0.035294,-0.111084,0.403996,0.245308,0.707714,0.051522,-1.297457,140.62,1.388692,5.5747,0.6834
64,0.004624,0.183928,810.03,610.20,1406.25,0.334511,0.023529,-0.195558,0.055745,0.155388,0.903661,0.368172,-1.287407,796.88,1.942311,7.8398,0.5962
69,0.005337,0.237814,760.68,596.93,1406.25,0.327555,0.023529,0.064932,0.303540,0.044189,0.715362,0.366283,-1.494304,93.75,1.746846,6.5383,0.6788
75,0.005867,0.209290,663.45,610.30,1265.62,0.303758,0.007843,0.311849,0.470183,0.239483,0.512767,-0.029973,-1.504309,93.75,2.294283,8.5922,0.7610
80,0.004000,0.199585,580.06,594.99,1125.00,0.273384,0.027451,0.396930,0.790720,0.331096,0.210304,-0.146382,-1.582668,140.62,3.030934,11.1449,0.8113
85,0.003704,0.106522,645.79,602.39,1218.75,0.298811,0.035294,0.171249,0.738350,0.200166,0.352557,0.082898,-1.545218,140.62,2.469784,9.9802,0.7660
91,0.003850,0.208040,778.12,603.27,1359.38,0.325775,0.023529,-0.348441,0.419227,0.131695,0.853960,0.257810,-1.314251,796.88,1.484979,6.7864,0.6373
96,0.006618,0.192266,779.14,619.30,1406.25,0.341292,0.011765,-0.032168,0.364625,-0.136025,0.744869,0.281938,-1.223239,796.88,1.531949,6.7452,0.6540
101,0.006923,0.311348,579.09,597.53,1125.00,0.264261,0.011765,0.451518,0.744097,0.278937,0.222526,-0.210615,-1.486465,140.62,3.024640,12.0735,0.8094
107,0.003486,0.276093,530.06,559.25,1125.00,0.215245,0.027451,0.483596,0.973700,0.497354,-0.073438,-0.120128,-1.761083,140.62,3.746118,11.8811,0.8415
112,0.003379,0.155637,614.82,563.51,1171.88,0.249735,0.023529,0.223777,0.750149,0.237000,0.505300,-0.089553,-1.626673,140.62,2.244804,8.3069,0.7933
117,0.005289,0.112893,744.95,593.07,1218.75,0.325248,0.011765,-0.303303,0.442000,0.225955,0.792130,0.037058,-1.193841,796.88,1.371428,6.4192,0.6565
123,0.005238,0.209488,659.00,626.42,1218.75,0.294670,0.023529,0.258543,0.478527,0.236002,0.453439,-0.168384,-1.258129,140.62,1.793871,9.2371,0.7468
128,0.004826,0.354213,601.99,583.97,1218.75,0.247831,0.015686,0.339055,0.706153,0.448536,0.125385,0.033193,-1.652322,140.62,2.716836,10.7642,0.7912
133,0.003630,0.159651,607.26,567.50,1218.75,0.231586,0.027451,0.271453,0.804429,0.460489,0.181869,0.071225,-1.789464,140.62,2.913936,11.0910,0.8017
139,0.002397,0.202293,696.27,589.71,1218.75,0.297373,0.011765,0.300564,0.480871,-0.097036,0.693608,0.110455,-1.488460,140.62,2.029633,8.9339,0.7464
144,0.003453,0.085143,729.94,655.85,1406.25,0.343389,0.031373,0.277352,0.326206,0.022764,0.559217,0.075467,-1.261006,93.75,1.644034,9.7439,0.7098
149,0.004319,0.214462,705.32,641.57,1406.25,0.340955,0.007843,0.151163,0.467085,0.208140,0.323781,0.137854,-1.288023,140.62,1.456149,7.9945,0.7077
155,0.003279,0.243918,702.34,641.38,1406.25,0.331039,0.015686,0.065804,0.505846,0.386032,0.192278,0.081311,-1.231271,140.62,1.947209,9.1249,0.7028
160,0.002268,0.162840,674.75,612.51,1218.75,0.296183,0.027451,0.175282,0.561301,0.150293,0.453368,0.020024,-1.360267,140.62,2.014327,10.0979,0.7385
165,0.003152,0.090476,776.02,674.44,1453.12,0.340548,0.003922,0.220086,0.473176,-0.276744,0.504476,0.155254,-1.076249,140.62,1.494520,10.0975,0.6915
171,0.004173,0.203358,766.16,688.34,1453.12,0.367120,0.019608,0.387916,0.484716,-0.405963,0.356521,0.270888,-1.094078,93.75,1.560299,10.1190,0.7001
176,0.003120,0.268106,637.07,633.95,1265.62,0.305777,0.015686,0.487717,0.598236,0.112510,0.213795,-0.020622,-1.391637,140.62,1.865307,10.6564,0.7771
181,0.003489,0.160561,661.29,600.49,1312.50,0.278933,0.011765,0.303503,0.505832,0.254506,0.319592,0.080192,-1.463625,140.62,1.897336,10.3091,0.7496
187,0.002105,0.143219,702.06,630.15,1406.25,0.308674,0.027451,0.221325,0.523530,0.067062,0.384418,0.090731,-1.287066,140.62,1.822428,10.6460,0.7252
192,0.003277,0.175889,697.17,647.62,1406.25,0.325694,0.015686,0.319730,0.667468,0.006991,0.192243,0.200044,-1.386476,93.75,1.361895,9.0452,0.7478
197,0.003182,0.131796,666.32,620.57,1359.38,0.300259,0.003922,0.308413,0.630196,0.083944,0.322202,0.056690,-1.401446,93.75,1.366885,9.2609,0.7580
203,0.003482,0.239314,636.03,581.80,1218.75,0.268345,0.011765,0.266479,0.611349,0.385876,0.267090,0.031654,-1.562447,140.62,1.654773,9.6237,0.7693
208,0.002245,0.099217,606.95,578.96,1218.75,0.245803,0.015686,0.361204,0.694595,0.364819,0.282976,-0.015962,-1.687632,140.62,1.820920,10.9810,0.7989
213,0.002709,0.097844,645.44,615.24,1312.50,0.291511,0.015686,0.320023,0.743791,0.155524,0.169237,0.118165,-1.506741,140.62,1.797889,12.5777,0.7732
219,0.002846,0.146516,692.38,617.63,1359.38,0.298673,0.007843,0.230420,0.661288,-0.060686,0.413955,0.175901,-1.420877,140.62,1.284396,9.6734,0.7443
224,0.001993,0.291120,704.90,596.11,1406.25,0.295936,0.027451,-0.259271,0.584122,0.523937,0.418303,0.274488,-1.541579,234.38,1.013998,6.5083,0.6891
229,0.002887,0.167154,669.90,593.83,1265.62,0.284773,0.007843,-0.201040,0.544392,0.620374,0.382994,0.068278,-1.414998,140.62,0.895560,6.2149,0.6995
235,0.002010,0.127981,667.79,595.33,1265.62,0.286764,0.019608,0.146603,0.556000,0.400637,0.339661,0.106884,-1.549784,140.62,1.113554,8.9042,0.7451
240,0.001720,0.192636,645.90,602.71,1359.38,0.278476,0.035294,0.264987,0.717437,0.249622,0.267337,0.138557,-1.637939,140.62,1.296759,9.7096,0.7757
245,0.001737,0.169297,750.36,601.06,1406.25,0.313952,0.019608,-0.096382,0.407938,0.172671,0.611172,0.309135,-1.404533,140.62,0.782379,6.4166,0.6690
251,0.001965,0.151074,755.23,598.10,1359.38,0.318345,0.027451,-0.588136,0.297588,0.563502,0.644141,0.248473,-1.165568,281.25,0.537319,5.1141,0.5777
256,0.002206,0.253907,721.19,616.74,1406.25,0.321484,0.011765,0.089872,0.232449,0.422484,0.434842,0.279868,-1.459515,93.75,0.705457,6.5914,0.6794
261,0.002605,0.204625,688.96,604.86,1406.25,0.286935,0.023529,0.245225,0.502245,0.193329,0.386083,0.236468,-1.563351,140.62,1.049505,9.1949,0.7383
267,0.002232,0.208858,640.48,593.17,1171.88,0.278367,0.019608,0.329199,0.645269,0.158015,0.471411,-0.125536,-1.478357,140.62,1.224079,10.4304,0.7840
272,0.001901,0.184652,615.23,594.10,1171.88,0.279775,0.027451,0.432356,0.664887,0.231203,0.423983,-0.153341,-1.599088,93.75,1.263961,10.1965,0.8061
277,0.001784,0.122697,662.66,624.76,1359.38,0.297560,0.011765,0.399398,0.614851,0.090294,0.230799,0.182202,-1.517544,93.75,1.103623,9.7090,0.7640
283,0.002046,0.153867,717.02,620.97,1406.25,0.301818,0.023529,0.281345,0.569564,-0.075228,0.392855,0.346933,-1.515470,140.62,1.043739,10.7092,0.7330
288,0.002588,0.214545,637.90,607.00,1218.75,0.283910,0.027451,0.401046,0.666896,0.083281,0.414818,-0.151429,-1.414612,140.62,1.112218,10.7506,0.7887
293,0.001585,0.198025,613.68,565.87,1171.88,0.242389,0.019608,0.399210,0.756055,0.102821,0.462461,-0.069573,-1.650974,140.62,1.155162,9.7805,0.8081
299,0.002099,0.115409,663.77,586.38,1265.62,0.273864,0.007843,0.246685,0.647985,0.149983,0.463698,0.160052,-1.668402,140.62,1.080533,10.3859,0.7688
304,0.002023,0.184679,637.04,604.36,1359.38,0.257051,0.011765,0.495794,0.663469,-0.047358,0.396587,0.099637,-1.608129,140.62,1.077616,11.0423,0.7915
309,0.001315,0.137687,593.37,588.40,1171.88,0.255008,0.031373,0.655736,0.779619,-0.107001,0.474589,-0.137201,-1.665743,140.62,1.070183,11.4712,0.8347
315,0.001603,0.166777,684.67,595.32,1265.62,0.274177,0.035294,0.412313,0.626371,-0.250088,0.699432,0.130874,-1.618903,140.62,0.894704,10.4766,0.7796
320,0.001140,0.209132,668.72,568.27,1218.75,0.278401,0.027451,0.027674,0.620667,0.296672,0.661571,0.103588,-1.710172,140.62,0.709858,7.8365,0.7554
325,0.000838,0.125770,678.32,574.72,1312.50,0.274878,0.043137,0.098533,0.485129,0.283579,0.683693,0.106278,-1.657213,93.75,0.514407,7.0081,0.7441
331,0.001825,0.103543,704.31,597.28,1359.38,0.291886,0.023529,0.010073,0.473519,0.298083,0.686509,0.031185,-1.499369,93.75,0.400843,6.8447,0.7263
336,0.001412,0.366324,680.67,564.65,1265.62,0.258800,0.039216,0.211864,0.657753,0.090206,0.762587,0.175511,-1.897921,93.75,0.543699,7.1797,0.7852
341,0.000957,0.188680,669.59,572.24,1171.88,0.259971,0.019608,0.394814,0.586606,-0.184649,0.790479,0.119692,-1.706942,93.75,0.724289,8.6366,0.7832
347,0.000729,0.096893,683.84,591.17,1171.88,0.301092,0.043137,0.378967,0.279449,-0.068130,0.820680,0.108187,-1.519153,93.75,0.597978,9.5123,0.7378
352,0.001022,0.159282,703.18,575.57,1359.38,0.289858,0.031373,0.175109,0.174248,0.276706,0.828221,0.185398,-1.639682,93.75,0.341950,6.6041,0.7113
357,0.001327,0.257756,749.24,564.14,1406.25,0.272385,0.023529,-0.278367,0.216698,0.402868,0.850379,0.360771,-1.552349,796.88,0.284156,5.1580,0.6376
363,0.000876,0.294829,709.33,551.01,1359.38,0.238161,0.047059,0.078003,0.499564,0.048866,0.886399,0.212202,-1.725034,796.88,0.449860,6.3238,0.7399
368,0.000728,0.096378,707.04,585.56,1265.62,0.290546,0.023529,0.141451,0.383971,0.192224,0.768716,0.120087,-1.606449,93.75,0.417996,7.0584,0.7322
373,0.000732,0.110116,756.18,621.87,1406.25,0.324768,0.027451,-0.110135,0.337145,0.241907,0.719267,0.239509,-1.427693,93.75,0.278490,6.0896,0.6699
379,0.001032,0.171432,779.00,623.11,1406.25,0.314767,0.031373,-0.127652,0.409788,0.056055,0.702990,0.289553,-1.330733,93.75,0.232024,5.6003,0.6596
384,0.000711,0.291657,746.03,567.92,1312.50,0.280085,0.027451,-0.161327,0.277490,0.213295,0.987618,0.056434,-1.373511,796.88,0.338559,6.4675,0.6719
389,0.000746,0.154098,753.44,585.19,1359.38,0.322174,0.031373,-0.303468,0.236429,0.290557,0.975581,0.182791,-1.381889,796.88,0.356932,7.3444,0.6378
395,0.000460,0.148296,767.08,603.24,1406.25,0.339912,0.054902,-0.216856,0.176365,0.241487,0.853641,0.291986,-1.346622,750.00,0.288546,6.5084,0.6241
400,0.000891,0.111139,828.35,605.65,1453.12,0.316266,0.043137,-0.244207,0.176817,-0.019174,0.803241,0.488065,-1.204743,140.62,0.197526,5.6689,0.5805
#END {"type":"keypress","session_id":"piano_b2a0d275b8479bf7","ms":95180,"path":"/raw_F1_r01_94519.csv","rows":115}

----- END /raw_F1_r01_94519.csv -----
----- BEGIN /raw_F1_r02_97852.csv (17698 bytes) -----
#BEGIN {"type":"keypress","session_id":"piano_b2a0d275b8479bf7","ms":98057,"key":"F1","rep":2,"reps_per_key":2,"fs_hz":48000,"hop":256,"n_fft":1024,"fmin":50.0,"fmax":3500.0,"lead_ms":150,"pre_ms":60,"post_ms":400,"stored_pre_ms":210,"pre_frames":40,"post_frames":75,"path":"/raw_F1_r02_97852.csv"}
ms_from_event,rms,flux,centroid_hz,spread_hz,rolloff85_hz,flatness,zcr,band0,band1,band2,band3,band4,band5,peak_hz,peak_mag,peak_ratio,low_dom
-208,0.000081,0.277029,936.95,1023.90,2390.62,0.531638,0.192157,-0.899327,0.852916,0.789794,-0.281842,-0.391157,-0.070383,234.38,0.052228,13.7109,0.5517
-203,0.000075,0.202504,848.58,944.43,2109.38,0.494741,0.247059,-1.048560,0.802629,0.913030,-0.072769,-0.451988,-0.142344,281.25,0.044979,11.0680,0.5434
-197,0.000122,0.180491,1056.99,1032.61,2531.25,0.575528,0.070588,-1.472590,0.447086,0.869643,0.087011,-0.270134,0.338984,328.12,0.034646,9.7347,0.3665
-192,0.000105,0.310350,936.77,978.79,2343.75,0.562723,0.160784,-1.136525,0.772421,0.778957,-0.129825,-0.314990,0.029961,234.38,0.048185,10.8260,0.4901
-187,0.000085,0.206444,876.84,968.94,2250.00,0.511727,0.145098,-0.723804,0.807638,0.790634,-0.373637,-0.318269,-0.182562,234.38,0.065486,13.7784,0.5726
-181,0.000072,0.154193,1022.57,1027.81,2578.12,0.552447,0.321569,-1.239544,0.731623,0.849875,-0.352235,-0.146432,0.156714,234.38,0.051452,12.3315,0.4356
-176,0.000058,0.205962,1158.33,1071.84,2671.88,0.641147,0.309804,-0.733147,0.463242,0.572118,-0.588233,-0.073930,0.359950,234.38,0.034902,9.4032,0.4310
-171,0.000062,0.211081,1076.47,1048.05,2484.38,0.626899,0.262745,-0.102957,0.492162,0.188453,-0.763904,-0.029839,0.216083,234.38,0.024355,6.9458,0.5253
-165,0.000064,0.204721,1194.08,1049.51,2578.12,0.680970,0.325490,-0.705662,0.268128,0.216278,-0.022419,-0.018179,0.261856,234.38,0.018802,5.8953,0.4157
-160,0.000055,0.246996,1250.90,1124.88,2859.38,0.705619,0.290196,-0.053823,0.001822,-0.000561,-0.254328,-0.050092,0.356981,281.25,0.012565,3.7989,0.4553
-155,0.000073,0.184201,1350.33,1118.46,2859.38,0.756269,0.235294,0.066541,0.225610,-0.520489,-0.471251,0.251943,0.447647,93.75,0.018388,7.0424,0.4492
-149,0.000086,0.326434,1134.12,1016.73,2484.38,0.668235,0.137255,-0.167745,0.339223,-0.212163,-0.332455,0.259442,0.113696,187.50,0.016878,5.8396,0.4748
-144,0.000061,0.342213,996.15,1056.87,2343.75,0.592157,0.298039,0.293480,0.471386,0.008514,-0.718150,-0.111440,0.056212,234.38,0.022995,6.5248,0.6011
-139,0.000051,0.145007,1025.82,1076.99,2484.38,0.596669,0.345098,0.396205,0.532994,-0.198534,-0.786376,-0.085427,0.141138,93.75,0.031854,9.4367,0.6075
-133,0.000080,0.149631,1308.15,1082.91,2718.75,0.760335,0.282353,-0.059946,0.094578,-0.271055,-0.399058,0.264165,0.371315,93.75,0.014279,5.5292,0.4255
-128,0.000089,0.289417,1207.89,1099.15,2625.00,0.672688,0.211765,-0.154061,0.152458,0.111019,-0.395508,-0.050084,0.336175,234.38,0.012633,4.3064,0.4641
-123,0.000093,0.417047,828.78,903.49,1921.88,0.496933,0.149020,-0.132775,0.606404,0.420833,-0.193262,-0.356836,-0.344364,234.38,0.029123,6.7363,0.6428
-117,0.000099,0.143147,932.20,1010.49,2390.62,0.521619,0.133333,0.008198,0.610605,0.416177,-0.564898,-0.380368,-0.089714,281.25,0.038907,9.6128,0.6328
-112,0.000087,0.263205,1025.18,1031.05,2531.25,0.550738,0.156863,-0.482442,0.525307,0.633636,-0.621315,-0.202425,0.147241,281.25,0.044684,10.5015,0.5123
-107,0.000126,0.204646,974.19,1011.25,2437.50,0.560117,0.172549,-0.499547,0.364731,0.566820,-0.155360,-0.318967,0.042324,328.12,0.041899,9.9360,0.5177
-101,0.000065,0.273097,844.33,990.00,2109.38,0.498825,0.356863,-0.051519,0.671111,0.538833,-0.561995,-0.423923,-0.172508,281.25,0.040596,8.0565,0.6475
-96,0.000084,0.185678,883.29,1035.86,2343.75,0.508313,0.121569,0.272071,0.831761,0.245250,-0.933557,-0.292618,-0.122908,93.75,0.038358,8.2765,0.6813
-91,0.000061,0.137672,1123.21,1126.81,2718.75,0.647074,0.298039,0.348841,0.385722,-0.272547,-0.590854,-0.125919,0.254758,93.75,0.031881,9.8359,0.5751
-85,0.000057,0.154199,1191.16,1126.16,2765.62,0.648817,0.286275,0.269166,0.093328,-0.163738,-0.607062,0.077138,0.331167,140.62,0.015901,5.5794,0.4943
-80,0.000069,0.262037,1145.29,1068.14,2625.00,0.671073,0.250980,-0.243047,0.278271,0.224980,-0.477908,0.068380,0.149324,234.38,0.017076,5.8095,0.4772
-75,0.000064,0.238276,1000.70,1055.69,2484.38,0.554749,0.219608,-0.012423,0.601755,-0.034750,-0.243095,-0.322454,0.010967,140.62,0.023323,7.6807,0.6107
-69,0.000069,0.212373,1046.21,1107.69,2531.25,0.626770,0.219608,0.422281,0.438761,-0.414965,-0.245337,-0.435094,0.234355,140.62,0.020908,7.5132,0.6297
-64,0.000080,0.197567,1282.66,1185.72,2812.50,0.684080,0.278431,0.041840,0.131772,-0.226690,-0.438309,-0.090048,0.581437,187.50,0.014196,5.6756,0.4604
-59,0.000056,0.414095,1125.70,1154.43,2765.62,0.614226,0.403922,-0.020760,0.583370,0.144136,-0.621549,-0.396473,0.311276,234.38,0.026724,7.1429,0.5803
-53,0.000053,0.155369,1086.83,1079.90,2671.88,0.641093,0.333333,-0.232640,0.526472,0.229304,-0.310883,-0.347967,0.135713,234.38,0.024896,7.2514,0.5629
-48,0.000071,0.132748,1280.70,1076.96,2671.88,0.724023,0.211765,-0.581577,0.184605,0.154717,-0.231538,0.005103,0.468691,234.38,0.014610,5.8675,0.3928
-43,0.000073,0.302546,1133.79,1026.69,2484.38,0.679344,0.207843,-0.889273,0.305950,0.447795,-0.115685,0.021024,0.230189,234.38,0.020461,6.9420,0.3972
-37,0.000088,0.285004,1126.57,1031.95,2484.38,0.650039,0.192157,-1.100755,0.448709,0.679717,-0.174887,-0.056442,0.203658,281.25,0.033226,10.2834,0.4014
-32,0.000184,0.326900,916.40,989.88,2296.88,0.557302,0.062745,-0.309204,0.534029,0.534792,-0.169224,-0.441359,-0.149035,281.25,0.039303,10.2753,0.6005
-27,0.000278,0.466697,730.79,945.50,1828.12,0.441696,0.035294,0.518754,0.940037,0.229033,-0.800228,-0.584298,-0.303300,140.62,0.077306,12.9552,0.7637
-21,0.000409,0.367263,596.07,880.14,1593.75,0.345940,0.035294,1.101235,1.208153,-0.338658,-0.851075,-0.717378,-0.402276,140.62,0.148719,18.7011,0.8474
-16,0.000314,0.321575,453.88,720.24,750.00,0.266191,0.011765,1.177556,1.424085,0.152359,-0.887726,-1.097601,-0.768672,140.62,0.214021,20.0739,0.9033
-11,0.000387,0.169092,439.75,704.95,750.00,0.251044,0.023529,1.208697,1.436264,-0.036922,-0.787388,-0.998223,-0.822427,140.62,0.242773,21.6757,0.9032
-5,0.000246,0.231316,527.36,803.22,937.50,0.272555,0.015686,0.759120,1.472391,0.089848,-0.690583,-1.039244,-0.591532,140.62,0.220504,21.1997,0.8734
0,0.000614,0.135790,560.01,811.49,1125.00,0.322300,0.011765,0.658163,1.331055,0.110006,-0.567948,-0.960428,-0.570848,140.62,0.196193,17.8145,0.8532
5,0.008468,0.849665,780.04,785.40,1359.38,0.441637,0.019608,-0.038365,0.540915,-0.100428,0.698255,-0.651358,-0.449020,187.50,0.504563,6.8876,0.6903
11,0.007168,0.752643,717.72,689.67,1171.88,0.377345,0.011765,0.215801,0.573300,-0.296833,0.820882,-0.459553,-0.853597,140.62,2.371980,8.0283,0.7410
16,0.006035,0.341475,696.58,645.87,1359.38,0.354492,0.019608,0.257799,0.600793,-0.159723,0.642260,-0.055591,-1.285540,140.62,4.243562,9.8674,0.7502
21,0.005294,0.132340,708.68,665.75,1406.25,0.332872,0.027451,0.166187,0.582266,0.083259,0.409250,0.051249,-1.292211,140.62,3.752741,10.4885,0.7300
27,0.006605,0.190854,799.26,663.82,1453.12,0.365734,0.031373,-0.160126,0.338698,0.014611,0.739056,0.153119,-1.085358,140.62,1.940844,5.8497,0.6354
32,0.007719,0.234673,831.82,648.49,1500.00,0.382924,0.023529,-0.303152,0.263827,-0.115876,0.920367,0.238847,-1.004012,843.75,2.633414,8.0792,0.5897
37,0.006551,0.271831,748.81,647.75,1453.12,0.349882,0.019608,0.178197,0.501569,-0.262173,0.732579,0.102323,-1.252495,140.62,3.487988,9.0488,0.7140
43,0.005762,0.191892,656.35,640.38,1218.75,0.320344,0.031373,0.201781,0.676661,0.157054,0.454140,-0.131810,-1.357827,140.62,4.243367,11.2098,0.7657
48,0.005621,0.105147,699.23,623.25,1265.62,0.327369,0.019608,0.086686,0.577025,0.034774,0.660801,0.021786,-1.381071,140.62,3.062064,9.1602,0.7333
53,0.004705,0.185708,806.61,628.77,1406.25,0.359549,0.027451,-0.404288,0.296728,0.062227,0.860936,0.232080,-1.047683,843.75,2.426941,8.0264,0.5876
59,0.007658,0.168214,804.05,634.30,1359.38,0.372558,0.015686,-0.402043,0.237429,0.155182,0.887353,0.247327,-1.125248,843.75,2.328309,7.6448,0.5882
64,0.006121,0.248534,723.03,614.83,1406.25,0.326625,0.031373,-0.008852,0.448091,0.125890,0.665185,0.277491,-1.507807,187.50,2.309583,6.8581,0.6974
69,0.002992,0.220364,626.87,620.57,1218.75,0.315107,0.035294,0.342784,0.691444,0.097143,0.421004,-0.100176,-1.452199,140.62,3.439689,9.5524,0.7847
75,0.006177,0.142606,735.34,684.61,1453.12,0.394053,0.015686,0.142827,0.413978,0.041033,0.393581,0.156608,-1.148027,140.62,2.434729,7.6418,0.6844
80,0.007732,0.101769,705.18,659.59,1453.12,0.349679,0.015686,0.196628,0.528889,0.006814,0.399690,0.097174,-1.229195,140.62,2.500567,8.3366,0.7168
85,0.006795,0.294489,696.28,620.43,1312.50,0.301233,0.023529,0.340471,0.674393,-0.281486,0.601838,0.072451,-1.407668,140.62,3.708891,10.6465,0.7641
91,0.003476,0.177185,710.06,597.30,1218.75,0.295873,0.019608,0.216406,0.583763,-0.189336,0.808839,0.017468,-1.437139,140.62,3.442535,9.5306,0.7521
96,0.004238,0.089742,740.82,615.82,1218.75,0.333468,0.027451,-0.059746,0.487766,0.012874,0.736929,0.019425,-1.197249,140.62,2.459100,8.1660,0.6906
101,0.005940,0.152685,768.92,657.88,1406.25,0.383243,0.027451,0.036194,0.289699,-0.009619,0.667962,0.158765,-1.143001,93.75,1.724440,7.2855,0.6582
107,0.005697,0.295275,689.94,603.20,1218.75,0.307876,0.023529,0.113892,0.423748,0.278488,0.618557,0.017979,-1.452665,93.75,2.127424,7.2013,0.7283
112,0.005851,0.214063,733.80,580.05,1359.38,0.272381,0.011765,0.100336,0.404673,0.075886,0.768015,0.218688,-1.567599,140.62,2.526132,7.8646,0.7165
117,0.005903,0.132716,698.42,569.05,1218.75,0.273724,0.011765,0.211165,0.608906,-0.076617,0.787528,0.179438,-1.710419,140.62,2.866729,9.2603,0.7641
123,0.004641,0.185425,673.03,629.87,1406.25,0.305827,0.027451,0.416143,0.635835,-0.096036,0.455017,0.067796,-1.478754,140.62,2.803251,10.2478,0.7741
128,0.006543,0.195016,658.20,581.20,1218.75,0.284351,0.023529,0.279010,0.589944,0.075029,0.576098,0.051833,-1.571914,140.62,2.521263,8.3637,0.7675
133,0.005575,0.212665,710.53,563.08,1218.75,0.270117,0.023529,0.084970,0.400902,0.268441,0.747776,0.135313,-1.637402,140.62,2.338066,8.0292,0.7299
139,0.004606,0.162079,682.06,569.50,1171.88,0.267751,0.011765,0.301286,0.574890,0.028207,0.704265,0.127246,-1.735894,140.62,2.828271,9.2733,0.7760
144,0.005717,0.133184,616.07,611.67,1171.88,0.288996,0.023529,0.565312,0.788403,-0.082084,0.425229,-0.077781,-1.619080,140.62,2.982419,11.7862,0.8213
149,0.006388,0.146861,639.85,600.92,1171.88,0.290853,0.027451,0.535573,0.668373,-0.256244,0.625891,-0.043244,-1.530349,140.62,2.964454,11.1430,0.8004
155,0.006420,0.253928,624.10,546.11,1078.12,0.246424,0.019608,0.390770,0.647329,0.112086,0.699198,-0.054911,-1.794473,140.62,2.990731,9.7980,0.8090
160,0.005181,0.150746,624.33,530.93,1078.12,0.229469,0.015686,0.284750,0.628839,0.442166,0.650556,-0.021443,-1.984867,140.62,2.639174,8.3263,0.8115
165,0.005941,0.094428,610.35,598.79,1125.00,0.284839,0.011765,0.465877,0.749678,0.215966,0.364766,-0.141447,-1.654840,140.62,2.863499,10.5748,0.8185
171,0.006371,0.133993,619.38,610.80,1218.75,0.276353,0.019608,0.570747,0.736743,-0.023129,0.298920,0.010839,-1.594122,140.62,3.197949,12.1066,0.8093
176,0.005670,0.160033,632.09,572.19,1171.88,0.264209,0.015686,0.509673,0.687578,-0.105204,0.634626,0.016502,-1.743174,140.62,3.292415,11.6969,0.8118
181,0.004877,0.173937,634.02,576.87,1171.88,0.264379,0.011765,0.382545,0.668068,0.267076,0.449930,-0.003453,-1.764166,140.62,3.064490,10.2659,0.8036
187,0.006414,0.088386,607.32,572.14,1218.75,0.241515,0.003922,0.445593,0.712464,0.401085,0.308382,-0.046388,-1.821137,140.62,2.736468,10.1209,0.8195
192,0.005962,0.108816,606.84,605.06,1218.75,0.270586,0.031373,0.455734,0.771438,0.278597,0.167800,-0.106263,-1.567307,140.62,2.755616,10.9952,0.8101
197,0.004962,0.203080,593.52,569.58,1078.12,0.263385,0.011765,0.481156,0.661081,0.240533,0.536828,-0.222319,-1.697280,140.62,3.007208,10.7346,0.8221
203,0.004625,0.143719,582.14,542.16,1078.12,0.217280,0.019608,0.612331,0.792183,-0.014168,0.661144,-0.103382,-1.948108,140.62,3.181862,11.7974,0.8492
208,0.004745,0.118564,609.02,574.21,1125.00,0.252121,0.007843,0.366747,0.718956,0.331940,0.369589,-0.069126,-1.718106,140.62,2.725097,11.7596,0.8079
213,0.005479,0.226707,581.09,551.84,1125.00,0.232784,0.019608,0.377676,0.810645,0.404448,0.328309,-0.120387,-1.800690,140.62,2.215465,9.2740,0.8256
219,0.005086,0.213953,546.97,525.41,1031.25,0.217338,0.003922,0.542647,0.803953,0.399493,0.474340,-0.186942,-2.033492,93.75,2.781283,10.2327,0.8561
224,0.004158,0.112958,593.44,562.21,1078.12,0.244303,0.019608,0.576151,0.667292,0.171201,0.542988,-0.107111,-1.850522,140.62,2.732956,11.1487,0.8321
229,0.003093,0.157270,620.07,598.07,1218.75,0.244326,0.023529,0.459363,0.776213,0.162842,0.245738,0.064954,-1.709111,140.62,2.623865,12.6028,0.8084
235,0.003445,0.121453,640.12,599.33,1218.75,0.274046,0.035294,0.371355,0.727750,0.194601,0.247430,0.073932,-1.615067,140.62,1.910365,10.3855,0.7892
240,0.004148,0.189429,697.47,588.08,1312.50,0.300549,0.011765,0.104581,0.509378,0.278516,0.652945,0.059868,-1.605288,93.75,1.279498,7.5566,0.7464
245,0.004188,0.263067,645.74,544.43,1078.12,0.236969,0.003922,0.269994,0.463716,0.286787,0.843966,-0.036473,-1.827991,140.62,1.620496,7.9930,0.7857
251,0.002911,0.158880,572.55,548.75,1125.00,0.222223,0.015686,0.576680,0.722811,0.233008,0.512785,-0.091878,-1.953407,140.62,2.148294,10.5675,0.8419
256,0.002679,0.068532,608.99,571.62,1171.88,0.254062,0.027451,0.555999,0.679091,0.064486,0.516953,-0.004212,-1.812316,140.62,1.831850,10.4514,0.8214
261,0.003612,0.178594,698.45,586.36,1218.75,0.281433,0.027451,0.055628,0.615150,0.134117,0.708465,0.081239,-1.594599,796.88,1.011366,7.1765,0.7488
267,0.002756,0.223111,685.54,547.28,1125.00,0.258954,0.027451,0.022446,0.502729,0.190399,0.907694,0.072555,-1.695823,796.88,1.103437,6.4850,0.7454
272,0.003497,0.204653,671.73,566.86,1125.00,0.283758,0.015686,0.280321,0.418413,0.065356,0.793335,0.048226,-1.605651,140.62,1.534101,8.7892,0.7555
277,0.002760,0.132918,666.30,578.04,1171.88,0.286533,0.027451,0.126421,0.511178,0.210424,0.698438,0.001100,-1.547561,140.62,1.674487,9.7174,0.7488
283,0.002477,0.144909,629.72,586.02,1218.75,0.254731,0.027451,0.309690,0.750034,0.161113,0.528754,-0.125023,-1.624568,140.62,1.610715,10.1744,0.8029
288,0.002006,0.121175,706.82,603.10,1265.62,0.289406,0.019608,0.356843,0.506205,-0.243315,0.773068,0.095682,-1.488484,140.62,1.190079,8.6583,0.7555
293,0.002702,0.200474,741.20,577.84,1265.62,0.307160,0.027451,-0.190982,0.280889,0.218351,0.913562,0.109647,-1.331467,843.75,0.861430,6.1702,0.6583
299,0.002433,0.159683,754.55,593.57,1406.25,0.308379,0.023529,-0.215961,0.289807,0.279970,0.812209,0.221141,-1.387165,843.75,0.813687,5.8345,0.6502
304,0.004157,0.139090,715.90,594.31,1359.38,0.292625,0.003922,0.131445,0.459332,0.114619,0.773688,0.050375,-1.529460,140.62,1.257992,9.3933,0.7379
309,0.002837,0.259354,617.96,595.99,1125.00,0.264367,0.019608,0.453059,0.832883,-0.097386,0.513394,-0.166285,-1.535666,140.62,1.780663,12.0486,0.8167
315,0.002557,0.196458,573.92,559.23,1078.12,0.219290,0.035294,0.604929,0.896585,-0.266455,0.684069,-0.247528,-1.671601,140.62,1.752628,11.0738,0.8469
320,0.002691,0.138081,610.62,566.14,1125.00,0.250346,0.031373,0.478419,0.637696,0.097061,0.692028,-0.195449,-1.709754,93.75,1.486315,10.6673,0.8192
325,0.002978,0.143631,661.16,578.61,1265.62,0.267158,0.023529,0.253208,0.529607,0.249225,0.788941,-0.232066,-1.588914,140.62,1.086520,8.2603,0.7862
331,0.002962,0.243737,596.46,533.73,1078.12,0.209733,0.003922,0.169049,0.859706,0.394354,0.649567,-0.179717,-1.892958,140.62,1.342173,9.3859,0.8250
336,0.002481,0.171656,608.80,563.56,1125.00,0.235995,0.027451,0.491301,0.759649,0.085505,0.544669,-0.109772,-1.771352,140.62,1.570057,11.3634,0.8272
341,0.001788,0.148371,601.91,563.15,1125.00,0.233712,0.035294,0.514536,0.840052,-0.201808,0.703572,-0.115355,-1.740997,140.62,1.470946,10.9371,0.8328
347,0.002085,0.070779,689.87,582.01,1265.62,0.286287,0.023529,0.180498,0.533994,-0.068134,0.901493,-0.060630,-1.487220,93.75,0.824583,7.8685,0.7561
352,0.001884,0.156389,736.37,565.08,1265.62,0.290027,0.027451,0.038169,0.291428,0.008717,0.944382,0.146403,-1.429099,843.75,0.846143,8.5599,0.6913
357,0.001996,0.164047,720.76,556.14,1171.88,0.268829,0.023529,-0.046081,0.361785,0.230225,0.881205,0.066287,-1.493422,843.75,0.924329,9.1434,0.7050
363,0.001802,0.234541,715.22,563.21,1171.88,0.280379,0.023529,-0.184643,0.479041,-0.018668,1.062631,0.021572,-1.359933,843.75,0.820424,7.7476,0.6935
368,0.001957,0.160762,671.31,568.96,1218.75,0.279868,0.035294,0.138568,0.640081,-0.023643,0.879428,-0.101001,-1.533433,140.62,0.892903,8.6387,0.7697
373,0.002063,0.109894,687.07,574.76,1265.62,0.282302,0.035294,-0.049067,0.590749,0.186051,0.850704,-0.058128,-1.520309,843.75,0.692104,6.8955,0.7427
379,0.001935,0.225840,694.64,547.44,1171.88,0.242814,0.027451,-0.614661,0.735700,0.468907,0.900025,0.026799,-1.516770,843.75,0.890983,8.8870,0.6912
384,0.001432,0.205822,716.55,547.70,1171.88,0.279806,0.023529,-0.097699,0.495161,0.116539,0.953305,0.056091,-1.523398,843.75,0.892456,8.7380,0.7176
389,0.001101,0.136966,704.69,573.38,1171.88,0.296275,0.035294,-0.002636,0.482551,-0.042019,1.084582,-0.219265,-1.303213,843.75,0.670233,7.0078,0.7313
395,0.001641,0.131222,729.15,550.78,1265.62,0.281412,0.031373,-0.389120,0.239135,0.522782,1.085142,0.051109,-1.509048,843.75,0.499202,6.8082,0.6579
400,0.002008,0.183567,792.04,558.59,1359.38,0.311888,0.019608,-0.290417,0.001594,0.231026,1.204970,0.166849,-1.314022,843.75,0.702590,9.7636,0.6057
#END {"type":"keypress","session_id":"piano_b2a0d275b8479bf7","ms":98506,"path":"/raw_F1_r02_97852.csv","rows":115}

----- END /raw_F1_r02_97852.csv -----
=== KEY_DUMP_END key=F1 ===
NEXT: F#1
PRESS F#1  rep 1/2  then hit Enter

> REC OK: /raw_F#1_r01_104370.csv
PRESS F#1  rep 2/2  then hit Enter

> REC OK: /raw_F#1_r02_106748.csv
=== KEY_DUMP_BEGIN key=F#1 files=2 ===
----- BEGIN /raw_F#1_r01_104370.csv (17731 bytes) -----
#BEGIN {"type":"keypress","session_id":"piano_b2a0d275b8479bf7","ms":104575,"key":"F#1","rep":1,"reps_per_key":2,"fs_hz":48000,"hop":256,"n_fft":1024,"fmin":50.0,"fmax":3500.0,"lead_ms":150,"pre_ms":60,"post_ms":400,"stored_pre_ms":210,"pre_frames":40,"post_frames":75,"path":"/raw_F#1_r01_104370.csv"}
ms_from_event,rms,flux,centroid_hz,spread_hz,rolloff85_hz,flatness,zcr,band0,band1,band2,band3,band4,band5,peak_hz,peak_mag,peak_ratio,low_dom
-208,0.000047,0.180644,1254.88,1126.58,2812.50,0.677033,0.431373,-0.820834,0.224163,0.652960,-0.530024,-0.060183,0.533917,281.25,0.025469,8.1755,0.3693
-203,0.000073,0.147523,1323.90,1087.99,2718.75,0.689759,0.254902,-1.047866,0.197175,0.574657,-0.466460,0.156735,0.585759,234.38,0.016432,6.8380,0.3108
-197,0.000051,0.336184,1135.07,1092.96,2578.12,0.652031,0.337255,0.043749,0.389098,0.092426,-0.622661,-0.265594,0.362982,93.75,0.016534,5.7241,0.5418
-192,0.000086,0.177440,1220.98,1106.95,2625.00,0.657661,0.125490,0.178867,0.396939,-0.389079,-0.402363,-0.160815,0.376452,93.75,0.022636,8.5267,0.5449
-187,0.000051,0.237462,1276.92,1187.83,2765.62,0.658805,0.317647,0.568325,0.198150,-0.698555,-0.662108,0.021321,0.572868,2625.00,0.004494,1.7730,0.5215
-181,0.000058,0.215152,1154.97,1130.14,2671.88,0.661062,0.309804,0.503042,0.005793,-0.523821,-0.381512,0.068037,0.328460,328.12,0.006316,2.4035,0.5140
-176,0.000051,0.189965,1233.33,1153.19,2906.25,0.664716,0.384314,0.195423,0.108684,-0.144842,-0.491537,-0.034245,0.366517,281.25,0.007842,3.1352,0.4965
-171,0.000053,0.167970,1426.78,1109.46,2906.25,0.731554,0.411765,-0.076427,0.013746,-0.323651,-0.518829,0.316683,0.588479,281.25,0.007808,3.6365,0.3813
-165,0.000043,0.264566,1456.60,1093.82,2859.38,0.783821,0.435294,-0.105618,-0.149344,-0.405811,-0.326833,0.288103,0.699505,281.25,0.004823,1.9209,0.3495
-160,0.000062,0.153793,1594.22,1051.72,2812.50,0.804345,0.266667,-0.470923,-0.268118,-0.561314,0.036829,0.364153,0.899372,140.62,0.007627,3.6956,0.2687
-155,0.000056,0.379267,1218.46,1079.04,2718.75,0.722265,0.298039,-0.417144,0.163915,0.080703,-0.041272,-0.063908,0.277706,140.62,0.011002,4.1758,0.4419
-149,0.000061,0.286258,1179.84,1102.38,2812.50,0.647860,0.290196,-0.670552,0.270072,0.392240,0.045007,-0.290626,0.253860,281.25,0.016727,5.3763,0.4547
-144,0.000053,0.217653,1297.32,1159.85,2906.25,0.711244,0.380392,-0.347032,0.171470,0.201365,-0.241595,-0.246587,0.462377,328.12,0.016761,5.2442,0.4512
-139,0.000062,0.160590,1313.94,1164.40,2953.12,0.663480,0.286275,-0.582850,0.287375,0.399320,-0.418067,-0.171852,0.486072,281.25,0.014601,5.3697,0.4244
-133,0.000058,0.200571,1234.11,1108.28,2718.75,0.630805,0.341176,-1.170683,0.213182,0.724266,-0.156893,-0.055949,0.446075,281.25,0.020510,7.8483,0.3376
-128,0.000078,0.303138,1343.13,1140.49,2765.62,0.690242,0.223529,-0.952172,0.191186,0.511832,-0.057634,-0.315707,0.622494,281.25,0.022306,6.9714,0.3696
-123,0.000080,0.253966,1266.46,1120.86,2718.75,0.655380,0.184314,-0.527847,-0.037601,0.632608,-0.200408,-0.475834,0.609083,328.12,0.024135,6.7674,0.4135
-117,0.000076,0.209006,1121.15,1079.19,2671.88,0.609923,0.239216,-0.679191,0.312846,0.861323,-0.578371,-0.284338,0.367730,328.12,0.036177,11.1209,0.4440
-112,0.000067,0.248506,956.54,969.98,2250.00,0.558493,0.282353,-0.579694,0.425788,0.695227,-0.190814,-0.261041,-0.089465,281.25,0.040607,11.6646,0.5246
-107,0.000046,0.177023,1104.78,1015.24,2343.75,0.603553,0.388235,-0.860218,0.360029,0.572292,-0.221409,-0.077641,0.226946,281.25,0.030818,9.1310,0.4195
-101,0.000051,0.194658,1346.24,1100.00,2765.62,0.769686,0.384314,-0.799467,0.067932,0.205126,-0.175287,0.154054,0.547642,234.38,0.014123,4.8081,0.3281
-96,0.000072,0.122217,1489.34,1118.94,2953.12,0.766915,0.207843,-0.399975,-0.061706,-0.427232,-0.061989,0.250144,0.700758,187.50,0.009242,4.1313,0.3304
-91,0.000064,0.298066,1318.20,1131.08,2765.62,0.717764,0.258824,0.174050,0.150032,-0.673551,-0.192297,0.047455,0.494310,234.38,0.006786,2.6486,0.4728
-85,0.000064,0.207404,1161.56,1087.02,2578.12,0.678972,0.301961,0.307282,-0.037149,-0.528634,-0.134091,0.076333,0.316257,140.62,0.013627,5.1723,0.4847
-80,0.000045,0.171863,1215.93,1137.81,2718.75,0.681402,0.443137,0.393586,0.004653,-0.546988,-0.328702,0.074252,0.403199,140.62,0.014739,5.5243,0.4901
-75,0.000053,0.174689,1392.16,1112.46,2812.50,0.663592,0.333333,0.203570,-0.144224,-0.650502,-0.279801,0.315723,0.555233,468.75,0.005912,2.6229,0.3999
-69,0.000074,0.212999,1548.90,1048.57,2765.62,0.784782,0.149020,-0.110105,-0.527155,-0.630266,-0.145909,0.560900,0.852533,140.62,0.005562,2.7847,0.2640
-64,0.000070,0.263751,1442.87,1097.71,2765.62,0.738915,0.215686,0.229671,-0.737912,-0.645468,-0.032299,0.383143,0.802865,140.62,0.006023,2.6139,0.3000
-59,0.000056,0.254684,1311.45,1191.40,2953.12,0.676176,0.301961,0.494181,-0.394476,-0.392852,-0.374158,0.026180,0.641126,328.12,0.004862,1.9850,0.4295
-53,0.000055,0.293879,1436.49,1216.43,2953.12,0.681516,0.305882,-0.033916,-0.056918,0.164685,-0.705488,-0.148076,0.779712,328.12,0.011204,4.4797,0.4107
-48,0.000070,0.225167,1412.11,1127.65,2859.38,0.752350,0.219608,-0.808081,-0.185295,0.479566,-0.197641,-0.069863,0.781316,328.12,0.016199,6.8570,0.2989
-43,0.000073,0.289487,1196.63,1067.50,2625.00,0.643750,0.200000,-0.690435,-0.502377,0.768860,-0.010332,-0.096437,0.530723,375.00,0.024086,9.0811,0.3071
-37,0.000108,0.324994,1166.75,1048.32,2578.12,0.635646,0.215686,-0.774743,-0.056801,0.771832,-0.406343,0.013530,0.452527,328.12,0.033595,9.4994,0.3433
-32,0.000195,0.283900,951.99,1029.39,2343.75,0.551803,0.043137,0.170701,0.582759,0.314283,-0.802572,-0.351963,0.086792,328.12,0.030373,7.8400,0.6246
-27,0.000273,0.438972,657.32,907.17,1781.25,0.372205,0.035294,0.888694,1.066162,-0.210252,-0.712686,-0.714436,-0.317483,140.62,0.087603,15.5492,0.8166
-21,0.000357,0.377470,584.09,861.04,1546.88,0.359923,0.039216,1.028951,1.125939,-0.188614,-0.589996,-0.858395,-0.517884,93.75,0.135330,17.8610,0.8539
-16,0.000307,0.344732,481.10,735.75,937.50,0.274842,0.031373,1.016576,1.290591,0.101400,-0.731172,-0.833296,-0.844099,140.62,0.198141,18.5260,0.8800
-11,0.000283,0.136378,483.73,732.51,843.75,0.264615,0.047059,0.983696,1.347471,0.128392,-0.747743,-0.846150,-0.865667,140.62,0.220748,20.3977,0.8830
-5,0.000198,0.219938,544.42,815.55,984.38,0.292439,0.105882,0.521045,1.346551,0.480871,-0.684791,-1.083886,-0.579790,187.50,0.176549,17.3988,0.8539
0,0.000419,0.213158,576.34,818.57,1078.12,0.333187,0.094118,0.269499,1.083262,0.644592,-0.390259,-0.923044,-0.684050,234.38,0.125110,13.4824,0.8146
5,0.004430,0.878290,902.02,734.13,1640.62,0.524920,0.023529,-0.512461,-0.331150,0.175930,1.047228,0.095378,-0.474924,750.00,0.271432,3.9370,0.4423
11,0.006534,0.670242,897.77,722.12,1593.75,0.486554,0.031373,-0.173694,-0.157765,-0.175119,0.888514,0.177188,-0.559124,796.88,1.144547,5.5168,0.5063
16,0.004470,0.405284,817.80,695.27,1453.12,0.387308,0.035294,-0.052666,0.220723,-0.128465,0.635617,0.038083,-0.713291,796.88,2.149137,6.7321,0.6039
21,0.004928,0.178236,853.05,661.72,1453.12,0.347526,0.027451,-0.224067,0.157779,-0.283095,0.815663,0.199051,-0.665331,796.88,2.439782,7.1280,0.5498
27,0.004333,0.088601,884.40,687.43,1500.00,0.395493,0.011765,-0.304997,0.026528,-0.182516,0.803294,0.156336,-0.498644,750.00,1.797197,6.5546,0.5080
32,0.005994,0.205979,773.56,695.08,1453.12,0.351660,0.027451,0.135524,0.452207,-0.314831,0.547668,-0.058703,-0.761864,140.62,1.953022,6.8521,0.6691
37,0.004060,0.216816,803.74,656.83,1359.38,0.348155,0.043137,0.012827,0.099517,-0.133230,0.755583,0.051485,-0.786181,93.75,2.066165,7.1834,0.6043
43,0.004017,0.248274,891.49,654.47,1500.00,0.370893,0.039216,-0.331856,-0.118886,-0.213185,0.934761,0.285902,-0.556737,750.00,1.919813,5.9659,0.4775
48,0.004824,0.108040,966.69,653.33,1546.88,0.400203,0.027451,-0.614129,-0.302470,-0.112314,0.947429,0.546613,-0.465129,750.00,1.724176,6.5700,0.3778
53,0.005225,0.243865,841.04,654.54,1406.25,0.331388,0.031373,-0.268649,0.293888,-0.234949,0.753304,0.219129,-0.762723,750.00,1.449451,5.0505,0.5706
59,0.006506,0.189383,870.34,669.81,1500.00,0.370489,0.019608,-0.347453,0.227862,-0.138676,0.600459,0.340542,-0.682734,93.75,1.711964,5.6735,0.5278
64,0.005019,0.274512,776.42,623.60,1312.50,0.312935,0.027451,0.022039,0.315315,-0.273161,0.680925,0.304549,-1.049667,140.62,2.390094,7.0446,0.6321
69,0.004649,0.091377,813.91,651.71,1406.25,0.370305,0.039216,0.070594,0.269899,-0.393720,0.672582,0.364509,-0.983863,140.62,2.295166,7.2001,0.6177
75,0.006084,0.259394,861.99,664.99,1500.00,0.433741,0.035294,-0.373258,-0.071169,0.126644,0.694495,0.437948,-0.814660,93.75,1.396601,4.2100,0.4915
80,0.004654,0.218729,903.14,640.59,1453.12,0.378285,0.027451,-0.577675,-0.102466,0.073202,0.734776,0.595589,-0.723425,750.00,1.575622,4.8831,0.4314
85,0.004438,0.245936,854.99,592.57,1453.12,0.299945,0.039216,-0.242506,0.221225,-0.334626,0.910088,0.574152,-1.128332,750.00,2.098465,5.9481,0.5662
91,0.004125,0.160113,891.01,595.21,1453.12,0.308121,0.039216,-0.594784,0.073571,-0.073261,0.830924,0.598867,-0.835317,750.00,2.059154,7.1415,0.4645
96,0.005059,0.170401,888.77,631.70,1500.00,0.306009,0.035294,-0.874837,0.183169,0.195542,0.637639,0.526464,-0.667978,1125.00,1.228966,4.4535,0.4317
101,0.004792,0.226297,888.61,622.34,1453.12,0.322693,0.035294,-0.496019,0.085727,0.101859,0.687901,0.553217,-0.932684,140.62,1.451417,5.1171,0.4961
107,0.003995,0.182563,869.62,602.53,1406.25,0.311745,0.031373,-0.348313,0.048673,-0.145807,0.911016,0.424081,-0.889650,750.00,1.904909,6.4207,0.5207
112,0.003724,0.160785,895.41,618.91,1500.00,0.354267,0.031373,-0.637857,-0.007136,0.039004,0.832044,0.513318,-0.739374,750.00,2.028936,7.3387,0.4478
117,0.003802,0.130288,908.44,666.17,1500.00,0.374482,0.027451,-0.827253,0.150348,0.231398,0.619037,0.448521,-0.622051,234.38,1.346226,5.6011,0.4374
123,0.004550,0.235846,809.10,656.47,1453.12,0.346034,0.039216,-0.408557,0.322267,0.203657,0.541229,0.249645,-0.908240,515.62,1.196511,4.8474,0.5711
128,0.004195,0.219962,921.92,644.68,1500.00,0.381240,0.027451,-0.568997,-0.154327,0.021384,0.902654,0.360989,-0.561704,796.88,1.586974,6.4423,0.4350
133,0.002373,0.188281,916.29,620.98,1500.00,0.325622,0.035294,-0.836135,0.019035,0.071141,0.894134,0.554908,-0.703082,796.88,1.827055,7.1399,0.4172
139,0.003359,0.100942,867.37,676.29,1500.00,0.367675,0.023529,-0.660361,0.316590,0.227470,0.596961,0.264146,-0.744806,234.38,1.284489,6.0980,0.5171
144,0.003830,0.170326,847.94,685.98,1500.00,0.386907,0.039216,-0.893599,0.354777,0.487613,0.514231,0.247894,-0.710915,234.38,1.327186,7.0522,0.4905
149,0.004185,0.264663,955.77,634.31,1500.00,0.353568,0.031373,-1.633475,0.116468,0.417677,0.876414,0.755032,-0.532115,796.88,1.133229,5.3605,0.2953
155,0.002994,0.180037,926.31,617.15,1500.00,0.350784,0.027451,-1.168439,0.127042,0.205373,0.942923,0.689637,-0.796536,796.88,1.656741,7.2383,0.3853
160,0.004175,0.144382,861.19,658.74,1500.00,0.345547,0.015686,-0.680679,0.313109,0.318125,0.603351,0.345552,-0.899458,796.88,1.284492,6.1420,0.5233
165,0.003619,0.220937,775.03,689.50,1453.12,0.366705,0.027451,-0.391558,0.616092,0.257778,0.219951,0.160089,-0.862352,234.38,1.554684,7.5072,0.6138
171,0.003731,0.201297,805.12,649.00,1453.12,0.336389,0.031373,-0.265527,0.492415,0.140188,0.286847,0.436336,-1.090260,140.62,1.654362,7.1880,0.6084
176,0.003147,0.196575,909.12,615.96,1500.00,0.347876,0.031373,-0.463380,0.147279,-0.052110,0.718420,0.639519,-0.989728,796.88,1.311354,5.9169,0.5043
181,0.002965,0.166338,875.23,617.12,1453.12,0.336888,0.023529,-0.920812,0.278580,0.309629,0.675322,0.550820,-0.893539,796.88,1.128501,5.2920,0.4626
187,0.003353,0.135383,846.44,661.69,1500.00,0.357443,0.047059,-1.100093,0.458094,0.495483,0.479454,0.394667,-0.727605,234.38,1.578239,8.9125,0.4614
192,0.002840,0.233670,847.15,609.54,1453.12,0.319647,0.047059,-0.857784,0.466209,0.398295,0.462646,0.686262,-1.155628,234.38,1.330224,6.7105,0.5097
197,0.003147,0.192806,950.96,603.85,1500.00,0.350841,0.027451,-0.783611,0.041806,0.179830,0.634332,0.837061,-0.909418,1171.88,0.892292,4.6045,0.4171
203,0.002442,0.162162,903.57,610.53,1453.12,0.357651,0.027451,-1.037916,0.090654,0.305846,0.767749,0.684718,-0.811051,750.00,0.992064,5.5316,0.3988
208,0.003388,0.156108,792.13,614.26,1312.50,0.342977,0.039216,-1.092201,0.399284,0.592763,0.702782,0.344661,-0.947288,234.38,1.221278,7.4415,0.4887
213,0.001890,0.276638,857.79,602.97,1453.12,0.313553,0.039216,-0.945553,0.405732,0.333235,0.588966,0.635805,-1.018185,234.38,1.380079,7.2195,0.4803
219,0.002222,0.093265,924.10,635.78,1453.12,0.377312,0.031373,-1.166582,0.302410,0.432489,0.440252,0.814528,-0.823098,281.25,0.977332,5.7171,0.3947
224,0.003036,0.195754,960.45,628.59,1500.00,0.411857,0.023529,-1.916611,0.041900,0.534814,0.957400,0.900002,-0.517503,281.25,0.781124,5.9668,0.2444
229,0.003333,0.248169,846.93,589.37,1406.25,0.350242,0.019608,-1.791963,0.284701,0.745891,0.967794,0.679254,-0.885676,750.00,1.031203,6.6168,0.3429
235,0.001332,0.286039,840.87,595.79,1406.25,0.320826,0.043137,-1.466916,0.489709,0.505129,0.854528,0.601426,-0.983876,234.38,1.369345,7.7878,0.4262
240,0.002263,0.147426,800.36,632.86,1406.25,0.352159,0.043137,-0.664097,0.516571,0.403777,0.366668,0.446957,-1.069875,234.38,1.045955,6.7647,0.5591
245,0.002589,0.154914,891.63,660.83,1500.00,0.370062,0.027451,-0.524719,0.208425,0.144789,0.433460,0.542056,-0.804011,281.25,0.675034,5.6207,0.4932
251,0.002531,0.274777,868.22,606.39,1453.12,0.364833,0.023529,-1.098053,0.098399,0.469644,0.826522,0.597065,-0.893576,750.00,0.927296,6.2228,0.4130
256,0.001789,0.213786,807.74,586.69,1265.62,0.343543,0.027451,-1.143288,0.346115,0.493671,0.941501,0.362980,-1.000980,234.38,1.009481,6.5506,0.4801
261,0.001571,0.092158,832.65,617.64,1406.25,0.348951,0.050980,-1.537517,0.387607,0.676687,0.806243,0.510414,-0.843435,234.38,0.856214,6.9378,0.3993
267,0.002369,0.227090,1004.00,639.07,1546.88,0.413823,0.023529,-1.862909,0.030768,0.532421,0.719304,1.055739,-0.475323,281.25,0.572082,5.2359,0.2304
272,0.002218,0.217268,894.77,603.79,1500.00,0.357354,0.031373,-1.233074,0.104013,0.433757,0.846504,0.704536,-0.855736,281.25,0.646586,5.4189,0.3801
277,0.001933,0.240063,778.81,579.81,1218.75,0.326423,0.027451,-0.960551,0.308424,0.577585,0.908356,0.228297,-1.062111,234.38,0.846919,6.4884,0.5227
283,0.001213,0.139386,815.31,623.40,1453.12,0.344705,0.050980,-0.918767,0.363335,0.445530,0.670660,0.336353,-0.897112,234.38,0.857985,6.7182,0.5007
288,0.001685,0.169473,914.00,621.23,1500.00,0.372795,0.031373,-1.288781,0.079526,0.492224,0.713185,0.810240,-0.806394,281.25,0.495173,4.6391,0.3528
293,0.002122,0.142684,939.75,620.03,1453.12,0.382724,0.035294,-0.897856,0.061032,0.143159,0.706629,0.825154,-0.838119,1171.88,0.589871,6.2088,0.3984
299,0.002086,0.308695,855.33,600.77,1453.12,0.318944,0.015686,-1.333297,0.291701,0.566989,0.754308,0.556318,-0.836019,234.38,0.690080,5.9867,0.4059
304,0.001094,0.170896,792.39,618.86,1453.12,0.332836,0.058824,-0.942095,0.494480,0.503740,0.644263,0.286936,-0.987325,234.38,0.924136,8.0238,0.5316
309,0.001213,0.152612,806.49,635.12,1453.12,0.362179,0.047059,-0.688240,0.432441,0.438185,0.456174,0.472138,-1.110698,234.38,0.645347,6.0436,0.5477
315,0.001720,0.188635,1040.65,651.51,1593.75,0.430213,0.023529,-0.847387,-0.106956,-0.068399,0.475100,1.002066,-0.454424,1171.88,0.557293,7.0212,0.3206
320,0.001672,0.305990,883.88,622.43,1453.12,0.353459,0.011765,-1.077039,0.217714,0.385624,0.634740,0.612470,-0.773510,1171.88,0.474701,5.0695,0.4136
325,0.001434,0.209332,774.86,629.01,1265.62,0.357317,0.035294,-0.706705,0.428863,0.505226,0.670305,0.146928,-1.044617,234.38,0.766363,8.0536,0.5769
331,0.000943,0.209895,780.37,651.83,1406.25,0.320252,0.043137,-0.585690,0.499893,0.402833,0.336623,0.323210,-0.976870,234.38,0.699180,7.2185,0.5705
336,0.001200,0.155672,936.60,645.45,1453.12,0.374015,0.058824,-0.800249,0.217296,0.199850,0.269397,0.812278,-0.698571,1171.88,0.431231,5.9494,0.4138
341,0.001274,0.210246,961.15,622.60,1453.12,0.361933,0.047059,-1.049629,0.028236,0.176136,0.713293,0.835131,-0.703167,1171.88,0.341787,5.0953,0.3597
347,0.001486,0.254298,893.93,638.39,1453.12,0.379425,0.015686,-1.626944,0.282877,0.602622,0.763295,0.637725,-0.659575,234.38,0.506462,6.8314,0.3405
352,0.000871,0.258830,802.00,645.56,1406.25,0.337017,0.070588,-0.830363,0.458941,0.493356,0.395120,0.466758,-0.983812,234.38,0.626341,7.9450,0.5182
357,0.000912,0.185369,849.93,660.41,1453.12,0.377126,0.054902,-0.514461,0.370796,0.239384,0.317656,0.566274,-0.979649,234.38,0.434955,5.8659,0.5337
363,0.001156,0.226508,991.64,624.64,1500.00,0.396934,0.043137,-0.667049,-0.111004,-0.181736,0.782113,0.873956,-0.696280,1453.12,0.276016,4.1625,0.3828
368,0.001167,0.212324,984.57,633.38,1500.00,0.426393,0.035294,-1.433769,-0.057801,0.279784,0.866246,0.928969,-0.583428,1218.75,0.335279,5.0656,0.2853
373,0.001029,0.234022,877.80,651.32,1453.12,0.379170,0.039216,-1.499108,0.379701,0.560093,0.658249,0.701459,-0.800394,234.38,0.467036,7.0724,0.3751
379,0.001088,0.190737,862.93,625.91,1500.00,0.323074,0.047059,-1.213349,0.410107,0.449994,0.703172,0.632374,-0.982300,234.38,0.465461,6.9632,0.4436
384,0.000806,0.229400,940.01,609.42,1453.12,0.391950,0.047059,-1.000247,0.068631,0.089311,0.903715,0.774590,-0.835999,750.00,0.383316,5.8864,0.3929
389,0.001027,0.122314,970.87,604.09,1453.12,0.404228,0.031373,-0.589641,-0.212173,-0.252909,0.923085,0.934642,-0.803004,1218.75,0.353561,6.3467,0.3854
395,0.001152,0.227099,867.91,611.20,1453.12,0.347390,0.031373,-0.778831,0.189441,0.308743,0.676679,0.741321,-1.137352,750.00,0.345644,6.1392,0.4758
400,0.001036,0.258727,801.15,627.77,1453.12,0.327081,0.047059,-0.545989,0.425215,0.179459,0.650177,0.355433,-1.064296,750.00,0.444591,6.9845,0.5730
#END {"type":"keypress","session_id":"piano_b2a0d275b8479bf7","ms":105024,"path":"/raw_F#1_r01_104370.csv","rows":115}

----- END /raw_F#1_r01_104370.csv -----
----- BEGIN /raw_F#1_r02_106748.csv (17744 bytes) -----
#BEGIN {"type":"keypress","session_id":"piano_b2a0d275b8479bf7","ms":106954,"key":"F#1","rep":2,"reps_per_key":2,"fs_hz":48000,"hop":256,"n_fft":1024,"fmin":50.0,"fmax":3500.0,"lead_ms":150,"pre_ms":60,"post_ms":400,"stored_pre_ms":210,"pre_frames":40,"post_frames":75,"path":"/raw_F#1_r02_106748.csv"}
ms_from_event,rms,flux,centroid_hz,spread_hz,rolloff85_hz,flatness,zcr,band0,band1,band2,band3,band4,band5,peak_hz,peak_mag,peak_ratio,low_dom
-208,0.000190,0.259721,816.75,925.60,2015.62,0.484729,0.019608,-0.651804,0.913323,0.668364,-0.251960,-0.460761,-0.217163,234.38,0.061540,12.6734,0.6153
-203,0.000119,0.281798,710.39,888.38,1640.62,0.406520,0.117647,-0.537583,1.161758,0.822015,-0.564729,-0.485325,-0.396138,234.38,0.103704,17.1779,0.6798
-197,0.000114,0.106917,722.53,872.27,1640.62,0.418339,0.082353,-0.471953,1.111137,0.798576,-0.604431,-0.363818,-0.469512,234.38,0.099066,17.3808,0.6762
-192,0.000121,0.173221,821.31,952.42,1921.88,0.477496,0.090196,-0.395985,0.874907,0.768660,-0.534373,-0.418348,-0.294861,281.25,0.063387,11.9979,0.6448
-187,0.000171,0.149961,804.29,929.54,1875.00,0.487763,0.054902,-0.231510,0.818119,0.680402,-0.408874,-0.449040,-0.409097,281.25,0.064552,11.2952,0.6731
-181,0.000121,0.172487,751.90,882.81,1687.50,0.443440,0.066667,-0.362314,0.943461,0.771916,-0.390575,-0.459958,-0.502530,234.38,0.084302,14.2533,0.6839
-176,0.000119,0.105556,806.19,936.83,1828.12,0.446722,0.082353,-0.656805,0.999075,0.909024,-0.436591,-0.479470,-0.335234,234.38,0.085654,15.2364,0.6407
-171,0.000125,0.122509,825.88,924.12,1968.75,0.464028,0.145098,-0.547097,0.880547,0.820188,-0.432374,-0.415381,-0.305883,281.25,0.071822,13.4375,0.6289
-165,0.000147,0.152272,920.05,978.05,2109.38,0.533571,0.070588,-0.478112,0.726010,0.654420,-0.403067,-0.358910,-0.140341,281.25,0.069277,12.5377,0.5923
-160,0.000114,0.149925,934.53,986.94,2250.00,0.526354,0.098039,-0.607727,0.808805,0.598903,-0.310068,-0.325283,-0.164630,234.38,0.072222,13.3172,0.5855
-155,0.000122,0.175260,867.85,970.76,2203.12,0.508275,0.160784,-0.365744,0.849075,0.687258,-0.442870,-0.535310,-0.192410,234.38,0.069594,12.0394,0.6469
-149,0.000144,0.151794,887.01,948.00,2109.38,0.497192,0.125490,-0.331900,0.824386,0.525739,-0.420437,-0.401585,-0.196201,234.38,0.062585,10.9927,0.6330
-144,0.000123,0.153940,843.66,923.25,2015.62,0.462181,0.105882,-0.200544,0.791880,0.617115,-0.472509,-0.441036,-0.294907,281.25,0.059445,10.6299,0.6601
-139,0.000129,0.144604,772.15,922.30,1828.12,0.426310,0.105882,-0.056180,0.892223,0.631785,-0.387732,-0.637120,-0.442976,234.38,0.063021,11.2167,0.7227
-133,0.000118,0.137933,804.05,940.32,1968.75,0.464303,0.109804,-0.267385,0.956241,0.713745,-0.607019,-0.496339,-0.299244,234.38,0.067801,11.9033,0.6775
-128,0.000133,0.113711,858.61,940.97,2015.62,0.506187,0.090196,-0.412645,0.803197,0.797187,-0.599682,-0.297888,-0.290169,281.25,0.065518,12.6652,0.6199
-123,0.000162,0.166654,870.86,959.49,2203.12,0.506210,0.098039,-0.184354,0.780362,0.606993,-0.459970,-0.542503,-0.200529,281.25,0.062002,11.5319,0.6614
-117,0.000137,0.281471,713.94,871.18,1734.38,0.398621,0.090196,-0.161632,1.049300,0.603399,-0.311007,-0.740009,-0.440050,234.38,0.082490,12.9477,0.7377
-112,0.000099,0.146258,763.31,889.94,1734.38,0.441487,0.176471,-0.162742,0.904502,0.688791,-0.428067,-0.580552,-0.421932,234.38,0.077320,13.1221,0.7052
-107,0.000086,0.105420,817.80,928.90,2015.62,0.475267,0.247059,-0.266677,0.895008,0.620218,-0.543650,-0.388347,-0.316551,281.25,0.065626,12.0979,0.6607
-101,0.000176,0.093271,964.66,1012.07,2390.62,0.530191,0.039216,-0.254218,0.677675,0.473783,-0.321086,-0.434778,-0.141376,281.25,0.056423,13.1616,0.6224
-96,0.000129,0.328405,802.41,933.36,2062.50,0.455287,0.105882,-0.204841,0.962475,0.480821,-0.391688,-0.572975,-0.273792,234.38,0.064740,11.6638,0.6904
-91,0.000165,0.215197,755.39,920.54,1968.75,0.442446,0.149020,-0.231540,1.016227,0.631351,-0.396860,-0.724563,-0.294615,234.38,0.096105,15.1797,0.7113
-85,0.000109,0.112122,701.93,863.60,1781.25,0.400389,0.121569,-0.157341,1.024316,0.626614,-0.381694,-0.663799,-0.448096,234.38,0.088993,14.1116,0.7290
-80,0.000132,0.125228,746.48,863.27,1875.00,0.437980,0.176471,-0.044151,0.874698,0.492605,-0.223920,-0.636281,-0.462952,234.38,0.057077,10.4787,0.7241
-75,0.000119,0.169033,802.07,880.39,1968.75,0.466192,0.090196,-0.100968,0.713384,0.496195,-0.180871,-0.560068,-0.367673,281.25,0.059444,11.4625,0.6835
-69,0.000158,0.228670,701.45,859.32,1640.62,0.391748,0.054902,-0.120773,1.014378,0.700543,-0.384493,-0.725850,-0.483805,234.38,0.062454,11.2017,0.7411
-64,0.000076,0.125094,744.34,900.18,1875.00,0.421902,0.239216,-0.214849,0.983431,0.685674,-0.356644,-0.624273,-0.473339,234.38,0.081274,15.3472,0.7177
-59,0.000081,0.187689,777.05,933.71,1921.88,0.426164,0.200000,-0.089471,0.951161,0.454588,-0.325567,-0.625010,-0.365701,234.38,0.053337,9.8647,0.7163
-53,0.000124,0.096368,963.85,1024.65,2343.75,0.567765,0.133333,-0.222010,0.617708,0.312666,-0.148624,-0.477983,-0.081758,281.25,0.041643,10.7241,0.6172
-48,0.000142,0.312244,789.35,913.18,1921.88,0.440770,0.047059,-0.563394,0.951598,0.688928,-0.118758,-0.643941,-0.314433,234.38,0.060211,13.6639,0.6622
-43,0.000125,0.218714,875.72,959.65,2015.62,0.491861,0.074510,-1.093825,0.966868,0.771605,-0.193186,-0.271285,-0.180176,234.38,0.084582,16.9842,0.5405
-37,0.000093,0.147105,879.07,979.59,2156.25,0.478702,0.192157,-1.086292,1.067454,0.867703,-0.417753,-0.381951,-0.049161,234.38,0.081431,16.1471,0.5514
-32,0.000214,0.204382,901.51,1009.19,2296.88,0.480289,0.047059,-0.526345,0.870581,0.772884,-0.493620,-0.595216,-0.028285,281.25,0.066104,13.9711,0.6187
-27,0.000172,0.398127,707.64,894.00,1781.25,0.418010,0.027451,0.211382,1.024431,0.440634,-0.538660,-0.689640,-0.448147,140.62,0.070124,10.8714,0.7662
-21,0.000352,0.265936,597.32,820.01,1359.38,0.363565,0.023529,0.678961,1.135000,0.143496,-0.666049,-0.632570,-0.658840,140.62,0.114290,15.0626,0.8253
-16,0.000484,0.315427,491.75,767.91,1078.12,0.282288,0.003922,1.145842,1.333983,-0.029101,-0.932691,-0.792798,-0.725235,93.75,0.170403,18.0124,0.8807
-11,0.000370,0.326574,479.43,796.16,843.75,0.258250,0.015686,1.287757,1.446008,-0.263733,-0.869103,-0.979823,-0.621106,140.62,0.269591,21.3314,0.8973
-5,0.000361,0.130135,481.07,772.06,890.62,0.260572,0.062745,1.122939,1.444638,-0.184139,-0.856692,-0.828592,-0.698153,140.62,0.278116,22.7255,0.8857
0,0.000188,0.230395,487.32,746.78,890.62,0.263678,0.200000,0.742327,1.462801,0.374449,-0.948131,-0.817882,-0.813564,187.50,0.218880,17.4384,0.8719
5,0.004340,0.822515,975.24,845.53,1921.88,0.657117,0.050980,-0.514345,0.071644,0.150107,0.387302,0.229590,-0.324298,187.50,0.306183,4.5519,0.4566
11,0.005940,0.699833,1006.06,822.34,1968.75,0.569836,0.023529,-0.205130,0.062905,-0.149310,0.174067,0.438213,-0.320745,140.62,1.126005,5.0905,0.4676
16,0.003332,0.361810,963.54,825.78,2015.62,0.457419,0.031373,0.010265,0.273497,-0.200438,-0.167978,0.341542,-0.256888,140.62,2.159639,6.8350,0.5249
21,0.003834,0.164112,974.56,804.42,2109.38,0.449250,0.050980,-0.109358,0.230664,-0.338718,0.031846,0.391653,-0.206086,93.75,1.937721,6.1081,0.4920
27,0.003093,0.117811,1123.97,808.40,2156.25,0.507275,0.031373,-0.417410,-0.113893,-0.286458,0.092297,0.610819,0.114645,93.75,1.022116,4.2485,0.3479
32,0.004721,0.226395,1067.27,817.01,2109.38,0.496888,0.031373,-0.292133,0.085599,-0.251670,-0.056556,0.565128,-0.050369,93.75,1.257495,4.8895,0.4108
37,0.004630,0.260430,953.53,752.87,1875.00,0.433213,0.047059,-0.299903,-0.033578,-0.117324,0.391591,0.377651,-0.318437,93.75,1.639893,5.7890,0.4511
43,0.004092,0.251493,955.31,763.80,2015.62,0.426895,0.054902,-0.289300,0.093251,-0.251021,0.371836,0.321551,-0.246318,93.75,1.583190,4.8721,0.4661
48,0.005813,0.186323,1094.58,740.68,2015.62,0.473294,0.027451,-0.614684,-0.150084,-0.209869,0.297112,0.775627,-0.098103,1171.88,1.526594,5.2508,0.3271
53,0.005067,0.221118,984.64,754.73,1875.00,0.434833,0.035294,-0.201670,0.261445,-0.382154,0.123803,0.535250,-0.336673,93.75,1.700185,5.4150,0.4827
59,0.004711,0.230386,923.98,747.02,1734.38,0.410405,0.039216,-0.106425,0.246841,-0.350533,0.229508,0.408841,-0.428233,140.62,2.334702,6.4843,0.5200
64,0.004860,0.178606,998.31,705.62,1781.25,0.412126,0.035294,-0.337095,-0.302384,-0.235111,0.543538,0.702383,-0.371331,1171.88,1.984404,6.2136,0.3810
69,0.005290,0.188664,1074.88,722.72,1921.88,0.508011,0.035294,-0.676845,-0.522709,-0.021224,0.535854,0.838344,-0.153421,1171.88,1.825588,5.7950,0.2804
75,0.003747,0.300102,1043.13,757.60,1781.25,0.579415,0.031373,-0.475309,-0.288653,-0.024776,0.438198,0.676412,-0.325871,93.75,1.280977,3.6227,0.3642
80,0.005219,0.195857,1041.19,697.66,1640.62,0.509811,0.047059,-0.702673,-0.147563,0.007029,0.526902,0.813138,-0.496833,1453.12,1.305478,3.8155,0.3582
85,0.005865,0.187288,997.57,668.50,1640.62,0.373385,0.043137,-0.836499,0.101139,0.043257,0.334489,0.812168,-0.454554,1171.88,1.539392,4.9040,0.3667
91,0.005371,0.245593,952.22,678.29,1640.62,0.337885,0.035294,-0.531648,0.036085,0.125403,0.208807,0.641316,-0.479962,1125.00,2.189196,6.5034,0.4186
96,0.004878,0.274363,909.16,680.22,1500.00,0.310323,0.043137,-0.233173,0.064052,-0.049432,0.341074,0.572010,-0.694531,140.62,1.972983,5.4593,0.4942
101,0.004465,0.179292,923.91,684.93,1546.88,0.348943,0.043137,-0.567329,0.086131,0.053611,0.516890,0.487363,-0.576666,187.50,1.445737,4.2308,0.4512
107,0.004803,0.236236,964.72,688.16,1687.50,0.376996,0.035294,-1.057928,0.170262,0.194393,0.407905,0.663904,-0.378536,234.38,1.775951,6.0148,0.3574
112,0.004611,0.211075,994.72,705.71,1875.00,0.402364,0.035294,-1.300591,0.097598,0.383897,0.367594,0.693998,-0.242496,234.38,1.688558,5.7738,0.3042
117,0.003907,0.267640,896.46,694.74,1500.00,0.382443,0.043137,-0.901267,0.060318,0.389911,0.547653,0.405245,-0.501861,468.75,1.506215,5.0194,0.4080
123,0.004957,0.186324,960.74,728.80,1968.75,0.421623,0.019608,-0.926505,0.079479,0.218822,0.591985,0.299394,-0.263176,515.62,1.527294,4.9738,0.3914
128,0.003560,0.176005,941.51,719.01,1734.38,0.404183,0.035294,-0.997942,0.288614,0.247936,0.329249,0.528105,-0.395962,234.38,1.956353,6.6519,0.3963
133,0.005443,0.148156,885.78,756.25,1875.00,0.382494,0.035294,-0.443075,0.368155,0.261786,0.051399,0.218193,-0.456458,234.38,1.885126,7.4107,0.5204
139,0.005280,0.303444,787.21,720.03,1500.00,0.402155,0.023529,-0.478092,0.435165,0.421076,0.276111,-0.041444,-0.612815,140.62,1.944696,6.6135,0.5758
144,0.003557,0.173612,870.33,714.82,1546.88,0.387232,0.035294,-0.486224,0.263642,0.166990,0.329487,0.280603,-0.554497,140.62,2.075868,6.9279,0.5064
149,0.003041,0.143678,896.76,714.00,1546.88,0.403371,0.050980,-0.794869,0.363975,0.296855,0.212176,0.502823,-0.580961,234.38,1.782253,6.3899,0.4560
155,0.004891,0.111934,1004.46,756.25,1968.75,0.451747,0.015686,-1.393805,0.275327,0.524598,0.175065,0.591977,-0.173163,234.38,1.675103,7.9799,0.3168
160,0.004326,0.302976,850.63,731.94,1640.62,0.396900,0.035294,-0.652940,0.407682,0.398473,0.123191,0.208480,-0.484886,234.38,1.737022,6.7359,0.5039
165,0.004220,0.213565,851.50,681.07,1500.00,0.350055,0.039216,-0.537735,0.264927,0.312242,0.263904,0.470765,-0.774102,140.62,1.560945,5.7337,0.5038
171,0.003727,0.184515,934.44,686.88,1546.88,0.397618,0.023529,-1.127649,0.257597,0.409668,0.324872,0.674043,-0.538532,1171.88,1.498323,5.7356,0.3769
176,0.004278,0.167354,961.36,704.17,1640.62,0.378571,0.035294,-1.624256,0.404913,0.650818,0.072876,0.836427,-0.340779,234.38,1.888337,8.2112,0.2979
181,0.004251,0.158747,939.64,747.89,1921.88,0.375448,0.043137,-1.535262,0.480052,0.658381,0.024898,0.593993,-0.222062,234.38,2.026017,9.6524,0.3288
187,0.003588,0.318803,876.67,660.07,1500.00,0.345697,0.039216,-0.985013,0.323850,0.513352,0.256606,0.684078,-0.792874,281.25,1.429060,5.5373,0.4314
192,0.003727,0.162984,983.56,647.45,1500.00,0.359022,0.035294,-1.087224,0.072412,0.353673,0.323234,0.934485,-0.596580,1171.88,1.646377,6.5220,0.3371
197,0.003959,0.173525,956.79,682.61,1593.75,0.385139,0.023529,-1.767300,0.372664,0.673583,0.193521,0.934446,-0.406915,234.38,1.570179,7.2033,0.2767
203,0.004547,0.144569,868.76,673.49,1500.00,0.365262,0.047059,-1.728827,0.506944,0.780342,0.345035,0.674002,-0.577497,234.38,1.877360,9.8230,0.3409
208,0.002713,0.321475,895.93,618.17,1453.12,0.301077,0.031373,-1.618358,0.448687,0.621293,0.390854,0.924605,-0.767081,234.38,1.770386,6.9784,0.3399
213,0.003468,0.117444,980.06,635.79,1500.00,0.344249,0.023529,-1.494563,0.144098,0.531811,0.324909,1.048671,-0.554926,1125.00,1.507025,6.4120,0.2845
219,0.004040,0.145578,888.80,695.31,1546.88,0.396634,0.027451,-0.832373,0.397408,0.421711,0.038953,0.639748,-0.665446,234.38,1.148950,5.8505,0.4490
224,0.004570,0.219875,786.97,643.19,1406.25,0.327652,0.027451,-0.418520,0.430368,0.468711,0.189138,0.379306,-1.049003,234.38,1.556875,7.4654,0.5844
229,0.001848,0.273164,832.87,646.64,1453.12,0.320885,0.043137,-0.708288,0.527463,0.351566,0.166067,0.630808,-0.967616,234.38,1.896972,7.5656,0.5195
235,0.002701,0.100747,896.64,662.46,1453.12,0.352147,0.035294,-1.358573,0.390805,0.684543,0.146908,0.820732,-0.684415,281.25,1.448631,7.2152,0.3654
240,0.003060,0.132138,962.82,701.37,1687.50,0.390471,0.023529,-1.243548,0.273151,0.505566,0.203820,0.680208,-0.419196,281.25,0.995376,6.5334,0.3508
245,0.003214,0.257879,939.50,661.48,1546.88,0.381318,0.019608,-1.690501,0.247697,0.679301,0.504324,0.761961,-0.502781,281.25,1.227754,6.7900,0.2992
251,0.002480,0.234182,857.51,645.85,1453.12,0.357258,0.043137,-1.213223,0.408260,0.510639,0.449970,0.555295,-0.710940,234.38,1.484599,7.8826,0.4195
256,0.002420,0.136762,830.32,669.19,1453.12,0.343895,0.050980,-1.228768,0.515300,0.728007,0.151081,0.540971,-0.706592,234.38,1.304907,7.8504,0.4319
261,0.003000,0.216130,994.66,695.26,1593.75,0.430431,0.019608,-0.899451,0.135075,0.389867,0.069804,0.831453,-0.526747,281.25,0.902230,5.7848,0.3695
267,0.002306,0.236383,902.57,663.48,1500.00,0.387742,0.039216,-1.121224,0.242678,0.533238,0.365455,0.641560,-0.661707,281.25,1.160784,6.9324,0.3943
272,0.003066,0.198064,837.55,651.36,1406.25,0.357889,0.031373,-1.664837,0.416717,0.763992,0.636956,0.393229,-0.546057,234.38,1.348359,8.3943,0.3664
277,0.001900,0.208078,882.30,675.93,1500.00,0.360868,0.035294,-1.474766,0.483862,0.692033,0.205194,0.643000,-0.549323,234.38,1.295480,7.6107,0.3677
283,0.003038,0.147934,935.66,667.08,1546.88,0.413010,0.039216,-0.973987,0.245175,0.454430,0.189374,0.804615,-0.719608,281.25,0.873623,5.6153,0.3997
288,0.002573,0.172894,906.61,648.28,1453.12,0.381284,0.043137,-1.028421,0.262809,0.402966,0.420697,0.675244,-0.733295,281.25,0.931288,6.1896,0.4125
293,0.002999,0.234566,832.20,644.51,1453.12,0.331421,0.027451,-0.936876,0.347251,0.571121,0.331096,0.461287,-0.773880,234.38,1.158941,6.7222,0.4654
299,0.001872,0.134913,852.98,668.00,1500.00,0.358599,0.047059,-0.711543,0.321267,0.502829,0.172192,0.513546,-0.798291,234.38,1.205000,7.0191,0.4868
304,0.002535,0.100144,837.94,665.07,1453.12,0.383017,0.039216,-0.682676,0.331945,0.500135,0.240238,0.520599,-0.910241,281.25,0.803798,5.2143,0.5049
309,0.002493,0.221069,1000.85,638.25,1546.88,0.385112,0.043137,-1.201855,0.044648,0.254774,0.432471,0.971884,-0.501921,1171.88,1.034769,7.2350,0.3071
315,0.002588,0.183553,892.85,633.11,1453.12,0.354135,0.019608,-1.362966,0.206529,0.617816,0.443644,0.743847,-0.648869,1171.88,1.027199,6.9188,0.3485
320,0.002020,0.178538,841.17,639.16,1406.25,0.370535,0.039216,-1.108369,0.288236,0.672094,0.511276,0.505003,-0.868241,234.38,1.030091,7.3927,0.4431
325,0.002021,0.162230,831.11,655.48,1453.12,0.354765,0.050980,-0.880503,0.325202,0.611493,0.296061,0.537728,-0.889981,234.38,0.857405,5.8799,0.4746
331,0.001916,0.187867,986.84,620.65,1453.12,0.371769,0.035294,-1.226731,-0.042894,0.358715,0.429832,1.063789,-0.582710,1171.88,0.925353,7.3456,0.2941
336,0.001844,0.153182,921.70,617.18,1453.12,0.365545,0.035294,-1.488824,0.153364,0.587262,0.537648,0.920319,-0.709769,1171.88,0.788931,6.7175,0.3158
341,0.002339,0.216374,903.42,652.39,1453.12,0.374722,0.023529,-1.458444,0.128454,0.726693,0.643511,0.603547,-0.643761,234.38,0.769315,6.6566,0.3441
347,0.001685,0.216097,837.05,647.90,1453.12,0.353671,0.043137,-1.167571,0.278104,0.714440,0.436855,0.581221,-0.843050,234.38,0.819324,6.5127,0.4222
352,0.001343,0.148714,903.22,646.70,1453.12,0.374173,0.039216,-0.932788,0.154523,0.481504,0.325806,0.813849,-0.842893,1125.00,0.674716,5.7733,0.4074
357,0.001585,0.197760,1024.75,624.89,1500.00,0.384458,0.035294,-1.518779,-0.186441,0.467031,0.664571,1.051517,-0.477898,281.25,0.433129,4.5239,0.2424
363,0.001909,0.207573,960.80,623.12,1500.00,0.364006,0.019608,-2.191462,0.021296,0.786144,0.951250,0.930606,-0.497835,468.75,0.523215,5.5741,0.2139
368,0.001360,0.258606,869.90,629.84,1453.12,0.328153,0.043137,-1.887146,0.264305,0.836059,0.707166,0.766623,-0.687008,468.75,0.707081,6.9010,0.2992
373,0.001393,0.185530,888.04,647.50,1500.00,0.345682,0.043137,-1.214567,0.233662,0.653873,0.412663,0.724185,-0.809814,468.75,0.623710,6.1559,0.3899
379,0.001320,0.196869,981.03,658.12,1500.00,0.427755,0.027451,-1.021548,-0.085300,0.392302,0.566889,0.802865,-0.655207,468.75,0.414771,4.7996,0.3481
384,0.001586,0.171261,978.59,653.27,1500.00,0.411675,0.035294,-1.135508,-0.168543,0.456737,0.614174,0.816518,-0.583377,1171.88,0.501631,6.2411,0.3168
389,0.001411,0.237076,900.39,622.60,1453.12,0.327506,0.031373,-1.513325,0.068596,0.764993,0.636662,0.821251,-0.778177,468.75,0.566537,6.5759,0.3222
395,0.001262,0.210558,857.81,651.78,1500.00,0.367092,0.047059,-1.084223,0.258535,0.640919,0.489851,0.553983,-0.859066,468.75,0.554031,5.9874,0.4353
400,0.001187,0.208535,883.11,664.74,1453.12,0.394792,0.035294,-0.634777,0.217910,0.359386,0.360502,0.590304,-0.893325,468.75,0.396119,4.5450,0.4858
#END {"type":"keypress","session_id":"piano_b2a0d275b8479bf7","ms":107408,"path":"/raw_F#1_r02_106748.csv","rows":115}

----- END /raw_F#1_r02_106748.csv -----
=== KEY_DUMP_END key=F#1 ===
NEXT: G1
PRESS G1  rep 1/2  then hit Enter

> REC OK: /raw_G1_r01_112290.csv
PRESS G1  rep 2/2  then hit Enter

> REC OK: /raw_G1_r02_115618.csv
=== KEY_DUMP_BEGIN key=G1 files=2 ===
----- BEGIN /raw_G1_r01_112290.csv (17715 bytes) -----
#BEGIN {"type":"keypress","session_id":"piano_b2a0d275b8479bf7","ms":112496,"key":"G1","rep":1,"reps_per_key":2,"fs_hz":48000,"hop":256,"n_fft":1024,"fmin":50.0,"fmax":3500.0,"lead_ms":150,"pre_ms":60,"post_ms":400,"stored_pre_ms":210,"pre_frames":40,"post_frames":75,"path":"/raw_G1_r01_112290.csv"}
ms_from_event,rms,flux,centroid_hz,spread_hz,rolloff85_hz,flatness,zcr,band0,band1,band2,band3,band4,band5,peak_hz,peak_mag,peak_ratio,low_dom
-208,0.000060,0.250755,1098.49,1086.53,2531.25,0.604572,0.270588,-0.454493,0.413036,0.228099,-0.084328,-0.313360,0.211047,187.50,0.023480,7.1164,0.5076
-203,0.000096,0.113311,1216.97,1102.73,2718.75,0.698910,0.062745,-0.499301,0.174760,0.159425,-0.146251,-0.061969,0.373336,187.50,0.017606,6.4806,0.4212
-197,0.000063,0.295988,1199.64,1117.91,2718.75,0.670304,0.376471,0.425160,-0.026537,-0.451895,-0.538303,0.186227,0.405346,187.50,0.007467,2.7829,0.4759
-192,0.000060,0.239123,1120.78,1088.22,2531.25,0.669502,0.262745,0.530589,0.173382,-0.768189,-0.440319,0.194028,0.310510,234.38,0.008481,2.7333,0.5249
-187,0.000052,0.179788,1192.61,1117.50,2718.75,0.631576,0.403922,0.199681,0.234335,-0.633828,-0.217366,0.047096,0.370083,140.62,0.017329,6.6998,0.5021
-181,0.000050,0.269363,1353.20,1147.16,2906.25,0.687325,0.380392,0.176286,0.292198,-0.670782,-0.471126,0.086880,0.586544,93.75,0.015870,6.1918,0.4744
-176,0.000059,0.207821,1620.88,1096.33,3000.00,0.865985,0.301961,-0.612633,-0.009421,-0.466711,-0.166887,0.375990,0.879662,93.75,0.008822,3.6623,0.2811
-171,0.000064,0.248651,1493.01,1079.54,2765.62,0.779082,0.235294,-0.184312,-0.486920,-0.277038,-0.287165,0.405598,0.829837,281.25,0.005423,2.4046,0.2782
-165,0.000068,0.233403,1300.66,1081.87,2671.88,0.774953,0.254902,-0.177115,-0.163571,-0.050713,-0.317846,0.214789,0.494458,281.25,0.009421,4.1130,0.3717
-160,0.000062,0.299702,1047.63,1082.31,2625.00,0.599969,0.309804,-0.078902,0.272531,0.365425,-0.270509,-0.428310,0.139765,281.25,0.016958,6.3813,0.5600
-155,0.000078,0.235369,1034.19,1049.26,2578.12,0.618043,0.200000,-0.312576,0.550202,0.457013,-0.384736,-0.418289,0.108385,281.25,0.025496,8.8014,0.5680
-149,0.000068,0.239205,1056.60,1030.18,2437.50,0.620634,0.258824,-0.503083,0.375242,0.551434,-0.257090,-0.278316,0.111813,281.25,0.030851,9.3348,0.5048
-144,0.000064,0.208824,1085.34,1074.94,2484.38,0.588858,0.333333,-0.375232,0.150229,0.784411,-0.441041,-0.434279,0.315912,328.12,0.030913,9.2644,0.4867
-139,0.000053,0.165338,1206.00,1127.20,2812.50,0.609537,0.290196,-0.747407,0.159897,0.763633,-0.417678,-0.229722,0.471276,328.12,0.023258,7.4254,0.3978
-133,0.000061,0.208166,1378.57,1155.12,2906.25,0.730857,0.345098,-0.807833,0.043499,0.421063,-0.140762,-0.043000,0.527032,281.25,0.016435,6.1534,0.3488
-128,0.000080,0.210484,1378.03,1101.82,2765.62,0.762721,0.141176,-0.581714,-0.124332,0.104234,0.030244,-0.037128,0.608698,234.38,0.011905,4.5522,0.3455
-123,0.000061,0.212149,1369.55,1144.41,2812.50,0.731588,0.298039,0.044352,-0.190667,-0.191750,-0.269750,-0.032451,0.640266,234.38,0.008061,3.0057,0.4068
-117,0.000046,0.220591,1187.49,1116.59,2718.75,0.669022,0.423529,0.191965,0.084227,-0.341823,-0.282889,-0.047955,0.396474,187.50,0.011319,3.9711,0.4910
-112,0.000050,0.149877,1339.55,1108.99,2812.50,0.754866,0.384314,-0.164878,0.087538,-0.328983,-0.350617,0.217240,0.539700,187.50,0.011391,4.6917,0.3972
-107,0.000050,0.162417,1535.55,1124.03,2953.12,0.796715,0.364706,-0.314069,-0.171739,-0.344011,-0.350419,0.442554,0.737685,140.62,0.009180,4.3839,0.3030
-101,0.000074,0.243152,1387.25,1084.17,2859.38,0.709265,0.129412,-0.097078,0.256696,-0.524357,-0.504232,0.432130,0.436843,140.62,0.014014,6.4351,0.4122
-96,0.000048,0.348534,1193.02,1110.94,2718.75,0.651808,0.407843,0.504123,0.155149,-0.845877,-0.255039,0.104264,0.337381,93.75,0.025419,9.6046,0.5272
-91,0.000062,0.203162,1103.04,1072.53,2531.25,0.660545,0.254902,0.296495,0.255325,-0.270977,-0.255210,-0.140306,0.114673,93.75,0.022702,8.7395,0.5717
-85,0.000058,0.271833,1146.93,985.43,2437.50,0.699428,0.301961,-0.116041,0.333576,-0.170325,-0.401975,0.351339,0.003426,140.62,0.020677,7.3747,0.4829
-80,0.000056,0.184732,1191.09,1035.89,2578.12,0.683591,0.388235,-0.072254,0.345854,-0.419682,-0.204663,0.255719,0.095025,140.62,0.023232,8.6161,0.4904
-75,0.000055,0.225517,1355.18,1144.89,2859.38,0.731205,0.356863,-0.031081,0.260771,-0.331482,-0.457656,0.034977,0.524472,140.62,0.019825,7.3522,0.4589
-69,0.000083,0.263777,1327.17,1149.40,2906.25,0.684293,0.215686,-0.102194,0.145649,-0.038294,-0.473928,-0.113303,0.582070,281.25,0.011576,4.1530,0.4470
-64,0.000060,0.355121,1180.04,1085.34,2718.75,0.663325,0.341176,-1.099856,0.317310,0.776923,-0.310509,-0.121619,0.437752,281.25,0.028323,8.4616,0.3660
-59,0.000086,0.184609,1089.68,1031.93,2578.12,0.646211,0.176471,-0.909334,0.414373,0.709255,-0.308048,-0.157202,0.250955,281.25,0.029609,8.4858,0.4269
-53,0.000085,0.136166,1059.27,1069.25,2578.12,0.594852,0.172549,-0.913251,0.544083,0.915203,-0.575392,-0.266556,0.295913,281.25,0.035532,11.8442,0.4503
-48,0.000070,0.210122,971.34,1022.34,2437.50,0.504911,0.235294,-1.057988,0.719307,1.031832,-0.596214,-0.282640,0.185703,281.25,0.048600,15.3917,0.4698
-43,0.000078,0.203688,999.58,1002.38,2390.62,0.543376,0.211765,-0.785602,0.377136,0.867132,-0.291487,-0.328902,0.161723,281.25,0.041033,12.3857,0.4699
-37,0.000108,0.291190,1073.89,1099.94,2765.62,0.595322,0.141176,-0.314574,0.549260,0.539729,-0.586624,-0.351492,0.163699,281.25,0.028065,8.3573,0.5526
-32,0.000051,0.261060,943.89,1082.43,2578.12,0.545035,0.341176,0.216580,0.612974,0.352156,-0.711770,-0.531123,0.061183,93.75,0.032618,8.3644,0.6570
-27,0.000067,0.205586,864.03,1018.18,2296.88,0.538658,0.243137,0.547092,0.737809,-0.040143,-0.941266,-0.245798,-0.057693,93.75,0.036127,9.4267,0.6887
-21,0.000119,0.109392,1130.93,1077.21,2625.00,0.644372,0.015686,0.184907,0.348971,-0.178644,-0.747427,0.222475,0.169718,93.75,0.022763,8.4379,0.5177
-16,0.000174,0.338482,1078.26,1127.20,2625.00,0.572611,0.094118,0.629230,0.139948,-0.190082,-0.997215,0.112741,0.305378,234.38,0.009719,3.0500,0.5438
-11,0.000139,0.461362,754.60,1012.70,2203.12,0.437985,0.058824,0.902828,0.866513,-0.338145,-0.817940,-0.510579,-0.102675,93.75,0.069438,13.2160,0.7670
-5,0.000127,0.275086,669.18,922.72,1828.12,0.398947,0.070588,0.857147,1.073734,-0.207381,-0.859776,-0.576896,-0.286828,140.62,0.093977,16.1229,0.8018
0,0.000122,0.135967,794.13,992.01,2109.38,0.430209,0.125490,0.431957,1.074636,-0.077650,-0.827998,-0.491882,-0.109061,140.62,0.089034,17.8237,0.7415
5,0.006714,0.953906,957.88,826.79,1921.88,0.646279,0.027451,-0.598638,0.093598,0.204576,0.434986,0.174837,-0.309359,187.50,0.432098,3.9872,0.4538
11,0.007535,0.650625,893.09,764.05,1687.50,0.545296,0.019608,-0.877398,0.333391,0.371718,0.482468,0.214898,-0.525078,234.38,2.004766,6.4864,0.4708
16,0.008874,0.312995,706.02,653.17,1406.25,0.352745,0.019608,-0.140151,0.606777,0.311535,0.369121,0.001652,-1.148934,234.38,2.989688,7.5217,0.6915
21,0.009700,0.228825,577.48,552.02,1125.00,0.193470,0.023529,0.443288,0.784468,0.258654,0.368181,-0.087522,-1.767069,93.75,3.997451,9.6386,0.8236
27,0.005971,0.200639,564.62,529.91,1078.12,0.188186,0.011765,0.414475,0.805904,0.232239,0.553971,-0.218051,-1.788538,140.62,4.306942,8.8584,0.8339
32,0.007321,0.122100,650.96,578.48,1218.75,0.223078,0.019608,0.059145,0.582113,0.419817,0.563761,-0.205387,-1.419450,234.38,3.029438,7.9098,0.7564
37,0.007952,0.123715,655.79,609.44,1265.62,0.261349,0.027451,-0.117342,0.695489,0.469559,0.307423,-0.015230,-1.339901,234.38,2.944287,8.5596,0.7244
43,0.008888,0.252175,623.34,612.03,1265.62,0.235947,0.015686,0.357343,0.693580,0.272470,0.116260,-0.040593,-1.399062,93.75,3.646316,9.6964,0.7765
48,0.005647,0.236738,542.41,552.49,937.50,0.215960,0.015686,0.506853,0.854618,0.253398,0.449076,-0.416471,-1.647474,140.62,4.180745,9.7265,0.8472
53,0.005670,0.146207,621.62,598.85,1218.75,0.269255,0.019608,0.205572,0.730800,0.412116,0.314234,-0.164330,-1.498393,234.38,2.902682,8.1769,0.7858
59,0.006288,0.147137,722.49,647.44,1546.88,0.274071,0.031373,-0.371088,0.714368,0.542845,0.057418,0.248935,-1.192479,234.38,2.887339,9.7000,0.6555
64,0.008416,0.227228,646.30,615.13,1500.00,0.245529,0.027451,0.161542,0.652971,0.477276,0.172827,-0.039013,-1.425603,234.38,2.424080,8.1406,0.7576
69,0.007074,0.400156,615.72,610.05,1171.88,0.302615,0.023529,0.353202,0.637619,0.206789,0.432360,-0.222771,-1.407200,140.62,3.734274,9.0358,0.7876
75,0.005849,0.227466,733.39,672.85,1312.50,0.408713,0.019608,-0.040174,0.404999,0.112866,0.539248,-0.070617,-0.946321,140.62,3.346611,7.6072,0.6662
80,0.005544,0.198274,727.91,620.15,1312.50,0.341893,0.023529,-0.270220,0.498359,0.345542,0.574553,0.014608,-1.162842,234.38,2.406691,6.6505,0.6656
85,0.004380,0.066903,711.85,562.39,1218.75,0.234239,0.023529,-0.416309,0.583625,0.545664,0.644958,0.181573,-1.539512,234.38,2.484488,8.4878,0.6819
91,0.005966,0.144321,707.86,589.37,1265.62,0.251827,0.027451,-0.491532,0.542801,0.570423,0.494542,0.118769,-1.235001,234.38,2.341965,8.3654,0.6419
96,0.005695,0.267878,656.23,550.99,1171.88,0.235534,0.027451,-0.060921,0.388294,0.460138,0.734367,-0.160346,-1.361532,93.75,1.841006,5.8092,0.7160
101,0.003737,0.130776,644.31,543.94,1171.88,0.230629,0.027451,-0.005149,0.557202,0.448101,0.644583,-0.046225,-1.598512,93.75,1.993344,6.4669,0.7500
107,0.004032,0.180827,688.53,570.01,1218.75,0.255353,0.011765,-0.213084,0.651152,0.491164,0.428967,0.286674,-1.644872,234.38,2.379952,8.2982,0.7106
112,0.004381,0.117582,696.93,586.70,1218.75,0.282785,0.023529,-0.483675,0.630753,0.640587,0.459365,0.239103,-1.486133,234.38,2.185747,9.3974,0.6675
117,0.004537,0.271485,698.82,546.88,1218.75,0.277571,0.023529,-1.077147,0.433664,0.880757,0.888235,0.153347,-1.278857,187.50,1.370503,5.8293,0.5600
123,0.004146,0.240409,743.17,575.25,1218.75,0.286362,0.019608,-0.720602,0.444443,0.605416,0.565616,0.432186,-1.327059,234.38,1.595249,6.2149,0.5767
128,0.004776,0.185652,714.63,579.48,1218.75,0.232418,0.015686,-0.551036,0.621265,0.547364,0.354026,0.381194,-1.352812,234.38,2.349730,9.3455,0.6274
133,0.004935,0.226705,688.01,573.81,1265.62,0.253959,0.015686,-0.324563,0.574202,0.532516,0.515651,0.128197,-1.426003,234.38,2.169018,8.5021,0.6843
139,0.004161,0.231237,740.37,573.23,1312.50,0.224455,0.035294,-0.536168,0.310794,0.532412,0.671190,0.239030,-1.217258,234.38,1.348656,4.8084,0.5930
144,0.004909,0.209797,764.94,561.65,1218.75,0.245961,0.023529,-0.479689,0.300604,0.344992,0.654250,0.440992,-1.261149,796.88,1.538164,5.2337,0.5795
149,0.003805,0.146581,752.05,558.34,1218.75,0.244121,0.027451,-0.788608,0.586741,0.546426,0.637914,0.468141,-1.450614,234.38,2.196003,8.7314,0.5964
155,0.005429,0.212179,789.09,580.08,1500.00,0.284313,0.023529,-1.284809,0.588562,0.673655,0.892361,0.417684,-1.287454,234.38,2.129073,8.8362,0.5217
160,0.004319,0.292889,756.61,545.07,1265.62,0.246384,0.015686,-0.778202,0.376899,0.574577,0.829915,0.422170,-1.425358,796.88,1.587692,5.7581,0.5747
165,0.004712,0.193918,693.27,517.29,1218.75,0.196131,0.027451,-0.198193,0.543605,0.405007,0.739770,0.410036,-1.900225,187.50,1.725682,6.0761,0.7146
171,0.004486,0.201766,710.31,561.86,1265.62,0.234733,0.015686,-0.347157,0.655755,0.525435,0.600115,0.338277,-1.772425,234.38,2.223660,8.8224,0.7050
176,0.003810,0.155850,726.91,570.80,1312.50,0.246330,0.035294,-0.810982,0.679812,0.663498,0.703537,0.314080,-1.549944,234.38,2.275879,9.4544,0.6347
181,0.004078,0.257267,754.41,543.55,1218.75,0.222634,0.023529,-0.651463,0.382790,0.534881,0.703943,0.453991,-1.424142,234.38,1.553364,6.2182,0.5868
187,0.004130,0.163136,765.16,572.71,1265.62,0.246458,0.031373,-0.389906,0.352364,0.303289,0.628580,0.416941,-1.311268,187.50,1.305511,5.3220,0.6055
192,0.004024,0.209756,770.01,601.78,1500.00,0.273590,0.011765,-0.671239,0.548998,0.439353,0.564823,0.329586,-1.211519,234.38,1.912719,8.3654,0.5938
197,0.003293,0.159448,745.22,567.87,1265.62,0.255920,0.031373,-1.150093,0.666657,0.722084,0.686188,0.434132,-1.358968,234.38,2.179408,10.1311,0.5550
203,0.003094,0.188394,721.21,557.53,1218.75,0.230945,0.019608,-0.695846,0.575925,0.672157,0.561180,0.444168,-1.557585,234.38,1.639282,7.7677,0.6217
208,0.004163,0.141126,756.39,590.42,1312.50,0.275648,0.015686,-0.470077,0.353702,0.478316,0.595988,0.395608,-1.353538,187.50,1.009509,5.3668,0.6037
213,0.003596,0.236581,730.76,557.12,1218.75,0.254482,0.035294,-0.760036,0.611767,0.532716,0.829174,0.236473,-1.450094,234.38,1.743825,8.4410,0.6301
219,0.003187,0.160877,704.54,557.52,1218.75,0.252048,0.027451,-0.980933,0.743126,0.728889,0.730391,0.203500,-1.424973,234.38,2.140010,10.4864,0.6205
224,0.003200,0.124984,713.66,558.01,1218.75,0.239875,0.027451,-0.752373,0.632820,0.702348,0.647737,0.372819,-1.603351,234.38,1.608051,8.3686,0.6354
229,0.003295,0.163880,775.58,582.74,1359.38,0.297300,0.019608,-0.449113,0.319662,0.384701,0.739940,0.380878,-1.376068,796.88,0.938173,5.2774,0.6066
235,0.003653,0.231935,726.79,559.95,1171.88,0.272394,0.019608,-0.554224,0.543066,0.352277,0.867051,0.046892,-1.255062,234.38,1.438242,7.2710,0.6453
240,0.002804,0.160681,712.99,578.02,1218.75,0.273537,0.035294,-0.994827,0.696927,0.702927,0.725717,0.064897,-1.195643,234.38,1.898365,10.7131,0.6026
245,0.002660,0.147612,758.34,579.99,1453.12,0.270943,0.039216,-1.179188,0.609600,0.699531,0.718190,0.415927,-1.264060,234.38,1.549720,8.7683,0.5348
251,0.002910,0.162972,787.09,558.19,1265.62,0.292653,0.031373,-0.783446,0.315201,0.403791,0.923502,0.421672,-1.280720,796.88,0.890119,5.7700,0.5487
256,0.003523,0.196284,720.94,545.31,1171.88,0.252553,0.011765,-0.717975,0.624709,0.438718,0.951750,0.132480,-1.429682,234.38,1.244165,7.6812,0.6461
261,0.002614,0.217411,718.95,589.14,1453.12,0.273997,0.027451,-1.037898,0.744259,0.723645,0.662345,0.178847,-1.271198,234.38,1.783579,11.3100,0.5985
267,0.002009,0.159084,719.52,567.20,1265.62,0.251509,0.039216,-1.039361,0.703596,0.724116,0.718985,0.339372,-1.446708,234.38,1.554418,9.5314,0.5953
272,0.002869,0.177978,761.14,540.74,1265.62,0.262784,0.007843,-0.563905,0.403199,0.329525,0.938437,0.409574,-1.516830,234.38,0.882374,6.2529,0.6162
277,0.002863,0.180578,728.85,553.68,1265.62,0.257354,0.011765,-0.713841,0.657965,0.470805,0.903330,0.232499,-1.550758,234.38,1.123819,8.0194,0.6528
283,0.002361,0.207622,739.64,593.75,1500.00,0.265332,0.031373,-1.219595,0.852705,0.772871,0.596463,0.408708,-1.411154,234.38,1.602184,11.6830,0.5788
288,0.001746,0.150798,730.44,572.21,1265.62,0.248947,0.039216,-1.192358,0.761722,0.787905,0.683525,0.417799,-1.458593,234.38,1.401265,10.1789,0.5757
293,0.002744,0.194942,782.55,573.70,1312.50,0.295833,0.011765,-0.639908,0.449740,0.313551,0.911883,0.409749,-1.445015,234.38,0.852614,6.7173,0.6041
299,0.002700,0.172744,717.84,567.47,1312.50,0.254061,0.027451,-0.444682,0.698515,0.394226,0.858750,0.178781,-1.685590,234.38,1.013513,7.7935,0.7069
304,0.002004,0.190555,683.20,564.29,1265.62,0.243198,0.023529,-0.700670,0.845109,0.660738,0.610313,0.220799,-1.636288,234.38,1.455819,11.3523,0.6857
309,0.001528,0.140198,716.28,576.49,1265.62,0.266587,0.035294,-1.057814,0.735461,0.752591,0.682197,0.308692,-1.421126,234.38,1.282413,10.0895,0.5975
315,0.002407,0.162055,752.59,563.55,1265.62,0.261479,0.027451,-0.540311,0.466241,0.351602,0.953168,0.229619,-1.460319,234.38,0.769002,6.9202,0.6407
320,0.002422,0.154780,699.62,557.25,1218.75,0.243267,0.035294,-0.377644,0.659442,0.294068,0.899511,-0.026519,-1.448857,234.38,0.814406,7.5583,0.7065
325,0.001907,0.199562,683.30,547.06,1218.75,0.241012,0.023529,-0.860501,0.821615,0.650488,0.749340,0.157984,-1.518927,234.38,1.258743,11.1910,0.6595
331,0.001167,0.122513,668.26,529.12,1218.75,0.207160,0.027451,-1.268798,0.869044,0.909010,0.884782,0.196014,-1.590051,234.38,1.226087,11.1877,0.6218
336,0.002188,0.123781,695.79,547.79,1218.75,0.244884,0.015686,-0.569580,0.620550,0.476560,0.938961,0.016636,-1.483127,234.38,0.753604,7.9549,0.6811
341,0.001691,0.148153,675.99,544.49,1171.88,0.250634,0.011765,-0.203528,0.692273,0.254572,0.961984,-0.103616,-1.601685,234.38,0.686331,7.6285,0.7497
347,0.002148,0.212024,623.20,537.72,1125.00,0.226538,0.015686,-0.344901,0.924272,0.606087,0.738883,-0.114608,-1.809732,234.38,1.050766,10.7421,0.7776
352,0.001285,0.126339,614.27,527.93,1031.25,0.231689,0.035294,-0.611174,0.900184,0.875926,0.765592,-0.116716,-1.813812,234.38,1.124246,11.6495,0.7521
357,0.001841,0.130025,644.98,539.51,1171.88,0.232779,0.023529,-0.311390,0.777900,0.527614,0.875912,-0.084179,-1.785857,234.38,0.755439,8.3308,0.7628
363,0.001636,0.147030,680.60,555.58,1171.88,0.255420,0.023529,-0.049537,0.650212,0.157330,0.933488,-0.116379,-1.575114,234.38,0.609012,7.4564,0.7588
368,0.002002,0.243130,629.02,559.79,1125.00,0.230112,0.019608,-0.236364,0.931278,0.523857,0.663603,-0.116299,-1.766075,234.38,0.900542,10.2988,0.7839
373,0.001332,0.146884,625.88,543.89,1171.88,0.215164,0.027451,-0.497128,0.880989,0.808643,0.649075,-0.059709,-1.781868,234.38,1.024676,11.9643,0.7526
379,0.001477,0.189054,679.28,556.16,1265.62,0.231731,0.019608,-0.682728,0.735970,0.561179,0.889000,0.037311,-1.540732,234.38,0.747750,8.7236,0.6853
384,0.001581,0.174380,750.94,571.15,1500.00,0.267873,0.023529,-0.175122,0.455883,0.124107,0.980329,0.157110,-1.542308,234.38,0.553581,7.1954,0.6970
389,0.001630,0.248000,647.30,565.52,1218.75,0.237990,0.019608,-0.248744,0.862952,0.474334,0.673189,0.006877,-1.768609,234.38,0.776274,9.6068,0.7664
395,0.001450,0.131214,655.00,557.80,1218.75,0.245615,0.023529,-0.680161,0.828691,0.826734,0.691628,0.022740,-1.689633,234.38,0.908515,12.2770,0.7125
400,0.001071,0.197711,665.03,541.61,1218.75,0.224332,0.023529,-0.507105,0.812810,0.590416,0.884824,0.072483,-1.853428,234.38,0.683705,8.8266,0.7395
#END {"type":"keypress","session_id":"piano_b2a0d275b8479bf7","ms":112949,"path":"/raw_G1_r01_112290.csv","rows":115}

----- END /raw_G1_r01_112290.csv -----
----- BEGIN /raw_G1_r02_115618.csv (17729 bytes) -----
#BEGIN {"type":"keypress","session_id":"piano_b2a0d275b8479bf7","ms":115824,"key":"G1","rep":2,"reps_per_key":2,"fs_hz":48000,"hop":256,"n_fft":1024,"fmin":50.0,"fmax":3500.0,"lead_ms":150,"pre_ms":60,"post_ms":400,"stored_pre_ms":210,"pre_frames":40,"post_frames":75,"path":"/raw_G1_r02_115618.csv"}
ms_from_event,rms,flux,centroid_hz,spread_hz,rolloff85_hz,flatness,zcr,band0,band1,band2,band3,band4,band5,peak_hz,peak_mag,peak_ratio,low_dom
-208,0.000181,0.088438,774.40,924.91,1968.75,0.424831,0.090196,-1.204952,1.157674,0.938336,-0.274221,-0.464503,-0.152335,234.38,0.131330,20.4585,0.5707
-203,0.000210,0.113765,748.18,922.60,1875.00,0.430769,0.070588,-0.899369,1.167565,0.792998,-0.280292,-0.577145,-0.203758,234.38,0.121265,20.2501,0.6282
-197,0.000224,0.146972,669.59,822.88,1406.25,0.350195,0.047059,-1.214283,1.313405,0.967702,-0.272339,-0.347603,-0.446882,234.38,0.133616,21.9171,0.6099
-192,0.000176,0.175953,634.39,811.05,1265.62,0.340906,0.066667,-0.859368,1.336573,1.002681,-0.429154,-0.588785,-0.461946,234.38,0.145823,21.3842,0.6822
-187,0.000185,0.067811,700.34,882.48,1781.25,0.327683,0.070588,-1.427409,1.386038,1.158513,-0.240363,-0.769172,-0.107606,234.38,0.137700,23.1140,0.6029
-181,0.000177,0.126174,719.47,902.84,1828.12,0.375189,0.058824,-0.993469,1.282054,0.958566,-0.258575,-0.843716,-0.144860,234.38,0.122236,21.1855,0.6544
-176,0.000243,0.110668,686.52,895.70,1500.00,0.326171,0.039216,-0.913410,1.324777,1.048833,-0.259368,-0.940789,-0.260044,234.38,0.126775,21.9756,0.6913
-171,0.000177,0.189771,672.92,889.78,1546.88,0.328914,0.050980,-1.091487,1.437120,1.094904,-0.297228,-0.846238,-0.297069,234.38,0.144749,23.0858,0.6780
-165,0.000183,0.123630,649.07,831.67,1406.25,0.345257,0.054902,-1.039497,1.360386,1.077342,-0.239647,-0.753369,-0.405214,234.38,0.143574,21.4191,0.6769
-160,0.000210,0.090747,705.37,893.95,1781.25,0.362597,0.039216,-0.975849,1.264392,1.001472,-0.338308,-0.701823,-0.249885,234.38,0.126583,20.8204,0.6502
-155,0.000215,0.150756,732.98,932.19,2015.62,0.387246,0.043137,-0.582165,1.215326,0.856110,-0.428412,-0.912753,-0.148106,234.38,0.128696,19.4106,0.6999
-149,0.000197,0.135593,756.46,937.61,2109.38,0.408956,0.047059,-0.829179,1.263148,0.921357,-0.534731,-0.724716,-0.095879,234.38,0.142716,20.8727,0.6519
-144,0.000188,0.089558,682.04,850.16,1593.75,0.379863,0.050980,-0.844204,1.276327,0.947031,-0.478747,-0.454703,-0.445705,234.38,0.142025,21.1555,0.6607
-139,0.000177,0.127040,662.33,820.78,1500.00,0.351231,0.090196,-0.763420,1.215063,0.821504,-0.208926,-0.548809,-0.515413,234.38,0.124998,19.6233,0.6809
-133,0.000220,0.140911,614.74,816.31,1406.25,0.329284,0.078431,-0.159002,1.232610,0.810818,-0.427362,-0.960070,-0.496994,234.38,0.119227,18.5836,0.7799
-128,0.000170,0.135754,611.99,828.69,1500.00,0.326678,0.074510,-0.086736,1.314223,0.896192,-0.788476,-0.893023,-0.442179,234.38,0.129391,19.9803,0.7827
-123,0.000190,0.118763,749.20,941.37,2015.62,0.397028,0.031373,-0.359889,1.240963,0.803415,-0.883210,-0.643275,-0.158005,234.38,0.132734,19.6932,0.6987
-117,0.000151,0.101333,775.53,975.08,2109.38,0.398331,0.058824,-0.478235,1.227547,0.773801,-0.759004,-0.666190,-0.097919,234.38,0.121905,19.2991,0.6806
-112,0.000209,0.088020,804.57,962.81,2062.50,0.407055,0.047059,-0.881001,1.188527,0.798366,-0.556179,-0.419546,-0.130168,234.38,0.116714,20.4533,0.6055
-107,0.000172,0.167476,726.05,894.21,1781.25,0.399249,0.066667,-0.548817,1.235093,0.803433,-0.707393,-0.456812,-0.325503,234.38,0.122670,19.8551,0.6757
-101,0.000195,0.103580,751.25,929.11,1921.88,0.401933,0.039216,-0.616002,1.241207,0.831514,-0.636805,-0.573592,-0.246322,234.38,0.128482,20.7402,0.6732
-96,0.000169,0.157108,792.48,1000.62,2109.38,0.416050,0.039216,-0.444868,1.193611,0.726376,-0.701304,-0.637772,-0.136042,234.38,0.125303,18.8097,0.6816
-91,0.000188,0.080402,837.42,1000.18,2250.00,0.455900,0.098039,-0.953394,1.175072,0.836127,-0.533356,-0.454184,-0.070266,234.38,0.119619,20.1982,0.5922
-85,0.000202,0.125606,734.32,868.64,1687.50,0.410814,0.015686,-1.152799,1.213507,0.918536,-0.344547,-0.289044,-0.345652,234.38,0.122197,20.4418,0.5861
-80,0.000181,0.176672,721.06,877.00,1687.50,0.391562,0.058824,-1.110733,1.237755,0.960546,-0.327206,-0.403815,-0.356547,234.38,0.134155,20.3041,0.6091
-75,0.000184,0.093616,732.89,909.98,1875.00,0.376350,0.070588,-0.853082,1.218640,0.882874,-0.493844,-0.536936,-0.217654,234.38,0.130736,20.5580,0.6365
-69,0.000211,0.067280,724.02,917.68,1921.88,0.360265,0.039216,-0.884663,1.294855,0.896167,-0.433138,-0.725714,-0.147509,234.38,0.121320,21.5766,0.6551
-64,0.000187,0.155604,752.30,924.00,1968.75,0.387394,0.058824,-0.988998,1.258095,0.894761,-0.254364,-0.785842,-0.123652,234.38,0.127697,20.8844,0.6432
-59,0.000197,0.173273,687.92,885.62,1734.38,0.387908,0.078431,-0.433008,1.213965,0.828216,-0.302344,-0.968217,-0.338612,234.38,0.135015,19.1166,0.7396
-53,0.000168,0.054034,640.24,830.23,1406.25,0.354764,0.074510,-0.549755,1.269272,0.937744,-0.404786,-0.810501,-0.441974,234.38,0.131612,21.0930,0.7283
-48,0.000192,0.134035,739.29,897.78,1828.12,0.391262,0.023529,-1.248681,1.295278,0.905829,-0.345148,-0.409416,-0.197863,234.38,0.121809,20.7138,0.5810
-43,0.000192,0.127595,762.35,952.83,2015.62,0.405162,0.074510,-0.839930,1.211635,0.868312,-0.410768,-0.691387,-0.137861,234.38,0.122305,21.0833,0.6458
-37,0.000238,0.240347,678.14,879.55,1546.88,0.359938,0.054902,-0.338498,1.173394,0.778025,-0.277276,-0.914234,-0.421411,234.38,0.130434,18.1542,0.7475
-32,0.000180,0.150145,596.85,806.46,1218.75,0.340618,0.054902,0.000376,1.236358,0.777647,-0.442841,-0.880456,-0.691085,234.38,0.137161,17.7443,0.8028
-27,0.000196,0.174949,612.25,851.42,1406.25,0.334422,0.050980,0.281384,1.271609,0.530138,-0.780635,-0.756363,-0.546131,234.38,0.119769,15.2492,0.8065
-21,0.000212,0.120963,736.96,920.82,1828.12,0.425890,0.054902,0.023554,1.114409,0.614633,-0.801742,-0.564489,-0.386365,234.38,0.117865,17.8975,0.7397
-16,0.000185,0.195303,640.33,829.32,1546.88,0.356906,0.082353,-0.323034,1.287799,0.788010,-0.541330,-0.683075,-0.528368,234.38,0.129628,18.6669,0.7480
-11,0.000229,0.112342,667.28,867.51,1593.75,0.367144,0.039216,-0.441508,1.253351,0.946605,-0.595775,-0.765045,-0.397627,234.38,0.132808,21.2511,0.7285
-5,0.000253,0.283701,659.45,913.26,1640.62,0.350476,0.019608,0.056794,1.174463,0.671754,-0.660110,-0.933799,-0.309101,234.38,0.123193,16.4329,0.7751
0,0.000259,0.314783,551.90,849.03,1125.00,0.304301,0.062745,0.774936,1.277933,0.212552,-0.773541,-0.984660,-0.507219,140.62,0.121858,13.3072,0.8548
5,0.006848,0.928273,1249.57,930.10,2343.75,0.819518,0.027451,-0.684054,-0.128906,-0.125278,0.226170,0.550956,0.161112,140.62,0.426123,3.3377,0.3181
11,0.007310,0.647698,1110.11,838.01,2015.62,0.696228,0.023529,-0.723300,-0.106623,-0.081265,0.633155,0.419504,-0.141471,843.75,1.580787,4.3981,0.3649
16,0.007125,0.270180,849.42,699.37,1546.88,0.449116,0.027451,-0.703506,0.306885,0.340014,0.700523,0.094990,-0.738905,796.88,2.515097,6.0039,0.5309
21,0.009994,0.173798,667.68,601.79,1265.62,0.241827,0.007843,-0.052260,0.646739,0.369528,0.399945,-0.050454,-1.313498,234.38,3.071106,7.6568,0.7270
27,0.009823,0.247933,574.38,560.35,1125.00,0.218888,0.023529,0.463061,0.804359,0.220128,0.349840,-0.104295,-1.733093,93.75,4.291468,9.6840,0.8253
32,0.006108,0.172784,565.93,536.90,1078.12,0.201286,0.011765,0.400588,0.804963,0.233206,0.536417,-0.247343,-1.727831,140.62,4.437015,8.6724,0.8307
37,0.006926,0.105786,664.60,590.87,1218.75,0.232781,0.027451,0.016353,0.560800,0.414098,0.526667,-0.156787,-1.361130,234.38,3.170888,8.2644,0.7403
43,0.007475,0.122040,680.02,624.95,1265.62,0.279091,0.015686,-0.156653,0.640664,0.457230,0.270983,0.055355,-1.267578,234.38,2.926506,8.3398,0.7002
48,0.008375,0.239076,639.18,621.46,1312.50,0.256862,0.027451,0.299852,0.648748,0.290227,0.109907,-0.009635,-1.339100,93.75,3.490660,9.2643,0.7593
53,0.005334,0.219984,565.89,566.57,1078.12,0.238908,0.015686,0.396089,0.776079,0.324311,0.438187,-0.363787,-1.570878,93.75,3.674082,8.6531,0.8254
59,0.005994,0.152876,667.70,625.51,1265.62,0.285407,0.027451,0.020604,0.651137,0.430331,0.254729,-0.031858,-1.324943,234.38,2.896489,8.5723,0.7339
64,0.005580,0.147652,757.47,664.89,1546.88,0.295977,0.031373,-0.518013,0.642934,0.606891,0.032437,0.306143,-1.070392,234.38,2.843694,9.5238,0.6094
69,0.005565,0.219394,718.89,678.83,1546.88,0.360394,0.023529,-0.081630,0.509118,0.515378,0.107766,0.027080,-1.077712,234.38,2.378185,7.7797,0.6768
75,0.007172,0.287764,780.25,719.23,1546.88,0.444912,0.019608,-0.163015,0.330070,0.273277,0.257416,0.182389,-0.880138,140.62,2.200552,6.5014,0.6064
80,0.005951,0.265475,690.32,609.88,1218.75,0.322629,0.023529,-0.024871,0.382710,0.252542,0.654559,-0.066345,-1.198594,140.62,2.781564,7.2282,0.6924
85,0.005861,0.195568,666.42,577.79,1218.75,0.250198,0.015686,-0.133646,0.628868,0.441668,0.559975,-0.054612,-1.442253,234.38,2.491687,6.9706,0.7303
91,0.005182,0.115116,715.27,583.19,1218.75,0.267194,0.015686,-0.640754,0.633316,0.650931,0.593663,0.165533,-1.402690,234.38,2.876683,9.8458,0.6490
96,0.005438,0.196987,688.05,608.24,1265.62,0.259896,0.023529,-0.290167,0.607066,0.487157,0.387638,0.030173,-1.221867,234.38,2.574929,8.7919,0.6801
101,0.005073,0.239066,642.24,567.52,1171.88,0.238224,0.011765,-0.060441,0.497185,0.481890,0.631523,-0.247268,-1.302889,93.75,1.877491,5.9788,0.7298
107,0.004953,0.152326,652.20,561.67,1218.75,0.238544,0.015686,-0.184772,0.656097,0.475914,0.547767,-0.006971,-1.488037,234.38,2.152287,7.2052,0.7277
112,0.003511,0.171032,742.26,592.28,1218.75,0.266269,0.019608,-0.861327,0.653723,0.668727,0.460667,0.431705,-1.353495,234.38,2.722203,10.8462,0.5883
117,0.004533,0.147712,688.47,601.39,1265.62,0.292879,0.019608,-0.674534,0.729385,0.699525,0.377949,0.204486,-1.336811,234.38,2.456894,10.7610,0.6442
123,0.004805,0.269762,661.66,562.04,1218.75,0.270000,0.019608,-0.383544,0.514733,0.686683,0.598647,0.016348,-1.432866,234.38,1.448208,5.8903,0.6844
128,0.004151,0.213648,701.93,579.41,1218.75,0.266660,0.019608,-0.365433,0.579854,0.506368,0.407849,0.339708,-1.468346,234.38,1.838547,6.9106,0.6618
133,0.004621,0.157998,718.20,583.24,1218.75,0.250519,0.019608,-0.624718,0.618234,0.589330,0.413993,0.353909,-1.350748,234.38,2.509979,10.2350,0.6213
139,0.005314,0.217043,704.24,601.40,1312.50,0.282669,0.015686,-0.374389,0.623083,0.489825,0.436757,0.161083,-1.336359,234.38,2.309113,9.1936,0.6708
144,0.004798,0.243271,730.23,587.78,1312.50,0.250045,0.023529,-0.303430,0.415241,0.409167,0.547449,0.192258,-1.260684,234.38,1.545989,5.4175,0.6434
149,0.004297,0.199422,730.35,573.39,1218.75,0.256789,0.031373,-0.340334,0.509290,0.280888,0.558167,0.314348,-1.322360,187.50,1.867304,6.2336,0.6430
155,0.005033,0.151217,756.41,568.21,1265.62,0.253429,0.023529,-0.807154,0.574181,0.555618,0.652599,0.401515,-1.376758,234.38,2.341469,9.4393,0.5917
160,0.005192,0.190196,750.94,582.26,1500.00,0.254467,0.023529,-0.828608,0.602221,0.608532,0.721703,0.314912,-1.418760,234.38,2.233483,8.7202,0.6080
165,0.003447,0.256431,732.52,551.66,1265.62,0.226878,0.019608,-0.416144,0.422056,0.499529,0.687478,0.387613,-1.580533,796.88,1.631602,5.9746,0.6455
171,0.004678,0.147778,693.81,536.37,1218.75,0.209853,0.023529,-0.178590,0.565871,0.385058,0.647821,0.365041,-1.785201,187.50,1.608883,5.9381,0.7117
176,0.004228,0.208609,731.95,580.82,1453.12,0.244960,0.015686,-0.593630,0.699065,0.561397,0.564893,0.405468,-1.637193,234.38,2.393564,10.0967,0.6612
181,0.003689,0.123224,740.57,575.30,1453.12,0.234659,0.031373,-1.040323,0.732807,0.750728,0.664815,0.434048,-1.542074,234.38,2.283054,10.0398,0.5987
187,0.003539,0.254968,777.49,573.23,1265.62,0.238691,0.031373,-0.702887,0.377937,0.539017,0.553518,0.502248,-1.269833,234.38,1.432637,6.2713,0.5551
192,0.004100,0.164392,773.58,600.94,1453.12,0.264839,0.035294,-0.414877,0.383028,0.343184,0.480352,0.399951,-1.191639,187.50,1.188866,5.3238,0.5939
197,0.004244,0.210828,758.58,612.15,1546.88,0.275735,0.007843,-0.601185,0.602316,0.453498,0.486282,0.302099,-1.243011,234.38,2.038645,9.5045,0.6156
203,0.002156,0.161109,717.11,574.50,1265.62,0.229599,0.035294,-0.878209,0.755398,0.684182,0.512395,0.422502,-1.496268,234.38,2.256341,10.7806,0.6167
208,0.003097,0.178446,709.49,575.25,1218.75,0.232100,0.015686,-0.491145,0.593878,0.639324,0.357607,0.410329,-1.509992,234.38,1.518533,7.9223,0.6459
213,0.003830,0.140144,729.59,602.74,1453.12,0.279353,0.007843,-0.305230,0.464116,0.464601,0.463379,0.319099,-1.405965,234.38,1.000463,5.9146,0.6509
219,0.003524,0.271498,715.88,555.83,1218.75,0.259222,0.019608,-0.769809,0.702993,0.566544,0.814221,0.225975,-1.539923,234.38,1.797316,9.3917,0.6510
224,0.002675,0.161269,706.37,566.08,1218.75,0.260685,0.031373,-1.273446,0.832316,0.801459,0.718438,0.276882,-1.355649,234.38,2.139529,11.7389,0.5790
229,0.003094,0.150412,698.29,571.43,1218.75,0.271790,0.027451,-0.677479,0.689145,0.670081,0.557658,0.286715,-1.526120,234.38,1.511812,8.8045,0.6515
235,0.003123,0.169659,766.44,589.37,1359.38,0.295141,0.015686,-0.422828,0.356514,0.350991,0.689262,0.328971,-1.302909,234.38,0.892955,5.6508,0.6115
240,0.003137,0.232924,720.74,558.74,1171.88,0.274827,0.027451,-0.667890,0.595133,0.419631,0.847108,0.059286,-1.253269,234.38,1.491466,8.3961,0.6366
245,0.002537,0.146938,693.25,575.50,1218.75,0.258523,0.035294,-1.021159,0.788942,0.732829,0.682976,0.072848,-1.256436,234.38,1.860692,11.7779,0.6167
251,0.002786,0.161912,738.46,586.07,1359.38,0.267716,0.019608,-0.862043,0.625871,0.597189,0.597513,0.350478,-1.309008,234.38,1.401003,8.7510,0.5893
256,0.002427,0.183161,771.72,578.09,1265.62,0.298924,0.035294,-0.429821,0.342367,0.255987,0.768321,0.345021,-1.281876,234.38,0.803854,5.7426,0.6046
261,0.003135,0.233747,698.13,557.84,1171.88,0.263486,0.015686,-0.590319,0.675855,0.436119,0.827256,0.055234,-1.404146,234.38,1.290866,8.3543,0.6720
267,0.002246,0.180055,721.61,594.83,1500.00,0.270900,0.031373,-1.123554,0.797576,0.774184,0.600538,0.227548,-1.276292,234.38,1.694740,12.0764,0.5894
272,0.001951,0.181398,743.37,575.62,1312.50,0.260716,0.035294,-1.305622,0.739090,0.754911,0.734808,0.471608,-1.394795,234.38,1.382118,9.6821,0.5445
277,0.002764,0.151921,791.53,558.47,1265.62,0.280277,0.007843,-0.787150,0.423995,0.341511,0.913261,0.557966,-1.449583,234.38,0.822422,7.0036,0.5657
283,0.002577,0.253388,731.89,572.72,1265.62,0.276395,0.011765,-0.839682,0.690520,0.512291,0.850946,0.256942,-1.471018,234.38,1.156106,8.7565,0.6301
288,0.002067,0.181026,753.37,607.19,1500.00,0.278272,0.039216,-1.339223,0.852273,0.799392,0.539770,0.460252,-1.312465,234.38,1.538755,12.1747,0.5455
293,0.001589,0.173457,740.82,585.32,1265.62,0.267694,0.035294,-1.208329,0.754217,0.748774,0.653266,0.475382,-1.423310,234.38,1.257201,9.8489,0.5614
299,0.002485,0.164643,803.13,589.60,1312.50,0.293976,0.007843,-0.577895,0.401778,0.237756,0.850414,0.469130,-1.381184,234.38,0.743182,6.7462,0.5910
304,0.002467,0.219330,706.55,562.80,1265.62,0.231838,0.027451,-0.407772,0.723668,0.368010,0.817457,0.215649,-1.717011,234.38,0.981016,8.2042,0.7127
309,0.001788,0.168281,703.06,575.88,1265.62,0.256462,0.019608,-0.884958,0.825973,0.697214,0.561234,0.291805,-1.491269,234.38,1.346115,11.8623,0.6388
315,0.001293,0.169619,737.91,577.19,1265.62,0.275595,0.035294,-1.288272,0.725408,0.754542,0.771674,0.445589,-1.408941,234.38,1.107479,9.5592,0.5499
320,0.002170,0.128862,784.38,585.69,1265.62,0.300292,0.019608,-0.551255,0.406434,0.278745,0.905958,0.361429,-1.401311,234.38,0.607910,6.3535,0.6101
325,0.002123,0.191166,702.03,565.13,1265.62,0.258973,0.023529,-0.391819,0.680057,0.287685,0.851759,0.054524,-1.482205,234.38,0.747702,7.7944,0.7022
331,0.001694,0.184431,681.22,558.94,1265.62,0.251324,0.031373,-0.732421,0.836337,0.655664,0.640169,0.198200,-1.597949,234.38,1.120581,11.3560,0.6796
336,0.000903,0.156586,674.56,543.20,1218.75,0.250447,0.039216,-0.987410,0.802172,0.787142,0.805651,0.221235,-1.628791,234.38,1.020683,10.2326,0.6482
341,0.001899,0.100650,719.08,575.47,1265.62,0.264031,0.007843,-0.414122,0.544023,0.355213,0.846120,0.107347,-1.438581,234.38,0.580692,7.0241,0.6749
347,0.001733,0.168393,685.03,571.89,1218.75,0.278134,0.011765,-0.211514,0.677311,0.262824,0.836444,-0.083516,-1.481547,234.38,0.611700,7.5307,0.7341
352,0.001537,0.205536,638.89,552.78,1218.75,0.250396,0.023529,-0.486495,0.890130,0.664817,0.639822,-0.005130,-1.703143,234.38,0.934420,11.3445,0.7419
357,0.001161,0.138478,642.12,550.31,1218.75,0.249763,0.031373,-0.858616,0.862069,0.887015,0.729119,0.051703,-1.671290,234.38,0.945504,11.4069,0.6924
363,0.001665,0.174218,685.39,573.18,1265.62,0.268943,0.011765,-0.338209,0.692994,0.432915,0.829218,0.022034,-1.638951,234.38,0.592104,7.6204,0.7283
368,0.001355,0.139691,687.55,572.97,1218.75,0.268525,0.011765,-0.096697,0.647384,0.216547,0.863625,-0.115600,-1.515259,234.38,0.535797,7.3774,0.7485
373,0.001669,0.243830,638.89,581.32,1171.88,0.246448,0.023529,-0.276489,0.886640,0.524076,0.567527,-0.084640,-1.617114,234.38,0.812431,10.4699,0.7606
379,0.001172,0.139554,643.94,562.80,1265.62,0.240096,0.027451,-0.519893,0.825046,0.767015,0.637064,-0.009353,-1.699879,234.38,0.871793,11.5542,0.7325
384,0.001290,0.182460,710.52,574.22,1359.38,0.264818,0.031373,-0.753582,0.680419,0.517378,0.892514,0.124772,-1.461501,234.38,0.605209,8.4735,0.6529
389,0.001409,0.165548,770.42,582.98,1546.88,0.277845,0.015686,-0.369163,0.475529,0.218945,0.911065,0.237256,-1.473632,234.38,0.499632,7.5603,0.6618
395,0.001324,0.241999,659.91,578.52,1218.75,0.243900,0.019608,-0.429734,0.857043,0.543593,0.624174,0.032282,-1.627357,234.38,0.699880,10.2795,0.7333
400,0.001131,0.113891,670.80,577.19,1265.62,0.257118,0.027451,-0.625843,0.792260,0.748727,0.658778,0.013540,-1.587463,234.38,0.754514,11.8798,0.7048
#END {"type":"keypress","session_id":"piano_b2a0d275b8479bf7","ms":116277,"path":"/raw_G1_r02_115618.csv","rows":115}

----- END /raw_G1_r02_115618.csv -----
=== KEY_DUMP_END key=G1 ===
NEXT: G#1
PRESS G#1  rep 1/2  then hit Enter

> REC OK: /raw_G#1_r01_124668.csv
PRESS G#1  rep 2/2  then hit Enter

> REC OK: /raw_G#1_r02_127436.csv
=== KEY_DUMP_BEGIN key=G#1 files=2 ===
----- BEGIN /raw_G#1_r01_124668.csv (17745 bytes) -----
#BEGIN {"type":"keypress","session_id":"piano_b2a0d275b8479bf7","ms":124875,"key":"G#1","rep":1,"reps_per_key":2,"fs_hz":48000,"hop":256,"n_fft":1024,"fmin":50.0,"fmax":3500.0,"lead_ms":150,"pre_ms":60,"post_ms":400,"stored_pre_ms":210,"pre_frames":40,"post_frames":75,"path":"/raw_G#1_r01_124668.csv"}
ms_from_event,rms,flux,centroid_hz,spread_hz,rolloff85_hz,flatness,zcr,band0,band1,band2,band3,band4,band5,peak_hz,peak_mag,peak_ratio,low_dom
-208,0.000066,0.190681,1269.34,1133.48,2718.75,0.677563,0.235294,-0.001859,0.325247,-0.080788,-0.690549,-0.073624,0.521572,234.38,0.015744,5.9279,0.4844
-203,0.000064,0.273715,1249.26,1149.58,2765.62,0.674091,0.274510,0.204290,-0.183351,0.048161,-0.434976,-0.155600,0.521477,234.38,0.008317,2.9438,0.4570
-197,0.000055,0.309275,1133.64,999.81,2531.25,0.680104,0.368627,-0.487486,-0.134571,0.467911,-0.185333,0.130126,0.209353,328.12,0.017433,5.4997,0.3821
-192,0.000070,0.150504,1269.93,1044.04,2625.00,0.715383,0.192157,-1.337084,0.048304,0.688838,-0.108435,0.108324,0.600055,328.12,0.022732,7.8614,0.2692
-187,0.000062,0.174582,1140.98,1015.38,2484.38,0.620860,0.329412,-1.105237,0.089759,0.807733,-0.178174,-0.069388,0.455308,328.12,0.027151,9.2656,0.3317
-181,0.000069,0.177790,1087.38,1040.99,2578.12,0.571264,0.239216,-0.804283,0.156287,0.772880,-0.239364,-0.213994,0.328475,328.12,0.032328,10.6908,0.4058
-176,0.000069,0.151165,1295.31,1120.68,2812.50,0.665112,0.188235,-0.819979,-0.059863,0.632024,-0.245291,-0.153583,0.646691,328.12,0.031435,10.5037,0.3348
-171,0.000055,0.181914,1365.60,1165.88,2906.25,0.617660,0.266667,-0.740933,0.011413,0.758517,-0.490034,-0.290749,0.751786,328.12,0.030127,10.2658,0.3554
-165,0.000054,0.245927,1226.37,1165.09,2953.12,0.612628,0.278431,-0.729155,0.381390,0.636811,-0.436352,-0.276238,0.423544,281.25,0.022175,7.5559,0.4384
-160,0.000051,0.229501,1255.56,1100.40,2718.75,0.691861,0.400000,-0.625939,0.337078,0.139253,-0.268892,0.112241,0.306262,234.38,0.021505,8.5174,0.4125
-155,0.000074,0.208137,1382.63,1070.45,2718.75,0.747570,0.125490,-0.698360,0.200105,-0.067531,-0.136641,0.204836,0.497591,234.38,0.013090,5.5042,0.3543
-149,0.000054,0.332598,1311.67,1089.10,2671.88,0.732573,0.341176,0.104712,-0.330640,-0.334640,-0.205890,0.347383,0.419073,234.38,0.007411,2.8926,0.3784
-144,0.000052,0.271265,1100.52,1066.09,2484.38,0.676356,0.376471,0.147513,0.163700,-0.057501,-0.447269,0.071514,0.122044,234.38,0.011873,3.9780,0.5147
-139,0.000050,0.139099,1286.31,1103.35,2906.25,0.693435,0.380392,-0.370822,0.096515,0.025157,-0.303246,0.090756,0.461640,234.38,0.013792,5.5576,0.3981
-133,0.000055,0.235718,1504.85,1077.94,2953.12,0.801094,0.294118,-0.988235,-0.202319,-0.045925,0.015626,0.424501,0.796352,234.38,0.011125,4.5693,0.2305
-128,0.000052,0.296975,1275.38,1094.91,2671.88,0.706342,0.364706,-0.223685,-0.012749,-0.126515,-0.105862,0.134758,0.334054,234.38,0.010707,3.8441,0.4127
-123,0.000065,0.200776,1207.99,1104.05,2765.62,0.700821,0.282353,-0.057550,0.048601,-0.102088,-0.099632,0.029891,0.180778,93.75,0.019384,6.7000,0.4726
-117,0.000065,0.230814,1204.89,1087.74,2625.00,0.680427,0.266667,0.041280,-0.010511,-0.256401,-0.074596,-0.001532,0.301760,234.38,0.013436,4.8504,0.4664
-112,0.000062,0.267482,1152.00,1071.36,2578.12,0.699422,0.309804,-0.294878,0.261973,0.036128,-0.185285,-0.042655,0.224717,234.38,0.019424,6.2345,0.4732
-107,0.000055,0.183580,1289.13,1102.18,2859.38,0.654995,0.313726,-1.193608,0.434472,0.274267,-0.055433,0.074216,0.466087,234.38,0.023825,8.0225,0.3431
-101,0.000072,0.221736,1334.57,1099.42,2812.50,0.723062,0.239216,-0.661700,0.247152,0.177242,-0.239827,0.018239,0.458894,234.38,0.023750,7.9313,0.3904
-96,0.000075,0.269570,1179.99,1061.22,2671.88,0.664567,0.176471,-1.205965,0.453416,0.585219,-0.093001,-0.090744,0.351075,234.38,0.030710,9.2197,0.3760
-91,0.000075,0.233403,1053.22,1055.82,2625.00,0.588585,0.176471,-0.951486,0.473768,0.744909,-0.140080,-0.304810,0.177701,281.25,0.030902,8.2627,0.4563
-85,0.000070,0.189406,1119.18,1073.60,2625.00,0.589204,0.211765,-0.759609,0.149368,0.713105,-0.243106,-0.189243,0.329486,328.12,0.031251,9.3139,0.4073
-80,0.000054,0.197964,1107.18,1057.10,2578.12,0.586265,0.309804,-1.059711,0.319133,0.921077,-0.471692,-0.022082,0.313274,328.12,0.034089,9.9840,0.3738
-75,0.000060,0.176737,1215.61,1124.53,2953.12,0.658547,0.274510,-0.526887,-0.043050,0.650225,-0.410365,-0.085295,0.415372,328.12,0.026412,9.1005,0.3894
-69,0.000067,0.247084,1259.52,1154.80,2953.12,0.670687,0.266667,-0.394289,0.215557,0.246851,-0.353641,-0.185598,0.471119,187.50,0.017438,5.5993,0.4422
-64,0.000052,0.143235,1187.39,1106.28,2718.75,0.678817,0.337255,-0.259084,0.331096,0.022456,-0.404758,-0.024039,0.334330,187.50,0.021265,7.4511,0.4703
-59,0.000085,0.167469,1323.14,1091.70,2812.50,0.746406,0.164706,-0.360412,0.058530,-0.153631,-0.293733,0.284782,0.464465,187.50,0.011881,4.7696,0.3716
-53,0.000080,0.279389,1343.88,1102.59,2812.50,0.700044,0.188235,0.269507,-0.235561,-0.548284,-0.390415,0.361147,0.543605,421.88,0.005520,2.2050,0.3928
-48,0.000056,0.338595,1073.11,1095.77,2484.38,0.632992,0.450980,0.558015,0.104274,-0.408595,-0.500210,0.007221,0.239296,234.38,0.006491,2.1620,0.5518
-43,0.000158,0.221428,1143.94,1079.34,2531.25,0.668645,0.109804,0.322714,0.312165,-0.417575,-0.432850,0.002440,0.213106,93.75,0.024301,8.2759,0.5522
-37,0.000170,0.440276,760.85,971.22,2156.25,0.428307,0.035294,0.651068,0.956941,-0.029016,-0.795340,-0.591944,-0.191709,140.62,0.058159,12.9491,0.7678
-32,0.000133,0.334930,708.47,935.49,1875.00,0.411262,0.188235,0.725999,1.121827,-0.102083,-0.915051,-0.476780,-0.353910,140.62,0.098235,16.8666,0.7924
-27,0.000074,0.195397,711.55,986.64,1921.88,0.384602,0.266667,0.830418,1.110622,-0.047511,-1.257824,-0.480396,-0.155308,140.62,0.070450,12.1169,0.7839
-21,0.000088,0.133811,855.82,1044.48,2390.62,0.486975,0.152941,0.242803,0.824123,0.356989,-0.945003,-0.524029,0.045117,187.50,0.046656,10.6847,0.6842
-16,0.000183,0.255254,991.79,1049.60,2531.25,0.525209,0.113725,-0.214147,0.601568,0.642403,-0.678195,-0.519089,0.167461,281.25,0.033017,9.3715,0.5913
-11,0.000142,0.450334,682.22,911.71,1734.38,0.393776,0.094118,0.525826,0.952711,0.453078,-0.859723,-0.631070,-0.440822,140.62,0.064769,11.2217,0.7816
-5,0.000091,0.266794,641.68,869.35,1500.00,0.376816,0.211765,0.541464,1.146124,0.029991,-0.597943,-0.504996,-0.614640,140.62,0.091274,14.8358,0.8028
0,0.000165,0.150721,802.47,954.88,1968.75,0.468251,0.070588,0.169440,0.936656,0.075015,-0.586609,-0.344717,-0.249784,187.50,0.070667,14.2580,0.7006
5,0.005660,0.905229,937.08,798.72,1687.50,0.578689,0.019608,-0.197987,-0.416648,0.045996,0.651813,0.348890,-0.432063,562.50,0.239002,4.5716,0.4340
11,0.004542,0.744226,747.52,697.49,1453.12,0.423038,0.019608,-0.040107,0.163297,0.134662,0.698327,-0.082533,-0.873647,562.50,1.216953,6.0857,0.6317
16,0.006127,0.381977,680.39,583.93,1125.00,0.308471,0.031373,0.003526,0.274174,0.280967,0.961502,-0.321585,-1.198585,609.38,1.696123,5.6891,0.7107
21,0.004467,0.235622,720.30,497.52,984.38,0.218061,0.015686,-0.325250,-0.163411,0.367467,1.492623,-0.173242,-1.198186,609.38,2.136472,6.9576,0.6086
27,0.005548,0.169522,698.91,506.83,984.38,0.237608,0.031373,-0.296379,0.276829,0.197250,1.284470,-0.163359,-1.298811,562.50,2.088558,6.8840,0.6729
32,0.005551,0.167273,670.66,555.72,1125.00,0.274414,0.027451,-0.177910,0.454279,0.434210,0.946461,-0.270941,-1.386097,562.50,1.705142,6.2143,0.7245
37,0.005314,0.250861,669.61,555.70,1031.25,0.246091,0.031373,-0.049734,0.405149,0.384366,1.002381,-0.378764,-1.363398,93.75,1.782632,5.7356,0.7405
43,0.004147,0.176755,729.25,534.45,1078.12,0.253703,0.023529,-0.202525,-0.027593,0.307872,1.292572,-0.066100,-1.304226,609.38,1.829322,5.9618,0.6388
48,0.005725,0.151084,743.89,562.78,1171.88,0.262902,0.023529,-0.378220,0.254305,0.216351,1.095618,0.039686,-1.227741,562.50,1.846983,6.7867,0.6300
53,0.004432,0.168945,678.79,576.83,1125.00,0.282011,0.050980,-0.348864,0.409478,0.551546,0.894290,-0.266810,-1.239640,234.38,1.725843,6.2796,0.6864
59,0.004367,0.237329,707.61,536.23,1078.12,0.250988,0.039216,-0.513927,0.269587,0.548023,1.167830,-0.158812,-1.312701,515.62,1.689410,5.6721,0.6488
64,0.004105,0.160123,761.24,537.68,1171.88,0.272605,0.039216,-0.479775,-0.073171,0.357865,1.259542,0.087335,-1.151797,515.62,1.546025,5.5895,0.5636
69,0.004975,0.224039,879.92,755.40,1593.75,0.509110,0.011765,-0.399964,0.292954,-0.081776,0.719905,0.100834,-0.631954,562.50,1.313887,5.2191,0.5528
75,0.004997,0.279744,979.76,871.30,1875.00,0.641484,0.043137,-0.543551,0.308571,-0.018357,0.384434,0.181475,-0.312570,187.50,1.895907,6.3905,0.4870
80,0.004189,0.260902,801.14,726.96,1546.88,0.455456,0.023529,-0.161652,0.314091,0.043518,0.751823,-0.230835,-0.716945,140.62,2.082465,6.7894,0.6342
85,0.003193,0.159590,722.08,563.68,1171.88,0.258710,0.023529,-0.289625,0.260425,0.358547,0.964618,-0.096489,-1.197475,515.62,1.520058,5.8067,0.6530
91,0.004157,0.134640,772.99,587.74,1359.38,0.302082,0.015686,-0.414653,0.042635,0.265989,1.037858,0.147180,-1.079010,515.62,1.271911,5.8197,0.5695
96,0.003592,0.253039,721.61,654.58,1546.88,0.292423,0.039216,-0.102196,0.542260,0.133616,0.448190,-0.093222,-0.928648,140.62,1.570546,7.0038,0.6750
101,0.003875,0.269615,756.83,578.76,1312.50,0.280675,0.019608,-0.370544,0.214579,0.294060,0.985698,-0.008309,-1.115484,515.62,1.325212,5.4284,0.6187
107,0.001495,0.133148,848.45,562.71,1500.00,0.306864,0.031373,-1.048781,-0.340676,0.689836,1.240361,0.474900,-1.015639,515.62,1.444440,7.1042,0.3955
112,0.004147,0.174810,863.59,628.51,1593.75,0.334408,0.015686,-1.026823,-0.139885,0.448331,1.048530,0.276696,-0.606848,515.62,1.128994,6.4093,0.3969
117,0.003147,0.235254,744.19,604.91,1312.50,0.307820,0.011765,-0.589207,0.283091,0.429794,0.832836,-0.051673,-0.904840,562.50,1.051108,5.5945,0.5806
123,0.003492,0.271619,715.39,533.93,1171.88,0.266233,0.019608,-0.536918,0.244874,0.580795,1.085429,0.000185,-1.374364,234.38,1.216649,5.5062,0.6321
128,0.001645,0.165553,755.27,609.74,1312.50,0.308083,0.031373,-0.689114,0.148689,0.585389,0.903954,-0.005938,-0.942979,515.62,1.333119,6.7199,0.5509
133,0.003607,0.163933,775.98,638.67,1546.88,0.331199,0.019608,-0.235656,0.088001,0.289831,0.749053,0.051994,-0.943222,140.62,1.026396,6.6514,0.5919
139,0.003350,0.273276,749.77,576.29,1312.50,0.301429,0.011765,-0.281416,0.312194,0.243316,0.954934,0.113251,-1.342278,140.62,0.935019,5.1727,0.6525
144,0.002299,0.245380,763.14,587.79,1312.50,0.299467,0.019608,-0.384803,0.151148,0.438049,0.932857,0.039944,-1.177195,515.62,1.124986,5.5776,0.6111
149,0.002048,0.108976,741.72,610.13,1312.50,0.327164,0.035294,-0.641901,0.067775,0.679551,0.885358,0.004029,-0.994812,515.62,1.195990,7.1076,0.5519
155,0.003049,0.158017,760.39,626.22,1312.50,0.357867,0.019608,-0.260575,-0.024808,0.470647,0.811773,0.056309,-1.053347,468.75,0.846439,6.1453,0.5880
160,0.002665,0.262856,759.45,589.63,1265.62,0.330705,0.019608,-0.379909,0.240212,0.300764,0.948465,0.020586,-1.130118,562.50,0.761674,4.6734,0.6189
165,0.002090,0.175185,733.88,605.13,1265.62,0.332243,0.023529,-0.482791,0.252437,0.579435,0.841456,-0.074174,-1.116364,515.62,1.076285,6.6124,0.6178
171,0.002281,0.084937,715.57,591.11,1265.62,0.297238,0.023529,-0.603969,0.166558,0.771822,0.849739,0.014666,-1.198816,515.62,1.097202,8.1246,0.5923
176,0.002435,0.212089,762.79,580.71,1312.50,0.316155,0.023529,-0.293918,0.040282,0.464762,0.960677,0.196190,-1.367993,468.75,0.762369,5.9842,0.6128
181,0.002235,0.232076,748.59,573.79,1265.62,0.310023,0.019608,-0.543706,0.311242,0.420655,0.958970,0.126634,-1.273796,234.38,0.696712,4.7280,0.6124
187,0.001889,0.139787,713.38,584.21,1218.75,0.311635,0.031373,-0.733805,0.345947,0.756478,0.887709,0.012071,-1.268399,515.62,1.011774,7.5084,0.6069
192,0.002117,0.098415,749.65,579.60,1312.50,0.308990,0.031373,-1.000707,0.139781,0.904073,0.994020,0.262847,-1.300013,515.62,1.019665,9.0620,0.5220
197,0.002083,0.228757,802.16,563.41,1312.50,0.318920,0.015686,-1.197772,0.057443,0.637542,1.190050,0.381948,-1.069211,468.75,0.713406,6.2629,0.4436
203,0.002348,0.189825,726.16,556.13,1218.75,0.294683,0.019608,-1.069137,0.377659,0.681973,1.103997,0.050367,-1.144860,234.38,0.758775,6.2416,0.5502
208,0.002391,0.174158,691.05,560.45,1218.75,0.262255,0.027451,-0.859316,0.400215,0.847355,0.892657,0.037791,-1.318702,515.62,0.947390,8.0166,0.6013
213,0.001922,0.211195,659.78,567.32,1265.62,0.267767,0.019608,-0.125593,0.394278,0.617073,0.695615,-0.047354,-1.534019,515.62,0.921393,7.1410,0.7161
219,0.001571,0.166142,680.54,563.65,1218.75,0.271098,0.027451,0.064277,0.369739,0.239017,0.849037,-0.062955,-1.459115,140.62,0.899964,7.2944,0.7267
224,0.002246,0.163396,726.07,583.99,1265.62,0.296450,0.023529,-0.479555,0.375361,0.464237,0.805957,0.010320,-1.176321,468.75,0.666665,5.8866,0.6297
229,0.001723,0.168972,718.18,597.77,1265.62,0.302556,0.015686,-0.780010,0.315755,0.814091,0.755929,0.037536,-1.143301,515.62,0.860354,7.9452,0.5795
235,0.001505,0.118680,720.45,580.91,1265.62,0.298992,0.031373,-0.663957,0.173366,0.835262,0.908070,0.011799,-1.264540,515.62,0.814553,7.9821,0.5941
240,0.001611,0.193683,759.36,604.34,1312.50,0.309038,0.027451,-0.533036,0.160343,0.410199,0.884224,-0.030691,-0.891039,468.75,0.646679,6.7599,0.5682
245,0.001986,0.167605,745.76,615.16,1265.62,0.308038,0.027451,-0.731170,0.308301,0.620658,0.784594,-0.041797,-0.940586,468.75,0.649386,7.2308,0.5695
251,0.001310,0.215742,704.68,572.69,1265.62,0.295986,0.023529,-1.067140,0.332777,1.033566,0.869208,0.110597,-1.279007,515.62,0.810636,8.7346,0.5540
256,0.001319,0.113819,774.11,604.87,1312.50,0.308610,0.035294,-1.145946,0.118684,0.898876,0.937214,0.058369,-0.867197,515.62,0.749400,8.5387,0.4727
261,0.001750,0.208312,814.72,606.89,1359.38,0.336217,0.023529,-0.811434,0.013108,0.459209,0.921899,0.286462,-0.869244,468.75,0.619593,7.7391,0.4731
267,0.001885,0.211707,736.24,590.99,1312.50,0.316503,0.039216,-0.745725,0.344999,0.724616,0.753952,0.192227,-1.270069,468.75,0.625443,7.3199,0.5838
272,0.001145,0.215647,715.23,585.54,1312.50,0.284798,0.023529,-1.159112,0.388646,0.984779,0.819545,0.032969,-1.066826,515.62,0.760681,8.1477,0.5329
277,0.001129,0.109737,700.94,592.78,1265.62,0.291461,0.031373,-0.813770,0.397062,0.813013,0.821652,-0.168905,-1.049051,468.75,0.668263,7.8027,0.5988
283,0.001556,0.140477,803.67,606.76,1312.50,0.364493,0.027451,-0.604333,-0.096887,0.527600,0.964886,0.210404,-1.001670,468.75,0.596505,9.3382,0.5113
288,0.001524,0.258726,769.80,601.32,1312.50,0.334726,0.023529,-0.910819,0.214369,0.769295,0.798358,0.175085,-1.046289,468.75,0.592981,8.0344,0.5218
293,0.001050,0.201295,734.20,573.33,1312.50,0.273904,0.050980,-1.429988,0.339692,1.081772,1.014665,0.029827,-1.035968,515.62,0.697025,9.1808,0.4895
299,0.001133,0.101052,740.15,570.28,1312.50,0.283714,0.019608,-1.536949,0.347540,1.055547,1.066241,0.212269,-1.144648,468.75,0.625557,8.8414,0.4679
304,0.001435,0.171266,793.08,613.77,1359.38,0.343422,0.027451,-0.817927,0.112967,0.637562,0.819001,0.316793,-1.068396,468.75,0.571455,9.1018,0.5058
309,0.001351,0.231039,718.51,612.90,1312.50,0.301025,0.027451,-0.554170,0.253818,0.782836,0.705170,-0.049224,-1.138430,468.75,0.576022,8.4681,0.6091
315,0.001033,0.152979,659.24,566.54,1171.88,0.265873,0.035294,-0.596431,0.359767,0.947315,0.847348,-0.322906,-1.235093,515.62,0.663097,9.6085,0.6594
320,0.001027,0.126111,709.11,567.81,1218.75,0.285594,0.019608,-1.165582,0.304795,0.985343,0.955735,0.115062,-1.195353,468.75,0.590111,9.4706,0.5274
325,0.001307,0.171606,783.99,590.82,1312.50,0.329412,0.023529,-0.836136,-0.004535,0.697973,0.945084,0.320969,-1.123355,468.75,0.536935,9.6775,0.4952
331,0.001258,0.257677,685.24,590.05,1312.50,0.277431,0.019608,-0.425619,0.269541,0.821691,0.754729,-0.103329,-1.317014,468.75,0.549461,9.0005,0.6530
336,0.001024,0.157259,658.98,574.09,1218.75,0.275290,0.043137,-0.455902,0.316320,0.937375,0.812935,-0.216557,-1.394170,515.62,0.629884,10.0426,0.6760
341,0.000931,0.133305,728.17,581.72,1265.62,0.302380,0.035294,-1.081399,0.289585,0.956356,0.931141,0.189228,-1.284911,468.75,0.547163,9.5463,0.5379
347,0.001124,0.167849,746.56,611.05,1312.50,0.318720,0.027451,-0.647624,0.243336,0.636219,0.814232,0.120524,-1.166688,468.75,0.489675,9.4029,0.5796
352,0.001184,0.206166,648.49,580.47,1218.75,0.285753,0.023529,-0.567837,0.466723,0.943726,0.797496,-0.296928,-1.343180,468.75,0.523350,9.6629,0.6834
357,0.000936,0.167423,713.52,563.27,1218.75,0.290810,0.031373,-1.293043,0.175655,1.178431,1.098493,0.139961,-1.299498,515.62,0.589502,11.7692,0.5053
363,0.000721,0.163010,740.90,563.00,1265.62,0.282909,0.039216,-1.169862,0.139217,1.005470,1.085227,0.241417,-1.301469,468.75,0.518934,10.3688,0.5037
368,0.001126,0.181488,703.85,594.62,1265.62,0.283982,0.019608,-0.582507,0.400934,0.706002,0.824335,-0.023470,-1.325293,468.75,0.452272,10.1756,0.6419
373,0.001181,0.207980,652.99,571.19,1171.88,0.278296,0.019608,-0.531242,0.435721,0.922631,0.801888,-0.217500,-1.411497,468.75,0.480002,10.1336,0.6828
379,0.000685,0.187846,676.63,564.56,1218.75,0.272972,0.031373,-0.677326,0.339787,0.947235,0.919669,0.012581,-1.541947,515.62,0.567034,10.5991,0.6447
384,0.000857,0.077192,726.19,578.03,1218.75,0.306208,0.023529,-0.810173,0.115614,0.961687,1.067659,-0.002889,-1.331899,468.75,0.478689,10.5135,0.5794
389,0.001037,0.155944,689.10,608.28,1265.62,0.300005,0.023529,-0.593506,0.417990,0.762009,0.785242,-0.117240,-1.254495,468.75,0.412906,10.4295,0.6452
395,0.000985,0.216629,658.13,555.69,1171.88,0.269191,0.023529,-0.867345,0.402370,1.048639,0.931744,-0.114715,-1.400693,468.75,0.451546,10.6089,0.6284
400,0.000626,0.217700,690.23,548.02,1171.88,0.264853,0.031373,-0.641759,0.147662,0.968001,1.083053,-0.058427,-1.498530,515.62,0.531404,11.4396,0.6298
#END {"type":"keypress","session_id":"piano_b2a0d275b8479bf7","ms":125328,"path":"/raw_G#1_r01_124668.csv","rows":115}

----- END /raw_G#1_r01_124668.csv -----
----- BEGIN /raw_G#1_r02_127436.csv (17738 bytes) -----
#BEGIN {"type":"keypress","session_id":"piano_b2a0d275b8479bf7","ms":127643,"key":"G#1","rep":2,"reps_per_key":2,"fs_hz":48000,"hop":256,"n_fft":1024,"fmin":50.0,"fmax":3500.0,"lead_ms":150,"pre_ms":60,"post_ms":400,"stored_pre_ms":210,"pre_frames":40,"post_frames":75,"path":"/raw_G#1_r02_127436.csv"}
ms_from_event,rms,flux,centroid_hz,spread_hz,rolloff85_hz,flatness,zcr,band0,band1,band2,band3,band4,band5,peak_hz,peak_mag,peak_ratio,low_dom
-208,0.000269,0.092833,760.26,918.83,1828.12,0.379684,0.023529,-1.117762,1.254445,1.087133,-0.454717,-0.528152,-0.240947,234.38,0.142392,21.7974,0.6113
-203,0.000217,0.191519,685.70,864.97,1640.62,0.357961,0.050980,-0.651104,1.272337,1.026201,-0.579568,-0.657000,-0.410867,234.38,0.155863,20.9889,0.6994
-197,0.000210,0.126919,652.99,826.99,1546.88,0.336497,0.039216,-0.969697,1.396231,1.112133,-0.499786,-0.652725,-0.386156,234.38,0.168557,22.1031,0.6754
-192,0.000208,0.082095,719.13,881.35,1734.38,0.381275,0.058824,-1.296655,1.320570,1.129090,-0.351943,-0.587098,-0.213964,234.38,0.152157,22.2916,0.6017
-187,0.000250,0.172842,766.45,891.84,1828.12,0.424063,0.066667,-1.281025,1.201746,1.101451,-0.266040,-0.511828,-0.244304,234.38,0.136841,21.2225,0.5838
-181,0.000266,0.164264,671.84,854.76,1546.88,0.338013,0.039216,-1.095578,1.386485,1.181031,-0.420914,-0.679657,-0.371366,234.38,0.158718,22.4856,0.6617
-176,0.000194,0.166357,638.98,850.50,1171.88,0.291684,0.082353,-1.341365,1.511869,1.227818,-0.237599,-0.856466,-0.304257,234.38,0.177746,23.8795,0.6605
-171,0.000210,0.084150,695.57,889.93,1640.62,0.345058,0.031373,-1.325736,1.422708,1.207469,-0.316363,-0.731540,-0.256537,234.38,0.159896,23.4775,0.6324
-165,0.000233,0.126969,725.22,907.58,1781.25,0.356485,0.043137,-0.948671,1.286608,1.197679,-0.658202,-0.573764,-0.303650,234.38,0.137764,21.9084,0.6474
-160,0.000231,0.143914,677.30,887.30,1640.62,0.332312,0.047059,-0.895948,1.371875,1.186150,-0.647022,-0.715819,-0.299235,234.38,0.148484,22.7534,0.6782
-155,0.000212,0.157510,657.82,866.22,1500.00,0.328289,0.058824,-0.937406,1.398531,1.121760,-0.516040,-0.779243,-0.287601,234.38,0.158981,22.9000,0.6822
-149,0.000204,0.166796,716.72,913.47,1828.12,0.374458,0.058824,-0.566116,1.175722,0.971206,-0.553268,-0.731420,-0.296125,234.38,0.150450,20.4684,0.6939
-144,0.000271,0.123521,698.22,863.29,1593.75,0.377143,0.039216,-0.658686,1.195882,1.048174,-0.592039,-0.542688,-0.450642,234.38,0.145060,20.7893,0.6825
-139,0.000233,0.137182,656.51,842.11,1500.00,0.335642,0.090196,-1.109960,1.445743,1.231742,-0.654746,-0.497646,-0.415132,234.38,0.164861,23.1997,0.6512
-133,0.000216,0.148331,607.86,804.46,1218.75,0.316093,0.054902,-0.971157,1.420454,1.170958,-0.525945,-0.517988,-0.576321,234.38,0.173558,23.5005,0.6839
-128,0.000215,0.073005,594.95,756.81,1171.88,0.298198,0.043137,-0.928848,1.327606,1.149488,-0.269302,-0.580061,-0.698884,234.38,0.157405,23.1324,0.6982
-123,0.000251,0.098149,636.44,789.40,1406.25,0.332170,0.039216,-1.095672,1.320131,1.227883,-0.323241,-0.613081,-0.516019,234.38,0.144738,22.9786,0.6630
-117,0.000229,0.156755,590.81,775.52,1265.62,0.287487,0.007843,-0.776854,1.484269,1.239233,-0.745388,-0.681543,-0.519716,234.38,0.160274,24.1419,0.7220
-112,0.000188,0.148943,613.05,774.03,1359.38,0.315334,0.082353,-0.816381,1.420047,1.128880,-0.785428,-0.364383,-0.582735,234.38,0.164258,22.2080,0.6847
-107,0.000238,0.075990,705.05,830.16,1546.88,0.367847,0.039216,-0.987883,1.225232,1.054888,-0.546122,-0.283064,-0.463050,234.38,0.144044,21.7112,0.6205
-101,0.000256,0.133743,666.79,840.00,1312.50,0.358175,0.043137,-0.743924,1.229988,1.043066,-0.474544,-0.520322,-0.534265,234.38,0.146169,21.5059,0.6836
-96,0.000253,0.213949,642.70,861.49,1312.50,0.310682,0.023529,-0.765564,1.324574,1.142242,-0.382232,-0.920203,-0.398817,234.38,0.170089,21.3616,0.7189
-91,0.000202,0.088344,680.70,879.70,1593.75,0.337982,0.027451,-1.656928,1.496156,1.309624,-0.437929,-0.484678,-0.226246,234.38,0.177123,23.3863,0.5683
-85,0.000184,0.106072,679.22,843.45,1593.75,0.370938,0.066667,-1.047252,1.315130,1.121865,-0.430829,-0.530552,-0.428362,234.38,0.153279,21.8850,0.6487
-80,0.000278,0.108540,705.97,857.27,1781.25,0.372127,0.062745,-1.176101,1.241121,1.167412,-0.292866,-0.650834,-0.288733,234.38,0.136806,21.7201,0.6230
-75,0.000183,0.214133,597.20,779.03,1171.88,0.309780,0.050980,-0.569416,1.351855,1.053985,-0.444629,-0.798237,-0.593558,234.38,0.156344,21.8340,0.7478
-69,0.000185,0.089410,608.73,808.16,1359.38,0.301339,0.070588,-0.680725,1.484877,1.159407,-0.739531,-0.777489,-0.446540,234.38,0.157602,22.8411,0.7338
-64,0.000212,0.125197,752.19,921.62,1921.88,0.381432,0.039216,-1.150659,1.275176,1.087892,-0.430461,-0.576788,-0.205159,234.38,0.131274,22.4086,0.6114
-59,0.000246,0.176828,780.82,931.46,2015.62,0.421056,0.035294,-0.683531,1.093986,0.933301,-0.571854,-0.589930,-0.181972,234.38,0.130550,19.7306,0.6436
-53,0.000222,0.202046,687.32,856.78,1546.88,0.339302,0.078431,-1.636499,1.490347,1.313549,-0.539877,-0.488803,-0.138717,234.38,0.156396,22.6556,0.5599
-48,0.000182,0.107951,692.01,887.37,1640.62,0.329055,0.090196,-1.173301,1.505606,1.216177,-0.825691,-0.564824,-0.157967,234.38,0.161855,23.8019,0.6289
-43,0.000236,0.110361,718.21,878.59,1640.62,0.389134,0.023529,-1.133826,1.301038,1.124108,-0.615232,-0.319001,-0.357089,234.38,0.139731,21.9275,0.6039
-37,0.000287,0.230312,656.28,855.06,1500.00,0.367712,0.062745,-0.060359,1.125905,0.901792,-0.667741,-0.704706,-0.594890,234.38,0.131256,18.9895,0.7654
-32,0.000537,0.361334,486.79,739.60,796.88,0.257227,0.011765,0.647846,1.466784,0.677723,-0.908695,-1.081445,-0.802213,234.38,0.140308,14.4776,0.8807
-27,0.000508,0.288414,387.96,640.15,421.88,0.198244,0.011765,1.117990,1.563606,0.671252,-0.983907,-1.275410,-1.093532,140.62,0.205921,17.0466,0.9259
-21,0.000465,0.309480,367.18,631.41,375.00,0.174535,0.031373,1.292964,1.693747,0.461547,-1.034668,-1.509192,-0.904399,140.62,0.317990,19.7295,0.9370
-16,0.000271,0.084244,381.51,639.08,421.88,0.184244,0.035294,1.218854,1.592956,0.507245,-1.140881,-1.241774,-0.936401,140.62,0.308239,19.0122,0.9238
-11,0.000372,0.136325,453.64,671.39,609.38,0.238253,0.047059,0.679126,1.360339,0.812203,-0.795961,-1.071666,-0.984040,140.62,0.198986,15.0579,0.8857
-5,0.000352,0.091862,429.48,632.49,562.50,0.224032,0.019608,0.640368,1.403432,0.868575,-0.766342,-1.021375,-1.124659,234.38,0.180537,14.4447,0.8904
0,0.000495,0.153844,456.03,683.78,750.00,0.235422,0.027451,0.500303,1.415568,0.828293,-0.880704,-0.967531,-0.895929,234.38,0.183882,15.5235,0.8687
5,0.006250,0.862701,868.42,685.68,1640.62,0.477824,0.023529,-0.344202,-0.472012,0.267088,0.863622,0.386470,-0.700966,515.62,0.274213,3.8402,0.4376
11,0.006968,0.725571,717.12,664.50,1500.00,0.375877,0.019608,0.013631,0.164177,0.238799,0.697044,-0.109954,-1.003697,515.62,1.533636,6.0889,0.6560
16,0.006849,0.333310,621.76,619.22,1078.12,0.290374,0.023529,0.258361,0.449607,0.274615,0.674472,-0.484896,-1.172159,93.75,2.852210,7.9338,0.7654
21,0.005943,0.186765,686.02,580.59,1031.25,0.251766,0.015686,0.055445,0.086993,0.193464,1.116418,-0.366674,-1.085645,93.75,2.411009,7.0390,0.6894
27,0.006542,0.176266,700.31,571.85,1031.25,0.280146,0.027451,-0.041936,0.257350,0.021184,1.094408,-0.253279,-1.077727,562.50,2.402183,6.8365,0.6842
32,0.004314,0.191810,664.54,608.86,1171.88,0.310722,0.027451,0.076714,0.444507,0.288597,0.781967,-0.354439,-1.237346,93.75,2.343928,7.1288,0.7420
37,0.006980,0.185465,718.61,627.48,1359.38,0.309371,0.027451,-0.143068,0.176766,0.404128,0.893724,-0.280852,-1.050698,515.62,2.157319,6.6876,0.6643
43,0.007855,0.210546,726.36,604.70,1218.75,0.307255,0.011765,-0.172466,0.057265,0.271964,1.061796,-0.172567,-1.045992,609.38,2.161890,6.0643,0.6345
48,0.005483,0.213425,675.57,604.32,1171.88,0.269822,0.023529,0.278047,0.553170,-0.272821,0.800843,-0.141566,-1.217673,140.62,3.260224,9.1326,0.7494
53,0.005789,0.179303,645.27,616.03,1171.88,0.290404,0.027451,0.070928,0.511535,0.305987,0.684701,-0.401759,-1.171392,140.62,2.994498,8.5072,0.7461
59,0.007541,0.157159,712.35,608.04,1265.62,0.294142,0.023529,-0.280064,0.282575,0.381590,0.956494,-0.308484,-1.032112,140.62,2.106340,6.5183,0.6619
64,0.008762,0.262563,669.30,592.82,1171.88,0.273614,0.007843,0.150014,0.450625,0.027300,0.825597,-0.243120,-1.210418,140.62,3.483753,9.4641,0.7364
69,0.007303,0.251101,735.92,739.98,1453.12,0.419083,0.003922,0.256626,0.598354,-0.282926,0.377795,-0.158685,-0.791163,140.62,4.291085,10.6292,0.7114
75,0.004275,0.325825,849.92,800.63,1593.75,0.554264,0.019608,0.017327,0.274020,-0.052692,0.289091,0.095202,-0.622949,93.75,3.853554,7.5050,0.6010
80,0.005173,0.043463,799.44,759.55,1593.75,0.492294,0.027451,0.008583,0.284096,0.084123,0.329421,0.036163,-0.742385,93.75,2.378904,6.7404,0.6223
85,0.005203,0.208036,791.72,650.83,1546.88,0.328142,0.035294,-0.752751,0.196106,0.482170,0.897016,-0.115433,-0.707107,515.62,1.916065,6.7365,0.5332
91,0.003585,0.246603,752.18,633.11,1312.50,0.314676,0.019608,-0.171973,0.138600,0.283911,0.760635,-0.046837,-0.964336,468.75,1.830454,6.1837,0.6198
96,0.004521,0.149626,778.57,638.08,1546.88,0.340149,0.031373,-0.058604,0.062032,0.237866,0.729479,0.116651,-1.087426,93.75,1.954261,7.1718,0.6194
101,0.004284,0.110926,803.91,709.60,1687.50,0.354835,0.027451,-0.010827,0.183122,0.155572,0.376562,0.008635,-0.713064,93.75,1.816330,7.5877,0.6079
107,0.004013,0.254403,786.24,634.51,1406.25,0.329740,0.019608,-0.320412,-0.002302,0.402493,0.814048,-0.020422,-0.873405,515.62,1.845085,6.8568,0.5709
112,0.002411,0.160535,842.50,603.55,1546.88,0.320191,0.035294,-0.838753,-0.094202,0.576212,0.943357,0.438664,-1.025279,468.75,1.711090,7.2616,0.4568
117,0.004861,0.175521,924.12,667.36,1687.50,0.378339,0.027451,-0.847530,-0.307020,0.396895,0.902199,0.320698,-0.465242,468.75,1.445037,7.2037,0.3764
123,0.003660,0.249617,747.33,667.82,1406.25,0.321431,0.031373,-0.212979,0.350431,0.278940,0.522558,-0.127237,-0.811714,140.62,1.397352,6.3244,0.6314
128,0.003947,0.235871,711.84,582.59,1265.62,0.280468,0.019608,-0.202467,0.249514,0.425591,0.843745,0.045221,-1.361605,515.62,1.690380,6.6046,0.6641
133,0.003738,0.128084,830.35,663.07,1593.75,0.346144,0.007843,-0.448418,-0.109059,0.409568,0.766779,0.167900,-0.786769,468.75,1.629756,7.4287,0.5077
139,0.005128,0.234671,732.67,674.13,1546.88,0.322888,0.023529,0.092104,0.338768,0.109042,0.452901,-0.047501,-0.945312,140.62,1.831416,8.7726,0.6708
144,0.003491,0.240535,676.58,613.49,1312.50,0.285726,0.035294,0.058464,0.612307,0.238814,0.495393,0.023080,-1.428056,140.62,2.196669,9.0098,0.7384
149,0.003337,0.191015,765.34,638.07,1406.25,0.324750,0.070588,-0.319414,0.275820,0.434263,0.640714,0.066356,-1.097739,515.62,1.545753,6.4414,0.6210
155,0.003470,0.103477,749.07,665.33,1359.38,0.337831,0.019608,-0.435149,0.266790,0.485076,0.594561,-0.019790,-0.891488,468.75,1.448918,7.3348,0.5918
160,0.003850,0.211584,675.35,651.20,1312.50,0.318929,0.035294,0.109637,0.472728,0.235346,0.430367,-0.093709,-1.154370,140.62,1.632744,8.4514,0.7141
165,0.002904,0.195870,719.43,614.90,1312.50,0.297154,0.019608,-0.177053,0.305053,0.382870,0.666008,0.025180,-1.202059,468.75,1.214089,5.9428,0.6576
171,0.002833,0.165258,771.17,617.88,1312.50,0.338531,0.019608,-0.872349,0.156584,0.675084,0.875567,0.120163,-0.955049,515.62,1.454278,7.8658,0.5149
176,0.002160,0.102909,776.90,627.90,1312.50,0.361839,0.027451,-0.640727,0.050485,0.698872,0.798915,0.115446,-1.022991,468.75,1.353709,8.7081,0.5396
181,0.003579,0.182305,791.74,608.30,1359.38,0.329479,0.019608,-0.931484,0.126589,0.728853,0.838114,0.423875,-1.185947,468.75,1.164499,7.9816,0.4946
187,0.002981,0.241785,758.41,607.82,1312.50,0.323409,0.031373,-0.515308,0.160887,0.537554,0.783813,0.136576,-1.103522,468.75,1.119798,6.4764,0.5760
192,0.002449,0.185830,677.92,609.38,1265.62,0.298176,0.027451,-0.216045,0.404146,0.528469,0.656398,-0.158728,-1.214240,515.62,1.326511,7.5309,0.6858
197,0.003007,0.089422,701.42,594.73,1312.50,0.313649,0.023529,-0.435020,0.291738,0.715266,0.682003,0.108902,-1.362888,468.75,1.251915,8.2164,0.6354
203,0.002747,0.153144,756.27,584.97,1312.50,0.283609,0.023529,-0.575809,0.183794,0.567624,0.783206,0.219655,-1.178470,468.75,1.112220,7.8289,0.5704
208,0.002851,0.252172,673.09,583.00,1218.75,0.265803,0.035294,-0.160943,0.445193,0.428821,0.726268,-0.134068,-1.305272,140.62,1.210964,7.3880,0.7030
213,0.002385,0.123994,675.21,595.94,1265.62,0.293100,0.023529,-0.155512,0.373992,0.549415,0.649681,-0.090822,-1.326754,515.62,1.235996,7.6838,0.6938
219,0.002680,0.096381,727.13,610.66,1312.50,0.298805,0.015686,-0.502298,0.220547,0.694826,0.629734,0.157290,-1.200099,468.75,1.126290,7.8305,0.5940
224,0.002196,0.204074,722.90,609.16,1312.50,0.315006,0.031373,-0.094992,0.277710,0.356260,0.691427,0.047893,-1.278298,140.62,1.020454,7.4574,0.6696
229,0.002545,0.172769,732.02,624.81,1312.50,0.305549,0.019608,-0.339015,0.345650,0.424718,0.675477,-0.046239,-1.060592,468.75,1.011113,7.1461,0.6357
235,0.002022,0.157243,756.02,641.92,1312.50,0.355667,0.043137,-0.602565,0.204296,0.695490,0.656011,-0.011859,-0.941373,515.62,1.119052,8.2693,0.5689
240,0.002039,0.119859,744.49,622.21,1312.50,0.330306,0.023529,-0.750259,0.155996,0.816677,0.760875,0.114037,-1.097326,468.75,1.011495,8.3622,0.5485
245,0.002001,0.219966,794.62,671.81,1359.38,0.383770,0.015686,-0.223877,0.041332,0.312961,0.670682,-0.014895,-0.786203,468.75,0.915242,8.0286,0.5767
251,0.002248,0.201699,746.84,652.39,1312.50,0.341336,0.031373,-0.467862,0.283997,0.519954,0.616154,-0.053699,-0.898544,468.75,0.959492,7.8509,0.5949
256,0.001971,0.169295,760.35,612.97,1312.50,0.318586,0.019608,-1.141838,0.168970,1.008002,0.829471,0.199257,-1.063861,515.62,1.030584,9.5256,0.4865
261,0.001490,0.170474,775.71,635.60,1359.38,0.319228,0.027451,-0.781949,0.132783,0.749274,0.731135,0.037170,-0.868413,468.75,0.925306,8.5924,0.5227
267,0.002079,0.177958,807.58,644.11,1406.25,0.333365,0.027451,-0.319942,-0.037831,0.324685,0.716394,0.145542,-0.828847,468.75,0.862230,8.7744,0.5406
272,0.001949,0.215547,764.63,627.12,1312.50,0.336812,0.027451,-0.687487,0.090840,0.721867,0.741177,0.160270,-1.026667,468.75,0.908505,8.8633,0.5337
277,0.001534,0.182830,789.18,624.34,1359.38,0.327860,0.027451,-1.804721,0.154231,1.116840,0.948225,0.312934,-0.727509,515.62,0.956469,9.3563,0.3502
283,0.001771,0.148991,779.42,637.11,1359.38,0.327290,0.027451,-0.744818,-0.007379,0.760927,0.809286,-0.036123,-0.781893,468.75,0.848705,9.2775,0.5082
288,0.001932,0.215293,788.71,661.96,1312.50,0.392321,0.023529,-0.623934,0.111538,0.466829,0.761884,0.097248,-0.813565,468.75,0.801928,9.3548,0.5255
293,0.001783,0.250018,720.59,618.74,1312.50,0.300720,0.019608,-0.515756,0.263909,0.709060,0.617037,0.000557,-1.074806,468.75,0.854742,8.5757,0.6014
299,0.001086,0.151605,736.70,617.30,1359.38,0.305427,0.027451,-0.789181,0.191651,0.869528,0.766497,-0.088587,-0.949908,515.62,0.885188,9.0297,0.5549
304,0.001475,0.087580,784.30,621.46,1359.38,0.344702,0.019608,-0.933091,0.062242,0.782297,0.881985,0.139544,-0.932978,468.75,0.794478,9.6116,0.4903
309,0.001690,0.101753,829.88,629.06,1406.25,0.369989,0.019608,-0.727725,-0.144210,0.617134,0.822721,0.361354,-0.929275,468.75,0.766804,10.7841,0.4621
315,0.001450,0.241758,791.68,617.58,1359.38,0.330219,0.019608,-1.156976,0.025581,0.950944,0.868333,0.206805,-0.894687,468.75,0.818927,10.4821,0.4448
320,0.001004,0.112862,769.40,608.02,1312.50,0.294381,0.054902,-1.401454,0.084779,1.057870,1.050154,0.014184,-0.805533,515.62,0.814737,10.7787,0.4347
325,0.001578,0.109994,788.65,626.60,1312.50,0.356157,0.015686,-1.186168,-0.016179,0.915868,0.957555,0.183807,-0.854883,468.75,0.724575,11.0562,0.4340
331,0.001446,0.225942,791.65,622.95,1312.50,0.359969,0.023529,-0.843831,0.080956,0.690285,0.796095,0.315232,-1.038736,468.75,0.699746,10.1341,0.4951
336,0.001336,0.214558,734.30,603.53,1359.38,0.295499,0.023529,-1.019618,0.282522,0.925669,0.808370,0.109899,-1.106842,468.75,0.765847,10.0255,0.5324
341,0.001050,0.104011,754.13,585.98,1312.50,0.299277,0.039216,-1.559477,0.112734,1.138417,1.119545,0.157076,-0.968294,515.62,0.769422,11.3690,0.4212
347,0.001331,0.147019,775.88,619.73,1359.38,0.333952,0.023529,-0.739359,-0.003835,0.803859,0.854087,0.240082,-1.154835,468.75,0.678080,10.9306,0.5214
352,0.001343,0.187162,770.25,626.37,1359.38,0.333411,0.035294,-0.313910,-0.050518,0.588162,0.738170,0.144859,-1.106762,468.75,0.653408,10.3548,0.5741
357,0.001306,0.203460,690.26,600.17,1218.75,0.300658,0.019608,-0.633511,0.254375,0.900801,0.815457,-0.189750,-1.147372,468.75,0.722539,10.9565,0.6175
363,0.001066,0.093777,709.67,577.14,1218.75,0.290280,0.027451,-1.188653,0.123308,1.130084,1.086042,-0.013569,-1.137211,515.62,0.730832,12.1813,0.5107
368,0.001134,0.145923,790.99,591.95,1359.38,0.284150,0.019608,-1.413634,0.031776,1.007320,1.026310,0.398052,-1.049823,468.75,0.649951,11.6840,0.4097
373,0.001383,0.190023,745.29,630.92,1406.25,0.317101,0.019608,-0.685329,0.211907,0.730375,0.770914,0.043080,-1.070948,468.75,0.601429,10.7170,0.5689
379,0.001237,0.220894,659.76,599.60,1218.75,0.290983,0.031373,-0.382009,0.408923,0.808770,0.719427,-0.248531,-1.306580,468.75,0.660569,10.2362,0.6880
384,0.001041,0.118212,711.39,573.93,1265.62,0.270139,0.015686,-0.509433,0.087247,0.878371,0.895392,0.086279,-1.437856,515.62,0.689175,11.6205,0.6141
389,0.000914,0.136333,737.09,605.05,1265.62,0.324304,0.035294,-0.587546,0.085198,0.775248,0.884089,-0.014848,-1.142141,468.75,0.605762,11.2022,0.5811
395,0.001290,0.110935,743.09,621.61,1500.00,0.310309,0.019608,-0.781917,0.225191,0.776702,0.873544,-0.062851,-1.030668,468.75,0.562179,11.7111,0.5667
400,0.001118,0.217107,709.60,584.70,1218.75,0.292853,0.035294,-1.154687,0.237017,1.050899,1.057738,-0.052142,-1.138825,468.75,0.615730,12.0117,0.5341
#END {"type":"keypress","session_id":"piano_b2a0d275b8479bf7","ms":128096,"path":"/raw_G#1_r02_127436.csv","rows":115}

----- END /raw_G#1_r02_127436.csv -----
=== KEY_DUMP_END key=G#1 ===
NEXT: A1
PRESS A1  rep 1/2  then hit Enter
stop
STOP
> start C4 5
START: from C4 -> end reps/key=5 pre=60 lead=150 post=400 (stored_pre=210)
PRESS C4  rep 1/5  then hit Enter
> 
> REC OK: /raw_C4_r01_144892.csv
PRESS C4  rep 2/5  then hit Enter

> REC OK: /raw_C4_r02_147298.csv
PRESS C4  rep 3/5  then hit Enter

> REC OK: /raw_C4_r03_149831.csv
PRESS C4  rep 4/5  then hit Enter

> REC OK: /raw_C4_r04_152151.csv
PRESS C4  rep 5/5  then hit Enter

> REC OK: /raw_C4_r05_155036.csv
=== KEY_DUMP_BEGIN key=C4 files=5 ===
----- BEGIN /raw_C4_r01_144892.csv (17832 bytes) -----
#BEGIN {"type":"keypress","session_id":"piano_b2a0d275b8479bf7","ms":145100,"key":"C4","rep":1,"reps_per_key":5,"fs_hz":48000,"hop":256,"n_fft":1024,"fmin":50.0,"fmax":3500.0,"lead_ms":150,"pre_ms":60,"post_ms":400,"stored_pre_ms":210,"pre_frames":40,"post_frames":75,"path":"/raw_C4_r01_144892.csv"}
ms_from_event,rms,flux,centroid_hz,spread_hz,rolloff85_hz,flatness,zcr,band0,band1,band2,band3,band4,band5,peak_hz,peak_mag,peak_ratio,low_dom
-208,0.000049,0.267821,1222.11,1160.68,2859.38,0.643169,0.368627,0.503215,-0.165665,-0.678144,-0.225114,0.071109,0.494600,234.38,0.006651,2.4572,0.4715
-203,0.000059,0.262747,1156.47,1120.58,2718.75,0.639304,0.294118,0.485626,0.231624,-0.625177,-0.523911,0.131412,0.300426,1359.38,0.008287,2.7116,0.5356
-197,0.000058,0.239449,1421.08,1078.86,2812.50,0.788957,0.352941,0.007838,0.101179,-0.810852,-0.337879,0.490363,0.549353,140.62,0.017578,5.9530,0.3857
-192,0.000076,0.192889,1359.05,1081.21,2671.88,0.707915,0.133333,0.150266,0.013310,-0.847152,-0.457690,0.544818,0.596447,140.62,0.011666,4.3290,0.3802
-187,0.000075,0.229859,1345.47,1126.82,2812.50,0.726868,0.168627,0.368710,-0.319195,-0.651614,-0.249760,0.144354,0.707506,328.12,0.004564,1.7283,0.4010
-181,0.000052,0.258047,1207.17,1165.66,2812.50,0.668445,0.356863,0.261932,-0.019306,-0.256652,-0.179155,-0.275276,0.468458,140.62,0.013245,4.8380,0.5062
-176,0.000054,0.235770,1207.34,1119.52,2765.62,0.693233,0.317647,0.011955,0.197086,-0.107086,-0.407371,-0.047202,0.352618,328.12,0.008928,3.0485,0.4880
-171,0.000050,0.173232,1423.24,1099.37,2812.50,0.768573,0.368627,-0.462257,-0.066356,-0.124069,-0.180989,0.238563,0.595107,281.25,0.009469,3.6274,0.3360
-165,0.000080,0.235796,1437.15,1143.68,2859.38,0.719474,0.262745,-0.495446,0.030421,0.229438,-0.478492,-0.043837,0.757915,328.12,0.012000,4.6748,0.3567
-160,0.000067,0.341848,1138.79,1059.38,2625.00,0.628359,0.231373,-0.767287,0.218836,0.729429,-0.272920,-0.237814,0.329756,328.12,0.026624,8.1590,0.4206
-155,0.000085,0.214742,1080.69,1028.12,2578.12,0.609978,0.156863,-0.756694,0.062879,0.762642,-0.136884,-0.136993,0.205050,328.12,0.035773,9.7272,0.4059
-149,0.000083,0.149481,1053.71,1009.59,2484.38,0.592692,0.215686,-1.114878,0.119775,0.964195,-0.084689,-0.083391,0.198989,328.12,0.039991,11.3899,0.3646
-144,0.000071,0.257838,1147.00,1090.43,2718.75,0.590679,0.254902,-1.111651,0.265081,0.819118,-0.114235,-0.175337,0.317023,281.25,0.042513,11.2470,0.3789
-139,0.000060,0.117906,1107.27,1058.91,2625.00,0.568928,0.305882,-1.146378,0.268975,0.838938,-0.112434,-0.109549,0.260447,281.25,0.039203,11.2986,0.3742
-133,0.000049,0.151664,1206.56,1065.60,2671.88,0.642827,0.443137,-0.983187,0.196510,0.622111,-0.270796,0.081367,0.353995,281.25,0.027522,9.3291,0.3518
-128,0.000058,0.213468,1359.77,1092.77,2718.75,0.723398,0.313726,-0.828207,0.056794,0.328807,-0.236534,0.089417,0.589722,234.38,0.013964,5.1725,0.3262
-123,0.000069,0.225843,1381.17,1084.27,2812.50,0.810063,0.172549,-0.602350,-0.248898,0.083978,0.059250,0.127368,0.580654,234.38,0.008135,2.8758,0.3144
-117,0.000068,0.175136,1337.79,1085.73,2671.88,0.779977,0.231373,0.028117,-0.402823,-0.339686,-0.216424,0.375356,0.555461,140.62,0.006783,2.6983,0.3424
-112,0.000055,0.155964,1245.48,1039.94,2625.00,0.721925,0.286275,0.111835,-0.398431,-0.458806,-0.062009,0.419647,0.387762,187.50,0.006047,2.4618,0.3666
-107,0.000046,0.202040,1384.08,1078.95,2718.75,0.725122,0.407843,-0.181425,-0.300267,-0.336237,-0.125699,0.314380,0.629246,187.50,0.008046,3.3106,0.3290
-101,0.000058,0.188731,1415.16,1102.00,2718.75,0.754205,0.290196,0.135656,-0.198088,-0.729349,-0.285496,0.342004,0.735275,2015.62,0.004496,2.0465,0.3613
-96,0.000063,0.258255,1437.38,1083.83,2765.62,0.733437,0.258824,-0.175019,-0.454780,-0.107083,-0.303692,0.279000,0.761576,140.62,0.006533,2.6647,0.3025
-91,0.000074,0.258211,1357.91,1133.44,2812.50,0.751410,0.266667,0.122797,-0.298015,-0.254060,-0.271310,0.123176,0.577415,421.88,0.006643,2.4536,0.3922
-85,0.000063,0.228353,1231.95,1129.32,2718.75,0.696658,0.223529,-0.001997,0.184946,0.063704,-0.630539,0.002968,0.380918,140.62,0.013166,4.9932,0.4749
-80,0.000052,0.287730,1073.77,1088.36,2625.00,0.642779,0.400000,-0.083362,0.544731,0.251017,-0.631817,-0.282664,0.202093,140.62,0.020957,6.4756,0.5673
-75,0.000057,0.120599,1163.00,1096.63,2625.00,0.646238,0.329412,0.085576,0.287220,-0.080393,-0.417508,-0.186238,0.311341,140.62,0.017806,6.6999,0.5309
-69,0.000077,0.211816,1313.80,1094.31,2765.62,0.738647,0.223529,-0.417423,-0.154831,0.322396,-0.374462,0.084502,0.539818,328.12,0.016712,7.1582,0.3547
-64,0.000080,0.337317,1201.61,1096.76,2812.50,0.638685,0.235294,-0.914205,-0.131370,0.833804,-0.141000,-0.138806,0.491578,328.12,0.030304,10.6716,0.3320
-59,0.000064,0.265943,1109.65,1066.22,2671.88,0.603584,0.313726,-0.753610,-0.150906,0.825696,-0.124413,-0.111514,0.314748,328.12,0.041740,11.9847,0.3650
-53,0.000048,0.189934,1114.61,1051.73,2578.12,0.655678,0.392157,-0.848687,0.046300,0.791187,-0.111094,-0.145082,0.267375,328.12,0.030954,8.9951,0.3864
-48,0.000075,0.153922,1208.63,1059.95,2718.75,0.690450,0.109804,-0.452925,0.150856,0.260591,-0.148301,-0.064367,0.254146,281.25,0.015040,5.8761,0.4388
-43,0.000073,0.272835,1214.17,1093.18,2812.50,0.679241,0.121569,0.071118,0.053043,-0.184207,-0.304365,0.128625,0.235786,281.25,0.009121,3.4213,0.4700
-37,0.000062,0.255069,1197.64,1131.19,2765.62,0.661657,0.321569,0.284395,0.034134,-0.403834,-0.415668,0.158900,0.342073,140.62,0.011905,4.3838,0.4772
-32,0.000110,0.276818,1114.57,1097.03,2578.12,0.651260,0.113725,0.250393,0.361952,-0.273785,-0.570864,0.131566,0.100737,140.62,0.021934,7.1919,0.5474
-27,0.000102,0.333646,996.23,1048.54,2437.50,0.594374,0.203922,0.413244,0.687798,-0.524242,-0.683774,0.050313,0.056663,140.62,0.045863,11.5904,0.6218
-21,0.000116,0.210571,907.21,1050.67,2390.62,0.510145,0.094118,0.536304,0.853750,-0.329110,-0.751802,-0.318509,0.009367,140.62,0.061869,14.4276,0.7005
-16,0.000120,0.152301,819.95,1001.10,2203.12,0.453969,0.137255,0.564999,0.992000,-0.080977,-1.045537,-0.377652,-0.052833,140.62,0.068768,16.3182,0.7298
-11,0.000097,0.265133,732.48,935.93,1968.75,0.436974,0.203922,0.609869,0.940569,0.026034,-0.746667,-0.561757,-0.268049,140.62,0.061056,11.8925,0.7668
-5,0.000134,0.198501,858.79,1017.12,2296.88,0.498678,0.090196,0.317622,0.671853,0.301521,-0.549377,-0.560049,-0.181570,140.62,0.042480,9.3749,0.7038
0,0.000218,0.339034,866.13,1012.33,2250.00,0.508757,0.078431,0.373388,0.769068,0.113253,-0.669689,-0.430777,-0.155242,140.62,0.071623,12.3169,0.7035
5,0.017161,0.973167,737.61,720.25,1500.00,0.474410,0.007843,-0.314909,0.440736,0.526224,0.290125,-0.082528,-0.859648,234.38,1.183285,5.4603,0.6304
11,0.013808,0.641968,681.41,698.33,1406.25,0.375174,0.011765,-0.540504,0.720877,0.711747,0.307920,-0.222372,-0.977669,234.38,5.516377,9.4130,0.6660
16,0.014906,0.229466,638.48,660.41,1218.75,0.258005,0.007843,-1.132589,0.909579,1.057441,0.507542,-0.293389,-1.048584,234.38,9.080210,14.3486,0.6363
21,0.016739,0.035618,647.21,654.57,1218.75,0.173509,0.011765,-1.981685,1.049167,1.312942,0.717978,-0.174155,-0.924248,234.38,9.279490,16.6458,0.5207
27,0.013050,0.024430,648.97,659.35,1218.75,0.179461,0.011765,-2.493063,1.153759,1.429409,0.822638,-0.121238,-0.791504,234.38,9.251217,16.6128,0.4469
32,0.013769,0.018799,654.78,665.26,1218.75,0.192070,0.007843,-2.295049,1.116369,1.369594,0.767943,-0.156835,-0.802021,234.38,9.146771,16.5670,0.4725
37,0.013045,0.026066,659.49,665.15,1265.62,0.192568,0.011765,-2.240394,1.119697,1.321821,0.726045,-0.130453,-0.796716,234.38,8.854196,16.7345,0.4758
43,0.011467,0.030113,672.66,673.24,1406.25,0.201822,0.011765,-2.286103,1.124127,1.269881,0.725867,-0.078050,-0.755723,234.38,8.394747,17.0757,0.4591
48,0.011782,0.019658,686.30,682.01,1453.12,0.200513,0.007843,-2.404766,1.127670,1.248986,0.761702,-0.028809,-0.704783,234.38,7.816629,17.2881,0.4325
53,0.011261,0.068288,657.47,663.39,1218.75,0.207487,0.011765,-1.638834,1.012652,1.142099,0.641351,-0.259727,-0.897541,234.38,7.590485,16.5571,0.5660
59,0.011564,0.045339,652.88,646.90,1078.12,0.195855,0.007843,-1.874998,1.028616,1.197412,0.746505,-0.224209,-0.873327,234.38,7.240362,15.8144,0.5314
64,0.007992,0.062799,661.51,637.12,1078.12,0.204369,0.019608,-1.494657,0.859552,1.109511,0.764088,-0.281181,-0.957313,234.38,6.530523,14.5363,0.5749
69,0.007195,0.170545,713.91,703.22,1500.00,0.357696,0.019608,-1.447966,0.749672,1.008420,0.661514,-0.267717,-0.703922,234.38,5.141761,10.8631,0.5341
75,0.007729,0.237263,825.34,803.11,1781.25,0.500682,0.011765,-1.227269,0.457181,0.805999,0.457455,-0.156779,-0.336586,187.50,3.251536,7.3066,0.4655
80,0.008090,0.173304,747.42,746.85,1687.50,0.392230,0.015686,-1.289168,0.767760,0.936225,0.400104,-0.235550,-0.579370,234.38,4.132550,11.2129,0.5366
85,0.005036,0.059087,680.14,676.45,1453.12,0.240917,0.019608,-1.284798,0.914561,1.002823,0.484109,-0.239841,-0.876854,234.38,4.698686,15.0058,0.5922
91,0.007693,0.084013,677.88,671.27,1453.12,0.240342,0.007843,-0.735301,0.809357,0.786930,0.392142,-0.177823,-1.075305,234.38,4.060052,13.6879,0.6601
96,0.004690,0.078358,664.49,662.47,1453.12,0.233537,0.019608,-0.524255,0.816860,0.693778,0.353085,-0.172920,-1.166547,234.38,3.732812,12.4781,0.6934
101,0.005370,0.061064,661.99,673.90,1453.12,0.241645,0.015686,-0.258214,0.832387,0.560097,0.190730,-0.143591,-1.181408,234.38,3.080587,11.4091,0.7210
107,0.004359,0.043432,662.78,683.59,1453.12,0.246025,0.019608,-0.196952,0.836932,0.517205,0.130419,-0.125206,-1.162397,234.38,2.599347,10.3768,0.7239
112,0.005070,0.048529,709.21,691.22,1500.00,0.266210,0.011765,-0.255247,0.713540,0.521188,0.205571,-0.023682,-1.161371,234.38,2.245187,10.3900,0.6946
117,0.003416,0.129122,644.77,658.82,1453.12,0.228492,0.011765,-0.278131,0.944955,0.527924,0.140395,-0.052183,-1.282959,234.38,2.525004,11.5632,0.7313
123,0.005659,0.036711,668.43,683.22,1453.12,0.239008,0.011765,-0.251636,0.872545,0.604411,0.048569,-0.059936,-1.213952,234.38,2.440699,13.1746,0.7206
128,0.002680,0.170623,582.35,645.68,1218.75,0.210235,0.011765,0.086647,1.046058,0.488331,-0.002197,-0.219262,-1.399577,234.38,2.274031,11.0999,0.7983
133,0.003658,0.078037,598.69,661.17,1265.62,0.234013,0.015686,0.312629,1.009935,0.225921,0.077472,-0.212245,-1.413711,140.62,2.451837,13.5613,0.8137
139,0.002426,0.032120,603.64,661.37,1265.62,0.250183,0.015686,0.363740,0.978842,0.206760,0.030989,-0.117110,-1.463222,140.62,2.071275,13.8920,0.8118
144,0.002320,0.034871,640.57,702.61,1453.12,0.248632,0.007843,0.344395,0.887356,0.161200,0.037422,-0.097881,-1.332493,140.62,1.738701,14.1769,0.7910
149,0.002139,0.124025,654.88,691.03,1265.62,0.260250,0.019608,-0.105977,0.842458,0.441004,0.209278,-0.093986,-1.292778,140.62,1.145370,9.9054,0.7430
155,0.001853,0.056488,725.92,679.77,1453.12,0.247665,0.015686,-0.295234,0.574931,0.573548,0.349885,0.051128,-1.254257,234.38,0.912775,9.2896,0.6773
160,0.001644,0.141397,685.38,652.16,1265.62,0.219962,0.035294,-0.313978,0.719690,0.430768,0.361007,0.104065,-1.301552,187.50,0.872673,8.6292,0.6903
165,0.001680,0.079451,737.26,677.10,1406.25,0.261992,0.035294,-0.100580,0.570518,0.261935,0.345119,0.141873,-1.218865,140.62,0.852071,9.7683,0.6843
171,0.002409,0.096449,723.63,692.48,1265.62,0.242431,0.007843,0.107074,0.686617,-0.076999,0.276004,0.175515,-1.168210,140.62,0.955377,11.5190,0.7095
176,0.001495,0.127514,659.96,677.20,1265.62,0.254610,0.019608,0.243419,0.830510,-0.087396,0.220396,0.042017,-1.248946,140.62,1.209740,13.7638,0.7578
181,0.002615,0.072293,599.77,645.89,1218.75,0.236455,0.015686,0.307877,0.929041,0.148446,0.154930,-0.106520,-1.433774,140.62,1.204169,13.9308,0.8004
187,0.000908,0.057342,555.79,635.46,1218.75,0.208880,0.027451,0.448404,1.045224,0.208173,0.003275,-0.173694,-1.531382,140.62,1.215687,14.4689,0.8319
192,0.001041,0.097521,545.95,619.83,1218.75,0.203673,0.023529,0.338942,1.101445,0.313260,-0.069821,-0.118143,-1.565683,140.62,0.947789,11.7123,0.8267
197,0.001040,0.046843,731.63,686.23,1453.12,0.277281,0.031373,-0.056395,0.646198,0.376893,0.135680,0.170574,-1.272950,140.62,0.533478,10.5530,0.6997
203,0.000700,0.184767,716.45,701.71,1500.00,0.255067,0.043137,0.013092,0.915329,-0.099066,0.017156,0.314812,-1.161323,187.50,0.607783,13.4913,0.7084
208,0.000864,0.082900,737.88,747.06,1593.75,0.302251,0.039216,0.288963,0.841233,-0.264132,-0.127268,0.274935,-1.013731,140.62,0.501781,12.8792,0.7180
213,0.000823,0.085522,708.44,780.33,1640.62,0.315753,0.007843,0.524857,0.858979,-0.307158,-0.297052,0.187882,-0.967507,140.62,0.479069,13.6583,0.7468
219,0.000574,0.224147,635.22,720.53,1500.00,0.265403,0.050980,0.164796,1.040241,0.214568,-0.410939,0.068431,-1.077097,187.50,0.482767,13.7968,0.7515
224,0.000761,0.104018,701.22,731.84,1500.00,0.300728,0.015686,-0.020256,0.825173,0.462947,-0.275123,0.032928,-1.025670,234.38,0.344411,11.5613,0.7107
229,0.000454,0.222804,686.23,736.92,1500.00,0.304274,0.031373,0.313195,0.837606,-0.048173,-0.118770,-0.054451,-0.929406,140.62,0.361039,11.3544,0.7441
235,0.000323,0.099112,705.70,731.63,1500.00,0.294648,0.050980,0.428268,0.709301,-0.160661,-0.089182,0.030849,-0.918575,140.62,0.334049,11.0870,0.7335
240,0.000404,0.064954,846.94,753.94,1687.50,0.379929,0.058824,0.058527,0.318069,-0.156668,0.173776,0.292822,-0.686526,93.75,0.158967,6.4846,0.5951
245,0.000554,0.123494,895.39,770.49,1687.50,0.363471,0.047059,-0.307711,0.298808,0.120008,0.150179,0.334322,-0.595606,234.38,0.163287,7.7637,0.5315
251,0.000543,0.251668,717.63,715.78,1500.00,0.314681,0.019608,-0.079371,0.736903,0.207460,-0.064727,0.155782,-0.956047,234.38,0.258029,10.1231,0.6746
256,0.001011,0.138462,669.83,683.27,1453.12,0.269447,0.007843,-0.125594,0.772601,0.566037,-0.146825,0.052486,-1.118706,234.38,0.323674,13.0521,0.7020
261,0.000577,0.309002,558.13,633.98,1218.75,0.215513,0.035294,0.093402,1.098927,0.532667,-0.207862,-0.216805,-1.300329,234.38,0.450630,13.9585,0.7949
267,0.001043,0.093057,582.40,667.66,1218.75,0.245806,0.023529,-0.040490,1.077524,0.678095,-0.321863,-0.234242,-1.159024,234.38,0.496627,15.9730,0.7712
272,0.000478,0.121671,516.91,648.44,1078.12,0.212553,0.011765,0.270489,1.220871,0.612735,-0.431417,-0.438778,-1.233901,234.38,0.492292,15.2799,0.8295
277,0.000837,0.099045,529.94,661.93,1031.25,0.233630,0.043137,0.224359,1.120968,0.640956,-0.310203,-0.504709,-1.171371,234.38,0.377711,12.4176,0.8192
283,0.000601,0.048136,518.38,644.39,984.38,0.218368,0.007843,0.224850,1.131920,0.621139,-0.199683,-0.607878,-1.170349,234.38,0.341805,12.1494,0.8274
288,0.000757,0.073916,534.02,646.57,984.38,0.234078,0.007843,0.208204,1.057497,0.678303,-0.128047,-0.670527,-1.145430,234.38,0.381543,14.5107,0.8236
293,0.000839,0.175482,551.85,634.44,984.38,0.245244,0.011765,-0.447277,1.165083,0.880939,0.035984,-0.531122,-1.103608,234.38,0.452435,17.3187,0.7643
299,0.000949,0.141764,534.72,607.34,984.38,0.209243,0.023529,-0.795680,1.230644,1.121265,0.106643,-0.561571,-1.101302,234.38,0.566438,21.3107,0.7406
304,0.000728,0.162209,480.50,582.44,937.50,0.193207,0.011765,-0.295294,1.310273,1.003952,-0.130594,-0.628270,-1.260068,234.38,0.601463,20.1136,0.8103
309,0.000599,0.063937,497.75,613.11,984.38,0.207306,0.011765,-0.079398,1.216380,0.941796,-0.159845,-0.630956,-1.287977,234.38,0.546704,19.8443,0.8217
315,0.000770,0.055597,529.17,643.27,984.38,0.216646,0.007843,-0.331720,1.213489,0.958493,-0.135427,-0.556239,-1.148596,234.38,0.433980,18.4059,0.7847
320,0.000581,0.180872,524.69,637.80,984.38,0.242524,0.027451,0.159090,1.105402,0.841234,-0.262489,-0.601258,-1.241979,234.38,0.367459,15.2751,0.8255
325,0.000777,0.104222,522.46,640.91,1171.88,0.219745,0.007843,0.035690,1.218064,0.924926,-0.522951,-0.512408,-1.143321,234.38,0.422540,17.2749,0.8107
331,0.000815,0.079353,524.24,645.38,1171.88,0.214192,0.019608,-0.180879,1.270010,0.989163,-0.505606,-0.488898,-1.083791,234.38,0.467340,19.4178,0.7910
336,0.000727,0.123252,477.15,621.13,984.38,0.200201,0.007843,0.073467,1.296584,0.995560,-0.606348,-0.565600,-1.193663,234.38,0.508603,20.2006,0.8270
341,0.000497,0.036948,491.17,627.62,1031.25,0.201900,0.035294,-0.059785,1.307601,1.024777,-0.639007,-0.469209,-1.164378,234.38,0.495835,20.4465,0.8086
347,0.000657,0.089391,544.01,661.48,1171.88,0.241014,0.019608,-0.292403,1.203207,0.992881,-0.371766,-0.448026,-1.083893,234.38,0.417208,18.4142,0.7723
352,0.000383,0.074145,564.34,697.04,1218.75,0.258041,0.007843,-0.065276,1.118328,0.874157,-0.423232,-0.421998,-1.081979,234.38,0.361691,16.8500,0.7822
357,0.000481,0.048262,566.04,691.38,1218.75,0.271180,0.031373,-0.011756,1.065232,0.810080,-0.294171,-0.390236,-1.179149,234.38,0.308049,15.0170,0.7878
363,0.000467,0.056731,620.31,722.53,1218.75,0.304924,0.023529,-0.404166,0.972509,0.806821,-0.052244,-0.286097,-1.036823,234.38,0.283277,15.6449,0.7202
368,0.000541,0.119025,591.81,698.90,1171.88,0.287134,0.035294,-0.287685,0.954761,0.824607,-0.042023,-0.391948,-1.057713,234.38,0.296623,16.3367,0.7424
373,0.000373,0.088996,611.07,717.95,1218.75,0.294198,0.050980,-0.250927,0.926023,0.792064,-0.117597,-0.348146,-1.001417,234.38,0.295872,15.6130,0.7335
379,0.000370,0.073932,594.88,687.24,1171.88,0.265055,0.015686,-0.253631,0.948366,0.756704,-0.094794,-0.278556,-1.078089,234.38,0.281707,14.9525,0.7361
384,0.000290,0.067373,695.06,744.69,1265.62,0.343758,0.043137,-0.344326,0.715586,0.617369,0.042427,-0.119185,-0.911871,234.38,0.231425,14.2684,0.6684
389,0.000374,0.106103,680.46,740.71,1265.62,0.338468,0.043137,-0.215604,0.792447,0.472025,-0.017545,-0.074991,-0.956332,234.38,0.214458,13.5567,0.6908
395,0.000296,0.090552,708.40,716.93,1265.62,0.339795,0.078431,-0.717793,0.807573,0.681531,0.153895,0.047517,-0.972722,234.38,0.216240,14.6423,0.6242
400,0.000227,0.064536,736.47,743.28,1265.62,0.359241,0.105882,-0.776836,0.777351,0.673441,0.156204,0.046125,-0.876285,234.38,0.200943,13.9515,0.6024
#END {"type":"keypress","session_id":"piano_b2a0d275b8479bf7","ms":145552,"path":"/raw_C4_r01_144892.csv","rows":115}

----- END /raw_C4_r01_144892.csv -----
----- BEGIN /raw_C4_r02_147298.csv (17830 bytes) -----
#BEGIN {"type":"keypress","session_id":"piano_b2a0d275b8479bf7","ms":147505,"key":"C4","rep":2,"reps_per_key":5,"fs_hz":48000,"hop":256,"n_fft":1024,"fmin":50.0,"fmax":3500.0,"lead_ms":150,"pre_ms":60,"post_ms":400,"stored_pre_ms":210,"pre_frames":40,"post_frames":75,"path":"/raw_C4_r02_147298.csv"}
ms_from_event,rms,flux,centroid_hz,spread_hz,rolloff85_hz,flatness,zcr,band0,band1,band2,band3,band4,band5,peak_hz,peak_mag,peak_ratio,low_dom
-208,0.000114,0.130049,908.61,1003.65,2343.75,0.450181,0.109804,-1.284109,0.988155,1.115219,-0.367106,-0.612452,0.160294,281.25,0.076068,16.2601,0.5195
-203,0.000110,0.114487,960.36,1040.99,2390.62,0.476867,0.117647,-1.203129,0.955861,1.082579,-0.438009,-0.682381,0.285079,234.38,0.066667,14.8243,0.5187
-197,0.000171,0.194799,923.72,1046.13,2437.50,0.474245,0.062745,-1.302084,0.986106,1.023162,-0.173886,-0.733284,0.199985,234.38,0.073997,17.4104,0.5271
-192,0.000176,0.279106,811.10,961.96,2062.50,0.450969,0.066667,-0.997612,1.133089,0.895795,-0.350898,-0.624440,-0.055935,234.38,0.093092,18.2375,0.6006
-187,0.000145,0.234979,744.62,925.62,1921.88,0.415555,0.066667,-0.642316,1.141013,0.982273,-0.618237,-0.628797,-0.233936,234.38,0.112051,18.7588,0.6639
-181,0.000174,0.075045,754.70,935.92,1968.75,0.411630,0.070588,-0.696274,1.210279,0.991819,-0.826210,-0.524913,-0.154701,234.38,0.112427,20.5174,0.6449
-176,0.000196,0.133914,804.18,985.73,2156.25,0.414201,0.066667,-0.600240,1.117745,0.939034,-0.785359,-0.619942,-0.051237,234.38,0.110568,19.6979,0.6444
-171,0.000151,0.167719,751.48,945.24,1921.88,0.383051,0.062745,-1.060505,1.305890,1.142800,-0.651275,-0.618402,-0.118507,234.38,0.120238,20.4815,0.6204
-165,0.000122,0.136654,666.03,866.49,1500.00,0.352687,0.066667,-0.548712,1.240384,1.092568,-0.650070,-0.729051,-0.405119,234.38,0.112523,19.4225,0.7136
-160,0.000157,0.124536,800.59,958.61,2062.50,0.439230,0.078431,-0.926613,1.053652,1.029064,-0.407248,-0.603382,-0.145473,234.38,0.092112,17.9982,0.6078
-155,0.000122,0.147106,857.74,1004.13,2156.25,0.437369,0.082353,-1.389533,1.065557,0.998695,-0.265136,-0.413185,0.003602,234.38,0.087308,18.1103,0.5107
-149,0.000138,0.257620,776.03,934.61,1968.75,0.442839,0.090196,-0.574549,0.969479,0.882653,-0.384656,-0.612291,-0.280635,234.38,0.089260,15.9126,0.6556
-144,0.000097,0.113346,810.04,955.49,2109.38,0.442521,0.156863,-0.679860,0.961179,0.958451,-0.476401,-0.563635,-0.199735,234.38,0.078213,15.4866,0.6277
-139,0.000094,0.127360,950.11,1008.52,2343.75,0.509429,0.176471,-1.091684,0.765886,0.888662,-0.197004,-0.378064,0.012205,234.38,0.065813,14.1932,0.5050
-133,0.000154,0.135540,983.40,1027.03,2437.50,0.553338,0.047059,-1.249201,0.793619,0.816142,-0.191868,-0.306993,0.138301,234.38,0.062219,15.4992,0.4642
-128,0.000137,0.253533,837.74,938.62,2203.12,0.454568,0.105882,-1.181298,1.022081,0.967106,-0.387925,-0.352004,-0.067959,234.38,0.078252,16.8610,0.5325
-123,0.000147,0.231570,747.86,895.94,1828.12,0.424721,0.125490,-0.546789,1.051132,0.934651,-0.604811,-0.500032,-0.334152,234.38,0.087286,16.5556,0.6613
-117,0.000144,0.093375,745.09,926.14,1968.75,0.391594,0.070588,-0.533407,1.140750,0.970892,-0.537617,-0.809504,-0.231113,234.38,0.087502,16.7814,0.6951
-112,0.000153,0.151403,851.20,1012.54,2296.88,0.442209,0.082353,-0.331572,0.999576,0.863153,-0.784381,-0.766633,0.019857,234.38,0.087122,17.7087,0.6698
-107,0.000175,0.251841,658.06,868.96,1640.62,0.350167,0.070588,-0.028565,1.178260,0.699167,-0.843016,-0.661600,-0.344246,234.38,0.095468,17.3466,0.7461
-101,0.000172,0.172727,660.04,845.24,1593.75,0.372300,0.074510,-0.415392,1.226302,0.963583,-0.718454,-0.566290,-0.489749,234.38,0.110293,19.7620,0.7178
-96,0.000172,0.155712,687.31,872.57,1687.50,0.370563,0.047059,-0.640529,1.205739,0.962911,-0.588281,-0.551213,-0.388626,234.38,0.116130,20.7647,0.6797
-91,0.000161,0.120770,718.20,887.75,1687.50,0.384751,0.074510,-0.840086,1.236915,1.028378,-0.550297,-0.530286,-0.344623,234.38,0.116258,21.0616,0.6538
-85,0.000158,0.088311,681.86,828.34,1593.75,0.365653,0.054902,-1.068009,1.251409,1.108498,-0.315593,-0.544520,-0.431784,234.38,0.113388,20.8393,0.6410
-80,0.000125,0.124629,662.21,819.21,1593.75,0.340949,0.113725,-0.665988,1.150863,1.082811,-0.321515,-0.835979,-0.410191,234.38,0.102941,18.8468,0.7038
-75,0.000109,0.105319,764.03,896.82,2015.62,0.417737,0.101961,-0.836468,0.997835,1.043903,-0.319352,-0.704072,-0.181845,234.38,0.086204,17.1178,0.6280
-69,0.000150,0.141035,859.46,957.14,2109.38,0.448210,0.078431,-1.385874,0.979829,1.012236,-0.241350,-0.318200,-0.046642,234.38,0.079914,17.8192,0.4948
-64,0.000143,0.216897,866.24,1011.08,2156.25,0.470669,0.058824,-0.711759,0.993664,0.801949,-0.561393,-0.416083,-0.106379,234.38,0.086324,17.3049,0.5992
-59,0.000164,0.249613,796.23,948.47,2015.62,0.429769,0.066667,-0.492480,1.044705,0.869464,-0.648029,-0.519524,-0.254135,234.38,0.093353,16.7743,0.6599
-53,0.000178,0.138356,696.57,885.92,1734.38,0.397526,0.082353,-0.285046,1.088264,0.893396,-0.554376,-0.731614,-0.410623,234.38,0.097102,16.4523,0.7257
-48,0.000193,0.117718,648.23,864.55,1593.75,0.344266,0.047059,-0.029599,1.218599,0.897651,-0.795587,-0.863764,-0.427301,234.38,0.109837,19.4275,0.7756
-43,0.000175,0.190594,663.44,881.51,1640.62,0.368391,0.066667,-0.264515,1.249276,0.918562,-0.766764,-0.717405,-0.419155,234.38,0.120568,18.3302,0.7428
-37,0.000174,0.094639,726.80,920.76,1781.25,0.395908,0.086275,-0.669971,1.183293,1.077469,-0.514091,-0.785177,-0.291522,234.38,0.120592,20.1643,0.6889
-32,0.000183,0.104448,722.94,899.34,1781.25,0.389745,0.050980,-1.019400,1.276600,1.092497,-0.523777,-0.550425,-0.275495,234.38,0.121064,21.4159,0.6322
-27,0.000214,0.151158,666.95,851.07,1640.62,0.380568,0.027451,-0.510675,1.214352,1.000998,-0.613344,-0.606059,-0.485272,234.38,0.123862,20.3246,0.7104
-21,0.000201,0.130506,630.50,814.86,1500.00,0.353746,0.031373,-0.401642,1.274464,1.015010,-0.676891,-0.634844,-0.576097,234.38,0.133177,20.3723,0.7392
-16,0.000160,0.075583,598.58,785.26,1359.38,0.306537,0.050980,-0.479789,1.396948,1.117314,-0.775523,-0.623171,-0.635779,234.38,0.136545,21.4212,0.7480
-11,0.000237,0.256559,604.98,851.19,1406.25,0.334504,0.047059,0.306471,1.255087,0.683860,-0.851665,-0.897192,-0.496559,234.38,0.098328,14.0182,0.8142
-5,0.000335,0.257930,640.75,908.33,1734.38,0.360221,0.019608,0.710355,1.136019,0.232262,-0.750763,-0.903991,-0.423881,140.62,0.116729,15.7736,0.8302
0,0.000305,0.279061,546.00,826.98,1312.50,0.317194,0.019608,0.973799,1.278126,0.160694,-1.026930,-0.783866,-0.601823,140.62,0.172244,18.0404,0.8604
5,0.014418,0.955121,979.41,919.43,2109.38,0.697012,0.011765,-0.622722,0.225788,0.349775,0.210253,0.022125,-0.185219,187.50,1.040967,4.8930,0.4708
11,0.012674,0.619722,863.25,864.79,1875.00,0.566286,0.007843,-0.936667,0.547538,0.621364,0.270589,-0.086042,-0.416781,234.38,4.638616,8.4113,0.5142
16,0.013044,0.241816,715.13,726.10,1500.00,0.397187,0.007843,-1.597641,0.855162,1.073178,0.577896,-0.137704,-0.770890,234.38,7.926831,13.5213,0.5208
21,0.014540,0.062786,619.27,616.02,1031.25,0.157436,0.007843,-2.434911,1.184343,1.445704,0.865421,-0.088929,-0.971628,234.38,8.283373,16.9998,0.4763
27,0.011171,0.020588,630.50,632.76,1031.25,0.161805,0.011765,-2.300088,1.129926,1.416404,0.837856,-0.145098,-0.939001,234.38,8.015051,16.7157,0.4892
32,0.012204,0.017814,635.52,644.33,1031.25,0.169207,0.007843,-2.295409,1.126263,1.398250,0.821079,-0.150864,-0.899318,234.38,7.808142,16.5294,0.4851
37,0.013144,0.010638,639.28,648.08,1171.88,0.153052,0.011765,-1.970069,1.052310,1.324099,0.747471,-0.207814,-0.945996,234.38,7.557445,16.5576,0.5295
43,0.011277,0.019859,641.96,647.96,1171.88,0.157552,0.011765,-2.543348,1.154096,1.445855,0.858564,-0.085205,-0.829962,234.38,7.437070,16.5298,0.4410
48,0.011288,0.015589,649.62,659.72,1218.75,0.161555,0.007843,-2.144785,1.062242,1.358558,0.764497,-0.166311,-0.874202,234.38,7.296700,16.4433,0.4947
53,0.012157,0.013766,655.66,667.41,1265.62,0.158056,0.011765,-2.805945,1.195395,1.479824,0.865617,-0.023187,-0.711704,234.38,7.292692,16.7700,0.3923
59,0.012338,0.025682,656.54,671.44,1406.25,0.181232,0.011765,-2.146960,1.070212,1.347196,0.710215,-0.160148,-0.820515,234.38,7.283145,16.6985,0.4880
64,0.010979,0.020175,653.28,662.99,1406.25,0.182415,0.007843,-2.930182,1.233796,1.515429,0.854175,0.000469,-0.673687,234.38,7.323405,16.9477,0.3748
69,0.008514,0.217153,687.92,683.27,1453.12,0.333545,0.011765,-1.744975,0.899442,1.188148,0.510405,-0.053723,-0.799297,234.38,6.401893,12.6320,0.5009
75,0.009393,0.306882,742.43,734.46,1500.00,0.431047,0.007843,-0.878296,0.585833,0.837829,0.114380,0.051199,-0.710945,187.50,4.348527,8.2142,0.5458
80,0.009386,0.164966,675.52,684.16,1453.12,0.343238,0.019608,-1.098021,0.805113,1.000736,0.340876,-0.129114,-0.919590,234.38,4.894579,10.9171,0.5934
85,0.006493,0.075795,646.49,633.28,1218.75,0.209073,0.011765,-1.569907,0.982064,1.155937,0.665847,-0.195433,-1.038508,234.38,5.582366,15.8178,0.5801
91,0.007095,0.017395,670.45,640.58,1453.12,0.211373,0.007843,-1.842814,1.010856,1.184652,0.760290,-0.062771,-1.050213,234.38,4.933906,15.9302,0.5351
96,0.007049,0.053871,657.41,629.41,1453.12,0.212432,0.019608,-1.361663,0.938950,1.078256,0.638797,-0.088500,-1.205840,234.38,4.442062,15.0646,0.6073
101,0.005769,0.054769,660.60,639.86,1453.12,0.237518,0.011765,-0.988008,0.858054,1.001527,0.519878,-0.140963,-1.250486,234.38,4.121450,15.0100,0.6527
107,0.005610,0.059541,654.98,657.83,1453.12,0.223336,0.015686,-1.325973,1.011585,1.058482,0.475358,-0.100129,-1.119323,234.38,4.082214,15.8399,0.6112
112,0.004948,0.059910,656.70,687.77,1453.12,0.252514,0.011765,-0.874887,0.925483,0.987779,0.223478,-0.168455,-1.093398,234.38,3.736176,16.1457,0.6584
117,0.004399,0.088385,664.11,676.08,1453.12,0.222146,0.031373,-1.164830,0.907944,0.989842,0.368370,-0.029499,-1.071826,234.38,3.341655,15.9137,0.6040
123,0.004427,0.085054,697.94,693.02,1500.00,0.267756,0.011765,-0.891040,0.786826,0.861663,0.340728,-0.044838,-1.053339,234.38,2.937464,14.3661,0.6217
128,0.003411,0.059590,708.66,696.71,1453.12,0.244258,0.043137,-1.103867,0.812169,0.865386,0.447511,-0.018800,-1.002399,234.38,2.701287,13.6646,0.5902
133,0.002929,0.083103,715.41,715.98,1500.00,0.272674,0.027451,-0.522368,0.706255,0.665271,0.333274,-0.098725,-1.083706,234.38,2.265346,12.5305,0.6644
139,0.002153,0.058750,718.00,726.95,1500.00,0.288290,0.015686,-0.504798,0.744403,0.580132,0.269342,-0.056225,-1.032855,234.38,1.794969,11.0525,0.6602
144,0.002173,0.038630,803.89,761.83,1687.50,0.295049,0.007843,-0.502816,0.542531,0.540746,0.224502,0.102835,-0.907799,234.38,1.310847,10.7421,0.6040
149,0.001773,0.110837,796.98,758.84,1687.50,0.310809,0.019608,-0.662202,0.624484,0.579581,0.151890,0.198628,-0.892382,234.38,1.178018,10.2386,0.5813
155,0.001603,0.024133,868.56,775.96,1734.38,0.307995,0.019608,-1.040083,0.681370,0.667013,-0.005564,0.450074,-0.752810,234.38,1.173741,13.0632,0.4930
160,0.001653,0.078905,859.84,774.25,1687.50,0.312318,0.023529,-0.986282,0.825727,0.561035,-0.153426,0.506322,-0.753377,234.38,1.061743,13.4055,0.5108
165,0.001158,0.095728,846.94,752.21,1687.50,0.288624,0.035294,-0.825617,0.692232,0.683539,-0.149823,0.472259,-0.872590,234.38,0.891756,12.4117,0.5333
171,0.001725,0.169719,792.29,729.48,1500.00,0.293593,0.023529,-0.358363,0.630125,0.427108,0.014986,0.366420,-1.080277,234.38,0.678681,9.0460,0.6208
176,0.001494,0.127330,781.13,697.90,1265.62,0.275506,0.027451,-0.330876,0.531490,0.402978,0.286282,0.332814,-1.222688,234.38,0.606597,7.8947,0.6330
181,0.001875,0.120463,731.66,675.45,1265.62,0.253628,0.019608,-0.183747,0.536398,0.474756,0.345083,0.210309,-1.382799,234.38,0.651440,7.9399,0.6819
187,0.001301,0.111081,647.04,634.94,1218.75,0.218379,0.023529,-0.087231,0.773109,0.513253,0.296841,0.106132,-1.602104,234.38,0.739419,8.6693,0.7486
192,0.001074,0.024483,687.08,635.16,1265.62,0.241015,0.039216,-0.236468,0.689021,0.593664,0.370109,0.172473,-1.588798,234.38,0.711170,9.9068,0.7180
197,0.000747,0.073141,680.22,634.01,1265.62,0.228262,0.027451,-0.212720,0.721501,0.539810,0.344997,0.184997,-1.578585,234.38,0.544729,8.3373,0.7214
203,0.000723,0.046231,774.42,668.71,1453.12,0.294228,0.043137,-0.317536,0.392111,0.439277,0.448254,0.333706,-1.295812,234.38,0.368322,7.1871,0.6268
208,0.000658,0.048597,867.72,704.23,1546.88,0.334612,0.035294,-0.750889,0.325134,0.453429,0.535347,0.454906,-1.017927,234.38,0.301558,7.2463,0.5172
213,0.000985,0.130662,779.75,705.99,1500.00,0.286907,0.007843,-0.308098,0.557897,0.375514,0.311624,0.267019,-1.203956,234.38,0.327638,7.8643,0.6441
219,0.000624,0.096428,719.98,710.84,1500.00,0.280303,0.050980,-0.136809,0.751754,0.372987,0.139687,0.146884,-1.274503,234.38,0.377410,9.5864,0.7050
224,0.000803,0.073699,699.67,707.17,1500.00,0.294129,0.007843,-0.171593,0.800830,0.572116,0.027769,0.087085,-1.316207,234.38,0.416675,11.4676,0.7169
229,0.000477,0.134603,640.50,702.18,1453.12,0.259818,0.035294,0.020679,0.895684,0.442031,-0.029800,0.024698,-1.353292,234.38,0.400609,11.3719,0.7544
235,0.000281,0.089997,702.65,737.76,1500.00,0.321311,0.086275,-0.303376,0.831272,0.488882,-0.036396,0.101602,-1.081984,234.38,0.346105,11.8827,0.6801
240,0.000299,0.095988,833.15,753.36,1687.50,0.362163,0.090196,-0.287060,0.542067,0.302004,0.003375,0.310902,-0.871287,234.38,0.184341,8.9700,0.6005
245,0.000228,0.137018,967.92,737.41,1734.38,0.407633,0.133333,-0.736659,0.273843,-0.017673,0.429168,0.581354,-0.530034,234.38,0.108515,6.4493,0.4361
251,0.000287,0.107367,958.01,718.48,1687.50,0.415051,0.082353,-0.769762,0.208849,-0.071176,0.602977,0.606589,-0.577478,750.00,0.107873,6.6595,0.4268
256,0.000358,0.096628,970.61,721.43,1687.50,0.411236,0.027451,-0.860598,0.118361,0.009779,0.594786,0.664198,-0.526527,750.00,0.105531,6.9170,0.3918
261,0.000666,0.212726,846.55,706.04,1500.00,0.350295,0.015686,-0.851031,0.452228,0.370869,0.414211,0.399377,-0.785655,281.25,0.149559,8.2980,0.4984
267,0.000681,0.312330,657.46,666.07,1265.62,0.282618,0.039216,-0.152194,0.846755,0.370957,0.094929,-0.005737,-1.154710,234.38,0.287733,12.0641,0.7166
272,0.000511,0.178128,577.11,636.90,1218.75,0.236836,0.027451,-0.276523,1.091689,0.588962,-0.048394,-0.144597,-1.211137,234.38,0.391335,15.0892,0.7475
277,0.000407,0.095696,607.27,656.46,1218.75,0.267665,0.027451,-0.078803,0.947163,0.624765,-0.100852,-0.173982,-1.218292,234.38,0.343753,15.2706,0.7559
283,0.000538,0.084650,605.31,679.91,1218.75,0.278483,0.023529,-0.027382,1.024885,0.525258,-0.227585,-0.149276,-1.145900,234.38,0.288959,13.8183,0.7588
288,0.000466,0.053358,671.88,718.79,1265.62,0.305244,0.027451,-0.202541,0.842945,0.643594,-0.161452,-0.164466,-0.958079,234.38,0.272911,15.5568,0.7071
293,0.000712,0.229310,601.11,703.13,1218.75,0.274277,0.035294,-0.193277,1.041933,0.717196,-0.233964,-0.330351,-1.001536,234.38,0.325412,16.1429,0.7484
299,0.000627,0.146818,580.99,661.55,1218.75,0.242679,0.015686,-0.508191,1.096178,0.920520,-0.090667,-0.311344,-1.106497,234.38,0.400912,18.8309,0.7316
304,0.000590,0.118621,556.18,643.41,1078.12,0.233539,0.011765,-0.575965,1.183265,0.966835,-0.099842,-0.327751,-1.146542,234.38,0.439770,19.5395,0.7390
309,0.000598,0.055449,542.56,627.28,1031.25,0.232842,0.023529,-0.367083,1.141699,0.942392,-0.066121,-0.417074,-1.233813,234.38,0.426133,20.2069,0.7708
315,0.000514,0.133104,522.60,650.12,984.38,0.227747,0.066667,-0.090871,1.220736,0.851834,-0.194515,-0.605639,-1.181545,234.38,0.400152,18.0458,0.8113
320,0.000477,0.074079,597.93,685.40,1171.88,0.263011,0.027451,-0.446902,1.053448,0.995675,-0.106079,-0.463926,-1.032215,234.38,0.341474,18.6487,0.7410
325,0.000613,0.104356,604.38,682.70,1218.75,0.273496,0.007843,-0.545410,1.097655,0.982386,-0.132425,-0.356471,-1.045735,234.38,0.326683,17.4086,0.7266
331,0.000789,0.105849,582.40,657.06,1171.88,0.260629,0.019608,-0.510633,1.117453,0.996913,-0.120656,-0.342787,-1.140291,234.38,0.351714,17.6785,0.7398
336,0.000713,0.167948,544.27,640.61,1171.88,0.235534,0.019608,-0.470866,1.253276,1.020445,-0.264205,-0.365486,-1.173165,234.38,0.450926,20.3684,0.7614
341,0.000752,0.129649,512.19,616.31,1078.12,0.201210,0.007843,-0.419223,1.357565,1.075885,-0.466145,-0.352569,-1.195514,234.38,0.513284,21.5446,0.7761
347,0.000631,0.088669,540.34,647.62,1171.88,0.217448,0.035294,-0.525701,1.252550,1.096787,-0.389659,-0.336858,-1.097120,234.38,0.501693,21.2966,0.7466
352,0.000637,0.056671,536.28,626.75,1171.88,0.214403,0.011765,-0.523539,1.262581,1.083108,-0.323453,-0.252639,-1.246057,234.38,0.464489,20.2552,0.7538
357,0.000552,0.075803,555.04,626.69,1171.88,0.250185,0.027451,-0.398713,1.138753,1.058727,-0.219382,-0.259811,-1.319574,234.38,0.398928,19.6430,0.7613
363,0.000567,0.154199,525.19,632.20,984.38,0.248381,0.011765,-0.245528,1.181125,0.961342,-0.192532,-0.467070,-1.237336,234.38,0.393610,18.0290,0.7892
368,0.000677,0.030675,554.43,632.83,1031.25,0.231759,0.015686,-0.629950,1.178448,1.062084,-0.003609,-0.394033,-1.212942,234.38,0.390164,20.5925,0.7461
373,0.000457,0.078848,538.38,612.63,984.38,0.211911,0.011765,-0.814098,1.237906,1.138812,0.034869,-0.406008,-1.191482,234.38,0.399934,20.8523,0.7331
379,0.000520,0.148208,527.46,650.01,984.38,0.223074,0.039216,-0.162553,1.147439,0.920914,-0.174535,-0.571982,-1.159283,234.38,0.374423,17.4837,0.7954
384,0.000437,0.065321,568.63,685.10,1171.88,0.250906,0.035294,-0.058736,1.010982,0.765765,-0.134378,-0.462231,-1.121401,234.38,0.326013,16.0767,0.7804
389,0.000433,0.051918,605.89,656.40,1218.75,0.260570,0.027451,-0.467119,0.930600,0.825332,0.109939,-0.238033,-1.160720,234.38,0.296507,17.0653,0.7173
395,0.000455,0.113866,607.15,653.73,1218.75,0.269069,0.047059,-0.425512,0.932809,0.817021,0.074668,-0.142216,-1.256771,234.38,0.276861,15.0220,0.7217
400,0.000375,0.070345,615.75,659.94,1218.75,0.259660,0.050980,-0.308006,0.916078,0.803443,-0.022431,-0.144052,-1.245032,234.38,0.270694,15.3105,0.7308
#END {"type":"keypress","session_id":"piano_b2a0d275b8479bf7","ms":147957,"path":"/raw_C4_r02_147298.csv","rows":115}

----- END /raw_C4_r02_147298.csv -----
----- BEGIN /raw_C4_r03_149831.csv (17820 bytes) -----
#BEGIN {"type":"keypress","session_id":"piano_b2a0d275b8479bf7","ms":150040,"key":"C4","rep":3,"reps_per_key":5,"fs_hz":48000,"hop":256,"n_fft":1024,"fmin":50.0,"fmax":3500.0,"lead_ms":150,"pre_ms":60,"post_ms":400,"stored_pre_ms":210,"pre_frames":40,"post_frames":75,"path":"/raw_C4_r03_149831.csv"}
ms_from_event,rms,flux,centroid_hz,spread_hz,rolloff85_hz,flatness,zcr,band0,band1,band2,band3,band4,band5,peak_hz,peak_mag,peak_ratio,low_dom
-208,0.000133,0.183198,700.78,842.19,1593.75,0.396509,0.062745,-0.826019,1.113209,0.986200,-0.193190,-0.582445,-0.497756,234.38,0.106248,17.5079,0.6646
-203,0.000129,0.122914,714.05,858.87,1546.88,0.395191,0.113725,-0.382257,0.977126,0.825711,-0.298407,-0.570182,-0.551993,234.38,0.091021,16.9985,0.7024
-197,0.000183,0.152312,763.15,932.95,1828.12,0.418776,0.039216,-0.778073,1.151790,0.907713,-0.416721,-0.612484,-0.252226,234.38,0.091228,19.2081,0.6500
-192,0.000161,0.149378,736.98,894.29,1781.25,0.400547,0.113725,-0.906027,1.240842,0.973179,-0.510039,-0.500796,-0.297158,234.38,0.105019,21.0516,0.6379
-187,0.000200,0.180030,706.62,893.31,1781.25,0.365906,0.078431,-0.534842,1.280053,1.004025,-0.772442,-0.659831,-0.316963,234.38,0.115840,21.0846,0.7029
-181,0.000186,0.177621,657.63,846.49,1500.00,0.356533,0.027451,-0.390238,1.264707,0.979755,-0.727018,-0.717837,-0.409369,234.38,0.124828,19.7170,0.7312
-176,0.000170,0.081469,601.97,763.89,1453.12,0.320824,0.074510,-0.354250,1.253341,1.046067,-0.797023,-0.518843,-0.629291,234.38,0.125308,20.6490,0.7357
-171,0.000205,0.102490,705.46,860.63,1687.50,0.362090,0.039216,-0.874048,1.295756,1.113237,-0.837190,-0.442285,-0.255472,234.38,0.121538,22.0628,0.6364
-165,0.000179,0.154389,730.55,896.13,1968.75,0.341136,0.082353,-1.296995,1.396679,1.161640,-0.676702,-0.517033,-0.067589,234.38,0.129318,22.2251,0.5847
-160,0.000187,0.110153,765.54,919.78,1968.75,0.390143,0.039216,-1.555552,1.366379,1.129694,-0.304886,-0.583059,-0.052577,234.38,0.133327,22.5360,0.5556
-155,0.000165,0.087194,752.51,914.23,1968.75,0.379056,0.113725,-1.611772,1.380418,1.234771,-0.382436,-0.591234,-0.029746,234.38,0.127229,22.2464,0.5485
-149,0.000169,0.088470,796.82,954.68,2156.25,0.390416,0.054902,-2.048687,1.438136,1.313159,-0.404254,-0.403321,0.104968,234.38,0.118867,22.9409,0.4611
-144,0.000173,0.149458,816.24,952.66,2015.62,0.415901,0.066667,-1.626533,1.261573,1.183931,-0.435372,-0.319554,-0.064044,234.38,0.113724,21.2134,0.5023
-139,0.000160,0.133628,826.38,968.68,2109.38,0.432562,0.090196,-1.869568,1.311787,1.262787,-0.375862,-0.402638,0.073493,234.38,0.115101,20.5410,0.4715
-133,0.000183,0.074057,772.38,914.23,1875.00,0.406912,0.054902,-1.688217,1.298769,1.238155,-0.381468,-0.328563,-0.138678,234.38,0.113697,21.5476,0.5097
-128,0.000187,0.117424,745.08,961.72,1875.00,0.342404,0.082353,-1.175762,1.398860,1.226876,-0.663090,-0.687611,-0.099272,234.38,0.117747,23.0946,0.6236
-123,0.000237,0.183198,840.92,1023.72,2343.75,0.373593,0.078431,-1.454761,1.399600,1.218638,-0.700443,-0.655093,0.192060,234.38,0.130807,22.7251,0.5508
-117,0.000193,0.211661,771.78,960.13,1968.75,0.384513,0.066667,-1.041338,1.282866,1.071473,-0.700834,-0.492148,-0.120018,234.38,0.144628,21.2304,0.6051
-112,0.000203,0.084870,676.45,879.92,1593.75,0.329260,0.050980,-0.640265,1.278982,1.032241,-0.734322,-0.483338,-0.453297,234.38,0.146473,22.0754,0.6873
-107,0.000196,0.074987,650.88,845.80,1546.88,0.317984,0.054902,-0.891093,1.404719,1.172766,-0.646842,-0.658133,-0.381418,234.38,0.140424,22.9496,0.6849
-101,0.000190,0.101713,732.19,922.38,1875.00,0.343382,0.074510,-1.058867,1.373273,1.217856,-0.697449,-0.751801,-0.083010,234.38,0.134460,22.7231,0.6398
-96,0.000208,0.107613,737.56,901.22,1828.12,0.404519,0.039216,-1.092332,1.293294,1.087593,-0.442769,-0.670727,-0.175059,234.38,0.133319,21.6251,0.6279
-91,0.000186,0.096058,659.68,824.32,1546.88,0.333034,0.074510,-0.844803,1.320070,1.143357,-0.640042,-0.581965,-0.396618,234.38,0.135454,22.4468,0.6741
-85,0.000200,0.097066,692.17,846.14,1546.88,0.355242,0.039216,-1.267078,1.346582,1.200335,-0.575690,-0.373931,-0.330216,234.38,0.135021,22.2916,0.5967
-80,0.000183,0.065349,717.38,890.89,1687.50,0.358578,0.074510,-1.297244,1.352217,1.190587,-0.625325,-0.358218,-0.262017,234.38,0.134686,23.2122,0.5836
-75,0.000196,0.112479,725.94,894.29,1875.00,0.377889,0.070588,-1.170355,1.304872,1.126312,-0.557235,-0.472639,-0.230955,234.38,0.132591,22.3339,0.6033
-69,0.000171,0.113280,786.94,926.29,2015.62,0.382155,0.054902,-1.110292,1.276487,1.106679,-0.859202,-0.301119,-0.112554,234.38,0.128164,21.3154,0.5720
-64,0.000171,0.100320,800.47,947.08,2109.38,0.414522,0.074510,-0.761090,1.240346,1.000573,-1.074301,-0.336932,-0.068596,234.38,0.122027,20.9874,0.6088
-59,0.000199,0.111784,728.63,883.73,1781.25,0.383802,0.054902,-1.197739,1.284788,1.155729,-0.585941,-0.475345,-0.181493,234.38,0.119589,21.6810,0.5919
-53,0.000203,0.111958,757.69,902.96,1968.75,0.392721,0.050980,-1.568217,1.354964,1.177254,-0.540725,-0.356713,-0.066562,234.38,0.127081,22.8143,0.5262
-48,0.000207,0.127434,696.73,875.86,1687.50,0.353018,0.031373,-1.636348,1.479515,1.349654,-0.620309,-0.461422,-0.111091,234.38,0.136040,23.7384,0.5518
-43,0.000220,0.125434,677.10,866.56,1687.50,0.319605,0.050980,-1.141193,1.397328,1.261583,-0.590635,-0.721498,-0.205584,234.38,0.142484,22.8872,0.6437
-37,0.000210,0.142607,725.39,947.20,1921.88,0.343881,0.113725,-0.790033,1.389255,1.115459,-0.838980,-0.747457,-0.128243,234.38,0.149255,23.2260,0.6764
-32,0.000274,0.136191,687.44,890.80,1546.88,0.332951,0.050980,-0.796108,1.362693,1.035556,-0.636670,-0.604741,-0.360731,234.38,0.151736,22.2169,0.6827
-27,0.000185,0.180355,622.01,814.15,1359.38,0.336944,0.090196,-0.296570,1.281601,0.940746,-0.555240,-0.785694,-0.584843,234.38,0.159825,21.1989,0.7645
-21,0.000327,0.183687,608.67,824.06,1265.62,0.331945,0.031373,-0.083688,1.326804,0.860630,-0.795776,-0.778031,-0.529940,234.38,0.141915,17.0832,0.7817
-16,0.000298,0.263755,584.92,850.80,1218.75,0.326750,0.027451,0.616512,1.268269,0.676024,-1.099010,-0.903811,-0.557982,140.62,0.128052,14.3463,0.8420
-11,0.000377,0.298021,486.21,798.87,796.88,0.252388,0.031373,1.109066,1.533883,0.253157,-1.321651,-0.940454,-0.634001,140.62,0.195465,18.9415,0.8917
-5,0.000393,0.127914,491.59,784.42,796.88,0.255534,0.035294,1.112066,1.516592,0.228432,-1.280636,-0.982495,-0.593959,140.62,0.232749,22.5948,0.8912
0,0.000275,0.164142,459.42,736.55,703.12,0.258946,0.050980,1.159513,1.472569,0.223375,-1.112680,-1.019948,-0.722829,140.62,0.242724,20.5744,0.8991
5,0.014075,0.932227,753.56,731.48,1546.88,0.496461,0.011765,-0.281679,0.398580,0.474228,0.293205,-0.041718,-0.842616,140.62,0.984551,5.6560,0.6226
11,0.011685,0.651233,678.43,694.66,1359.38,0.387216,0.011765,-0.500321,0.698359,0.687387,0.325147,-0.192672,-1.017901,234.38,4.306441,8.8789,0.6691
16,0.012389,0.231194,615.45,633.04,1078.12,0.251362,0.007843,-1.001076,0.902104,1.057201,0.538264,-0.315113,-1.181378,234.38,7.437124,14.1171,0.6679
21,0.013230,0.039953,624.64,624.66,1031.25,0.155392,0.011765,-2.515971,1.182198,1.461426,0.887474,-0.079905,-0.935222,234.38,7.777402,16.9112,0.4603
27,0.011437,0.020104,638.65,640.94,1031.25,0.164962,0.011765,-2.798382,1.213523,1.508510,0.936270,-0.038049,-0.821871,234.38,7.554754,16.6774,0.4104
32,0.011404,0.010086,640.41,642.76,1078.12,0.165907,0.007843,-2.734332,1.188583,1.499775,0.916229,-0.057689,-0.812567,234.38,7.343413,16.5365,0.4164
37,0.012008,0.018267,639.72,644.40,1125.00,0.170467,0.011765,-2.348472,1.126792,1.414315,0.825558,-0.139514,-0.878679,234.38,7.284254,16.6075,0.4746
43,0.011241,0.043424,650.63,661.36,1218.75,0.175206,0.007843,-2.386211,1.151168,1.381885,0.803465,-0.136615,-0.813692,234.38,7.351400,16.7842,0.4645
48,0.009683,0.024347,658.82,669.25,1218.75,0.197527,0.011765,-2.377896,1.171520,1.339420,0.753246,-0.098480,-0.787810,234.38,7.214596,17.2791,0.4601
53,0.009382,0.019354,667.64,674.70,1406.25,0.201450,0.011765,-2.253662,1.156732,1.260898,0.694714,-0.062949,-0.795734,234.38,6.871645,17.9058,0.4703
59,0.010729,0.033433,659.18,660.17,1218.75,0.189529,0.007843,-2.149331,1.128005,1.245981,0.714374,-0.121287,-0.817743,234.38,6.465622,17.2974,0.4897
64,0.007659,0.045928,642.74,641.04,1078.12,0.195102,0.011765,-1.607909,1.024111,1.163596,0.654382,-0.265382,-0.968798,234.38,6.109671,16.4775,0.5806
69,0.006377,0.095332,681.38,658.36,1406.25,0.287182,0.015686,-1.732472,0.930251,1.118011,0.722024,-0.166132,-0.871682,234.38,5.545316,14.6088,0.5294
75,0.006202,0.134649,708.42,664.10,1406.25,0.367525,0.011765,-1.337117,0.793634,0.979052,0.630653,-0.103791,-0.962432,234.38,4.566057,13.0977,0.5650
80,0.005006,0.079805,718.62,672.65,1500.00,0.315451,0.015686,-1.157125,0.808877,0.898897,0.465307,-0.053564,-0.962392,234.38,3.749808,14.1886,0.5827
85,0.003933,0.046368,681.73,653.04,1453.12,0.241941,0.027451,-1.025099,0.851489,0.896772,0.418787,-0.063490,-1.078459,234.38,3.339155,14.2317,0.6187
91,0.005120,0.103188,675.65,666.33,1500.00,0.245729,0.011765,-0.419105,0.733896,0.685163,0.319440,-0.106908,-1.212486,234.38,2.713480,12.4868,0.6936
96,0.003054,0.092406,651.00,665.90,1453.12,0.255173,0.023529,-0.373757,0.806158,0.694806,0.303848,-0.190904,-1.240151,234.38,2.526061,11.4975,0.7174
101,0.003739,0.034220,690.36,698.47,1500.00,0.274614,0.027451,-0.345764,0.772280,0.641380,0.214735,-0.122226,-1.160406,234.38,2.117281,11.6446,0.7015
107,0.002421,0.117041,679.49,668.43,1453.12,0.261901,0.035294,-0.417862,0.741090,0.617678,0.458360,-0.138924,-1.260343,234.38,1.868999,10.3958,0.7029
112,0.003486,0.037146,719.47,659.47,1453.12,0.279323,0.007843,-0.845776,0.641070,0.805411,0.600502,0.024496,-1.225703,234.38,1.717952,11.3170,0.6220
117,0.002828,0.072017,694.40,654.15,1453.12,0.263741,0.019608,-0.724421,0.843437,0.685189,0.465087,0.001776,-1.271068,234.38,1.707052,12.6814,0.6669
123,0.003653,0.187404,613.89,674.92,1265.62,0.241219,0.007843,0.098291,0.956028,0.532427,-0.002576,-0.164052,-1.420118,234.38,1.513265,10.7306,0.7891
128,0.002217,0.134635,548.30,657.62,1218.75,0.221482,0.003922,0.473658,1.077929,0.373305,-0.157695,-0.257987,-1.509212,140.62,1.749287,12.3980,0.8402
133,0.001703,0.036907,569.95,677.26,1265.62,0.247717,0.015686,0.536921,1.062693,0.203681,-0.193095,-0.173512,-1.436687,140.62,1.738082,15.1460,0.8327
139,0.001515,0.075044,679.31,730.88,1453.12,0.288698,0.035294,0.230659,0.860431,0.113736,0.009202,-0.006219,-1.207809,140.62,1.214103,12.7858,0.7600
144,0.001712,0.166792,744.72,717.03,1453.12,0.313122,0.027451,-0.101895,0.498998,0.311562,0.337842,0.091379,-1.137885,140.62,0.768365,8.4349,0.6730
149,0.001174,0.160582,763.43,667.39,1265.62,0.290150,0.027451,-1.109451,0.508755,0.711269,0.678186,0.267736,-1.056495,234.38,0.641447,7.3097,0.5235
155,0.002168,0.085879,732.63,662.40,1265.62,0.269100,0.003922,-0.427750,0.438198,0.542041,0.512836,0.163418,-1.228743,234.38,0.590282,7.5405,0.6313
160,0.001237,0.174272,621.71,628.49,1218.75,0.217747,0.015686,0.196385,0.701272,0.341426,0.323524,-0.006388,-1.556218,140.62,0.772644,9.0538,0.7738
165,0.001270,0.062675,622.38,634.34,1218.75,0.230732,0.019608,0.299616,0.737280,0.303347,0.282659,0.010444,-1.633346,140.62,0.842586,10.3600,0.7908
171,0.001354,0.019991,673.73,654.34,1265.62,0.240605,0.011765,0.240600,0.707849,0.143885,0.313380,0.147099,-1.552813,140.62,0.708674,10.8157,0.7644
176,0.000633,0.060396,662.60,649.93,1265.62,0.259904,0.039216,0.297889,0.709396,0.209549,0.251538,0.134214,-1.602585,140.62,0.690920,11.2875,0.7752
181,0.000987,0.062778,671.79,663.89,1265.62,0.265292,0.023529,0.101091,0.708938,0.341254,0.192578,0.143807,-1.487669,140.62,0.492716,9.2952,0.7459
187,0.000610,0.041336,714.06,694.46,1453.12,0.283889,0.047059,-0.080358,0.677916,0.393105,0.171535,0.192404,-1.354602,234.38,0.376124,8.4466,0.7068
192,0.000713,0.054771,741.17,707.44,1500.00,0.314568,0.050980,-0.181968,0.643276,0.440620,0.171142,0.213755,-1.286825,234.38,0.361101,8.9388,0.6829
197,0.000971,0.031943,776.72,737.52,1640.62,0.335008,0.031373,-0.081836,0.629079,0.264803,0.116397,0.215416,-1.143858,234.38,0.322071,9.9847,0.6765
203,0.000925,0.267489,625.10,721.64,1453.12,0.270453,0.003922,0.379138,1.059897,0.055513,-0.311928,-0.032849,-1.149772,140.62,0.445187,11.8167,0.7877
208,0.000622,0.093529,597.17,728.29,1453.12,0.252309,0.015686,0.707401,1.119979,-0.146419,-0.497320,-0.063393,-1.120247,140.62,0.592536,17.7110,0.8184
213,0.000618,0.084033,606.54,725.43,1453.12,0.241707,0.039216,0.712003,1.138866,-0.299596,-0.518222,-0.046348,-0.986703,140.62,0.531441,17.6424,0.8088
219,0.000437,0.075690,692.53,753.03,1500.00,0.293747,0.050980,0.403649,0.973984,-0.290883,-0.257457,-0.006827,-0.822466,140.62,0.399016,15.0329,0.7509
224,0.000532,0.148108,742.77,742.45,1500.00,0.334609,0.054902,0.012927,0.737456,-0.166099,0.086124,0.146197,-0.816604,187.50,0.302781,12.7276,0.6705
229,0.000444,0.128763,730.00,710.50,1453.12,0.298818,0.031373,0.150580,0.716338,-0.377054,0.237500,0.188577,-0.915941,187.50,0.277661,11.5382,0.6894
235,0.000560,0.087548,751.64,713.35,1500.00,0.301084,0.011765,0.207810,0.669892,-0.500656,0.316563,0.234351,-0.927959,140.62,0.301564,13.6163,0.6869
240,0.000710,0.107129,716.58,714.37,1453.12,0.300172,0.054902,0.487237,0.745155,-0.656905,0.251201,0.171700,-0.998388,140.62,0.332562,15.8813,0.7368
245,0.000443,0.228060,582.43,659.76,1218.75,0.241298,0.043137,0.497138,1.054783,-0.167799,-0.070811,-0.063128,-1.250183,140.62,0.396107,16.2262,0.8073
251,0.000509,0.158552,546.95,635.63,1218.75,0.223077,0.023529,0.434719,1.091179,0.199104,-0.196859,-0.148354,-1.379788,140.62,0.305520,12.2015,0.8216
256,0.000731,0.116119,666.80,714.27,1312.50,0.299790,0.011765,-0.057800,0.873421,0.513294,-0.217641,-0.057953,-1.053321,234.38,0.264819,13.1616,0.7238
261,0.000585,0.229968,591.91,695.47,1218.75,0.256647,0.043137,-0.205386,1.150868,0.637802,-0.312959,-0.250721,-1.019603,234.38,0.380862,16.3470,0.7517
267,0.000678,0.166803,563.30,661.92,1171.88,0.253570,0.023529,0.037022,1.076603,0.691535,-0.212084,-0.424735,-1.168341,234.38,0.391481,15.9257,0.7947
272,0.000322,0.154205,503.64,621.06,1031.25,0.231241,0.027451,0.331169,1.165766,0.552498,-0.243463,-0.433541,-1.372430,234.38,0.353692,13.1806,0.8391
277,0.000566,0.069183,531.95,623.77,984.38,0.236195,0.031373,0.192413,0.979587,0.629835,-0.003757,-0.486742,-1.311336,234.38,0.239385,11.0957,0.8153
283,0.000541,0.075958,596.22,657.80,1078.12,0.287791,0.011765,-0.423094,0.936443,0.762413,0.176597,-0.370659,-1.081699,234.38,0.266410,14.2326,0.7277
288,0.000965,0.187393,537.15,625.50,984.38,0.234085,0.023529,-0.180330,1.060835,0.895346,-0.012118,-0.572437,-1.191295,234.38,0.355437,17.1996,0.7895
293,0.000568,0.279476,446.27,571.80,843.75,0.180310,0.035294,0.229011,1.345669,0.866054,-0.285250,-0.679349,-1.476135,234.38,0.467792,17.7223,0.8659
299,0.000742,0.062128,471.01,582.07,937.50,0.189317,0.019608,0.043920,1.330525,0.911554,-0.240945,-0.587889,-1.457166,234.38,0.491325,18.7231,0.8468
304,0.000644,0.038325,498.21,601.23,984.38,0.192144,0.007843,-0.104051,1.285341,0.941794,-0.237119,-0.545209,-1.340757,234.38,0.469265,19.8797,0.8225
309,0.000544,0.096461,532.90,615.75,1171.88,0.218233,0.019608,-0.546715,1.281906,1.037789,-0.257008,-0.351252,-1.164721,234.38,0.462248,20.1101,0.7550
315,0.000539,0.079351,629.42,679.49,1265.62,0.301178,0.027451,-0.754650,1.069299,1.046592,-0.182307,-0.176056,-1.002877,234.38,0.368858,19.0459,0.6785
320,0.000815,0.152324,567.60,677.25,1218.75,0.249604,0.007843,-0.188507,1.118264,0.917126,-0.395794,-0.341269,-1.109819,234.38,0.333786,15.8949,0.7668
325,0.000575,0.152193,506.67,642.54,1171.88,0.209552,0.027451,0.242603,1.249990,0.830192,-0.590199,-0.457543,-1.275042,234.38,0.377028,16.7625,0.8338
331,0.000733,0.150056,466.77,604.70,984.38,0.174112,0.011765,0.115584,1.426358,0.954285,-0.729573,-0.536225,-1.230430,234.38,0.456980,19.1443,0.8395
336,0.000586,0.111600,496.67,641.51,1031.25,0.219614,0.066667,0.153841,1.255437,0.913231,-0.613336,-0.579643,-1.129530,234.38,0.445012,19.0271,0.8262
341,0.000439,0.077128,517.47,649.78,1171.88,0.233158,0.019608,-0.081470,1.212946,0.947306,-0.437978,-0.453374,-1.187430,234.38,0.417594,18.8298,0.8000
347,0.000578,0.079295,568.60,669.76,1218.75,0.267941,0.031373,-0.379705,1.099523,1.037797,-0.231204,-0.390051,-1.136359,234.38,0.340818,18.2080,0.7546
352,0.000516,0.152008,516.12,647.01,984.38,0.235189,0.047059,0.010554,1.136636,0.880128,-0.244340,-0.551936,-1.231042,234.38,0.304902,15.4353,0.8123
357,0.000409,0.139246,520.12,652.72,984.38,0.241198,0.011765,0.333384,1.003543,0.723026,-0.149578,-0.603403,-1.306972,234.38,0.273936,14.2488,0.8353
363,0.000505,0.143381,529.31,652.93,1031.25,0.242439,0.007843,0.033623,1.137884,0.778357,-0.177749,-0.496521,-1.275594,234.38,0.289274,14.9330,0.8133
368,0.000433,0.062158,565.41,659.82,1171.88,0.252124,0.023529,-0.097237,1.023772,0.804495,-0.157432,-0.303266,-1.270332,234.38,0.281730,15.9837,0.7773
373,0.000327,0.095296,593.58,685.91,1218.75,0.278697,0.050980,-0.094026,0.919805,0.710935,-0.096585,-0.216968,-1.223162,234.38,0.266808,14.8494,0.7564
379,0.000429,0.064791,654.97,731.97,1265.62,0.315392,0.035294,-0.348379,0.862889,0.643928,-0.023956,-0.090107,-1.044375,234.38,0.241119,14.7729,0.6952
384,0.000336,0.103855,612.09,649.07,1218.75,0.255482,0.054902,-0.272483,0.831532,0.766273,0.050941,-0.069263,-1.307000,234.38,0.226126,14.0690,0.7247
389,0.000303,0.116998,584.59,667.75,1218.75,0.273754,0.113725,0.132905,0.931235,0.604802,-0.272125,-0.141403,-1.255414,234.38,0.207342,13.2124,0.7739
395,0.000354,0.064298,624.21,702.43,1265.62,0.294269,0.031373,0.010515,0.971909,0.556918,-0.357007,-0.054197,-1.128137,234.38,0.197365,13.7387,0.7469
400,0.000312,0.080523,677.99,739.01,1312.50,0.327865,0.058824,-0.269501,0.953920,0.702947,-0.441995,-0.033625,-0.911747,234.38,0.195526,14.7260,0.6932
#END {"type":"keypress","session_id":"piano_b2a0d275b8479bf7","ms":150496,"path":"/raw_C4_r03_149831.csv","rows":115}

----- END /raw_C4_r03_149831.csv -----
----- BEGIN /raw_C4_r04_152151.csv (17808 bytes) -----
#BEGIN {"type":"keypress","session_id":"piano_b2a0d275b8479bf7","ms":152360,"key":"C4","rep":4,"reps_per_key":5,"fs_hz":48000,"hop":256,"n_fft":1024,"fmin":50.0,"fmax":3500.0,"lead_ms":150,"pre_ms":60,"post_ms":400,"stored_pre_ms":210,"pre_frames":40,"post_frames":75,"path":"/raw_C4_r04_152151.csv"}
ms_from_event,rms,flux,centroid_hz,spread_hz,rolloff85_hz,flatness,zcr,band0,band1,band2,band3,band4,band5,peak_hz,peak_mag,peak_ratio,low_dom
-208,0.000122,0.177809,852.51,979.86,2343.75,0.473003,0.094118,-0.612474,0.915043,0.830378,-0.513817,-0.481248,-0.137882,234.38,0.071387,15.6478,0.6132
-203,0.000150,0.160207,943.23,1032.03,2437.50,0.517334,0.066667,-0.890064,0.851894,0.765720,-0.417481,-0.410590,0.100521,234.38,0.072646,16.1585,0.5339
-197,0.000140,0.234775,783.65,977.97,2109.38,0.428625,0.121569,-0.547009,1.023252,0.924351,-0.540702,-0.695433,-0.164461,234.38,0.085654,16.6826,0.6611
-192,0.000113,0.177051,682.82,846.30,1359.38,0.332458,0.125490,-0.671266,1.097184,1.135104,-0.521632,-0.624543,-0.414847,234.38,0.083586,16.6088,0.6754
-187,0.000135,0.146774,775.27,876.16,1828.12,0.450212,0.094118,-0.910738,0.952678,1.010144,-0.352143,-0.387707,-0.312233,234.38,0.074446,14.8924,0.5917
-181,0.000167,0.171466,893.80,972.44,2156.25,0.524144,0.066667,-0.773783,0.865144,0.686069,-0.444842,-0.266866,-0.065724,234.38,0.074286,16.4970,0.5528
-176,0.000213,0.301858,779.70,937.67,2015.62,0.427757,0.023529,-0.680418,1.123442,0.889085,-0.766443,-0.421654,-0.144012,234.38,0.102199,17.8009,0.6235
-171,0.000156,0.189907,711.55,889.07,1734.38,0.392988,0.082353,-0.676813,1.208814,1.005416,-0.709969,-0.529432,-0.298013,234.38,0.127598,19.2677,0.6637
-165,0.000172,0.123213,701.31,871.06,1687.50,0.388246,0.050980,-0.368011,1.091714,0.853251,-0.571291,-0.533878,-0.471785,234.38,0.121088,18.8438,0.7036
-160,0.000187,0.119009,755.81,884.04,1781.25,0.414605,0.078431,-0.759455,1.046913,0.853728,-0.478337,-0.284904,-0.377945,234.38,0.115201,18.4081,0.6166
-155,0.000139,0.132523,733.23,867.74,1781.25,0.378955,0.105882,-0.904547,1.117573,0.933272,-0.374421,-0.388318,-0.383559,234.38,0.119668,19.2629,0.6207
-149,0.000113,0.138354,790.76,928.35,1921.88,0.424028,0.082353,-0.698441,1.083890,0.901018,-0.642114,-0.398927,-0.245427,234.38,0.101111,16.7273,0.6260
-144,0.000118,0.093802,956.91,1041.92,2343.75,0.488860,0.086275,-0.854720,0.948624,0.968142,-0.848488,-0.269842,0.056285,281.25,0.077581,16.6391,0.5384
-139,0.000179,0.188537,914.88,1003.82,2296.88,0.495648,0.031373,-0.826969,0.943730,0.849897,-0.559440,-0.409770,0.002551,234.38,0.068614,15.7642,0.5651
-133,0.000154,0.274534,734.73,908.53,1968.75,0.376060,0.066667,-0.605343,1.187647,0.853694,-0.555790,-0.707614,-0.172592,234.38,0.092692,17.9166,0.6751
-128,0.000131,0.246019,656.50,866.42,1640.62,0.353271,0.098039,-0.262825,1.176119,0.986516,-0.749803,-0.739186,-0.410820,234.38,0.104053,17.9918,0.7372
-123,0.000140,0.087690,723.47,894.38,1828.12,0.393696,0.054902,-0.285182,0.996215,0.900345,-0.539944,-0.732657,-0.338776,234.38,0.090894,17.4479,0.7091
-117,0.000146,0.168704,805.67,940.80,2015.62,0.430947,0.090196,-0.865020,1.058548,0.867212,-0.399818,-0.472447,-0.188476,234.38,0.089573,18.4749,0.6052
-112,0.000175,0.180187,841.62,947.24,2062.50,0.469168,0.070588,-1.053555,1.043667,0.865129,-0.500830,-0.237485,-0.116927,234.38,0.097644,18.0353,0.5430
-107,0.000170,0.205276,808.44,926.01,1968.75,0.417611,0.074510,-1.441375,1.109445,1.121631,-0.303892,-0.333374,-0.152434,234.38,0.104340,18.5711,0.5192
-101,0.000136,0.120037,768.20,940.59,1828.12,0.379357,0.074510,-1.177178,1.167241,1.108985,-0.231900,-0.639529,-0.227619,234.38,0.109418,19.4258,0.6055
-96,0.000165,0.108595,814.81,978.83,2156.25,0.414056,0.066667,-1.042223,1.125169,0.999280,-0.347731,-0.625616,-0.108879,234.38,0.106443,19.6392,0.6008
-91,0.000159,0.147259,848.52,983.95,2296.88,0.458052,0.066667,-1.248853,1.203720,1.041303,-0.714061,-0.343377,0.061268,234.38,0.103806,19.7314,0.5296
-85,0.000151,0.173790,794.96,975.80,2015.62,0.403187,0.086275,-0.750008,1.229494,1.059328,-0.952930,-0.447829,-0.138056,234.38,0.106580,19.8996,0.6301
-80,0.000093,0.119052,801.42,975.47,2062.50,0.434560,0.137255,-0.831132,1.180834,0.992394,-0.700498,-0.467101,-0.174498,234.38,0.100334,18.4610,0.6214
-75,0.000125,0.085420,901.10,1033.09,2484.38,0.447217,0.109804,-0.735192,1.033244,0.912456,-0.666953,-0.549871,0.006315,234.38,0.075880,16.8745,0.6037
-69,0.000126,0.134568,982.79,1033.55,2578.12,0.505322,0.105882,-1.253428,0.957849,0.814050,-0.272424,-0.352600,0.106553,234.38,0.069336,16.9308,0.4938
-64,0.000113,0.207487,925.31,1036.10,2437.50,0.485690,0.121569,-1.078480,1.065226,0.814774,-0.267686,-0.652539,0.118703,234.38,0.079330,17.0057,0.5647
-59,0.000099,0.174097,977.70,1063.96,2531.25,0.525884,0.141176,-0.958829,0.925933,0.898137,-0.401877,-0.589835,0.126471,234.38,0.072928,15.7209,0.5536
-53,0.000119,0.128556,996.70,1055.00,2484.38,0.563727,0.129412,-1.260349,0.895224,0.899051,-0.432931,-0.220647,0.119653,234.38,0.064002,14.3621,0.4670
-48,0.000168,0.196185,836.76,980.40,2203.12,0.465342,0.086275,-0.531793,0.867215,0.821093,-0.456960,-0.583368,-0.116189,234.38,0.063781,15.4903,0.6266
-43,0.000150,0.319497,669.24,862.96,1593.75,0.360130,0.098039,-0.381833,1.190309,0.984115,-0.621105,-0.797663,-0.373824,234.38,0.087344,17.5862,0.7291
-37,0.000148,0.170985,730.04,911.78,1921.88,0.378848,0.066667,-0.550538,1.197597,1.024494,-0.754981,-0.688989,-0.227582,234.38,0.101204,18.9113,0.6861
-32,0.000179,0.140548,847.70,982.44,2156.25,0.457017,0.062745,-0.933994,1.108946,0.973490,-0.578556,-0.518666,-0.051220,234.38,0.103009,18.7109,0.5920
-27,0.000177,0.224692,864.86,990.70,2250.00,0.465912,0.129412,-1.015900,1.082104,0.791806,-0.505340,-0.366709,0.014039,234.38,0.111624,18.8932,0.5522
-21,0.000278,0.308565,614.22,823.31,1359.38,0.376078,0.023529,0.169014,1.104871,0.687181,-0.538446,-0.826251,-0.596367,234.38,0.115518,15.0733,0.7938
-16,0.000166,0.188486,507.96,741.95,937.50,0.296003,0.090196,0.596434,1.272554,0.712253,-0.766130,-0.936146,-0.878964,234.38,0.112607,13.2464,0.8632
-11,0.000321,0.115734,498.97,756.30,796.88,0.246748,0.043137,0.795841,1.381368,0.571946,-0.881743,-1.057415,-0.809999,140.62,0.127227,17.1467,0.8831
-5,0.000398,0.244388,499.28,774.26,796.88,0.281301,0.011765,0.853583,1.397607,0.420351,-0.780602,-1.133701,-0.757240,140.62,0.159322,17.2073,0.8881
0,0.000221,0.218220,472.42,772.56,750.00,0.244663,0.031373,1.129564,1.425510,0.299235,-0.991061,-1.122952,-0.740297,140.62,0.203077,19.6246,0.9011
5,0.013102,0.917980,679.30,748.39,1546.88,0.420154,0.007843,-0.171860,0.620220,0.708578,0.096900,-0.323209,-0.930629,187.50,0.818320,6.4861,0.7008
11,0.014293,0.744355,638.89,669.40,1171.88,0.351168,0.011765,-0.652372,0.738365,0.977359,0.381993,-0.374179,-1.071165,234.38,4.313166,8.7454,0.6826
16,0.013885,0.281256,638.06,656.92,1125.00,0.259673,0.011765,-1.322769,0.896178,1.174933,0.586947,-0.341412,-0.993877,234.38,7.698706,13.4851,0.6117
21,0.012080,0.038865,650.49,664.34,1218.75,0.180725,0.007843,-2.388316,1.113915,1.398730,0.816534,-0.149370,-0.791493,234.38,8.319418,16.3975,0.4584
27,0.012687,0.011759,653.95,666.81,1218.75,0.165658,0.011765,-2.150633,1.067823,1.343222,0.755509,-0.191941,-0.823981,234.38,8.085781,16.5332,0.4916
32,0.014164,0.009972,658.81,669.08,1265.62,0.171108,0.007843,-2.655221,1.155100,1.442609,0.852927,-0.077914,-0.717501,234.38,7.915623,16.5813,0.4128
37,0.011584,0.018272,663.86,678.99,1406.25,0.183460,0.011765,-2.334733,1.082981,1.375827,0.772849,-0.146644,-0.750280,234.38,7.833885,16.4526,0.4558
43,0.012197,0.012098,662.79,681.13,1406.25,0.166497,0.007843,-2.239777,1.073773,1.352718,0.728206,-0.158577,-0.756342,234.38,7.784243,16.4855,0.4687
48,0.013496,0.010605,670.19,689.60,1453.12,0.177913,0.011765,-2.074964,1.041013,1.301043,0.672744,-0.181066,-0.758769,234.38,7.683104,16.6264,0.4882
53,0.011545,0.015136,671.60,682.28,1453.12,0.177163,0.011765,-2.906925,1.195638,1.480562,0.827403,-0.001782,-0.594896,234.38,7.620230,16.8013,0.3642
59,0.011925,0.020021,668.38,682.32,1453.12,0.179486,0.007843,-2.225530,1.073900,1.347840,0.669350,-0.132236,-0.733325,234.38,7.596844,16.7757,0.4643
64,0.012100,0.023492,677.32,696.66,1453.12,0.188126,0.011765,-2.377511,1.112342,1.358706,0.671335,-0.086838,-0.678033,234.38,7.628349,16.9368,0.4378
69,0.009826,0.295202,781.29,762.72,1687.50,0.446164,0.011765,-1.691468,0.746752,0.996230,0.462586,0.052792,-0.566891,234.38,6.518096,11.3169,0.4464
75,0.010648,0.301089,909.25,819.50,1828.12,0.571010,0.007843,-1.226170,0.296298,0.577442,0.509478,0.199971,-0.357019,187.50,4.661399,6.6692,0.4046
80,0.007609,0.106592,817.04,785.24,1734.38,0.473018,0.011765,-1.500307,0.677575,0.841201,0.462274,0.048693,-0.529437,234.38,5.355200,10.3589,0.4574
85,0.007485,0.058347,705.43,686.20,1500.00,0.184095,0.007843,-2.128992,1.019122,1.182510,0.647051,0.036925,-0.756616,234.38,5.703187,16.0215,0.4514
91,0.007139,0.019325,718.97,684.36,1500.00,0.215494,0.011765,-1.943127,0.941065,1.111629,0.668676,0.086983,-0.865227,234.38,4.930236,15.5424,0.4721
96,0.005806,0.019814,718.69,696.37,1500.00,0.239108,0.011765,-1.879839,0.938158,1.116958,0.656877,0.073292,-0.905446,234.38,4.364848,15.4908,0.4863
101,0.006380,0.028181,699.33,693.28,1453.12,0.222526,0.007843,-1.937896,1.005121,1.170773,0.644554,0.059937,-0.942488,234.38,4.107448,16.0420,0.4937
107,0.006180,0.022909,691.54,678.28,1453.12,0.230135,0.011765,-2.613483,1.169785,1.305324,0.742176,0.230878,-0.834679,234.38,3.989365,16.7817,0.3965
112,0.004549,0.044259,679.26,667.86,1453.12,0.223967,0.011765,-1.634061,0.976210,1.108993,0.530736,0.053542,-1.035421,234.38,3.799739,16.4701,0.5404
117,0.005021,0.045494,677.06,676.40,1406.25,0.231235,0.007843,-1.486092,0.968421,1.044982,0.492823,0.021811,-1.041944,234.38,3.549865,15.9214,0.5625
123,0.003488,0.016784,711.22,691.17,1453.12,0.233187,0.019608,-1.714393,0.937837,1.067593,0.510881,0.112471,-0.914389,234.38,3.120020,16.1552,0.5032
128,0.003291,0.031481,721.87,681.93,1453.12,0.240849,0.015686,-1.816185,0.927795,1.020902,0.540912,0.170121,-0.843545,234.38,2.647176,15.0861,0.4732
133,0.003006,0.034912,802.90,729.52,1546.88,0.269139,0.027451,-1.750545,0.754537,0.891957,0.529148,0.222294,-0.647390,234.38,2.175413,14.2672,0.4291
139,0.002696,0.066803,792.45,733.58,1640.62,0.279318,0.027451,-1.417428,0.726257,0.802069,0.413597,0.182279,-0.706773,234.38,1.899636,12.8669,0.4792
144,0.002343,0.039762,837.43,743.40,1687.50,0.308592,0.015686,-1.352080,0.619039,0.757915,0.366597,0.276680,-0.668151,234.38,1.652652,12.3320,0.4574
149,0.001844,0.038517,849.72,740.43,1734.38,0.304340,0.027451,-1.314056,0.651319,0.687325,0.243116,0.381026,-0.648730,234.38,1.491107,12.2328,0.4508
155,0.001823,0.050010,867.03,777.29,1734.38,0.314285,0.023529,-0.855682,0.658193,0.498746,-0.024902,0.376161,-0.652515,234.38,1.256026,11.9775,0.5099
160,0.001369,0.036290,881.65,789.55,1734.38,0.293562,0.035294,-0.518986,0.689984,0.337667,-0.259337,0.457255,-0.706584,234.38,1.031069,11.6216,0.5523
165,0.001574,0.045071,916.98,789.45,1734.38,0.283449,0.035294,-0.589433,0.623435,0.382512,-0.285528,0.527934,-0.658921,234.38,0.784600,10.2299,0.5206
171,0.001306,0.086495,906.94,762.10,1734.38,0.260209,0.031373,-1.073013,0.621876,0.542993,0.007558,0.543450,-0.642864,234.38,0.750542,10.2398,0.4561
176,0.001877,0.116593,880.32,732.59,1687.50,0.261964,0.027451,-1.060666,0.465975,0.605702,0.242271,0.464130,-0.717412,234.38,0.719439,9.3412,0.4574
181,0.001292,0.124317,831.89,712.23,1546.88,0.252815,0.035294,-0.923951,0.500105,0.529605,0.341887,0.362472,-0.810118,234.38,0.747316,9.1485,0.5030
187,0.001646,0.077375,778.85,685.09,1265.62,0.234650,0.023529,-0.571700,0.527783,0.421818,0.339624,0.274882,-0.992407,234.38,0.636547,7.7609,0.5834
192,0.001062,0.072359,750.12,660.73,1265.62,0.227314,0.035294,-0.179001,0.521194,0.294859,0.323287,0.260959,-1.221299,140.62,0.628713,8.3596,0.6573
197,0.000997,0.058956,713.01,641.76,1265.62,0.228195,0.047059,-0.115290,0.616156,0.242566,0.394887,0.256935,-1.395254,140.62,0.576849,8.1654,0.6941
203,0.000743,0.018120,793.84,645.72,1265.62,0.244225,0.035294,-0.371822,0.408241,0.328165,0.535064,0.438429,-1.338078,140.62,0.394988,7.3691,0.6149
208,0.001123,0.049221,777.56,643.76,1265.62,0.245909,0.015686,-0.368374,0.522629,0.328395,0.460747,0.462212,-1.405609,234.38,0.342686,7.0982,0.6339
213,0.000658,0.076899,734.17,651.98,1265.62,0.237756,0.035294,-0.175888,0.635957,0.342510,0.278216,0.377674,-1.458468,234.38,0.379240,8.0938,0.6836
219,0.001034,0.075654,729.16,672.15,1312.50,0.243832,0.007843,-0.290617,0.668251,0.447054,0.200490,0.312241,-1.337418,234.38,0.436514,9.9796,0.6685
224,0.000761,0.073004,693.76,695.02,1312.50,0.258238,0.035294,-0.197594,0.805639,0.395965,0.040156,0.203319,-1.247485,234.38,0.441657,10.6285,0.6955
229,0.000845,0.123476,643.20,702.92,1312.50,0.250694,0.023529,0.251355,0.899427,0.099917,-0.075557,0.032064,-1.207207,140.62,0.485922,12.7434,0.7619
235,0.000684,0.038855,677.34,740.27,1453.12,0.280555,0.035294,0.323447,0.908147,-0.146418,-0.120746,0.048672,-1.013101,140.62,0.505519,15.0874,0.7499
240,0.000828,0.065571,711.21,767.65,1500.00,0.298485,0.007843,0.355911,0.920839,-0.303833,-0.166841,0.089502,-0.895578,140.62,0.486664,15.3558,0.7391
245,0.000484,0.087416,669.78,746.57,1453.12,0.250266,0.027451,0.302910,0.984876,-0.109940,-0.217708,0.000421,-0.960560,140.62,0.443176,14.3485,0.7547
251,0.000685,0.065113,711.22,751.96,1500.00,0.310065,0.007843,0.148876,0.882794,-0.052602,-0.081641,-0.024641,-0.872786,140.62,0.390407,13.1173,0.7240
256,0.000436,0.035250,723.36,739.31,1500.00,0.288643,0.050980,0.122152,0.874302,-0.081980,-0.074259,0.018177,-0.858393,140.62,0.329475,11.9548,0.7147
261,0.000498,0.075671,725.30,714.22,1500.00,0.279665,0.027451,-0.108196,0.846637,0.193380,-0.061885,0.043049,-0.912985,234.38,0.267720,10.6288,0.6909
267,0.000322,0.082833,757.26,722.20,1500.00,0.320886,0.035294,-0.445619,0.755807,0.372407,0.051464,0.065278,-0.799337,234.38,0.248526,10.7530,0.6276
272,0.000375,0.062485,758.12,742.35,1500.00,0.361530,0.039216,-0.305510,0.699953,0.274328,0.122810,-0.014200,-0.777381,234.38,0.184754,8.6245,0.6441
277,0.000381,0.077984,776.70,770.91,1500.00,0.377270,0.035294,-0.362065,0.618620,0.295443,0.168020,-0.019819,-0.700199,234.38,0.165104,8.5150,0.6197
283,0.000654,0.115064,804.53,767.81,1546.88,0.373699,0.007843,-0.808113,0.622941,0.559782,0.131088,0.114004,-0.619701,234.38,0.242637,14.1545,0.5400
288,0.000633,0.262230,700.76,765.76,1406.25,0.293990,0.058824,-0.849176,0.966841,0.795577,-0.156404,-0.081227,-0.675612,234.38,0.340841,16.8552,0.6076
293,0.000640,0.167154,652.72,730.33,1265.62,0.275781,0.011765,-0.946227,1.084421,0.918389,-0.182489,-0.086270,-0.787824,234.38,0.441758,19.3150,0.6239
299,0.000693,0.125639,598.39,670.91,1218.75,0.235485,0.015686,-0.463212,1.112239,0.810948,-0.161115,-0.171498,-1.127361,234.38,0.445916,18.0557,0.7259
304,0.000587,0.082227,591.14,688.38,1218.75,0.247682,0.011765,-0.133965,1.064345,0.728286,-0.258210,-0.268688,-1.131769,234.38,0.435301,17.9978,0.7623
309,0.000581,0.109032,611.38,695.22,1218.75,0.274210,0.007843,-0.435321,1.100379,0.777635,-0.200303,-0.233396,-1.008994,234.38,0.410549,16.6194,0.7219
315,0.000533,0.103138,663.28,721.19,1265.62,0.292558,0.043137,-0.378568,0.909800,0.856817,-0.139917,-0.256640,-0.991492,234.38,0.333810,16.1532,0.7088
320,0.000743,0.124449,590.37,670.91,1218.75,0.265259,0.027451,-0.527171,1.135919,0.948700,-0.108863,-0.370551,-1.078035,234.38,0.347552,17.1702,0.7367
325,0.000726,0.172987,525.11,646.50,984.38,0.235854,0.015686,-0.005445,1.193928,0.945910,-0.224365,-0.732354,-1.177674,234.38,0.385990,17.9954,0.8248
331,0.000782,0.217487,489.94,650.71,796.88,0.222958,0.011765,0.054953,1.341648,0.945869,-0.338872,-0.888659,-1.114939,234.38,0.472303,18.0579,0.8455
336,0.000718,0.120951,518.64,654.03,984.38,0.235648,0.007843,-0.005458,1.201937,0.963208,-0.309235,-0.735235,-1.115216,234.38,0.495252,18.7394,0.8210
341,0.000626,0.094413,551.09,659.14,1171.88,0.236525,0.027451,-0.649961,1.262632,1.071732,-0.237793,-0.367539,-1.079072,234.38,0.501253,20.8447,0.7368
347,0.000661,0.047654,591.21,657.40,1218.75,0.242785,0.019608,-1.006573,1.200959,1.135397,-0.117650,-0.144174,-1.067960,234.38,0.449237,21.1527,0.6689
352,0.000724,0.161032,555.94,656.82,1171.88,0.235598,0.031373,-0.306611,1.108081,0.899033,-0.162152,-0.366130,-1.172222,234.38,0.420678,17.7903,0.7631
357,0.000573,0.127182,526.47,635.32,1031.25,0.225737,0.011765,0.044159,1.068773,0.854039,-0.187885,-0.494847,-1.284238,234.38,0.408041,16.5856,0.8094
363,0.000583,0.095977,556.82,647.49,1078.12,0.220229,0.011765,-0.348602,1.115696,0.904106,-0.109211,-0.391346,-1.170644,234.38,0.422610,17.5538,0.7622
368,0.000566,0.035575,604.54,656.49,1171.88,0.238283,0.023529,-1.262518,1.183540,1.137749,0.121581,-0.162262,-1.018089,234.38,0.403905,20.0410,0.6343
373,0.000462,0.086450,582.59,643.97,1171.88,0.225215,0.050980,-0.812636,1.135514,0.983586,0.112277,-0.338055,-1.080686,234.38,0.387618,19.8652,0.7049
379,0.000523,0.057603,587.17,651.36,1171.88,0.225740,0.039216,-0.719394,1.099056,0.937242,0.134982,-0.368149,-1.083737,234.38,0.353383,18.2973,0.7142
384,0.000399,0.074771,610.27,634.45,1171.88,0.246682,0.074510,-0.742305,0.986149,0.948837,0.202354,-0.195229,-1.199807,234.38,0.307707,16.5005,0.6941
389,0.000422,0.086521,619.85,670.70,1218.75,0.275063,0.035294,-0.384271,0.888954,0.813554,0.110239,-0.263770,-1.164706,234.38,0.279029,15.1358,0.7244
395,0.000462,0.046753,621.64,668.66,1218.75,0.277341,0.062745,-0.499927,0.938124,0.831062,0.093260,-0.246280,-1.116239,234.38,0.269992,15.4685,0.7110
400,0.000435,0.046510,634.24,658.57,1218.75,0.279514,0.027451,-0.834020,0.992420,0.931827,0.174607,-0.171439,-1.093395,234.38,0.273592,16.4244,0.6708
#END {"type":"keypress","session_id":"piano_b2a0d275b8479bf7","ms":152810,"path":"/raw_C4_r04_152151.csv","rows":115}

----- END /raw_C4_r04_152151.csv -----
----- BEGIN /raw_C4_r05_155036.csv (17855 bytes) -----
#BEGIN {"type":"keypress","session_id":"piano_b2a0d275b8479bf7","ms":155246,"key":"C4","rep":5,"reps_per_key":5,"fs_hz":48000,"hop":256,"n_fft":1024,"fmin":50.0,"fmax":3500.0,"lead_ms":150,"pre_ms":60,"post_ms":400,"stored_pre_ms":210,"pre_frames":40,"post_frames":75,"path":"/raw_C4_r05_155036.csv"}
ms_from_event,rms,flux,centroid_hz,spread_hz,rolloff85_hz,flatness,zcr,band0,band1,band2,band3,band4,band5,peak_hz,peak_mag,peak_ratio,low_dom
-208,0.000168,0.089429,720.12,866.57,1734.38,0.378902,0.058824,-1.023012,1.277029,1.084659,-0.616837,-0.386776,-0.335063,234.38,0.127420,21.8055,0.6196
-203,0.000148,0.083606,747.60,913.31,1781.25,0.390105,0.082353,-1.186781,1.290757,1.082529,-0.518885,-0.425858,-0.241763,234.38,0.123487,21.4207,0.5953
-197,0.000180,0.093440,857.44,990.62,2203.12,0.451472,0.050980,-1.402524,1.239271,1.036299,-0.509911,-0.349192,-0.013942,234.38,0.114062,21.2307,0.5250
-192,0.000179,0.120149,727.21,917.07,1875.00,0.370223,0.082353,-0.635308,1.239087,0.968171,-0.709021,-0.550785,-0.312145,234.38,0.113161,20.8523,0.6755
-187,0.000179,0.145245,678.94,859.63,1687.50,0.349838,0.039216,-0.495232,1.228003,1.011024,-0.658353,-0.645388,-0.440053,234.38,0.118617,20.4048,0.7128
-181,0.000158,0.120579,719.85,902.40,1734.38,0.367541,0.074510,-1.044531,1.305454,1.086728,-0.563689,-0.525255,-0.258707,234.38,0.121456,21.7990,0.6277
-176,0.000152,0.087857,753.43,907.44,1828.12,0.401179,0.054902,-1.347294,1.253253,1.125224,-0.502852,-0.304567,-0.223764,234.38,0.115588,21.7994,0.5541
-171,0.000146,0.071486,773.13,930.70,1921.88,0.393236,0.082353,-1.448107,1.307247,1.137204,-0.533750,-0.356708,-0.105886,234.38,0.107619,22.0582,0.5401
-165,0.000135,0.113328,744.04,898.75,1828.12,0.387188,0.098039,-1.064041,1.201750,1.036640,-0.404734,-0.511320,-0.258295,234.38,0.098410,20.3283,0.6115
-160,0.000163,0.127428,817.90,943.95,2015.62,0.447145,0.062745,-0.916145,1.117762,0.975566,-0.570196,-0.427032,-0.179955,234.38,0.089650,19.4851,0.5997
-155,0.000166,0.207409,874.15,991.91,2203.12,0.470080,0.121569,-1.237257,1.131398,0.994598,-0.567565,-0.360059,0.038886,234.38,0.096766,18.8822,0.5269
-149,0.000159,0.218209,758.51,871.54,1687.50,0.437766,0.047059,-1.206792,1.138310,0.997975,-0.273541,-0.325102,-0.330851,234.38,0.110320,19.0278,0.5729
-144,0.000178,0.151952,774.80,900.18,1875.00,0.430763,0.105882,-0.883984,1.103160,0.952070,-0.425424,-0.463783,-0.282039,234.38,0.110988,18.9488,0.6183
-139,0.000192,0.090002,747.42,902.78,1828.12,0.415974,0.078431,-0.797353,1.210217,0.942614,-0.598601,-0.442230,-0.314647,234.38,0.114401,20.3331,0.6422
-133,0.000193,0.140182,689.96,862.43,1546.88,0.388963,0.066667,-0.769234,1.235862,1.013190,-0.569348,-0.429609,-0.480862,234.38,0.126265,21.3344,0.6656
-128,0.000190,0.114312,678.10,857.23,1546.88,0.339766,0.062745,-1.126682,1.393983,1.129778,-0.645743,-0.428724,-0.322613,234.38,0.134661,22.9005,0.6246
-123,0.000181,0.091969,697.63,892.02,1687.50,0.347853,0.043137,-1.128982,1.384465,1.127865,-0.480041,-0.682092,-0.221215,234.38,0.132812,23.4048,0.6409
-117,0.000164,0.105206,725.96,906.89,1921.88,0.377572,0.090196,-0.740999,1.255696,1.024848,-0.708663,-0.615998,-0.214885,234.38,0.125466,21.9655,0.6621
-112,0.000164,0.097509,773.02,913.35,1875.00,0.417168,0.078431,-1.218825,1.231644,1.049410,-0.561257,-0.333950,-0.167022,234.38,0.120176,20.9544,0.5639
-107,0.000146,0.097240,791.32,932.21,1968.75,0.427434,0.058824,-1.166895,1.200182,1.037951,-0.540459,-0.377783,-0.152994,234.38,0.110345,20.5563,0.5700
-101,0.000144,0.114577,889.68,1021.95,2343.75,0.467887,0.066667,-1.106658,1.149394,0.985460,-0.533861,-0.539719,0.045385,234.38,0.102672,19.8969,0.5667
-96,0.000141,0.130108,907.73,1015.95,2343.75,0.467048,0.039216,-1.134971,1.127398,0.929479,-0.501501,-0.548726,0.128321,234.38,0.097568,18.1245,0.5514
-91,0.000112,0.120603,934.08,1019.41,2343.75,0.494922,0.129412,-1.189501,0.992164,0.937074,-0.374356,-0.461187,0.095806,234.38,0.088251,17.8315,0.5210
-85,0.000165,0.146265,869.20,971.68,2062.50,0.492531,0.023529,-0.881016,0.916999,0.857601,-0.421960,-0.283855,-0.187768,234.38,0.082843,16.1964,0.5631
-80,0.000154,0.153905,885.28,961.02,2109.38,0.485167,0.074510,-0.912553,0.954127,0.783781,-0.485163,-0.204829,-0.135362,234.38,0.091713,17.0501,0.5476
-75,0.000191,0.124678,808.90,912.26,2062.50,0.408443,0.047059,-1.948295,1.348102,1.164904,-0.472169,-0.124310,0.031770,234.38,0.107360,21.7444,0.4369
-69,0.000190,0.165825,756.56,907.83,1875.00,0.358168,0.090196,-1.089782,1.326100,1.054178,-0.824844,-0.295106,-0.170546,234.38,0.120549,22.8395,0.5869
-64,0.000204,0.159166,757.26,927.83,1828.12,0.389778,0.070588,-1.390833,1.418526,1.156135,-0.820999,-0.245188,-0.117642,234.38,0.132778,23.1156,0.5487
-59,0.000180,0.104219,676.92,855.57,1593.75,0.352523,0.090196,-1.523149,1.474500,1.313289,-0.639435,-0.415756,-0.209449,234.38,0.136126,24.0478,0.5716
-53,0.000183,0.125536,740.39,919.59,1921.88,0.397097,0.062745,-1.211821,1.300401,1.148079,-0.554690,-0.563112,-0.118857,234.38,0.131998,22.1922,0.5951
-48,0.000196,0.098657,755.39,929.67,2015.62,0.406039,0.062745,-0.981503,1.202434,1.042654,-0.458426,-0.659826,-0.145333,234.38,0.128599,21.4777,0.6255
-43,0.000146,0.101498,747.24,921.75,1968.75,0.372526,0.074510,-1.510634,1.395887,1.227937,-0.636867,-0.424554,-0.051772,234.38,0.128939,22.2392,0.5451
-37,0.000155,0.073372,815.75,985.58,2109.38,0.395734,0.047059,-1.561064,1.412998,1.281728,-0.896591,-0.322376,0.085305,234.38,0.116126,21.9300,0.5111
-32,0.000163,0.090088,823.77,977.22,2062.50,0.406227,0.121569,-1.292857,1.270933,1.213181,-0.804683,-0.411870,0.025298,234.38,0.102270,20.9779,0.5455
-27,0.000127,0.161457,825.19,967.93,2062.50,0.461873,0.090196,-1.392665,1.180471,1.108300,-0.440749,-0.399536,-0.055820,234.38,0.103746,19.4269,0.5304
-21,0.000195,0.113597,859.59,975.76,2109.38,0.472470,0.023529,-1.132130,1.090465,0.989858,-0.604763,-0.240322,-0.103108,234.38,0.096824,18.5539,0.5376
-16,0.000160,0.229827,794.75,968.10,1968.75,0.445942,0.082353,-0.179360,1.074913,0.702493,-0.855676,-0.456274,-0.286095,234.38,0.099429,16.4394,0.6940
-11,0.000240,0.250648,710.43,919.83,1828.12,0.424977,0.039216,0.314782,1.081732,0.528654,-0.917156,-0.626845,-0.381168,234.38,0.098666,13.1183,0.7689
-5,0.000211,0.161292,571.75,800.42,1312.50,0.314035,0.090196,0.535812,1.211445,0.541720,-0.751159,-0.816415,-0.721402,140.62,0.095577,12.1698,0.8379
0,0.000390,0.150297,560.09,775.23,1265.62,0.320887,0.019608,0.659093,1.108116,0.498299,-0.471961,-0.917019,-0.876526,140.62,0.133579,17.3979,0.8557
5,0.010504,0.926662,727.07,808.63,1734.38,0.432302,0.011765,-0.144479,0.489102,0.671759,0.159996,-0.620703,-0.555675,234.38,0.597193,5.7043,0.6815
11,0.010420,0.713171,690.72,770.13,1453.12,0.384850,0.011765,-0.507411,0.744358,0.787685,0.393631,-0.769010,-0.649251,234.38,3.287271,9.0235,0.6958
16,0.009762,0.287816,681.38,762.12,1406.25,0.308120,0.007843,-1.179854,0.956751,1.064690,0.535326,-0.753719,-0.623193,234.38,6.053655,14.2635,0.6404
21,0.009258,0.050312,671.55,746.42,1218.75,0.184543,0.011765,-2.346759,1.211039,1.419919,0.801756,-0.633302,-0.452653,234.38,6.430290,17.4789,0.4938
27,0.010089,0.012776,669.28,741.35,984.38,0.180331,0.011765,-2.635638,1.267584,1.507349,0.923714,-0.705550,-0.357460,234.38,6.109976,17.2973,0.4619
32,0.008675,0.025753,681.98,756.33,1171.88,0.185420,0.007843,-2.326098,1.173913,1.425842,0.840528,-0.723410,-0.390774,234.38,5.871124,16.8682,0.4953
37,0.008513,0.022444,701.05,771.71,1312.50,0.200244,0.019608,-2.709125,1.221291,1.460475,0.882316,-0.554688,-0.300269,234.38,5.725941,16.7344,0.4215
43,0.009768,0.013239,698.33,766.02,1406.25,0.183046,0.015686,-2.484739,1.178172,1.420410,0.840034,-0.604832,-0.349046,234.38,5.563292,16.7989,0.4560
48,0.008193,0.025754,696.54,760.02,1265.62,0.187464,0.019608,-2.759793,1.218877,1.484144,0.904265,-0.553123,-0.294371,234.38,5.427109,16.6259,0.4142
53,0.008677,0.021314,700.26,772.26,1500.00,0.195603,0.023529,-2.267531,1.133419,1.383370,0.784560,-0.677907,-0.355911,234.38,5.416772,16.8093,0.4875
59,0.010017,0.025577,697.47,773.61,1500.00,0.183911,0.011765,-2.669827,1.235580,1.463704,0.833936,-0.597465,-0.265928,234.38,5.515374,17.2477,0.4291
64,0.008667,0.043999,675.45,755.23,1453.12,0.186709,0.011765,-1.837251,1.118981,1.319133,0.631549,-0.769260,-0.463152,234.38,5.707543,17.5103,0.5639
69,0.006687,0.089574,702.90,771.33,1687.50,0.277268,0.007843,-2.410588,1.178397,1.384845,0.660991,-0.548659,-0.264985,234.38,5.716789,16.6169,0.4479
75,0.006173,0.143781,729.13,773.36,1687.50,0.342090,0.011765,-1.899884,0.956349,1.226686,0.492702,-0.444072,-0.331782,234.38,5.132468,15.4496,0.4791
80,0.006141,0.081998,712.02,767.57,1687.50,0.325772,0.011765,-1.325512,0.976690,1.074988,0.198759,-0.365044,-0.559882,234.38,4.366229,15.8745,0.5715
85,0.003774,0.059855,690.28,765.01,1640.62,0.255858,0.007843,-0.814826,0.939807,0.969549,0.140162,-0.510049,-0.724643,234.38,3.755698,16.0212,0.6637
91,0.004838,0.063372,720.73,781.56,1687.50,0.287840,0.011765,-0.793200,0.865799,0.838157,0.238030,-0.441533,-0.707251,234.38,3.098166,14.5731,0.6481
96,0.004021,0.067695,706.03,750.99,1687.50,0.286035,0.015686,-0.567962,0.793853,0.759511,0.286460,-0.422600,-0.849263,234.38,2.738350,13.3876,0.6789
101,0.004446,0.033065,719.41,776.61,1687.50,0.295634,0.011765,-0.639788,0.831958,0.804057,0.111469,-0.301492,-0.806203,234.38,2.676923,14.7854,0.6570
107,0.003426,0.053874,718.43,782.67,1687.50,0.299299,0.011765,-0.803521,0.958099,0.831401,0.036578,-0.242236,-0.780321,234.38,2.764187,16.2448,0.6430
112,0.004938,0.124658,664.48,746.38,1500.00,0.262307,0.015686,-0.461953,0.982879,0.752157,-0.004958,-0.317691,-0.950435,234.38,2.488693,14.4421,0.7098
117,0.003319,0.144022,652.88,763.96,1500.00,0.258675,0.019608,0.061877,0.904727,0.517878,-0.083723,-0.417549,-0.983210,234.38,2.150946,12.6059,0.7656
123,0.002943,0.166631,602.43,754.98,1453.12,0.259354,0.007843,0.342575,1.032687,0.322005,-0.208952,-0.474987,-1.013327,140.62,2.263379,12.6287,0.8072
128,0.002034,0.022834,671.88,799.80,1687.50,0.294959,0.003922,0.364103,0.898543,0.155264,-0.176479,-0.319387,-0.922044,140.62,1.924773,14.3190,0.7777
133,0.001802,0.017576,725.75,852.37,1734.38,0.319278,0.031373,0.370362,0.916698,0.019628,-0.355544,-0.214608,-0.736537,140.62,1.505445,15.4051,0.7538
139,0.001180,0.062593,710.54,867.52,1734.38,0.281249,0.050980,0.303862,0.967389,0.217380,-0.512091,-0.298934,-0.677604,140.62,1.033608,11.8591,0.7547
144,0.002804,0.126622,809.46,874.15,1734.38,0.327454,0.007843,-0.201447,0.638977,0.426289,-0.022525,-0.199019,-0.642275,234.38,0.735281,10.0787,0.6546
149,0.001372,0.279446,678.60,805.41,1687.50,0.305719,0.015686,0.046421,0.980008,0.458175,-0.372676,-0.249661,-0.862267,140.62,0.962748,10.6303,0.7444
155,0.003263,0.113562,629.54,773.20,1546.88,0.289861,0.003922,0.302652,1.039830,0.396539,-0.497426,-0.263685,-0.977909,140.62,1.313217,14.0599,0.7845
160,0.002040,0.147456,543.21,715.62,1218.75,0.245961,0.015686,0.654898,1.106241,0.197767,-0.347554,-0.391723,-1.219629,140.62,1.595365,16.7382,0.8437
165,0.002182,0.091771,504.18,676.28,1125.00,0.215138,0.003922,0.761405,1.211112,0.188957,-0.394016,-0.454615,-1.312844,140.62,1.757719,18.7878,0.8665
171,0.001375,0.053059,537.91,693.95,1218.75,0.244432,0.031373,0.705834,1.114028,0.008194,-0.219777,-0.310719,-1.297559,140.62,1.471709,18.2057,0.8474
176,0.001408,0.143043,575.38,668.33,1218.75,0.251604,0.023529,0.338643,0.882014,0.379713,0.063825,-0.261385,-1.402809,140.62,1.057124,14.4543,0.8088
181,0.001182,0.097469,589.82,636.99,1171.88,0.251638,0.050980,0.030887,0.808740,0.586689,0.318805,-0.264104,-1.481017,140.62,0.736737,10.5752,0.7845
187,0.001759,0.042581,622.16,673.84,1218.75,0.280580,0.023529,0.125423,0.571937,0.538230,0.365974,-0.323301,-1.278263,140.62,0.686181,12.5486,0.7594
192,0.001040,0.274511,493.65,626.58,984.38,0.225599,0.003922,0.472077,1.071923,0.525864,-0.092060,-0.592745,-1.385059,140.62,0.890857,13.9069,0.8533
197,0.001544,0.031509,503.38,652.53,1031.25,0.216685,0.035294,0.639759,1.068081,0.211361,-0.143795,-0.515504,-1.259902,140.62,0.939683,18.3836,0.8509
203,0.001306,0.114510,512.05,671.98,984.38,0.236685,0.031373,0.588001,1.083132,0.412178,-0.294963,-0.609050,-1.179298,140.62,0.869332,16.8967,0.8494
208,0.000809,0.088391,510.12,711.92,1078.12,0.235449,0.031373,0.788111,1.136973,0.223793,-0.500864,-0.604144,-1.043869,140.62,0.880369,17.7481,0.8565
213,0.000811,0.087668,543.13,740.35,1218.75,0.263907,0.019608,0.746328,1.152801,0.053297,-0.672211,-0.344018,-0.936198,140.62,0.654368,15.9130,0.8306
219,0.000588,0.101479,641.17,781.22,1359.38,0.316681,0.011765,0.372571,0.910675,0.460107,-0.655309,-0.235407,-0.852636,140.62,0.443892,14.6041,0.7660
224,0.000581,0.205784,597.40,742.97,1265.62,0.282170,0.031373,0.537239,1.041926,0.218381,-0.707521,-0.150931,-0.939095,140.62,0.378565,12.3980,0.7916
229,0.000589,0.143950,644.25,741.05,1312.50,0.301545,0.023529,0.293404,0.860531,0.552632,-0.615341,-0.082099,-1.009128,234.38,0.272685,10.2447,0.7545
235,0.000521,0.194631,661.08,762.51,1453.12,0.285184,0.031373,0.030894,0.907912,0.399359,-0.445822,-0.017555,-0.874787,187.50,0.301716,12.3022,0.7141
240,0.000591,0.210637,640.17,744.08,1406.25,0.306517,0.027451,0.433713,0.913465,-0.023252,-0.262322,-0.062303,-0.999301,140.62,0.324914,12.9436,0.7693
245,0.000643,0.081680,659.14,761.63,1500.00,0.354085,0.019608,0.597667,0.927779,-0.358964,-0.205458,-0.040759,-0.920264,140.62,0.393202,17.9672,0.7761
251,0.000546,0.122163,577.06,732.27,1218.75,0.312075,0.027451,0.696213,1.044750,-0.186241,-0.257695,-0.318274,-0.978754,140.62,0.412484,18.2311,0.8204
256,0.000355,0.199306,551.40,697.52,1031.25,0.276549,0.062745,0.389872,1.090174,0.276359,-0.170789,-0.517879,-1.067737,140.62,0.341423,14.2272,0.8224
261,0.000421,0.088113,646.17,731.02,1218.75,0.317622,0.062745,0.146917,0.857185,0.232760,0.042875,-0.350052,-0.929686,140.62,0.253382,12.7010,0.7580
267,0.000482,0.133695,677.90,768.20,1406.25,0.322258,0.023529,0.152443,0.848649,0.114000,-0.090609,-0.193042,-0.831442,234.38,0.178006,9.4394,0.7336
272,0.000373,0.108817,658.87,777.15,1406.25,0.311698,0.050980,0.068076,0.943391,0.317141,-0.180188,-0.316147,-0.832273,234.38,0.250560,13.1135,0.7465
277,0.000291,0.091275,710.89,807.20,1453.12,0.334944,0.066667,-0.096071,0.874496,0.433083,-0.158539,-0.310987,-0.741982,234.38,0.233152,12.7678,0.7142
283,0.000361,0.107411,785.21,813.42,1500.00,0.381795,0.027451,-0.336161,0.694313,0.471872,-0.007818,-0.100129,-0.722076,281.25,0.175646,10.9383,0.6434
288,0.000385,0.149851,748.38,776.57,1453.12,0.340400,0.031373,-0.698977,0.836944,0.560178,0.091803,-0.068301,-0.721647,234.38,0.204868,13.0539,0.6140
293,0.000449,0.142119,723.63,784.06,1406.25,0.379624,0.019608,-1.125851,0.987831,0.819639,0.079959,-0.112737,-0.648842,234.38,0.250508,16.5849,0.5773
299,0.000462,0.180359,666.83,773.34,1265.62,0.350386,0.015686,-0.417870,0.983853,0.834616,-0.241679,-0.342922,-0.815998,234.38,0.268184,17.3676,0.7032
304,0.000509,0.179107,567.02,719.28,1171.88,0.269321,0.058824,-0.236164,1.253404,0.880276,-0.511687,-0.552406,-0.833424,234.38,0.294741,17.9762,0.7688
309,0.000431,0.147736,584.82,728.28,1218.75,0.294183,0.043137,0.094000,1.057868,0.853031,-0.474425,-0.578974,-0.951500,234.38,0.269047,18.2608,0.7927
315,0.000468,0.278892,501.28,676.14,937.50,0.254820,0.015686,0.343866,1.308798,0.725958,-0.592917,-0.749050,-1.036655,234.38,0.289951,15.4583,0.8480
320,0.000359,0.102366,621.71,751.98,1453.12,0.310416,0.098039,-0.023942,1.004395,0.857675,-0.420700,-0.522828,-0.894600,234.38,0.266727,17.3843,0.7683
325,0.000391,0.202850,590.70,719.59,1218.75,0.294713,0.019608,-0.039186,1.114054,0.724902,-0.335382,-0.443461,-1.020929,234.38,0.248607,14.6198,0.7807
331,0.000531,0.095323,648.41,749.05,1312.50,0.310009,0.027451,-0.104564,0.932990,0.693671,-0.220213,-0.324892,-0.976991,234.38,0.227511,14.7659,0.7437
336,0.000542,0.214073,577.17,686.17,1218.75,0.271280,0.035294,-0.200887,1.134140,0.792839,-0.304910,-0.279816,-1.141365,234.38,0.288936,15.8279,0.7644
341,0.000497,0.156351,601.42,715.51,1265.62,0.292540,0.027451,0.033432,1.069286,0.768860,-0.367205,-0.444412,-1.059961,234.38,0.303421,17.0686,0.7864
347,0.000559,0.199463,564.62,681.66,1218.75,0.265653,0.039216,-0.111198,1.193284,0.742744,-0.277461,-0.443783,-1.103586,234.38,0.346700,16.8673,0.7883
352,0.000504,0.067241,583.40,690.42,1218.75,0.281342,0.019608,-0.295685,1.135264,0.891406,-0.228615,-0.385520,-1.116848,234.38,0.343531,18.3035,0.7633
357,0.000428,0.078795,604.50,706.37,1218.75,0.297651,0.039216,-0.355577,1.124958,0.915345,-0.289943,-0.313887,-1.080896,234.38,0.334697,18.5962,0.7469
363,0.000435,0.142176,561.78,673.83,1218.75,0.274951,0.023529,-0.165918,1.184279,0.818806,-0.320982,-0.350057,-1.166128,234.38,0.304373,16.1822,0.7803
368,0.000426,0.077487,643.06,708.05,1265.62,0.306846,0.027451,-0.228610,0.915404,0.770871,-0.210810,-0.167453,-1.079403,234.38,0.251408,16.5617,0.7245
373,0.000319,0.189303,622.85,678.20,1218.75,0.281240,0.015686,-0.969281,1.148791,0.939932,-0.031710,-0.033799,-1.053934,234.38,0.268647,17.5546,0.6533
379,0.000398,0.167927,653.38,718.16,1265.62,0.311356,0.035294,-0.376227,0.937973,0.801647,-0.176856,-0.164893,-1.021644,234.38,0.209944,14.1995,0.7056
384,0.000290,0.203772,597.67,692.03,1218.75,0.274968,0.058824,-0.062992,0.989905,0.606800,-0.097434,-0.312690,-1.123589,234.38,0.210151,12.7403,0.7652
389,0.000439,0.058279,679.29,744.68,1453.12,0.340969,0.015686,-0.212671,0.788704,0.622353,0.038235,-0.309193,-0.927429,234.38,0.205836,14.5617,0.7122
395,0.000302,0.166401,613.46,709.48,1218.75,0.312156,0.035294,-0.194723,0.975667,0.577309,0.077130,-0.406619,-1.028764,234.38,0.219628,13.8378,0.7518
400,0.000351,0.113975,607.21,706.49,1031.25,0.312408,0.039216,-0.078555,0.900354,0.620322,0.144062,-0.503621,-1.082562,234.38,0.209670,13.5401,0.7692
#END {"type":"keypress","session_id":"piano_b2a0d275b8479bf7","ms":155701,"path":"/raw_C4_r05_155036.csv","rows":115}

----- END /raw_C4_r05_155036.csv -----
=== KEY_DUMP_END key=C4 ===
NEXT: C#4
PRESS C#4  rep 1/5  then hit Enter

> REC OK: /raw_C#4_r01_165122.csv
PRESS C#4  rep 2/5  then hit Enter

> REC OK: /raw_C#4_r02_167538.csv
PRESS C#4  rep 3/5  then hit Enter

> REC OK: /raw_C#4_r03_169959.csv
PRESS C#4  rep 4/5  then hit Enter

> REC OK: /raw_C#4_r04_172359.csv
PRESS C#4  rep 5/5  then hit Enter

> REC OK: /raw_C#4_r05_174620.csv
=== KEY_DUMP_BEGIN key=C#4 files=5 ===
----- BEGIN /raw_C#4_r01_165122.csv (17804 bytes) -----
#BEGIN {"type":"keypress","session_id":"piano_b2a0d275b8479bf7","ms":165332,"key":"C#4","rep":1,"reps_per_key":5,"fs_hz":48000,"hop":256,"n_fft":1024,"fmin":50.0,"fmax":3500.0,"lead_ms":150,"pre_ms":60,"post_ms":400,"stored_pre_ms":210,"pre_frames":40,"post_frames":75,"path":"/raw_C#4_r01_165122.csv"}
ms_from_event,rms,flux,centroid_hz,spread_hz,rolloff85_hz,flatness,zcr,band0,band1,band2,band3,band4,band5,peak_hz,peak_mag,peak_ratio,low_dom
-208,0.000075,0.261814,1111.80,1001.64,2437.50,0.654307,0.223529,-1.030259,0.136973,0.648305,0.076435,-0.039893,0.208441,281.25,0.017262,5.5522,0.3703
-203,0.000091,0.264510,956.25,986.46,2203.12,0.622051,0.145098,-0.010491,0.413875,0.130871,-0.118218,-0.286370,-0.129668,140.62,0.021971,6.6441,0.6010
-197,0.000083,0.324599,1055.49,1118.59,2765.62,0.575043,0.219608,0.251446,0.756205,-0.354837,-0.480323,-0.338413,0.165922,140.62,0.045840,12.2655,0.6434
-192,0.000060,0.165879,1035.30,1118.80,2671.88,0.564218,0.356863,0.412213,0.744689,-0.287370,-0.771107,-0.313247,0.214822,140.62,0.046240,11.8890,0.6520
-187,0.000051,0.163142,1171.93,1134.32,2812.50,0.646929,0.333333,0.132680,0.380019,-0.059923,-0.514503,-0.182004,0.243731,140.62,0.028075,8.4295,0.5561
-181,0.000074,0.134174,1260.00,1110.04,2859.38,0.722661,0.200000,-0.396014,0.180503,0.084808,-0.143464,-0.010626,0.284792,140.62,0.017619,6.0388,0.4391
-176,0.000076,0.282984,1266.71,1136.81,2859.38,0.663810,0.223529,-0.968724,0.469972,0.497463,-0.411238,-0.064044,0.476573,234.38,0.021704,6.8862,0.3880
-171,0.000078,0.256242,1222.49,1110.38,2765.62,0.652223,0.286275,-0.914058,0.433349,0.682054,-0.524276,-0.163656,0.486587,281.25,0.036284,10.3097,0.4009
-165,0.000077,0.168978,1107.38,1053.68,2578.12,0.615606,0.184314,-0.682747,0.349237,0.622881,-0.334082,-0.165686,0.210397,281.25,0.040039,11.2089,0.4529
-160,0.000086,0.191441,1100.73,1080.72,2625.00,0.595405,0.176471,-0.789240,0.335044,0.725307,-0.241407,-0.281290,0.251586,281.25,0.036181,9.9997,0.4471
-155,0.000088,0.252716,1092.61,1108.52,2812.50,0.562325,0.168627,-0.758747,0.523693,0.645990,-0.362935,-0.179038,0.131035,281.25,0.036056,8.9608,0.4766
-149,0.000056,0.171759,1073.76,1109.19,2718.75,0.574292,0.356863,-0.486538,0.603777,0.695281,-0.697196,-0.293220,0.177896,281.25,0.036818,9.2288,0.5290
-144,0.000050,0.153049,1002.32,1064.80,2531.25,0.547476,0.356863,-0.118775,0.565010,0.638522,-0.843302,-0.423633,0.182179,281.25,0.024273,6.8421,0.5851
-139,0.000087,0.154176,1263.29,1074.33,2671.88,0.708859,0.164706,-0.464014,0.200613,0.015721,-0.140717,0.021710,0.366687,140.62,0.015319,6.1488,0.4192
-133,0.000081,0.296743,1090.63,1068.96,2671.88,0.652242,0.117647,0.176019,0.089316,-0.166891,-0.073051,-0.109464,0.084073,281.25,0.008269,2.9704,0.5363
-128,0.000046,0.257552,1138.41,1120.63,2718.75,0.594688,0.423529,0.550281,-0.086642,-0.398448,-0.559431,0.158605,0.335634,234.38,0.006064,2.1285,0.4962
-123,0.000052,0.176069,1234.54,1113.61,2671.88,0.661509,0.360784,0.395886,0.130681,-0.608929,-0.647350,0.283694,0.446018,187.50,0.009186,3.5405,0.4746
-117,0.000063,0.214181,1335.94,1105.11,2765.62,0.741863,0.243137,-0.213893,0.163373,-0.228654,-0.388490,0.167163,0.500502,140.62,0.011675,4.9335,0.4112
-112,0.000068,0.256399,1318.61,1109.60,2765.62,0.746777,0.243137,-0.207342,-0.064469,0.111073,-0.414205,0.060123,0.514821,140.62,0.009650,3.6053,0.3957
-107,0.000054,0.230670,1183.06,1085.33,2671.88,0.637454,0.333333,0.029017,0.317007,-0.196980,-0.523057,-0.013088,0.387102,140.62,0.016871,6.2717,0.4965
-101,0.000054,0.240039,1143.10,1096.61,2671.88,0.651701,0.282353,0.222348,0.346586,-0.313110,-0.449129,-0.106664,0.299968,140.62,0.017105,6.1003,0.5468
-96,0.000055,0.214561,1270.55,1064.85,2671.88,0.757549,0.329412,-0.268196,-0.084340,-0.029330,-0.068260,0.089141,0.360985,93.75,0.010592,4.2042,0.4010
-91,0.000050,0.254660,1212.46,1084.57,2718.75,0.705680,0.356863,-0.650117,0.008976,0.443572,-0.172315,-0.031628,0.401514,328.12,0.013857,5.1028,0.3762
-85,0.000051,0.215680,1375.97,1118.10,2906.25,0.748656,0.356863,-0.643435,-0.037652,0.210769,-0.023184,-0.214223,0.707726,375.00,0.012720,5.0075,0.3573
-80,0.000056,0.181529,1520.42,1141.97,3000.00,0.718503,0.286275,-0.635733,-0.628912,0.451860,-0.337276,0.171895,0.978164,375.00,0.014611,7.0571,0.2302
-75,0.000066,0.275747,1458.95,1123.45,2953.12,0.734319,0.258824,-1.078446,-0.871554,0.716696,0.054415,0.250196,0.928694,375.00,0.020865,8.4704,0.1730
-69,0.000073,0.207711,1373.89,1117.55,3000.00,0.666486,0.180392,-1.334672,-0.712582,0.825450,0.233762,0.155330,0.832711,375.00,0.027274,10.2174,0.1798
-64,0.000061,0.292530,1232.80,1101.25,2859.38,0.622585,0.321569,-1.416490,-0.186249,0.940666,-0.072290,0.152799,0.581565,375.00,0.028425,8.6788,0.2371
-59,0.000067,0.233863,1261.49,1102.28,2859.38,0.664254,0.321569,-0.939967,-0.070490,0.566456,-0.094366,0.023440,0.514928,328.12,0.027733,8.4691,0.3155
-53,0.000071,0.227860,1169.57,1103.48,2671.88,0.661634,0.333333,-0.552176,0.317262,0.513135,-0.416801,-0.285663,0.424243,328.12,0.021412,6.2273,0.4534
-48,0.000097,0.173758,1136.66,1091.77,2531.25,0.665321,0.137255,-0.246322,0.453438,0.152546,-0.550618,-0.142866,0.333821,187.50,0.023654,8.2184,0.5020
-43,0.000200,0.358070,888.32,1027.25,2250.00,0.521465,0.105882,0.679672,0.923842,-0.720393,-0.751330,-0.118236,-0.013555,140.62,0.048449,14.1614,0.7043
-37,0.000181,0.398124,654.33,936.07,1734.38,0.378302,0.058824,1.246817,1.181024,-0.986424,-0.889468,-0.280691,-0.271256,140.62,0.087242,17.6535,0.8161
-32,0.000135,0.299929,634.96,903.20,1687.50,0.378801,0.105882,0.978867,1.115131,-0.237241,-0.894624,-0.537368,-0.424765,140.62,0.105371,15.7350,0.8217
-27,0.000155,0.130237,707.69,908.66,1734.38,0.432780,0.133333,0.651711,0.943305,-0.041479,-0.556984,-0.521903,-0.474650,140.62,0.084060,15.5060,0.7851
-21,0.000457,0.281487,649.72,909.04,1546.88,0.370350,0.035294,0.910060,1.072710,-0.288188,-0.818716,-0.495631,-0.380235,140.62,0.108747,18.9457,0.8068
-16,0.000351,0.481091,425.10,736.16,796.88,0.244340,0.019608,1.511167,1.552091,-0.584982,-1.185224,-0.680898,-0.612154,140.62,0.200334,20.3503,0.8983
-11,0.000357,0.174445,399.47,703.69,656.25,0.227911,0.031373,1.572072,1.600688,-0.717742,-1.014852,-0.743227,-0.696937,140.62,0.232864,20.2239,0.9094
-5,0.000305,0.208845,479.26,783.40,984.38,0.266079,0.054902,1.161356,1.330437,-0.178324,-1.025588,-0.725204,-0.562677,140.62,0.175434,17.1100,0.8687
0,0.000262,0.239606,496.22,795.68,1078.12,0.286703,0.011765,1.207583,1.358638,-0.482848,-0.783897,-0.645921,-0.653556,140.62,0.210416,18.7049,0.8736
5,0.005143,0.881758,1000.60,840.02,1875.00,0.649955,0.019608,-0.919524,-0.191304,0.457491,0.709591,0.241780,-0.298033,515.62,0.359356,4.2539,0.3711
11,0.004154,0.623294,938.09,801.45,1781.25,0.535109,0.019608,-1.283436,-0.145584,0.726917,0.924747,0.197173,-0.419817,468.75,1.537205,7.0611,0.3536
16,0.004436,0.223756,857.48,735.34,1734.38,0.441085,0.023529,-1.433236,-0.287794,1.067136,1.006937,0.267748,-0.620792,468.75,2.392110,10.2950,0.3354
21,0.003580,0.218546,848.61,731.39,1593.75,0.350582,0.023529,-1.347906,-0.083932,0.887021,1.007375,0.230084,-0.692641,515.62,2.421838,11.5302,0.3812
27,0.003007,0.170565,934.28,776.84,1781.25,0.490174,0.019608,-1.363763,-0.082345,0.691749,0.887907,0.384279,-0.517825,515.62,1.970007,8.6984,0.3416
32,0.002738,0.271307,1090.26,821.54,1875.00,0.638370,0.039216,-1.888189,-0.321551,0.669420,0.848467,0.794034,-0.102181,515.62,1.290864,5.6079,0.1899
37,0.003430,0.166976,1063.54,816.68,1875.00,0.551981,0.039216,-2.023173,-0.099355,0.664138,0.930954,0.658357,-0.130922,515.62,1.439983,7.8752,0.2100
43,0.003134,0.116681,914.30,786.82,1640.62,0.320436,0.027451,-1.968180,0.326026,0.866251,0.857011,0.325372,-0.406480,515.62,1.467328,9.3958,0.3142
48,0.002938,0.190809,896.54,775.83,1640.62,0.461785,0.019608,-1.613186,0.262068,0.868312,0.656426,0.299542,-0.473161,515.62,1.334000,7.6224,0.3569
53,0.002463,0.278525,925.35,818.68,1734.38,0.541019,0.027451,-1.272377,-0.080393,0.850074,0.617427,0.218841,-0.333573,328.12,1.234243,6.7112,0.3500
59,0.002512,0.076701,914.76,804.32,1640.62,0.506390,0.015686,-1.128101,-0.078379,0.790251,0.584099,0.225110,-0.392980,328.12,1.175791,7.5072,0.3730
64,0.002275,0.226085,852.70,753.28,1593.75,0.434613,0.019608,-1.277490,0.380232,0.813812,0.480737,0.198735,-0.596027,281.25,1.206779,8.3681,0.4378
69,0.002146,0.088153,882.18,771.26,1593.75,0.268609,0.027451,-1.569888,0.576048,0.830703,0.478362,0.250244,-0.565470,281.25,1.201398,10.9253,0.4160
75,0.001827,0.222438,941.78,816.96,1781.25,0.471357,0.023529,-1.162290,0.492451,0.576966,0.181530,0.336013,-0.424670,281.25,1.094827,8.6533,0.4279
80,0.001790,0.303562,1120.80,856.83,2109.38,0.642092,0.019608,-1.724471,0.063801,0.563448,0.398268,0.630205,0.068749,281.25,0.751264,5.5385,0.2351
85,0.001130,0.103285,1002.71,811.09,1828.12,0.519128,0.050980,-1.776378,0.285135,0.680896,0.537042,0.509166,-0.235861,281.25,0.803884,6.8288,0.2927
91,0.001023,0.115225,1091.40,844.15,2062.50,0.620370,0.058824,-1.618303,0.016915,0.582841,0.456267,0.607718,-0.045437,281.25,0.574337,5.6114,0.2532
96,0.000930,0.087913,1093.54,803.06,1875.00,0.563324,0.062745,-1.448569,0.046678,0.513520,0.379972,0.747872,-0.239473,281.25,0.423783,5.6669,0.2779
101,0.000912,0.052699,1136.63,808.83,1968.75,0.541522,0.043137,-1.507101,0.013106,0.494000,0.370565,0.804083,-0.174652,281.25,0.350298,5.5467,0.2570
107,0.000680,0.267022,1084.49,809.87,1921.88,0.607483,0.050980,-1.007211,-0.102583,0.343935,0.323580,0.679691,-0.237413,328.12,0.284147,4.2566,0.3152
112,0.000672,0.193027,1073.79,783.85,1875.00,0.510243,0.062745,-1.096651,0.133269,0.229918,0.395778,0.672775,-0.335088,281.25,0.251442,4.4090,0.3429
117,0.000578,0.068824,1147.50,792.33,1875.00,0.474753,0.039216,-0.861253,-0.087193,0.070434,0.442682,0.733269,-0.297939,515.62,0.189168,4.0925,0.3336
123,0.000539,0.221749,1116.90,796.91,1828.12,0.538141,0.054902,-0.602925,-0.140173,0.091929,0.330754,0.745476,-0.425062,281.25,0.162385,3.5909,0.3701
128,0.000429,0.120509,1070.49,784.76,1828.12,0.502086,0.050980,-0.740550,0.124301,0.134550,0.289976,0.740072,-0.548348,234.38,0.160441,4.2630,0.4004
133,0.000442,0.169258,1100.86,805.95,1875.00,0.543709,0.050980,-0.789820,0.214100,-0.069824,0.306121,0.761547,-0.422124,187.50,0.203059,6.2234,0.3876
139,0.000426,0.131966,1041.79,800.79,1828.12,0.471178,0.039216,-1.112737,0.379908,0.256026,0.311142,0.658040,-0.492380,187.50,0.170290,6.1271,0.3895
144,0.000410,0.151721,1005.35,813.40,1828.12,0.384066,0.043137,-0.408979,0.227128,0.179783,0.179415,0.473745,-0.651093,281.25,0.144316,5.8783,0.4994
149,0.000404,0.230015,1019.18,791.69,1828.12,0.450111,0.070588,-0.345581,0.051231,-0.012116,0.301317,0.598750,-0.593599,281.25,0.124102,4.4825,0.4626
155,0.000302,0.339909,1095.46,770.54,1875.00,0.599183,0.098039,-1.080994,-0.139818,0.262929,0.520690,0.778327,-0.341133,281.25,0.141026,4.4415,0.3039
160,0.000306,0.063659,1154.25,800.98,1921.88,0.628012,0.070588,-0.893947,-0.164392,0.168676,0.327778,0.826846,-0.264962,281.25,0.088784,3.4996,0.3079
165,0.000306,0.239011,1154.03,788.12,1875.00,0.521064,0.066667,-0.295092,-0.138453,-0.400551,0.370070,0.906517,-0.442491,93.75,0.098007,4.7415,0.3896
171,0.000318,0.083830,1085.49,781.37,1828.12,0.376914,0.074510,-0.177183,0.132397,-0.378588,0.284728,0.830369,-0.691723,140.62,0.102630,5.6831,0.4771
176,0.000335,0.240323,1055.61,775.83,1828.12,0.502929,0.054902,-0.476029,0.095301,0.143137,0.217819,0.767524,-0.747752,140.62,0.096687,4.6501,0.4501
181,0.000343,0.310154,1058.40,838.56,1875.00,0.580955,0.082353,-0.798760,0.195609,0.378245,-0.064541,0.650359,-0.360912,281.25,0.109353,4.7190,0.3902
187,0.000368,0.147063,1060.71,906.50,2015.62,0.593945,0.050980,-0.206102,0.241805,0.025083,-0.366622,0.477672,-0.171835,93.75,0.115828,5.6329,0.4663
192,0.000367,0.219911,847.50,846.52,1828.12,0.417772,0.031373,0.131867,0.589709,0.086803,-0.420593,0.277514,-0.665300,187.50,0.145373,6.7699,0.6352
197,0.000373,0.120225,896.86,848.66,1875.00,0.466570,0.050980,-0.260529,0.552268,0.281842,-0.412576,0.375950,-0.536954,187.50,0.176628,9.0695,0.5564
203,0.000400,0.231964,785.27,793.54,1828.12,0.351199,0.043137,-0.074083,0.773346,0.520254,-0.493637,0.222651,-0.948531,234.38,0.177772,9.7741,0.6710
208,0.000441,0.101299,738.69,786.59,1828.12,0.292313,0.039216,0.018742,0.912144,0.594265,-0.634296,0.163824,-1.054679,281.25,0.207395,11.4465,0.7132
213,0.000309,0.124391,790.99,806.20,1828.12,0.368073,0.090196,-0.094432,0.857085,0.584787,-0.684609,0.262309,-0.925140,281.25,0.197025,10.5527,0.6710
219,0.000355,0.339877,894.03,853.02,1828.12,0.537182,0.031373,-0.413137,0.432224,0.462643,-0.232624,0.307282,-0.556390,234.38,0.130678,6.1906,0.5335
224,0.000354,0.183296,919.50,867.67,1921.88,0.528052,0.035294,-0.403709,0.016441,0.627008,0.054681,0.138638,-0.433060,328.12,0.132299,6.2936,0.4884
229,0.000356,0.183153,809.65,841.30,1828.12,0.430413,0.058824,-0.157575,0.578677,0.621431,-0.277248,0.045365,-0.810649,281.25,0.179952,10.3808,0.6441
235,0.000380,0.154963,685.22,765.92,1781.25,0.277741,0.043137,-0.101006,0.999945,0.778795,-0.493500,-0.032859,-1.151374,281.25,0.194393,12.7977,0.7392
240,0.000330,0.194467,686.53,759.86,1781.25,0.317799,0.019608,-0.039717,0.907212,0.691488,-0.373312,-0.006438,-1.179233,234.38,0.183288,10.4001,0.7363
245,0.000247,0.308433,797.37,782.55,1781.25,0.421324,0.074510,-0.459968,0.496596,0.604947,0.046695,0.165292,-0.853562,187.50,0.158446,8.5764,0.5896
251,0.000254,0.143548,840.17,782.98,1781.25,0.446815,0.113725,-0.196993,0.335410,0.442659,0.067197,0.272450,-0.920725,328.12,0.123065,6.9174,0.5971
256,0.000194,0.142643,888.42,827.86,1828.12,0.449534,0.098039,-0.365904,0.460849,0.513024,-0.168009,0.322085,-0.762047,281.25,0.106320,7.4739,0.5665
261,0.000354,0.167490,957.70,840.67,1828.12,0.509959,0.082353,-0.573324,0.393954,0.412552,-0.092416,0.468659,-0.609424,187.50,0.097600,6.7916,0.4952
267,0.000326,0.267300,760.13,801.78,1781.25,0.363114,0.023529,-0.055884,0.758809,0.461297,-0.239308,0.088695,-1.013609,234.38,0.126186,7.8870,0.6929
272,0.000244,0.110455,749.41,795.82,1781.25,0.330241,0.121569,0.078681,0.803966,0.547819,-0.330831,-0.007962,-1.091673,234.38,0.138558,9.9816,0.7293
277,0.000268,0.161833,733.51,766.35,1781.25,0.332569,0.058824,-0.032304,0.798644,0.523986,-0.225556,0.096199,-1.160970,281.25,0.117819,8.4196,0.7141
283,0.000311,0.249864,842.81,836.37,1781.25,0.449200,0.082353,0.104775,0.459922,0.287748,-0.410831,0.216303,-0.657918,93.75,0.108774,7.8074,0.6232
288,0.000326,0.184704,840.94,856.10,1828.12,0.465928,0.054902,0.004561,0.604563,0.335662,-0.694618,0.233872,-0.484040,187.50,0.111975,7.6903,0.6058
293,0.000319,0.283057,711.69,816.87,1781.25,0.352019,0.050980,0.001654,0.887006,0.649751,-0.615808,-0.056752,-0.865851,281.25,0.159689,10.4823,0.7121
299,0.000254,0.080851,691.94,791.87,1781.25,0.313924,0.066667,0.045261,0.985878,0.665308,-0.663466,-0.036278,-0.996703,234.38,0.166703,11.9947,0.7373
304,0.000180,0.112531,806.52,830.05,1828.12,0.396636,0.098039,-0.174479,0.813428,0.606779,-0.538794,0.176306,-0.883240,281.25,0.143921,11.3375,0.6622
309,0.000218,0.208950,873.01,849.72,1781.25,0.419644,0.074510,0.013425,0.523024,0.449501,-0.606329,0.339773,-0.719393,281.25,0.093684,7.8643,0.6125
315,0.000247,0.201995,913.03,863.24,1875.00,0.524225,0.043137,-0.420228,0.412062,0.515626,-0.357076,0.334174,-0.484559,328.12,0.079736,7.1350,0.5178
320,0.000279,0.283451,892.00,857.11,1828.12,0.438368,0.066667,-0.772763,0.770228,0.771096,-0.500777,0.307877,-0.575661,281.25,0.128386,11.8631,0.5331
325,0.000241,0.179277,796.48,846.67,1828.12,0.387889,0.015686,-0.520330,0.966189,0.774897,-0.602621,0.104734,-0.722869,281.25,0.152164,13.3950,0.6299
331,0.000171,0.161439,826.40,825.62,1781.25,0.428741,0.082353,-0.436710,0.773830,0.740683,-0.443295,0.270986,-0.905495,281.25,0.139469,12.1464,0.6191
336,0.000294,0.295623,871.66,810.54,1781.25,0.466020,0.058824,-0.525902,0.421030,0.638969,-0.203649,0.462278,-0.792726,281.25,0.100728,8.4754,0.5282
341,0.000324,0.259073,734.86,808.20,1781.25,0.385657,0.023529,-0.039647,0.821865,0.562931,-0.482042,0.085810,-0.948918,281.25,0.113661,9.1465,0.6948
347,0.000228,0.248482,781.98,819.60,1781.25,0.455215,0.082353,-0.185028,0.710098,0.592105,-0.318732,-0.023387,-0.775057,281.25,0.148258,10.7112,0.6597
352,0.000241,0.313002,867.50,859.62,1875.00,0.584641,0.047059,-0.292796,0.347457,0.445030,-0.072259,-0.007119,-0.420313,281.25,0.127432,7.6089,0.5600
357,0.000222,0.074042,773.98,829.30,1828.12,0.441672,0.090196,-0.088191,0.612095,0.497431,-0.244702,-0.090910,-0.685722,281.25,0.105399,8.1690,0.6571
363,0.000262,0.163755,818.38,872.22,1828.12,0.474637,0.058824,-0.251410,0.645331,0.509363,-0.294000,-0.046371,-0.562914,187.50,0.104184,9.5190,0.6228
368,0.000240,0.231704,694.85,836.69,1781.25,0.360684,0.031373,-0.098703,0.960243,0.793983,-0.625047,-0.265111,-0.765365,281.25,0.128022,11.4901,0.7203
373,0.000233,0.106025,768.98,855.67,1828.12,0.416864,0.043137,-0.304367,0.833888,0.759116,-0.510661,-0.150148,-0.627829,281.25,0.124843,11.6350,0.6579
379,0.000186,0.294139,808.12,797.53,1781.25,0.474101,0.168627,-0.751168,0.597814,0.656732,-0.030355,0.202811,-0.675833,187.50,0.106336,9.3763,0.5399
384,0.000233,0.181750,733.30,799.77,1781.25,0.397492,0.043137,-0.140478,0.799289,0.455387,-0.306000,0.031603,-0.839801,187.50,0.106717,9.4789,0.6756
389,0.000314,0.174218,833.77,860.84,1828.12,0.476007,0.027451,-0.505092,0.631146,0.538543,-0.262442,0.090299,-0.492454,281.25,0.097932,9.9352,0.5656
395,0.000347,0.323371,759.34,795.83,1781.25,0.390500,0.035294,-0.715144,0.840189,0.906549,-0.309270,0.021065,-0.743389,281.25,0.162102,14.8663,0.6044
400,0.000337,0.244411,650.59,766.40,1640.62,0.297745,0.031373,-0.338513,1.112134,0.959181,-0.686615,-0.137772,-0.908414,281.25,0.203951,16.1184,0.7130
#END {"type":"keypress","session_id":"piano_b2a0d275b8479bf7","ms":166028,"path":"/raw_C#4_r01_165122.csv","rows":115}

----- END /raw_C#4_r01_165122.csv -----
----- BEGIN /raw_C#4_r02_167538.csv (17793 bytes) -----
#BEGIN {"type":"keypress","session_id":"piano_b2a0d275b8479bf7","ms":167748,"key":"C#4","rep":2,"reps_per_key":5,"fs_hz":48000,"hop":256,"n_fft":1024,"fmin":50.0,"fmax":3500.0,"lead_ms":150,"pre_ms":60,"post_ms":400,"stored_pre_ms":210,"pre_frames":40,"post_frames":75,"path":"/raw_C#4_r02_167538.csv"}
ms_from_event,rms,flux,centroid_hz,spread_hz,rolloff85_hz,flatness,zcr,band0,band1,band2,band3,band4,band5,peak_hz,peak_mag,peak_ratio,low_dom
-208,0.000071,0.159315,1136.18,1079.09,2625.00,0.630747,0.282353,-0.827342,0.465413,0.609226,-0.268049,-0.253762,0.274514,234.38,0.036592,10.9779,0.4523
-203,0.000105,0.170625,1233.15,1103.30,2859.38,0.634883,0.121569,-1.086846,0.339112,0.651172,-0.126798,-0.211307,0.434666,234.38,0.030039,8.9598,0.3809
-197,0.000107,0.258345,1065.35,1049.16,2484.38,0.562763,0.160784,-1.419198,0.616040,0.952006,-0.131907,-0.328737,0.311797,281.25,0.048690,13.3022,0.4030
-192,0.000114,0.240272,1032.30,1042.03,2484.38,0.561825,0.090196,-1.300167,0.749374,0.904755,-0.333020,-0.184003,0.163061,281.25,0.062042,14.9473,0.4342
-187,0.000096,0.175987,943.75,1006.92,2296.88,0.498902,0.137255,-1.270072,0.918983,0.984850,-0.501167,-0.216198,0.083603,281.25,0.065082,15.4120,0.4727
-181,0.000054,0.163537,926.04,1003.30,2343.75,0.510907,0.349020,-1.051724,0.842757,0.970196,-0.358563,-0.484075,0.081409,281.25,0.057633,13.5956,0.5242
-176,0.000051,0.172039,1007.59,1039.51,2484.38,0.570052,0.321569,-0.779117,0.607111,0.628768,-0.249383,-0.259928,0.052548,281.25,0.030732,8.4665,0.5044
-171,0.000076,0.182387,1245.57,1129.16,2906.25,0.713405,0.196078,-0.346234,0.149119,-0.117667,0.080092,-0.107949,0.342638,187.50,0.016734,6.2287,0.4462
-165,0.000089,0.291335,1198.84,1107.42,2765.62,0.660231,0.239216,-0.551488,0.345407,0.123072,-0.138135,-0.116029,0.337175,187.50,0.019814,6.5838,0.4468
-160,0.000057,0.330690,1056.42,1091.02,2671.88,0.590389,0.333333,-0.153893,0.422584,0.475151,-0.422889,-0.466633,0.145680,281.25,0.029486,8.2160,0.5732
-155,0.000056,0.162667,1103.59,1100.19,2765.62,0.617683,0.333333,-0.262800,0.469204,0.403425,-0.673082,-0.080276,0.143526,234.38,0.028628,8.2542,0.5179
-149,0.000053,0.117667,1314.03,1130.64,2906.25,0.678507,0.392157,-0.493201,0.279556,0.166218,-0.505054,0.176322,0.376160,234.38,0.019822,7.6168,0.4054
-144,0.000076,0.219298,1312.00,1089.90,2765.62,0.772133,0.196078,-0.392404,-0.077822,-0.069393,0.069044,0.174177,0.296398,234.38,0.010363,3.9545,0.3845
-139,0.000071,0.275021,1126.90,1028.68,2390.62,0.672626,0.329412,0.112490,0.135718,-0.330808,-0.171205,0.126187,0.127620,140.62,0.014623,5.0847,0.4993
-133,0.000074,0.276095,1020.25,1001.46,2250.00,0.619117,0.200000,-0.031729,0.267258,0.206781,-0.367306,-0.070251,-0.004754,140.62,0.021759,6.7883,0.5387
-128,0.000096,0.308444,924.43,987.20,2203.12,0.541866,0.145098,-0.177094,0.647846,0.487433,-0.543350,-0.370910,-0.043925,281.25,0.028514,7.6029,0.6089
-123,0.000112,0.221145,990.06,1039.39,2343.75,0.576139,0.121569,-0.249359,0.569765,0.577950,-0.500677,-0.436417,0.038736,281.25,0.042118,10.6709,0.5888
-117,0.000083,0.259361,1016.61,1042.23,2484.38,0.568118,0.207843,-0.754706,0.708418,0.832905,-0.675435,-0.245882,0.134698,281.25,0.059166,13.8561,0.5081
-112,0.000102,0.102514,984.93,1038.07,2484.38,0.544888,0.105882,-0.736501,0.718541,0.865344,-0.642452,-0.267337,0.062406,281.25,0.058572,14.5641,0.5234
-107,0.000070,0.142650,908.67,994.43,2250.00,0.526212,0.243137,-0.727279,0.685786,0.817286,-0.264038,-0.352844,-0.158913,281.25,0.050832,13.8516,0.5585
-101,0.000047,0.177771,963.08,1000.25,2296.88,0.559604,0.435294,-0.935858,0.613425,0.803715,-0.228996,-0.257715,0.005428,281.25,0.040169,10.5505,0.4912
-96,0.000060,0.166264,1232.21,1100.97,2765.62,0.659269,0.282353,-0.695466,0.513985,0.259862,-0.382771,-0.095099,0.399489,234.38,0.018631,6.7789,0.4396
-91,0.000073,0.223743,1270.07,1082.68,2671.88,0.683272,0.203922,-0.276935,0.304842,-0.035496,-0.505498,0.078296,0.434791,234.38,0.013863,5.4939,0.4396
-85,0.000063,0.230259,1194.86,1108.58,2765.62,0.688461,0.349020,-0.287974,0.384162,0.202888,-0.510481,-0.110055,0.321462,234.38,0.021294,7.3102,0.4856
-80,0.000062,0.244618,1079.33,1115.21,2671.88,0.578154,0.215686,0.322337,0.531368,0.027049,-0.993220,-0.099544,0.212010,234.38,0.017027,5.4589,0.5916
-75,0.000060,0.224474,1298.10,1156.61,2859.38,0.635036,0.278431,-0.028675,0.439636,-0.179576,-0.407340,-0.223059,0.399014,93.75,0.024075,8.5313,0.5293
-69,0.000069,0.266404,1192.00,1111.28,2718.75,0.680080,0.266667,-0.059926,0.238476,-0.202184,0.004830,-0.261784,0.280586,93.75,0.021280,6.7406,0.5200
-64,0.000079,0.245749,1065.53,1026.86,2437.50,0.653817,0.156863,-0.468120,0.443343,0.194327,-0.084853,-0.096936,0.012239,234.38,0.026709,7.7770,0.5075
-59,0.000056,0.176305,1120.56,1077.39,2531.25,0.663272,0.352941,-0.542672,0.459582,0.344386,-0.364530,-0.063626,0.166860,234.38,0.034030,9.3959,0.4767
-53,0.000048,0.173526,1154.18,1091.97,2625.00,0.655661,0.372549,-0.485705,0.499886,0.338466,-0.641514,-0.012811,0.301677,187.50,0.024638,7.1511,0.4657
-48,0.000067,0.167786,1549.08,1131.05,2953.12,0.765665,0.203922,-0.317327,0.001412,-0.229004,-0.553608,0.269645,0.828883,140.62,0.012639,4.6367,0.3302
-43,0.000062,0.312076,1346.93,1154.47,2953.12,0.750030,0.286275,-0.212088,0.257079,-0.160415,-0.284205,-0.087251,0.486880,140.62,0.017205,5.1744,0.4558
-37,0.000072,0.231194,1073.30,1086.01,2718.75,0.623541,0.203922,-0.329714,0.449913,0.367041,-0.220234,-0.312267,0.045260,234.38,0.021972,6.8176,0.5483
-32,0.000088,0.191674,961.85,1003.24,2390.62,0.546226,0.192157,-0.654035,0.555489,0.582014,-0.224700,-0.138498,-0.120270,234.38,0.030594,9.9848,0.5200
-27,0.000100,0.308222,1005.63,1104.28,2625.00,0.530304,0.196078,-0.600791,0.730266,0.675435,-0.464112,-0.429920,0.089120,234.38,0.041030,10.8570,0.5585
-21,0.000106,0.227323,1000.87,1088.63,2625.00,0.517053,0.137255,-0.125820,0.663714,0.498363,-0.583269,-0.522569,0.069581,234.38,0.041665,10.3647,0.6214
-16,0.000072,0.344532,815.65,1007.81,2156.25,0.488214,0.239216,0.369130,0.889528,-0.069659,-0.477961,-0.527315,-0.183721,140.62,0.050513,10.9847,0.7281
-11,0.000077,0.147394,850.48,992.12,2156.25,0.453382,0.239216,0.207959,0.783154,0.088247,-0.516237,-0.333030,-0.230092,140.62,0.047123,12.4849,0.6851
-5,0.000123,0.269231,912.40,1019.11,2296.88,0.537058,0.125490,0.134143,0.435362,0.230719,-0.229251,-0.495598,-0.075376,93.75,0.029349,7.9267,0.6388
0,0.000082,0.352744,878.76,1038.72,2390.62,0.509983,0.184314,0.276846,0.680176,0.270752,-0.576241,-0.618151,-0.033381,234.38,0.037743,7.2553,0.6909
5,0.003866,0.916473,1195.95,850.26,2156.25,0.753460,0.019608,-1.516522,-0.805780,0.309104,0.998142,0.734341,0.280715,562.50,0.243005,3.9017,0.1586
11,0.004232,0.657637,1043.68,812.01,1921.88,0.608009,0.023529,-1.234367,-0.596139,0.573487,0.949528,0.483788,-0.176296,468.75,1.151046,6.3536,0.2556
16,0.003355,0.296981,906.12,766.04,1781.25,0.480835,0.015686,-1.152022,-0.164264,0.803652,0.878351,0.281381,-0.647097,468.75,1.698678,7.5156,0.3834
21,0.003105,0.245327,870.34,726.53,1781.25,0.359327,0.039216,-1.367285,0.141234,0.835054,0.905535,0.367147,-0.881685,515.62,1.784831,9.0535,0.4120
27,0.002630,0.151978,876.75,713.60,1781.25,0.416549,0.035294,-1.167351,0.298659,0.614990,0.748254,0.466835,-0.961389,515.62,1.376317,6.7051,0.4534
32,0.003131,0.192991,1024.73,757.23,1781.25,0.552687,0.035294,-1.476463,0.016143,0.485849,0.768040,0.779674,-0.573243,515.62,0.904931,4.7584,0.3029
37,0.002175,0.178971,920.20,746.99,1781.25,0.429195,0.043137,-1.303410,0.314968,0.654346,0.597721,0.536327,-0.799952,234.38,1.067718,6.2534,0.4104
43,0.002784,0.221726,879.37,778.78,1781.25,0.429076,0.011765,-0.659063,0.236335,0.515235,0.430167,0.250024,-0.772698,281.25,0.868981,5.1264,0.5125
48,0.002348,0.139947,823.24,776.81,1781.25,0.378415,0.019608,-0.820924,0.439561,0.772893,0.372653,0.106440,-0.870624,281.25,1.111589,7.7964,0.5477
53,0.002674,0.054211,822.02,771.96,1781.25,0.343857,0.011765,-1.045932,0.588463,0.886607,0.220521,0.119604,-0.769264,281.25,1.249476,9.9425,0.5240
59,0.002443,0.310918,863.16,780.47,1781.25,0.457715,0.011765,-0.794304,0.277611,0.780796,0.150008,0.189632,-0.603744,281.25,1.064351,7.4600,0.4872
64,0.002232,0.165325,848.32,766.54,1781.25,0.415388,0.011765,-1.302220,0.560133,0.895713,0.295008,0.275151,-0.723785,281.25,1.341632,9.6675,0.4634
69,0.001463,0.153446,936.32,791.36,1781.25,0.508517,0.027451,-1.529109,0.212251,0.884055,0.419712,0.465735,-0.452643,281.25,1.155765,8.6743,0.3396
75,0.001552,0.151405,926.49,800.09,1828.12,0.452011,0.031373,-1.284633,0.465430,0.776459,0.246505,0.397825,-0.601586,281.25,0.985976,9.2155,0.4237
80,0.001391,0.079859,919.90,809.11,1828.12,0.271918,0.035294,-0.630455,0.472528,0.540725,0.121369,0.313505,-0.817672,281.25,0.715920,9.0015,0.5432
85,0.001381,0.144818,948.79,811.81,1828.12,0.410566,0.019608,-0.463992,0.411580,0.465317,-0.044666,0.444365,-0.812603,281.25,0.611715,7.4715,0.5394
91,0.000922,0.261565,1007.95,815.67,1781.25,0.499273,0.039216,-0.756311,0.128234,0.646504,0.037156,0.558807,-0.614391,281.25,0.579499,6.4763,0.4289
96,0.000784,0.094053,986.24,825.18,1828.12,0.451353,0.043137,-0.513534,0.289176,0.447414,-0.124985,0.544303,-0.642374,328.12,0.442638,6.0207,0.4842
101,0.000882,0.119452,1018.77,804.61,1828.12,0.423371,0.023529,-0.430114,0.292800,0.355624,-0.174681,0.695092,-0.738721,140.62,0.308627,5.5665,0.4883
107,0.000656,0.114513,957.35,811.58,1828.12,0.328303,0.043137,-0.268487,0.575921,0.145614,-0.195845,0.633293,-0.890495,140.62,0.332568,7.1237,0.5701
112,0.000622,0.166818,1010.30,805.06,1828.12,0.431875,0.058824,-0.178467,0.417302,-0.239360,0.047519,0.695620,-0.742615,140.62,0.362277,7.8957,0.5357
117,0.000440,0.244858,1099.99,818.34,1921.88,0.573743,0.039216,-0.449145,0.089947,0.108062,0.002969,0.642553,-0.394385,140.62,0.218201,5.0694,0.4247
123,0.000293,0.076309,1016.04,813.66,1828.12,0.513994,0.062745,-0.323124,0.163152,0.168627,0.007761,0.522773,-0.539190,140.62,0.179867,4.8758,0.4821
128,0.000314,0.142474,1014.09,795.18,1828.12,0.478071,0.078431,-0.403104,0.229426,0.186290,0.109211,0.655057,-0.776880,140.62,0.134299,5.2462,0.4935
133,0.000464,0.035754,1162.94,790.21,1828.12,0.396188,0.058824,-0.713368,0.022276,0.112688,0.293730,0.959879,-0.675205,1828.12,0.124430,7.4656,0.3804
139,0.000603,0.317566,1069.90,819.32,1828.12,0.465213,0.054902,-0.388126,0.081353,0.173849,0.018403,0.764449,-0.649927,140.62,0.106191,4.7231,0.4475
144,0.000324,0.399758,955.87,834.36,1828.12,0.517417,0.031373,-0.268510,0.252358,0.419613,-0.156654,0.477985,-0.724791,93.75,0.178528,5.3003,0.5288
149,0.000309,0.132498,870.66,828.66,1828.12,0.425140,0.066667,-0.080110,0.551444,0.240560,-0.228931,0.365675,-0.848638,140.62,0.194664,6.6394,0.6171
155,0.000504,0.118932,1030.98,854.92,1921.88,0.547036,0.015686,-0.608313,0.283106,0.246637,-0.014072,0.483554,-0.390911,187.50,0.118634,5.2911,0.4480
160,0.000420,0.233966,852.32,821.79,1828.12,0.419834,0.019608,-0.230999,0.647362,0.202925,-0.085316,0.298679,-0.832651,234.38,0.187753,8.5004,0.6166
165,0.000261,0.163384,816.81,829.81,1828.12,0.383716,0.047059,0.106476,0.776862,-0.093013,-0.175146,0.332460,-0.947640,140.62,0.239064,10.9396,0.6790
171,0.000225,0.156253,957.75,852.79,1828.12,0.492995,0.074510,0.203810,0.547050,-0.395136,-0.306775,0.580274,-0.629222,140.62,0.204181,10.9302,0.5987
176,0.000332,0.100344,993.75,855.57,1828.12,0.505945,0.043137,-0.069540,0.335394,-0.044513,-0.066020,0.539976,-0.695295,140.62,0.131820,8.5207,0.5525
181,0.000208,0.262347,969.64,840.76,1828.12,0.532225,0.098039,-0.488782,0.162699,0.422546,0.058390,0.448511,-0.603365,140.62,0.085334,4.6815,0.4786
187,0.000350,0.084064,931.80,812.94,1828.12,0.493109,0.015686,-0.483702,0.072508,0.533862,0.042328,0.460077,-0.625072,328.12,0.104323,6.1076,0.4693
192,0.000230,0.230803,851.00,835.56,1828.12,0.432322,0.082353,-0.096126,0.591014,0.344683,-0.280595,0.295311,-0.854287,93.75,0.100575,6.2704,0.6288
197,0.000239,0.094024,867.49,855.63,1828.12,0.402921,0.082353,0.056842,0.730998,0.128445,-0.423398,0.321687,-0.814574,140.62,0.134975,9.4921,0.6548
203,0.000393,0.233932,993.65,852.35,1828.12,0.499063,0.031373,-0.331798,0.329130,0.215788,-0.072735,0.484168,-0.624552,281.25,0.104894,7.3982,0.5172
208,0.000333,0.372806,936.35,864.45,1875.00,0.571483,0.035294,-0.636582,0.362117,0.475562,0.049569,0.193656,-0.444323,281.25,0.157150,7.6556,0.4970
213,0.000298,0.155133,861.27,852.67,1828.12,0.475140,0.050980,-0.291912,0.513536,0.523614,-0.225283,0.174747,-0.694702,281.25,0.180915,9.3530,0.5916
219,0.000412,0.235404,951.68,873.23,1875.00,0.600150,0.015686,-0.522432,0.108500,0.584514,-0.020692,0.266235,-0.416124,281.25,0.168664,8.0801,0.4670
224,0.000335,0.186015,807.89,813.94,1828.12,0.460899,0.019608,-0.459012,0.660315,0.672236,-0.212779,0.173187,-0.833948,281.25,0.193734,10.4378,0.6061
229,0.000318,0.113072,803.30,779.97,1781.25,0.403714,0.050980,-0.619189,0.768848,0.772200,-0.214103,0.276783,-0.984540,281.25,0.191050,11.0810,0.6056
235,0.000381,0.292133,917.23,821.22,1781.25,0.530032,0.023529,-0.532492,0.338923,0.531489,-0.060810,0.442021,-0.719131,328.12,0.152928,7.5540,0.5104
240,0.000312,0.148052,816.68,814.38,1781.25,0.409278,0.066667,-0.437895,0.798419,0.683999,-0.372608,0.285577,-0.957492,281.25,0.170774,10.1858,0.6263
245,0.000406,0.183651,845.22,859.26,1828.12,0.447860,0.035294,-0.248910,0.646511,0.536253,-0.375243,0.075170,-0.633781,281.25,0.169158,9.5772,0.6173
251,0.000292,0.307316,986.39,901.68,2015.62,0.616704,0.054902,-0.566099,0.232720,0.511731,-0.056965,0.137158,-0.258546,281.25,0.169195,7.5745,0.4735
256,0.000250,0.157009,886.87,844.08,1828.12,0.477074,0.074510,-0.467590,0.532606,0.560125,-0.200586,0.224299,-0.648853,281.25,0.179357,9.1750,0.5609
261,0.000343,0.196073,997.40,878.63,1968.75,0.635695,0.027451,-0.702529,0.176940,0.450221,0.091723,0.246554,-0.262909,328.12,0.114861,5.8995,0.4367
267,0.000203,0.149977,846.50,845.83,1828.12,0.497207,0.098039,-0.281714,0.624354,0.430446,-0.287243,0.143593,-0.629436,187.50,0.120855,6.9919,0.6021
272,0.000178,0.082602,897.03,898.51,1875.00,0.498992,0.082353,-0.120965,0.571070,0.294919,-0.434660,0.173571,-0.483935,187.50,0.107909,7.1854,0.5939
277,0.000311,0.092644,933.89,882.10,1875.00,0.468081,0.070588,-0.290342,0.520671,0.357998,-0.285835,0.303877,-0.606368,281.25,0.097035,8.3081,0.5662
283,0.000178,0.198760,836.82,832.59,1828.12,0.434220,0.086275,-0.028901,0.698613,0.332402,-0.460302,0.242233,-0.784046,281.25,0.116512,8.7073,0.6470
288,0.000227,0.258961,893.61,874.57,1921.88,0.564380,0.074510,-0.152667,0.442387,0.322311,-0.325747,0.107963,-0.394246,281.25,0.100292,6.8692,0.5715
293,0.000192,0.080288,898.44,869.37,1875.00,0.502112,0.094118,-0.221003,0.480933,0.350601,-0.294344,0.194937,-0.511124,281.25,0.085578,6.9086,0.5715
299,0.000238,0.126731,1014.01,903.77,2015.62,0.578653,0.043137,-0.546172,0.386671,0.270586,-0.225449,0.328114,-0.213750,281.25,0.087538,7.6509,0.4658
304,0.000240,0.237248,850.80,840.27,1828.12,0.452319,0.074510,-0.438767,0.703927,0.470921,-0.237785,0.196890,-0.695185,281.25,0.106881,9.3094,0.5943
309,0.000326,0.128225,800.26,848.05,1828.12,0.361214,0.027451,-0.147468,0.774131,0.585548,-0.379522,0.043625,-0.876314,281.25,0.129467,11.9794,0.6747
315,0.000226,0.204546,776.45,821.10,1828.12,0.416115,0.019608,-0.184999,0.765909,0.630894,-0.375303,-0.001398,-0.835104,281.25,0.145985,11.4949,0.6701
320,0.000254,0.328391,796.98,805.47,1781.25,0.459913,0.039216,-0.284151,0.492727,0.627981,-0.177277,-0.045825,-0.613455,328.12,0.126031,8.1325,0.6068
325,0.000237,0.095580,874.31,791.70,1781.25,0.467614,0.066667,-0.605943,0.222849,0.682684,0.092971,0.298223,-0.690784,328.12,0.122255,9.1928,0.5012
331,0.000254,0.246628,790.01,807.40,1781.25,0.419513,0.043137,-0.358152,0.702617,0.689525,-0.307713,0.187732,-0.914009,281.25,0.123801,10.1072,0.6307
336,0.000303,0.236276,779.17,797.60,1734.38,0.451462,0.035294,-0.105976,0.541025,0.566287,-0.246278,0.187877,-0.942936,328.12,0.101610,7.5811,0.6445
341,0.000271,0.193504,696.28,767.99,1781.25,0.367014,0.011765,-0.150456,0.848609,0.789280,-0.417242,-0.029611,-1.040580,281.25,0.147912,11.6609,0.7077
347,0.000206,0.113430,679.28,779.49,1781.25,0.354932,0.050980,-0.423825,0.990758,0.937477,-0.475372,-0.149489,-0.879548,281.25,0.152492,12.3868,0.6895
352,0.000215,0.209614,751.54,844.18,1781.25,0.438287,0.105882,-0.050909,0.604461,0.633045,-0.386605,-0.158889,-0.641103,281.25,0.092266,7.7441,0.6630
357,0.000246,0.154973,763.94,887.60,1828.12,0.413410,0.050980,0.128528,0.812680,0.591496,-0.709565,-0.218320,-0.604820,281.25,0.100478,10.3134,0.7073
363,0.000303,0.185695,720.91,826.22,1828.12,0.347549,0.023529,-0.139725,1.005143,0.753177,-0.715225,-0.153105,-0.750266,234.38,0.138205,13.7981,0.7077
368,0.000233,0.207818,699.37,805.41,1781.25,0.343249,0.074510,-0.169487,0.987697,0.777792,-0.625603,-0.207505,-0.762893,234.38,0.146210,12.0546,0.7098
373,0.000291,0.358199,797.59,846.12,1781.25,0.463075,0.015686,-0.305480,0.380709,0.678321,-0.065025,-0.141914,-0.546611,328.12,0.106915,7.8582,0.5943
379,0.000257,0.209880,826.28,874.52,1828.12,0.515886,0.058824,-0.207459,0.317585,0.599705,0.074857,-0.296788,-0.487900,281.25,0.107862,7.0808,0.6100
384,0.000185,0.160253,787.73,848.65,1828.12,0.441419,0.090196,-0.252240,0.677416,0.622202,-0.269279,-0.115175,-0.662924,281.25,0.140798,11.1206,0.6460
389,0.000182,0.226711,869.33,893.72,1921.88,0.538429,0.101961,-0.108039,0.448447,0.475919,-0.518913,0.053718,-0.351132,281.25,0.095715,7.6002,0.5791
395,0.000214,0.108104,878.22,869.93,1875.00,0.476751,0.086275,-0.235919,0.442131,0.541190,-0.459791,0.250635,-0.538246,281.25,0.095193,10.0970,0.5614
400,0.000161,0.228094,839.02,880.08,1828.12,0.402047,0.074510,-0.354405,0.812013,0.530748,-0.524299,0.182962,-0.647019,234.38,0.102556,11.9363,0.6132
#END {"type":"keypress","session_id":"piano_b2a0d275b8479bf7","ms":168444,"path":"/raw_C#4_r02_167538.csv","rows":115}

----- END /raw_C#4_r02_167538.csv -----
----- BEGIN /raw_C#4_r03_169959.csv (17802 bytes) -----
#BEGIN {"type":"keypress","session_id":"piano_b2a0d275b8479bf7","ms":170170,"key":"C#4","rep":3,"reps_per_key":5,"fs_hz":48000,"hop":256,"n_fft":1024,"fmin":50.0,"fmax":3500.0,"lead_ms":150,"pre_ms":60,"post_ms":400,"stored_pre_ms":210,"pre_frames":40,"post_frames":75,"path":"/raw_C#4_r03_169959.csv"}
ms_from_event,rms,flux,centroid_hz,spread_hz,rolloff85_hz,flatness,zcr,band0,band1,band2,band3,band4,band5,peak_hz,peak_mag,peak_ratio,low_dom
-208,0.000066,0.365021,918.01,978.10,2250.00,0.554539,0.219608,-0.320300,0.656208,0.458963,-0.419803,-0.178192,-0.196877,281.25,0.028492,8.3131,0.5879
-203,0.000068,0.205474,964.29,988.24,2296.88,0.579145,0.262745,-0.481363,0.609799,0.548567,-0.268545,-0.342599,-0.065859,281.25,0.034731,9.4279,0.5667
-197,0.000063,0.164789,1208.12,1035.16,2531.25,0.654522,0.258824,-1.059987,0.335671,0.540862,-0.145969,-0.095285,0.424710,281.25,0.033014,10.0700,0.3712
-192,0.000058,0.184018,1195.41,1034.55,2531.25,0.676314,0.262745,-1.081073,0.293583,0.539376,-0.132656,0.001351,0.379419,281.25,0.029706,8.9145,0.3580
-187,0.000076,0.207725,1314.56,1072.00,2718.75,0.749953,0.258824,-0.768211,-0.035844,0.391988,-0.136967,-0.018883,0.567916,328.12,0.021122,6.1869,0.3370
-181,0.000120,0.198469,1197.81,1079.27,2718.75,0.674845,0.070588,-0.785375,0.035225,0.666291,-0.317924,-0.033987,0.435768,328.12,0.026205,8.0407,0.3599
-176,0.000129,0.375346,894.54,989.07,2156.25,0.467324,0.090196,-1.708369,0.966576,1.219099,-0.280144,-0.287621,0.090459,281.25,0.054646,13.8781,0.4323
-171,0.000122,0.295417,905.27,1018.85,2390.62,0.502996,0.160784,-0.782916,0.874394,0.891343,-0.446646,-0.486312,-0.049863,281.25,0.072599,15.0328,0.5778
-165,0.000082,0.143039,896.95,1013.95,2250.00,0.487768,0.215686,-0.599459,0.830578,0.878324,-0.513819,-0.497098,-0.098526,281.25,0.069717,14.1447,0.6019
-160,0.000064,0.219040,960.79,1020.12,2343.75,0.559189,0.282353,-0.436864,0.722166,0.592702,-0.530837,-0.294308,-0.052858,281.25,0.052091,10.6853,0.5784
-155,0.000062,0.161288,1068.70,1087.83,2578.12,0.628765,0.282353,0.011906,0.481107,0.219527,-0.558575,-0.287961,0.133997,140.62,0.027037,6.4809,0.5802
-149,0.000070,0.091437,1218.55,1079.79,2671.88,0.701019,0.301961,-0.187563,0.319383,-0.070957,-0.331928,0.051527,0.219537,93.75,0.020200,7.2599,0.4826
-144,0.000089,0.305983,1122.50,1080.62,2578.12,0.659164,0.133333,-0.205058,0.299119,0.311352,-0.551401,-0.056927,0.202915,281.25,0.021083,6.9518,0.4935
-139,0.000065,0.232705,1069.01,1077.43,2531.25,0.616189,0.278431,-0.224763,0.425835,0.343182,-0.527924,-0.070186,0.053857,281.25,0.030240,8.5574,0.5271
-133,0.000057,0.152559,1083.68,1069.02,2531.25,0.635930,0.313726,-0.592095,0.543232,0.477781,-0.416043,-0.203404,0.190527,234.38,0.034491,10.6475,0.4955
-128,0.000064,0.156901,1161.11,1068.63,2578.12,0.668754,0.286275,-0.636159,0.357604,0.313461,-0.214950,-0.088672,0.268716,234.38,0.024084,8.3958,0.4429
-123,0.000047,0.219077,1294.07,1085.98,2671.88,0.720829,0.411765,-0.478712,-0.215912,-0.006376,0.117704,0.186854,0.396442,234.38,0.012488,4.5900,0.3455
-117,0.000060,0.209065,1235.54,1043.27,2531.25,0.723369,0.250980,-0.173620,-0.244477,-0.126276,-0.023079,0.315408,0.252046,328.12,0.006246,2.3899,0.3792
-112,0.000087,0.220088,1204.80,1077.09,2718.75,0.719863,0.141176,-0.230282,0.159743,-0.000338,-0.291120,0.133118,0.228878,281.25,0.010907,4.3160,0.4461
-107,0.000102,0.319325,1042.49,1048.92,2437.50,0.589015,0.117647,-0.469073,0.420892,0.558742,-0.378761,-0.185317,0.053518,281.25,0.030202,10.2235,0.5105
-101,0.000104,0.358299,915.38,1011.55,2296.88,0.503377,0.180392,-0.991425,0.798372,0.927794,-0.366845,-0.412016,0.044121,281.25,0.052148,13.3157,0.5218
-96,0.000065,0.153271,976.43,1044.20,2531.25,0.549933,0.239216,-0.983507,0.737175,0.910311,-0.373098,-0.448426,0.157545,281.25,0.058995,14.7926,0.5056
-91,0.000066,0.167325,1176.22,1095.08,2671.88,0.615266,0.274510,-0.873959,0.412801,0.768358,-0.721049,-0.008729,0.422579,281.25,0.046761,12.5161,0.3923
-85,0.000056,0.141139,1279.55,1079.95,2765.62,0.671553,0.286275,-1.112191,0.175000,0.624184,-0.335219,0.175022,0.473203,281.25,0.032936,10.4230,0.3116
-80,0.000069,0.178120,1290.49,1093.64,2812.50,0.713745,0.207843,-1.062617,0.207493,0.509399,-0.199463,0.105735,0.439453,281.25,0.023492,7.8169,0.3318
-75,0.000100,0.238601,1304.07,1138.12,2812.50,0.707407,0.082353,-0.101744,0.284437,-0.150492,-0.524019,0.025810,0.466010,281.25,0.013966,4.8902,0.4614
-69,0.000063,0.294073,1065.40,1119.01,2531.25,0.576034,0.298039,0.316327,0.347870,-0.124758,-0.525466,-0.250507,0.236535,281.25,0.015618,4.9777,0.5840
-64,0.000048,0.262315,974.45,1035.81,2437.50,0.553394,0.352941,0.054005,0.493489,0.116767,-0.392383,-0.217157,-0.054721,234.38,0.027672,8.0816,0.6010
-59,0.000050,0.166759,1233.80,1037.30,2578.12,0.707438,0.380392,-0.701748,0.267223,0.207857,-0.322048,0.225684,0.323032,234.38,0.021902,7.5265,0.3795
-53,0.000056,0.151124,1486.95,1082.97,2812.50,0.762152,0.278431,-0.550302,-0.014701,-0.127377,-0.414083,0.440105,0.666356,234.38,0.008036,3.3066,0.3024
-48,0.000074,0.240776,1349.90,1147.69,2859.38,0.701732,0.227451,0.072277,0.008198,-0.161385,-0.611624,0.140999,0.551534,140.62,0.009545,3.9759,0.4241
-43,0.000085,0.346645,1171.87,1144.62,2718.75,0.634803,0.184314,-0.197449,0.586365,0.228467,-0.798324,-0.220406,0.401349,187.50,0.022648,7.3841,0.5260
-37,0.000069,0.290374,1081.35,1115.17,2671.88,0.592938,0.180392,0.208203,0.613709,-0.161377,-0.634360,-0.215826,0.189650,140.62,0.031536,8.4848,0.6045
-32,0.000077,0.176061,1081.80,1067.50,2578.12,0.650001,0.219608,0.136702,0.423227,-0.153267,-0.361199,-0.218663,0.173199,140.62,0.032912,9.4127,0.5751
-27,0.000062,0.220133,1135.88,1105.77,2718.75,0.634077,0.254902,-0.263810,0.527099,0.112346,-0.462893,-0.285372,0.372628,187.50,0.033303,9.8587,0.5220
-21,0.000089,0.162065,962.33,1008.53,2343.75,0.558633,0.125490,-0.295361,0.539312,0.386914,-0.277169,-0.375300,0.021603,187.50,0.026631,8.1478,0.5742
-16,0.000100,0.306922,879.34,941.93,2109.38,0.535212,0.125490,-0.484885,0.432310,0.883502,-0.312851,-0.358133,-0.159941,328.12,0.033883,9.8007,0.5579
-11,0.000081,0.315169,874.36,1001.63,2390.62,0.501683,0.176471,-0.438856,0.789833,0.820026,-0.480997,-0.643493,-0.046514,281.25,0.044094,10.4109,0.6273
-5,0.000104,0.123743,1024.38,1092.59,2578.12,0.532028,0.192157,-0.629285,0.700949,0.825038,-0.467496,-0.673648,0.244442,234.38,0.044155,11.4512,0.5623
0,0.000077,0.358561,883.85,986.27,2296.88,0.527698,0.203922,-0.253161,0.550745,0.612001,-0.137957,-0.725835,-0.045791,187.50,0.032596,7.2170,0.6306
5,0.002990,0.913580,1046.52,798.39,1828.12,0.591648,0.035294,-0.635046,0.029500,-0.059300,0.404004,0.748782,-0.487941,187.50,0.188579,3.6453,0.3934
11,0.003948,0.687767,992.19,777.21,1828.12,0.541974,0.027451,-0.693854,0.030794,0.384743,0.404715,0.690574,-0.816972,281.25,0.753325,4.5667,0.4333
16,0.002421,0.318262,923.39,788.72,1828.12,0.422304,0.050980,-0.673864,0.343387,0.490116,0.279611,0.509742,-0.948993,281.25,1.310864,6.4384,0.5136
21,0.002899,0.230252,1028.54,837.60,1828.12,0.495985,0.035294,-1.176666,0.183274,0.532039,0.391489,0.573811,-0.503946,187.50,1.016234,5.0014,0.3701
27,0.002968,0.126510,1087.54,877.02,1875.00,0.480340,0.031373,-1.772386,0.262830,0.771978,0.371147,0.632079,-0.265649,234.38,1.051696,6.3640,0.2813
32,0.003037,0.138092,1000.24,894.68,1875.00,0.299693,0.035294,-1.292744,0.662684,0.735685,-0.028921,0.415988,-0.492692,234.38,1.484638,10.5757,0.4313
37,0.002391,0.232296,1042.42,877.91,1875.00,0.507645,0.039216,-1.080057,0.390775,0.627049,0.081181,0.440010,-0.458957,281.25,1.369385,8.4361,0.4170
43,0.002637,0.324821,1090.27,878.79,1921.88,0.636366,0.027451,-0.946813,0.126475,0.387707,0.150420,0.587718,-0.305507,281.25,1.096876,5.6765,0.3656
48,0.001779,0.100343,1017.79,864.47,1875.00,0.495816,0.047059,-1.173864,0.403982,0.581413,0.114788,0.531100,-0.457419,281.25,1.027653,6.4474,0.3961
53,0.001960,0.194935,1105.18,888.29,2015.62,0.637628,0.027451,-1.097247,0.088313,0.460139,0.140590,0.509884,-0.101679,187.50,0.723536,4.8123,0.3299
59,0.002357,0.152027,1058.32,835.68,1875.00,0.600000,0.015686,-0.656032,-0.120277,0.267646,0.340401,0.522759,-0.354497,328.12,0.590406,4.2087,0.3841
64,0.001792,0.269142,928.91,825.17,1828.12,0.438707,0.047059,-0.437365,0.424669,0.303974,0.078421,0.321754,-0.691452,281.25,0.813670,6.3965,0.5445
69,0.001621,0.094161,931.42,828.93,1828.12,0.269107,0.043137,-0.246253,0.537761,0.160895,0.003547,0.275668,-0.731618,140.62,0.757713,6.9401,0.5924
75,0.001362,0.170646,978.97,819.33,1828.12,0.423640,0.066667,-0.308794,0.383668,0.080274,0.091248,0.457127,-0.703521,140.62,0.666579,5.7695,0.5401
80,0.001186,0.195575,1087.06,822.78,1828.12,0.552535,0.031373,-0.601657,0.057652,0.178936,0.152629,0.734634,-0.522193,281.25,0.397592,3.8710,0.4066
85,0.001074,0.190363,1135.61,839.24,1875.00,0.492720,0.050980,-1.169336,0.325218,0.387446,0.017458,0.848129,-0.408915,234.38,0.494525,6.3441,0.3449
91,0.000966,0.059065,1174.21,831.41,1875.00,0.505838,0.050980,-1.148103,0.255388,0.275229,0.054978,0.884264,-0.321755,234.38,0.423745,5.9808,0.3257
96,0.001003,0.306088,1231.93,841.23,1921.88,0.641476,0.047059,-0.566044,-0.053781,-0.101518,0.000139,0.943641,-0.222436,1781.25,0.298832,4.0343,0.3384
101,0.000741,0.147556,1094.35,829.90,1875.00,0.513362,0.082353,-0.171404,0.259039,-0.257537,-0.101985,0.789074,-0.517188,140.62,0.354021,5.3204,0.4770
107,0.000623,0.134644,1142.51,807.64,1875.00,0.530489,0.058824,-0.408799,0.016974,-0.003656,0.002632,0.856957,-0.464108,1781.25,0.279105,4.8119,0.4032
112,0.000469,0.121227,1196.39,796.42,1875.00,0.452563,0.086275,-0.503957,-0.084868,0.021311,0.090460,0.954136,-0.477081,1828.12,0.255625,5.8191,0.3698
117,0.000570,0.056350,1330.85,785.19,1921.88,0.524827,0.054902,-0.898256,-0.413997,-0.033213,0.331599,1.154069,-0.140202,1828.12,0.243858,7.0059,0.2381
123,0.000757,0.336925,1228.56,875.52,2015.62,0.622077,0.011765,-0.361229,0.059180,-0.292003,-0.108570,0.844245,-0.141624,1781.25,0.193776,4.7994,0.3770
128,0.000434,0.228444,985.53,870.55,1875.00,0.482007,0.050980,0.150440,0.583374,-0.429373,-0.336712,0.609835,-0.577564,140.62,0.311727,8.0242,0.5868
133,0.000416,0.137607,974.39,825.91,1875.00,0.460890,0.058824,0.084246,0.395585,-0.221020,-0.181913,0.606835,-0.683732,93.75,0.273847,8.0916,0.5691
139,0.000436,0.169358,1036.16,791.88,1828.12,0.446133,0.054902,0.008238,-0.053634,-0.197383,0.189910,0.809604,-0.756736,93.75,0.179568,6.9400,0.4877
144,0.000352,0.136085,1045.60,796.92,1828.12,0.428027,0.047059,-0.232357,0.269140,-0.068080,0.032929,0.792384,-0.794015,93.75,0.137749,5.5893,0.5048
149,0.000485,0.248561,1040.20,823.42,1828.12,0.504025,0.039216,-0.036591,0.200145,-0.039900,-0.230443,0.812589,-0.705800,93.75,0.171935,6.5399,0.5071
155,0.000232,0.142402,955.17,850.15,1828.12,0.455745,0.086275,0.224296,0.525419,-0.352439,-0.292202,0.603969,-0.709043,93.75,0.193221,7.9587,0.6053
160,0.000232,0.097454,1031.79,870.90,1921.88,0.507240,0.086275,-0.017992,0.488740,-0.409064,-0.205464,0.597256,-0.453477,187.50,0.153370,7.5341,0.5408
165,0.000366,0.208098,1076.22,868.67,1875.00,0.505636,0.027451,-0.704584,0.218192,0.306258,0.055950,0.575687,-0.451504,234.38,0.112400,7.3867,0.4243
171,0.000347,0.216666,912.76,863.29,1828.12,0.378360,0.035294,-0.547346,0.645150,0.449095,-0.122100,0.243093,-0.667892,234.38,0.142261,9.1223,0.5650
176,0.000287,0.263999,877.78,820.25,1828.12,0.399567,0.050980,-0.329803,0.515057,0.561588,-0.196966,0.309886,-0.859763,281.25,0.156235,8.6893,0.5909
181,0.000338,0.317308,969.29,824.23,1828.12,0.535443,0.078431,-0.583441,0.011305,0.604348,0.008221,0.467059,-0.507491,328.12,0.135110,6.4244,0.4339
187,0.000389,0.186703,1051.20,907.20,2109.38,0.637506,0.090196,-0.394212,0.073817,0.232895,-0.015353,0.202468,-0.099615,328.12,0.089737,4.3875,0.4473
192,0.000389,0.255317,884.57,868.62,1875.00,0.472941,0.007843,-0.091831,0.472126,0.262101,-0.200663,0.110053,-0.551785,93.75,0.133335,6.1093,0.6013
197,0.000409,0.267018,1030.49,936.54,2109.38,0.613609,0.058824,-0.438892,0.095315,0.431565,-0.142611,0.161627,-0.107004,93.75,0.141182,5.6806,0.4504
203,0.000341,0.215154,907.15,870.73,1875.00,0.512349,0.066667,0.026435,0.458179,0.230982,-0.321726,0.196697,-0.590568,93.75,0.167968,7.6370,0.6081
208,0.000356,0.138774,759.48,783.67,1828.12,0.312429,0.043137,0.149414,0.826723,0.229104,-0.294406,0.196760,-1.107595,93.75,0.161393,8.5121,0.7198
213,0.000375,0.137725,813.74,789.50,1828.12,0.385990,0.019608,-0.083282,0.673713,0.409216,-0.322942,0.253346,-0.930051,234.38,0.159567,8.4962,0.6533
219,0.000316,0.327574,904.03,815.10,1875.00,0.492708,0.035294,-0.576193,0.342493,0.440729,-0.023667,0.326434,-0.509796,187.50,0.146596,7.1866,0.4937
224,0.000330,0.261562,900.18,806.85,1781.25,0.517185,0.066667,-0.339701,0.134606,0.383543,0.242628,0.308607,-0.729684,328.12,0.150038,6.3853,0.5270
229,0.000302,0.158828,837.08,820.15,1828.12,0.427404,0.019608,-0.253866,0.534294,0.527110,-0.088975,0.213382,-0.931945,281.25,0.154513,8.7464,0.6223
235,0.000322,0.123005,823.82,823.96,1828.12,0.345052,0.031373,-0.501777,0.808096,0.706576,-0.370668,0.297073,-0.939300,281.25,0.167547,11.8181,0.6164
240,0.000373,0.255655,997.26,888.48,1921.88,0.506489,0.054902,-0.896453,0.487830,0.681898,-0.226041,0.291251,-0.338486,281.25,0.183420,12.0555,0.4549
245,0.000297,0.423823,1001.74,919.82,2015.62,0.624619,0.050980,-0.452804,0.214816,0.405199,-0.081553,0.102595,-0.188253,328.12,0.153751,6.8538,0.4810
251,0.000302,0.121990,955.87,909.57,1968.75,0.540749,0.058824,-0.266629,0.361376,0.335831,-0.346673,0.160221,-0.244125,328.12,0.131649,6.6526,0.5223
256,0.000207,0.186899,885.56,844.66,1828.12,0.460398,0.074510,-0.407932,0.667264,0.544678,-0.547819,0.349660,-0.605850,234.38,0.129571,7.6523,0.5641
261,0.000230,0.134940,929.46,795.22,1828.12,0.476087,0.094118,-0.661837,0.416342,0.507957,-0.133985,0.550431,-0.678907,281.25,0.125465,8.4574,0.4854
267,0.000207,0.192513,887.07,799.46,1828.12,0.418830,0.078431,-0.245371,0.615844,0.275808,-0.241287,0.433738,-0.838731,281.25,0.089349,6.7548,0.5957
272,0.000335,0.112647,938.67,864.97,1828.12,0.413849,0.027451,0.016665,0.593593,-0.023379,-0.269638,0.423501,-0.740741,140.62,0.090349,8.0018,0.6139
277,0.000208,0.282401,871.09,829.68,1828.12,0.447166,0.094118,-0.197320,0.589562,0.384849,-0.248610,0.311252,-0.839734,234.38,0.101594,7.1416,0.6131
283,0.000248,0.272603,811.00,784.03,1781.25,0.449082,0.070588,0.040302,0.456949,0.366104,-0.190096,0.233010,-0.906269,93.75,0.104295,6.2304,0.6423
288,0.000239,0.098106,927.27,838.24,1828.12,0.515413,0.082353,-0.221017,0.287048,0.200297,-0.042665,0.352512,-0.576175,140.62,0.090072,6.5589,0.5361
293,0.000291,0.251368,857.28,840.50,1828.12,0.416319,0.043137,-0.091072,0.713301,0.293597,-0.386732,0.259539,-0.788633,234.38,0.117660,9.0838,0.6401
299,0.000335,0.160883,780.24,813.51,1828.12,0.336468,0.050980,-0.198881,0.892398,0.523430,-0.334351,0.025714,-0.908310,234.38,0.143590,11.5261,0.6874
304,0.000247,0.199078,732.43,790.20,1781.25,0.370270,0.027451,-0.072498,0.782560,0.589219,-0.240710,-0.070032,-0.988539,281.25,0.148906,10.1551,0.7077
309,0.000234,0.284000,806.48,816.85,1781.25,0.440799,0.070588,-0.264508,0.445037,0.519293,-0.060765,-0.020185,-0.618872,328.12,0.114724,7.5200,0.6010
315,0.000183,0.085178,837.62,816.26,1781.25,0.461719,0.094118,-0.091218,0.412539,0.504385,-0.346297,0.206914,-0.686322,281.25,0.099896,7.6299,0.5988
320,0.000301,0.144376,797.12,806.88,1781.25,0.410663,0.035294,-0.093605,0.617162,0.578997,-0.457559,0.226125,-0.871121,281.25,0.094899,7.9646,0.6421
325,0.000357,0.240990,756.70,806.92,1781.25,0.412909,0.019608,-0.305680,0.516805,0.815250,-0.218605,-0.018205,-0.789564,328.12,0.119405,8.8237,0.6247
331,0.000288,0.241721,699.78,782.71,1781.25,0.345018,0.043137,-0.592112,0.904477,1.060151,-0.438711,-0.028984,-0.904822,281.25,0.184111,13.8457,0.6509
336,0.000200,0.054777,691.01,757.20,1781.25,0.283776,0.058824,-0.677821,1.068431,1.131080,-0.610339,0.093200,-1.004551,281.25,0.192968,17.2416,0.6572
341,0.000266,0.163196,785.63,808.82,1828.12,0.379577,0.066667,-0.680431,0.905601,0.939895,-0.612421,0.234647,-0.787291,281.25,0.153487,14.2587,0.5960
347,0.000330,0.340695,880.17,831.51,1828.12,0.501359,0.027451,-0.568628,0.328686,0.615551,-0.041658,0.206637,-0.540588,328.12,0.120922,9.8046,0.5117
352,0.000332,0.340446,864.21,809.99,1781.25,0.529262,0.031373,-0.839591,0.261173,0.803317,0.146320,0.173676,-0.544894,328.12,0.159048,8.9730,0.4741
357,0.000267,0.196302,721.40,771.49,1734.38,0.393178,0.054902,-0.478784,0.849258,0.864936,-0.340107,-0.005708,-0.889596,281.25,0.192050,12.5165,0.6531
363,0.000217,0.058093,761.80,815.83,1828.12,0.351072,0.098039,-0.322316,0.922403,0.811646,-0.573956,0.000922,-0.838699,281.25,0.164945,15.3320,0.6724
368,0.000267,0.201733,916.83,930.80,1968.75,0.499220,0.070588,-0.442818,0.735944,0.637233,-0.647273,0.028817,-0.311902,281.25,0.142325,13.1677,0.5715
373,0.000169,0.305010,988.14,967.50,2203.12,0.608474,0.137255,-0.380303,0.408092,0.495300,-0.414978,-0.049405,-0.058706,281.25,0.129981,9.3127,0.5170
379,0.000169,0.114734,975.28,957.46,2156.25,0.616854,0.090196,-0.290172,0.284237,0.329484,-0.198992,0.019758,-0.144315,328.12,0.086958,6.4791,0.5148
384,0.000232,0.102859,920.07,909.77,1921.88,0.495477,0.031373,-0.345092,0.514749,0.423801,-0.381901,0.167464,-0.379021,234.38,0.082232,8.3075,0.5475
389,0.000178,0.174952,854.68,860.52,1828.12,0.391895,0.058824,-0.567886,0.828590,0.535235,-0.427635,0.220332,-0.588635,234.38,0.123175,13.3856,0.5780
395,0.000200,0.202249,868.99,814.27,1828.12,0.413957,0.090196,-1.339075,0.766643,0.720062,0.061877,0.380665,-0.590172,234.38,0.104374,10.9072,0.4548
400,0.000315,0.286877,928.56,803.92,1781.25,0.485939,0.023529,-1.610119,0.451912,0.768452,0.334687,0.512986,-0.457918,281.25,0.086391,8.0483,0.3528
#END {"type":"keypress","session_id":"piano_b2a0d275b8479bf7","ms":170870,"path":"/raw_C#4_r03_169959.csv","rows":115}

----- END /raw_C#4_r03_169959.csv -----
----- BEGIN /raw_C#4_r04_172359.csv (17812 bytes) -----
#BEGIN {"type":"keypress","session_id":"piano_b2a0d275b8479bf7","ms":172570,"key":"C#4","rep":4,"reps_per_key":5,"fs_hz":48000,"hop":256,"n_fft":1024,"fmin":50.0,"fmax":3500.0,"lead_ms":150,"pre_ms":60,"post_ms":400,"stored_pre_ms":210,"pre_frames":40,"post_frames":75,"path":"/raw_C#4_r04_172359.csv"}
ms_from_event,rms,flux,centroid_hz,spread_hz,rolloff85_hz,flatness,zcr,band0,band1,band2,band3,band4,band5,peak_hz,peak_mag,peak_ratio,low_dom
-208,0.000073,0.216485,898.85,996.05,2250.00,0.526475,0.262745,-0.081235,0.674718,0.442151,-0.589483,-0.324828,-0.121323,281.25,0.043049,9.0950,0.6271
-203,0.000070,0.113509,1045.79,1021.16,2390.62,0.638292,0.247059,-0.105295,0.267907,0.312141,-0.384884,-0.095642,0.005773,328.12,0.022939,6.8044,0.5315
-197,0.000083,0.225582,933.08,924.05,2062.50,0.575846,0.145098,-0.323210,0.365605,0.378373,-0.123702,-0.012885,-0.284180,281.25,0.025907,8.1388,0.5423
-192,0.000055,0.220323,1069.19,1024.48,2390.62,0.635973,0.356863,-0.153799,0.196839,0.195387,-0.192702,-0.132387,0.086662,281.25,0.026763,8.1615,0.5111
-187,0.000066,0.197279,1013.16,993.38,2250.00,0.591039,0.282353,-0.146002,0.374475,0.164986,-0.275598,-0.039550,-0.078313,234.38,0.020486,6.1969,0.5432
-181,0.000061,0.208844,1152.81,983.76,2437.50,0.706302,0.219608,-0.266340,-0.003181,-0.156118,0.051108,0.307521,0.067011,234.38,0.012383,4.0729,0.4202
-176,0.000078,0.215415,1217.46,1070.82,2625.00,0.685792,0.192157,-0.036405,-0.012377,-0.179312,-0.218595,0.185810,0.260880,281.25,0.010287,3.1956,0.4384
-171,0.000076,0.217334,1154.21,1070.81,2578.12,0.656595,0.247059,-0.272422,0.073330,0.254365,-0.263386,-0.057920,0.266032,281.25,0.023533,7.5933,0.4493
-165,0.000134,0.316311,905.10,954.93,2203.12,0.549101,0.070588,-0.237729,0.599153,0.532234,-0.470636,-0.225125,-0.197896,281.25,0.040830,11.1961,0.5968
-160,0.000070,0.315761,817.44,932.28,1968.75,0.462223,0.211765,-0.432473,0.814929,0.719378,-0.335564,-0.450757,-0.315512,281.25,0.054239,11.5886,0.6398
-155,0.000101,0.171446,832.03,964.37,2062.50,0.496369,0.105882,-0.223122,0.772355,0.582017,-0.439532,-0.397910,-0.293808,281.25,0.049487,10.1840,0.6503
-149,0.000105,0.158416,1064.14,1067.19,2531.25,0.605346,0.156863,-0.517667,0.410935,0.550646,-0.388541,-0.251723,0.196352,281.25,0.044740,11.1194,0.4936
-144,0.000110,0.284484,1047.31,1032.51,2578.12,0.554471,0.113725,-1.392038,0.635057,0.923088,-0.075881,-0.354086,0.263859,281.25,0.062458,14.2321,0.4174
-139,0.000098,0.127974,1014.89,1040.34,2531.25,0.549555,0.121569,-1.062799,0.566176,0.986808,-0.304781,-0.418044,0.232640,281.25,0.062696,14.6088,0.4612
-133,0.000120,0.251122,957.86,1008.84,2343.75,0.534810,0.125490,-0.502810,0.523988,0.724572,-0.644289,-0.166770,0.065310,281.25,0.051365,11.8141,0.5153
-128,0.000077,0.296279,876.20,1020.16,2296.88,0.485738,0.196078,-0.146223,0.851656,0.662049,-0.884261,-0.424442,-0.058779,281.25,0.053117,10.6495,0.6444
-123,0.000057,0.082890,966.75,1027.68,2390.62,0.563927,0.403922,-0.488564,0.663522,0.697075,-0.560598,-0.245492,-0.065944,281.25,0.046037,11.8105,0.5605
-117,0.000060,0.154707,1174.52,1047.55,2671.88,0.678911,0.243137,-1.102646,0.482463,0.501767,-0.243260,0.122206,0.239469,234.38,0.027735,8.7474,0.3797
-112,0.000054,0.252670,1163.05,1044.35,2484.38,0.635457,0.313726,-0.106937,0.217407,-0.139829,-0.341030,0.202309,0.168078,93.75,0.014336,5.2658,0.4676
-107,0.000081,0.256398,1250.28,1042.16,2531.25,0.739753,0.239216,-0.063289,-0.258810,-0.247900,0.016923,0.150640,0.402439,140.62,0.010483,3.7231,0.3923
-101,0.000056,0.322322,1115.72,1059.51,2531.25,0.655523,0.301961,0.064918,0.290892,-0.166662,-0.327266,-0.111596,0.249712,281.25,0.015167,4.4193,0.5272
-96,0.000049,0.132443,1088.25,997.77,2296.88,0.660658,0.360784,-0.165484,0.112893,-0.066697,-0.006908,0.048265,0.077930,281.25,0.017870,5.7159,0.4777
-91,0.000067,0.160113,1212.90,1028.33,2531.25,0.713531,0.305882,-0.473978,-0.033923,0.163604,-0.039559,0.147865,0.235992,281.25,0.015561,5.9330,0.3903
-85,0.000059,0.199981,1277.22,1070.13,2578.12,0.742594,0.317647,-0.581763,0.295782,0.234191,-0.396366,0.040976,0.407182,281.25,0.018995,7.2670,0.4092
-80,0.000069,0.276889,1049.54,1038.73,2484.38,0.603786,0.227451,-0.157947,0.587263,0.180517,-0.410153,-0.348488,0.148808,234.38,0.022095,7.5091,0.5780
-75,0.000062,0.180052,1128.19,1024.55,2531.25,0.639695,0.266667,-0.113628,0.294455,-0.004272,-0.303361,-0.002720,0.129528,281.25,0.015624,5.7254,0.5068
-69,0.000068,0.325839,1220.66,1065.42,2718.75,0.696733,0.262745,-0.080385,-0.477825,0.022281,0.228498,-0.034619,0.342051,468.75,0.008043,2.7047,0.3935
-64,0.000077,0.261966,1141.23,1059.60,2671.88,0.657725,0.270588,-0.503114,-0.094154,0.554946,-0.068219,-0.137837,0.248379,328.12,0.020340,6.4731,0.4124
-59,0.000062,0.219777,1077.30,1094.77,2765.62,0.595625,0.282353,-0.403476,0.358614,0.674984,-0.470754,-0.382767,0.223398,281.25,0.028955,9.3478,0.5143
-53,0.000088,0.198158,1127.68,1112.01,2812.50,0.590117,0.141176,-0.590171,0.207512,0.753474,-0.419422,-0.323977,0.372584,328.12,0.028746,9.4098,0.4463
-48,0.000076,0.288435,1063.29,1078.14,2718.75,0.578391,0.176471,-0.615756,0.449214,0.620925,-0.284272,-0.364468,0.194358,281.25,0.025063,6.9758,0.5004
-43,0.000086,0.262845,943.21,1040.71,2484.38,0.562826,0.180392,-0.015037,0.476833,0.311852,-0.245147,-0.518247,-0.010253,234.38,0.030274,7.6580,0.6213
-37,0.000061,0.213799,969.61,1072.37,2484.38,0.543496,0.329412,0.328010,0.744853,-0.276050,-0.529647,-0.275419,0.008252,187.50,0.029842,8.9584,0.6615
-32,0.000069,0.173137,1040.67,1075.23,2578.12,0.605664,0.215686,0.348342,0.618127,-0.461964,-0.550878,-0.055129,0.101503,140.62,0.037717,10.9316,0.6130
-27,0.000068,0.180808,1189.81,1055.72,2625.00,0.695327,0.286275,0.004055,0.353972,-0.371941,-0.366619,0.176195,0.204337,140.62,0.028671,8.7039,0.4972
-21,0.000060,0.153306,1174.79,1059.10,2578.12,0.665364,0.301961,-0.066878,0.344662,-0.535431,-0.134402,0.254347,0.137700,187.50,0.025103,8.2829,0.4857
-16,0.000053,0.272009,1143.76,1065.35,2625.00,0.679752,0.384314,-0.115640,0.301098,-0.206619,-0.227876,0.129682,0.119357,187.50,0.023212,6.6141,0.4921
-11,0.000146,0.157675,1227.89,1060.46,2625.00,0.723921,0.090196,-0.299685,0.150689,-0.000529,-0.158571,0.050949,0.257146,234.38,0.017805,5.5459,0.4431
-5,0.000123,0.420786,890.63,1003.67,2250.00,0.539723,0.192157,0.115058,0.730040,0.175480,-0.458284,-0.418685,-0.143610,140.62,0.047312,10.0617,0.6690
0,0.000165,0.310385,747.32,939.77,1734.38,0.443614,0.086275,0.436625,0.888041,0.061038,-0.516563,-0.488295,-0.380846,140.62,0.076843,12.7653,0.7497
5,0.002890,0.890713,1108.31,764.68,1921.88,0.630554,0.043137,-0.890555,-0.348638,0.145519,0.550625,0.792912,-0.249863,140.62,0.142808,2.5966,0.2909
11,0.003011,0.642364,1157.28,784.89,1921.88,0.595505,0.043137,-1.411416,-0.352425,0.441286,0.569639,0.913032,-0.160117,515.62,0.574745,3.7683,0.2213
16,0.002493,0.303881,1148.32,860.20,1968.75,0.603653,0.050980,-1.026281,-0.215772,0.524770,0.152840,0.684268,-0.119825,328.12,0.915899,4.7507,0.2884
21,0.002645,0.139757,1130.42,864.12,1968.75,0.597665,0.035294,-0.674980,-0.072070,0.308178,0.030894,0.645969,-0.237991,468.75,0.926230,4.7453,0.3595
27,0.002708,0.212120,1095.11,807.91,1828.12,0.513316,0.050980,-0.949775,-0.050125,0.400866,0.365461,0.776202,-0.542629,515.62,0.834146,4.8943,0.3505
32,0.002899,0.124575,1102.23,799.01,1828.12,0.286304,0.058824,-1.814484,0.271183,0.621568,0.518474,0.945058,-0.541799,281.25,1.094366,7.4901,0.2742
37,0.002622,0.224560,1093.87,781.27,1828.12,0.433164,0.050980,-1.420010,0.157649,0.492307,0.432548,0.944608,-0.607102,281.25,1.137033,6.3975,0.3100
43,0.002696,0.273584,1091.75,789.87,1781.25,0.469461,0.035294,-0.731607,0.012226,0.143169,0.357172,0.886922,-0.667881,1781.25,0.818169,4.2655,0.3848
48,0.001881,0.183752,1071.38,800.73,1828.12,0.499460,0.043137,-0.940718,0.179432,0.295151,0.217188,0.843928,-0.594982,281.25,0.911713,5.2622,0.3763
53,0.002259,0.196207,1026.06,780.31,1828.12,0.507285,0.027451,-0.680306,0.055176,0.280830,0.233643,0.749997,-0.639340,281.25,0.799549,4.8049,0.4091
59,0.002062,0.136718,1036.14,770.29,1828.12,0.474246,0.039216,-1.001256,0.103155,0.426535,0.339487,0.767046,-0.634967,281.25,0.860481,6.0469,0.3740
64,0.001664,0.084156,1043.42,784.57,1828.12,0.402744,0.050980,-1.487870,0.393714,0.610302,0.240381,0.827869,-0.584396,281.25,0.904384,7.2275,0.3388
69,0.001333,0.275760,1093.11,799.56,1828.12,0.515367,0.066667,-0.954972,0.111784,0.447397,-0.055203,0.911305,-0.460311,328.12,0.663303,5.2566,0.3436
75,0.001094,0.091631,1165.29,832.18,1875.00,0.512559,0.066667,-1.442524,0.270376,0.547385,-0.133561,1.008915,-0.250592,281.25,0.605254,6.2866,0.2758
80,0.000965,0.132563,1288.91,853.13,2015.62,0.619399,0.043137,-1.816348,-0.056168,0.450749,0.167633,1.135669,0.118465,281.25,0.432146,5.2108,0.1732
85,0.000959,0.180801,1182.18,840.38,1875.00,0.565596,0.054902,-1.398332,0.216800,0.391916,0.100683,0.927320,-0.238387,281.25,0.411998,6.0841,0.2819
91,0.000738,0.068230,1152.81,812.30,1875.00,0.460189,0.054902,-1.143868,0.179696,0.403292,0.115467,0.910258,-0.464844,281.25,0.396986,6.7306,0.3308
96,0.000616,0.300436,1133.13,801.84,1875.00,0.582131,0.074510,-0.752021,-0.086049,0.313803,0.021267,0.937307,-0.434306,281.25,0.267953,4.2733,0.3384
101,0.000486,0.106067,1210.61,795.48,1921.88,0.540217,0.058824,-0.681065,-0.279083,0.080552,0.139184,1.013997,-0.273584,1781.25,0.209144,4.2334,0.2994
107,0.000533,0.142916,1343.31,760.29,2062.50,0.617936,0.054902,-1.064862,-0.565606,-0.281429,0.564187,1.169327,0.178384,1781.25,0.203994,4.9594,0.1841
112,0.000484,0.183288,1181.07,790.03,1875.00,0.491881,0.054902,-0.645679,0.138508,-0.238002,0.170215,0.893060,-0.318101,1828.12,0.163596,4.6873,0.3679
117,0.000415,0.095617,1108.01,796.98,1875.00,0.424240,0.074510,-0.344578,0.246806,-0.261735,0.065046,0.818308,-0.523847,140.62,0.189420,6.3140,0.4511
123,0.000368,0.272349,1077.61,808.11,1828.12,0.512571,0.086275,-0.646329,0.124658,0.268883,0.109402,0.713666,-0.570279,1781.25,0.135403,4.3336,0.4176
128,0.000288,0.094407,1078.83,778.87,1828.12,0.464514,0.105882,-0.973400,0.109448,0.331693,0.275437,0.835429,-0.578608,281.25,0.127611,4.9194,0.3635
133,0.000220,0.210233,1182.00,838.30,1968.75,0.650072,0.078431,-0.731511,-0.113949,0.032484,0.194364,0.823656,-0.205043,1781.25,0.095462,3.8754,0.3247
139,0.000199,0.118766,1186.04,792.13,1921.88,0.575589,0.125490,-0.960556,-0.347778,0.107306,0.505375,0.936287,-0.240632,1828.12,0.081410,4.6195,0.2685
144,0.000219,0.049388,1160.17,765.87,1875.00,0.486404,0.094118,-0.911156,-0.374744,0.115500,0.595331,0.943300,-0.368231,1828.12,0.069389,4.9940,0.2828
149,0.000328,0.304586,1127.46,789.13,1875.00,0.546871,0.090196,-1.332351,0.026188,0.363395,0.383849,0.894195,-0.335277,281.25,0.084269,5.6050,0.2824
155,0.000261,0.225611,992.43,821.35,1828.12,0.500264,0.078431,-0.778089,0.219988,0.492313,0.120172,0.457968,-0.512352,281.25,0.123844,7.7977,0.4374
160,0.000219,0.221072,914.77,817.77,1828.12,0.459517,0.094118,-0.317684,0.289372,0.494707,-0.144958,0.333218,-0.654654,281.25,0.127510,7.0868,0.5366
165,0.000295,0.133284,935.19,819.39,1828.12,0.436601,0.062745,-0.381547,0.411755,0.316783,-0.089559,0.499467,-0.756899,281.25,0.089232,5.9156,0.5359
171,0.000323,0.130751,904.89,852.40,1828.12,0.389973,0.078431,-0.092947,0.517499,0.057980,-0.060859,0.362725,-0.784397,281.25,0.092262,6.5306,0.6042
176,0.000293,0.285517,912.30,834.08,1828.12,0.485649,0.027451,-0.855840,0.544567,0.607576,-0.045590,0.360767,-0.611480,281.25,0.126883,7.6931,0.4924
181,0.000293,0.304559,876.58,817.45,1781.25,0.516020,0.066667,-0.283423,0.195656,0.469273,0.006099,0.208900,-0.596505,328.12,0.115866,5.7891,0.5374
187,0.000269,0.076955,882.68,824.29,1828.12,0.478426,0.074510,-0.131096,0.204664,0.273621,-0.076705,0.354883,-0.625368,187.50,0.093343,5.6568,0.5429
192,0.000347,0.244797,800.43,797.53,1781.25,0.418096,0.078431,0.045440,0.598183,0.240653,-0.172982,0.223794,-0.935089,93.75,0.114413,6.9628,0.6632
197,0.000308,0.143693,733.97,735.07,1781.25,0.330701,0.023529,0.029377,0.763412,0.405921,-0.098904,0.168935,-1.268740,234.38,0.140964,8.8066,0.7204
203,0.000311,0.114618,779.25,762.41,1781.25,0.388492,0.050980,-0.253256,0.678174,0.511027,-0.067850,0.190954,-1.059049,281.25,0.145712,8.9834,0.6562
208,0.000417,0.323576,895.31,834.04,1781.25,0.513585,0.011765,-0.480461,0.272145,0.563973,-0.103899,0.276372,-0.528131,328.12,0.141295,7.7058,0.5054
213,0.000475,0.270941,936.36,817.59,1781.25,0.564933,0.039216,-0.906132,0.267618,0.724904,-0.083891,0.490002,-0.492500,328.12,0.185999,8.3612,0.4212
219,0.000376,0.211968,779.68,771.01,1781.25,0.393739,0.019608,-0.906444,0.904775,0.946521,-0.288425,0.280958,-0.937385,281.25,0.245284,13.4307,0.5811
224,0.000295,0.145505,645.05,758.03,1781.25,0.255380,0.050980,-0.124103,1.138900,0.955585,-0.732882,-0.070464,-1.167036,281.25,0.241777,15.1538,0.7551
229,0.000296,0.116984,710.11,784.46,1781.25,0.320427,0.062745,-0.163378,0.942017,0.835433,-0.691939,0.046021,-0.968154,281.25,0.194177,12.5613,0.7006
235,0.000238,0.236740,863.55,885.47,1875.00,0.473656,0.058824,-0.345885,0.608644,0.505614,-0.433835,0.115248,-0.449786,187.50,0.126911,8.3924,0.5741
240,0.000239,0.162821,833.45,875.69,1828.12,0.456362,0.050980,0.044017,0.697536,0.334283,-0.568558,0.117194,-0.624473,93.75,0.104363,7.0576,0.6512
245,0.000185,0.195992,935.96,906.86,1875.00,0.578413,0.074510,-0.005533,0.342231,0.256205,-0.417413,0.256645,-0.432135,93.75,0.111864,7.7252,0.5637
251,0.000248,0.108324,941.91,903.07,1875.00,0.567967,0.031373,-0.006098,0.191007,0.251738,-0.198598,0.192884,-0.430933,93.75,0.096439,6.9508,0.5527
256,0.000354,0.212303,851.61,847.34,1828.12,0.393362,0.035294,-0.254203,0.555480,0.496533,-0.193262,0.176010,-0.780559,281.25,0.114963,9.7436,0.6113
261,0.000320,0.226198,720.30,814.57,1781.25,0.338562,0.035294,0.024516,0.930835,0.600913,-0.585885,0.004551,-0.974931,234.38,0.153997,11.8955,0.7237
267,0.000308,0.174527,701.25,787.91,1781.25,0.355849,0.098039,-0.146818,0.946733,0.761790,-0.526204,-0.051593,-0.983907,281.25,0.161661,11.4645,0.7146
272,0.000161,0.269330,691.84,745.19,1687.50,0.385739,0.101961,0.115052,0.649101,0.615684,-0.235770,-0.055379,-1.088689,281.25,0.149409,9.5152,0.7219
277,0.000319,0.117430,683.73,738.66,1687.50,0.366967,0.066667,0.105368,0.595992,0.560113,-0.183542,-0.006419,-1.071511,93.75,0.113244,8.2390,0.7088
283,0.000341,0.212722,655.43,790.10,1734.38,0.378676,0.031373,0.286037,0.843775,0.467917,-0.467272,-0.232866,-0.897591,93.75,0.127729,9.4177,0.7559
288,0.000218,0.133320,629.12,788.68,1781.25,0.310558,0.074510,0.382399,0.953537,0.520702,-0.453108,-0.435263,-0.968266,140.62,0.133805,10.2169,0.7973
293,0.000236,0.151231,746.08,834.14,1781.25,0.390896,0.070588,0.019751,0.853447,0.462323,-0.382151,-0.104245,-0.849126,281.25,0.118283,9.5418,0.7137
299,0.000290,0.255231,907.80,894.51,1828.12,0.539190,0.094118,-0.073049,0.398459,0.352397,-0.332168,0.169933,-0.515572,281.25,0.118976,9.2533,0.5831
304,0.000327,0.171582,758.42,837.02,1781.25,0.404449,0.090196,0.176001,0.759406,0.409789,-0.496395,-0.052416,-0.796386,281.25,0.128105,10.6154,0.7093
309,0.000252,0.178195,693.59,807.59,1781.25,0.389048,0.062745,0.189971,0.770245,0.589350,-0.458073,-0.243639,-0.847853,281.25,0.143547,10.6520,0.7361
315,0.000285,0.223729,733.31,824.03,1781.25,0.436753,0.054902,0.258837,0.511831,0.500158,-0.430559,-0.189466,-0.650800,281.25,0.134385,8.9973,0.6911
320,0.000195,0.140728,749.71,831.32,1828.12,0.409419,0.050980,0.078925,0.727516,0.564492,-0.685962,-0.048810,-0.636162,281.25,0.138775,10.6993,0.6782
325,0.000275,0.215321,887.64,875.12,1968.75,0.557932,0.031373,-0.279522,0.483581,0.449453,-0.445008,0.093912,-0.302415,281.25,0.119796,9.0901,0.5514
331,0.000291,0.168533,773.59,848.39,1828.12,0.460428,0.019608,-0.193636,0.749967,0.619638,-0.471546,-0.104865,-0.599559,281.25,0.133280,10.6902,0.6526
336,0.000247,0.154674,757.94,835.05,1781.25,0.416298,0.019608,-0.341307,0.740053,0.813705,-0.264133,-0.225566,-0.722753,281.25,0.144899,11.7693,0.6623
341,0.000226,0.351109,848.49,847.78,1828.12,0.528950,0.058824,-0.801004,0.347842,0.808751,0.041195,-0.010251,-0.386533,328.12,0.128091,8.6108,0.4930
347,0.000173,0.130870,756.26,844.49,1781.25,0.445606,0.125490,-0.294730,0.754381,0.712528,-0.420548,-0.171525,-0.580105,281.25,0.094510,7.7243,0.6469
352,0.000200,0.081795,862.48,905.89,1921.88,0.505674,0.074510,-0.151326,0.710058,0.277435,-0.520670,0.053809,-0.369307,187.50,0.085721,9.8190,0.6076
357,0.000325,0.230044,754.61,825.69,1828.12,0.423702,0.035294,-0.130527,0.820268,0.443494,-0.367136,-0.038380,-0.727719,234.38,0.111197,11.5786,0.6743
363,0.000325,0.241584,650.00,774.39,1593.75,0.343223,0.015686,0.012497,1.039723,0.644261,-0.512493,-0.253893,-0.930096,234.38,0.158095,13.5367,0.7536
368,0.000210,0.264650,713.22,796.05,1781.25,0.417175,0.098039,-0.036415,0.797913,0.643934,-0.377822,-0.244416,-0.783193,281.25,0.153512,11.2308,0.7098
373,0.000318,0.322401,832.73,840.71,1875.00,0.567809,0.066667,-0.216437,0.330386,0.492244,-0.056747,-0.091223,-0.458223,328.12,0.120837,7.3404,0.5822
379,0.000250,0.071824,732.86,801.35,1734.38,0.428181,0.058824,-0.250053,0.568686,0.761016,-0.205702,-0.211573,-0.662373,328.12,0.107598,8.0387,0.6448
384,0.000181,0.228852,634.15,774.76,1406.25,0.365695,0.050980,0.035738,0.940447,0.726341,-0.443825,-0.365517,-0.893184,281.25,0.130791,9.5496,0.7535
389,0.000191,0.244837,852.23,823.39,1781.25,0.521666,0.015686,-0.481072,0.289968,0.577188,0.076639,0.147537,-0.610260,328.12,0.090442,7.0021,0.5339
395,0.000133,0.120597,809.96,838.36,1781.25,0.468171,0.082353,-0.318546,0.620521,0.576968,-0.225794,0.036828,-0.689976,281.25,0.083923,8.8273,0.6172
400,0.000244,0.152022,781.61,841.91,1781.25,0.429004,0.070588,-0.338618,0.734851,0.410011,0.003372,-0.120485,-0.689131,281.25,0.073349,8.6921,0.6463
#END {"type":"keypress","session_id":"piano_b2a0d275b8479bf7","ms":173264,"path":"/raw_C#4_r04_172359.csv","rows":115}

----- END /raw_C#4_r04_172359.csv -----
----- BEGIN /raw_C#4_r05_174620.csv (17816 bytes) -----
#BEGIN {"type":"keypress","session_id":"piano_b2a0d275b8479bf7","ms":174832,"key":"C#4","rep":5,"reps_per_key":5,"fs_hz":48000,"hop":256,"n_fft":1024,"fmin":50.0,"fmax":3500.0,"lead_ms":150,"pre_ms":60,"post_ms":400,"stored_pre_ms":210,"pre_frames":40,"post_frames":75,"path":"/raw_C#4_r05_174620.csv"}
ms_from_event,rms,flux,centroid_hz,spread_hz,rolloff85_hz,flatness,zcr,band0,band1,band2,band3,band4,band5,peak_hz,peak_mag,peak_ratio,low_dom
-208,0.000057,0.251604,1165.40,1022.04,2578.12,0.696247,0.317647,-0.420826,0.267150,-0.067731,-0.193053,0.307662,0.106795,187.50,0.015684,5.7464,0.4295
-203,0.000058,0.171413,1299.51,1072.82,2765.62,0.707160,0.270588,-0.445974,0.188265,0.086160,-0.572776,0.401926,0.342400,234.38,0.014417,5.6068,0.3773
-197,0.000083,0.259185,1274.22,1153.71,2812.50,0.636856,0.211765,-0.066703,0.573064,0.003171,-1.038282,0.062326,0.466425,140.62,0.015863,6.0884,0.4972
-192,0.000152,0.307621,1036.41,1091.17,2625.00,0.567402,0.078431,-0.169095,0.706783,0.374583,-0.738731,-0.271988,0.098449,234.38,0.026323,8.1977,0.5880
-187,0.000129,0.412359,839.63,948.07,2015.62,0.482623,0.082353,-0.869065,0.846916,0.893168,-0.200177,-0.447068,-0.223774,234.38,0.062135,13.3460,0.5804
-181,0.000140,0.234339,814.92,928.64,1968.75,0.457989,0.098039,-1.152594,0.970541,1.046937,-0.222309,-0.430660,-0.211916,281.25,0.080917,14.5211,0.5573
-176,0.000106,0.126352,824.49,929.50,2015.62,0.449379,0.121569,-0.891906,0.816546,1.006292,-0.321995,-0.408023,-0.200914,281.25,0.085053,16.8561,0.5663
-171,0.000136,0.070390,861.82,952.56,2109.38,0.444723,0.070588,-0.956477,0.799947,1.060012,-0.415454,-0.389090,-0.098938,281.25,0.074536,17.7663,0.5413
-165,0.000113,0.247318,837.22,943.30,2109.38,0.488799,0.117647,-0.824729,0.866517,0.859661,-0.305692,-0.404637,-0.191121,234.38,0.069005,15.5013,0.5790
-160,0.000074,0.175023,804.87,962.16,2062.50,0.465569,0.254902,-0.595084,0.957291,0.807504,-0.452562,-0.600014,-0.117136,234.38,0.075836,15.8780,0.6317
-155,0.000064,0.086848,923.59,1023.03,2296.88,0.532595,0.286275,-0.909153,0.868916,0.778671,-0.384135,-0.405566,0.051267,234.38,0.053673,13.5500,0.5392
-149,0.000055,0.177435,1134.00,1094.80,2671.88,0.665823,0.333333,-0.722067,0.418217,0.522048,-0.180795,-0.268906,0.231505,281.25,0.030306,9.5697,0.4667
-144,0.000074,0.126829,1235.54,1123.02,2812.50,0.676294,0.227451,-0.594994,0.260724,0.271700,-0.091966,-0.190154,0.344690,281.25,0.019194,7.0503,0.4392
-139,0.000056,0.305720,1151.75,1115.80,2718.75,0.669974,0.305882,0.181466,0.075055,-0.131364,-0.295349,-0.031910,0.202104,234.38,0.010910,3.6399,0.5108
-133,0.000051,0.208848,1317.94,1081.73,2671.88,0.785453,0.368627,-0.097635,-0.149128,-0.227775,-0.245938,0.261777,0.458699,140.62,0.009654,3.4834,0.3814
-128,0.000096,0.208085,1261.60,1050.76,2625.00,0.708902,0.086275,-0.416060,0.001492,0.106951,-0.181142,0.115952,0.372807,281.25,0.014053,5.1649,0.3890
-123,0.000116,0.374820,993.58,1051.23,2437.50,0.560531,0.129412,-0.245188,0.654636,0.417470,-0.605124,-0.269404,0.047610,281.25,0.031092,8.4723,0.5783
-117,0.000137,0.298873,973.78,1073.04,2625.00,0.536394,0.054902,-0.383017,0.754404,0.668613,-0.657288,-0.413860,0.031147,234.38,0.056051,12.3464,0.5932
-112,0.000084,0.218563,872.86,963.40,2109.38,0.483119,0.243137,-1.260409,0.891080,1.057282,-0.382421,-0.237170,-0.068361,234.38,0.067591,13.8641,0.4920
-107,0.000071,0.172818,898.31,965.27,2156.25,0.529682,0.250980,-0.935027,0.739131,0.841979,-0.352772,-0.284564,-0.008748,281.25,0.054509,11.7536,0.5122
-101,0.000082,0.220673,949.80,1000.25,2250.00,0.559157,0.309804,-0.327394,0.232684,0.723551,-0.327377,-0.323478,0.022014,328.12,0.031916,8.5322,0.5258
-96,0.000111,0.189174,1052.32,1047.69,2484.38,0.620114,0.121569,-0.198256,0.065268,0.443906,-0.243357,-0.209581,0.142018,328.12,0.031706,9.1197,0.4918
-91,0.000130,0.342121,890.71,986.74,2250.00,0.512223,0.094118,-0.585765,0.759643,0.754543,-0.386744,-0.500908,-0.040769,281.25,0.041126,9.6997,0.5885
-85,0.000117,0.259721,799.59,927.72,2015.62,0.467003,0.105882,-0.773767,0.934672,0.946460,-0.466032,-0.433927,-0.207405,234.38,0.066678,14.5955,0.5990
-80,0.000098,0.181263,843.39,933.49,1968.75,0.494852,0.101961,-0.637427,0.816890,0.839105,-0.442933,-0.308842,-0.266793,281.25,0.065788,13.4449,0.5933
-75,0.000082,0.247954,836.98,938.47,1921.88,0.474264,0.333333,-0.347594,0.677022,0.727019,-0.375874,-0.347815,-0.332757,281.25,0.053869,11.0797,0.6236
-69,0.000114,0.124343,873.67,975.64,2250.00,0.475177,0.188235,0.001911,0.723642,0.603567,-0.750600,-0.378263,-0.200257,281.25,0.044309,10.6582,0.6575
-64,0.000065,0.274958,738.50,925.50,1921.88,0.445475,0.325490,0.202722,0.910262,0.465860,-0.541313,-0.695134,-0.342397,140.62,0.048332,10.0237,0.7456
-59,0.000073,0.089329,919.01,1032.20,2296.88,0.538621,0.262745,0.193298,0.782322,0.092908,-0.665697,-0.368832,-0.034000,93.75,0.035131,9.9891,0.6658
-53,0.000090,0.222484,1013.66,1045.52,2343.75,0.597870,0.152941,0.094310,0.578502,0.172840,-0.707065,-0.254296,0.115708,93.75,0.026567,7.5831,0.6001
-48,0.000067,0.216519,968.30,1041.01,2437.50,0.537866,0.239216,-0.234586,0.774261,0.420058,-0.483844,-0.429142,-0.046745,234.38,0.035528,10.1597,0.6243
-43,0.000048,0.169283,1053.21,1100.67,2671.88,0.592521,0.407843,-0.143067,0.595372,0.291823,-0.321241,-0.523367,0.100481,281.25,0.031816,8.6780,0.6077
-37,0.000047,0.148435,1156.70,1106.97,2812.50,0.620382,0.482353,-0.461953,0.279247,0.355594,-0.009974,-0.430520,0.267607,281.25,0.017482,5.8260,0.4975
-32,0.000081,0.171159,1339.71,1059.39,2812.50,0.717109,0.137255,-1.026544,-0.368557,0.308125,0.520697,-0.047336,0.613616,328.12,0.009698,4.4480,0.2728
-27,0.000225,0.491640,1072.46,1081.88,2484.38,0.552987,0.027451,0.467752,0.356655,-0.605507,-0.125566,-0.439640,0.346306,93.75,0.030131,9.2707,0.6127
-21,0.000156,0.540497,725.39,962.98,2015.62,0.424558,0.039216,0.715751,0.995157,-0.116491,-0.822253,-0.530321,-0.241843,140.62,0.082650,13.4131,0.7758
-16,0.000218,0.253940,601.29,865.29,1453.12,0.342545,0.137255,0.784925,1.253662,0.144869,-0.918806,-0.716327,-0.548323,140.62,0.127295,17.8831,0.8391
-11,0.000079,0.122109,540.93,800.15,1171.88,0.299032,0.211765,0.784064,1.277586,0.319356,-0.862620,-0.823071,-0.695315,140.62,0.117390,15.7513,0.8569
-5,0.000125,0.104814,707.72,962.81,1921.88,0.397617,0.043137,0.442025,1.009730,0.391278,-0.673554,-0.900271,-0.269208,140.62,0.058883,9.9380,0.7876
0,0.000221,0.179906,896.17,1041.63,2296.88,0.496717,0.019608,0.496091,0.556760,-0.146834,-0.380202,-0.491834,-0.033981,93.75,0.053098,11.3631,0.6877
5,0.002411,0.878283,1197.57,815.57,1921.88,0.703120,0.039216,-0.900662,-0.134745,-0.204108,0.448923,0.947270,-0.156677,187.50,0.095515,2.5222,0.2864
11,0.002829,0.711625,1179.32,841.65,1968.75,0.654309,0.031373,-1.484768,-0.126569,0.383135,0.465177,0.864145,-0.101121,281.25,0.562868,4.2887,0.2338
16,0.002703,0.336986,1091.12,849.78,1875.00,0.525439,0.050980,-0.961889,0.176930,0.305293,0.172184,0.653413,-0.345931,281.25,0.963586,5.4454,0.3667
21,0.002857,0.236657,1023.89,819.83,1828.12,0.475638,0.023529,-0.503570,0.234296,0.216750,-0.070373,0.721624,-0.598726,187.50,0.892323,4.8760,0.4511
27,0.002200,0.208664,980.30,807.04,1828.12,0.507678,0.019608,-1.054376,0.329598,0.521394,0.164336,0.629952,-0.590904,281.25,1.230667,7.0473,0.4057
32,0.001969,0.205857,1031.50,865.83,1921.88,0.587253,0.015686,-1.136260,0.130196,0.568942,0.246010,0.449994,-0.258882,281.25,1.169176,7.1856,0.3547
37,0.001497,0.133337,1013.44,845.53,1875.00,0.556981,0.043137,-1.478065,0.242650,0.725550,0.348599,0.452180,-0.290914,281.25,1.062114,8.3984,0.3322
43,0.001978,0.065873,1016.47,818.34,1828.12,0.326636,0.035294,-1.542075,0.368371,0.680242,0.402523,0.491725,-0.400786,281.25,0.911352,9.7480,0.3470
48,0.001265,0.229806,979.53,843.10,1875.00,0.500632,0.043137,-0.789534,0.363559,0.449339,0.138711,0.291626,-0.453701,281.25,0.879328,8.0726,0.4671
53,0.000754,0.249120,1006.11,871.48,1968.75,0.550074,0.054902,-0.541199,0.248350,0.271848,0.028751,0.272427,-0.280178,281.25,0.666911,6.2821,0.4644
59,0.001106,0.063533,1160.73,845.22,2062.50,0.581907,0.019608,-0.808721,0.010299,0.254458,-0.128360,0.735682,-0.063358,328.12,0.452537,6.4336,0.3240
64,0.000884,0.238790,1057.76,841.01,1875.00,0.486492,0.035294,-0.910914,0.433062,0.366469,-0.184192,0.627025,-0.331451,281.25,0.404816,6.9394,0.4045
69,0.000883,0.123162,981.15,859.51,1828.12,0.342198,0.047059,-0.721918,0.535622,0.495284,-0.218431,0.415804,-0.506361,281.25,0.470019,8.8406,0.4880
75,0.000528,0.159452,1028.25,876.67,1875.00,0.514202,0.078431,-0.544516,0.416860,0.305944,-0.211283,0.451609,-0.418614,281.25,0.377957,6.7438,0.4799
80,0.000684,0.177576,1195.76,893.03,2109.38,0.652955,0.066667,-0.705324,0.122599,0.153033,-0.152197,0.662699,-0.080810,281.25,0.243081,5.0657,0.3584
85,0.000505,0.136783,1175.09,841.09,1921.88,0.558789,0.074510,-0.732246,0.097068,0.116388,0.038690,0.791767,-0.311667,281.25,0.188195,4.8238,0.3641
91,0.000314,0.217285,1022.55,817.89,1828.12,0.533282,0.094118,-0.263086,0.229100,0.051801,-0.010547,0.639192,-0.646459,140.62,0.213566,5.1633,0.4967
96,0.000271,0.068638,1031.49,834.64,1828.12,0.485995,0.058824,-0.109661,0.241483,-0.064337,-0.077419,0.697161,-0.687227,140.62,0.177070,6.0753,0.5152
101,0.000367,0.110232,1218.05,810.14,1875.00,0.572958,0.066667,-0.677343,-0.181382,-0.196444,0.426037,0.954382,-0.325251,1828.12,0.096802,4.2115,0.3221
107,0.000348,0.265423,1126.50,793.39,1875.00,0.580654,0.070588,-1.069373,-0.041173,0.106583,0.598086,0.792087,-0.386209,281.25,0.102890,4.2197,0.3190
112,0.000430,0.210626,1043.59,824.88,1875.00,0.526156,0.019608,-0.593038,0.189069,0.156251,0.242643,0.577397,-0.572322,234.38,0.111858,4.9516,0.4490
117,0.000314,0.315879,1053.16,913.36,2015.62,0.595099,0.062745,0.108028,0.401521,-0.623485,-0.141555,0.489455,-0.233965,140.62,0.196455,8.1210,0.5317
123,0.000329,0.063989,995.23,913.30,1921.88,0.524275,0.015686,0.182372,0.471457,-0.574618,-0.070389,0.360869,-0.369691,140.62,0.218846,11.4918,0.5821
128,0.000295,0.086708,957.18,931.57,1968.75,0.497964,0.039216,0.124438,0.517640,-0.317918,-0.126577,0.158000,-0.355582,140.62,0.199334,11.4528,0.6034
133,0.000340,0.231390,1009.10,937.44,2109.38,0.600058,0.035294,-0.028227,0.382259,-0.111546,-0.167190,0.127941,-0.203238,140.62,0.165766,8.6207,0.5535
139,0.000460,0.153715,979.42,905.37,1921.88,0.515656,0.023529,-0.053332,0.318856,0.110815,-0.129893,0.203500,-0.449947,140.62,0.132930,7.6028,0.5636
144,0.000312,0.286499,805.87,842.81,1781.25,0.427448,0.043137,0.294356,0.667463,-0.078551,-0.260444,0.201576,-0.824399,140.62,0.199102,9.3434,0.6883
149,0.000382,0.179198,788.42,831.89,1781.25,0.397978,0.031373,0.005531,0.722958,0.286409,-0.290744,0.137906,-0.862060,140.62,0.158994,7.6191,0.6740
155,0.000373,0.101964,886.56,825.93,1828.12,0.455016,0.015686,-0.619001,0.560747,0.577221,-0.153270,0.324497,-0.690193,281.25,0.177133,9.6971,0.5384
160,0.000203,0.286239,801.15,804.54,1781.25,0.390909,0.086275,0.110747,0.576904,0.310690,-0.368438,0.254306,-0.884209,140.62,0.153102,7.6408,0.6590
165,0.000329,0.099892,864.67,850.09,1828.12,0.452266,0.023529,0.189534,0.459895,-0.024723,-0.159038,0.285825,-0.751493,93.75,0.152631,8.5404,0.6359
171,0.000280,0.222783,945.71,861.70,1875.00,0.525227,0.027451,-0.424085,0.331603,0.449218,-0.113332,0.242000,-0.485405,281.25,0.120931,6.8070,0.5189
176,0.000202,0.162946,900.44,835.90,1828.12,0.407292,0.066667,-0.777283,0.655068,0.706799,-0.362425,0.368365,-0.590524,281.25,0.165457,11.1960,0.5125
181,0.000211,0.095465,1003.98,844.12,1828.12,0.518602,0.137255,-1.260945,0.559769,0.655777,-0.066074,0.530859,-0.419386,281.25,0.132382,10.0953,0.3998
187,0.000351,0.349929,992.18,822.83,1828.12,0.560368,0.015686,-0.598634,-0.003787,0.367343,0.321606,0.456706,-0.543235,281.25,0.094056,6.2488,0.4359
192,0.000290,0.271421,853.03,822.62,1828.12,0.451863,0.058824,-0.365055,0.544017,0.453168,-0.004314,0.156536,-0.784351,281.25,0.119659,7.1960,0.5995
197,0.000335,0.220125,824.90,799.37,1781.25,0.450286,0.043137,-0.518382,0.451535,0.651529,-0.023978,0.211343,-0.772048,281.25,0.128227,7.5159,0.5614
203,0.000369,0.179469,812.78,783.72,1781.25,0.388737,0.043137,-1.126905,0.676369,0.948957,-0.090889,0.372427,-0.779959,281.25,0.162422,10.6986,0.4946
208,0.000298,0.277634,769.47,768.82,1781.25,0.390416,0.019608,-0.166276,0.555981,0.585548,-0.215295,0.256405,-1.016364,281.25,0.155248,8.7792,0.6399
213,0.000388,0.218990,774.23,804.60,1781.25,0.409995,0.031373,-0.311325,0.764702,0.640733,-0.309093,0.131237,-0.916254,281.25,0.175520,10.5949,0.6500
219,0.000341,0.137676,779.42,804.68,1781.25,0.368232,0.047059,-0.782887,0.913392,0.774053,-0.282203,0.164789,-0.787144,234.38,0.203045,12.9247,0.5930
224,0.000277,0.245545,807.72,808.28,1781.25,0.430384,0.035294,-0.796797,0.731161,0.609165,-0.096540,0.169983,-0.616971,187.50,0.183025,11.2988,0.5475
229,0.000324,0.197506,835.88,830.15,1781.25,0.439989,0.031373,-0.576252,0.713574,0.598070,-0.286478,0.238769,-0.687682,281.25,0.141032,8.6103,0.5728
235,0.000288,0.277578,952.59,843.14,1781.25,0.563030,0.066667,-0.650856,0.299515,0.436264,-0.010486,0.414201,-0.488639,281.25,0.156563,8.2337,0.4654
240,0.000317,0.158453,870.97,836.90,1828.12,0.466230,0.011765,-0.413918,0.646530,0.571364,-0.321361,0.193045,-0.675661,281.25,0.159412,10.9708,0.5885
245,0.000254,0.195222,771.33,790.68,1781.25,0.394032,0.031373,-0.635484,0.752784,0.767336,-0.194381,0.042237,-0.732492,281.25,0.163977,10.8001,0.5996
251,0.000223,0.284409,870.66,823.87,1828.12,0.532818,0.066667,-0.692088,0.200640,0.659678,0.282516,0.057416,-0.508161,328.12,0.133261,7.9182,0.4949
256,0.000322,0.122216,926.48,887.53,1875.00,0.543239,0.043137,-0.357037,0.316120,0.394464,-0.022524,0.088848,-0.419871,281.25,0.122459,8.5796,0.5362
261,0.000254,0.335218,1045.41,936.77,2203.12,0.679433,0.047059,-1.123068,0.254233,0.648535,0.011033,0.194395,0.014873,281.25,0.156895,8.5482,0.3684
267,0.000154,0.083656,917.22,906.75,1921.88,0.537556,0.176471,-0.835660,0.635231,0.727446,-0.226454,0.013839,-0.314400,281.25,0.146608,11.0133,0.5125
272,0.000177,0.133241,837.57,912.02,1875.00,0.379031,0.105882,-0.253018,0.826839,0.538312,-0.466269,-0.131195,-0.514670,281.25,0.096571,10.3369,0.6479
277,0.000220,0.206737,974.89,929.97,2015.62,0.472849,0.035294,-0.247394,0.344951,0.407118,-0.185797,0.025907,-0.344785,281.25,0.077444,9.0236,0.5519
283,0.000253,0.309308,948.75,925.98,1921.88,0.537480,0.043137,-0.311235,0.251553,0.563537,-0.185996,0.047445,-0.365305,281.25,0.096832,9.1251,0.5322
288,0.000286,0.262140,885.83,886.64,1828.12,0.525492,0.023529,-0.251606,0.348180,0.594941,-0.305972,0.090153,-0.475695,281.25,0.124742,9.2204,0.5600
293,0.000292,0.209624,787.11,863.72,1828.12,0.428584,0.035294,-0.185370,0.711668,0.633681,-0.571021,-0.009044,-0.579914,281.25,0.136000,10.7613,0.6359
299,0.000274,0.155785,762.64,859.42,1828.12,0.338069,0.027451,0.007777,0.890994,0.597681,-0.678908,-0.178548,-0.638996,281.25,0.132121,11.7015,0.7023
304,0.000388,0.348671,763.24,834.07,1828.12,0.451494,0.031373,-0.070937,0.680724,0.497298,-0.303881,-0.160452,-0.642753,281.25,0.136844,8.5638,0.6696
309,0.000189,0.323551,868.39,860.93,1921.88,0.564985,0.090196,-0.514374,0.253696,0.584622,0.107578,-0.113583,-0.317939,328.12,0.147050,7.2997,0.5213
315,0.000255,0.059087,803.61,844.94,1781.25,0.503356,0.090196,-0.311409,0.437360,0.600197,-0.063594,-0.110381,-0.552173,328.12,0.136369,8.0466,0.5973
320,0.000243,0.042880,751.80,871.64,1781.25,0.436925,0.050980,0.015310,0.670345,0.509594,-0.368203,-0.201961,-0.625085,187.50,0.096342,7.7838,0.6806
325,0.000279,0.089117,778.00,878.63,1828.12,0.447458,0.050980,-0.122100,0.655751,0.543879,-0.405625,-0.203081,-0.468824,187.50,0.110057,9.6299,0.6463
331,0.000283,0.229681,731.89,819.40,1828.12,0.379587,0.082353,-0.291934,0.852090,0.789892,-0.445681,-0.199505,-0.704862,281.25,0.134740,11.9955,0.6753
336,0.000274,0.142765,662.81,799.63,1687.50,0.358340,0.043137,-0.162394,1.003461,0.853854,-0.519144,-0.363171,-0.812606,281.25,0.173396,14.9120,0.7327
341,0.000157,0.117672,710.81,839.72,1781.25,0.346365,0.074510,-0.207194,1.025375,0.928096,-0.809215,-0.276839,-0.660223,281.25,0.165631,14.9866,0.7063
347,0.000313,0.271715,819.01,885.79,1921.88,0.488190,0.043137,-0.239466,0.565942,0.613750,-0.335326,-0.196269,-0.408631,328.12,0.107914,9.6051,0.6144
352,0.000261,0.116032,735.03,824.12,1781.25,0.417759,0.031373,-0.165927,0.737294,0.658178,-0.490348,-0.124728,-0.614470,281.25,0.095600,8.6666,0.6582
357,0.000226,0.273238,658.76,812.31,1687.50,0.353838,0.043137,-0.023661,1.051710,0.796815,-0.740456,-0.384639,-0.699770,281.25,0.154344,13.1146,0.7420
363,0.000187,0.046938,748.77,871.52,1828.12,0.369825,0.058824,-0.359615,1.044691,0.865890,-0.836044,-0.189513,-0.525409,281.25,0.148908,15.3783,0.6682
368,0.000222,0.110839,810.83,885.98,1828.12,0.431791,0.050980,-0.505899,0.841978,0.810554,-0.584035,-0.090767,-0.471832,281.25,0.125318,15.1435,0.6105
373,0.000283,0.301336,821.33,862.04,1828.12,0.463642,0.058824,-0.485298,0.586124,0.621754,-0.248514,-0.032369,-0.441698,281.25,0.119699,12.1664,0.5714
379,0.000237,0.300484,659.10,810.77,1546.88,0.366197,0.027451,-0.066093,0.999495,0.664013,-0.518143,-0.297347,-0.781925,234.38,0.131636,11.3611,0.7323
384,0.000153,0.121200,705.07,807.77,1734.38,0.402719,0.050980,-0.056561,0.877097,0.688520,-0.531498,-0.165433,-0.812125,234.38,0.127337,11.9694,0.7108
389,0.000252,0.284526,776.10,837.30,1781.25,0.461659,0.086275,-0.195935,0.651580,0.526472,-0.477822,0.078378,-0.582674,187.50,0.093780,8.7463,0.6177
395,0.000199,0.185784,690.75,800.13,1640.62,0.384137,0.066667,0.122207,0.824325,0.305570,-0.347600,-0.074572,-0.829931,187.50,0.100564,9.2429,0.7162
400,0.000317,0.248309,745.41,817.68,1781.25,0.430113,0.039216,0.088872,0.463397,0.455348,-0.191032,-0.154915,-0.661670,140.62,0.087413,7.9974,0.6647
#END {"type":"keypress","session_id":"piano_b2a0d275b8479bf7","ms":175530,"path":"/raw_C#4_r05_174620.csv","rows":115}

----- END /raw_C#4_r05_174620.csv -----
=== KEY_DUMP_END key=C#4 ===
NEXT: D4
PRESS D4  rep 1/5  then hit Enter

> REC OK: /raw_D4_r01_185436.csv
PRESS D4  rep 2/5  then hit Enter

> REC OK: /raw_D4_r02_187612.csv
PRESS D4  rep 3/5  then hit Enter

> REC OK: /raw_D4_r03_189842.csv
PRESS D4  rep 4/5  then hit Enter

> REC OK: /raw_D4_r04_191980.csv
PRESS D4  rep 5/5  then hit Enter

> REC OK: /raw_D4_r05_194119.csv
=== KEY_DUMP_BEGIN key=D4 files=5 ===
----- BEGIN /raw_D4_r01_185436.csv (17778 bytes) -----
#BEGIN {"type":"keypress","session_id":"piano_b2a0d275b8479bf7","ms":185648,"key":"D4","rep":1,"reps_per_key":5,"fs_hz":48000,"hop":256,"n_fft":1024,"fmin":50.0,"fmax":3500.0,"lead_ms":150,"pre_ms":60,"post_ms":400,"stored_pre_ms":210,"pre_frames":40,"post_frames":75,"path":"/raw_D4_r01_185436.csv"}
ms_from_event,rms,flux,centroid_hz,spread_hz,rolloff85_hz,flatness,zcr,band0,band1,band2,band3,band4,band5,peak_hz,peak_mag,peak_ratio,low_dom
-208,0.000060,0.194678,1278.64,1068.25,2671.88,0.728899,0.325490,0.050703,0.204431,-0.563075,-0.367034,0.324065,0.350910,93.75,0.014734,6.0336,0.4477
-203,0.000054,0.289727,1291.26,1106.03,2671.88,0.722202,0.329412,0.270328,0.050679,-0.476316,-0.344720,0.045430,0.454601,93.75,0.020005,7.1922,0.4776
-197,0.000049,0.209890,1226.69,1114.01,2765.62,0.695161,0.443137,0.000286,0.202107,-0.238117,-0.083735,-0.194234,0.313695,140.62,0.018877,7.1333,0.5104
-192,0.000049,0.223150,1261.49,1105.32,2812.50,0.720479,0.384314,-0.549162,0.259916,0.038522,-0.044582,-0.075845,0.371150,187.50,0.013541,5.5394,0.4274
-187,0.000046,0.215672,1428.23,1082.75,2812.50,0.799690,0.431373,-0.733892,-0.027334,-0.038423,-0.068515,0.241326,0.626836,187.50,0.009322,3.9061,0.3069
-181,0.000063,0.209990,1463.81,1097.18,2859.38,0.736580,0.282353,-0.689950,-0.028490,-0.048533,0.024321,0.019168,0.723486,234.38,0.007605,3.1900,0.3251
-176,0.000050,0.263664,1249.45,1092.35,2765.62,0.699461,0.423529,-0.744622,0.212456,0.528543,-0.273644,-0.231640,0.508905,281.25,0.015577,5.8552,0.4002
-171,0.000083,0.196780,1374.60,1129.39,2859.38,0.672309,0.145098,-0.979151,0.008363,0.662993,-0.242391,-0.187034,0.737219,328.12,0.022453,9.1067,0.3185
-165,0.000073,0.322950,1166.94,1123.74,2718.75,0.559842,0.188235,-0.547189,0.450915,0.750527,-0.623567,-0.563495,0.532807,328.12,0.031109,9.6468,0.4918
-160,0.000087,0.220077,1077.94,1088.57,2625.00,0.547547,0.141176,-0.481240,0.410895,0.824910,-0.701941,-0.366632,0.314005,328.12,0.042752,12.8877,0.4978
-155,0.000080,0.180535,1026.04,1051.30,2531.25,0.556153,0.184314,-0.628634,0.273445,0.927510,-0.575161,-0.229415,0.232256,328.12,0.047111,14.1192,0.4554
-149,0.000078,0.259768,1035.49,1034.53,2531.25,0.561733,0.207843,-1.159579,0.399049,0.960116,-0.192639,-0.132276,0.125329,281.25,0.043660,11.6864,0.4069
-144,0.000069,0.168028,1049.43,1030.37,2531.25,0.613403,0.243137,-0.868970,0.410396,0.707127,-0.105301,-0.238979,0.095726,281.25,0.043992,11.7360,0.4607
-139,0.000050,0.162227,1040.76,993.88,2437.50,0.588631,0.411765,-0.730113,0.416811,0.685395,-0.295409,-0.244392,0.167708,281.25,0.033520,9.6453,0.4705
-133,0.000054,0.197861,1248.53,1073.70,2718.75,0.708476,0.313726,-0.672816,0.255493,0.231424,-0.189761,0.006258,0.369403,281.25,0.015492,5.1441,0.4022
-128,0.000051,0.155785,1316.18,1096.28,2859.38,0.733774,0.313726,-0.327390,0.069809,-0.190804,-0.163528,0.177630,0.434282,187.50,0.012117,4.8119,0.3930
-123,0.000084,0.228149,1296.10,1075.60,2671.88,0.751026,0.160784,0.015703,0.125891,-0.621320,-0.190177,0.196195,0.473708,140.62,0.017282,6.7505,0.4343
-117,0.000056,0.287805,1139.91,1053.80,2390.62,0.668877,0.321569,0.462289,0.012635,-0.692187,-0.307923,0.179902,0.345287,1218.75,0.005000,1.8065,0.4937
-112,0.000063,0.130260,1243.60,1106.82,2625.00,0.686021,0.266667,0.515932,-0.167032,-0.688794,-0.549827,0.338490,0.551232,140.62,0.011264,4.6653,0.4328
-107,0.000054,0.289705,1142.15,1089.27,2578.12,0.665568,0.356863,0.450861,0.523945,-0.836353,-0.594653,0.128737,0.327461,93.75,0.023848,9.9515,0.5645
-101,0.000081,0.210643,1116.82,1055.74,2390.62,0.614972,0.149020,0.398222,0.513204,-0.969149,-0.283824,0.027310,0.314236,93.75,0.025702,10.0903,0.5708
-96,0.000070,0.298649,1184.79,1114.15,2671.88,0.658719,0.172549,0.327248,0.086092,-0.588742,-0.178775,-0.102437,0.456614,187.50,0.008801,3.1660,0.5074
-91,0.000070,0.205782,1179.50,1097.57,2578.12,0.674664,0.258824,0.236959,-0.142859,-0.307000,-0.162399,0.007580,0.367718,140.62,0.011465,4.3005,0.4649
-85,0.000058,0.320944,1088.44,1042.89,2531.25,0.664495,0.290196,-0.350102,0.091054,0.312032,-0.065678,-0.166609,0.179302,281.25,0.016338,5.0436,0.4661
-80,0.000066,0.160085,1250.38,1080.51,2718.75,0.720364,0.301961,-0.878285,0.033355,0.468782,0.044166,-0.141950,0.473933,281.25,0.021890,7.5028,0.3570
-75,0.000071,0.180546,1261.81,1090.62,2765.62,0.672343,0.337255,-0.974340,-0.170394,0.755712,-0.017622,-0.168051,0.574697,281.25,0.020359,7.2084,0.3152
-69,0.000069,0.242474,1230.28,1077.73,2718.75,0.667698,0.254902,-0.967833,-0.033493,0.773494,-0.232512,-0.064284,0.524628,328.12,0.028448,9.0996,0.3250
-64,0.000050,0.206808,1313.59,1095.81,2859.38,0.708784,0.333333,-0.890398,0.051287,0.557780,-0.382818,0.123934,0.540216,281.25,0.027389,7.9789,0.3205
-59,0.000049,0.113104,1368.35,1121.14,2859.38,0.725601,0.301961,-0.973922,-0.022552,0.567244,-0.292829,0.088379,0.633681,281.25,0.021456,7.4661,0.2975
-53,0.000085,0.097801,1387.32,1089.14,2812.50,0.792414,0.101961,-0.821615,-0.251831,0.296044,0.049583,0.154193,0.573626,281.25,0.011013,4.8867,0.2889
-48,0.000073,0.345712,1216.16,1064.24,2484.38,0.705791,0.215686,0.262210,-0.309061,-0.478536,0.014192,0.144377,0.366820,515.62,0.005049,2.0351,0.4307
-43,0.000044,0.223860,1115.00,1063.97,2484.38,0.646484,0.396078,0.555328,-0.176090,-0.663382,-0.267773,0.286720,0.265197,1359.38,0.005100,1.8529,0.4784
-37,0.000057,0.172562,1315.44,1098.24,2718.75,0.695298,0.278431,0.314728,-0.291297,-0.607117,-0.404141,0.523144,0.464682,281.25,0.004675,1.9829,0.3817
-32,0.000118,0.185191,1391.67,1117.47,2953.12,0.722272,0.266667,0.018699,-0.083512,-0.282129,-0.571757,0.435011,0.483690,281.25,0.007529,3.3211,0.3795
-27,0.000229,0.454943,1045.42,1069.14,2484.38,0.622293,0.070588,0.369060,0.527473,-0.235354,-0.843584,0.082045,0.100360,140.62,0.030580,7.9954,0.5883
-21,0.000350,0.475561,703.08,964.23,1921.88,0.399471,0.023529,0.901475,0.928077,-0.169256,-0.867718,-0.461376,-0.331203,93.75,0.102723,16.1673,0.7877
-16,0.000491,0.424119,504.34,800.59,1265.62,0.285821,0.011765,1.243202,1.478338,-0.515233,-0.981023,-0.595461,-0.629823,140.62,0.189351,20.3113,0.8780
-11,0.000388,0.233333,421.75,717.83,609.38,0.229864,0.015686,1.450614,1.686736,-0.600185,-0.972570,-0.754272,-0.810322,140.62,0.284277,26.0552,0.9130
-5,0.000504,0.158274,411.22,707.07,468.75,0.222112,0.011765,1.390907,1.611882,-0.096540,-1.061362,-0.985558,-0.859329,140.62,0.312307,25.8102,0.9186
0,0.000258,0.198518,427.73,747.30,656.25,0.226574,0.094118,1.462335,1.567149,-0.367687,-1.085286,-0.946005,-0.630507,140.62,0.288851,21.0090,0.9091
5,0.003528,0.798697,1261.01,944.24,2390.62,0.832711,0.043137,-0.413628,-0.179075,-0.177125,0.088229,0.439790,0.241809,140.62,0.239484,4.4109,0.3459
11,0.003240,0.708521,1080.72,832.73,2015.62,0.669610,0.027451,-1.034169,-0.114675,0.208560,0.595395,0.432818,-0.087930,328.12,0.636055,3.4499,0.3215
16,0.002062,0.310217,1024.11,804.16,1781.25,0.598434,0.035294,-0.861040,-0.163459,0.214864,0.664442,0.443480,-0.298287,890.62,0.995243,4.1070,0.3578
21,0.001844,0.049285,992.59,789.30,1875.00,0.580334,0.031373,-0.960870,-0.120827,0.325347,0.667461,0.374326,-0.285436,890.62,0.765847,4.1895,0.3577
27,0.001906,0.180857,898.50,747.79,1687.50,0.469083,0.015686,-1.074781,0.278440,0.579957,0.547528,0.258614,-0.589758,281.25,0.866338,7.2095,0.4421
32,0.001250,0.060410,822.59,725.11,1640.62,0.257350,0.054902,-0.815166,0.609414,0.661856,0.306154,0.169392,-0.931650,281.25,1.002584,11.7171,0.5691
37,0.000943,0.131144,873.23,763.98,1687.50,0.414415,0.031373,-0.796645,0.497453,0.586363,0.254487,0.207313,-0.748970,281.25,0.769063,9.0142,0.5303
43,0.000983,0.227992,982.65,852.74,1921.88,0.587652,0.035294,-0.597122,0.132253,0.355846,0.153238,0.285336,-0.329551,328.12,0.468820,5.9219,0.4476
48,0.000791,0.090923,999.18,829.69,1875.00,0.566905,0.050980,-0.750533,0.307053,0.301089,0.010919,0.470565,-0.339092,234.38,0.368000,5.6417,0.4286
53,0.000773,0.176839,1031.81,767.87,1734.38,0.521541,0.054902,-0.765522,0.178709,0.049147,0.295568,0.702403,-0.460305,187.50,0.269972,4.3634,0.3978
59,0.000778,0.203197,1108.90,764.34,1734.38,0.504776,0.074510,-0.827835,-0.080695,-0.041246,0.450192,0.857947,-0.358363,1359.38,0.255220,4.8378,0.3309
64,0.000721,0.074313,1089.96,741.66,1687.50,0.495290,0.047059,-0.835089,-0.069706,0.045465,0.404993,0.923059,-0.468722,1359.38,0.255355,4.8563,0.3364
69,0.000818,0.229998,1057.58,712.49,1687.50,0.505071,0.047059,-0.790370,-0.136195,0.079679,0.381137,0.993893,-0.528143,1406.25,0.275446,5.2157,0.3327
75,0.000747,0.175271,984.30,690.07,1640.62,0.414997,0.058824,-0.861615,0.176677,0.252383,0.321864,0.904775,-0.794084,1406.25,0.271308,5.3540,0.4018
80,0.000884,0.188450,1040.31,700.79,1640.62,0.454609,0.031373,-1.387140,-0.096785,0.559772,0.401461,1.098372,-0.575681,1406.25,0.280237,5.6545,0.2683
85,0.000732,0.196584,921.78,716.36,1640.62,0.352891,0.043137,-0.871852,0.512236,0.638871,-0.189795,0.863782,-0.953243,281.25,0.328938,7.1911,0.4663
91,0.000571,0.102444,850.48,697.45,1640.62,0.309430,0.050980,-0.239409,0.598587,0.491947,-0.279230,0.743654,-1.315551,281.25,0.325132,7.7518,0.6143
96,0.000637,0.252844,834.81,695.46,1593.75,0.348330,0.035294,-0.000636,0.323547,0.356211,-0.032062,0.695041,-1.342101,93.75,0.239207,5.6720,0.6189
101,0.000502,0.114494,805.28,685.16,1593.75,0.304406,0.035294,-0.348892,0.478591,0.662137,0.012335,0.557501,-1.361670,281.25,0.222429,6.4709,0.6147
107,0.000497,0.158959,775.17,681.93,1593.75,0.344365,0.054902,-0.625028,0.424015,0.736958,0.256748,0.439648,-1.232342,328.12,0.215648,6.9544,0.5734
112,0.000471,0.160617,757.22,674.07,1546.88,0.326902,0.043137,-0.628666,0.646228,0.790306,0.123034,0.421364,-1.352268,281.25,0.228534,8.9009,0.6164
117,0.000525,0.120449,769.83,715.95,1593.75,0.382508,0.027451,-0.411047,0.534124,0.690427,0.005952,0.278627,-1.098083,281.25,0.242216,9.4375,0.6157
123,0.000416,0.283489,828.62,758.02,1593.75,0.505264,0.066667,-0.646019,0.225460,0.676596,0.261811,0.233716,-0.751564,328.12,0.232689,7.7081,0.5122
128,0.000491,0.144036,706.60,725.33,1406.25,0.382746,0.019608,-0.466998,0.736876,0.793155,-0.037791,-0.019229,-1.006013,281.25,0.266243,11.1642,0.6565
133,0.000593,0.104867,615.53,681.08,1359.38,0.270695,0.027451,-0.186879,0.933767,0.861015,-0.139684,-0.257748,-1.210472,281.25,0.304752,15.7494,0.7517
139,0.000452,0.237533,531.06,626.31,1078.12,0.257039,0.031373,-0.051473,1.011292,0.979095,-0.122501,-0.517579,-1.298835,234.38,0.270663,11.6170,0.8003
144,0.000388,0.208738,600.14,638.51,1125.00,0.310749,0.027451,-0.684146,0.764998,1.004698,0.239765,-0.234100,-1.091216,234.38,0.234478,11.3680,0.6689
149,0.000259,0.180541,585.23,632.28,1078.12,0.287068,0.066667,-0.563125,0.874572,1.031463,0.177766,-0.394493,-1.126183,234.38,0.202475,10.5273,0.7142
155,0.000248,0.188265,689.76,696.14,1406.25,0.380376,0.039216,-0.344954,0.475016,0.764797,0.113002,-0.010423,-0.997438,234.38,0.118265,6.5944,0.6385
160,0.000276,0.138997,862.27,748.93,1500.00,0.461635,0.090196,-0.358876,0.178505,0.387728,0.159804,0.489945,-0.857106,140.62,0.093478,6.1343,0.5233
165,0.000211,0.209934,790.72,692.03,1406.25,0.361974,0.098039,-0.254597,0.380225,0.411796,0.226801,0.422210,-1.186435,140.62,0.084877,6.0070,0.6094
171,0.000199,0.081504,807.28,711.39,1406.25,0.332010,0.070588,-0.604335,0.464685,0.501678,0.295471,0.423703,-1.081203,281.25,0.088463,7.1316,0.5644
176,0.000208,0.129285,969.03,741.56,1500.00,0.415779,0.101961,-1.109216,-0.095924,0.489158,0.628863,0.724870,-0.637751,562.50,0.089268,8.3657,0.3439
181,0.000237,0.312758,942.39,749.80,1546.88,0.476968,0.125490,-0.405263,-0.023294,0.160152,0.423602,0.642864,-0.798059,515.62,0.076031,6.0741,0.4659
187,0.000336,0.186182,856.65,734.68,1546.88,0.444989,0.027451,-0.467359,0.125548,0.314701,0.392579,0.458471,-0.823941,515.62,0.079652,5.9964,0.5030
192,0.000287,0.286590,720.55,708.54,1406.25,0.354780,0.035294,-0.384547,0.494481,0.688540,0.292018,-0.026655,-1.063838,281.25,0.127782,9.0202,0.6457
197,0.000413,0.124966,688.09,692.80,1312.50,0.322121,0.027451,-0.623366,0.717557,0.846684,0.342871,-0.207611,-1.076135,281.25,0.186273,13.6263,0.6657
203,0.000386,0.318663,676.21,704.00,1218.75,0.382201,0.027451,-0.573125,0.618083,0.812139,0.345074,-0.304139,-0.898032,281.25,0.165399,9.1656,0.6510
208,0.000358,0.326204,793.05,764.95,1500.00,0.501299,0.039216,-0.756541,0.119544,0.736592,0.567590,-0.083841,-0.583344,328.12,0.164120,7.0312,0.5038
213,0.000278,0.173392,708.54,729.39,1359.38,0.392678,0.047059,-0.392775,0.527613,0.805011,0.263419,-0.262541,-0.940727,281.25,0.186380,10.3797,0.6613
219,0.000297,0.062777,629.43,668.54,1265.62,0.310091,0.062745,-0.283506,0.725777,0.858058,0.266768,-0.407027,-1.160070,281.25,0.159498,10.7276,0.7320
224,0.000275,0.239425,604.09,625.55,1125.00,0.303910,0.070588,-0.087288,0.516288,0.786436,0.365161,-0.339661,-1.240935,328.12,0.128976,8.4055,0.7320
229,0.000292,0.190990,661.29,642.63,1312.50,0.334637,0.047059,-0.778836,0.571571,0.972509,0.624668,-0.272775,-1.117137,281.25,0.109336,7.6605,0.6437
235,0.000233,0.163260,712.06,676.94,1406.25,0.379765,0.086275,-0.595888,0.289633,0.775078,0.693922,-0.089072,-1.073673,562.50,0.104757,7.3383,0.6055
240,0.000280,0.191864,740.34,725.49,1359.38,0.384264,0.058824,-0.408523,0.405197,0.615844,0.527948,-0.197504,-0.942961,562.50,0.107149,7.9817,0.6384
245,0.000282,0.126581,803.69,760.34,1406.25,0.410487,0.066667,-1.102151,0.461502,0.732463,0.662635,0.019579,-0.774030,562.50,0.107728,8.2705,0.5142
251,0.000260,0.281117,793.18,730.79,1406.25,0.427267,0.082353,-0.772623,0.144989,0.671676,0.752135,0.045013,-0.841189,515.62,0.114778,7.5990,0.5211
256,0.000261,0.142877,779.28,722.82,1406.25,0.388547,0.062745,-1.007187,0.499256,0.732680,0.584049,0.056513,-0.865310,234.38,0.113176,8.0304,0.5375
261,0.000237,0.140202,835.20,779.70,1593.75,0.472108,0.062745,-1.007663,0.324978,0.605725,0.594605,0.151008,-0.668653,234.38,0.113751,8.6091,0.4794
267,0.000252,0.180478,736.94,724.03,1406.25,0.373749,0.058824,-0.760820,0.574001,0.704945,0.482504,-0.054105,-0.946525,234.38,0.110623,8.8097,0.6003
272,0.000194,0.068688,770.18,750.37,1406.25,0.343536,0.109804,-1.024584,0.489210,0.843440,0.570644,-0.155358,-0.723350,281.25,0.119735,10.9747,0.5428
277,0.000279,0.119701,736.38,705.29,1359.38,0.379744,0.031373,-0.656532,0.389451,0.742128,0.556914,-0.015952,-1.016008,562.50,0.096111,9.1265,0.5945
283,0.000189,0.250235,755.93,769.18,1406.25,0.430689,0.090196,-0.781448,0.450717,0.685309,0.451551,-0.064434,-0.741696,187.50,0.089183,7.3416,0.5591
288,0.000230,0.191094,813.57,841.41,1734.38,0.503128,0.047059,-0.620424,0.343949,0.669180,0.330447,-0.251251,-0.471901,328.12,0.091855,6.8863,0.5556
293,0.000184,0.111735,741.75,768.71,1359.38,0.423774,0.101961,-0.715300,0.359626,0.806229,0.577362,-0.356737,-0.671180,515.62,0.087523,7.7188,0.5832
299,0.000166,0.077600,728.30,728.73,1359.38,0.375017,0.117647,-0.558018,0.237983,0.688893,0.709677,-0.240330,-0.838205,515.62,0.087517,9.1648,0.5937
304,0.000173,0.143940,770.31,746.81,1406.25,0.391445,0.109804,-0.282935,0.160768,0.448390,0.639150,-0.151809,-0.813566,562.50,0.083620,9.8180,0.6039
309,0.000175,0.156898,817.33,745.37,1546.88,0.359724,0.039216,-0.696612,0.216760,0.581981,0.693782,-0.053980,-0.741931,562.50,0.089622,11.2202,0.5394
315,0.000155,0.179422,826.69,764.62,1500.00,0.444496,0.164706,-0.755548,0.226079,0.586793,0.663403,-0.106366,-0.614360,562.50,0.087383,10.0510,0.5239
320,0.000193,0.281126,907.79,772.00,1687.50,0.526208,0.109804,-0.811502,-0.216844,0.562087,0.724414,0.176807,-0.434963,515.62,0.073949,7.5178,0.4049
325,0.000188,0.237006,953.73,850.72,1921.88,0.609158,0.070588,-0.401685,-0.155291,0.374466,0.417695,0.103256,-0.338442,515.62,0.071593,6.3317,0.4599
331,0.000168,0.188352,803.00,807.50,1640.62,0.435772,0.101961,-0.065207,0.170643,0.333787,0.566119,-0.350927,-0.654415,562.50,0.084319,8.5921,0.6354
336,0.000222,0.117168,778.67,775.84,1640.62,0.395055,0.035294,-0.119782,0.322657,0.259022,0.698159,-0.503849,-0.656208,562.50,0.094296,11.2967,0.6641
341,0.000257,0.238142,698.84,712.65,1359.38,0.374396,0.047059,-0.225361,0.468930,0.528107,0.622357,-0.549153,-0.844880,562.50,0.086480,8.5585,0.6940
347,0.000263,0.279682,732.90,769.68,1406.25,0.408141,0.058824,-0.589611,0.399906,0.716781,0.446250,-0.312858,-0.660468,187.50,0.093508,8.0354,0.5967
352,0.000267,0.160517,716.77,750.94,1406.25,0.406003,0.011765,-0.673916,0.488099,0.754857,0.451564,-0.294281,-0.726325,234.38,0.106082,8.4474,0.6029
357,0.000287,0.218181,621.13,655.76,1078.12,0.298916,0.054902,-0.783259,0.821525,1.026563,0.503570,-0.490423,-1.077977,281.25,0.136254,11.3335,0.6907
363,0.000245,0.118000,638.29,712.04,1125.00,0.290333,0.109804,-0.581767,0.830868,0.929217,0.309971,-0.538690,-0.949600,281.25,0.164139,14.4481,0.7045
368,0.000171,0.158975,690.68,749.22,1359.38,0.378582,0.145098,-0.391830,0.606825,0.759337,0.323239,-0.456417,-0.841154,281.25,0.131666,11.0155,0.6805
373,0.000187,0.230320,795.36,810.74,1640.62,0.473270,0.082353,-0.505213,0.321753,0.597582,0.354441,-0.232550,-0.536014,328.12,0.084394,7.1358,0.5726
379,0.000237,0.126615,812.54,792.48,1546.88,0.477650,0.094118,-0.620821,0.218932,0.533744,0.646928,-0.175889,-0.602894,562.50,0.083268,8.3028,0.5470
384,0.000172,0.163542,786.68,777.88,1453.12,0.456546,0.086275,-0.445056,0.292125,0.449839,0.637217,-0.195643,-0.738482,562.50,0.088334,8.5302,0.5964
389,0.000222,0.153991,695.14,737.04,1312.50,0.387298,0.090196,-0.240795,0.546277,0.552993,0.559844,-0.553483,-0.864838,562.50,0.088017,8.4227,0.7031
395,0.000290,0.155740,758.52,750.36,1406.25,0.397431,0.027451,-0.838612,0.315305,0.851727,0.707263,-0.360730,-0.674954,562.50,0.095301,9.9518,0.5637
400,0.000243,0.348367,764.08,762.82,1406.25,0.459529,0.035294,-0.824111,0.158744,0.905653,0.727772,-0.401459,-0.566600,328.12,0.102121,7.5631,0.5378
#END {"type":"keypress","session_id":"piano_b2a0d275b8479bf7","ms":186340,"path":"/raw_D4_r01_185436.csv","rows":115}

----- END /raw_D4_r01_185436.csv -----
----- BEGIN /raw_D4_r02_187612.csv (17757 bytes) -----
#BEGIN {"type":"keypress","session_id":"piano_b2a0d275b8479bf7","ms":187825,"key":"D4","rep":2,"reps_per_key":5,"fs_hz":48000,"hop":256,"n_fft":1024,"fmin":50.0,"fmax":3500.0,"lead_ms":150,"pre_ms":60,"post_ms":400,"stored_pre_ms":210,"pre_frames":40,"post_frames":75,"path":"/raw_D4_r02_187612.csv"}
ms_from_event,rms,flux,centroid_hz,spread_hz,rolloff85_hz,flatness,zcr,band0,band1,band2,band3,band4,band5,peak_hz,peak_mag,peak_ratio,low_dom
-208,0.000229,0.186892,659.18,795.96,1359.38,0.297173,0.050980,-1.472548,1.256498,1.413684,0.036777,-0.860451,-0.373959,281.25,0.155851,20.2168,0.6246
-203,0.000244,0.104459,672.66,827.52,1406.25,0.316577,0.066667,-1.138958,1.184241,1.327153,-0.064187,-0.973320,-0.334929,281.25,0.166319,20.6837,0.6630
-197,0.000268,0.078251,718.79,848.90,1546.88,0.347041,0.043137,-1.706916,1.146051,1.406067,0.027504,-0.592752,-0.279953,281.25,0.166932,22.7323,0.5389
-192,0.000267,0.116199,667.34,756.86,1359.38,0.311691,0.050980,-1.855218,1.209790,1.463069,0.075508,-0.409412,-0.483736,281.25,0.174758,22.7923,0.5309
-187,0.000277,0.149486,633.95,731.93,1312.50,0.304588,0.050980,-1.680226,1.260174,1.457781,-0.090299,-0.491407,-0.456023,281.25,0.184250,21.8885,0.5655
-181,0.000228,0.069121,593.33,725.42,984.38,0.269896,0.058824,-1.159348,1.243244,1.443734,-0.093240,-0.808002,-0.626390,281.25,0.185611,22.8356,0.6812
-176,0.000245,0.090210,630.31,754.11,1312.50,0.324292,0.035294,-0.877334,1.094832,1.298126,-0.140011,-0.689844,-0.685770,281.25,0.174244,21.5657,0.6892
-171,0.000212,0.072658,674.27,812.57,1406.25,0.366422,0.082353,-0.863017,1.034284,1.210996,-0.082511,-0.773656,-0.526096,281.25,0.162940,20.2854,0.6760
-165,0.000219,0.040838,661.07,806.20,1125.00,0.311914,0.035294,-1.266369,1.170722,1.363500,0.069958,-0.865785,-0.472025,281.25,0.155574,21.4655,0.6505
-160,0.000203,0.070410,655.74,795.88,1125.00,0.326470,0.054902,-1.315265,1.187944,1.349217,0.107361,-0.834708,-0.494548,281.25,0.143107,20.4190,0.6459
-155,0.000210,0.120176,735.56,827.03,1593.75,0.359988,0.058824,-1.385600,0.963127,1.192976,0.209259,-0.490860,-0.488902,281.25,0.134096,19.2730,0.5692
-149,0.000207,0.122980,739.10,837.47,1687.50,0.410184,0.050980,-1.185006,0.943186,1.129066,-0.018249,-0.435467,-0.433531,281.25,0.132671,18.4235,0.5778
-144,0.000233,0.073644,706.81,795.39,1640.62,0.340823,0.050980,-1.623253,1.087325,1.320412,-0.009485,-0.345287,-0.429711,281.25,0.139043,20.7189,0.5298
-139,0.000230,0.111340,716.41,818.68,1734.38,0.348942,0.050980,-1.289939,1.053645,1.255912,-0.187277,-0.531552,-0.300789,281.25,0.147540,20.8874,0.5740
-133,0.000274,0.170095,780.11,880.69,1875.00,0.416587,0.035294,-1.170339,0.962667,1.138537,-0.289510,-0.370240,-0.271115,281.25,0.159353,19.8603,0.5540
-128,0.000251,0.130204,769.93,900.39,1921.88,0.372979,0.050980,-1.225643,1.043991,1.209277,-0.301338,-0.517132,-0.209154,281.25,0.171422,20.1980,0.5677
-123,0.000235,0.116074,707.72,892.66,1593.75,0.358148,0.050980,-0.780033,1.098750,1.254578,-0.295863,-0.955806,-0.321626,281.25,0.177279,20.2336,0.6896
-117,0.000232,0.056462,692.87,845.95,1500.00,0.352013,0.043137,-1.080689,1.094516,1.316279,-0.211102,-0.728380,-0.390625,281.25,0.171297,21.5981,0.6379
-112,0.000214,0.057017,675.82,800.68,1453.12,0.321786,0.043137,-1.353168,1.111804,1.367830,-0.079100,-0.530352,-0.517015,281.25,0.162024,22.4904,0.5994
-107,0.000214,0.089046,664.81,804.82,1406.25,0.333027,0.050980,-1.014553,1.080054,1.282456,-0.156517,-0.575936,-0.615505,281.25,0.155312,21.2237,0.6521
-101,0.000187,0.058339,702.60,832.14,1500.00,0.349928,0.062745,-1.286334,1.116313,1.295236,-0.169323,-0.566558,-0.389332,281.25,0.145042,20.9366,0.5970
-96,0.000181,0.064605,723.11,840.65,1593.75,0.344593,0.058824,-1.560480,1.124482,1.326906,-0.039001,-0.493638,-0.358270,281.25,0.130537,21.1181,0.5518
-91,0.000164,0.146649,685.24,797.93,1500.00,0.351504,0.070588,-1.006308,1.031126,1.130625,-0.026582,-0.579676,-0.549186,281.25,0.115928,18.0823,0.6403
-85,0.000197,0.085421,774.65,873.63,1781.25,0.403105,0.066667,-1.167008,0.892806,1.091555,0.046350,-0.542402,-0.321302,281.25,0.109531,18.5063,0.5732
-80,0.000183,0.151576,775.31,902.52,1875.00,0.400469,0.082353,-1.472118,1.057855,1.214501,0.007486,-0.604637,-0.203088,281.25,0.112985,18.1120,0.5490
-75,0.000217,0.163734,738.25,862.54,1687.50,0.362449,0.043137,-1.327630,1.021146,1.235568,0.093686,-0.694188,-0.328583,281.25,0.125069,18.8180,0.5886
-69,0.000206,0.133138,733.97,855.76,1640.62,0.399768,0.098039,-0.973626,0.951892,1.156681,-0.176088,-0.567998,-0.390861,281.25,0.135459,19.8243,0.6150
-64,0.000218,0.133541,742.96,854.03,1593.75,0.366380,0.066667,-1.274693,0.961921,1.223810,-0.116681,-0.436139,-0.358218,281.25,0.144711,19.9331,0.5599
-59,0.000200,0.085147,741.44,853.68,1687.50,0.366370,0.090196,-1.464568,1.049114,1.277098,-0.012910,-0.649087,-0.199647,281.25,0.145158,20.2460,0.5539
-53,0.000210,0.070411,729.71,837.35,1687.50,0.361564,0.105882,-1.502735,1.022222,1.298074,0.130708,-0.683075,-0.265194,281.25,0.142194,20.5222,0.5582
-48,0.000204,0.115997,722.75,831.23,1546.88,0.353265,0.082353,-1.291096,0.954424,1.263209,0.150065,-0.723940,-0.352660,281.25,0.141329,20.0601,0.5915
-43,0.000181,0.088067,726.27,835.80,1593.75,0.381314,0.050980,-1.061374,0.926585,1.206640,-0.117702,-0.549161,-0.404990,281.25,0.138572,19.8846,0.6010
-37,0.000163,0.117698,645.32,771.07,1125.00,0.316685,0.082353,-0.758523,0.960944,1.174789,-0.005188,-0.726547,-0.645474,281.25,0.129808,19.1628,0.6872
-32,0.000115,0.087523,730.89,863.03,1593.75,0.359757,0.152941,-0.951918,0.944801,1.134563,-0.045504,-0.650677,-0.431265,281.25,0.109489,17.7355,0.6312
-27,0.000240,0.179914,759.68,864.12,1687.50,0.429763,0.035294,-0.774025,0.776720,0.871642,0.065043,-0.534190,-0.405191,281.25,0.086056,14.8027,0.6156
-21,0.000397,0.397576,623.23,829.01,1406.25,0.356540,0.062745,0.392057,0.998629,0.365519,-0.324251,-0.775820,-0.656132,140.62,0.087872,11.1363,0.8040
-16,0.000486,0.353623,485.66,754.25,937.50,0.265857,0.019608,1.070527,1.216280,-0.059736,-0.450085,-0.938252,-0.838733,140.62,0.184892,17.6349,0.8841
-11,0.000526,0.308283,410.62,695.48,562.50,0.228189,0.019608,1.386678,1.516912,-0.566607,-0.463526,-1.038988,-0.834469,140.62,0.292296,22.5279,0.9159
-5,0.000519,0.134402,409.28,683.60,562.50,0.209889,0.015686,1.323046,1.550032,-0.305168,-0.582745,-1.093078,-0.892087,140.62,0.351613,26.5398,0.9190
0,0.000193,0.247253,371.27,629.33,515.62,0.187136,0.141176,1.252149,1.588465,0.138348,-0.483719,-1.487093,-1.008149,140.62,0.336142,20.1549,0.9351
5,0.003353,0.711452,839.29,737.58,1593.75,0.519148,0.015686,-0.395123,0.364558,0.006198,0.576069,0.088786,-0.640489,187.50,0.286070,6.1005,0.5648
11,0.002789,0.681688,845.29,719.14,1640.62,0.427718,0.039216,-1.342282,0.494407,0.564991,0.746917,0.092890,-0.556922,234.38,0.961426,6.8910,0.4522
16,0.002678,0.269983,798.38,728.66,1640.62,0.366546,0.019608,-0.718391,0.580588,0.521871,0.472335,-0.105467,-0.750937,281.25,1.510899,9.0598,0.5889
21,0.001938,0.086810,813.51,739.86,1640.62,0.406397,0.035294,-0.493735,0.460660,0.471761,0.368291,-0.029194,-0.777782,281.25,1.240707,7.9532,0.5955
27,0.001304,0.242988,914.87,768.53,1640.62,0.515817,0.023529,-1.117557,0.128343,0.549778,0.535461,0.345507,-0.441533,328.12,0.826030,6.1727,0.3902
32,0.000965,0.085408,857.70,737.21,1593.75,0.462492,0.054902,-0.561832,0.135012,0.438817,0.384788,0.260539,-0.657323,328.12,0.655306,5.9205,0.4962
37,0.001173,0.153286,931.01,742.64,1640.62,0.441262,0.043137,-0.457696,0.031580,0.142670,0.483021,0.464212,-0.663787,328.12,0.395658,5.0342,0.4717
43,0.000821,0.113758,1002.01,747.97,1687.50,0.299879,0.070588,-1.226801,0.327292,0.323052,0.430723,0.728979,-0.583245,281.25,0.411471,6.8957,0.3722
48,0.000801,0.156537,1074.85,752.12,1687.50,0.435926,0.058824,-1.682370,0.379917,0.326131,0.407767,0.973034,-0.404479,234.38,0.379576,6.1813,0.2818
53,0.000890,0.297146,1181.83,763.95,1828.12,0.580892,0.039216,-1.073677,-0.092958,-0.177448,0.451586,1.066232,-0.173736,1078.12,0.238022,3.9648,0.2632
59,0.001049,0.164667,1170.83,732.99,1828.12,0.579951,0.043137,-0.730203,-0.380996,-0.315057,0.480241,1.102035,-0.156020,1406.25,0.286394,4.5666,0.2634
64,0.000942,0.281361,998.24,732.01,1640.62,0.442330,0.043137,-0.172350,0.232811,-0.405611,0.175031,0.816682,-0.646564,140.62,0.339376,5.5424,0.4863
69,0.001183,0.091305,932.90,720.27,1640.62,0.283228,0.039216,-0.123008,0.467147,-0.216526,0.024543,0.789442,-0.941598,140.62,0.376267,6.8176,0.5617
75,0.000942,0.189305,953.56,735.64,1640.62,0.378900,0.035294,-0.365579,0.500439,0.198876,-0.253698,0.806822,-0.886860,234.38,0.380193,6.6266,0.5268
80,0.001178,0.278398,932.97,770.83,1640.62,0.455152,0.019608,-0.446266,0.544481,0.236643,-0.303711,0.774472,-0.805619,187.50,0.477488,7.7530,0.5162
85,0.000741,0.181074,856.16,720.27,1640.62,0.380112,0.039216,-0.473391,0.606127,0.629263,-0.400432,0.696245,-1.057811,234.38,0.479864,8.3538,0.5615
91,0.000728,0.241805,771.81,677.17,1546.88,0.363124,0.023529,-0.151006,0.431512,0.466536,-0.042063,0.483615,-1.188595,328.12,0.362935,5.8025,0.6208
96,0.000799,0.070334,795.36,697.80,1593.75,0.359455,0.027451,-0.153737,0.418586,0.519927,-0.048423,0.505633,-1.241986,281.25,0.282766,6.3930,0.6226
101,0.000772,0.113353,874.36,714.69,1640.62,0.406153,0.019608,-1.077625,0.334271,0.812818,0.263166,0.615642,-0.948273,281.25,0.387463,9.8353,0.4488
107,0.000426,0.318465,889.80,742.62,1640.62,0.500387,0.031373,-0.984276,0.063081,0.707659,0.444939,0.482000,-0.713402,328.12,0.365844,7.5082,0.4146
112,0.000757,0.122666,826.52,719.09,1640.62,0.394001,0.011765,-1.027031,0.465947,0.765068,0.240897,0.471335,-0.916217,328.12,0.277084,7.7072,0.4855
117,0.000848,0.240402,827.90,746.51,1593.75,0.453246,0.015686,-0.853534,0.385997,0.773847,0.074188,0.445973,-0.826471,234.38,0.293394,7.7453,0.4891
123,0.000438,0.224941,681.93,695.21,1406.25,0.353590,0.086275,-0.439136,0.936238,0.849230,-0.399134,0.222638,-1.169836,234.38,0.420998,11.7897,0.6731
128,0.000669,0.044187,656.34,670.38,1406.25,0.284140,0.019608,-0.464818,0.963663,0.984907,-0.334047,0.180495,-1.330201,234.38,0.370752,14.0288,0.6951
133,0.000431,0.202928,674.98,673.07,1406.25,0.339546,0.019608,-0.582497,0.771503,0.822772,-0.024401,0.172301,-1.159678,234.38,0.318076,12.7937,0.6430
139,0.000395,0.194759,605.02,651.33,1312.50,0.291630,0.098039,-0.361465,0.953172,0.842497,-0.035729,-0.103666,-1.294809,234.38,0.299009,11.8277,0.7301
144,0.000319,0.204361,758.10,759.01,1406.25,0.465375,0.050980,-0.796957,0.447867,0.791669,0.327530,-0.056582,-0.713528,234.38,0.202746,8.9699,0.5524
149,0.000327,0.116681,692.63,714.60,1312.50,0.387832,0.047059,-0.651098,0.666846,0.763462,0.277531,-0.166431,-0.890309,187.50,0.147455,7.6177,0.6309
155,0.000286,0.072814,746.72,741.78,1359.38,0.390661,0.164706,-0.730782,0.533720,0.690286,0.272146,0.001498,-0.766868,281.25,0.147849,9.5097,0.5706
160,0.000318,0.290305,773.01,729.31,1406.25,0.440341,0.090196,-0.337991,0.409983,0.511310,0.165447,0.179622,-0.928370,234.38,0.138554,7.9302,0.6012
165,0.000317,0.169739,759.30,729.71,1406.25,0.397073,0.039216,-0.244218,0.585205,0.384942,0.072178,0.217112,-1.015220,234.38,0.135935,7.4930,0.6387
171,0.000270,0.167651,839.05,712.66,1453.12,0.416466,0.066667,-0.454233,0.327120,0.303570,0.228473,0.570634,-0.975564,187.50,0.108558,6.1322,0.5347
176,0.000335,0.164852,791.01,704.33,1406.25,0.351155,0.074510,-0.198121,0.467768,0.326371,0.160185,0.448650,-1.204852,93.75,0.098486,5.9029,0.6255
181,0.000363,0.127176,792.36,735.99,1406.25,0.340391,0.066667,0.100365,0.528883,-0.039647,0.075371,0.370399,-1.035370,93.75,0.123362,7.8170,0.6564
187,0.000380,0.279929,751.47,727.52,1406.25,0.401527,0.035294,-0.030488,0.466564,0.270033,0.163706,0.243366,-1.113180,93.75,0.130204,6.3432,0.6577
192,0.000574,0.277491,846.42,766.04,1546.88,0.513775,0.035294,-0.487533,-0.051014,0.511959,0.482496,0.265661,-0.721568,328.12,0.132521,5.5895,0.4897
197,0.000433,0.209555,690.69,713.23,1265.62,0.386529,0.050980,-0.679073,0.501035,0.867554,0.353858,-0.176947,-0.866427,328.12,0.177346,7.4254,0.6065
203,0.000404,0.210774,590.25,678.36,1078.12,0.295030,0.019608,-0.381433,0.891664,0.995265,0.153974,-0.706132,-0.953339,281.25,0.271437,12.6908,0.7474
208,0.000451,0.080405,623.18,703.76,1125.00,0.283934,0.039216,-0.310472,0.800423,0.925484,0.157903,-0.639214,-0.934124,281.25,0.279963,16.1499,0.7372
213,0.000358,0.184735,625.49,652.10,1078.12,0.314639,0.047059,-0.870333,0.789408,1.144222,0.434205,-0.427319,-1.070181,281.25,0.245178,13.5668,0.6700
219,0.000344,0.317934,642.86,666.53,1125.00,0.340578,0.039216,-0.577648,0.517131,0.985180,0.563794,-0.519527,-0.968930,328.12,0.156296,7.5576,0.6713
224,0.000287,0.110166,795.56,769.64,1453.12,0.478673,0.019608,-0.732378,0.034586,0.748455,0.669043,-0.203066,-0.516641,562.50,0.133688,6.9294,0.5027
229,0.000359,0.196667,751.54,706.80,1359.38,0.378030,0.043137,-0.843969,0.313801,0.822241,0.704616,-0.176509,-0.820181,281.25,0.126475,7.9552,0.5581
235,0.000297,0.104310,724.38,655.61,1359.38,0.299879,0.074510,-1.143561,0.526654,0.927896,0.757052,-0.066373,-1.001668,281.25,0.172374,12.1926,0.5562
240,0.000317,0.202671,740.92,684.10,1359.38,0.370781,0.058824,-1.097677,0.519956,0.861748,0.645220,0.022274,-0.951521,281.25,0.147376,8.9586,0.5438
245,0.000341,0.233657,839.83,763.00,1546.88,0.465227,0.043137,-0.874944,0.157769,0.620603,0.563146,0.198304,-0.664878,234.38,0.126197,7.3127,0.4687
251,0.000275,0.190913,714.38,703.99,1406.25,0.361637,0.035294,-0.485982,0.515016,0.607588,0.473747,-0.027835,-1.082534,234.38,0.129231,7.5151,0.6387
256,0.000366,0.220523,663.62,669.66,1359.38,0.340438,0.035294,-0.052236,0.341285,0.595427,0.479272,-0.085479,-1.278269,328.12,0.106164,6.1397,0.6956
261,0.000334,0.153835,653.29,674.92,1359.38,0.333619,0.043137,-0.071743,0.526394,0.652703,0.364220,-0.192606,-1.278967,281.25,0.124620,7.8371,0.7237
267,0.000219,0.156982,721.80,724.19,1406.25,0.408331,0.098039,-0.474455,0.552267,0.701740,0.272257,-0.156277,-0.895533,281.25,0.162272,10.1894,0.6376
272,0.000386,0.256614,815.46,795.47,1640.62,0.505171,0.066667,-0.832958,0.389381,0.707038,0.323315,-0.091307,-0.495468,234.38,0.118889,7.1033,0.5179
277,0.000221,0.173897,724.34,762.27,1359.38,0.397851,0.043137,-0.675194,0.482520,0.789506,0.320685,-0.174042,-0.743473,234.38,0.122960,7.7136,0.5896
283,0.000218,0.199233,806.30,791.87,1593.75,0.472444,0.058824,-0.880526,0.125294,0.845065,0.537759,-0.049538,-0.578054,515.62,0.117260,7.0408,0.4841
288,0.000181,0.043203,850.21,786.00,1546.88,0.463585,0.086275,-0.906747,-0.245836,0.762572,0.801300,0.084298,-0.495588,515.62,0.110002,9.6436,0.4084
293,0.000183,0.138419,775.45,728.24,1406.25,0.409775,0.086275,-0.862926,0.186888,0.707382,0.750304,-0.046142,-0.735507,562.50,0.094872,9.6343,0.5132
299,0.000263,0.084721,813.48,765.01,1406.25,0.428759,0.133333,-0.934932,0.283430,0.538850,0.761076,-0.011532,-0.636890,562.50,0.095236,10.9155,0.4996
304,0.000187,0.291382,729.12,759.79,1406.25,0.364720,0.156863,-0.543362,0.591215,0.604050,0.391550,-0.173595,-0.869857,234.38,0.090660,7.9977,0.6331
309,0.000215,0.206015,752.24,707.94,1406.25,0.367615,0.047059,-0.619200,0.255813,0.701922,0.585953,0.021889,-0.946378,515.62,0.086668,7.3290,0.5697
315,0.000211,0.091794,762.16,692.66,1406.25,0.375769,0.078431,-0.869561,0.210380,0.795208,0.707575,0.062081,-0.905683,562.50,0.092473,8.8107,0.5230
320,0.000180,0.164289,764.86,688.61,1406.25,0.383830,0.082353,-0.766135,-0.045654,0.852662,0.830339,0.086201,-0.957412,515.62,0.096282,8.8894,0.5074
325,0.000180,0.125295,803.47,747.13,1453.12,0.421721,0.094118,-0.398760,-0.039008,0.474152,0.857136,-0.139568,-0.753953,562.50,0.099075,10.6477,0.5567
331,0.000294,0.155635,878.32,802.69,1687.50,0.475908,0.043137,-0.822498,-0.007190,0.444750,0.885241,-0.114882,-0.385420,562.50,0.097485,10.6823,0.4589
336,0.000325,0.327977,846.65,811.21,1781.25,0.465040,0.082353,-1.669240,0.381796,0.895332,0.779767,-0.162217,-0.225439,562.50,0.099038,8.2069,0.3894
341,0.000281,0.298462,751.33,789.51,1453.12,0.419316,0.043137,-1.066822,0.598350,0.962457,0.539116,-0.525314,-0.507788,281.25,0.138992,9.7992,0.5701
347,0.000396,0.331145,842.15,845.12,1828.12,0.542118,0.027451,-0.947146,0.221223,0.815645,0.445282,-0.221543,-0.313461,328.12,0.134979,7.6608,0.4762
352,0.000314,0.200936,698.21,728.17,1312.50,0.384719,0.043137,-1.270037,0.688206,1.145920,0.474197,-0.369739,-0.668548,281.25,0.166763,10.6115,0.5568
357,0.000335,0.080016,699.49,733.80,1359.38,0.361804,0.043137,-1.422390,0.806097,1.182925,0.455712,-0.354939,-0.667403,281.25,0.194698,12.4746,0.5506
363,0.000278,0.272253,775.62,762.54,1453.12,0.471425,0.050980,-1.246409,0.400326,0.925943,0.545116,-0.053716,-0.571260,328.12,0.140877,8.1959,0.4724
368,0.000219,0.185245,724.84,743.28,1406.25,0.387011,0.113725,-0.839020,0.631594,0.797108,0.390148,-0.169053,-0.810777,234.38,0.127378,7.9251,0.5954
373,0.000281,0.225777,952.67,887.15,1921.88,0.558643,0.047059,-1.076795,0.041283,0.728331,0.454495,0.079067,-0.226380,328.12,0.105120,7.0065,0.3908
379,0.000258,0.146967,791.51,790.14,1546.88,0.456234,0.176471,-1.044656,0.449588,0.858069,0.583493,-0.287344,-0.559150,281.25,0.110695,8.6830,0.5314
384,0.000276,0.111855,712.95,744.58,1359.38,0.400766,0.050980,-1.008668,0.641645,0.889947,0.605010,-0.476674,-0.651260,234.38,0.116051,9.6996,0.5940
389,0.000376,0.286397,729.89,764.42,1406.25,0.430896,0.019608,-0.602120,0.317577,0.802417,0.441527,-0.382835,-0.576566,328.12,0.110012,7.9328,0.5836
395,0.000401,0.226144,651.59,751.90,1171.88,0.343850,0.027451,-0.568110,0.708969,0.986288,0.248912,-0.652618,-0.723441,234.38,0.142990,9.1996,0.6810
400,0.000383,0.299713,779.56,821.49,1500.00,0.478005,0.058824,-0.986134,0.342363,0.912151,0.485874,-0.291010,-0.463244,234.38,0.157865,8.3358,0.5138
#END {"type":"keypress","session_id":"piano_b2a0d275b8479bf7","ms":188523,"path":"/raw_D4_r02_187612.csv","rows":115}

----- END /raw_D4_r02_187612.csv -----
----- BEGIN /raw_D4_r03_189842.csv (17753 bytes) -----
#BEGIN {"type":"keypress","session_id":"piano_b2a0d275b8479bf7","ms":190055,"key":"D4","rep":3,"reps_per_key":5,"fs_hz":48000,"hop":256,"n_fft":1024,"fmin":50.0,"fmax":3500.0,"lead_ms":150,"pre_ms":60,"post_ms":400,"stored_pre_ms":210,"pre_frames":40,"post_frames":75,"path":"/raw_D4_r03_189842.csv"}
ms_from_event,rms,flux,centroid_hz,spread_hz,rolloff85_hz,flatness,zcr,band0,band1,band2,band3,band4,band5,peak_hz,peak_mag,peak_ratio,low_dom
-208,0.000221,0.117056,667.91,831.61,1406.25,0.293399,0.050980,-0.962354,1.131878,1.245141,0.014309,-0.999662,-0.429311,281.25,0.134407,19.2596,0.6898
-203,0.000221,0.111425,718.82,855.35,1640.62,0.363571,0.066667,-1.211079,1.037861,1.256018,-0.055348,-0.637429,-0.390023,281.25,0.143578,20.3464,0.6052
-197,0.000234,0.092357,721.19,857.56,1734.38,0.340371,0.043137,-1.232151,1.095079,1.279733,-0.102127,-0.826226,-0.214309,281.25,0.151728,21.2509,0.6111
-192,0.000276,0.123971,766.04,905.35,2015.62,0.353484,0.035294,-1.754035,1.133218,1.407439,0.054216,-0.796079,-0.044758,281.25,0.161122,21.6489,0.5275
-187,0.000247,0.130795,667.60,824.52,1265.62,0.304493,0.066667,-1.088570,1.127325,1.335286,-0.102487,-0.913345,-0.358207,281.25,0.172924,21.8185,0.6582
-181,0.000255,0.125864,630.56,807.77,1031.25,0.280111,0.043137,-0.788501,1.185290,1.329677,-0.110330,-1.160530,-0.455607,281.25,0.180498,21.1712,0.7323
-176,0.000210,0.048518,627.07,813.69,1031.25,0.289920,0.035294,-0.698756,1.176640,1.323632,-0.221848,-1.049179,-0.530489,281.25,0.173199,21.5981,0.7367
-171,0.000205,0.051292,653.98,791.81,1359.38,0.300789,0.058824,-1.203656,1.173446,1.380301,-0.112856,-0.696173,-0.541064,281.25,0.157002,22.5074,0.6465
-165,0.000190,0.107380,721.51,834.68,1640.62,0.353002,0.054902,-1.259323,1.009724,1.260592,-0.028123,-0.591360,-0.391510,281.25,0.141285,20.4318,0.5906
-160,0.000157,0.096765,753.58,879.97,1640.62,0.392099,0.074510,-1.115481,0.980549,1.166692,-0.026267,-0.691285,-0.314208,281.25,0.124704,18.8640,0.6071
-155,0.000137,0.129318,742.37,873.60,1687.50,0.399353,0.082353,-0.748127,0.882192,1.030959,0.019449,-0.800284,-0.384190,281.25,0.108508,16.4641,0.6591
-149,0.000164,0.082314,750.61,883.21,1828.12,0.407457,0.082353,-0.515723,0.842119,0.912118,-0.129894,-0.743606,-0.365015,281.25,0.092868,15.8734,0.6721
-144,0.000176,0.137938,727.70,876.56,1781.25,0.384062,0.058824,-0.542889,0.909380,0.929854,0.016280,-0.935312,-0.377312,281.25,0.089155,15.2536,0.6984
-139,0.000206,0.178884,705.81,881.58,1640.62,0.367336,0.066667,-0.589168,0.980450,1.041232,-0.177369,-0.829201,-0.425943,281.25,0.104954,16.4319,0.6949
-133,0.000186,0.182709,696.55,861.93,1593.75,0.357087,0.035294,-0.366987,0.879907,0.977281,-0.219856,-0.741339,-0.529006,281.25,0.120254,17.2545,0.7092
-128,0.000192,0.133606,702.94,830.78,1546.88,0.360519,0.058824,-0.835336,0.891426,1.084914,0.061183,-0.690670,-0.511517,281.25,0.126668,18.0577,0.6523
-123,0.000229,0.106861,730.37,840.06,1640.62,0.370585,0.050980,-1.060033,0.917681,1.100566,0.039175,-0.635335,-0.362052,281.25,0.130859,18.7250,0.6053
-117,0.000222,0.140223,668.14,783.80,1312.50,0.351886,0.043137,-0.728299,0.901530,1.072191,0.072231,-0.659070,-0.658583,281.25,0.137578,17.8595,0.6782
-112,0.000178,0.092326,640.93,759.32,1171.88,0.309573,0.050980,-0.886495,1.003538,1.214937,0.026292,-0.574468,-0.783804,281.25,0.143492,19.3006,0.6765
-107,0.000152,0.076329,708.94,830.31,1593.75,0.350958,0.082353,-1.091055,0.953405,1.193351,-0.047873,-0.543882,-0.463944,281.25,0.132273,18.9534,0.6071
-101,0.000185,0.116419,772.42,845.56,1687.50,0.421213,0.050980,-1.220317,0.742180,1.078493,0.158240,-0.398470,-0.360126,281.25,0.111746,17.3432,0.5350
-96,0.000156,0.145011,822.45,916.14,2015.62,0.452788,0.078431,-1.216896,0.820371,1.067271,0.047513,-0.580007,-0.138253,281.25,0.111278,16.6962,0.5401
-91,0.000126,0.149268,741.49,873.69,1687.50,0.417725,0.109804,-0.635914,0.859054,0.950852,-0.009055,-0.765601,-0.399337,281.25,0.108137,15.4350,0.6669
-85,0.000113,0.103805,789.88,855.41,1781.25,0.434635,0.192157,-0.602217,0.644917,0.832408,0.194564,-0.673760,-0.395911,281.25,0.082649,13.9342,0.6356
-80,0.000104,0.190542,983.82,989.90,2343.75,0.530307,0.184314,-0.940173,0.357184,0.669288,0.284988,-0.390316,0.019028,281.25,0.060660,11.2431,0.4736
-75,0.000098,0.165768,1021.83,1065.52,2625.00,0.506963,0.188235,-1.069923,0.539581,0.729587,0.124214,-0.479812,0.156352,281.25,0.048905,9.2837,0.4742
-69,0.000147,0.190517,925.83,962.94,2343.75,0.519042,0.105882,-0.706764,0.362698,0.588279,0.414778,-0.531390,-0.127601,328.12,0.037447,7.3456,0.5393
-64,0.000111,0.257094,769.21,890.36,1828.12,0.438789,0.152941,-0.466355,0.753350,0.745686,0.175747,-0.826295,-0.382133,281.25,0.055753,9.2803,0.6787
-59,0.000149,0.089914,785.94,929.48,2015.62,0.369195,0.098039,-0.583587,0.806073,0.875306,0.094208,-0.953591,-0.238410,281.25,0.068295,12.9652,0.6698
-53,0.000145,0.149122,824.42,852.37,1968.75,0.396707,0.113725,-1.530841,0.656973,1.046062,0.379565,-0.407282,-0.144478,281.25,0.074698,15.3376,0.4598
-48,0.000120,0.248646,779.64,822.75,1734.38,0.411246,0.145098,-1.091621,0.679531,0.950500,0.298433,-0.342670,-0.494173,281.25,0.087482,14.7685,0.5529
-43,0.000094,0.084264,795.70,861.69,1828.12,0.430787,0.141176,-0.958030,0.706729,0.894558,0.264578,-0.481787,-0.426048,281.25,0.079786,13.8400,0.5813
-37,0.000090,0.102552,876.21,916.88,2203.12,0.458151,0.172549,-0.835345,0.498070,0.852408,0.337159,-0.673919,-0.178373,281.25,0.057149,12.1691,0.5640
-32,0.000172,0.189152,963.53,983.02,2390.62,0.527318,0.078431,-0.990621,0.340934,0.787165,0.343037,-0.554365,0.073849,328.12,0.044472,9.7757,0.4789
-27,0.000128,0.335948,813.07,942.71,2062.50,0.412586,0.035294,-0.935345,0.839778,0.911350,0.083032,-0.756107,-0.142708,281.25,0.066053,11.3255,0.5991
-21,0.000221,0.287843,774.18,951.84,2062.50,0.435541,0.054902,0.019305,0.862147,0.413818,-0.137562,-0.845856,-0.311852,234.38,0.057944,8.3435,0.7349
-16,0.000297,0.324692,652.62,878.68,1546.88,0.373353,0.019608,0.719333,0.852720,0.053758,-0.210292,-0.889911,-0.525609,140.62,0.105543,13.6832,0.8166
-11,0.000274,0.252572,558.33,820.38,1031.25,0.319508,0.023529,0.867542,1.153977,-0.034037,-0.178630,-1.183982,-0.624870,140.62,0.158097,17.5544,0.8716
-5,0.000375,0.142012,538.94,796.97,1031.25,0.296504,0.050980,0.919685,1.183404,-0.068994,-0.193412,-1.055859,-0.784825,140.62,0.194501,21.7564,0.8778
0,0.000231,0.298434,435.57,710.43,609.38,0.232445,0.039216,1.082637,1.432771,0.086140,-0.618023,-1.030357,-0.953167,140.62,0.207247,17.8520,0.9046
5,0.004629,0.835844,796.33,698.08,1546.88,0.453371,0.023529,-0.734283,0.069852,0.645937,0.829242,-0.079419,-0.731330,515.62,0.267851,4.2854,0.5183
11,0.004456,0.685738,896.52,718.16,1687.50,0.498265,0.039216,-1.533237,-0.153709,0.768929,1.041806,0.237143,-0.360932,562.50,1.277085,6.4555,0.3140
16,0.004148,0.280315,900.70,693.43,1640.62,0.446779,0.027451,-1.687675,-0.386788,0.822096,1.217624,0.366225,-0.331482,515.62,1.983371,7.6419,0.2583
21,0.003535,0.206137,848.84,683.66,1593.75,0.371296,0.027451,-1.329358,0.187926,0.693944,0.973779,0.094518,-0.620808,562.50,1.729023,7.1139,0.4237
27,0.003445,0.081050,851.56,703.10,1593.75,0.399197,0.023529,-0.671745,0.190321,0.420300,0.789911,0.060573,-0.789360,562.50,1.355277,6.2086,0.5309
32,0.003043,0.246727,817.63,732.46,1593.75,0.469717,0.035294,-0.295754,0.224277,0.234233,0.651176,0.002096,-0.816027,562.50,1.044644,4.7756,0.5918
37,0.002240,0.159400,796.93,709.15,1593.75,0.387307,0.047059,-0.494052,0.256573,0.527526,0.738553,-0.096244,-0.932356,562.50,1.027767,5.6761,0.5976
43,0.001806,0.163244,807.19,725.07,1593.75,0.447617,0.023529,-0.456778,0.232127,0.400873,0.639250,0.074548,-0.890019,562.50,0.800522,4.9172,0.5733
48,0.001573,0.121107,830.58,749.60,1640.62,0.404281,0.035294,-0.463990,0.432231,0.473335,0.279638,0.180069,-0.901282,281.25,0.809135,6.7726,0.5853
53,0.001025,0.062150,865.83,769.82,1640.62,0.299858,0.062745,-0.726156,0.546163,0.471813,0.225779,0.256081,-0.773681,281.25,0.828098,8.6394,0.5421
59,0.001266,0.145252,1036.00,797.98,1875.00,0.488690,0.043137,-0.973383,0.050798,0.418325,0.310722,0.573110,-0.379571,281.25,0.480718,5.6878,0.3640
64,0.001163,0.307612,1064.75,805.44,1968.75,0.578174,0.047059,-0.828138,-0.251617,0.329993,0.211518,0.685505,-0.147261,328.12,0.392669,4.5392,0.3081
69,0.000904,0.169763,1058.40,780.78,1875.00,0.564539,0.058824,-0.442782,-0.174576,0.083556,0.099323,0.745593,-0.311114,1406.25,0.388800,4.6599,0.3715
75,0.001065,0.175523,1143.04,737.76,1734.38,0.521474,0.054902,-0.392162,-0.241166,-0.442302,0.316422,1.045090,-0.285882,1359.38,0.436301,6.6977,0.3326
80,0.001043,0.119920,1131.79,702.53,1687.50,0.331524,0.043137,-0.763593,-0.190803,-0.463226,0.565210,1.163622,-0.311211,1359.38,0.504226,9.3192,0.2884
85,0.000866,0.221663,1028.31,698.07,1593.75,0.422515,0.050980,-0.477686,-0.015034,-0.299739,0.469302,0.926126,-0.602970,1359.38,0.433336,6.8078,0.3994
91,0.001069,0.282880,1000.37,725.04,1593.75,0.488235,0.039216,-0.309384,-0.068022,-0.083115,0.269292,0.797093,-0.605863,1406.25,0.376671,5.5009,0.4294
96,0.000745,0.135257,984.95,797.70,1734.38,0.567162,0.050980,-0.283372,0.231241,-0.020880,-0.004689,0.611496,-0.533796,93.75,0.330580,5.2738,0.4838
101,0.000588,0.194832,857.84,754.69,1640.62,0.397382,0.047059,-0.256114,0.634328,0.234568,-0.188444,0.506348,-0.930688,234.38,0.355245,6.8718,0.5990
107,0.000599,0.041863,927.89,748.80,1640.62,0.286613,0.035294,-0.477157,0.489489,0.421892,-0.114623,0.641939,-0.961540,281.25,0.304368,9.0301,0.5414
112,0.000782,0.147062,953.27,765.68,1687.50,0.388234,0.039216,-0.427414,0.306117,0.359015,-0.094421,0.668535,-0.811832,281.25,0.198333,6.1857,0.5027
117,0.000607,0.339517,812.00,744.04,1640.62,0.383992,0.035294,-0.018006,0.454640,0.343935,-0.141267,0.430186,-1.069488,140.62,0.254533,6.2454,0.6313
123,0.000469,0.172107,717.37,688.13,1593.75,0.333742,0.027451,-0.094204,0.661908,0.575037,0.023313,0.165516,-1.331570,281.25,0.296267,8.1617,0.7041
128,0.000560,0.112386,840.98,796.38,1687.50,0.471998,0.043137,-0.475269,0.560359,0.424884,0.054350,0.118499,-0.682823,234.38,0.250333,7.8259,0.5805
133,0.000773,0.234291,1034.08,908.05,2062.50,0.649278,0.011765,-0.723145,0.161568,0.431249,0.041324,0.259151,-0.170147,234.38,0.251962,7.6249,0.4194
139,0.000388,0.263748,777.74,778.76,1640.62,0.407894,0.070588,-0.762794,0.753125,0.725153,-0.051302,0.090837,-0.755019,234.38,0.354375,10.1993,0.5811
144,0.000458,0.098378,748.76,707.28,1546.88,0.346241,0.011765,-1.007591,0.593984,0.909787,0.204952,0.252555,-0.953687,234.38,0.287304,10.3449,0.5359
149,0.000206,0.119001,787.92,737.05,1593.75,0.379996,0.054902,-0.758414,0.547707,0.784427,0.129063,0.146747,-0.849531,234.38,0.201157,9.3657,0.5612
155,0.000254,0.162157,764.70,742.24,1593.75,0.433176,0.105882,-0.711218,0.592886,0.677523,0.135396,0.044430,-0.739018,234.38,0.171363,8.7490,0.5715
160,0.000243,0.091386,837.53,781.53,1640.62,0.469202,0.050980,-0.315745,0.248733,0.386739,0.259734,0.058044,-0.637504,234.38,0.106663,7.8913,0.5637
165,0.000255,0.184976,766.77,728.17,1453.12,0.378684,0.086275,-0.205312,0.518446,0.209083,0.253246,0.127023,-0.902486,562.50,0.100819,7.0769,0.6328
171,0.000275,0.202104,856.66,716.80,1453.12,0.416825,0.066667,-0.657358,0.061980,0.504498,0.530046,0.358367,-0.797533,515.62,0.104870,7.7010,0.4805
176,0.000304,0.231859,916.87,731.66,1500.00,0.445424,0.062745,-0.812956,-0.110610,0.408615,0.646839,0.539939,-0.671827,515.62,0.124914,8.5504,0.4023
181,0.000306,0.235673,1003.08,792.33,1734.38,0.551443,0.074510,-0.873526,0.068414,0.256479,0.428001,0.621814,-0.501182,515.62,0.117555,6.7805,0.3863
187,0.000291,0.167192,890.47,754.72,1500.00,0.422233,0.039216,-0.444947,0.265522,0.320370,0.270729,0.465335,-0.877010,562.50,0.116073,7.5158,0.5290
192,0.000515,0.199936,891.60,762.42,1546.88,0.446885,0.043137,-0.598652,-0.080409,0.565977,0.479020,0.370182,-0.736119,562.50,0.122744,7.4638,0.4609
197,0.000412,0.332062,813.12,765.52,1500.00,0.472147,0.027451,-0.779603,0.172258,0.756586,0.420532,0.137218,-0.706991,328.12,0.157749,7.0918,0.4953
203,0.000341,0.268812,674.04,720.26,1406.25,0.363068,0.043137,-0.388268,0.690328,0.761729,0.085278,-0.175719,-0.973348,281.25,0.200233,8.1984,0.6738
208,0.000491,0.218772,902.62,842.65,1781.25,0.585097,0.043137,-0.776207,0.138840,0.662419,0.162614,0.152058,-0.339725,234.38,0.175875,7.7400,0.4440
213,0.000329,0.205843,680.36,724.60,1359.38,0.400502,0.019608,-0.537833,0.671767,0.854757,0.215094,-0.302319,-0.901465,281.25,0.207080,9.9163,0.6612
219,0.000366,0.082053,562.80,644.31,1031.25,0.245906,0.011765,-0.176284,0.913173,0.924667,0.278466,-0.610275,-1.329748,281.25,0.237807,14.5065,0.7922
224,0.000278,0.167750,719.69,731.27,1406.25,0.365353,0.070588,-0.993543,0.702505,0.922339,0.360469,-0.132533,-0.859238,281.25,0.184396,11.4275,0.5867
229,0.000312,0.344180,817.91,791.38,1593.75,0.506439,0.054902,-0.504116,0.245746,0.550908,0.341989,-0.006706,-0.627821,187.50,0.110663,5.7031,0.5469
235,0.000348,0.059051,774.77,734.75,1453.12,0.431216,0.070588,-0.788678,0.299531,0.732296,0.477285,0.024718,-0.745151,515.62,0.114877,7.2346,0.5289
240,0.000291,0.259978,709.87,665.97,1359.38,0.342802,0.054902,-1.054660,0.595923,0.956019,0.652606,-0.099224,-1.050664,281.25,0.145329,9.8616,0.5855
245,0.000262,0.113056,687.59,679.76,1359.38,0.297371,0.070588,-1.006160,0.750376,0.885570,0.617817,-0.205439,-1.042165,281.25,0.156491,11.0555,0.6215
251,0.000393,0.167861,750.22,716.71,1359.38,0.379750,0.050980,-0.596004,0.360454,0.700718,0.629591,-0.087912,-1.006847,562.50,0.129383,9.3190,0.6058
256,0.000329,0.301926,711.54,670.93,1359.38,0.361962,0.066667,-0.563948,0.263708,0.732567,0.697804,-0.097383,-1.032747,515.62,0.139066,8.2717,0.6023
261,0.000336,0.161238,694.30,678.79,1359.38,0.353705,0.027451,-0.391546,0.325930,0.639644,0.599341,-0.194603,-0.978766,515.62,0.139771,7.6416,0.6350
267,0.000303,0.156730,671.42,683.52,1359.38,0.347502,0.039216,-0.453822,0.520592,0.746908,0.451488,-0.201598,-1.063569,234.38,0.130249,7.3568,0.6606
272,0.000364,0.145846,807.47,780.18,1453.12,0.477104,0.070588,-0.816676,0.121493,0.750582,0.686986,-0.190880,-0.551506,562.50,0.127535,7.6573,0.5059
277,0.000295,0.226133,675.59,712.62,1359.38,0.350239,0.027451,-0.272480,0.576397,0.671187,0.473189,-0.460485,-0.987808,562.50,0.139399,8.8353,0.7060
283,0.000212,0.060903,616.61,654.19,1312.50,0.283910,0.058824,-0.084982,0.675199,0.676269,0.500111,-0.515431,-1.251166,281.25,0.135717,9.3531,0.7647
288,0.000240,0.092363,734.94,732.35,1406.25,0.391720,0.047059,-0.269167,0.368304,0.524389,0.579429,-0.263428,-0.939526,562.50,0.117913,9.3302,0.6572
293,0.000257,0.227627,822.74,839.23,1640.62,0.495690,0.074510,-0.099136,0.125461,0.356296,0.422815,-0.191674,-0.613760,515.62,0.101946,8.1031,0.6025
299,0.000193,0.187197,805.14,802.89,1640.62,0.473566,0.117647,-0.397153,0.164183,0.588805,0.472857,-0.178420,-0.650273,562.50,0.102753,7.8473,0.5739
304,0.000227,0.104039,807.55,793.85,1640.62,0.430968,0.098039,-0.928069,0.185603,0.815735,0.664459,-0.253433,-0.484296,562.50,0.106916,9.7720,0.4994
309,0.000261,0.133738,812.86,759.00,1500.00,0.462725,0.050980,-0.883223,0.043546,0.751139,0.736168,-0.075527,-0.572104,562.50,0.100913,9.3575,0.4760
315,0.000225,0.180784,734.19,740.43,1406.25,0.367695,0.062745,-0.771410,0.421855,0.850323,0.628505,-0.398882,-0.730391,562.50,0.108563,10.4088,0.5962
320,0.000201,0.191651,708.09,754.39,1359.38,0.373190,0.050980,-0.546772,0.536469,0.711464,0.598496,-0.560987,-0.738670,562.50,0.111220,9.6299,0.6558
325,0.000218,0.215144,854.27,809.12,1546.88,0.456065,0.070588,-0.694681,-0.148098,0.634934,0.809457,-0.121402,-0.480211,515.62,0.111333,9.8934,0.4699
331,0.000284,0.108914,923.92,814.51,1687.50,0.454926,0.082353,-0.812082,-0.174397,0.471303,0.903830,0.044072,-0.432726,562.50,0.116939,13.6312,0.4258
336,0.000290,0.391683,753.54,750.63,1546.88,0.432164,0.043137,-0.317768,0.098413,0.654555,0.612161,-0.308644,-0.738717,515.62,0.114762,8.5755,0.6020
341,0.000285,0.191665,652.03,736.29,1359.38,0.351323,0.062745,-0.121459,0.581640,0.728095,0.323380,-0.694219,-0.817437,281.25,0.129497,9.7648,0.7283
347,0.000361,0.095414,640.66,750.46,1218.75,0.309861,0.043137,-0.144845,0.759164,0.774562,0.287242,-0.884817,-0.791305,281.25,0.160388,13.5156,0.7586
352,0.000296,0.221454,584.63,660.21,937.50,0.286104,0.019608,-0.206497,0.786289,0.931958,0.384215,-0.867775,-1.028189,281.25,0.149339,10.4736,0.7752
357,0.000382,0.311276,670.64,717.59,1312.50,0.367368,0.011765,-0.248597,0.462295,0.714022,0.374551,-0.526918,-0.775353,187.50,0.114709,6.9032,0.6809
363,0.000307,0.163751,666.20,714.25,1218.75,0.371843,0.078431,-0.279887,0.378642,0.805573,0.514592,-0.610339,-0.808582,562.50,0.120617,6.5914,0.6811
368,0.000267,0.190538,601.45,678.34,1031.25,0.308256,0.023529,-0.032852,0.721686,0.798149,0.388508,-0.836506,-1.038985,281.25,0.140006,9.1408,0.7828
373,0.000224,0.082735,615.12,670.17,1125.00,0.278745,0.125490,-0.025639,0.732958,0.556936,0.505499,-0.694787,-1.074967,562.50,0.115214,9.0206,0.7753
379,0.000246,0.172816,732.91,732.50,1406.25,0.391594,0.086275,-0.193356,0.234008,0.526175,0.627173,-0.329576,-0.864425,562.50,0.106388,8.9155,0.6496
384,0.000333,0.285865,821.04,816.26,1687.50,0.506235,0.062745,-0.487120,0.229776,0.650523,0.417961,-0.274416,-0.536723,328.12,0.090318,6.6395,0.5688
389,0.000344,0.218986,717.75,751.54,1359.38,0.424574,0.078431,-0.694132,0.489889,0.812732,0.442662,-0.301813,-0.749338,234.38,0.110138,7.7243,0.6043
395,0.000328,0.246322,620.29,702.32,1078.12,0.300197,0.047059,-0.503454,0.805051,0.970237,0.413928,-0.672628,-1.013136,281.25,0.169437,11.5959,0.7298
400,0.000385,0.116257,610.87,666.41,1078.12,0.268582,0.023529,-0.325954,0.729097,0.911943,0.477223,-0.693988,-1.098321,281.25,0.197671,14.3181,0.7498
#END {"type":"keypress","session_id":"piano_b2a0d275b8479bf7","ms":190754,"path":"/raw_D4_r03_189842.csv","rows":115}

----- END /raw_D4_r03_189842.csv -----
----- BEGIN /raw_D4_r04_191980.csv (17737 bytes) -----
#BEGIN {"type":"keypress","session_id":"piano_b2a0d275b8479bf7","ms":192194,"key":"D4","rep":4,"reps_per_key":5,"fs_hz":48000,"hop":256,"n_fft":1024,"fmin":50.0,"fmax":3500.0,"lead_ms":150,"pre_ms":60,"post_ms":400,"stored_pre_ms":210,"pre_frames":40,"post_frames":75,"path":"/raw_D4_r04_191980.csv"}
ms_from_event,rms,flux,centroid_hz,spread_hz,rolloff85_hz,flatness,zcr,band0,band1,band2,band3,band4,band5,peak_hz,peak_mag,peak_ratio,low_dom
-208,0.000251,0.057129,742.10,854.68,1593.75,0.377005,0.035294,-1.399696,0.965618,1.240888,0.076057,-0.511573,-0.371295,281.25,0.155243,20.2651,0.5559
-203,0.000225,0.071500,722.47,845.05,1546.88,0.352967,0.050980,-1.724059,1.083989,1.361421,0.203851,-0.628562,-0.296641,281.25,0.153636,20.4584,0.5356
-197,0.000243,0.115159,700.24,844.41,1500.00,0.345122,0.050980,-1.034263,1.033659,1.214390,0.059194,-0.877707,-0.395272,281.25,0.152199,19.2981,0.6539
-192,0.000218,0.068633,685.99,853.45,1359.38,0.330081,0.058824,-0.913395,1.054534,1.216721,-0.037375,-0.884825,-0.435661,281.25,0.152563,19.8724,0.6750
-187,0.000246,0.101161,663.49,800.50,1359.38,0.305396,0.027451,-0.972661,1.055221,1.231707,-0.016101,-0.797335,-0.500830,281.25,0.155430,19.8835,0.6660
-181,0.000236,0.077939,722.34,849.94,1593.75,0.348666,0.066667,-1.273926,1.031137,1.278462,0.135211,-0.874984,-0.295901,281.25,0.156557,20.2914,0.6140
-176,0.000280,0.092791,727.08,865.52,1593.75,0.340700,0.058824,-1.762804,1.131816,1.382353,0.169631,-0.672776,-0.248220,281.25,0.162627,20.5613,0.5362
-171,0.000299,0.118153,693.67,811.56,1500.00,0.330275,0.047059,-1.574028,1.115923,1.351579,0.104924,-0.532687,-0.465710,281.25,0.176779,20.9328,0.5671
-165,0.000253,0.156471,652.07,792.52,1265.62,0.339178,0.054902,-0.968792,1.086603,1.244480,-0.103459,-0.649141,-0.609690,281.25,0.187144,19.9672,0.6656
-160,0.000267,0.087634,601.05,742.19,1078.12,0.281418,0.062745,-0.673015,1.073716,1.210644,-0.058100,-0.772658,-0.780588,281.25,0.184883,20.1335,0.7265
-155,0.000306,0.042796,632.79,774.41,1078.12,0.278296,0.050980,-1.224170,1.151848,1.360271,0.061510,-0.811597,-0.537862,281.25,0.180033,22.5056,0.6544
-149,0.000256,0.146931,639.11,761.07,1078.12,0.309179,0.058824,-1.915994,1.239492,1.503615,0.210354,-0.566267,-0.471200,281.25,0.187994,21.3024,0.5450
-144,0.000224,0.055355,619.97,730.97,1078.12,0.270749,0.066667,-1.808348,1.240143,1.488652,0.196310,-0.552269,-0.564487,281.25,0.186039,21.3642,0.5681
-139,0.000226,0.062858,632.50,754.23,1125.00,0.286753,0.058824,-1.146188,1.067294,1.302432,0.060265,-0.654234,-0.629570,281.25,0.165913,21.3997,0.6462
-133,0.000220,0.081098,643.74,765.07,1171.88,0.317955,0.074510,-0.895024,1.009264,1.186412,0.035311,-0.653342,-0.682621,281.25,0.153861,20.0666,0.6737
-128,0.000203,0.106724,651.61,786.72,1312.50,0.315411,0.058824,-0.943979,1.069039,1.194124,-0.006160,-0.730025,-0.582999,281.25,0.146733,19.0416,0.6724
-123,0.000167,0.075774,727.66,858.13,1640.62,0.379717,0.058824,-1.103438,0.987017,1.150427,0.031569,-0.644714,-0.420860,281.25,0.134122,18.5780,0.6165
-117,0.000244,0.097809,729.81,842.19,1734.38,0.381331,0.050980,-1.076003,0.995280,1.130016,0.133815,-0.845399,-0.337710,281.25,0.125306,18.3093,0.6344
-112,0.000223,0.139168,704.95,851.06,1546.88,0.356196,0.015686,-0.946169,1.007793,1.123921,0.041859,-0.819965,-0.407439,281.25,0.134466,18.1920,0.6558
-107,0.000275,0.119695,689.77,839.27,1406.25,0.340146,0.039216,-1.313579,1.127718,1.311099,0.056752,-0.792096,-0.389894,281.25,0.151618,20.0238,0.6220
-101,0.000247,0.105300,629.28,768.71,1031.25,0.301619,0.050980,-1.160094,1.196236,1.370484,0.069530,-0.974444,-0.501712,281.25,0.165888,21.0267,0.6805
-96,0.000269,0.109291,646.80,775.34,1218.75,0.300671,0.058824,-1.256311,1.145601,1.395626,0.016215,-0.793058,-0.508073,281.25,0.173670,21.7791,0.6446
-91,0.000255,0.108385,691.53,808.63,1546.88,0.351500,0.058824,-1.015316,1.001695,1.244903,-0.156703,-0.552717,-0.521861,281.25,0.176641,21.3383,0.6296
-85,0.000258,0.101322,609.02,725.37,1125.00,0.254817,0.035294,-1.204637,1.227726,1.372658,-0.100906,-0.656263,-0.638577,281.25,0.180156,21.7743,0.6590
-80,0.000214,0.083117,637.91,760.40,1218.75,0.287663,0.035294,-1.475116,1.172778,1.432027,0.087737,-0.722443,-0.494983,281.25,0.175929,22.6680,0.6124
-75,0.000223,0.077477,671.81,773.79,1265.62,0.323487,0.043137,-1.690802,1.141219,1.387980,0.152645,-0.537778,-0.453263,281.25,0.163947,21.2668,0.5550
-69,0.000172,0.089720,741.03,838.69,1640.62,0.370835,0.043137,-1.358248,1.006404,1.221558,0.005242,-0.547887,-0.327068,281.25,0.149111,19.9137,0.5650
-64,0.000142,0.092415,738.04,846.78,1593.75,0.370199,0.058824,-0.986202,0.935777,1.073954,-0.033167,-0.503109,-0.487253,281.25,0.129406,17.7748,0.6154
-59,0.000161,0.063414,768.13,876.34,1734.38,0.380462,0.074510,-1.123366,0.919678,1.094959,0.071857,-0.645898,-0.317230,281.25,0.107575,18.0410,0.5938
-53,0.000182,0.091474,843.48,920.33,2062.50,0.431126,0.070588,-1.505985,0.884035,1.091965,0.195207,-0.555977,-0.109247,281.25,0.095255,16.6869,0.5054
-48,0.000199,0.143679,790.62,892.39,1968.75,0.386497,0.058824,-1.646416,1.043669,1.162836,0.233611,-0.692069,-0.101630,281.25,0.092906,15.9005,0.5239
-43,0.000184,0.205581,727.55,847.25,1687.50,0.366798,0.066667,-0.746837,0.897217,1.066042,0.026981,-0.866910,-0.376494,281.25,0.111216,16.6773,0.6675
-37,0.000253,0.193684,658.08,783.96,1359.38,0.344598,0.082353,-0.697486,0.981971,1.102043,0.021829,-0.819357,-0.589000,281.25,0.129547,17.6090,0.6998
-32,0.000257,0.188197,584.22,745.95,1031.25,0.307070,0.082353,-0.056673,1.040469,0.947417,-0.140624,-0.980367,-0.810223,281.25,0.132472,15.4364,0.8001
-27,0.000258,0.175745,539.56,716.75,796.88,0.289881,0.160784,0.299173,1.109836,0.826248,-0.218685,-1.112019,-0.904553,281.25,0.129208,13.4688,0.8472
-21,0.000213,0.117868,576.94,786.26,1031.25,0.302003,0.098039,0.348161,1.107761,0.695807,-0.290942,-1.170554,-0.690232,140.62,0.125126,12.6703,0.8400
-16,0.000283,0.080544,584.66,809.47,1031.25,0.287272,0.050980,0.431850,1.105343,0.634945,-0.299429,-1.237091,-0.635618,140.62,0.139789,14.1465,0.8462
-11,0.000237,0.130691,533.87,766.73,796.88,0.295043,0.035294,0.617544,1.139964,0.587063,-0.299329,-1.243912,-0.801331,140.62,0.131506,12.7654,0.8700
-5,0.000183,0.160998,538.95,751.46,796.88,0.291355,0.113725,0.469836,1.002836,0.806388,-0.288521,-1.158101,-0.832438,281.25,0.118582,11.7407,0.8496
0,0.000138,0.092833,597.07,806.15,1171.88,0.328473,0.188235,0.207401,0.941641,0.745451,-0.195854,-1.059238,-0.639401,281.25,0.097729,10.9211,0.8059
5,0.004476,0.839476,887.31,730.55,1546.88,0.546546,0.027451,-0.953833,0.125737,0.517616,0.593629,0.384610,-0.667759,234.38,0.254073,4.5668,0.4323
11,0.003185,0.689451,823.26,688.96,1546.88,0.437765,0.035294,-1.036163,0.492907,0.549385,0.590928,0.241295,-0.838352,234.38,1.159124,6.5353,0.5067
16,0.003043,0.256215,777.82,660.89,1546.88,0.306567,0.023529,-0.586202,0.559230,0.430927,0.565852,0.041949,-1.011757,281.25,1.676087,8.0334,0.6157
21,0.002545,0.067918,804.06,677.96,1593.75,0.345637,0.027451,-0.603979,0.415857,0.410814,0.626584,0.037631,-0.886907,281.25,1.268899,6.8375,0.5819
27,0.001915,0.258742,879.74,697.12,1593.75,0.445776,0.023529,-1.168202,-0.026606,0.569189,0.897323,0.281506,-0.553210,328.12,0.811291,4.8034,0.3866
32,0.001866,0.093104,842.98,766.85,1640.62,0.460152,0.027451,-0.565452,0.179044,0.452625,0.563509,-0.012877,-0.616849,328.12,0.751505,5.4912,0.5304
37,0.001397,0.153989,784.68,763.79,1640.62,0.411115,0.011765,-0.224744,0.484589,0.484396,0.190784,-0.073769,-0.861255,140.62,0.818952,8.1074,0.6451
43,0.001490,0.127665,693.02,740.45,1640.62,0.257313,0.047059,0.125141,0.835111,0.370986,-0.138580,-0.106702,-1.085955,281.25,0.795946,9.3231,0.7458
48,0.000701,0.076355,793.78,794.12,1687.50,0.355100,0.062745,-0.030209,0.771261,0.332232,-0.425892,0.148188,-0.795581,140.62,0.690800,9.1423,0.6669
53,0.001048,0.142576,916.80,815.78,1781.25,0.487631,0.019608,-0.494550,0.517291,0.298218,-0.175040,0.322874,-0.468792,234.38,0.518511,7.9184,0.5211
59,0.000859,0.138335,976.84,771.84,1687.50,0.407515,0.050980,-1.010683,0.421518,0.395882,0.174508,0.495964,-0.477190,234.38,0.451248,8.4001,0.4246
64,0.000890,0.147532,973.15,761.21,1687.50,0.400370,0.039216,-1.208963,0.548592,0.361084,0.129799,0.657054,-0.487566,234.38,0.469576,8.4117,0.3977
69,0.000720,0.261180,1060.21,764.68,1875.00,0.511086,0.074510,-1.173452,0.082985,0.144987,0.391772,0.773078,-0.219370,187.50,0.303183,5.3217,0.3053
75,0.000754,0.162347,983.56,703.77,1640.62,0.448143,0.043137,-0.755361,0.104873,0.102117,0.455466,0.778012,-0.685107,1406.25,0.251935,4.5973,0.4081
80,0.000846,0.165828,1031.88,664.70,1593.75,0.462744,0.023529,-0.974259,-0.230282,0.362836,0.603944,1.049471,-0.811709,1406.25,0.256110,5.0778,0.3271
85,0.000869,0.251864,891.79,708.25,1593.75,0.317564,0.011765,-0.676493,0.608498,0.367897,0.013508,0.754658,-1.068068,234.38,0.290641,6.5583,0.5306
91,0.000575,0.121502,820.05,737.27,1640.62,0.267743,0.039216,-0.027163,0.695147,0.311290,-0.290059,0.521492,-1.210707,140.62,0.332301,8.3543,0.6634
96,0.000553,0.144132,821.30,744.25,1640.62,0.337504,0.035294,0.007070,0.727204,0.222435,-0.361739,0.567703,-1.162674,140.62,0.323737,8.0959,0.6603
101,0.000639,0.196566,998.72,834.44,1781.25,0.542194,0.031373,-0.207978,0.325937,0.182151,-0.377661,0.613883,-0.536332,140.62,0.207255,5.7347,0.5051
107,0.000657,0.127596,922.64,872.92,1828.12,0.515599,0.011765,-0.344268,0.521450,0.284932,-0.330540,0.273805,-0.405379,187.50,0.261367,7.7865,0.5385
112,0.000538,0.223283,739.60,758.02,1593.75,0.388945,0.066667,-0.190409,0.695535,0.613182,-0.159785,0.026041,-0.984564,281.25,0.287144,9.2088,0.6752
117,0.000572,0.101866,647.68,665.41,1406.25,0.251057,0.019608,-0.464674,0.988303,0.903882,-0.040605,0.079829,-1.466734,281.25,0.357241,14.1318,0.7222
123,0.000450,0.107122,678.17,679.62,1406.25,0.327667,0.043137,-1.011911,0.969300,1.042382,0.028762,0.186105,-1.214638,234.38,0.330249,13.7499,0.6208
128,0.000703,0.298101,683.07,704.41,1453.12,0.379398,0.007843,-0.424384,0.692862,0.769910,-0.010431,-0.041413,-0.986544,234.38,0.213700,8.2810,0.6566
133,0.000393,0.258157,643.62,712.54,1406.25,0.380130,0.019608,0.022562,0.676284,0.700184,-0.160681,-0.290232,-0.948116,281.25,0.228086,7.4921,0.7248
139,0.000342,0.108645,571.27,643.20,1171.88,0.285293,0.027451,-0.199615,0.920151,0.970141,-0.074748,-0.459099,-1.156831,281.25,0.300979,13.0750,0.7628
144,0.000602,0.043726,601.12,666.68,1125.00,0.278457,0.019608,-0.254033,0.794890,0.984598,0.084506,-0.500894,-1.109067,281.25,0.273485,18.3056,0.7456
149,0.000401,0.346929,633.39,723.33,1312.50,0.342037,0.035294,-0.527539,0.909369,0.995529,-0.079978,-0.433910,-0.863471,281.25,0.266994,12.6277,0.6984
155,0.000278,0.333171,765.27,791.06,1546.88,0.496795,0.035294,-0.574922,0.505140,0.693326,0.142525,-0.154437,-0.611631,328.12,0.201686,7.3034,0.5862
160,0.000233,0.062195,771.45,742.71,1406.25,0.422371,0.090196,-0.686106,0.456897,0.761206,0.081486,0.166438,-0.779921,328.12,0.157138,8.3468,0.5479
165,0.000197,0.200279,868.31,690.11,1453.12,0.453466,0.066667,-1.284894,-0.000106,0.816562,0.516575,0.640914,-0.689052,328.12,0.117312,7.4584,0.3501
171,0.000208,0.146873,851.27,697.15,1406.25,0.429364,0.086275,-1.205148,0.272484,0.709861,0.508429,0.539503,-0.825129,234.38,0.073165,5.6334,0.4198
176,0.000261,0.158284,869.73,752.18,1500.00,0.437114,0.035294,-0.562182,0.335964,0.343307,0.308685,0.447688,-0.873462,234.38,0.075135,6.6988,0.5249
181,0.000315,0.259362,793.68,736.63,1453.12,0.425902,0.039216,-0.482543,0.367484,0.586631,0.303019,0.246714,-1.021306,234.38,0.097747,7.3893,0.5817
187,0.000230,0.182102,745.65,735.51,1406.25,0.349749,0.043137,-0.730145,0.712175,0.710700,0.193888,0.193528,-1.080146,234.38,0.144430,11.1919,0.6069
192,0.000382,0.168166,740.07,729.21,1453.12,0.396056,0.074510,-0.719490,0.632564,0.739383,0.228445,0.121805,-1.002706,234.38,0.162244,11.7947,0.5980
197,0.000257,0.181724,683.93,724.27,1359.38,0.351689,0.023529,-0.468322,0.692288,0.832446,0.063631,-0.056129,-1.063914,234.38,0.162810,11.5356,0.6620
203,0.000318,0.126897,629.41,686.27,1359.38,0.323280,0.035294,-0.293097,0.760550,0.871810,-0.015166,-0.149398,-1.174700,234.38,0.163120,10.8835,0.7101
208,0.000337,0.203637,647.03,711.28,1359.38,0.345762,0.007843,-0.098130,0.619851,0.662326,0.060089,-0.264223,-0.979914,234.38,0.147893,9.6959,0.7074
213,0.000211,0.169936,600.23,664.66,1171.88,0.301874,0.070588,-0.095551,0.837881,0.765391,0.063214,-0.347188,-1.223747,234.38,0.143884,9.9186,0.7607
219,0.000204,0.194214,668.32,711.18,1312.50,0.391090,0.062745,-0.345802,0.591958,0.691945,0.330449,-0.243570,-1.024979,234.38,0.113087,7.9635,0.6808
224,0.000204,0.123180,733.30,735.38,1359.38,0.386682,0.164706,-1.176891,0.563494,0.989721,0.555907,-0.173228,-0.759004,234.38,0.088656,8.3505,0.5398
229,0.000199,0.202944,768.92,737.55,1406.25,0.412720,0.109804,-0.432597,0.474437,0.490196,0.469701,-0.078649,-0.923087,281.25,0.077247,7.5251,0.6276
235,0.000201,0.231332,807.24,748.99,1500.00,0.443582,0.074510,-0.569190,0.492604,0.311582,0.521230,0.107442,-0.863668,234.38,0.083888,7.5811,0.5841
240,0.000172,0.143911,879.82,792.17,1593.75,0.470985,0.113725,-0.736702,0.254067,0.385094,0.619755,0.154600,-0.676814,562.50,0.078774,7.5391,0.5049
245,0.000243,0.228114,989.90,843.28,1828.12,0.608466,0.070588,-0.726955,-0.040211,0.305205,0.584578,0.243768,-0.366385,562.50,0.084902,6.9918,0.4201
251,0.000246,0.162305,867.65,766.73,1593.75,0.466706,0.098039,-0.831517,0.270010,0.441657,0.653048,0.121621,-0.654820,562.50,0.090055,7.4736,0.4965
256,0.000290,0.191480,803.28,736.08,1546.88,0.440441,0.058824,-0.565737,0.327026,0.382301,0.593684,0.123516,-0.860790,187.50,0.091503,7.2990,0.5620
261,0.000211,0.260353,729.41,724.87,1453.12,0.371517,0.101961,-0.006107,0.512732,0.345393,0.301692,-0.100867,-1.052844,140.62,0.089991,7.2628,0.6964
267,0.000220,0.176361,677.73,720.91,1359.38,0.363926,0.070588,0.084396,0.591332,0.398294,0.222974,-0.238085,-1.058910,93.75,0.105507,7.7649,0.7284
272,0.000209,0.198950,764.73,761.72,1500.00,0.403843,0.066667,-0.079834,0.014759,0.580816,0.393652,-0.099479,-0.809913,328.12,0.083266,6.7045,0.6040
277,0.000242,0.162412,721.98,740.22,1406.25,0.378654,0.058824,-0.521776,0.349392,0.769538,0.396126,-0.144866,-0.848413,328.12,0.089516,7.9427,0.6012
283,0.000264,0.150160,705.62,747.83,1359.38,0.377414,0.058824,-0.712350,0.444528,0.902771,0.360246,-0.182954,-0.812241,328.12,0.101656,9.5042,0.5899
288,0.000197,0.237232,638.14,721.02,1125.00,0.331514,0.113725,-0.417177,0.724190,0.950069,0.219967,-0.512962,-0.964087,281.25,0.129455,12.0831,0.7093
293,0.000231,0.166731,703.46,737.33,1359.38,0.372262,0.074510,-0.432355,0.602156,0.755222,0.321735,-0.309707,-0.937051,281.25,0.104991,9.5901,0.6700
299,0.000129,0.265601,771.33,805.52,1500.00,0.482550,0.137255,-0.212632,0.335978,0.483237,0.312157,-0.192552,-0.726187,140.62,0.075720,6.0678,0.6274
304,0.000173,0.114762,743.71,770.28,1406.25,0.414176,0.149020,-0.456075,0.543141,0.617683,0.332116,-0.213813,-0.823052,234.38,0.074246,7.3419,0.6369
309,0.000150,0.090260,854.79,799.02,1500.00,0.470821,0.121569,-0.985813,0.385904,0.589006,0.534082,0.026850,-0.550028,234.38,0.069354,8.3797,0.4904
315,0.000146,0.167154,840.61,815.19,1593.75,0.433539,0.125490,-0.670888,0.427455,0.435610,0.527333,-0.110109,-0.609401,562.50,0.064387,7.7882,0.5592
320,0.000153,0.134152,872.90,829.51,1640.62,0.473066,0.113725,-0.360504,0.202360,0.226021,0.592563,-0.118100,-0.542339,562.50,0.072221,10.0106,0.5625
325,0.000208,0.243713,847.42,813.42,1687.50,0.483749,0.113725,-0.570938,0.116886,0.466516,0.657294,-0.116308,-0.553450,562.50,0.068172,8.3945,0.5269
331,0.000171,0.249398,857.08,840.35,1687.50,0.516533,0.129412,-0.269534,0.070866,0.414522,0.536130,-0.244406,-0.507579,562.50,0.072985,7.8055,0.5687
336,0.000262,0.291005,862.62,863.52,1734.38,0.538545,0.027451,-0.342947,-0.064170,0.557388,0.502203,-0.223769,-0.428706,515.62,0.081423,6.5594,0.5306
341,0.000296,0.182076,665.86,762.43,1265.62,0.379680,0.050980,0.016948,0.442913,0.608821,0.301317,-0.522350,-0.847648,515.62,0.077812,6.7084,0.7140
347,0.000252,0.208579,636.00,717.02,1265.62,0.376148,0.145098,-0.177375,0.517750,0.767538,0.360594,-0.489739,-0.978768,187.50,0.098806,7.5109,0.7119
352,0.000283,0.208444,554.78,666.31,937.50,0.277311,0.027451,0.196788,0.832198,0.773576,0.166887,-0.775131,-1.194317,281.25,0.119251,10.0293,0.8175
357,0.000224,0.148703,632.86,714.19,1312.50,0.354266,0.098039,0.080619,0.604949,0.667513,0.247263,-0.573960,-1.026384,281.25,0.109382,8.8755,0.7582
363,0.000144,0.278053,792.44,776.26,1593.75,0.471913,0.133333,-0.497201,0.068542,0.735496,0.507249,-0.203304,-0.610781,328.12,0.106399,7.4247,0.5480
368,0.000128,0.056893,842.54,784.03,1546.88,0.457590,0.133333,-1.300137,0.137451,0.891323,0.677207,0.055786,-0.461627,515.62,0.081297,8.3076,0.4065
373,0.000184,0.147524,931.39,808.04,1687.50,0.502900,0.050980,-1.193998,-0.106132,0.643841,0.826659,0.275564,-0.445935,562.50,0.069200,8.5780,0.3624
379,0.000135,0.209358,882.33,833.99,1687.50,0.501731,0.074510,-0.713954,0.244201,0.370028,0.667043,-0.082119,-0.485198,562.50,0.078139,9.8604,0.5122
384,0.000182,0.133638,870.98,841.22,1734.38,0.447388,0.086275,-0.807180,0.182462,0.583085,0.713052,-0.294834,-0.376584,562.50,0.078450,10.1876,0.5058
389,0.000188,0.234312,917.79,810.94,1875.00,0.525771,0.082353,-0.747203,-0.088396,0.421334,0.739776,-0.029202,-0.296310,562.50,0.080784,9.8636,0.4366
395,0.000242,0.363774,976.67,832.98,2015.62,0.568003,0.074510,-0.851104,-0.358399,0.569969,0.673293,0.118392,-0.152153,562.50,0.086213,7.2821,0.3571
400,0.000210,0.236283,941.84,847.37,1921.88,0.615675,0.043137,-0.854447,-0.019084,0.608081,0.450873,0.068124,-0.253547,515.62,0.078541,5.3372,0.4148
#END {"type":"keypress","session_id":"piano_b2a0d275b8479bf7","ms":192887,"path":"/raw_D4_r04_191980.csv","rows":115}

----- END /raw_D4_r04_191980.csv -----
----- BEGIN /raw_D4_r05_194119.csv (17758 bytes) -----
#BEGIN {"type":"keypress","session_id":"piano_b2a0d275b8479bf7","ms":194333,"key":"D4","rep":5,"reps_per_key":5,"fs_hz":48000,"hop":256,"n_fft":1024,"fmin":50.0,"fmax":3500.0,"lead_ms":150,"pre_ms":60,"post_ms":400,"stored_pre_ms":210,"pre_frames":40,"post_frames":75,"path":"/raw_D4_r05_194119.csv"}
ms_from_event,rms,flux,centroid_hz,spread_hz,rolloff85_hz,flatness,zcr,band0,band1,band2,band3,band4,band5,peak_hz,peak_mag,peak_ratio,low_dom
-208,0.000216,0.089444,722.47,876.04,1640.62,0.367614,0.058824,-1.265119,1.151839,1.273155,-0.126740,-0.781173,-0.251959,281.25,0.159252,20.0665,0.6130
-203,0.000225,0.090134,708.39,841.22,1640.62,0.357396,0.043137,-1.096761,1.041940,1.235605,-0.009146,-0.764876,-0.406761,281.25,0.152043,20.3219,0.6361
-197,0.000235,0.081293,654.72,784.32,1265.62,0.324051,0.035294,-1.010759,1.134852,1.308768,-0.140497,-0.746583,-0.545781,281.25,0.151665,21.5529,0.6700
-192,0.000225,0.139514,692.90,822.59,1406.25,0.361230,0.043137,-1.036347,1.079534,1.200318,-0.201897,-0.583081,-0.458528,281.25,0.156567,20.4750,0.6324
-187,0.000234,0.093363,687.08,838.05,1453.12,0.337703,0.035294,-0.910847,1.086062,1.186600,-0.266757,-0.632102,-0.462956,281.25,0.153162,19.9951,0.6537
-181,0.000225,0.074468,695.73,829.90,1546.88,0.329144,0.023529,-1.082978,1.093713,1.258932,-0.221637,-0.645464,-0.402565,281.25,0.152470,21.2563,0.6293
-176,0.000244,0.095942,699.91,812.79,1546.88,0.331913,0.058824,-1.287294,1.130705,1.280187,-0.266271,-0.462834,-0.394494,281.25,0.153430,20.9760,0.5867
-171,0.000243,0.089644,687.89,814.39,1453.12,0.339899,0.074510,-1.257051,1.148196,1.321266,-0.325145,-0.366948,-0.520318,281.25,0.155972,22.1301,0.5961
-165,0.000257,0.127258,684.36,824.99,1500.00,0.365635,0.027451,-1.168082,1.174677,1.303770,-0.303628,-0.577776,-0.428962,281.25,0.162042,21.3931,0.6240
-160,0.000229,0.075867,642.43,788.08,1312.50,0.318323,0.050980,-1.033762,1.190571,1.336917,-0.223484,-0.734838,-0.535405,281.25,0.169495,22.2632,0.6712
-155,0.000266,0.068824,615.44,752.19,1125.00,0.292976,0.027451,-1.050225,1.245903,1.403510,-0.155162,-0.857184,-0.586841,281.25,0.172408,22.9339,0.6942
-149,0.000247,0.113296,584.00,731.21,1078.12,0.299748,0.043137,-0.600478,1.191840,1.295770,-0.368086,-0.840627,-0.678419,281.25,0.172174,21.7317,0.7418
-144,0.000249,0.078547,626.19,769.36,1265.62,0.316495,0.058824,-0.709999,1.147829,1.289331,-0.411155,-0.780363,-0.535642,281.25,0.175248,21.9834,0.7062
-139,0.000234,0.095754,652.78,817.83,1265.62,0.314776,0.074510,-1.221509,1.241316,1.413004,-0.224157,-0.811164,-0.397490,281.25,0.172028,22.0421,0.6489
-133,0.000228,0.085808,694.46,842.36,1406.25,0.333838,0.058824,-1.400119,1.144620,1.381099,-0.033515,-0.748410,-0.343675,281.25,0.164428,22.4151,0.6031
-128,0.000255,0.088676,727.76,849.30,1500.00,0.352384,0.058824,-1.625011,1.141649,1.344266,0.020356,-0.655563,-0.225696,281.25,0.161751,21.6865,0.5496
-123,0.000253,0.145215,692.08,805.80,1453.12,0.351138,0.031373,-1.078539,1.081822,1.198146,-0.210753,-0.529303,-0.461373,281.25,0.164666,20.1243,0.6217
-117,0.000213,0.067675,649.35,763.70,1312.50,0.319000,0.035294,-0.982030,1.113179,1.258830,-0.230694,-0.431312,-0.727973,281.25,0.161811,20.7914,0.6559
-112,0.000224,0.086349,688.56,829.29,1359.38,0.320704,0.043137,-1.646352,1.208168,1.395694,0.037671,-0.561070,-0.434112,281.25,0.152692,21.1986,0.5692
-107,0.000232,0.069073,692.51,818.74,1500.00,0.308628,0.050980,-1.654479,1.170049,1.430653,0.013438,-0.627552,-0.332108,281.25,0.150030,22.0825,0.5591
-101,0.000244,0.197471,657.65,786.63,1406.25,0.337023,0.050980,-0.682844,1.054658,1.141040,-0.301747,-0.614006,-0.597102,281.25,0.153306,19.5492,0.6881
-96,0.000255,0.135472,681.82,816.15,1546.88,0.351985,0.050980,-0.684788,1.000356,1.152085,-0.280250,-0.633154,-0.554250,281.25,0.161578,20.1087,0.6795
-91,0.000245,0.097286,668.83,810.68,1406.25,0.329362,0.027451,-0.848028,1.047925,1.218656,-0.242144,-0.665850,-0.510560,281.25,0.169168,20.6969,0.6656
-85,0.000282,0.069879,631.67,790.53,1125.00,0.310099,0.050980,-0.811552,1.129353,1.306871,-0.267010,-0.763580,-0.594083,281.25,0.174881,22.1397,0.6980
-80,0.000241,0.102612,671.24,808.01,1406.25,0.326344,0.043137,-1.473035,1.222796,1.446893,-0.360386,-0.458321,-0.377947,281.25,0.182674,23.0287,0.5727
-75,0.000254,0.069754,681.26,824.82,1546.88,0.343870,0.043137,-1.298231,1.200982,1.393501,-0.429371,-0.510005,-0.356875,281.25,0.182514,22.7232,0.5950
-69,0.000224,0.049621,707.49,856.68,1734.38,0.335427,0.027451,-1.459660,1.206178,1.435608,-0.353920,-0.562920,-0.265286,281.25,0.172880,23.4043,0.5714
-64,0.000226,0.063114,692.07,825.60,1546.88,0.322614,0.062745,-1.861223,1.248731,1.502388,-0.024281,-0.637428,-0.228185,281.25,0.162884,23.0080,0.5316
-59,0.000207,0.071244,682.50,806.62,1453.12,0.338649,0.058824,-1.579692,1.161754,1.432786,0.045177,-0.712996,-0.347028,281.25,0.151897,22.1868,0.5796
-53,0.000223,0.108578,718.39,845.46,1500.00,0.340828,0.050980,-1.976273,1.234698,1.433503,0.078797,-0.604133,-0.166592,281.25,0.141495,21.0554,0.5036
-48,0.000184,0.098916,735.03,869.58,1734.38,0.362677,0.090196,-1.241516,1.090156,1.272845,-0.190122,-0.666014,-0.265348,281.25,0.139615,21.1958,0.5963
-43,0.000223,0.176549,668.21,791.52,1406.25,0.341139,0.035294,-0.741904,1.010719,1.087878,-0.173947,-0.585525,-0.597221,281.25,0.134212,18.5228,0.6739
-37,0.000201,0.132491,636.98,748.72,1171.88,0.346814,0.105882,-0.692474,0.998874,1.071938,-0.041787,-0.603995,-0.732556,281.25,0.136433,17.5510,0.6945
-32,0.000246,0.103345,679.32,808.32,1265.62,0.318943,0.058824,-0.854385,1.025162,1.163845,-0.066072,-0.727596,-0.540954,281.25,0.143778,20.1769,0.6725
-27,0.000360,0.182399,620.75,795.48,1125.00,0.302866,0.035294,-0.397796,1.073315,1.115654,-0.161743,-1.021165,-0.608264,281.25,0.156900,19.1838,0.7600
-21,0.000407,0.362950,473.70,696.17,562.50,0.252363,0.031373,0.497105,1.305736,0.925170,-0.574834,-1.170957,-0.982220,281.25,0.166551,13.7290,0.8785
-16,0.000557,0.234049,478.47,723.31,609.38,0.254166,0.003922,0.830590,1.336865,0.675641,-0.882115,-1.089167,-0.871813,140.62,0.210334,15.9960,0.8874
-11,0.000611,0.222560,438.97,715.95,562.50,0.224718,0.050980,1.112509,1.493216,0.383182,-0.874376,-1.324005,-0.790526,140.62,0.293205,19.8639,0.9137
-5,0.000521,0.165871,376.12,628.85,421.88,0.172536,0.023529,1.217112,1.636500,0.602020,-0.827517,-1.640014,-0.988100,140.62,0.357600,22.0709,0.9394
0,0.000359,0.226887,342.90,561.85,421.88,0.155534,0.054902,1.190489,1.586752,0.579505,-0.682243,-1.486566,-1.187936,140.62,0.351444,17.2425,0.9385
5,0.003648,0.711281,885.11,777.73,1781.25,0.561302,0.027451,-0.505077,0.176730,0.368904,0.475021,0.077732,-0.593310,281.25,0.329166,5.6637,0.5234
11,0.002195,0.660577,908.05,754.97,1734.38,0.507364,0.039216,-1.390290,0.217499,0.685408,0.737499,0.219890,-0.470006,281.25,0.883932,5.4406,0.3867
16,0.002486,0.250819,907.70,785.94,1640.62,0.550728,0.027451,-0.929495,0.061850,0.543573,0.633116,0.163768,-0.472812,328.12,1.067490,5.5135,0.4306
21,0.001508,0.095355,887.25,783.45,1640.62,0.498221,0.039216,-0.857285,0.230418,0.574709,0.438322,0.162050,-0.548214,328.12,0.915588,6.1596,0.4699
27,0.001240,0.123323,876.04,745.44,1640.62,0.466937,0.054902,-1.044170,0.097566,0.646064,0.613285,0.255104,-0.567849,328.12,0.856649,6.7407,0.4214
32,0.001455,0.080889,918.04,748.69,1640.62,0.429751,0.027451,-0.899721,0.009050,0.513108,0.554050,0.409913,-0.586400,328.12,0.572889,6.5260,0.4117
37,0.001024,0.110198,899.67,759.95,1640.62,0.367620,0.058824,-0.768897,0.317969,0.484404,0.336982,0.417633,-0.788091,281.25,0.645005,8.3573,0.4899
43,0.000930,0.240060,994.52,759.51,1640.62,0.488396,0.058824,-1.290121,-0.020598,0.529225,0.593494,0.730360,-0.542360,281.25,0.477680,5.8746,0.3210
48,0.000956,0.126808,1069.06,772.02,1687.50,0.491858,0.043137,-1.116822,0.034097,0.222726,0.434917,0.850349,-0.425266,281.25,0.330903,4.8913,0.3200
53,0.001179,0.213410,1071.11,744.98,1640.62,0.514242,0.015686,-0.539199,-0.023746,-0.239977,0.425183,0.871736,-0.493998,1406.25,0.281553,4.0795,0.3845
59,0.001063,0.215983,958.36,719.07,1593.75,0.381863,0.035294,-0.192236,0.336667,-0.362384,0.303896,0.746058,-0.832002,140.62,0.411832,6.1626,0.5288
64,0.000861,0.087707,922.37,690.76,1546.88,0.299236,0.054902,-0.304779,0.546483,-0.235947,0.196749,0.812671,-1.015178,187.50,0.422099,6.6315,0.5553
69,0.000796,0.211868,1064.08,652.15,1593.75,0.378078,0.050980,-0.570466,0.013020,-0.191019,0.417049,1.174335,-0.842920,1406.25,0.322697,5.5925,0.3907
75,0.000916,0.192985,1018.28,701.21,1640.62,0.395234,0.035294,-0.933085,0.255268,0.236753,0.187413,1.076179,-0.822527,1406.25,0.284367,5.5208,0.3856
80,0.000747,0.258411,944.97,710.58,1593.75,0.423300,0.058824,-0.525276,0.105649,0.414932,0.087549,0.869182,-0.952036,1406.25,0.272398,5.1358,0.4580
85,0.000745,0.156355,890.64,717.01,1640.62,0.367002,0.043137,-0.314974,0.434613,0.458634,-0.267134,0.767836,-1.078974,281.25,0.305909,6.0853,0.5536
91,0.000802,0.073588,952.44,758.06,1687.50,0.445744,0.027451,-0.744178,0.359528,0.531353,-0.127235,0.732707,-0.752175,281.25,0.321603,7.2086,0.4545
96,0.000646,0.279533,970.60,807.06,1734.38,0.589115,0.043137,-0.840992,0.319993,0.455695,-0.080113,0.616827,-0.471409,328.12,0.320305,6.3237,0.4175
101,0.000749,0.152254,895.04,753.32,1640.62,0.443993,0.027451,-1.276120,0.521125,0.741268,0.140494,0.587437,-0.714204,234.38,0.303153,7.2829,0.4221
107,0.000714,0.137855,928.10,772.26,1687.50,0.495768,0.015686,-1.071681,0.212588,0.642811,0.214601,0.536160,-0.534480,234.38,0.294735,7.7920,0.3940
112,0.000714,0.241680,738.02,705.97,1593.75,0.340998,0.019608,-0.513501,0.747423,0.718576,-0.123151,0.298607,-1.127954,234.38,0.357051,9.6800,0.6299
117,0.000504,0.068743,672.32,662.40,1406.25,0.227938,0.043137,-0.087569,0.814174,0.695742,-0.120333,0.227689,-1.529704,281.25,0.367847,12.2634,0.7339
123,0.000480,0.201517,708.47,727.92,1593.75,0.357931,0.031373,0.037866,0.692714,0.559981,-0.308761,0.134950,-1.116749,281.25,0.279451,8.3554,0.7019
128,0.000547,0.237137,841.32,820.11,1687.50,0.532312,0.011765,-0.121758,0.148551,0.479448,-0.067746,0.106283,-0.544777,328.12,0.213505,6.6842,0.5579
133,0.000395,0.141941,772.30,720.56,1453.12,0.434207,0.043137,-0.578940,0.223337,0.680641,0.336843,0.137227,-0.799107,328.12,0.213125,7.2881,0.5382
139,0.000540,0.149473,667.11,641.84,1312.50,0.306297,0.019608,-0.780189,0.661584,0.934147,0.314993,0.028690,-1.159226,281.25,0.250511,10.8665,0.6239
144,0.000330,0.098914,616.81,663.74,1265.62,0.271667,0.121569,-0.475684,0.885412,0.916101,0.150249,-0.244556,-1.231521,281.25,0.288210,14.2149,0.7197
149,0.000452,0.143187,639.53,686.75,1171.88,0.315756,0.027451,-0.728255,0.787284,1.025756,0.332305,-0.298400,-1.118691,234.38,0.230390,11.7894,0.6766
155,0.000337,0.285482,738.09,776.97,1453.12,0.434870,0.066667,-0.475774,0.490786,0.745660,0.117669,-0.108404,-0.769937,234.38,0.180522,8.5072,0.6098
160,0.000226,0.252805,863.22,835.21,1687.50,0.551833,0.062745,-0.404358,0.196510,0.540222,0.178209,0.032870,-0.543454,328.12,0.136526,5.5855,0.5378
165,0.000422,0.059532,833.55,778.58,1500.00,0.472527,0.058824,-0.240455,0.092859,0.418057,0.362031,0.129002,-0.761494,562.50,0.110805,6.7696,0.5603
171,0.000412,0.250362,696.94,708.35,1359.38,0.320390,0.027451,-0.207118,0.738398,0.504842,0.131856,0.032706,-1.200683,234.38,0.140584,8.6437,0.7005
176,0.000257,0.221750,676.48,673.84,1406.25,0.288488,0.074510,-0.277274,0.786204,0.680128,0.038419,0.178045,-1.405522,234.38,0.198641,10.3853,0.7044
181,0.000394,0.225430,768.09,709.12,1453.12,0.410248,0.070588,-0.392303,0.443148,0.547028,0.132188,0.369406,-1.099466,234.38,0.146132,7.3173,0.5964
187,0.000495,0.100696,756.58,681.75,1406.25,0.345141,0.031373,-0.535824,0.389804,0.772993,0.224974,0.364762,-1.216708,281.25,0.132470,7.6169,0.5873
192,0.000447,0.236173,662.24,654.18,1359.38,0.329843,0.043137,-0.436804,0.632217,0.858415,0.170694,0.044711,-1.269232,281.25,0.212360,10.0349,0.6704
197,0.000438,0.315487,647.34,708.67,1265.62,0.404817,0.062745,-0.049692,0.564711,0.629979,0.076811,-0.284396,-0.937414,328.12,0.200022,7.7605,0.7044
203,0.000379,0.141142,583.17,646.40,1078.12,0.298212,0.094118,-0.155906,0.735425,0.863303,0.152026,-0.519196,-1.075653,281.25,0.188108,9.1059,0.7479
208,0.000379,0.200111,618.94,644.70,1078.12,0.326639,0.027451,-0.583973,0.599579,0.926273,0.451476,-0.481390,-0.911965,234.38,0.175064,8.9825,0.6692
213,0.000326,0.183287,681.44,715.33,1218.75,0.376571,0.050980,-0.781654,0.650518,0.940780,0.411547,-0.457761,-0.763431,328.12,0.152708,8.1720,0.6330
219,0.000260,0.262499,873.72,803.26,1734.38,0.549101,0.074510,-1.288094,-0.071349,0.940844,0.784965,-0.092715,-0.273651,328.12,0.159141,7.8497,0.3784
224,0.000378,0.077624,769.85,730.94,1359.38,0.422910,0.019608,-1.328475,0.417436,0.935427,0.792446,-0.213043,-0.603791,281.25,0.133435,8.6978,0.4882
229,0.000324,0.144457,684.48,661.73,1218.75,0.337025,0.125490,-1.019090,0.698072,0.930550,0.689535,-0.305358,-0.993709,281.25,0.148087,9.6462,0.6199
235,0.000341,0.268965,764.74,719.82,1406.25,0.419051,0.086275,-1.281261,0.438583,0.842872,0.718459,0.016165,-0.734819,234.38,0.150572,8.8611,0.4845
240,0.000320,0.189139,703.57,697.82,1312.50,0.341022,0.058824,-0.741362,0.554100,0.824724,0.535182,-0.185096,-0.987548,234.38,0.141630,8.1812,0.6207
245,0.000327,0.167043,725.60,700.88,1312.50,0.387619,0.113725,-0.655691,0.427776,0.672748,0.532287,-0.046648,-0.930473,328.12,0.122458,7.1165,0.5926
251,0.000249,0.179432,698.36,689.78,1359.38,0.342236,0.070588,-0.563178,0.610472,0.727387,0.462196,-0.176273,-1.060602,281.25,0.136023,8.8305,0.6552
256,0.000263,0.123664,743.46,746.30,1406.25,0.387389,0.054902,-0.650802,0.507437,0.741449,0.477752,-0.280708,-0.795128,281.25,0.126223,8.4606,0.6145
261,0.000186,0.182889,825.17,749.54,1593.75,0.462022,0.070588,-1.028270,0.038261,0.805992,0.703487,0.052986,-0.572455,515.62,0.114585,8.3889,0.4415
267,0.000223,0.142572,845.37,753.33,1593.75,0.458188,0.058824,-1.393302,0.266539,0.759382,0.699773,0.212358,-0.544750,562.50,0.102807,8.6156,0.4020
272,0.000261,0.214644,962.89,818.43,1875.00,0.578855,0.019608,-1.207208,-0.073467,0.575109,0.613295,0.335057,-0.242785,562.50,0.081034,6.4473,0.3348
277,0.000190,0.207725,754.22,729.31,1406.25,0.410719,0.062745,-0.778872,0.422179,0.754272,0.477544,-0.078842,-0.796281,281.25,0.104089,8.4546,0.5644
283,0.000210,0.060687,710.90,679.80,1359.38,0.355162,0.070588,-0.887893,0.449164,0.876897,0.644422,-0.145739,-0.936851,562.50,0.098147,9.5676,0.5798
288,0.000159,0.231897,802.42,744.89,1453.12,0.439231,0.050980,-0.806302,0.100781,0.663882,0.739993,-0.020499,-0.677854,562.50,0.094133,8.9322,0.4991
293,0.000202,0.113250,827.12,780.36,1546.88,0.447587,0.090196,-0.679110,0.130672,0.538324,0.668650,-0.058826,-0.599709,562.50,0.094018,10.4112,0.5138
299,0.000204,0.119831,823.97,779.76,1453.12,0.437354,0.082353,-1.067241,0.286408,0.663179,0.757585,-0.012417,-0.627513,562.50,0.091187,10.9790,0.4824
304,0.000156,0.208366,784.13,711.28,1406.25,0.406448,0.156863,-1.062207,0.377632,0.719645,0.773956,0.021570,-0.830596,562.50,0.094619,9.6642,0.5156
309,0.000223,0.192613,915.40,773.62,1687.50,0.530299,0.086275,-1.207456,0.126146,0.577802,0.781266,0.174910,-0.452669,515.62,0.083863,8.2573,0.4009
315,0.000169,0.178618,820.34,771.61,1500.00,0.434569,0.082353,-0.981825,0.341886,0.607262,0.782948,-0.171010,-0.579260,562.50,0.090096,9.3958,0.5138
320,0.000206,0.150575,773.46,725.40,1359.38,0.374429,0.133333,-0.725015,0.277105,0.632236,0.879348,-0.249650,-0.814025,562.50,0.096127,10.4636,0.5764
325,0.000197,0.198714,851.46,795.63,1500.00,0.448985,0.101961,-1.002301,0.039900,0.700862,0.930376,-0.183229,-0.485608,515.62,0.088849,10.1671,0.4634
331,0.000310,0.235621,793.22,803.16,1500.00,0.440563,0.050980,-0.761138,0.200382,0.793483,0.716463,-0.423121,-0.526070,562.50,0.094576,9.2873,0.5484
336,0.000283,0.272435,793.14,790.40,1546.88,0.484907,0.058824,-0.988859,0.183879,0.951246,0.674481,-0.328909,-0.491839,328.12,0.101496,7.5177,0.5020
341,0.000351,0.200224,639.24,711.26,1031.25,0.323068,0.043137,-0.635357,0.752645,1.060433,0.456874,-0.803137,-0.831458,281.25,0.163529,13.3176,0.7060
347,0.000273,0.097511,605.26,647.38,984.38,0.272243,0.058824,-0.740260,0.874796,1.105694,0.461348,-0.727716,-0.973863,281.25,0.196877,16.9167,0.7146
352,0.000282,0.259892,696.59,744.40,1312.50,0.388690,0.105882,-0.994190,0.659823,1.058594,0.461799,-0.473053,-0.712973,281.25,0.164454,11.3481,0.6049
357,0.000251,0.313888,855.68,840.23,1687.50,0.522686,0.082353,-0.997427,0.194739,0.793849,0.452592,-0.098961,-0.344792,328.12,0.125569,7.7017,0.4553
363,0.000252,0.142738,812.00,788.12,1640.62,0.469794,0.219608,-0.620730,0.277296,0.588429,0.350594,-0.013568,-0.582022,328.12,0.105221,6.9237,0.5315
368,0.000299,0.189109,717.85,723.09,1406.25,0.397313,0.105882,-0.591098,0.498796,0.653475,0.494128,-0.187665,-0.867635,234.38,0.097583,7.1284,0.6181
373,0.000277,0.120676,677.41,692.28,1312.50,0.374835,0.050980,-0.277200,0.465761,0.568588,0.461279,-0.261823,-0.956604,234.38,0.096503,7.3482,0.6690
379,0.000279,0.223389,635.38,691.50,1265.62,0.303924,0.050980,-0.273749,0.768423,0.763684,0.379089,-0.565974,-1.071475,281.25,0.131027,10.2314,0.7438
384,0.000315,0.280865,785.71,803.97,1593.75,0.495862,0.011765,-0.688250,0.471538,0.720919,0.354515,-0.245517,-0.613206,281.25,0.135120,8.6907,0.5796
389,0.000348,0.337387,958.63,844.36,1921.88,0.624714,0.035294,-1.390387,-0.133038,0.848108,0.583425,0.253875,-0.161982,328.12,0.155851,7.9187,0.3084
395,0.000399,0.144960,758.26,767.52,1453.12,0.443370,0.050980,-1.195252,0.449797,1.018105,0.484167,-0.168400,-0.588417,328.12,0.150531,9.1440,0.5014
400,0.000285,0.216899,662.24,653.70,1078.12,0.347386,0.047059,-1.261876,0.406070,1.169892,0.786829,-0.250875,-0.850040,328.12,0.148572,8.6573,0.5306
#END {"type":"keypress","session_id":"piano_b2a0d275b8479bf7","ms":195033,"path":"/raw_D4_r05_194119.csv","rows":115}

----- END /raw_D4_r05_194119.csv -----
=== KEY_DUMP_END key=D4 ===
NEXT: D#4
PRESS D#4  rep 1/5  then hit Enter
