--- Terminal on COM3 | 115200 8-N-1
--- Available filters and text transformations: colorize, debug, default, direct, esp32_exception_decoder, hexlify, log2file, nocontrol, printable, send_on_enter, time
--- More details at https://bit.ly/pio-monitor-filters
--- Quit: Ctrl+C | Menu: Ctrl+T | Help: Ctrl+T followed by Ctrl+H
ets Jul 29 2019 12:21:46

rst:0x1 (POWERON_RESET),boot:0x13 (SPI_FAST_FLASH_BOOT)
configsip: 0, SPIWP:0xee
clk_drv:0x00,q_drv:0x00,d_drv:0x00,cs0_drv:0x00,hd_drv:0x00,wp_drv:0x00
mode:DIO, clock div:2
load:0x3fff0030,len:1184
load:0x40078000,len:13232
load:0x40080400,len:3028
entry 0x400805e4

ESP32+INMP441 Continuous Features -> Enter-to-Capture CSV (dump-per-key)
FS=48000 N_FFT=1024 HOP=256 (5.33 ms/frame)
Defaults: pre=60ms lead=150ms (stored pre=210ms) post=400ms end=A7
SPIFFS: total=1318001 used=1135524 free=182477
Commands:
  help
  fsinfo
  list
  clear              (deletes ALL .csv files)
  flush              (formats SPIFFS - ERASERS EVERYTHING)
  dump <path>        (e.g. /raw_noise_3s_123.csv)
  pre <ms>           (default 60; stored pre is pre+lead)
  post <ms>          (default 400)
  lead <ms>          (default 150)
  end <key>          (default A7)
  start <key> <reps> (runs until end key or stop)
  stop
  silence [secs]     (default 3 recommended with small SPIFFS)
  noise [secs]       (default 3 recommended with small SPIFFS)

Collecting: press key + hit Enter (empty line) to capture.
After each key completes, the keyÔÇÖs files are dumped over serial.
> fsinfo
SPIFFS: total=1318001 used=1135524 free=182477
> 
> clear
[ 11347][E][vfs_api.cpp:182] remove(): /D#0_33872.csv does not exists or is directory
[ 11416][E][vfs_api.cpp:182] remove(): /E0_36811.csv does not exists or is directory
[ 11485][E][vfs_api.cpp:182] remove(): /A0_184775.csv does not exists or is directory
[ 11554][E][vfs_api.cpp:182] remove(): /D#0_19805.csv does not exists or is directory
[ 11624][E][vfs_api.cpp:182] remove(): /A#0_17749.csv does not exists or is directory
[ 11693][E][vfs_api.cpp:182] remove(): /F0_207318.csv does not exists or is directory
[ 11761][E][vfs_api.cpp:182] remove(): /G0_207687.csv does not exists or is directory
[ 11832][E][vfs_api.cpp:182] remove(): /A0_14747.csv does not exists or is directory
[ 11900][E][vfs_api.cpp:182] remove(): /G#0_28861.csv does not exists or is directory
[ 11969][E][vfs_api.cpp:182] remove(): /A1_30653.csv does not exists or is directory
[ 12037][E][vfs_api.cpp:182] remove(): /D#1_4030032.csv does not exists or is directory
[ 12106][E][vfs_api.cpp:182] remove(): /G#0_395974.csv does not exists or is directory
[ 12174][E][vfs_api.cpp:182] remove(): /D1_39181.csv does not exists or is directory
[ 12243][E][vfs_api.cpp:182] remove(): /noise_33008.csv does not exists or is directory
[ 12314][E][vfs_api.cpp:182] remove(): /B1_426406.csv does not exists or is directory
[ 12382][E][vfs_api.cpp:182] remove(): /C0_14035.csv does not exists or is directory
[ 12454][E][vfs_api.cpp:182] remove(): /G0_51488.csv does not exists or is directory
[ 12523][E][vfs_api.cpp:182] remove(): /G0_390288.csv does not exists or is directory
[ 12591][E][vfs_api.cpp:182] remove(): /F#1_44957.csv does not exists or is directory
[ 12661][E][vfs_api.cpp:182] remove(): /F#1_13113350.csv does not exists or is directory
[ 12731][E][vfs_api.cpp:182] remove(): /G0_26941.csv does not exists or is directory
[ 12801][E][vfs_api.cpp:182] remove(): /G1_32880699.csv does not exists or is directory
[ 12870][E][vfs_api.cpp:182] remove(): /D0_129120.csv does not exists or is directory
[ 12945][E][vfs_api.cpp:182] remove(): /B0_12227.csv does not exists or is directory
[ 13014][E][vfs_api.cpp:182] remove(): /F#0_45979.csv does not exists or is directory
[ 13084][E][vfs_api.cpp:182] remove(): /G#0_55440.csv does not exists or is directory
[ 13153][E][vfs_api.cpp:182] remove(): /A1_57787.csv does not exists or is directory
[ 13222][E][vfs_api.cpp:182] remove(): /B1_61525.csv does not exists or is directory
[ 13291][E][vfs_api.cpp:182] remove(): /C1_63019.csv does not exists or is directory
[ 13359][E][vfs_api.cpp:182] remove(): /D1_65643.csv does not exists or is directory
[ 13428][E][vfs_api.cpp:182] remove(): /D#1_66992.csv does not exists or is directory
[ 13497][E][vfs_api.cpp:182] remove(): /E1_68240.csv does not exists or is directory
[ 13566][E][vfs_api.cpp:182] remove(): /F1_69547.csv does not exists or is directory
[ 13640][E][vfs_api.cpp:182] remove(): /D1_3701056.csv does not exists or is directory
[ 13709][E][vfs_api.cpp:182] remove(): /F#1_73413.csv does not exists or is directory
[ 13778][E][vfs_api.cpp:182] remove(): /G1_78357.csv does not exists or is directory
[ 13846][E][vfs_api.cpp:182] remove(): /G#1_79872.csv does not exists or is directory
[ 13915][E][vfs_api.cpp:182] remove(): /A2_81253.csv does not exists or is directory
[ 13984][E][vfs_api.cpp:182] remove(): /A#2_85125.csv does not exists or is directory
[ 14053][E][vfs_api.cpp:182] remove(): /A0_8525.csv does not exists or is directory
[ 14121][E][vfs_api.cpp:182] remove(): /D#0_176827.csv does not exists or is directory
[ 14190][E][vfs_api.cpp:182] remove(): /C#1_3144566.csv does not exists or is directory
[ 14262][E][vfs_api.cpp:182] remove(): /C#0_15853.csv does not exists or is directory
[ 14332][E][vfs_api.cpp:182] remove(): /C#0_26955.csv does not exists or is directory
[ 14401][E][vfs_api.cpp:182] remove(): /D0_30720.csv does not exists or is directory
[ 14471][E][vfs_api.cpp:182] remove(): /F#0_25091.csv does not exists or is directory
[ 14540][E][vfs_api.cpp:182] remove(): /A#1_59760.csv does not exists or is directory
[ 14608][E][vfs_api.cpp:182] remove(): /C#1_37661.csv does not exists or is directory
[ 14682][E][vfs_api.cpp:182] remove(): /C#1_64368.csv does not exists or is directory
[ 14751][E][vfs_api.cpp:182] remove(): /C1_35976.csv does not exists or is directory
[ 14819][E][vfs_api.cpp:182] remove(): /D#1_40552.csv does not exists or is directory
[ 14888][E][vfs_api.cpp:182] remove(): /E0_21565.csv does not exists or is directory
[ 14956][E][vfs_api.cpp:182] remove(): /A#0_10307.csv does not exists or is directory
[ 15025][E][vfs_api.cpp:182] remove(): /F0_23235.csv does not exists or is directory
[ 15093][E][vfs_api.cpp:182] remove(): /E0_182763.csv does not exists or is directory
[ 15164][E][vfs_api.cpp:182] remove(): /F1_43549.csv does not exists or is directory
[ 15234][E][vfs_api.cpp:182] remove(): /F0_40608.csv does not exists or is directory
[ 15302][E][vfs_api.cpp:182] remove(): /E1_42088.csv does not exists or is directory
[ 15370][E][vfs_api.cpp:182] remove(): /A1_400736.csv does not exists or is directory
[ 15440][E][vfs_api.cpp:182] remove(): /E1_6325643.csv does not exists or is directory
[ 15508][E][vfs_api.cpp:182] remove(): /G#1_57779.csv does not exists or is directory
[ 15577][E][vfs_api.cpp:182] remove(): /G1_46413.csv does not exists or is directory
[ 15645][E][vfs_api.cpp:182] remove(): /A#1_406710.csv does not exists or is directory
[ 15715][E][vfs_api.cpp:182] remove(): /A0_110784.csv does not exists or is directory
[ 15784][E][vfs_api.cpp:182] remove(): /B0_116704.csv does not exists or is directory
[ 15854][E][vfs_api.cpp:182] remove(): /noise_7989.csv does not exists or is directory
[ 15927][E][vfs_api.cpp:182] remove(): /noise_20954.csv does not exists or is directory
[ 15997][E][vfs_api.cpp:182] remove(): /C0_119606.csv does not exists or is directory
[ 16066][E][vfs_api.cpp:182] remove(): /C1_1363115.csv does not exists or is directory
[ 16134][E][vfs_api.cpp:182] remove(): /A#0_187255.csv does not exists or is directory
[ 16204][E][vfs_api.cpp:182] remove(): /C#0_123958.csv does not exists or is directory
[ 16273][E][vfs_api.cpp:182] remove(): /C#0_194444.csv does not exists or is directory
[ 16342][E][vfs_api.cpp:182] remove(): /D0_196428.csv does not exists or is directory
[ 16411][E][vfs_api.cpp:182] remove(): /D#0_198850.csv does not exists or is directory
[ 16480][E][vfs_api.cpp:182] remove(): /E0_201612.csv does not exists or is directory
[ 16548][E][vfs_api.cpp:182] remove(): /F0_203874.csv does not exists or is directory
[ 16618][E][vfs_api.cpp:182] remove(): /F#0_205596.csv does not exists or is directory
[ 16687][E][vfs_api.cpp:182] remove(): /G#0_209394.csv does not exists or is directory
[ 16756][E][vfs_api.cpp:182] remove(): /A1_219954.csv does not exists or is directory
[ 16825][E][vfs_api.cpp:182] remove(): /F#0_213675.csv does not exists or is directory
[ 16893][E][vfs_api.cpp:182] remove(): /A#1_32445.csv does not exists or is directory
[ 16963][E][vfs_api.cpp:182] remove(): /B1_34248.csv does not exists or is directory
[ 17032][E][vfs_api.cpp:182] remove(): /B0_20587.csv does not exists or is directory
[ 17100][E][vfs_api.cpp:182] remove(): /C0_23296.csv does not exists or is directory
[ 17169][E][vfs_api.cpp:182] remove(): /F1_6756288.csv does not exists or is directory
[ 17238][E][vfs_api.cpp:182] remove(): /A#0_113686.csv does not exists or is directory
[ 17306][E][vfs_api.cpp:182] remove(): /B0_189591.csv does not exists or is directory
[ 17375][E][vfs_api.cpp:182] remove(): /C0_191628.csv does not exists or is directory
[ 17442][E][vfs_api.cpp:182] remove(): /D0_17677.csv does not exists or is directory
OK: cleared 0 .csv files
SPIFFS: total=1318001 used=1135524 free=182477
> 
> flush
FLUSH: formatting SPIFFS (this erases everything)...
FLUSH: format=OK begin=OK
SPIFFS: total=1318001 used=0 free=1318001
> 
> help
Commands:
  help
  fsinfo
  list
  clear              (deletes ALL .csv files)
  flush              (formats SPIFFS - ERASERS EVERYTHING)
  dump <path>        (e.g. /raw_noise_3s_123.csv)
  pre <ms>           (default 60; stored pre is pre+lead)
  post <ms>          (default 400)
  lead <ms>          (default 150)
  end <key>          (default A7)
  start <key> <reps> (runs until end key or stop)
  stop
  silence [secs]     (default 3 recommended with small SPIFFS)
  noise [secs]       (default 3 recommended with small SPIFFS)

Collecting: press key + hit Enter (empty line) to capture.
After each key completes, the keyÔÇÖs files are dumped over serial.
> 
> fsinfo
SPIFFS: total=1318001 used=0 free=1318001
> 
> silence 3
SEGMENT silence: recording 3 sec (563 frames)
SEGMENT OK: /raw_silence_3s_49982.csv
> 
> noise 3
SEGMENT noise: recording 3 sec (563 frames)
SEGMENT OK: /raw_noise_3s_59726.csv
> 
> noise 3
SEGMENT noise: recording 3 sec (563 frames)
SEGMENT OK: /raw_noise_3s_68195.csv
> 
> noise 3
SEGMENT noise: recording 3 sec (563 frames)
SEGMENT OK: /raw_noise_3s_75534.csv
> 
> silence 3
SEGMENT silence: recording 3 sec (563 frames)
SEGMENT OK: /raw_silence_3s_87608.csv
> 
> help
Commands:
  help
  fsinfo
  list
  clear              (deletes ALL .csv files)
  flush              (formats SPIFFS - ERASERS EVERYTHING)
  dump <path>        (e.g. /raw_noise_3s_123.csv)
  pre <ms>           (default 60; stored pre is pre+lead)
  post <ms>          (default 400)
  lead <ms>          (default 150)
  end <key>          (default A7)
  start <key> <reps> (runs until end key or stop)
  stop
  silence [secs]     (default 3 recommended with small SPIFFS)
  noise [secs]       (default 3 recommended with small SPIFFS)

Collecting: press key + hit Enter (empty line) to capture.
After each key completes, the keyÔÇÖs files are dumped over serial.
> 
> dump 
Usage: dump <path>
> 
> fsinfo
SPIFFS: total=1318001 used=429963 free=888038
> 
> dumpraw_silence_3s_87608.csvdump raw_silence_3s_87608.csv
Unknown command. Type: help
> 
> dump raw_silence_3s_87608.csv
----- BEGIN /raw_silence_3s_87608.csv (85737 bytes) -----
ms_from_event,rms,flux,centroid_hz,spread_hz,rolloff85_hz,flatness,zcr,band0,band1,band2,band3,band4,band5,peak_hz,peak_mag,peak_ratio,low_dom
0,0.000092,0.198185,1095.81,1061.28,2625.00,0.611515,0.172549,-0.682096,0.199431,0.654422,-0.026738,-0.322329,0.177309,421.88,0.030165,8.5270,0.4579
5,0.000078,0.297821,1000.81,1020.02,2437.50,0.542744,0.211765,-0.646340,0.385233,0.844856,-0.382782,-0.352980,0.152013,375.00,0.029300,7.1322,0.4925
11,0.000079,0.182121,1020.00,994.97,2390.62,0.545192,0.211765,-0.900133,0.172176,0.911292,0.026515,-0.392005,0.182154,375.00,0.034193,8.7447,0.4356
16,0.000074,0.149325,1168.15,1066.19,2718.75,0.641248,0.239216,-1.267255,-0.047340,0.898270,0.096783,-0.174566,0.494106,375.00,0.033097,8.8725,0.3064
21,0.000090,0.211098,1148.20,1047.64,2578.12,0.646939,0.149020,-1.100882,0.031595,0.790727,-0.023971,-0.095832,0.398363,375.00,0.036535,9.9392,0.3349
27,0.000088,0.244250,982.44,965.82,2343.75,0.535904,0.125490,-1.527062,0.174037,1.120504,0.176095,-0.154430,0.210855,328.12,0.037915,10.0445,0.3308
32,0.000099,0.201167,975.16,974.74,2390.62,0.489388,0.105882,-1.356397,-0.068273,1.275855,0.018942,-0.086156,0.216027,375.00,0.046221,12.4152,0.3149
37,0.000075,0.170077,939.13,975.48,2296.88,0.477529,0.203922,-1.216512,0.079784,1.228107,-0.039909,-0.194550,0.143081,328.12,0.048226,13.2078,0.3676
43,0.000083,0.151002,1090.11,1055.91,2671.88,0.534329,0.207843,-1.325001,-0.340868,1.179647,0.217228,-0.174811,0.443805,328.12,0.045252,13.0008,0.2754
48,0.000085,0.225894,1094.09,1059.25,2671.88,0.596220,0.188235,-0.630548,-0.260609,0.925393,-0.236367,-0.070827,0.272957,375.00,0.045163,12.9038,0.3666
53,0.000083,0.217145,1039.85,1055.70,2625.00,0.578686,0.227451,-0.597824,0.003802,0.911108,-0.141074,-0.395381,0.219369,375.00,0.043561,11.3215,0.4479
59,0.000085,0.157816,1124.90,1055.24,2625.00,0.634056,0.133333,-0.994977,-0.229662,1.035986,-0.058375,-0.235822,0.482850,375.00,0.046453,12.5348,0.3239
64,0.000090,0.214653,979.22,943.40,2296.88,0.536198,0.149020,-1.465029,-0.088341,1.232546,0.194962,-0.090576,0.216440,375.00,0.044422,11.7717,0.3016
69,0.000091,0.184883,982.65,945.85,2250.00,0.559415,0.156863,-1.680653,0.080608,1.208410,0.304178,-0.152123,0.239580,375.00,0.042347,10.4166,0.3007
75,0.000074,0.205644,953.34,970.29,2296.88,0.537917,0.274510,-1.215698,0.198389,1.157057,-0.059500,-0.231931,0.151684,375.00,0.046937,11.4393,0.3850
80,0.000099,0.190986,1051.64,995.60,2390.62,0.583557,0.203922,-1.106535,-0.137324,1.098686,-0.100509,-0.095718,0.341402,375.00,0.041684,11.9268,0.3220
85,0.000076,0.279996,1004.18,948.16,2250.00,0.553981,0.227451,-1.516370,0.001733,1.151371,0.087481,0.134037,0.141746,375.00,0.044026,10.5194,0.2900
91,0.000082,0.134907,1050.47,973.91,2343.75,0.535761,0.180392,-1.780405,0.010383,1.159140,0.175585,0.162006,0.273290,375.00,0.044341,11.2296,0.2492
96,0.000091,0.135570,1129.01,1005.27,2531.25,0.568561,0.164706,-1.370702,-0.324784,1.075580,-0.016703,0.185775,0.450833,375.00,0.046161,14.0789,0.2376
101,0.000094,0.247628,1063.05,967.07,2390.62,0.582807,0.160784,-1.408113,-0.541182,1.152181,0.212656,0.201942,0.382516,375.00,0.046259,12.3779,0.2198
107,0.000100,0.303568,1082.58,951.35,2390.62,0.636632,0.149020,-1.581522,-0.391301,0.974266,0.500893,0.264400,0.233264,328.12,0.047974,10.3437,0.2253
112,0.000090,0.185772,981.96,958.46,2250.00,0.555702,0.141176,-1.697234,0.142642,1.188015,0.149048,0.071794,0.145737,328.12,0.055303,12.1972,0.2919
117,0.000098,0.190722,1106.60,1060.19,2625.00,0.535283,0.129412,-1.337539,-0.168335,1.256817,-0.265898,0.026060,0.488896,375.00,0.055741,13.7982,0.2669
123,0.000085,0.193810,1050.65,1081.53,2718.75,0.558588,0.133333,-0.642568,0.042153,0.990190,-0.318676,-0.341302,0.270202,375.00,0.054676,12.7581,0.4342
128,0.000089,0.152099,1038.63,1022.55,2484.38,0.554868,0.227451,-0.536146,-0.229092,1.036049,-0.390075,-0.222693,0.341958,375.00,0.054524,14.6092,0.3912
133,0.000082,0.167180,1142.09,1071.01,2671.88,0.616632,0.172549,-0.669887,-0.343909,0.978035,-0.216160,-0.278443,0.530363,375.00,0.051732,12.5183,0.3469
139,0.000094,0.141723,1165.99,1108.35,2859.38,0.592510,0.125490,-0.712043,-0.411566,0.971695,-0.056240,-0.320969,0.529122,375.00,0.046405,12.2465,0.3394
144,0.000089,0.212152,1111.09,1040.56,2625.00,0.609860,0.141176,-1.043196,-0.315763,0.962228,0.043606,0.015920,0.337206,328.12,0.041981,11.0112,0.2982
149,0.000082,0.186191,1133.70,1047.72,2578.12,0.616776,0.156863,-1.031567,-0.285957,1.094316,-0.325026,0.025118,0.523118,375.00,0.048101,12.4134,0.2823
155,0.000081,0.114355,1114.70,981.28,2484.38,0.564689,0.188235,-1.796619,-0.847173,1.384907,0.178713,0.366950,0.713222,375.00,0.050315,15.1650,0.1345
160,0.000076,0.185275,1060.20,966.26,2437.50,0.575312,0.235294,-1.429643,-0.533622,1.169005,0.275425,0.130548,0.388286,375.00,0.047670,13.6657,0.2243
165,0.000082,0.214915,1298.47,1103.08,2859.38,0.658913,0.180392,-1.134953,-0.545874,0.966552,-0.091722,0.073102,0.732895,375.00,0.045532,12.4122,0.2238
171,0.000075,0.251172,1311.18,1138.97,2859.38,0.666891,0.192157,-0.791198,-0.188162,0.817111,-0.377172,-0.163186,0.702609,375.00,0.041119,10.3284,0.3188
176,0.000093,0.091705,1229.10,1094.24,2765.62,0.639521,0.184314,-0.813340,-0.255025,0.831012,-0.278094,-0.118871,0.634317,328.12,0.037569,10.7867,0.3118
181,0.000084,0.245146,1040.92,1003.72,2484.38,0.586451,0.152941,-1.368538,0.078595,0.982934,0.106750,-0.019039,0.219298,328.12,0.046548,12.8542,0.3219
187,0.000082,0.177115,987.75,972.46,2296.88,0.541479,0.192157,-1.445842,0.185829,1.127404,0.054582,-0.117156,0.195182,328.12,0.051091,13.3207,0.3387
192,0.000080,0.224799,1080.52,985.84,2437.50,0.544966,0.266667,-1.567939,-0.519022,1.251628,0.241037,0.023998,0.570297,375.00,0.046849,13.4638,0.2074
197,0.000089,0.234978,1211.68,1040.54,2578.12,0.610949,0.172549,-1.516070,-0.702780,1.152048,0.125002,0.221318,0.720480,375.00,0.046464,12.9617,0.1707
203,0.000084,0.227600,1152.50,1047.17,2578.12,0.645175,0.180392,-0.866511,-0.220054,0.849164,0.075256,-0.296263,0.458409,375.00,0.043388,10.8355,0.3488
208,0.000100,0.237601,1110.90,1022.14,2531.25,0.584795,0.117647,-0.847983,-0.403724,0.889067,0.242125,-0.268389,0.388903,328.12,0.040065,9.8240,0.3349
213,0.000086,0.228134,1067.58,1024.45,2484.38,0.551338,0.172549,-1.740711,0.073958,1.190736,0.116075,-0.133020,0.492962,328.12,0.054731,13.5159,0.2663
219,0.000096,0.181890,1184.30,1102.63,2718.75,0.596833,0.133333,-1.098138,-0.175484,1.033692,-0.110875,-0.274911,0.625714,328.12,0.051167,12.3688,0.3074
224,0.000085,0.082278,1177.33,1095.34,2671.88,0.550204,0.145098,-1.041662,-0.346903,1.128271,-0.136357,-0.260019,0.656669,375.00,0.048117,13.3148,0.2906
229,0.000094,0.139841,1078.28,1043.31,2578.12,0.552023,0.196078,-1.124330,-0.360235,1.257432,-0.115584,-0.162611,0.505327,328.12,0.048057,13.7720,0.2863
235,0.000079,0.275729,1130.91,1054.19,2625.00,0.590170,0.215686,-1.345295,-0.086047,0.981463,0.152953,-0.161108,0.458034,328.12,0.051368,12.3827,0.2965
240,0.000100,0.128742,1105.15,1028.64,2625.00,0.586978,0.149020,-1.577448,-0.046286,1.064390,0.157286,-0.073688,0.475745,328.12,0.041926,11.0976,0.2664
245,0.000076,0.287412,991.40,1007.46,2343.75,0.554344,0.215686,-1.002750,0.009678,0.979052,0.247108,-0.370780,0.137692,375.00,0.048330,11.4100,0.4061
251,0.000082,0.110633,995.46,1019.60,2484.38,0.507315,0.203922,-1.441669,0.091091,1.181458,0.178147,-0.259855,0.250828,375.00,0.047101,11.6879,0.3383
256,0.000076,0.229294,1218.02,1073.48,2812.50,0.573078,0.196078,-1.487887,-0.421475,1.055150,0.221373,0.044426,0.588412,421.88,0.041073,12.1899,0.2191
261,0.000097,0.232250,1123.13,1005.99,2578.12,0.614025,0.164706,-1.159792,-0.467835,0.992165,0.390278,-0.194743,0.439928,421.88,0.042578,11.7341,0.2816
267,0.000074,0.304002,1002.31,986.27,2437.50,0.539175,0.180392,-0.690207,-0.120802,1.048100,-0.175098,-0.306842,0.244848,375.00,0.042553,10.8655,0.4075
272,0.000077,0.151725,1030.90,989.39,2437.50,0.541993,0.294118,-0.498620,-0.218124,1.011064,-0.535228,-0.057542,0.298451,375.00,0.048361,13.6398,0.3825
277,0.000090,0.225221,1029.63,1048.63,2625.00,0.563134,0.200000,-0.408576,0.095427,0.844177,-0.268815,-0.501618,0.239404,375.00,0.041342,10.9722,0.4936
283,0.000100,0.159246,1108.83,1067.42,2671.88,0.631499,0.141176,-1.094136,0.226959,0.923802,-0.156111,-0.252612,0.352098,375.00,0.035637,10.3059,0.3815
288,0.000095,0.303766,923.58,946.25,2203.12,0.552207,0.101961,-1.335711,0.372857,1.097615,-0.019563,-0.134513,0.019315,328.12,0.051136,12.0656,0.3956
293,0.000090,0.188709,945.57,954.33,2296.88,0.522799,0.145098,-1.455795,0.173280,1.207482,0.108717,-0.234445,0.200761,328.12,0.054365,12.8471,0.3488
299,0.000085,0.165205,1043.74,987.20,2484.38,0.589001,0.180392,-1.366903,-0.297815,1.185102,0.135108,0.026463,0.318043,375.00,0.052668,12.9578,0.2680
304,0.000080,0.165781,1123.24,1010.95,2531.25,0.608405,0.164706,-1.074410,-0.537282,0.998374,0.230787,-0.043011,0.425544,375.00,0.048635,12.2762,0.2695
309,0.000096,0.148519,1176.56,1079.38,2765.62,0.598167,0.133333,-0.997787,-0.508378,1.095062,-0.135657,-0.051555,0.598317,375.00,0.049475,13.3468,0.2638
315,0.000098,0.166533,1077.86,1026.36,2625.00,0.600081,0.113725,-0.953612,-0.328504,1.047921,-0.019435,-0.078684,0.332314,375.00,0.052238,13.7257,0.3169
320,0.000103,0.157262,1012.83,983.81,2484.38,0.521111,0.133333,-1.146765,-0.274170,1.261759,-0.107547,-0.111166,0.377890,328.12,0.054282,14.6641,0.3007
325,0.000079,0.274428,1005.70,1014.18,2484.38,0.528064,0.188235,-1.276752,0.333697,1.079561,-0.111212,-0.227485,0.202191,328.12,0.053278,12.4819,0.3873
331,0.000087,0.271558,974.42,984.54,2390.62,0.559252,0.156863,-1.149780,0.302462,0.961309,0.144614,-0.308916,0.050311,281.25,0.037449,8.1746,0.4269
336,0.000093,0.179078,1009.94,999.13,2390.62,0.540190,0.137255,-1.151759,-0.047409,1.160740,-0.016528,-0.241246,0.296200,375.00,0.040585,10.4762,0.3482
341,0.000094,0.201490,1125.42,1056.58,2671.88,0.548171,0.149020,-1.255254,-0.158963,1.107289,-0.186210,-0.049028,0.542167,375.00,0.048770,13.0724,0.2781
347,0.000080,0.170303,1077.34,1017.85,2578.12,0.564720,0.188235,-1.370710,-0.342862,1.194982,0.109030,-0.037512,0.447074,375.00,0.049899,13.1637,0.2570
352,0.000081,0.147029,1110.02,1055.24,2578.12,0.549499,0.196078,-1.173081,-0.419352,1.241491,-0.156422,-0.089034,0.596396,375.00,0.050349,14.7779,0.2592
357,0.000069,0.209552,1130.43,1061.90,2625.00,0.558516,0.211765,-0.830073,-0.032064,1.081532,-0.570221,-0.201482,0.552307,328.12,0.038389,11.6332,0.3529
363,0.000107,0.197349,1144.99,1029.07,2531.25,0.627854,0.125490,-1.172234,0.062755,0.962329,-0.317179,-0.081281,0.545610,328.12,0.042952,12.5296,0.3128
368,0.000096,0.208442,1006.89,1008.20,2484.38,0.519129,0.164706,-1.097166,0.207875,1.110198,-0.301069,-0.225500,0.305663,328.12,0.051318,13.9538,0.3811
373,0.000099,0.206879,1007.29,1023.75,2484.38,0.517596,0.156863,-1.080551,0.219751,1.160818,-0.394742,-0.219978,0.314701,328.12,0.060883,14.9113,0.3828
379,0.000085,0.147051,1086.24,1025.26,2531.25,0.554026,0.215686,-1.286877,-0.443469,1.242694,-0.035628,-0.014540,0.537819,328.12,0.054224,14.8140,0.2447
384,0.000096,0.260459,1061.18,1036.13,2578.12,0.553929,0.156863,-0.981895,-0.096697,1.122484,-0.220365,-0.199997,0.376471,328.12,0.044752,10.9626,0.3481
389,0.000095,0.269557,1054.91,1037.70,2625.00,0.572583,0.125490,-0.847084,0.284514,0.902936,-0.177407,-0.442921,0.279963,281.25,0.036426,8.1906,0.4502
395,0.000094,0.241223,1006.30,986.40,2437.50,0.543216,0.145098,-1.084507,0.070915,1.088523,-0.228188,-0.146621,0.299877,328.12,0.047768,11.1497,0.3581
400,0.000089,0.150883,1148.33,1081.96,2765.62,0.603249,0.149020,-1.170190,-0.110557,1.012383,-0.125994,-0.122151,0.516508,328.12,0.051130,12.5469,0.3021
405,0.000088,0.170863,1100.86,1064.86,2671.88,0.598619,0.164706,-1.278228,0.177233,1.000483,-0.113909,-0.219845,0.434266,328.12,0.050201,12.1680,0.3413
411,0.000091,0.180982,1186.61,1056.39,2625.00,0.645950,0.137255,-1.350293,-0.301679,1.025450,-0.096600,0.142819,0.580303,328.12,0.046464,11.4748,0.2337
416,0.000091,0.185487,1151.99,1080.58,2671.88,0.591763,0.164706,-1.172470,-0.209183,1.070603,-0.143610,-0.005167,0.459828,328.12,0.052438,13.9901,0.2853
421,0.000092,0.189184,1039.32,1018.79,2531.25,0.579853,0.149020,-0.933866,-0.207595,1.000815,0.054172,-0.133734,0.220208,328.12,0.047620,12.8931,0.3512
427,0.000103,0.209765,1112.44,1046.32,2625.00,0.622078,0.160784,-0.997258,-0.218544,1.002970,-0.061774,-0.172436,0.447044,328.12,0.048983,11.7368,0.3219
432,0.000094,0.206811,1148.21,1093.58,2718.75,0.562455,0.133333,-1.242949,0.122757,1.024506,-0.274013,-0.165399,0.535099,328.12,0.056705,12.7775,0.3219
437,0.000072,0.185510,1190.46,1088.01,2718.75,0.624033,0.223529,-0.990023,-0.187411,0.940781,-0.230019,-0.090117,0.556788,375.00,0.049823,11.3764,0.3053
443,0.000086,0.186841,1100.76,1032.87,2531.25,0.558568,0.172549,-0.879542,-0.318412,1.018838,-0.108378,-0.076159,0.363652,375.00,0.046066,12.3005,0.3224
448,0.000076,0.172162,1158.90,1019.09,2578.12,0.616263,0.243137,-1.728381,-0.374681,1.204493,0.005733,0.351574,0.541261,421.88,0.042582,12.4878,0.1827
453,0.000083,0.189153,1166.55,1067.75,2765.62,0.585844,0.196078,-0.965853,-0.108056,0.937658,-0.373653,0.153487,0.356417,375.00,0.037361,11.1623,0.3118
459,0.000071,0.295961,1167.93,1105.60,2812.50,0.582366,0.266667,-0.901544,0.003228,0.978539,-0.451400,-0.121604,0.492781,375.00,0.041734,10.6658,0.3464
464,0.000096,0.143896,1195.91,1077.77,2765.62,0.598503,0.133333,-0.959083,-0.289667,0.940948,-0.003739,-0.314384,0.625926,375.00,0.043629,12.3002,0.3143
469,0.000082,0.203881,1014.55,987.73,2390.62,0.549316,0.211765,-0.846627,-0.015326,0.998670,0.021864,-0.450448,0.291868,375.00,0.042375,11.6703,0.4130
475,0.000082,0.313972,916.07,888.66,2109.38,0.521718,0.156863,-1.119833,0.121463,0.913420,0.317844,-0.227720,-0.005175,328.12,0.043100,10.0254,0.4055
480,0.000088,0.192580,1054.69,955.02,2250.00,0.580302,0.180392,-1.770447,-0.021450,1.095938,0.323205,-0.000914,0.373668,375.00,0.039829,10.6286,0.2531
485,0.000087,0.252052,1056.97,997.93,2437.50,0.540512,0.196078,-1.893444,0.101938,1.147017,0.371034,-0.137438,0.410894,328.12,0.042782,10.7294,0.2626
491,0.000085,0.185056,1068.62,1020.61,2625.00,0.551025,0.172549,-1.203200,-0.095266,1.055587,0.055562,-0.157450,0.344766,328.12,0.045760,12.3260,0.3224
496,0.000060,0.228851,1130.72,1052.47,2671.88,0.587198,0.356863,-0.794886,-0.220967,0.995124,-0.259687,-0.215525,0.495944,375.00,0.047642,12.6056,0.3434
501,0.000085,0.162610,1227.54,1058.57,2671.88,0.663203,0.160784,-0.961807,-0.486545,0.887547,0.027786,-0.077737,0.610755,375.00,0.035174,9.9454,0.2708
507,0.000086,0.150836,1101.35,998.04,2484.38,0.600361,0.149020,-1.111135,-0.197559,1.000282,0.034492,-0.155710,0.429629,375.00,0.035575,10.3956,0.3119
512,0.000085,0.241488,1053.82,992.57,2531.25,0.554458,0.172549,-1.160295,-0.202790,1.090516,0.022285,-0.098242,0.348526,375.00,0.044330,12.1936,0.3086
517,0.000087,0.146446,1087.57,997.62,2578.12,0.567764,0.156863,-1.175613,-0.585805,1.089136,0.220361,0.035580,0.416338,375.00,0.048286,13.8222,0.2485
523,0.000098,0.129681,1112.17,1017.62,2531.25,0.570563,0.137255,-1.059213,-0.713206,1.140777,0.022962,0.138479,0.470201,375.00,0.050742,14.7950,0.2332
528,0.000093,0.161315,1094.27,1025.11,2484.38,0.542651,0.172549,-1.199794,-0.311233,1.265336,-0.454301,0.203441,0.496552,375.00,0.050776,14.7086,0.2487
533,0.000085,0.238305,1093.41,1019.70,2484.38,0.560348,0.207843,-1.272683,-0.181614,1.149543,-0.227874,0.105960,0.426666,328.12,0.053166,14.0714,0.2702
539,0.000084,0.164404,1129.27,1026.79,2484.38,0.565644,0.180392,-1.432367,-0.489530,1.281411,-0.242700,0.228272,0.654914,375.00,0.049155,13.5086,0.1974
544,0.000093,0.116294,1116.78,1029.61,2531.25,0.534885,0.168627,-1.649154,-0.284098,1.380805,-0.293501,0.111159,0.734791,375.00,0.047062,14.7252,0.1995
549,0.000097,0.262431,1044.35,982.06,2437.50,0.537517,0.172549,-1.751613,-0.034603,1.288256,-0.037114,0.060728,0.474346,328.12,0.050002,14.5017,0.2386
555,0.000088,0.231903,1028.55,1024.06,2437.50,0.564806,0.172549,-0.919631,0.006371,1.050225,-0.257484,-0.153727,0.274247,328.12,0.056183,14.8902,0.3736
560,0.000091,0.205669,1010.15,1029.34,2437.50,0.534362,0.149020,-0.928141,0.105351,0.997454,-0.066802,-0.346904,0.239041,328.12,0.056201,13.8346,0.4116
565,0.000085,0.254955,987.81,958.49,2296.88,0.602673,0.203922,-1.399704,0.162186,0.981826,0.354429,-0.266814,0.168076,328.12,0.047639,10.3219,0.3614
571,0.000093,0.177401,964.42,937.13,2250.00,0.522821,0.188235,-1.455647,-0.076235,1.197060,0.208951,-0.100279,0.226153,375.00,0.046097,12.2807,0.3039
576,0.000085,0.186834,987.04,923.29,2250.00,0.528436,0.149020,-1.689779,0.003218,1.207516,0.132469,0.115472,0.231105,375.00,0.048207,12.5495,0.2657
581,0.000068,0.177733,1071.62,943.65,2296.88,0.575413,0.321569,-2.408717,-0.206494,1.337121,0.365221,0.321586,0.591283,375.00,0.048957,12.9827,0.1463
587,0.000079,0.209098,1146.77,978.12,2437.50,0.614471,0.188235,-2.154217,-0.366852,1.218867,0.365504,0.335340,0.601359,375.00,0.040725,11.3927,0.1507
592,0.000076,0.147992,1274.65,1041.60,2625.00,0.657280,0.196078,-1.617022,-0.273604,1.053635,-0.140214,0.249876,0.727329,375.00,0.034064,9.6397,0.1925
597,0.000090,0.160785,1136.05,1004.05,2437.50,0.545549,0.109804,-1.404698,-0.101972,1.122138,0.000479,-0.195859,0.579909,421.88,0.036343,11.1120,0.2798
603,0.000086,0.314853,1034.31,989.34,2390.62,0.542113,0.207843,-1.294182,-0.109556,1.174499,0.073861,-0.355104,0.510482,375.00,0.044472,12.2036,0.3144
608,0.000088,0.183263,1099.94,1017.16,2531.25,0.559067,0.164706,-2.129492,0.001398,1.317206,0.068455,0.111077,0.631356,375.00,0.047956,13.0402,0.1923
613,0.000094,0.178587,1174.83,1057.97,2671.88,0.608873,0.172549,-1.471912,-0.272547,1.223905,-0.323910,0.180023,0.664442,375.00,0.051524,14.4976,0.2151
619,0.000089,0.225733,1122.27,1040.96,2625.00,0.566535,0.141176,-1.895821,-0.051716,1.309629,-0.122453,0.122213,0.638148,375.00,0.046537,11.8660,0.2052
624,0.000087,0.314695,998.39,984.55,2437.50,0.545925,0.172549,-1.536634,0.361078,1.072523,0.038812,-0.163034,0.227255,328.12,0.050232,11.4112,0.3498
629,0.000091,0.175991,1129.36,1013.11,2578.12,0.647888,0.149020,-1.243992,-0.045655,0.915598,-0.127131,0.054878,0.446302,328.12,0.047943,11.4574,0.2900
635,0.000086,0.162378,1072.21,1020.18,2625.00,0.527788,0.176471,-0.790951,-0.426845,1.111697,-0.195185,-0.149634,0.450918,375.00,0.049350,13.6056,0.3187
640,0.000072,0.185114,1061.69,1000.34,2531.25,0.550846,0.196078,-0.829871,-0.320893,0.951855,-0.038684,-0.145153,0.382746,375.00,0.046535,12.4453,0.3331
645,0.000090,0.209292,1034.86,972.62,2343.75,0.619422,0.172549,-1.176634,-0.095539,0.992101,-0.032100,0.092507,0.219667,375.00,0.040103,10.6725,0.3117
651,0.000085,0.195617,937.13,934.06,2109.38,0.569444,0.180392,-0.667456,-0.050842,0.903236,0.084382,-0.164778,-0.104541,375.00,0.036879,9.5572,0.4441
656,0.000085,0.229009,984.97,981.73,2390.62,0.550803,0.172549,-0.610621,-0.110613,1.011565,-0.274705,-0.115582,0.099957,375.00,0.047736,12.3496,0.4127
661,0.000088,0.136065,1036.36,992.75,2484.38,0.523392,0.180392,-1.200544,-0.062624,1.223785,-0.339829,0.000789,0.378423,375.00,0.047612,13.5048,0.3055
667,0.000090,0.193112,984.90,940.35,2296.88,0.499173,0.172549,-1.083408,0.119833,1.132636,-0.304233,0.000627,0.134542,375.00,0.043392,12.8056,0.3660
672,0.000095,0.267653,948.06,959.37,2296.88,0.482741,0.098039,-1.031160,0.166061,1.152038,-0.245959,-0.115546,0.074567,328.12,0.046428,12.6730,0.3984
677,0.000091,0.207347,991.51,973.99,2390.62,0.525238,0.156863,-1.019392,-0.359829,1.204628,0.079021,-0.132867,0.228438,375.00,0.048667,12.6899,0.3236
683,0.000077,0.181423,985.43,996.90,2390.62,0.507438,0.203922,-1.478354,0.007653,1.283145,0.134718,-0.206490,0.259329,328.12,0.051395,13.7243,0.3183
688,0.000093,0.174202,1092.00,1067.07,2718.75,0.525416,0.117647,-1.140746,-0.126189,1.144345,0.014730,-0.310194,0.418055,375.00,0.044225,12.2496,0.3346
693,0.000065,0.218329,1146.77,1031.85,2578.12,0.579880,0.270588,-1.114026,-0.262931,1.111063,-0.191582,-0.128379,0.585854,375.00,0.046489,12.3576,0.2855
699,0.000074,0.174679,1131.52,1062.02,2578.12,0.585812,0.247059,-1.252069,-0.010364,1.064649,-0.169705,-0.131326,0.498816,375.00,0.037189,9.8862,0.3068
704,0.000089,0.151857,1201.62,1122.01,2859.38,0.580090,0.149020,-1.158135,-0.078490,0.911821,0.258565,-0.412400,0.478638,421.88,0.024573,7.4689,0.3427
709,0.000087,0.247207,1077.32,1030.32,2625.00,0.585639,0.156863,-1.222595,-0.207994,1.147935,0.125146,-0.206917,0.364426,375.00,0.036843,9.7045,0.3113
715,0.000096,0.271140,1074.87,1043.52,2578.12,0.582080,0.133333,-1.164103,0.073536,1.112869,-0.226849,-0.199881,0.404429,328.12,0.043727,10.2575,0.3435
720,0.000072,0.190105,1083.97,996.21,2343.75,0.643395,0.219608,-1.033487,-0.062865,0.873944,-0.110574,0.061207,0.271776,328.12,0.050899,11.8920,0.3286
725,0.000096,0.135940,1088.86,975.36,2343.75,0.630695,0.172549,-1.207529,-0.214066,0.996779,0.062608,-0.022928,0.385136,375.00,0.043413,10.8307,0.2907
731,0.000094,0.168556,1086.44,972.72,2343.75,0.599794,0.149020,-1.115093,-0.343851,1.072296,-0.060732,0.011032,0.436349,375.00,0.050690,13.2395,0.2782
736,0.000050,0.187163,1033.64,948.67,2250.00,0.498082,0.415686,-1.093310,-0.214592,1.182944,-0.387735,0.063110,0.449582,375.00,0.048630,12.9258,0.2869
741,0.000083,0.220820,1134.41,1036.25,2531.25,0.589122,0.172549,-0.997049,0.225395,0.873463,-0.430787,-0.160771,0.489748,328.12,0.027815,7.5028,0.3658
747,0.000090,0.114887,1179.58,1097.97,2812.50,0.596046,0.145098,-1.120657,0.056396,0.999604,-0.229411,-0.286803,0.580870,328.12,0.025171,8.0856,0.3364
752,0.000096,0.310503,979.05,1035.32,2390.62,0.523950,0.141176,-0.698790,0.350073,1.027302,-0.508119,-0.421083,0.250618,328.12,0.047482,12.4355,0.4777
757,0.000078,0.151538,1029.74,1027.70,2437.50,0.509678,0.180392,-0.780543,0.103253,1.028360,-0.472042,-0.184821,0.305794,328.12,0.051847,14.6547,0.4015
763,0.000085,0.189299,1079.81,998.61,2390.62,0.550926,0.180392,-0.998046,-0.294002,1.117310,-0.181376,-0.144545,0.500659,375.00,0.044670,12.7225,0.3049
768,0.000084,0.168167,1175.20,1032.57,2671.88,0.556976,0.145098,-1.392726,-0.363374,1.070987,0.092562,-0.018594,0.611145,328.12,0.043938,12.9028,0.2361
773,0.000092,0.224690,1166.72,1056.21,2531.25,0.630938,0.125490,-0.933892,-0.280861,0.902535,-0.053190,-0.129641,0.495050,328.12,0.044802,12.0922,0.3122
779,0.000095,0.142925,1080.40,1044.60,2484.38,0.529843,0.164706,-0.877177,-0.141162,1.070333,-0.257405,-0.221129,0.426539,328.12,0.048344,13.7075,0.3516
784,0.000091,0.228736,1049.01,1002.19,2296.88,0.548859,0.168627,-1.585646,-0.198849,1.227715,0.023948,0.044810,0.488023,328.12,0.051470,13.7171,0.2389
789,0.000081,0.238154,1000.45,936.57,2296.88,0.555467,0.180392,-1.782227,0.121799,1.181846,0.059878,0.126937,0.291767,328.12,0.055732,13.8280,0.2612
795,0.000086,0.070728,1044.31,969.07,2437.50,0.593615,0.172549,-1.796992,0.128545,1.176152,-0.000603,0.072740,0.420159,328.12,0.048994,13.4764,0.2534
800,0.000088,0.262134,1162.26,1049.53,2718.75,0.604127,0.164706,-1.599127,-0.293361,1.169473,-0.036999,0.129722,0.630291,375.00,0.047517,13.0669,0.2098
805,0.000078,0.173334,1197.60,1072.67,2859.38,0.572073,0.149020,-1.633044,-0.570610,1.219290,0.176463,0.135361,0.672540,375.00,0.050716,13.6859,0.1816
811,0.000086,0.139520,1152.02,1064.56,2718.75,0.580814,0.164706,-1.403537,-0.549228,1.156294,0.262050,0.033926,0.500494,375.00,0.048292,13.4297,0.2238
816,0.000090,0.145225,1098.83,1021.64,2531.25,0.608345,0.172549,-0.965105,-0.586271,1.032832,0.049912,0.116074,0.352560,375.00,0.048684,13.4063,0.2670
821,0.000078,0.167704,1089.09,1004.03,2578.12,0.582296,0.203922,-0.967814,-0.625887,1.116211,0.021234,0.001391,0.454865,375.00,0.047336,13.3004,0.2641
827,0.000089,0.261673,1178.99,1061.02,2625.00,0.593973,0.168627,-1.964999,-0.070188,1.161129,0.268297,-0.082025,0.687786,375.00,0.040998,10.8044,0.2107
832,0.000095,0.188654,1200.62,1058.48,2578.12,0.575626,0.145098,-2.246668,0.045444,1.250067,0.045235,0.102209,0.803713,375.00,0.041531,10.7308,0.1746
837,0.000087,0.252881,1143.07,1031.73,2531.25,0.595082,0.141176,-1.717276,0.026074,1.153460,-0.148755,0.135890,0.550607,328.12,0.052772,13.3281,0.2335
843,0.000093,0.156061,1036.99,994.44,2250.00,0.572190,0.133333,-0.885231,-0.106958,0.985158,-0.215677,-0.013519,0.236228,328.12,0.054051,14.6933,0.3526
848,0.000092,0.208299,1069.30,1038.31,2531.25,0.563141,0.156863,-0.898107,-0.326902,1.133464,-0.200385,-0.149805,0.441735,375.00,0.049063,13.4643,0.3190
853,0.000077,0.166816,1097.04,1027.92,2531.25,0.557852,0.184314,-1.268276,-0.294726,1.226395,-0.183752,-0.022157,0.542517,375.00,0.054014,14.2741,0.2608
859,0.000083,0.252086,1025.43,983.35,2437.50,0.551166,0.188235,-0.982902,-0.178911,1.037905,0.133301,-0.260794,0.251400,375.00,0.042609,10.9800,0.3598
864,0.000099,0.149110,1070.71,975.52,2437.50,0.592374,0.117647,-1.152706,-0.483108,1.009560,0.428207,-0.139035,0.337082,421.88,0.040067,10.3686,0.2856
869,0.000090,0.252724,1022.03,975.29,2437.50,0.555661,0.180392,-0.866030,-0.214843,1.059410,-0.279023,0.036102,0.264384,375.00,0.052872,13.7368,0.3339
875,0.000088,0.114523,1090.81,1007.38,2578.12,0.537063,0.156863,-0.860378,-0.607256,1.190041,-0.339205,0.080656,0.536141,375.00,0.056216,15.8415,0.2607
880,0.000099,0.197764,1139.58,1007.61,2578.12,0.586470,0.129412,-1.367430,-1.052703,1.309068,0.183833,0.251775,0.675457,375.00,0.052649,13.9665,0.1579
885,0.000079,0.329596,1019.18,986.54,2343.75,0.601322,0.172549,-0.785419,0.044416,0.872995,-0.116295,-0.139571,0.123874,328.12,0.046947,10.5627,0.4103
891,0.000092,0.177739,913.74,966.52,2203.12,0.554781,0.125490,-0.521716,0.345056,0.780546,-0.073096,-0.445095,-0.085695,328.12,0.043598,9.3308,0.5442
896,0.000104,0.171364,1061.99,1034.97,2531.25,0.602328,0.094118,-0.994236,-0.034474,1.029160,-0.146834,-0.207493,0.353877,375.00,0.043752,11.2308,0.3572
901,0.000083,0.244060,980.61,990.06,2296.88,0.535611,0.176471,-0.929232,0.293974,1.027194,-0.432665,-0.093475,0.134203,328.12,0.054566,12.9298,0.4163
907,0.000101,0.192411,1048.84,1020.55,2484.38,0.553726,0.113725,-1.098657,-0.071421,1.117939,-0.249047,-0.016779,0.317965,375.00,0.051935,12.7078,0.3240
912,0.000093,0.157495,1064.79,1015.81,2484.38,0.577615,0.160784,-1.319897,-0.035271,1.159824,-0.204946,-0.023344,0.423634,375.00,0.044363,10.7236,0.2936
917,0.000081,0.251873,969.02,984.92,2343.75,0.566003,0.156863,-0.889167,0.264789,0.931881,-0.118341,-0.323158,0.133993,328.12,0.052597,11.6166,0.4458
923,0.000083,0.186974,1055.32,1003.59,2484.38,0.543315,0.184314,-1.044286,-0.034673,1.068179,-0.187847,-0.190022,0.388649,375.00,0.046777,12.2736,0.3455
928,0.000085,0.129869,1186.72,1051.52,2718.75,0.569825,0.156863,-0.975997,-0.983614,1.281933,-0.255478,0.187051,0.746104,375.00,0.050125,16.1380,0.1906
933,0.000088,0.237529,1210.25,1084.10,2812.50,0.591138,0.133333,-0.994651,-0.888089,1.176586,-0.030597,0.088711,0.648040,375.00,0.049695,14.0395,0.2125
939,0.000089,0.138718,1177.01,1076.12,2765.62,0.573509,0.196078,-1.792590,-0.293057,1.348705,0.000203,-0.047762,0.784500,375.00,0.049577,14.2658,0.1960
944,0.000077,0.223136,1023.64,970.65,2250.00,0.575594,0.203922,-1.352845,0.039321,1.105366,-0.176532,0.044734,0.339956,375.00,0.049945,13.4446,0.2996
949,0.000090,0.189491,946.67,932.08,2203.12,0.527669,0.164706,-0.876902,0.092952,0.924689,-0.218140,0.043194,0.034208,375.00,0.045031,11.7162,0.3940
955,0.000095,0.144081,976.01,926.16,2203.12,0.562848,0.149020,-1.222934,-0.256383,1.001611,0.265275,0.053185,0.159246,375.00,0.042042,12.1669,0.3003
960,0.000104,0.246089,987.55,965.62,2250.00,0.516615,0.117647,-0.914072,-0.333137,1.187507,-0.151877,-0.105526,0.317105,375.00,0.054406,15.1227,0.3253
965,0.000084,0.150268,1044.60,974.75,2296.88,0.530732,0.141176,-1.568203,-0.557921,1.430545,-0.045683,0.150577,0.590686,375.00,0.062128,17.0114,0.1925
971,0.000088,0.139451,988.65,963.87,2250.00,0.518063,0.203922,-1.595261,-0.328276,1.391173,0.108115,0.109485,0.314766,375.00,0.058297,16.3499,0.2362
976,0.000095,0.213335,1027.12,996.24,2437.50,0.519129,0.145098,-1.420632,-0.005047,1.270642,-0.207504,0.014272,0.348268,328.12,0.046839,13.3619,0.2903
981,0.000092,0.178097,1030.95,1005.64,2437.50,0.545603,0.172549,-1.018534,0.021508,1.181470,-0.487418,-0.007037,0.310012,328.12,0.053779,14.8546,0.3430
987,0.000094,0.187088,968.10,993.22,2343.75,0.507649,0.133333,-0.626937,-0.109459,1.161842,-0.472494,-0.214723,0.261770,328.12,0.048949,14.2306,0.4033
992,0.000090,0.225517,1011.22,1032.51,2531.25,0.492361,0.176471,-0.681764,0.078389,1.085395,-0.376431,-0.485621,0.380032,328.12,0.054777,15.3160,0.4381
997,0.000084,0.219402,1000.15,1023.33,2484.38,0.543825,0.211765,-0.708071,-0.041820,1.063438,-0.160681,-0.467982,0.315115,328.12,0.051234,13.0031,0.4259
1003,0.000087,0.206076,1144.41,1067.30,2625.00,0.606657,0.188235,-1.184852,-0.187357,0.870146,0.203378,-0.154827,0.453513,328.12,0.047833,11.8249,0.3025
1008,0.000078,0.137884,1171.42,1083.23,2625.00,0.616753,0.203922,-1.366657,0.151724,0.931481,-0.202812,-0.010584,0.496848,328.12,0.046389,11.9790,0.2993
1013,0.000088,0.183094,1076.52,1027.76,2531.25,0.576666,0.172549,-1.257290,0.006143,0.996994,-0.131249,0.056152,0.329252,328.12,0.040841,11.1894,0.3061
1019,0.000088,0.219273,1050.96,972.35,2343.75,0.629334,0.180392,-1.230548,-0.036231,0.929186,-0.031743,0.127619,0.241718,328.12,0.041067,10.0437,0.3062
1024,0.000097,0.157868,1080.87,984.79,2437.50,0.607806,0.152941,-1.190349,-0.201931,1.048971,-0.124248,0.056635,0.410922,375.00,0.043767,10.9722,0.2829
1029,0.000083,0.271645,1063.10,1003.88,2437.50,0.600840,0.188235,-1.351027,0.271040,1.003889,-0.148601,-0.186776,0.411475,328.12,0.046165,10.0247,0.3425
1035,0.000084,0.189260,1073.22,994.49,2484.38,0.553452,0.152941,-1.273942,-0.015307,1.080270,-0.135994,-0.099757,0.444730,375.00,0.045800,10.6914,0.3064
1040,0.000098,0.072702,983.96,941.92,2203.12,0.522690,0.145098,-1.052265,-0.192241,1.164151,-0.255529,0.138249,0.197636,375.00,0.049308,14.4199,0.3121
1045,0.000096,0.186591,1053.00,998.57,2437.50,0.590538,0.156863,-1.272974,-0.304268,1.223284,-0.120024,0.038710,0.435274,375.00,0.049353,14.0721,0.2639
1051,0.000089,0.232630,993.57,976.85,2390.62,0.507777,0.156863,-1.667475,0.023334,1.318734,0.039833,-0.105651,0.391227,328.12,0.056304,15.1958,0.2759
1056,0.000075,0.261178,991.52,1008.86,2437.50,0.500688,0.164706,-1.704987,0.282526,1.224574,0.174559,-0.291517,0.314847,375.00,0.044394,10.3367,0.3268
1061,0.000085,0.173412,1115.18,1047.94,2718.75,0.578016,0.141176,-1.422736,0.015949,1.028803,0.110190,-0.176203,0.443996,375.00,0.043429,11.9235,0.3021
1067,0.000073,0.210802,1104.93,1012.39,2578.12,0.576710,0.243137,-1.425243,-0.281811,1.176347,-0.000023,0.035515,0.495214,375.00,0.042182,12.0456,0.2462
1072,0.000085,0.313445,1073.77,973.48,2390.62,0.641492,0.168627,-1.195678,-0.340454,0.832619,0.472635,-0.011674,0.242550,328.12,0.037013,8.9168,0.2925
1077,0.000087,0.111172,1054.55,968.75,2343.75,0.597772,0.188235,-1.499893,-0.289445,1.093488,0.218969,0.112406,0.364474,375.00,0.039193,11.1449,0.2436
1083,0.000079,0.170737,1081.27,983.81,2437.50,0.620719,0.188235,-1.237406,-0.618772,1.145648,0.147129,0.142180,0.421220,375.00,0.045809,12.9260,0.2297
1088,0.000093,0.100742,1102.61,1027.44,2578.12,0.575122,0.133333,-1.136966,-0.749930,1.148862,0.209275,0.042861,0.485896,375.00,0.046495,13.8202,0.2301
1093,0.000066,0.190558,1092.64,1026.15,2578.12,0.575473,0.247059,-0.797528,-0.450527,1.047841,-0.225130,-0.029256,0.454600,375.00,0.049291,13.8989,0.3022
1099,0.000081,0.158494,1189.58,1065.76,2625.00,0.622668,0.180392,-0.755018,-0.439102,0.940219,-0.250783,-0.096567,0.601249,375.00,0.045960,12.9859,0.2996
1104,0.000108,0.160492,1181.90,1062.05,2718.75,0.634847,0.145098,-1.177676,-0.494678,1.016661,0.026660,0.090574,0.538457,375.00,0.042902,12.7933,0.2404
1109,0.000097,0.303599,1059.80,1011.75,2437.50,0.593504,0.164706,-1.519742,0.099124,1.150398,-0.161063,0.080783,0.350497,328.12,0.053924,13.2114,0.2837
1115,0.000098,0.130795,1026.89,1011.40,2437.50,0.517100,0.094118,-1.511294,0.231509,1.274808,-0.279194,-0.145987,0.430159,328.12,0.063202,15.9263,0.3139
1120,0.000091,0.197477,1034.43,965.64,2437.50,0.545206,0.113725,-1.385576,-0.403074,1.304496,-0.160579,0.199251,0.445481,328.12,0.054972,14.3579,0.2285
1125,0.000084,0.142794,1061.39,971.70,2390.62,0.575827,0.172549,-1.451571,-0.350550,1.200663,-0.056045,0.209101,0.448402,328.12,0.050754,13.7952,0.2262
1131,0.000089,0.234369,1001.67,947.35,2250.00,0.565421,0.180392,-1.293881,-0.030030,1.144375,-0.143489,0.031004,0.292021,375.00,0.050107,13.2211,0.3050
1136,0.000077,0.137188,1022.00,985.50,2437.50,0.554082,0.266667,-0.931136,-0.213098,1.050083,-0.030730,-0.204665,0.329546,375.00,0.049395,13.3932,0.3465
1141,0.000092,0.148353,1100.55,1032.98,2578.12,0.569433,0.149020,-1.177297,-0.567496,1.158174,0.200728,-0.175094,0.560984,375.00,0.044048,13.3246,0.2563
1147,0.000090,0.182875,1082.19,1007.22,2484.38,0.562986,0.254902,-1.430414,-0.504430,1.245333,0.186096,-0.041357,0.544771,375.00,0.045943,12.8678,0.2281
1152,0.000088,0.199461,1188.69,1040.97,2671.88,0.649894,0.133333,-1.186172,-0.522432,0.982475,0.095937,0.045834,0.584358,328.12,0.043891,11.0565,0.2370
1157,0.000083,0.153356,1156.56,1022.74,2531.25,0.607255,0.149020,-1.428575,-0.376777,1.177101,-0.081943,0.047508,0.662685,375.00,0.047829,12.1208,0.2214
1163,0.000099,0.167351,1025.83,973.60,2250.00,0.548307,0.113725,-1.527783,-0.177254,1.195154,0.105476,-0.003410,0.407819,328.12,0.047401,12.8600,0.2583
1168,0.000092,0.266561,1015.99,999.44,2390.62,0.540714,0.176471,-1.165536,0.234490,1.016916,-0.187193,-0.123517,0.224841,328.12,0.054835,13.8037,0.3737
1173,0.000081,0.206296,1067.97,1003.98,2390.62,0.585994,0.227451,-1.121943,-0.198838,1.068669,-0.200449,0.096322,0.356240,328.12,0.047474,12.5546,0.2918
1179,0.000089,0.144439,1032.71,1000.93,2390.62,0.543212,0.196078,-1.483827,0.024800,1.147062,-0.106061,0.071100,0.346926,375.00,0.046397,12.4205,0.2812
1184,0.000090,0.198480,1158.21,1039.77,2625.00,0.587728,0.192157,-1.603002,-0.282653,1.138083,0.044510,0.091988,0.611073,375.00,0.043343,11.1955,0.2151
1189,0.000077,0.225030,1141.11,1046.68,2578.12,0.620781,0.203922,-1.400010,0.062877,0.972591,-0.009174,-0.042302,0.416016,328.12,0.048519,11.4643,0.2983
1195,0.000098,0.130830,1092.67,1040.29,2578.12,0.588351,0.192157,-1.068228,0.027383,1.056249,-0.287742,-0.106298,0.378638,328.12,0.045507,12.5745,0.3415
1200,0.000099,0.245679,1004.06,939.83,2250.00,0.538633,0.125490,-1.270670,0.016283,1.016042,0.171945,-0.057649,0.124049,328.12,0.051160,13.0958,0.3407
1205,0.000079,0.203113,953.21,926.11,2203.12,0.478689,0.188235,-1.399769,-0.196816,1.178258,0.372897,-0.035888,0.081318,328.12,0.053464,12.5628,0.3055
1211,0.000092,0.172758,1097.77,1016.42,2437.50,0.556745,0.156863,-1.101850,-0.645688,1.194539,0.019343,0.010264,0.523390,375.00,0.051092,13.6623,0.2422
1216,0.000086,0.156851,1169.14,1016.26,2484.38,0.625631,0.219608,-1.204314,-0.584680,1.059780,0.015728,0.144394,0.569093,375.00,0.048481,12.8973,0.2225
1221,0.000093,0.157564,1072.53,1004.46,2531.25,0.562848,0.145098,-1.165941,-0.242913,1.201971,-0.284722,0.080153,0.411453,375.00,0.051586,14.0587,0.2788
1227,0.000094,0.200628,1101.16,1035.05,2625.00,0.543947,0.137255,-1.013553,0.075952,1.065668,-0.376675,-0.205151,0.453760,328.12,0.039074,10.1687,0.3559
1232,0.000071,0.298542,1057.24,1046.61,2625.00,0.567727,0.286275,-1.046098,0.476042,0.865411,-0.285166,-0.273714,0.263525,328.12,0.043702,10.0761,0.4305
1237,0.000069,0.215519,1028.48,1007.10,2437.50,0.582482,0.250980,-1.172452,0.036598,0.998949,0.054484,-0.106356,0.188777,328.12,0.039746,9.6971,0.3523
1243,0.000086,0.165482,1078.57,1011.06,2484.38,0.652311,0.192157,-0.949880,-0.019675,0.687963,0.318250,-0.230260,0.193603,328.12,0.029772,7.8730,0.3855
1248,0.000080,0.177623,1102.31,1019.90,2531.25,0.573326,0.184314,-1.006941,-0.111710,0.912230,-0.024196,-0.233639,0.464256,375.00,0.035759,10.1770,0.3375
1253,0.000088,0.148414,1154.00,1046.88,2578.12,0.564248,0.164706,-0.988785,-0.530145,1.097492,-0.033260,-0.159701,0.614399,375.00,0.045202,13.8904,0.2715
1259,0.000085,0.196484,1170.49,1066.50,2765.62,0.584140,0.156863,-1.412031,-0.571747,1.135558,0.275899,-0.062366,0.634686,375.00,0.048016,13.7399,0.2179
1264,0.000090,0.188958,1101.72,1052.32,2625.00,0.546321,0.156863,-1.651875,-0.281817,1.294454,0.123398,-0.055474,0.571314,375.00,0.051916,14.0772,0.2271
1269,0.000094,0.145535,1133.25,1066.74,2765.62,0.571546,0.164706,-1.551981,-0.378298,1.237230,0.197374,-0.152047,0.647720,375.00,0.053164,14.7689,0.2292
1275,0.000082,0.194180,1070.69,1014.60,2578.12,0.568199,0.203922,-1.553323,-0.153359,1.241368,-0.049714,0.009870,0.505159,375.00,0.049468,13.2262,0.2477
1280,0.000093,0.120677,1051.43,989.95,2437.50,0.563188,0.133333,-1.996877,-0.164554,1.309559,0.219789,0.213870,0.418214,328.12,0.046772,13.0480,0.1983
1285,0.000095,0.185746,1037.15,1006.54,2437.50,0.551994,0.196078,-1.258288,-0.295776,1.217900,0.019374,0.068516,0.248273,375.00,0.046434,13.0260,0.2818
1291,0.000089,0.289052,1122.40,1052.95,2718.75,0.576128,0.160784,-1.078667,-0.025536,0.936756,-0.142179,-0.067695,0.377322,328.12,0.053401,13.9447,0.3303
1296,0.000092,0.184068,1077.73,1058.94,2671.88,0.586548,0.152941,-0.696956,0.149389,0.829965,-0.349499,-0.271326,0.338426,328.12,0.055926,13.4312,0.4238
1301,0.000090,0.105990,1117.19,1066.25,2625.00,0.594975,0.156863,-0.781810,0.002674,0.967275,-0.452641,-0.173182,0.437684,328.12,0.053592,14.4465,0.3724
1307,0.000079,0.257122,1161.69,1060.95,2625.00,0.554466,0.239216,-1.567920,-0.319807,1.264308,-0.020143,0.002707,0.640853,375.00,0.046266,12.1142,0.2200
1312,0.000086,0.267669,1149.17,1033.12,2671.88,0.605623,0.164706,-1.998189,0.027074,1.145925,0.286940,-0.018625,0.556872,375.00,0.039366,9.5622,0.2219
1317,0.000097,0.204491,1159.30,1079.99,2718.75,0.616599,0.137255,-1.108529,0.034898,1.051150,-0.442207,-0.051978,0.516665,375.00,0.045464,11.6363,0.3167
1323,0.000089,0.201380,1051.65,1024.02,2531.25,0.559689,0.164706,-0.968149,-0.201905,1.085223,-0.135488,-0.068871,0.289190,375.00,0.053569,13.7916,0.3329
1328,0.000095,0.227847,981.27,916.02,2250.00,0.546051,0.164706,-1.937867,-0.007404,1.272348,0.271371,0.173872,0.227680,375.00,0.050969,12.6414,0.2362
1333,0.000078,0.209043,1144.37,1044.95,2578.12,0.610566,0.188235,-1.575980,0.032374,1.152963,-0.134205,-0.065718,0.590565,375.00,0.050102,11.8288,0.2623
1339,0.000088,0.157875,1144.88,1063.48,2578.12,0.601833,0.145098,-0.969957,0.062794,1.021177,-0.447745,-0.185650,0.519379,375.00,0.043708,10.6512,0.3497
1344,0.000067,0.116077,1150.35,1052.32,2625.00,0.637399,0.215686,-1.207608,-0.155311,0.965595,-0.158417,0.130967,0.424775,375.00,0.039734,11.1908,0.2770
1349,0.000086,0.196144,1086.57,1038.36,2531.25,0.619539,0.200000,-1.108610,0.019388,0.992270,-0.116696,-0.115726,0.329373,375.00,0.038280,10.5692,0.3427
1355,0.000085,0.219036,1260.99,1098.24,2859.38,0.653439,0.149020,-1.270565,-0.223086,0.961555,-0.045301,-0.074691,0.652090,375.00,0.042603,11.8853,0.2620
1360,0.000085,0.179362,1121.08,1028.26,2531.25,0.572119,0.172549,-1.921913,-0.370380,1.363247,0.108056,0.158539,0.662450,375.00,0.049508,13.5520,0.1741
1365,0.000096,0.170139,1157.04,1027.29,2437.50,0.566638,0.145098,-1.806883,-0.003753,1.219639,-0.070692,0.010222,0.651467,375.00,0.047624,13.1461,0.2251
1371,0.000086,0.252974,996.86,984.26,2296.88,0.513441,0.141176,-0.947154,0.147242,1.011650,-0.218672,-0.210719,0.217652,328.12,0.049631,13.0816,0.4005
1376,0.000079,0.160751,1021.12,1002.69,2343.75,0.562308,0.192157,-0.858481,0.124089,0.908008,-0.277473,-0.090857,0.194714,328.12,0.051409,12.7764,0.3967
1381,0.000079,0.247392,1002.56,961.16,2203.12,0.552991,0.203922,-1.342469,-0.095654,1.096331,0.183207,-0.022257,0.180841,375.00,0.036333,9.3264,0.3104
1387,0.000070,0.173446,1098.51,1008.43,2531.25,0.605655,0.262745,-1.329626,-0.331305,1.075309,0.227797,-0.034930,0.392754,421.88,0.039658,10.9842,0.2671
1392,0.000082,0.162396,1174.06,1062.36,2671.88,0.565902,0.156863,-1.712891,-0.368712,1.229463,0.177324,0.016675,0.658140,375.00,0.041287,13.3696,0.2013
1397,0.000093,0.266013,1114.42,1006.50,2484.38,0.613741,0.109804,-1.280047,-0.248049,1.004699,0.010091,0.129998,0.383308,375.00,0.040996,11.9278,0.2649
1403,0.000094,0.222742,1095.17,994.40,2343.75,0.616027,0.141176,-1.236257,-0.331284,1.121757,-0.281475,0.303726,0.423533,375.00,0.047876,12.6449,0.2410
1408,0.000082,0.163560,1075.52,1009.12,2390.62,0.549769,0.141176,-1.532881,-0.506225,1.263262,0.140404,0.155713,0.479729,375.00,0.050634,13.2517,0.2080
1413,0.000099,0.194501,1102.36,1043.21,2578.12,0.620328,0.145098,-0.972649,-0.302433,0.996520,-0.115038,0.012935,0.380665,328.12,0.049126,12.9190,0.3027
1419,0.000082,0.158060,1050.44,993.51,2390.62,0.562657,0.278431,-1.156136,-0.043627,1.020025,-0.053751,-0.086909,0.320397,328.12,0.049086,12.5498,0.3281
1424,0.000093,0.206033,1034.68,992.65,2343.75,0.605357,0.141176,-0.961293,0.076688,0.889974,-0.149677,-0.056687,0.200997,375.00,0.043760,10.7981,0.3741
1429,0.000092,0.146734,961.74,985.48,2250.00,0.527355,0.117647,-0.833484,0.056906,1.018776,-0.166080,-0.149855,0.073736,328.12,0.045695,11.9697,0.4133
1435,0.000095,0.173656,996.81,952.13,2203.12,0.549973,0.141176,-1.225569,0.002187,1.059873,-0.040577,0.050865,0.153221,328.12,0.056868,14.4733,0.3288
1440,0.000081,0.161720,1071.05,970.20,2296.88,0.564430,0.196078,-2.059605,-0.237359,1.329631,0.090384,0.432445,0.444502,328.12,0.052741,13.9252,0.1698
1445,0.000092,0.131232,1029.37,978.19,2437.50,0.540055,0.164706,-1.247895,-0.339632,1.300467,-0.233632,0.135004,0.385689,375.00,0.051179,15.0897,0.2584
1451,0.000082,0.194052,1007.72,952.23,2343.75,0.560240,0.203922,-1.105776,-0.376712,1.179949,0.001909,-0.020645,0.321276,375.00,0.051212,15.1101,0.2908
1456,0.000093,0.246344,1048.38,1004.62,2484.38,0.573161,0.164706,-1.241828,-0.319914,1.142402,0.166433,-0.091579,0.344486,375.00,0.048802,12.9503,0.2875
1461,0.000096,0.189871,1166.14,1072.03,2718.75,0.599397,0.101961,-1.043153,-0.629416,1.191066,-0.140203,-0.013395,0.635102,375.00,0.052652,14.8861,0.2410
1467,0.000097,0.218942,1144.01,1020.38,2578.12,0.582540,0.211765,-1.118465,-0.402837,1.146556,-0.369678,0.154638,0.589786,375.00,0.057417,14.8554,0.2436
1472,0.000077,0.197073,1133.64,1018.03,2578.12,0.587123,0.203922,-1.293508,-0.169324,1.094342,-0.388689,0.238616,0.518564,375.00,0.055284,13.0622,0.2479
1477,0.000079,0.182090,1139.64,1016.10,2625.00,0.591379,0.164706,-1.822345,0.165707,1.146421,-0.201372,0.164873,0.546718,375.00,0.047633,12.0806,0.2343
1483,0.000100,0.143059,1099.09,1030.00,2625.00,0.533899,0.149020,-2.061984,0.047949,1.280187,0.106291,0.079454,0.548102,375.00,0.043564,12.6793,0.2107
1488,0.000088,0.227164,1032.77,983.64,2484.38,0.518079,0.172549,-1.104182,-0.370147,1.197757,-0.122866,-0.029258,0.428695,375.00,0.049501,14.2494,0.2815
1493,0.000081,0.232532,1027.46,959.02,2343.75,0.540756,0.211765,-1.157757,-0.164901,1.071516,-0.132281,0.077740,0.305682,375.00,0.049702,12.3977,0.2988
1499,0.000100,0.120122,1108.79,996.68,2625.00,0.560360,0.086275,-1.348383,-0.737021,1.131389,0.237374,0.187652,0.528991,375.00,0.047507,13.4869,0.1977
1504,0.000080,0.215094,1040.85,981.31,2437.50,0.570662,0.227451,-1.180910,-0.219764,1.099047,-0.000201,-0.072406,0.374234,375.00,0.045536,12.0216,0.2992
1509,0.000091,0.201843,907.64,908.78,2062.50,0.496778,0.137255,-1.006764,0.133657,0.995407,0.118245,-0.204946,-0.035599,328.12,0.045350,11.3987,0.4216
1515,0.000096,0.191832,1092.73,994.30,2437.50,0.539882,0.164706,-1.360091,-0.347437,1.084511,0.204176,-0.056051,0.474892,375.00,0.046758,12.8275,0.2567
1520,0.000094,0.256742,1127.84,1017.55,2578.12,0.579196,0.109804,-1.396277,-0.209816,1.074946,0.082547,-0.130489,0.579092,328.12,0.050740,12.9918,0.2636
1525,0.000083,0.176119,1143.59,1056.27,2671.88,0.552954,0.180392,-1.991210,0.101226,1.274519,0.046129,-0.177108,0.746445,328.12,0.059976,15.9191,0.2262
1531,0.000103,0.179648,1058.30,1001.58,2484.38,0.550288,0.090196,-1.310096,0.060470,1.100939,-0.099541,-0.104914,0.353142,328.12,0.057409,15.6273,0.3211
1536,0.000082,0.279581,1091.98,1020.55,2437.50,0.627836,0.231373,-0.873021,-0.030548,0.833502,-0.034647,-0.185876,0.290589,328.12,0.055602,12.0568,0.3766
1541,0.000092,0.132802,1043.61,1001.32,2437.50,0.577136,0.149020,-1.098868,0.040704,0.971070,0.052127,-0.260633,0.295600,328.12,0.047524,10.8171,0.3667
1547,0.000077,0.159834,1170.20,1087.55,2625.00,0.599621,0.180392,-1.052629,0.084330,0.977856,-0.394235,-0.172056,0.556736,375.00,0.044982,11.5783,0.3370
1552,0.000097,0.152537,1160.57,1070.06,2625.00,0.591412,0.129412,-1.328378,-0.032475,1.121508,-0.444914,0.102426,0.581835,328.12,0.046415,12.5651,0.2645
1557,0.000086,0.232780,1018.93,980.56,2343.75,0.544322,0.172549,-0.927431,-0.075254,0.974029,-0.039082,-0.048575,0.116312,328.12,0.051092,13.2498,0.3693
1563,0.000085,0.231719,939.58,970.06,2296.88,0.530623,0.184314,-0.722619,0.203216,0.945613,-0.146369,-0.203611,-0.076229,328.12,0.050755,11.8668,0.4701
1568,0.000077,0.197918,1077.67,1059.90,2671.88,0.525521,0.188235,-1.175785,-0.097797,1.216056,-0.337617,-0.024450,0.419594,375.00,0.043145,12.0849,0.3027
1573,0.000087,0.186460,1280.85,1096.86,2812.50,0.625623,0.172549,-1.896051,-0.704325,1.301772,0.192863,0.149981,0.955758,375.00,0.047662,14.2976,0.1355
1579,0.000088,0.111094,1130.17,1033.17,2578.12,0.560484,0.254902,-1.582190,-0.619467,1.297573,0.242335,-0.074897,0.736646,375.00,0.049055,15.6078,0.1928
1584,0.000069,0.215840,1163.04,1108.13,2718.75,0.544665,0.274510,-1.219203,-0.359568,1.226432,-0.038452,-0.269265,0.660056,375.00,0.049218,13.7730,0.2719
1589,0.000089,0.185919,1211.17,1104.74,2765.62,0.598323,0.149020,-1.060110,-0.039916,1.014620,-0.157516,-0.390180,0.633103,375.00,0.039981,11.9357,0.3382
1595,0.000078,0.311571,1066.95,1008.77,2484.38,0.542877,0.152941,-1.334719,0.193878,1.001667,-0.057968,-0.185816,0.382958,328.12,0.038330,10.5818,0.3387
1600,0.000081,0.240271,1065.48,968.14,2437.50,0.598815,0.215686,-1.429310,-0.184749,1.080182,0.003834,0.202278,0.327765,375.00,0.042547,11.3888,0.2550
1605,0.000083,0.175638,1172.15,1039.10,2578.12,0.607612,0.180392,-1.132386,-0.638645,1.115525,0.005040,0.026904,0.623560,375.00,0.043535,12.6680,0.2296
1611,0.000081,0.258111,1177.09,1019.84,2531.25,0.642105,0.188235,-1.105003,-0.644226,0.886236,0.347419,0.027521,0.488053,375.00,0.038691,10.6320,0.2437
1616,0.000091,0.206368,1055.21,963.15,2343.75,0.584108,0.196078,-1.196935,-0.839270,1.181413,0.393035,0.062616,0.399141,375.00,0.044806,12.2891,0.2229
1621,0.000090,0.254095,1050.65,1011.42,2531.25,0.606483,0.141176,-0.714582,-0.272657,0.908159,0.133627,-0.280747,0.226199,375.00,0.044462,11.1734,0.3855
1627,0.000088,0.220674,1078.58,1045.47,2484.38,0.589907,0.125490,-0.388895,0.020927,0.721239,-0.386820,-0.293147,0.326696,375.00,0.046121,10.5473,0.4500
1632,0.000086,0.136220,1063.71,1017.66,2437.50,0.578826,0.164706,-0.538139,-0.199655,0.828041,-0.241839,-0.131823,0.283415,375.00,0.051419,12.3183,0.3906
1637,0.000093,0.179910,1150.20,1012.10,2531.25,0.617676,0.133333,-1.135777,-0.254779,0.969479,-0.211545,0.112930,0.519692,375.00,0.051122,12.9648,0.2667
1643,0.000090,0.184450,1043.06,991.19,2484.38,0.564976,0.196078,-1.084577,-0.065241,0.998683,-0.159415,0.004658,0.305892,375.00,0.046816,11.6548,0.3252
1648,0.000095,0.259355,1018.59,1020.70,2484.38,0.572943,0.137255,-1.062640,0.188946,1.017601,-0.228718,-0.149391,0.234203,328.12,0.053596,13.5288,0.3824
1653,0.000091,0.168868,1051.37,1009.04,2484.38,0.569721,0.180392,-0.703831,-0.181040,0.952484,-0.365983,0.007715,0.290654,328.12,0.055143,14.0424,0.3563
1659,0.000079,0.147789,999.88,935.95,2203.12,0.553581,0.184314,-1.072068,-0.308112,1.175370,-0.244295,0.188630,0.260476,328.12,0.048919,13.3658,0.2861
1664,0.000083,0.140765,1038.95,964.66,2296.88,0.554288,0.176471,-1.097605,-0.533812,1.206149,-0.091295,0.222185,0.294376,375.00,0.047713,15.2711,0.2546
1669,0.000082,0.152567,1040.66,990.27,2484.38,0.532448,0.149020,-1.393987,-0.441136,1.246743,0.062232,0.201944,0.324203,375.00,0.047191,14.4509,0.2349
1675,0.000069,0.244528,1118.51,1035.48,2671.88,0.566838,0.258824,-1.525687,-0.193713,1.084117,0.056331,0.178311,0.400640,375.00,0.043979,12.1012,0.2406
1680,0.000094,0.128034,1228.51,1074.20,2718.75,0.615019,0.156863,-1.736374,-0.463121,1.204329,-0.023191,0.232784,0.785573,375.00,0.044143,13.5256,0.1667
1685,0.000087,0.198919,1165.95,1094.22,2765.62,0.564863,0.121569,-1.227857,-0.255706,1.228457,-0.086731,-0.336555,0.678391,375.00,0.047130,13.9050,0.2864
1691,0.000079,0.246937,1091.50,1060.46,2625.00,0.573252,0.235294,-0.901606,-0.075424,1.026856,-0.081600,-0.429785,0.461559,375.00,0.046351,11.8487,0.3765
1696,0.000091,0.180675,1056.05,992.21,2437.50,0.580314,0.121569,-1.109929,-0.084106,1.017034,0.030924,-0.183216,0.329293,375.00,0.046471,11.5287,0.3385
1701,0.000087,0.154577,1129.80,1038.33,2578.12,0.586262,0.137255,-1.261347,-0.126906,1.065709,-0.045571,-0.108201,0.476314,375.00,0.047991,12.2170,0.2936
1707,0.000095,0.163863,1100.76,1027.96,2625.00,0.568994,0.137255,-1.345854,-0.428173,1.199651,0.001408,0.080757,0.492212,375.00,0.051337,14.0423,0.2362
1712,0.000084,0.222498,967.20,964.85,2296.88,0.500761,0.172549,-1.333559,-0.136053,1.222995,0.313036,-0.293331,0.226912,375.00,0.049351,12.5655,0.3315
1717,0.000083,0.281392,961.74,964.33,2296.88,0.556535,0.149020,-0.965092,0.158165,0.915394,0.227580,-0.395539,0.059490,328.12,0.044606,9.8385,0.4414
1723,0.000079,0.182431,1121.00,1057.31,2718.75,0.595794,0.196078,-0.948877,-0.311657,1.027075,-0.050001,-0.186551,0.470010,375.00,0.044833,11.8339,0.3160
1728,0.000082,0.153364,1147.03,1017.82,2578.12,0.633304,0.133333,-1.661640,-0.343268,1.161820,0.118479,0.169255,0.555355,375.00,0.047277,12.5273,0.2035
1733,0.000094,0.139143,1069.23,953.75,2390.62,0.583654,0.164706,-1.680543,-0.105989,1.109398,0.233798,0.067660,0.375675,375.00,0.045498,12.3928,0.2470
1739,0.000090,0.198071,1067.68,1025.31,2578.12,0.543332,0.184314,-1.288653,-0.149519,1.278163,-0.150927,-0.211862,0.522799,375.00,0.046540,13.7495,0.2943
1744,0.000095,0.229335,1093.84,1066.21,2578.12,0.568791,0.160784,-1.421769,0.006286,1.231469,-0.103907,-0.260784,0.548706,328.12,0.049695,12.3994,0.2991
1749,0.000078,0.191737,1148.22,1065.82,2625.00,0.612246,0.188235,-1.346046,-0.095175,1.095884,-0.009282,-0.221054,0.575671,328.12,0.047894,11.4550,0.2895
1755,0.000091,0.140322,1032.62,973.17,2437.50,0.578450,0.172549,-1.406152,0.095010,1.050265,0.073154,-0.074881,0.262605,328.12,0.042393,10.6426,0.3209
1760,0.000082,0.202526,1122.39,1025.57,2531.25,0.635803,0.203922,-1.507187,-0.199992,1.167682,-0.063861,0.095727,0.507630,375.00,0.046195,12.3208,0.2395
1765,0.000100,0.172604,1114.13,1022.56,2437.50,0.584933,0.141176,-1.078772,-0.161347,1.078594,-0.411095,0.088760,0.483860,375.00,0.049091,13.1688,0.2877
1771,0.000079,0.189083,1052.28,982.81,2390.62,0.570564,0.184314,-0.888301,-0.170343,1.029535,-0.353745,0.130844,0.252012,375.00,0.051645,12.7814,0.3272
1776,0.000095,0.182764,1075.16,971.95,2484.38,0.579429,0.149020,-0.802075,-0.309937,0.954128,-0.349848,0.210351,0.297381,375.00,0.051550,13.2068,0.3079
1781,0.000095,0.141413,1020.27,942.54,2250.00,0.570744,0.113725,-1.012139,-0.405475,1.099679,-0.048914,0.147470,0.219379,375.00,0.051645,13.1960,0.2906
1787,0.000071,0.223547,1038.05,1011.08,2390.62,0.546498,0.262745,-1.244947,-0.247270,1.213811,-0.074898,0.058473,0.294832,375.00,0.048403,12.6226,0.2844
1792,0.000059,0.166145,1100.15,1054.69,2578.12,0.579188,0.243137,-1.162581,-0.181746,1.142406,-0.092182,-0.193625,0.487730,328.12,0.040025,11.0760,0.3059
1797,0.000092,0.209897,1231.29,1082.77,2812.50,0.607453,0.149020,-1.700112,-0.448842,1.086796,0.473622,-0.057704,0.646237,421.88,0.026445,9.7483,0.2028
1803,0.000091,0.336885,1067.54,1005.57,2578.12,0.524270,0.133333,-1.564492,-0.199209,1.253737,0.049917,0.018971,0.441076,375.00,0.034978,11.1642,0.2475
1808,0.000100,0.373432,937.23,924.38,2250.00,0.553762,0.125490,-1.121410,0.293009,1.054445,-0.157394,-0.111178,0.042529,328.12,0.047266,10.9108,0.4062
1813,0.000084,0.244653,974.76,890.52,2109.38,0.600470,0.156863,-1.426502,0.253462,0.918779,0.182021,0.031525,0.040717,281.25,0.048033,10.2077,0.3492
1819,0.000079,0.221713,1023.94,955.69,2296.88,0.550885,0.211765,-1.752743,0.001896,1.229933,0.129875,0.010739,0.380300,375.00,0.043746,10.0767,0.2552
1824,0.000088,0.112430,1166.95,1068.57,2718.75,0.593610,0.149020,-1.329188,-0.250580,1.137485,0.045060,-0.219793,0.617016,375.00,0.045805,12.3318,0.2712
1829,0.000084,0.171451,1188.27,1081.13,2718.75,0.587806,0.282353,-1.231738,-0.153081,1.082657,-0.217288,-0.153897,0.673347,328.12,0.042691,12.8098,0.2785
1835,0.000080,0.219259,1032.83,1030.26,2578.12,0.546131,0.200000,-1.559171,0.132484,1.255369,-0.024200,-0.229976,0.425494,375.00,0.046163,12.8152,0.3077
1840,0.000063,0.127195,1026.71,1004.08,2484.38,0.553551,0.282353,-1.383918,0.049113,1.112992,0.060985,-0.136344,0.297173,375.00,0.044370,12.5712,0.3213
1845,0.000083,0.235321,1210.11,1034.17,2671.88,0.651052,0.172549,-1.271607,-0.330943,0.918872,0.110557,0.106439,0.466680,375.00,0.034301,9.9084,0.2520
1851,0.000101,0.210601,1296.11,1067.89,2765.62,0.609562,0.152941,-1.651176,-0.754397,1.112796,0.000062,0.555753,0.736961,375.00,0.039700,12.1044,0.1360
1856,0.000089,0.260450,1132.97,1038.32,2531.25,0.539296,0.188235,-1.782582,-0.297740,1.414025,-0.362115,0.315831,0.712583,375.00,0.052721,14.5320,0.1745
1861,0.000087,0.191603,1066.71,999.58,2390.62,0.534468,0.180392,-1.699907,0.018669,1.297061,-0.234209,0.021727,0.596660,375.00,0.049542,13.3475,0.2405
1867,0.000099,0.146159,1162.97,1023.33,2531.25,0.617279,0.113725,-1.524125,-0.429467,1.120878,0.042251,0.135442,0.655020,328.12,0.046686,13.3195,0.2023
1872,0.000100,0.200051,1010.02,983.19,2390.62,0.534535,0.133333,-1.273455,0.048511,1.168853,-0.265770,0.025071,0.296790,328.12,0.056707,15.4606,0.3157
1877,0.000091,0.199584,934.05,969.21,2203.12,0.502988,0.125490,-1.322739,0.377694,1.198284,-0.212248,-0.199246,0.158256,328.12,0.060408,15.2173,0.3889
1883,0.000093,0.234108,1021.62,980.61,2437.50,0.571330,0.176471,-1.232744,-0.109716,1.207667,-0.131579,-0.074867,0.341238,375.00,0.049676,12.4847,0.3091
1888,0.000092,0.155936,1110.03,1046.56,2531.25,0.578859,0.184314,-1.331878,-0.076577,1.132017,-0.125685,-0.085244,0.487368,328.12,0.048262,12.3676,0.2880
1893,0.000101,0.111391,1046.72,1001.91,2437.50,0.523832,0.164706,-1.391359,-0.144955,1.164417,0.067022,-0.087538,0.392412,328.12,0.053507,14.4776,0.2848
1899,0.000086,0.120286,967.89,975.23,2296.88,0.492086,0.156863,-1.028181,-0.067889,1.172960,-0.126028,-0.130108,0.179245,328.12,0.054669,15.6330,0.3606
1904,0.000091,0.223585,994.38,981.12,2296.88,0.526666,0.117647,-1.030176,-0.127076,1.236744,-0.253235,-0.228475,0.402217,375.00,0.053698,14.1952,0.3395
1909,0.000085,0.165613,1057.74,994.24,2484.38,0.556652,0.184314,-0.872772,-0.512764,1.088490,-0.068562,-0.054415,0.420022,375.00,0.052854,14.2485,0.2941
1915,0.000086,0.237748,1051.81,996.35,2437.50,0.580633,0.203922,-1.627325,-0.090937,1.170068,0.069962,0.109679,0.368551,328.12,0.048708,12.7142,0.2501
1920,0.000082,0.157941,1115.02,998.19,2390.62,0.621842,0.156863,-1.489183,-0.228517,0.981569,0.170152,0.167834,0.398145,328.12,0.047852,12.3612,0.2420
1925,0.000086,0.246271,1139.90,1031.42,2671.88,0.564601,0.172549,-1.413881,-0.432170,1.102283,0.347408,-0.099614,0.495976,375.00,0.044042,11.3845,0.2458
1931,0.000091,0.159129,1224.68,1072.91,2718.75,0.583045,0.184314,-1.548038,-0.569275,1.242269,0.213207,-0.143387,0.805224,375.00,0.042539,12.3617,0.1995
1936,0.000078,0.255263,1072.35,1028.58,2578.12,0.566652,0.243137,-1.516305,-0.270442,1.305930,0.108478,-0.177669,0.550008,375.00,0.049007,12.8623,0.2536
1941,0.000086,0.201688,1160.32,1057.03,2578.12,0.609960,0.141176,-1.538794,-0.401600,1.081893,0.493061,-0.200843,0.566284,375.00,0.038806,10.8494,0.2400
1947,0.000095,0.207637,1106.72,1026.30,2578.12,0.586468,0.164706,-1.919886,-0.147194,1.264985,0.148922,0.067041,0.586131,375.00,0.041444,11.5569,0.2042
1952,0.000095,0.187917,1127.12,1026.53,2531.25,0.607186,0.141176,-1.663854,-0.389830,1.227975,0.111830,0.116070,0.597809,328.12,0.051962,13.8910,0.2004
1957,0.000089,0.146985,1155.53,1001.96,2390.62,0.565035,0.211765,-2.021730,-0.461651,1.256202,0.215856,0.345165,0.666158,328.12,0.052858,13.5104,0.1484
1963,0.000092,0.191231,1112.43,1026.65,2437.50,0.577892,0.133333,-0.970989,-0.128044,1.040102,-0.370590,-0.054854,0.484376,328.12,0.051406,13.1781,0.3177
1968,0.000074,0.203374,1077.04,1028.12,2531.25,0.596174,0.215686,-0.970554,-0.176031,1.043403,-0.102809,-0.117462,0.323452,375.00,0.045905,11.1006,0.3371
1973,0.000080,0.190502,1096.41,993.37,2437.50,0.621570,0.243137,-1.117345,-0.535635,1.022203,0.162303,0.169331,0.299143,375.00,0.046505,12.4387,0.2572
1979,0.000094,0.174236,1103.70,987.43,2390.62,0.640412,0.133333,-1.111151,-0.139109,0.893450,0.038458,0.019928,0.298425,375.00,0.042718,11.6710,0.3134
1984,0.000096,0.209009,1153.44,1004.84,2484.38,0.623238,0.168627,-1.200726,-0.762489,1.122703,0.114102,0.131784,0.594628,375.00,0.048940,13.0584,0.2067
1989,0.000083,0.272745,1033.21,1008.87,2484.38,0.551018,0.176471,-1.223266,0.061838,1.138288,-0.147352,-0.188878,0.359368,328.12,0.044995,10.4520,0.3394
1995,0.000085,0.269959,1002.51,992.81,2437.50,0.608477,0.192157,-1.106409,0.286010,0.869795,0.125486,-0.269806,0.094923,328.12,0.042287,8.3290,0.4200
2000,0.000078,0.135186,1046.34,988.07,2484.38,0.579035,0.227451,-1.409500,-0.018730,1.086216,0.098666,-0.017162,0.260509,375.00,0.038561,9.4346,0.3024
2005,0.000098,0.115246,1115.00,1055.58,2531.25,0.581292,0.133333,-1.189774,-0.017066,1.099253,-0.309085,0.018538,0.398134,328.12,0.038727,11.4366,0.3075
2011,0.000099,0.238087,1029.87,1014.80,2437.50,0.515508,0.145098,-1.251922,0.072471,1.164347,-0.186931,-0.110071,0.312109,328.12,0.046017,12.3735,0.3339
2016,0.000081,0.280598,938.35,932.00,2203.12,0.528692,0.149020,-1.348050,0.376791,1.055601,0.111991,-0.297222,0.100890,328.12,0.053717,12.6444,0.4043
2021,0.000081,0.204663,879.64,874.74,1968.75,0.521945,0.188235,-1.135445,0.073410,1.140486,0.079271,-0.096453,-0.061267,375.00,0.042893,10.6030,0.3888
2027,0.000090,0.104814,987.12,961.66,2296.88,0.530359,0.133333,-1.039303,-0.096978,1.135580,-0.257712,0.018916,0.239495,375.00,0.046707,13.8429,0.3324
2032,0.000080,0.255554,1100.46,990.72,2531.25,0.555218,0.196078,-2.002870,-0.034899,1.107914,0.224468,0.223947,0.481440,328.12,0.041693,11.1788,0.2024
2037,0.000082,0.230617,1232.66,1104.59,2718.75,0.545689,0.149020,-1.387421,-0.107842,1.132510,-0.312116,-0.037792,0.712660,375.00,0.044058,11.5139,0.2525
2043,0.000084,0.164770,1235.30,1086.43,2718.75,0.625191,0.196078,-1.299895,-0.301192,1.041302,-0.162180,-0.023924,0.745889,375.00,0.045243,12.1155,0.2384
2048,0.000087,0.204600,1198.18,1105.08,2812.50,0.636508,0.149020,-0.976732,-0.119834,0.952893,-0.365523,-0.072053,0.581249,375.00,0.047063,11.5245,0.3094
2053,0.000073,0.150721,1147.31,1093.59,2718.75,0.590154,0.172549,-0.808794,-0.131298,0.992783,-0.348737,-0.191125,0.487170,375.00,0.049585,12.5398,0.3502
2059,0.000098,0.173556,1144.57,1079.49,2671.88,0.596002,0.133333,-1.201345,-0.107484,1.076573,-0.065597,-0.236769,0.534621,375.00,0.041318,11.7395,0.3093
2064,0.000082,0.192317,1154.94,1057.42,2625.00,0.568130,0.262745,-1.781370,-0.170938,1.266262,0.135659,-0.089017,0.639404,375.00,0.042858,11.4382,0.2225
2069,0.000078,0.247873,1031.04,993.34,2390.62,0.581546,0.223529,-1.910501,0.069155,1.262805,0.146037,0.012032,0.420470,328.12,0.045525,11.5732,0.2429
2075,0.000087,0.137678,1160.94,1025.80,2625.00,0.623324,0.145098,-1.685967,-0.220816,1.031107,0.086601,0.147644,0.641430,328.12,0.043455,12.6994,0.2062
2080,0.000101,0.151742,1061.46,975.10,2437.50,0.581428,0.125490,-1.443046,-0.218483,1.100777,0.091359,0.087335,0.382059,328.12,0.046042,13.7665,0.2563
2085,0.000095,0.289539,982.88,934.60,2296.88,0.545861,0.172549,-1.950939,0.221274,1.175847,0.324978,-0.067710,0.296550,328.12,0.052071,12.1301,0.2730
2091,0.000091,0.229819,979.67,970.59,2437.50,0.522524,0.141176,-1.578624,0.182932,1.307827,-0.032703,-0.235427,0.355995,375.00,0.051884,12.3319,0.3191
2096,0.000088,0.123658,983.32,964.87,2343.75,0.521721,0.164706,-1.008479,-0.048924,1.193910,-0.346307,-0.002018,0.211818,375.00,0.053706,13.9387,0.3467
2101,0.000087,0.242236,1123.53,1082.30,2625.00,0.536854,0.192157,-0.771809,-0.048966,0.991057,-0.466856,-0.115909,0.412483,328.12,0.047658,12.7752,0.3639
2107,0.000077,0.172183,1189.77,1090.10,2812.50,0.541240,0.172549,-0.847817,-0.445274,1.097472,-0.598705,0.219229,0.575095,375.00,0.044605,12.6888,0.2604
2112,0.000058,0.168911,1159.98,1023.34,2625.00,0.556561,0.341176,-1.647392,-0.514699,1.262743,-0.081882,0.348670,0.632563,375.00,0.045585,13.3338,0.1720
2117,0.000072,0.244459,1248.34,1036.16,2671.88,0.617287,0.219608,-2.111784,-0.473071,1.198316,0.240391,0.340601,0.805547,421.88,0.030953,9.2016,0.1341
2123,0.000088,0.137681,1275.59,1031.31,2718.75,0.691408,0.109804,-1.760980,-0.568464,0.965690,0.256185,0.433554,0.674016,421.88,0.028925,8.5347,0.1521
2128,0.000092,0.297508,1159.27,1046.27,2625.00,0.611295,0.137255,-1.070501,-0.191030,0.987335,-0.366057,0.158204,0.482049,375.00,0.043386,11.6574,0.2787
2133,0.000091,0.210585,1135.00,1019.78,2531.25,0.659567,0.145098,-1.080504,-0.262250,0.995025,-0.166257,0.097562,0.416425,328.12,0.045377,11.2092,0.2833
2139,0.000080,0.251786,956.25,946.40,2343.75,0.561803,0.180392,-0.915964,0.171093,0.944781,-0.019707,-0.180497,0.000296,328.12,0.048737,11.2798,0.4299
2144,0.000080,0.185194,943.79,963.82,2296.88,0.501107,0.196078,-0.981307,0.022391,1.155190,-0.113889,-0.096545,0.014161,375.00,0.038480,9.9325,0.3922
2149,0.000083,0.216116,1044.54,980.19,2390.62,0.614758,0.258824,-1.243143,0.019451,0.882226,0.178567,-0.031578,0.194474,421.88,0.036558,10.0424,0.3333
2155,0.000090,0.212217,1061.15,963.50,2390.62,0.593046,0.121569,-1.710085,-0.026858,1.033291,0.438166,-0.033126,0.298612,421.88,0.038164,9.3015,0.2687
2160,0.000080,0.245412,978.15,933.32,2250.00,0.516908,0.196078,-1.636572,-0.031848,1.301038,0.096884,-0.032091,0.302589,375.00,0.042480,10.9149,0.2750
2165,0.000091,0.150797,1028.05,980.82,2296.88,0.538801,0.164706,-1.437786,-0.148817,1.146632,0.198549,-0.022374,0.263796,328.12,0.045932,12.5177,0.2862
2171,0.000079,0.240287,1082.01,1011.91,2531.25,0.559561,0.180392,-1.630135,-0.226734,1.265254,0.076983,-0.003371,0.518003,375.00,0.041210,10.9817,0.2340
2176,0.000085,0.244121,1051.96,981.32,2484.38,0.568052,0.164706,-1.639496,-0.092131,1.113606,0.401627,-0.196044,0.412438,328.12,0.046244,11.8944,0.2741
2181,0.000080,0.143236,1153.71,1051.00,2531.25,0.515103,0.188235,-1.644708,-0.382511,1.273020,0.113911,-0.124535,0.764824,328.12,0.045316,13.5173,0.2085
2187,0.000100,0.248008,1210.49,1060.47,2578.12,0.604111,0.164706,-1.531449,-0.421943,1.230924,-0.208999,0.164135,0.767333,375.00,0.047523,13.2185,0.1912
2192,0.000099,0.233229,1054.66,974.48,2343.75,0.576766,0.105882,-1.766675,-0.152557,1.245355,0.091635,0.272117,0.310123,375.00,0.052256,13.3383,0.2226
2197,0.000088,0.227205,992.68,961.63,2250.00,0.529251,0.149020,-1.136105,-0.108287,1.161817,-0.150359,-0.004968,0.237901,375.00,0.050932,12.4021,0.3233
2203,0.000073,0.244023,1035.28,955.94,2203.12,0.577202,0.219608,-0.800452,-0.123134,0.774647,0.015162,-0.015362,0.149138,328.12,0.051752,11.7182,0.3708
2208,0.000082,0.139275,1175.02,1063.55,2671.88,0.646755,0.203922,-1.350526,-0.021591,0.965951,-0.230686,0.102273,0.534580,328.12,0.044152,11.7476,0.2681
2213,0.000072,0.141499,1178.76,1110.20,2812.50,0.608655,0.243137,-1.132207,-0.021693,0.877748,-0.041767,-0.177716,0.495634,375.00,0.037488,10.3054,0.3239
2219,0.000095,0.168996,1175.71,1075.38,2765.62,0.615247,0.125490,-1.187832,-0.102363,0.988021,-0.057745,-0.192944,0.552865,375.00,0.041386,12.3334,0.3047
2224,0.000092,0.214630,1269.81,1100.87,2765.62,0.579465,0.133333,-1.433037,-0.394080,1.314962,-0.472850,0.033823,0.951182,375.00,0.048516,14.1113,0.1969
2229,0.000083,0.176559,1187.46,1084.92,2718.75,0.546706,0.141176,-1.476851,-0.427690,1.366156,-0.381895,0.117742,0.802539,375.00,0.050893,14.4419,0.1959
2235,0.000099,0.168797,1102.16,1045.44,2671.88,0.588549,0.172549,-1.038248,-0.190744,1.152065,-0.364084,-0.037889,0.478899,375.00,0.049350,13.6719,0.3026
2240,0.000103,0.231854,1100.50,1048.06,2625.00,0.536260,0.141176,-1.487858,0.121397,1.272151,-0.378541,-0.046102,0.518953,375.00,0.052016,13.7704,0.2850
2245,0.000094,0.290094,1049.64,1038.20,2484.38,0.514937,0.160784,-0.854475,0.167809,1.100919,-0.472542,-0.377761,0.436050,328.12,0.053360,12.1965,0.4079
2251,0.000094,0.125271,970.37,987.00,2343.75,0.524244,0.117647,-0.649668,0.142087,1.064182,-0.464505,-0.355772,0.263675,328.12,0.058841,14.7726,0.4483
2256,0.000086,0.206507,1035.34,1050.71,2531.25,0.539350,0.160784,-1.330354,0.453480,1.189740,-0.349076,-0.396498,0.432708,328.12,0.052814,13.7805,0.3878
2261,0.000082,0.240516,1085.76,1075.48,2531.25,0.497471,0.188235,-1.558382,0.076533,1.325651,-0.157826,-0.230724,0.544749,328.12,0.050436,12.8576,0.2895
2267,0.000084,0.153603,1034.18,1023.66,2437.50,0.569979,0.227451,-1.316696,0.239148,1.080561,-0.133875,-0.105740,0.236603,328.12,0.046899,12.3069,0.3534
2272,0.000080,0.178531,1066.43,1006.65,2437.50,0.577912,0.156863,-1.166713,-0.133708,1.051749,-0.063570,-0.059484,0.371727,328.12,0.044041,12.7674,0.3087
2277,0.000083,0.244134,1152.52,1062.48,2531.25,0.605434,0.141176,-0.641947,-0.400806,0.982801,-0.305926,-0.208442,0.574318,375.00,0.043512,12.0108,0.3309
2283,0.000091,0.203857,1165.88,1059.28,2625.00,0.669321,0.125490,-1.057164,-0.216096,0.939883,-0.147538,-0.005741,0.486657,328.12,0.041581,11.1086,0.2938
2288,0.000091,0.130089,1075.64,1036.13,2578.12,0.552714,0.160784,-1.286561,-0.206237,1.203628,-0.050648,-0.059891,0.399711,328.12,0.048082,13.1366,0.2857
2293,0.000087,0.231160,1027.57,1043.46,2531.25,0.544592,0.160784,-0.693159,-0.080525,1.003051,-0.006771,-0.489528,0.266932,328.12,0.050767,12.6512,0.4315
2299,0.000092,0.182520,1039.83,1038.84,2578.12,0.600686,0.137255,-0.490009,0.086828,0.756339,-0.148202,-0.415376,0.210420,328.12,0.050701,11.7368,0.4752
2304,0.000089,0.198909,1108.61,1059.96,2625.00,0.561514,0.133333,-0.868009,-0.096604,1.121089,-0.487462,-0.222125,0.553111,375.00,0.044553,11.4633,0.3435
2309,0.000081,0.199595,1171.74,1080.56,2625.00,0.598613,0.156863,-1.245211,-0.183212,1.163977,-0.396575,0.088548,0.572474,375.00,0.052019,13.4793,0.2602
2315,0.000097,0.116581,1141.07,1041.70,2578.12,0.598818,0.145098,-1.560873,-0.241188,1.195909,-0.001350,0.067529,0.539971,375.00,0.050403,13.5358,0.2306
2320,0.000105,0.213846,1042.35,1010.29,2484.38,0.541177,0.121569,-1.640439,0.010323,1.246888,0.080035,-0.136314,0.439508,328.12,0.044102,11.4399,0.2755
2325,0.000079,0.263543,892.43,933.81,2062.50,0.515980,0.203922,-1.139457,0.547963,1.103431,-0.279111,-0.183390,-0.049438,328.12,0.056468,14.1314,0.4553
2331,0.000091,0.196550,974.38,989.30,2296.88,0.571706,0.172549,-0.933117,0.274148,1.016807,-0.261750,-0.140332,0.044245,328.12,0.050430,12.5844,0.4301
2336,0.000077,0.168914,1103.01,1040.18,2484.38,0.585922,0.207843,-0.972893,-0.094895,1.006404,-0.296705,0.013673,0.344417,375.00,0.046304,12.5475,0.3289
2341,0.000084,0.175521,1104.09,1006.98,2437.50,0.571019,0.196078,-0.828331,-0.228155,1.045683,-0.569398,0.164725,0.415477,375.00,0.048074,13.3110,0.3061
2347,0.000088,0.184162,1147.43,1031.93,2578.12,0.616769,0.160784,-0.922836,-0.225257,0.925067,-0.200177,-0.064956,0.488157,375.00,0.045761,12.8984,0.3131
2352,0.000088,0.188584,1094.66,1025.84,2531.25,0.559852,0.172549,-1.188522,-0.193772,1.038417,-0.020471,-0.128200,0.492547,375.00,0.045529,12.4685,0.2946
2357,0.000082,0.167323,989.52,976.02,2296.88,0.531862,0.247059,-0.875181,-0.196366,1.051783,-0.091366,-0.182325,0.293455,328.12,0.045850,12.6076,0.3563
2363,0.000086,0.249685,1006.40,1006.51,2484.38,0.562471,0.211765,-0.826251,0.029107,0.918710,-0.025208,-0.178246,0.081888,375.00,0.039206,9.8852,0.4133
2368,0.000079,0.175189,1116.11,1065.61,2765.62,0.579456,0.231373,-0.964875,0.028969,0.899821,-0.031215,-0.223923,0.291223,375.00,0.038384,9.8895,0.3772
2373,0.000091,0.268947,1070.67,1012.32,2578.12,0.606583,0.203922,-1.138308,0.035856,0.859994,0.198236,-0.246310,0.290531,328.12,0.040432,9.6902,0.3605
2379,0.000085,0.160311,1062.10,1017.69,2531.25,0.599122,0.164706,-0.867213,-0.002150,0.808964,-0.006380,-0.153000,0.219778,328.12,0.047010,11.1487,0.3851
2384,0.000094,0.213262,1142.01,1041.62,2531.25,0.618314,0.117647,-1.173832,-0.212906,0.979400,-0.056569,-0.037101,0.501009,375.00,0.046663,11.4562,0.2839
2389,0.000095,0.140783,1079.20,1013.23,2484.38,0.575139,0.168627,-1.268062,-0.066812,1.155429,-0.247295,-0.082142,0.508882,375.00,0.052595,13.4073,0.2930
2395,0.000101,0.187918,1107.73,1038.02,2625.00,0.549733,0.129412,-1.483982,-0.271242,1.257861,-0.099233,-0.003705,0.600302,328.12,0.053029,14.6940,0.2358
2400,0.000094,0.155344,1138.72,1069.35,2765.62,0.574703,0.188235,-1.170468,-0.355277,1.142239,-0.143487,-0.019664,0.546656,328.12,0.054232,14.1748,0.2638
2405,0.000090,0.235300,1018.93,1015.96,2484.38,0.544387,0.149020,-0.503070,-0.288667,0.966091,-0.264692,-0.196687,0.287024,375.00,0.054535,13.6076,0.3915
2411,0.000088,0.193438,992.51,978.76,2296.88,0.550298,0.145098,-0.665152,-0.122879,0.946647,-0.127488,-0.219995,0.188867,328.12,0.048986,11.9154,0.4065
2416,0.000081,0.177464,1061.00,968.82,2296.88,0.566109,0.211765,-1.408381,-0.239279,1.078588,0.196519,0.041175,0.331378,328.12,0.050112,13.0847,0.2670
2421,0.000100,0.252181,1045.57,970.43,2343.75,0.556472,0.145098,-1.689564,-0.266038,1.293877,0.181606,0.039637,0.440482,375.00,0.044299,12.1270,0.2283
2427,0.000088,0.163331,1024.41,977.96,2390.62,0.549148,0.172549,-1.567665,0.024902,1.243671,-0.007769,-0.101536,0.408396,375.00,0.048273,12.8762,0.2840
2432,0.000087,0.267334,975.93,920.60,2250.00,0.514522,0.164706,-1.876073,0.112655,1.215727,0.220305,0.043202,0.284183,328.12,0.047171,11.7978,0.2601
2437,0.000086,0.210600,1062.28,959.38,2343.75,0.568824,0.172549,-1.812756,-0.132130,1.241012,0.124211,0.148817,0.430848,375.00,0.047377,12.8851,0.2206
2443,0.000077,0.170502,995.08,933.64,2343.75,0.560081,0.117647,-1.413705,-0.216049,1.225959,0.115856,0.024396,0.263542,375.00,0.046181,12.8190,0.2771
2448,0.000084,0.148011,1096.60,1036.00,2578.12,0.573516,0.145098,-0.798198,-0.240179,1.024376,-0.168233,-0.259289,0.441523,375.00,0.044903,12.8806,0.3520
2453,0.000098,0.207461,1116.63,1023.91,2531.25,0.542328,0.125490,-0.878778,-0.305258,1.015519,-0.013270,-0.254238,0.436025,375.00,0.045703,13.2312,0.3356
2459,0.000089,0.262896,1023.62,961.28,2343.75,0.562594,0.149020,-1.046173,-0.404691,1.083464,0.268757,-0.209922,0.308563,375.00,0.051604,13.2436,0.3155
2464,0.000089,0.195748,1079.61,1028.61,2484.38,0.578908,0.141176,-0.818879,-0.310797,0.935026,0.048790,-0.234329,0.380187,375.00,0.051977,12.5005,0.3458
2469,0.000087,0.164894,1078.22,1022.88,2578.12,0.584456,0.141176,-1.059550,-0.138694,0.961927,0.000504,-0.036085,0.271897,375.00,0.047984,11.5727,0.3280
2475,0.000086,0.144107,1080.47,1055.11,2625.00,0.549804,0.121569,-0.825862,-0.201391,1.099595,-0.245873,-0.212054,0.385584,375.00,0.050458,13.4452,0.3543
2480,0.000089,0.167671,1054.43,1018.91,2390.62,0.570210,0.149020,-0.799285,-0.173476,1.014637,-0.202665,-0.104634,0.265422,375.00,0.045580,12.5797,0.3620
2485,0.000088,0.166764,1124.65,1063.24,2718.75,0.600898,0.156863,-0.918992,-0.316934,1.021215,-0.291033,0.108525,0.397218,328.12,0.046223,12.9214,0.2951
2491,0.000093,0.141751,1161.66,1080.93,2625.00,0.583180,0.149020,-1.000813,-0.250063,1.043931,-0.354072,0.028014,0.533004,328.12,0.051321,14.2952,0.2878
2496,0.000085,0.134522,1071.69,1024.36,2484.38,0.571419,0.105882,-0.846551,-0.192278,1.118696,-0.519811,0.018132,0.421813,328.12,0.048687,13.5836,0.3231
2501,0.000087,0.258986,1011.33,972.01,2390.62,0.532707,0.188235,-0.859588,-0.263050,1.094658,-0.087256,-0.179823,0.295059,375.00,0.043416,11.0653,0.3500
2507,0.000095,0.283658,1016.39,968.20,2343.75,0.605071,0.172549,-0.760295,0.083959,0.740052,-0.072340,-0.077122,0.085748,328.12,0.043899,9.4584,0.4152
2512,0.000079,0.111250,994.47,968.17,2343.75,0.578188,0.219608,-1.036534,-0.037525,0.972507,0.078001,-0.146312,0.169864,328.12,0.042406,10.5158,0.3661
2517,0.000083,0.207941,1007.11,976.19,2296.88,0.576289,0.219608,-1.268224,-0.138574,1.029006,0.287624,-0.064531,0.154699,375.00,0.042656,10.3786,0.3212
2523,0.000086,0.171689,1023.40,973.44,2437.50,0.568113,0.172549,-1.146202,-0.048190,0.846095,0.371891,-0.203693,0.180098,375.00,0.036160,8.8386,0.3577
2528,0.000091,0.199722,1075.05,972.35,2437.50,0.525863,0.184314,-1.078937,-0.530610,1.129906,0.017725,-0.042964,0.504880,375.00,0.044801,13.0641,0.2620
2533,0.000083,0.232857,1084.24,1004.28,2437.50,0.538975,0.164706,-1.880247,-0.133806,1.377645,-0.002427,0.054278,0.584556,375.00,0.050759,14.5575,0.2097
2539,0.000092,0.240500,1207.43,1099.83,2812.50,0.583960,0.149020,-1.546970,-0.072392,1.277301,-0.351128,-0.104760,0.797945,375.00,0.052076,13.1072,0.2393
2544,0.000083,0.128101,1115.17,1044.37,2578.12,0.578581,0.156863,-0.960559,-0.072994,1.127473,-0.534781,-0.090146,0.531007,375.00,0.043747,11.8447,0.3236
2549,0.000080,0.277347,998.11,962.69,2296.88,0.570009,0.164706,-1.112122,0.120838,1.000130,-0.073488,-0.070701,0.135344,328.12,0.044227,10.6072,0.3710
2555,0.000080,0.225119,1094.77,1005.22,2484.38,0.577961,0.215686,-1.559859,-0.124697,1.150073,0.194708,-0.135790,0.475566,375.00,0.040837,10.5794,0.2666
2560,0.000095,0.188296,1144.16,1021.81,2531.25,0.658239,0.152941,-1.560360,-0.158770,1.047408,0.200943,-0.053397,0.524175,375.00,0.038176,9.9031,0.2507
2565,0.000081,0.105790,1022.12,980.03,2343.75,0.552153,0.109804,-1.468943,-0.046084,1.223047,-0.108571,0.043809,0.356742,328.12,0.048049,13.7565,0.2773
2571,0.000093,0.255612,1180.79,1041.74,2625.00,0.597604,0.168627,-1.923120,-0.546916,1.370939,0.026171,0.278172,0.794755,375.00,0.048228,12.5981,0.1454
2576,0.000095,0.230623,1119.88,1038.88,2578.12,0.596959,0.117647,-1.545611,-0.026907,1.067771,0.096220,-0.090882,0.499410,328.12,0.048461,12.0707,0.2708
2581,0.000088,0.154700,1068.96,985.37,2343.75,0.580730,0.188235,-1.223695,-0.230057,1.112387,-0.168107,0.085568,0.423903,328.12,0.050820,13.1073,0.2726
2587,0.000081,0.152328,1034.93,991.65,2390.62,0.585961,0.266667,-1.053801,-0.237984,1.017990,0.123708,-0.154820,0.304909,328.12,0.047267,12.3361,0.3272
2592,0.000078,0.154734,1046.37,1006.81,2531.25,0.549836,0.180392,-1.220977,-0.466306,1.167219,0.221810,-0.067900,0.366155,375.00,0.046304,12.5860,0.2704
2597,0.000096,0.116400,1176.25,1029.75,2671.88,0.609359,0.145098,-1.260868,-0.793172,1.092926,0.128933,0.219450,0.612731,375.00,0.042162,13.1609,0.1911
2603,0.000066,0.232536,1132.14,1008.09,2531.25,0.556768,0.247059,-1.685866,-0.058316,1.269331,-0.495422,0.366382,0.603891,328.12,0.042446,12.3347,0.2047
2608,0.000074,0.233207,1113.22,1032.02,2578.12,0.533801,0.203922,-1.504457,0.057250,1.258788,-0.398489,0.055213,0.531694,375.00,0.040775,10.9011,0.2656
2613,0.000089,0.182993,1232.37,1050.42,2671.88,0.629192,0.145098,-1.558336,-0.209969,1.011768,-0.042165,0.196133,0.602569,375.00,0.032737,9.6800,0.2170
2619,0.000093,0.280260,1166.27,1035.11,2578.12,0.641983,0.192157,-1.035760,-0.471548,0.938980,0.032158,0.008903,0.527267,375.00,0.042111,11.5568,0.2647
2624,0.000098,0.303186,1011.59,985.20,2390.62,0.589231,0.196078,-0.918626,-0.077620,0.917159,0.172378,-0.223855,0.130563,328.12,0.047878,11.6276,0.3890
2629,0.000093,0.153122,1096.94,1050.95,2718.75,0.559648,0.152941,-1.233330,-0.074480,1.090982,-0.061389,-0.074176,0.352395,328.12,0.058066,15.3650,0.3115
2635,0.000086,0.169428,1074.55,1038.52,2578.12,0.580168,0.196078,-1.031719,0.125604,1.019346,-0.385109,-0.028776,0.300655,328.12,0.055463,14.0975,0.3569
2640,0.000090,0.294504,1123.98,1068.91,2578.12,0.640895,0.149020,-0.874093,0.309491,0.768202,-0.398752,-0.111041,0.306192,328.12,0.043756,9.7177,0.4062
2645,0.000090,0.174580,1006.61,1010.95,2484.38,0.554301,0.168627,-0.846003,0.083939,1.008426,-0.267404,-0.173962,0.195006,328.12,0.048678,11.8497,0.4033
2651,0.000103,0.143158,1008.14,1011.48,2343.75,0.517031,0.098039,-1.076578,0.051419,1.043851,-0.126520,-0.141624,0.249452,328.12,0.053700,14.2656,0.3620
2656,0.000092,0.232300,1065.71,1002.98,2390.62,0.560535,0.152941,-0.932812,-0.392686,1.105000,-0.226495,0.073023,0.373971,375.00,0.052023,13.1824,0.2919
2661,0.000077,0.164234,1113.87,1036.44,2578.12,0.585830,0.200000,-0.958195,-0.448161,1.115319,-0.311768,0.078097,0.524710,375.00,0.057976,14.6953,0.2680
2667,0.000081,0.142817,1058.86,1037.34,2578.12,0.544182,0.188235,-0.945947,-0.190914,1.078370,-0.159368,-0.168517,0.386375,375.00,0.051217,14.0707,0.3369
2672,0.000080,0.153734,1137.93,1058.28,2625.00,0.623102,0.164706,-0.747349,-0.275556,0.950022,-0.427732,-0.001894,0.502510,375.00,0.043754,12.8648,0.3183
2677,0.000091,0.223419,1011.97,982.98,2343.75,0.570534,0.164706,-0.721704,-0.015682,0.844950,-0.252024,-0.069910,0.214370,375.00,0.040322,11.1653,0.3915
2683,0.000088,0.148998,1018.51,1017.39,2484.38,0.530639,0.196078,-0.881849,0.033843,1.108285,-0.452480,-0.141092,0.333291,375.00,0.045819,13.4081,0.3728
2688,0.000087,0.163045,994.77,980.65,2296.88,0.544887,0.125490,-1.133235,-0.207367,1.221611,-0.187083,0.044332,0.261743,375.00,0.049341,14.6916,0.3051
2693,0.000100,0.180859,1054.07,1011.78,2484.38,0.555141,0.156863,-1.081890,-0.300296,1.215442,-0.302814,0.004305,0.465251,375.00,0.053005,15.6766,0.2838
2699,0.000101,0.219292,1033.73,1008.22,2437.50,0.568537,0.164706,-0.898763,-0.062126,1.032831,-0.200393,-0.214761,0.343212,375.00,0.052211,13.2498,0.3671
2704,0.000083,0.207502,1064.93,1012.48,2531.25,0.592623,0.227451,-1.021589,-0.006883,0.976041,-0.179990,-0.136965,0.369386,328.12,0.052085,11.6850,0.3474
2709,0.000073,0.203444,1081.95,1035.11,2625.00,0.597544,0.223529,-1.077101,0.053267,0.930382,-0.001100,-0.167231,0.261783,328.12,0.048108,10.7331,0.3637
2715,0.000098,0.175305,1064.51,985.59,2484.38,0.587629,0.082353,-1.418031,-0.119852,1.095321,0.017436,0.137600,0.287526,375.00,0.038039,10.6470,0.2726
2720,0.000094,0.209724,1031.31,1012.13,2484.38,0.510471,0.141176,-1.334122,-0.129023,1.246669,-0.121269,0.061805,0.275940,375.00,0.048730,13.1591,0.2890
2725,0.000095,0.197137,1019.78,1014.30,2484.38,0.529877,0.156863,-1.466161,-0.040771,1.290676,-0.079087,-0.039747,0.335089,375.00,0.052975,14.1851,0.2888
2731,0.000094,0.132837,997.34,970.12,2390.62,0.518224,0.196078,-1.270499,-0.262411,1.282180,-0.002305,-0.092163,0.345198,375.00,0.055824,15.6342,0.2905
2736,0.000094,0.218360,993.46,906.23,2203.12,0.549770,0.137255,-1.157609,-0.341563,1.133479,0.037495,0.067633,0.260566,375.00,0.055126,13.1504,0.2862
2741,0.000090,0.233257,976.41,948.45,2250.00,0.518064,0.164706,-1.142444,0.094718,1.102644,-0.071370,-0.162656,0.179108,328.12,0.053710,13.0317,0.3700
2747,0.000089,0.208430,1042.50,968.65,2390.62,0.588327,0.137255,-1.041549,0.081838,0.851273,-0.036546,0.023168,0.121815,328.12,0.052110,11.5986,0.3653
2752,0.000081,0.163087,1058.41,993.19,2437.50,0.578960,0.196078,-1.291585,0.002580,1.068120,-0.230832,0.151203,0.300515,328.12,0.047114,11.5624,0.2952
2757,0.000072,0.175463,1151.59,1083.87,2671.88,0.623862,0.156863,-0.950240,-0.164499,0.967076,-0.225761,-0.099066,0.472491,375.00,0.047563,12.1775,0.3221
2763,0.000088,0.182981,1195.24,1112.51,2859.38,0.595524,0.180392,-0.995255,-0.283270,0.974437,-0.043612,-0.214926,0.562624,375.00,0.037805,10.6091,0.3072
2768,0.000092,0.185661,1106.00,1057.97,2718.75,0.589519,0.188235,-0.972207,-0.075138,0.970480,0.016556,-0.325368,0.385677,375.00,0.038191,9.7577,0.3650
2773,0.000077,0.254677,1097.63,1040.99,2625.00,0.591618,0.211765,-1.022413,-0.208440,0.955557,0.160354,-0.272696,0.387639,375.00,0.048751,11.3984,0.3378
2779,0.000096,0.144733,1082.26,995.97,2296.88,0.584266,0.149020,-1.214607,-0.275287,1.050308,-0.018330,0.089895,0.368021,375.00,0.047445,12.8270,0.2741
2784,0.000100,0.165893,1084.35,1014.36,2343.75,0.592598,0.156863,-1.249545,-0.026099,1.058632,-0.146495,0.072187,0.291318,375.00,0.046870,12.9369,0.3059
2789,0.000074,0.270096,1004.97,964.44,2250.00,0.549668,0.200000,-1.394661,0.057812,1.155195,-0.067606,-0.024719,0.273982,328.12,0.052351,12.8023,0.3115
2795,0.000061,0.123149,1022.05,983.74,2390.62,0.532063,0.278431,-1.069956,0.106893,0.994349,0.019392,-0.370730,0.320050,328.12,0.048788,13.1504,0.3879
2800,0.000082,0.187985,1137.81,1070.42,2531.25,0.576563,0.180392,-1.202284,-0.076924,1.088393,-0.047774,-0.302023,0.540610,375.00,0.032132,10.1200,0.3189
2805,0.000098,0.208102,1276.71,1096.52,2765.62,0.547065,0.105882,-2.160496,-0.128908,1.342939,-0.022570,0.006654,0.962381,375.00,0.033470,10.1133,0.1639
2811,0.000093,0.310698,1078.89,1015.98,2484.38,0.524843,0.133333,-1.761885,0.101552,1.255756,-0.102231,0.020768,0.486038,328.12,0.051056,13.7044,0.2528
2816,0.000085,0.192057,1035.41,965.83,2296.88,0.547102,0.192157,-1.346402,-0.036211,1.078456,-0.100437,0.179683,0.224910,328.12,0.057379,15.3981,0.2904
2821,0.000087,0.284185,1047.83,998.18,2390.62,0.585346,0.172549,-1.213113,0.213746,0.915085,-0.178168,0.069977,0.192473,328.12,0.051879,12.0755,0.3473
2827,0.000076,0.175456,1068.52,1014.35,2437.50,0.588675,0.219608,-1.467705,0.081114,1.098868,-0.105620,-0.002646,0.395988,328.12,0.044160,10.8992,0.2911
2832,0.000092,0.170160,1160.41,1012.85,2531.25,0.554427,0.164706,-1.624250,-0.606654,1.285618,-0.032975,0.318722,0.659539,375.00,0.049445,15.3554,0.1673
2837,0.000096,0.172423,1214.96,1039.68,2671.88,0.592486,0.137255,-1.845811,-0.582885,1.409890,-0.320117,0.480699,0.858225,375.00,0.050121,15.4056,0.1320
2843,0.000092,0.256157,1119.74,997.41,2531.25,0.564017,0.125490,-1.994815,-0.347179,1.406269,-0.056024,0.283944,0.707807,328.12,0.052472,14.3417,0.1588
2848,0.000081,0.210436,1014.53,952.72,2390.62,0.550139,0.164706,-1.630604,-0.174432,1.225133,0.206635,0.026233,0.347035,328.12,0.049626,12.1660,0.2518
2853,0.000087,0.262152,1041.88,961.36,2390.62,0.579178,0.164706,-1.269402,-0.313377,1.065641,0.333178,-0.057026,0.240986,375.00,0.040662,10.0278,0.2925
2859,0.000074,0.148727,1099.73,1050.85,2531.25,0.564331,0.274510,-1.174356,-0.089193,1.159086,-0.126721,-0.256626,0.487809,375.00,0.042350,11.5472,0.3214
2864,0.000086,0.162089,1153.05,1075.75,2625.00,0.567732,0.180392,-0.799268,-0.296557,0.996184,-0.326975,-0.116010,0.542624,375.00,0.047386,14.3959,0.3184
2869,0.000082,0.148892,1159.53,1079.17,2718.75,0.581956,0.188235,-1.102679,-0.339796,1.139827,-0.240690,-0.088141,0.631480,375.00,0.047748,14.5527,0.2703
2875,0.000088,0.152426,1137.71,1075.43,2765.62,0.539442,0.203922,-1.305536,-0.394347,1.271655,-0.051883,-0.194763,0.674871,375.00,0.049941,15.0296,0.2516
2880,0.000076,0.175457,1211.42,1081.01,2812.50,0.587253,0.227451,-1.595260,-0.436927,1.224648,0.059853,-0.024133,0.771818,375.00,0.048412,13.3726,0.1994
2885,0.000079,0.169278,1296.30,1115.79,2859.38,0.651427,0.192157,-1.181043,-0.392688,0.945488,0.002997,-0.121046,0.746291,375.00,0.043918,11.3838,0.2498
2891,0.000102,0.186008,1191.88,1073.97,2718.75,0.614922,0.137255,-1.039276,-0.210002,0.901463,-0.183982,0.019551,0.512247,375.00,0.038900,11.2314,0.2910
2896,0.000102,0.310068,995.71,979.43,2390.62,0.558871,0.137255,-1.188704,0.370668,1.058849,-0.364890,-0.053025,0.177100,328.12,0.054211,13.0894,0.3844
2901,0.000079,0.172229,966.81,982.34,2390.62,0.532607,0.215686,-0.843151,0.468716,0.928911,-0.350327,-0.366837,0.162689,328.12,0.055027,12.7398,0.4787
2907,0.000074,0.262039,1021.78,1013.89,2484.38,0.565729,0.215686,-0.818912,-0.043927,0.969933,-0.084037,-0.295690,0.272631,375.00,0.040489,9.7438,0.3965
2912,0.000074,0.203254,1219.01,1138.55,2906.25,0.608113,0.235294,-0.634086,-0.143551,0.764588,-0.169794,-0.353751,0.536594,375.00,0.039045,10.6613,0.3822
2917,0.000101,0.146013,1194.87,1105.09,2765.62,0.558725,0.152941,-1.208958,-0.173167,1.014597,-0.132978,-0.079316,0.579820,375.00,0.041376,12.9385,0.2806
2923,0.000094,0.294524,1104.30,1066.67,2671.88,0.548551,0.164706,-1.150229,-0.053731,1.168678,-0.284912,-0.169382,0.489577,375.00,0.045984,12.2871,0.3182
2928,0.000075,0.219793,1083.79,1053.58,2625.00,0.543832,0.200000,-1.031829,-0.037353,1.067171,-0.185860,-0.254763,0.442635,328.12,0.052118,13.0696,0.3478
2933,0.000086,0.235723,1099.06,1071.70,2671.88,0.622000,0.117647,-0.739187,-0.003351,0.891513,-0.254609,-0.263598,0.369231,375.00,0.047179,11.5122,0.3955
2939,0.000087,0.178503,1190.21,1041.25,2625.00,0.626371,0.156863,-1.193513,-0.254570,0.934297,-0.038042,0.054359,0.497469,375.00,0.043241,11.0278,0.2690
2944,0.000098,0.274842,1116.67,1014.55,2484.38,0.639430,0.152941,-1.028585,-0.084872,0.918088,-0.224567,0.059337,0.360600,328.12,0.044721,10.6712,0.3172
2949,0.000082,0.134282,1055.56,988.61,2390.62,0.541068,0.227451,-1.106582,0.022545,1.033822,-0.368264,0.107747,0.310731,328.12,0.055791,14.9677,0.3205
2955,0.000088,0.187953,1015.02,1006.23,2343.75,0.589349,0.133333,-0.913383,0.211085,0.897830,-0.238219,-0.102432,0.145119,328.12,0.052478,13.3546,0.4079
2960,0.000083,0.202692,1081.93,1054.79,2578.12,0.561906,0.156863,-1.009187,-0.215481,1.115161,-0.201765,-0.089281,0.400554,375.00,0.044223,12.1133,0.3169
2965,0.000082,0.245223,1113.41,1003.99,2484.38,0.600519,0.223529,-1.369241,-0.707991,1.249128,0.159776,0.116366,0.551962,375.00,0.046595,13.0469,0.2022
2971,0.000092,0.150052,1070.44,984.49,2390.62,0.582535,0.176471,-1.368512,-0.271111,1.104087,0.156087,-0.052910,0.432359,375.00,0.043585,12.0163,0.2671
2976,0.000094,0.260733,1063.77,993.95,2343.75,0.566992,0.101961,-1.185724,-0.235373,0.966771,0.147964,0.005883,0.300478,375.00,0.043178,11.7697,0.2966
2981,0.000077,0.261546,997.62,955.42,2250.00,0.546674,0.164706,-1.165266,-0.080999,1.117800,-0.032756,-0.041965,0.203187,375.00,0.044587,10.5612,0.3310
2987,0.000082,0.251722,1075.45,1004.10,2437.50,0.631504,0.211765,-1.513661,0.024870,0.971662,0.395790,-0.177079,0.298418,328.12,0.040500,8.5529,0.3089
2992,0.000088,0.143370,1138.10,1023.79,2578.12,0.625512,0.133333,-1.404200,-0.436903,1.050322,0.164879,0.101883,0.524021,375.00,0.038887,10.2181,0.2256
2997,0.000096,0.202287,1063.08,979.55,2390.62,0.591909,0.168627,-1.319628,-0.250286,1.009316,0.120905,0.082891,0.356803,375.00,0.046869,12.2562,0.2680

----- END /raw_silence_3s_87608.csv -----
> 
> dump /raw_noise_3s_75534.csv
----- BEGIN /raw_noise_3s_75534.csv (84877 bytes) -----
ms_from_event,rms,flux,centroid_hz,spread_hz,rolloff85_hz,flatness,zcr,band0,band1,band2,band3,band4,band5,peak_hz,peak_mag,peak_ratio,low_dom
0,0.000114,0.156175,948.13,1012.05,2437.50,0.545598,0.196078,-0.179791,0.508273,0.503863,-0.309036,-0.485542,-0.037767,140.62,0.065170,8.9571,0.6049
5,0.000126,0.145695,862.20,946.64,2156.25,0.479054,0.141176,-0.370801,0.518198,0.744039,-0.272157,-0.450918,-0.168361,328.12,0.047249,7.4447,0.5947
11,0.000159,0.221192,902.78,930.65,2156.25,0.545827,0.070588,-0.146685,0.326228,0.467971,-0.184936,-0.261316,-0.201263,140.62,0.052263,8.2589,0.5796
16,0.000099,0.280130,846.69,951.81,2156.25,0.504501,0.164706,-0.187422,0.771588,0.466029,-0.455768,-0.387619,-0.206809,187.50,0.063318,9.0562,0.6432
21,0.000166,0.184086,973.24,1004.12,2390.62,0.588746,0.160784,-0.685389,0.631870,0.648101,-0.290942,-0.246349,-0.057291,234.38,0.074628,11.8006,0.5312
27,0.000144,0.205594,991.91,1036.74,2531.25,0.575341,0.137255,-0.671193,0.690252,0.588979,-0.326280,-0.330602,0.048844,234.38,0.080736,11.6603,0.5375
32,0.000103,0.199431,1034.90,1010.84,2484.38,0.604262,0.211765,-0.957813,0.661647,0.671716,-0.303541,-0.249397,0.177387,234.38,0.079730,10.9560,0.4720
37,0.000133,0.207991,1082.97,1015.04,2531.25,0.650444,0.113725,-0.820582,0.478467,0.484343,-0.179852,-0.130553,0.168178,281.25,0.060669,8.1170,0.4527
43,0.000088,0.144314,1049.54,1048.66,2531.25,0.619482,0.172549,-0.579355,0.462361,0.375357,-0.004195,-0.382262,0.128095,281.25,0.046253,6.7555,0.5171
48,0.000127,0.192084,1107.40,1080.35,2671.88,0.653528,0.168627,-0.780118,0.403464,0.538551,0.038960,-0.470642,0.269785,234.38,0.044034,7.1525,0.4780
53,0.000114,0.161066,1211.84,1104.65,2671.88,0.685277,0.211765,-0.815846,0.288283,0.445587,-0.012004,-0.250380,0.344361,234.38,0.045654,7.4855,0.4229
59,0.000129,0.248991,1064.34,1070.99,2578.12,0.601362,0.082353,-0.671239,0.600983,0.466041,-0.243512,-0.314275,0.162002,234.38,0.060496,8.9720,0.5103
64,0.000105,0.211315,1131.04,1042.69,2578.12,0.660167,0.235294,-1.015770,0.298600,0.631049,-0.182599,-0.022308,0.291027,234.38,0.047056,6.8127,0.3792
69,0.000124,0.168776,1126.48,993.66,2390.62,0.671050,0.113725,-0.979096,0.071614,0.722545,-0.138527,0.053129,0.270335,375.00,0.051077,7.7849,0.3508
75,0.000121,0.188078,1055.06,1016.56,2390.62,0.631872,0.180392,-0.450552,0.223372,0.575111,-0.374693,-0.153219,0.179980,375.00,0.051534,8.2137,0.4683
80,0.000127,0.197904,1069.69,1009.44,2531.25,0.620863,0.180392,-0.682401,-0.011722,0.696890,-0.162961,-0.023742,0.183935,328.12,0.067255,11.2906,0.3948
85,0.000099,0.212953,1036.38,1028.97,2343.75,0.576542,0.231373,-0.588905,0.305821,0.644545,-0.285146,-0.222508,0.146195,328.12,0.065151,9.9798,0.4742
91,0.000114,0.183286,1163.08,1132.92,2812.50,0.617742,0.196078,-0.130396,0.186771,0.309602,-0.324051,-0.375334,0.333408,328.12,0.039790,6.7401,0.5123
96,0.000134,0.275166,1099.21,1077.20,2578.12,0.612661,0.211765,-0.506928,0.268050,0.500565,-0.055876,-0.389774,0.183962,234.38,0.035598,5.6166,0.4959
101,0.000101,0.242100,1072.25,1035.78,2484.38,0.587579,0.250980,-1.183889,0.554826,0.630107,-0.043418,-0.110681,0.153055,234.38,0.056646,8.2675,0.4168
107,0.000094,0.168010,1148.40,1020.79,2484.38,0.678344,0.239216,-1.466588,0.320365,0.593376,0.115278,0.154560,0.283009,375.00,0.035710,5.7650,0.3118
112,0.000095,0.255538,1230.66,1039.07,2718.75,0.717959,0.309804,-1.039800,-0.207325,0.522070,0.132274,0.223726,0.369055,375.00,0.033093,5.3793,0.2850
117,0.000123,0.190748,1430.02,1104.33,2953.12,0.736025,0.207843,-1.181974,0.028780,0.328457,-0.010399,0.257393,0.577741,281.25,0.031055,5.4494,0.2701
123,0.000133,0.263026,1395.00,1123.46,2906.25,0.729302,0.145098,-1.369189,-0.044702,0.617520,0.042198,0.047318,0.706853,281.25,0.041015,6.4853,0.2527
128,0.000130,0.246738,1221.57,1049.44,2625.00,0.699771,0.145098,-1.609765,0.158235,0.776156,0.120602,0.116497,0.438276,281.25,0.058595,8.3727,0.2683
133,0.000105,0.233584,1113.23,1001.48,2484.38,0.679442,0.235294,-1.353309,0.336133,0.678571,0.148425,-0.037920,0.228100,281.25,0.061298,7.9620,0.3535
139,0.000103,0.213884,1192.63,1021.73,2531.25,0.705534,0.211765,-1.031514,-0.058427,0.551732,0.191076,-0.026721,0.373854,328.12,0.043961,6.0461,0.3277
144,0.000081,0.171740,1348.10,1105.10,2953.12,0.748726,0.368627,-0.886252,-0.250665,0.281775,0.304703,0.024694,0.525746,375.00,0.031308,4.8380,0.3008
149,0.000142,0.175936,1537.36,1156.97,3093.75,0.762459,0.223529,-1.307112,-0.381156,0.389282,0.420349,0.037736,0.840902,421.88,0.020149,3.6413,0.2170
155,0.000115,0.346117,1278.28,1125.76,2765.62,0.696496,0.200000,-0.648693,0.391078,0.128134,-0.104357,-0.263783,0.497622,234.38,0.035812,5.5678,0.4389
160,0.000220,0.281512,1230.82,1146.94,2812.50,0.698235,0.168627,-0.428254,0.417197,0.033840,-0.175065,-0.210149,0.362431,187.50,0.055192,7.0451,0.4796
165,0.000178,0.297083,1210.49,1121.90,2812.50,0.705491,0.223529,-0.562558,0.328318,0.076566,-0.010798,-0.100322,0.268793,187.50,0.070204,6.9195,0.4498
171,0.000327,0.299468,1026.68,1025.73,2531.25,0.604509,0.035294,-0.384948,0.503799,0.165833,-0.046359,-0.164115,-0.074211,140.62,0.091882,7.3817,0.5445
176,0.000309,0.247474,926.54,996.08,2250.00,0.519370,0.039216,0.005399,0.529563,0.034104,-0.048609,-0.302106,-0.218351,140.62,0.145245,10.2289,0.6289
181,0.000287,0.250088,911.23,964.93,2015.62,0.557895,0.039216,0.120667,0.504907,-0.211357,0.048163,-0.138380,-0.324000,140.62,0.179540,11.1087,0.6327
187,0.000158,0.161880,972.89,992.37,2296.88,0.607630,0.117647,-0.094436,0.421615,-0.064321,0.100292,-0.163484,-0.199666,140.62,0.153441,9.5702,0.5854
192,0.000252,0.162112,1028.39,1029.91,2390.62,0.616980,0.094118,-0.305949,0.268839,0.210224,0.209152,-0.240978,-0.141288,140.62,0.089688,6.2948,0.5430
197,0.000144,0.202844,1002.86,966.40,2250.00,0.570646,0.141176,-0.295096,0.192630,0.045303,0.258503,-0.077490,-0.123849,140.62,0.075289,5.4554,0.5124
203,0.000299,0.174279,937.35,945.92,2203.12,0.555617,0.023529,-0.349052,0.247085,0.374614,0.292061,-0.352520,-0.212188,234.38,0.076969,6.2176,0.5576
208,0.000156,0.225553,882.82,972.38,2156.25,0.514832,0.109804,-0.348662,0.525898,0.523263,0.020505,-0.458496,-0.262508,234.38,0.102083,7.6485,0.6104
213,0.000117,0.181287,950.50,1004.95,2250.00,0.566417,0.203922,-0.522139,0.485417,0.499056,-0.085080,-0.252737,-0.124517,187.50,0.087894,6.6705,0.5425
219,0.000120,0.099954,1121.67,1068.35,2671.88,0.627090,0.211765,-1.019945,0.342129,0.538974,0.056864,-0.170784,0.252762,281.25,0.053768,6.1318,0.4062
224,0.000272,0.121392,1181.17,1097.21,2765.62,0.647923,0.054902,-0.911744,0.456311,0.341131,0.036685,-0.275102,0.352720,187.50,0.054634,7.2907,0.4338
229,0.000227,0.333129,987.46,1059.08,2484.38,0.564195,0.105882,-0.413373,0.802448,0.266982,-0.231781,-0.511137,0.086860,187.50,0.118128,12.1602,0.6003
235,0.000267,0.243199,789.89,951.12,2015.62,0.427322,0.117647,0.044295,0.973221,0.217770,-0.437714,-0.544883,-0.252690,187.50,0.140909,13.1774,0.7125
240,0.000370,0.216763,867.25,992.97,2109.38,0.505454,0.098039,0.077259,0.759529,0.219409,-0.457355,-0.392455,-0.206387,140.62,0.132659,12.7815,0.6721
245,0.000738,0.637790,1382.91,1027.62,2718.75,0.813860,0.113725,-0.467935,0.084140,-0.478210,-0.146141,0.549323,0.458824,140.62,0.119984,4.4975,0.3327
251,0.001229,0.538701,1623.68,964.87,2812.50,0.834402,0.082353,-1.177698,-0.541327,-0.351798,0.195196,0.918911,0.956717,1640.62,0.142542,2.6724,0.1422
256,0.000664,0.401883,1579.24,946.53,2765.62,0.786353,0.125490,-2.141324,-0.274832,0.169534,0.286596,0.992993,0.967032,234.38,0.217059,2.6627,0.1008
261,0.000925,0.191670,1539.89,964.13,2812.50,0.816980,0.062745,-1.988684,-0.367190,0.042302,0.463870,0.953587,0.896116,281.25,0.231857,2.7238,0.1088
267,0.000762,0.132108,1397.69,908.23,2578.12,0.793616,0.082353,-1.650771,-0.515578,-0.098688,0.724651,0.893884,0.646502,1031.25,0.211837,3.1340,0.1355
272,0.000735,0.198208,1353.66,901.32,2437.50,0.768816,0.078431,-1.708026,-0.273885,0.027873,0.690951,0.754185,0.508902,750.00,0.276363,4.0801,0.1649
277,0.000642,0.141736,1474.93,957.54,2765.62,0.778387,0.109804,-1.679987,-0.487730,0.138685,0.521722,0.793652,0.713659,750.00,0.209598,3.5925,0.1373
283,0.000418,0.158208,1434.09,954.99,2671.88,0.774115,0.184314,-1.592841,-0.490642,0.146006,0.572054,0.818012,0.547410,750.00,0.200558,3.7534,0.1513
288,0.000409,0.165306,1408.60,961.78,2625.00,0.804055,0.121569,-1.312781,-0.455408,-0.094244,0.667702,0.561557,0.633174,796.88,0.163335,3.7214,0.1852
293,0.000378,0.120421,1475.89,970.42,2578.12,0.807024,0.094118,-1.583349,-0.156426,-0.002609,0.315577,0.674653,0.752153,843.75,0.097449,2.9768,0.1703
299,0.000306,0.211612,1474.02,946.24,2625.00,0.748356,0.133333,-2.196874,-0.648651,0.226583,0.773492,0.880431,0.965019,375.00,0.101953,3.3534,0.0874
304,0.000289,0.205908,1459.16,917.78,2578.12,0.829494,0.129412,-1.444789,-0.682456,0.015440,0.426721,0.926931,0.758153,375.00,0.087658,3.1395,0.1294
309,0.000224,0.142012,1417.89,924.22,2578.12,0.808951,0.200000,-1.026039,-0.442860,-0.192846,0.356129,0.769744,0.535873,796.88,0.056779,2.4833,0.1998
315,0.000242,0.194250,1417.27,952.75,2625.00,0.800050,0.129412,-1.371410,-0.348825,-0.057331,0.510038,0.667979,0.599549,750.00,0.069384,3.3437,0.1833
320,0.000234,0.159961,1338.13,1010.10,2625.00,0.776263,0.180392,-1.422480,-0.290774,0.174721,0.587616,0.430066,0.520851,234.38,0.066958,3.8662,0.2088
325,0.000171,0.196578,1282.32,1033.06,2671.88,0.738267,0.290196,-1.333546,0.093177,0.218290,0.348993,0.202860,0.470226,234.38,0.076289,4.6202,0.2775
331,0.000161,0.141214,1379.22,1022.34,2765.62,0.799289,0.235294,-1.403425,-0.100474,0.129534,0.418138,0.412964,0.543264,187.50,0.052846,3.7197,0.2262
336,0.000171,0.185885,1480.76,970.58,2765.62,0.848330,0.207843,-1.044813,-0.452549,-0.175125,0.404600,0.618739,0.649147,468.75,0.030862,2.6004,0.2006
341,0.000174,0.233903,1483.63,1003.38,2718.75,0.811453,0.168627,-1.254827,-0.770886,0.056356,0.713514,0.436202,0.819643,421.88,0.038878,3.3261,0.1624
347,0.000135,0.244799,1414.44,1035.22,2625.00,0.809409,0.250980,-1.280371,-0.413379,0.417645,0.254182,0.319019,0.702905,421.88,0.052084,4.3837,0.2046
352,0.000151,0.181744,1440.28,1053.41,2812.50,0.825158,0.258824,-1.009612,-0.200165,0.147677,-0.003743,0.455489,0.610354,421.88,0.033988,3.1428,0.2427
357,0.000136,0.172811,1396.12,1029.66,2812.50,0.762311,0.274510,-1.516289,-0.227545,0.393649,0.269235,0.517883,0.563067,281.25,0.046199,5.0889,0.1959
363,0.000154,0.219626,1406.29,1032.15,2765.62,0.792105,0.231373,-1.247090,-0.155761,0.354896,0.113130,0.402665,0.532162,281.25,0.039914,4.8077,0.2371
368,0.000167,0.240770,1397.37,1031.25,2718.75,0.770011,0.184314,-1.295651,-0.329896,0.433498,0.212713,0.385426,0.593910,421.88,0.038777,4.1818,0.2138
373,0.000148,0.235384,1412.16,1104.24,2859.38,0.729118,0.262745,-0.894233,-0.139617,0.225011,0.096223,0.121544,0.591071,375.00,0.035333,3.5722,0.2946
379,0.000149,0.237499,1526.43,1101.69,2953.12,0.779027,0.235294,-0.986328,-0.557032,0.211895,0.233724,0.295246,0.802494,375.00,0.046168,4.4747,0.2107
384,0.000143,0.249765,1478.97,1055.28,2859.38,0.830278,0.250980,-1.810781,-0.330021,0.380123,0.457826,0.513285,0.789567,562.50,0.030630,2.8294,0.1516
389,0.000171,0.174846,1540.78,1103.57,3000.00,0.800210,0.207843,-1.904451,-0.340525,0.344960,0.633908,0.336327,0.929781,234.38,0.034772,3.4381,0.1473
395,0.000219,0.267805,1515.90,1060.21,2906.25,0.798579,0.172549,-1.622031,-0.169140,0.264356,0.168834,0.483986,0.873994,234.38,0.040163,3.7940,0.1716
400,0.000156,0.294085,1172.87,1014.56,2484.38,0.667185,0.196078,-0.906191,0.057831,0.382152,0.294238,-0.123799,0.295768,281.25,0.070470,5.8000,0.3752
405,0.000116,0.240701,1088.65,984.16,2437.50,0.667188,0.243137,-0.889527,0.160344,0.447628,0.288612,-0.186274,0.179217,187.50,0.052958,4.5786,0.4107
411,0.000166,0.144037,1244.07,1030.56,2625.00,0.714192,0.156863,-0.833299,-0.125748,0.257737,0.376859,-0.001660,0.326110,375.00,0.042285,4.5481,0.3449
416,0.000124,0.231388,1254.10,1048.51,2671.88,0.737553,0.176471,-0.808603,-0.163249,0.316126,0.234160,0.157318,0.264249,375.00,0.034370,3.3208,0.3325
421,0.000120,0.161340,1201.96,1019.27,2531.25,0.737927,0.223529,-0.472084,-0.066155,-0.059047,0.407805,-0.046926,0.236406,750.00,0.035177,3.8519,0.4100
427,0.000136,0.230110,1304.37,1035.42,2812.50,0.738745,0.184314,-0.917449,-0.504245,0.190264,0.655298,-0.029257,0.605389,328.12,0.034114,3.9505,0.2692
432,0.000125,0.177956,1295.26,1073.68,2812.50,0.663641,0.156863,-0.928339,-0.446140,0.507287,0.466168,-0.282612,0.683637,375.00,0.059794,6.9779,0.2916
437,0.000120,0.176997,1165.26,1003.48,2531.25,0.650277,0.137255,-1.150704,-0.280236,0.649060,0.609949,-0.300488,0.472418,375.00,0.050982,6.2438,0.3097
443,0.000107,0.162588,1164.55,994.37,2671.88,0.644881,0.254902,-1.756596,0.029733,0.664801,0.657141,-0.011113,0.416034,375.00,0.040784,5.4727,0.2562
448,0.000117,0.170170,1204.66,1063.87,2718.75,0.660080,0.172549,-0.988574,-0.170802,0.721663,0.042460,-0.088670,0.483922,375.00,0.044391,7.2227,0.3149
453,0.000130,0.209839,1202.79,1055.69,2578.12,0.637071,0.192157,-0.923715,-0.067863,0.742336,-0.245360,-0.090064,0.584666,328.12,0.051134,8.6017,0.3223
459,0.000088,0.178444,1095.50,1073.92,2625.00,0.557491,0.243137,-0.615530,0.240537,0.772091,-0.324280,-0.462734,0.389917,328.12,0.060711,9.8653,0.4623
464,0.000103,0.132951,1147.13,1078.13,2671.88,0.613320,0.239216,-0.639677,0.180317,0.759305,-0.344957,-0.391726,0.436738,328.12,0.042553,7.5844,0.4373
469,0.000083,0.166323,1234.27,1066.63,2671.88,0.694080,0.325490,-1.092516,0.039094,0.669091,-0.038848,-0.086952,0.510131,375.00,0.034919,6.7277,0.3234
475,0.000119,0.202986,1287.46,1048.27,2671.88,0.723523,0.250980,-1.329850,-0.225380,0.621341,0.239130,0.124674,0.570083,375.00,0.031701,6.3586,0.2451
480,0.000114,0.224925,1412.94,1073.85,2906.25,0.725154,0.301961,-2.318934,-0.137078,0.744832,0.543391,0.228659,0.939130,375.00,0.028804,5.2138,0.1404
485,0.000134,0.219148,1395.75,1092.98,2859.38,0.741883,0.270588,-1.308983,-0.355234,0.596413,0.232840,0.064899,0.770066,328.12,0.039949,6.9701,0.2228
491,0.000108,0.266276,1282.64,1062.35,2671.88,0.717121,0.325490,-1.080711,-0.233907,0.658232,0.016927,0.138802,0.500656,328.12,0.046501,6.9630,0.2735
496,0.000123,0.183191,1317.21,1039.56,2671.88,0.751616,0.345098,-0.986556,-0.226401,0.363386,0.227659,0.227194,0.394717,328.12,0.035287,5.3829,0.2855
501,0.000194,0.259818,1568.08,1156.46,3093.75,0.819137,0.254902,-0.907516,-0.182367,0.051108,0.167000,0.122391,0.749383,234.38,0.021263,3.3962,0.2727
507,0.000403,0.366044,1368.66,1194.02,3000.00,0.714856,0.062745,-0.014216,0.350257,-0.268512,-0.445467,-0.142143,0.520080,140.62,0.061301,7.4396,0.4948
512,0.000811,0.452884,907.60,1067.02,2437.50,0.532980,0.043137,0.667851,0.954060,-0.557025,-0.865700,-0.225172,0.025986,140.62,0.192646,14.9290,0.7131
517,0.001089,0.424685,634.69,933.45,1734.38,0.334593,0.011765,1.215160,1.375817,-0.677947,-1.180553,-0.531765,-0.200713,140.62,0.421661,20.9473,0.8405
523,0.000914,0.338062,530.88,855.76,1359.38,0.266795,0.035294,1.282174,1.482838,-0.423113,-1.068259,-0.929645,-0.343995,140.62,0.567308,19.7972,0.8828
528,0.001208,0.351394,745.28,1021.88,2203.12,0.440811,0.062745,0.879375,0.962731,-0.127842,-0.761520,-0.846471,-0.106273,93.75,0.620732,16.7225,0.8018
533,0.001238,0.485816,1054.50,1101.87,2625.00,0.608937,0.086275,0.056256,0.486940,0.152701,-0.410213,-0.470613,0.184930,187.50,0.380953,5.8018,0.6022
539,0.003213,0.348919,1098.26,1050.18,2625.00,0.586265,0.027451,-1.006118,0.356936,0.687589,-0.107009,-0.299356,0.367958,234.38,0.536430,6.5963,0.4112
544,0.002616,0.455959,998.23,1001.41,2343.75,0.528510,0.062745,-1.098777,0.371936,0.945491,-0.020340,-0.449671,0.251361,234.38,0.985215,7.1038,0.4343
549,0.001297,0.243342,976.05,1040.00,2484.38,0.512587,0.054902,-0.730338,0.596729,0.718981,-0.110575,-0.574838,0.100042,234.38,1.141930,7.1855,0.5425
555,0.002458,0.157320,1130.80,1083.44,2718.75,0.648506,0.031373,-0.778629,0.196317,0.521177,0.050169,-0.281718,0.292684,187.50,0.890565,7.1408,0.4264
560,0.002348,0.195477,930.87,1006.58,2343.75,0.537865,0.035294,-0.377611,0.472834,0.731036,-0.273885,-0.617336,0.064962,328.12,0.769340,6.6048,0.5802
565,0.002171,0.230366,803.50,919.10,1875.00,0.447043,0.023529,-0.197241,0.713104,0.746283,-0.282029,-0.621513,-0.358604,234.38,1.088288,10.2627,0.6787
571,0.001163,0.233157,797.88,922.52,1828.12,0.459249,0.074510,-0.339935,0.927234,0.633956,-0.423893,-0.449363,-0.347999,234.38,1.181013,10.5546,0.6665
576,0.001489,0.204229,819.41,901.00,1781.25,0.460012,0.031373,-0.446986,0.544701,0.777359,-0.079944,-0.375525,-0.419605,328.12,0.692308,7.1831,0.6098
581,0.001120,0.145593,941.97,941.08,2156.25,0.578095,0.023529,-0.321709,0.175450,0.456535,0.195212,-0.303505,-0.201983,375.00,0.485191,6.4508,0.5448
587,0.000644,0.264354,936.30,903.96,2156.25,0.588263,0.047059,-0.308894,0.179574,0.244156,0.295093,-0.188713,-0.221215,140.62,0.458583,5.3632,0.5350
592,0.000792,0.100585,1008.05,907.62,2203.12,0.620697,0.035294,-0.808645,0.062176,0.296668,0.623438,-0.031070,-0.142566,515.62,0.258449,3.7999,0.4289
597,0.000952,0.139041,1057.43,886.50,2015.62,0.612860,0.031373,-1.083817,-0.112374,0.346966,0.737785,0.241532,-0.130093,656.25,0.231891,4.4944,0.3421
603,0.000929,0.295364,986.98,780.32,1734.38,0.566276,0.035294,-0.636248,0.002646,0.087599,0.653187,0.356878,-0.464062,750.00,0.269571,4.4262,0.4346
608,0.001032,0.177843,985.36,778.41,1734.38,0.553746,0.031373,-0.461713,0.050760,-0.110106,0.651120,0.275297,-0.405358,796.88,0.397672,6.6039,0.4649
613,0.000926,0.205610,1008.99,764.56,1593.75,0.510350,0.031373,-0.663947,-0.044430,-0.244291,0.945284,0.349545,-0.342161,750.00,0.488445,8.3485,0.4115
619,0.000648,0.189168,956.33,737.09,1500.00,0.469235,0.043137,-1.009667,0.028656,-0.029708,1.008895,0.447522,-0.445698,750.00,0.385780,6.6668,0.3796
624,0.000466,0.204748,905.19,754.12,1453.12,0.483492,0.074510,-0.803577,0.203431,0.050198,0.874231,0.191690,-0.515973,796.88,0.271546,5.0549,0.4656
629,0.000728,0.140836,957.61,791.08,1640.62,0.512721,0.050980,-0.963446,-0.210852,0.340585,1.040975,0.065727,-0.272989,750.00,0.169688,4.1565,0.3814
635,0.000581,0.206540,906.54,704.62,1500.00,0.482491,0.039216,-0.943312,0.095167,0.255827,0.838844,0.420852,-0.667377,187.50,0.202316,4.7543,0.4254
640,0.000690,0.172000,915.73,750.58,1546.88,0.460790,0.070588,-0.864466,0.322271,0.006723,0.704074,0.383605,-0.552208,187.50,0.283401,7.9577,0.4534
645,0.000657,0.213845,857.14,721.99,1359.38,0.400874,0.031373,-0.716871,0.321558,-0.002509,0.879682,0.213877,-0.695736,187.50,0.286115,7.4000,0.5108
651,0.000641,0.141817,860.73,754.62,1406.25,0.460002,0.047059,-0.545439,0.236833,-0.040844,0.844865,0.067257,-0.562671,187.50,0.238423,6.8037,0.5233
656,0.000524,0.255398,889.19,787.56,1546.88,0.498458,0.058824,-0.391131,0.388938,-0.373874,0.660607,0.199557,-0.484098,187.50,0.283345,7.5301,0.5352
661,0.000558,0.085184,927.48,837.20,1781.25,0.516993,0.074510,-0.527056,0.486954,-0.305999,0.450833,0.258339,-0.363071,187.50,0.307680,9.8429,0.5081
667,0.000485,0.204788,858.84,772.85,1546.88,0.472522,0.078431,-0.625558,0.390343,0.000309,0.672923,0.205311,-0.643327,187.50,0.248854,9.0854,0.5253
672,0.000545,0.181057,837.80,801.83,1453.12,0.445704,0.039216,-0.313251,0.414432,-0.058570,0.619725,-0.009804,-0.652533,187.50,0.225221,7.9983,0.5943
677,0.000378,0.123454,840.23,779.25,1359.38,0.436992,0.070588,-0.575281,0.390149,0.029368,0.783184,-0.027677,-0.599743,187.50,0.221280,8.1790,0.5551
683,0.000491,0.242579,878.56,810.65,1500.00,0.500809,0.054902,-0.867652,0.316235,0.334754,0.710797,-0.062321,-0.431813,187.50,0.204091,7.0641,0.4928
688,0.000494,0.162078,927.00,856.16,1875.00,0.516671,0.043137,-0.524927,0.334191,-0.069987,0.591880,-0.013975,-0.317182,187.50,0.210064,7.7843,0.5175
693,0.000471,0.159930,868.49,790.96,1453.12,0.463159,0.062745,-0.477039,0.412768,-0.277889,0.714128,0.129274,-0.501241,187.50,0.239927,9.2741,0.5384
699,0.000503,0.161510,819.18,777.79,1312.50,0.448425,0.039216,-0.474696,0.393552,0.101922,0.460615,0.079149,-0.560543,187.50,0.245743,9.6519,0.5499
704,0.000578,0.202796,754.92,824.30,1265.62,0.416694,0.011765,-0.209148,0.723071,0.209404,0.221442,-0.411418,-0.533351,187.50,0.275073,10.8734,0.6747
709,0.000622,0.183034,689.07,795.06,1171.88,0.402901,0.015686,0.256486,0.752817,-0.024155,0.283906,-0.548896,-0.720159,140.62,0.328647,12.9061,0.7575
715,0.000389,0.161408,653.99,808.80,1312.50,0.399951,0.015686,0.348723,0.921503,0.059858,-0.076806,-0.560196,-0.693081,140.62,0.355757,14.5016,0.7793
720,0.000660,0.237257,742.93,855.97,1734.38,0.482279,0.074510,0.357841,0.719231,0.030717,-0.106889,-0.484068,-0.516832,140.62,0.278424,11.0122,0.7387
725,0.000745,0.153993,649.11,782.72,1125.00,0.386762,0.015686,0.448696,0.749335,0.150094,0.075216,-0.657153,-0.766188,140.62,0.296238,11.9805,0.7876
731,0.000647,0.260066,610.41,754.33,1125.00,0.369997,0.007843,0.512521,0.833391,0.046044,0.053293,-0.542476,-0.902772,140.62,0.400927,12.9597,0.8015
736,0.000646,0.260943,742.59,816.60,1593.75,0.496085,0.003922,0.207750,0.549881,0.094820,0.214098,-0.395910,-0.670640,93.75,0.375792,10.6396,0.7134
741,0.000558,0.085519,581.00,730.35,984.38,0.319497,0.031373,0.558396,0.793714,0.187749,0.209717,-0.813869,-0.935706,93.75,0.369417,12.5446,0.8250
747,0.000787,0.145262,621.22,752.72,1171.88,0.383793,0.003922,0.380112,0.593796,0.324609,0.290288,-0.719302,-0.869503,93.75,0.362291,12.9771,0.7827
752,0.000327,0.213975,541.81,718.88,890.62,0.294607,0.082353,0.700340,0.877226,0.127163,0.329514,-1.037457,-0.996787,140.62,0.347719,11.9605,0.8589
757,0.000303,0.132331,544.70,684.96,890.62,0.295250,0.058824,0.545541,0.992463,0.203739,0.355780,-1.015635,-1.081887,140.62,0.341490,13.8712,0.8603
763,0.000260,0.127562,678.51,768.13,1031.25,0.374958,0.058824,0.027919,0.707645,0.331624,0.395476,-0.753131,-0.709533,187.50,0.145819,8.8641,0.7501
768,0.000231,0.147640,682.62,791.00,1125.00,0.379940,0.145098,-0.599874,0.809986,0.791871,0.290158,-0.661952,-0.630190,187.50,0.131357,9.3319,0.6794
773,0.000206,0.207039,761.80,854.07,1781.25,0.485069,0.078431,0.033166,0.680000,0.151653,0.068290,-0.457957,-0.475151,140.62,0.123947,10.1320,0.6949
779,0.000180,0.198679,723.86,843.82,1687.50,0.448496,0.125490,0.186703,0.521637,0.414552,0.003422,-0.617362,-0.508952,140.62,0.095069,8.3151,0.7145
784,0.000157,0.195613,739.12,793.05,1500.00,0.441018,0.156863,-0.281928,0.287692,0.829521,0.217149,-0.436928,-0.615506,375.00,0.082951,7.9268,0.6293
789,0.000211,0.208174,828.89,865.66,1781.25,0.528969,0.054902,0.101804,0.277461,0.199240,0.091522,-0.181006,-0.489021,93.75,0.076702,8.3396,0.6282
795,0.000144,0.275853,769.01,872.64,1828.12,0.496355,0.152941,0.133555,0.557384,0.263308,0.053427,-0.550107,-0.457566,93.75,0.088179,8.0950,0.7004
800,0.000123,0.126367,847.24,936.74,2015.62,0.495750,0.113725,-0.155208,0.510136,0.380338,0.200183,-0.576666,-0.358783,281.25,0.068501,7.3034,0.6559
805,0.000173,0.157416,1055.53,1009.04,2437.50,0.641383,0.168627,-0.282624,0.168026,0.223681,0.060423,-0.105153,-0.064352,93.75,0.050015,6.3747,0.5069
811,0.000226,0.353041,1266.09,944.35,2343.75,0.687323,0.105882,-0.367545,-0.113332,-0.205207,0.011737,0.624109,0.050237,93.75,0.053185,5.4396,0.3595
816,0.000152,0.356237,1206.66,887.18,1968.75,0.548656,0.156863,-0.284241,-0.091621,-0.029498,-0.144855,0.759341,-0.209128,1781.25,0.073160,5.5035,0.3863
821,0.000190,0.176926,1204.01,911.68,2062.50,0.612908,0.121569,-0.660116,-0.173723,0.176958,0.123973,0.614111,-0.081203,1781.25,0.068040,5.5164,0.3355
827,0.000283,0.149036,1165.44,906.18,2015.62,0.613398,0.070588,-1.038406,-0.128255,0.355150,0.274982,0.568844,-0.032316,468.75,0.060424,5.2539,0.2991
832,0.000676,0.363693,935.69,883.58,1921.88,0.513651,0.019608,-0.126995,0.298775,0.117071,0.080094,0.024992,-0.393935,140.62,0.108397,7.1371,0.5672
837,0.000887,0.399696,749.39,871.16,1781.25,0.437495,0.015686,0.483464,0.718305,-0.129231,-0.182819,-0.398042,-0.491676,140.62,0.278910,12.7928,0.7400
843,0.000805,0.402032,618.27,784.85,1640.62,0.331686,0.031373,0.482585,0.973618,0.146720,-0.200234,-0.674477,-0.728213,140.62,0.495082,15.6529,0.8068
848,0.000794,0.193350,641.41,745.48,1593.75,0.341076,0.027451,0.340609,0.779749,0.265841,0.101275,-0.484730,-1.002744,140.62,0.494828,14.0116,0.7865
853,0.001017,0.264721,743.62,791.25,1687.50,0.418595,0.015686,0.168468,0.458945,0.337699,0.244367,-0.404580,-0.804899,93.75,0.365883,9.4398,0.7147
859,0.000809,0.242148,746.15,811.42,1781.25,0.391235,0.050980,0.079092,0.562377,0.410002,0.048434,-0.488974,-0.610931,140.62,0.447378,10.1390,0.7049
864,0.000682,0.240995,860.78,832.31,1921.88,0.518307,0.050980,0.019685,0.188499,0.188218,0.270251,-0.194870,-0.471783,140.62,0.460477,9.2115,0.6076
869,0.000675,0.116193,830.49,828.53,1875.00,0.440652,0.039216,-0.067816,0.310238,0.343773,0.202290,-0.354570,-0.433915,140.62,0.380397,9.0413,0.6261
875,0.000476,0.114566,932.01,886.20,2109.38,0.489681,0.058824,-0.465701,0.161413,0.529585,0.183101,-0.299365,-0.109033,421.88,0.310220,8.4617,0.5130
880,0.000385,0.162401,991.72,924.23,2156.25,0.541471,0.043137,-0.400357,0.036317,0.439576,0.204498,-0.135163,-0.144871,140.62,0.242324,7.3460,0.4895
885,0.000590,0.167111,961.47,915.26,2109.38,0.542129,0.039216,-0.063880,0.345478,0.000916,0.015255,-0.176546,-0.121223,140.62,0.255388,9.3996,0.5719
891,0.000682,0.208953,926.78,890.31,2062.50,0.478878,0.011765,-0.066990,0.282547,0.177694,0.113252,-0.348805,-0.157699,140.62,0.272961,9.8273,0.5893
896,0.000645,0.334868,779.06,810.26,1921.88,0.423162,0.058824,-0.235195,0.502389,0.584545,0.152411,-0.598743,-0.405406,140.62,0.265493,7.3868,0.6538
901,0.000785,0.198145,784.87,775.54,1875.00,0.404244,0.058824,-0.492858,0.464336,0.677520,0.232084,-0.369502,-0.511579,281.25,0.281643,7.9402,0.6050
907,0.000885,0.281780,913.58,843.76,2062.50,0.410043,0.023529,-0.876099,0.265380,0.594649,0.457537,-0.299195,-0.142273,515.62,0.263046,7.1536,0.4789
912,0.000844,0.290086,792.73,754.07,1875.00,0.357288,0.023529,-0.820104,0.137886,0.938323,0.632140,-0.478539,-0.409707,468.75,0.441831,9.8695,0.5257
917,0.000659,0.192051,815.20,723.50,1781.25,0.397029,0.047059,-0.803457,0.051281,0.757942,0.647465,-0.041388,-0.611844,468.75,0.434277,9.1065,0.4876
923,0.000656,0.160033,883.60,781.42,1828.12,0.464064,0.062745,-0.847355,-0.024137,0.621507,0.677441,-0.011976,-0.415479,515.62,0.273048,6.5502,0.4447
928,0.000771,0.184664,979.00,841.30,1875.00,0.573914,0.035294,-0.774063,-0.045749,0.346333,0.716311,0.092643,-0.335474,468.75,0.275998,6.8944,0.4284
933,0.000612,0.191836,847.84,798.16,1828.12,0.471888,0.007843,-0.633450,0.220906,0.513259,0.646858,-0.245811,-0.501762,187.50,0.275423,7.3453,0.5418
939,0.000678,0.230747,766.00,758.33,1734.38,0.417647,0.027451,-0.192994,0.456479,0.393449,0.335750,-0.328379,-0.664305,140.62,0.330153,8.9253,0.6521
944,0.000550,0.087681,761.57,795.38,1781.25,0.414163,0.039216,-0.003863,0.547296,0.306856,0.125685,-0.437660,-0.538314,140.62,0.388905,11.1505,0.6813
949,0.000297,0.106534,678.39,788.03,1640.62,0.417026,0.043137,0.310990,0.804620,0.135530,-0.083287,-0.409826,-0.758027,140.62,0.361950,12.0427,0.7580
955,0.000300,0.076221,682.13,814.53,1687.50,0.404009,0.078431,0.167918,0.652095,0.338534,-0.003757,-0.531422,-0.623368,187.50,0.169812,8.2119,0.7286
960,0.000354,0.179648,809.79,828.06,1875.00,0.415613,0.003922,-0.458667,0.246019,0.659239,0.294270,-0.296735,-0.444126,515.62,0.115651,7.1945,0.5656
965,0.000385,0.189510,756.49,817.73,1828.12,0.379255,0.039216,-0.062150,0.533768,0.423692,0.122458,-0.453885,-0.563884,140.62,0.165715,11.0967,0.6780
971,0.000234,0.182759,739.15,846.99,1781.25,0.408464,0.078431,0.052578,0.749836,0.147202,0.138716,-0.545186,-0.543147,187.50,0.198241,13.2599,0.7202
976,0.000197,0.166526,757.10,857.42,1875.00,0.406954,0.062745,-0.026015,0.680369,0.252834,0.116347,-0.560297,-0.463238,140.62,0.171212,11.5648,0.6982
981,0.000213,0.167121,817.70,836.43,1781.25,0.496631,0.027451,-0.224007,0.406447,0.291124,0.285037,-0.231139,-0.527463,140.62,0.117532,9.1997,0.6155
987,0.000188,0.125662,805.35,864.31,1828.12,0.490774,0.043137,-0.432875,0.479297,0.620107,0.124566,-0.373416,-0.417679,328.12,0.082262,7.5984,0.6032
992,0.000105,0.159608,858.81,878.48,2015.62,0.510880,0.227451,-1.015685,0.472588,0.940110,0.112382,-0.330053,-0.179342,328.12,0.099535,10.2324,0.4958
997,0.000121,0.138154,1021.64,965.95,2296.88,0.578596,0.090196,-1.512674,0.160190,0.981370,0.326517,-0.093427,0.138025,328.12,0.077863,9.6999,0.3321
1003,0.000115,0.147100,1182.87,1046.33,2671.88,0.598757,0.188235,-1.364010,-0.403850,0.914777,0.438652,0.000937,0.413492,328.12,0.051110,8.4370,0.2514
1008,0.000083,0.287189,1070.25,986.06,2390.62,0.618580,0.243137,-1.230803,-0.101687,0.846146,0.426578,-0.103370,0.163136,328.12,0.051286,7.4585,0.3327
1013,0.000117,0.189684,1159.82,1036.67,2531.25,0.715635,0.094118,-0.734054,-0.114224,0.491328,0.234413,-0.120589,0.243126,375.00,0.041881,6.3300,0.3810
1019,0.000090,0.129367,1178.21,1044.91,2625.00,0.660281,0.227451,-0.822572,-0.336932,0.675689,0.166965,-0.078493,0.395344,375.00,0.047994,8.5345,0.3234
1024,0.000087,0.209593,1165.68,1034.12,2531.25,0.648578,0.243137,-1.686466,-0.283076,1.056668,0.232877,0.138710,0.541286,375.00,0.051092,8.8718,0.2100
1029,0.000080,0.162860,1303.90,1057.50,2718.75,0.733618,0.200000,-1.452958,-0.531549,0.744700,0.401727,0.180602,0.657478,328.12,0.034479,6.6562,0.1960
1035,0.000079,0.156615,1338.94,1061.34,2671.88,0.717492,0.219608,-1.209635,-0.577957,0.773435,0.074781,0.209007,0.730368,375.00,0.036990,8.4704,0.2037
1040,0.000118,0.152952,1267.20,1035.01,2671.88,0.725672,0.105882,-1.024497,-0.520365,0.690313,0.126794,0.185207,0.542548,375.00,0.041549,9.8588,0.2430
1045,0.000080,0.327362,1037.02,992.83,2343.75,0.561944,0.301961,-1.118062,0.327579,0.826158,-0.213897,0.064488,0.113734,328.12,0.042153,8.0933,0.3812
1051,0.000107,0.185706,1003.76,948.29,2203.12,0.594205,0.121569,-0.924698,0.462431,0.627609,-0.209106,0.122127,-0.078362,281.25,0.040400,8.0568,0.4371
1056,0.000092,0.224896,1185.20,1038.02,2484.38,0.655990,0.164706,-0.887528,-0.058880,0.742822,-0.145656,-0.006391,0.355633,328.12,0.046614,9.6099,0.3435
1061,0.000102,0.238350,1082.86,1005.34,2484.38,0.614692,0.156863,-0.927347,0.104668,0.666277,0.142863,-0.137394,0.150933,328.12,0.047522,8.8251,0.3970
1067,0.000092,0.184559,1061.87,979.87,2343.75,0.614140,0.231373,-0.836911,0.033513,0.590346,0.271981,-0.111774,0.052845,328.12,0.043000,7.8871,0.4080
1072,0.000122,0.197921,1087.63,989.44,2296.88,0.595615,0.152941,-1.088402,0.149282,0.621859,0.250276,-0.109244,0.176226,328.12,0.041218,7.2616,0.3768
1077,0.000108,0.179681,1110.83,1016.57,2343.75,0.582064,0.141176,-1.427515,0.334464,0.708897,0.183556,-0.104580,0.305177,328.12,0.044468,7.8893,0.3437
1083,0.000082,0.229800,1051.05,969.67,2343.75,0.625423,0.180392,-1.138798,0.280525,0.740540,-0.060716,-0.008237,0.186685,328.12,0.055302,8.8882,0.3732
1088,0.000093,0.145098,1143.42,972.50,2437.50,0.664456,0.200000,-1.116030,-0.151479,0.731798,-0.097422,0.406551,0.226582,328.12,0.048941,9.2446,0.2788
1093,0.000072,0.260455,1147.68,999.07,2531.25,0.695541,0.321569,-0.738539,0.082255,0.371385,-0.019379,0.193591,0.110686,281.25,0.035693,6.4488,0.3822
1099,0.000079,0.196183,1141.19,993.15,2531.25,0.678079,0.258824,-0.668812,-0.069533,0.317034,0.355956,-0.060677,0.126032,468.75,0.024036,4.4015,0.4009
1104,0.000073,0.177083,1346.19,1073.26,2812.50,0.695902,0.301961,-1.175778,-0.227906,0.416236,0.316789,0.103580,0.567078,421.88,0.019658,4.1580,0.2617
1109,0.000083,0.237185,1372.38,1096.36,2906.25,0.750785,0.278431,-0.982559,-0.156649,0.271470,0.266790,0.027341,0.573607,281.25,0.017286,3.4429,0.2952
1115,0.000122,0.210955,1280.63,1015.69,2671.88,0.768135,0.109804,-1.285691,-0.270785,0.381046,0.543744,0.202838,0.428848,468.75,0.019768,3.8716,0.2509
1120,0.000081,0.310483,1015.86,959.77,2250.00,0.629330,0.184314,-0.904725,0.358304,0.607337,-0.019943,0.053024,-0.093997,281.25,0.040004,6.8601,0.4372
1125,0.000122,0.148373,1068.61,1024.66,2625.00,0.604863,0.113725,-1.221675,0.309494,0.754506,0.067590,-0.061095,0.151179,328.12,0.043460,7.9098,0.3773
1131,0.000074,0.200432,1073.77,1047.50,2625.00,0.631007,0.266667,-0.782928,0.136006,0.657755,0.080493,-0.289045,0.197719,328.12,0.039569,6.9486,0.4310
1136,0.000167,0.231974,970.29,977.42,2203.12,0.589956,0.058824,-0.708089,0.390551,0.500816,0.080518,-0.180978,-0.082819,328.12,0.038921,6.4536,0.4933
1141,0.000116,0.245180,934.35,937.17,2156.25,0.571190,0.152941,-0.969819,0.328467,0.699075,0.135656,-0.124665,-0.068713,187.50,0.048158,6.7337,0.4442
1147,0.000119,0.223432,848.68,918.76,2109.38,0.535968,0.141176,-0.222937,0.519891,0.562495,-0.343997,-0.274680,-0.240772,187.50,0.054912,7.1446,0.6002
1152,0.000116,0.143295,988.24,971.37,2296.88,0.581634,0.192157,-0.343581,0.147017,0.544497,-0.301041,-0.093045,0.046152,375.00,0.049589,7.5653,0.4813
1157,0.000078,0.222336,1079.91,1024.14,2531.25,0.646531,0.250980,-0.655794,0.193257,0.585617,-0.029129,-0.237009,0.143058,328.12,0.050747,7.7378,0.4541
1163,0.000099,0.229890,1145.47,1071.02,2671.88,0.651997,0.145098,-0.652958,0.241204,0.363276,0.117676,-0.346139,0.276941,234.38,0.034474,5.5512,0.4573
1168,0.000090,0.184357,1249.66,1057.22,2625.00,0.750002,0.164706,-0.832531,0.050471,0.366450,-0.046980,0.129965,0.332625,281.25,0.022700,3.9724,0.3493
1173,0.000075,0.245308,1176.46,1007.71,2531.25,0.695188,0.321569,-0.879601,-0.157999,0.454004,0.182017,0.217785,0.183796,328.12,0.039583,7.0281,0.3275
1179,0.000105,0.148855,1430.12,1114.75,2906.25,0.743089,0.278431,-1.335731,-0.386142,0.578689,0.133426,0.236889,0.772870,328.12,0.032553,7.0981,0.2033
1184,0.000153,0.359889,1267.22,1108.96,2765.62,0.753024,0.164706,-0.545083,0.201703,0.226519,-0.116312,-0.140434,0.373606,281.25,0.031021,5.5778,0.4284
1189,0.000345,0.383725,926.47,913.31,2015.62,0.575051,0.035294,-0.155744,0.478014,0.193031,-0.140717,-0.051355,-0.323229,140.62,0.058324,7.5250,0.5862
1195,0.000764,0.554530,838.89,810.79,1546.88,0.512117,0.050980,0.049821,0.426678,-0.154435,0.137913,0.177768,-0.637744,140.62,0.116158,7.1095,0.6150
1200,0.000753,0.542623,752.46,736.15,1312.50,0.423445,0.027451,0.050133,0.444449,-0.025309,0.439988,0.023351,-0.932612,93.75,0.241695,7.2016,0.6686
1205,0.000771,0.297748,781.09,738.69,1265.62,0.372772,0.031373,-0.016270,0.454993,-0.204606,0.566897,0.065491,-0.866505,140.62,0.336098,7.8473,0.6502
1211,0.001059,0.272274,836.30,713.18,1359.38,0.432747,0.015686,-0.268508,0.251825,-0.015972,0.631997,0.242605,-0.841946,93.75,0.293777,5.9077,0.5723
1216,0.001264,0.214932,860.21,749.70,1359.38,0.433717,0.039216,-0.079146,0.375911,-0.490165,0.587317,0.322003,-0.715921,140.62,0.377195,7.2304,0.5855
1221,0.001344,0.346322,830.23,720.24,1312.50,0.413999,0.031373,-0.068685,0.164115,-0.046994,0.611021,0.266584,-0.926041,93.75,0.424285,6.1125,0.5933
1227,0.001773,0.255886,825.95,692.29,1359.38,0.405874,0.039216,-0.207446,0.108592,0.094622,0.769760,0.190614,-0.956141,703.12,0.644968,8.3321,0.5826
1232,0.001144,0.252516,826.08,603.61,1312.50,0.356794,0.058824,-0.378281,0.099195,-0.255166,1.219833,0.283885,-0.969466,703.12,0.853669,10.6096,0.5506
1237,0.000973,0.225416,915.03,634.61,1359.38,0.427788,0.047059,-0.489176,-0.157670,-0.369379,1.134033,0.562052,-0.679859,703.12,0.594487,6.8940,0.4343
1243,0.001775,0.163645,1018.49,681.02,1406.25,0.467548,0.035294,-0.759475,-0.186124,-0.527570,0.965220,0.911993,-0.404045,796.88,0.285915,3.9926,0.3259
1248,0.001207,0.284032,958.01,634.22,1312.50,0.401421,0.043137,-0.836167,-0.192284,-0.507091,1.379685,0.758170,-0.602312,750.00,0.638326,7.6493,0.3561
1253,0.001405,0.191304,1000.49,677.99,1500.00,0.449983,0.047059,-0.605807,-0.193556,-0.524269,1.134572,0.782812,-0.593752,796.88,0.558269,6.2342,0.3789
1259,0.001072,0.155706,1044.85,697.28,1546.88,0.466089,0.047059,-0.851040,-0.256962,-0.195197,0.879339,0.925995,-0.502134,1312.50,0.569854,7.2378,0.3174
1264,0.001179,0.174406,1061.28,731.95,1640.62,0.506427,0.031373,-1.428599,-0.218615,0.008058,1.024670,0.853713,-0.239226,1312.50,0.492440,6.1522,0.2440
1269,0.001064,0.233262,1006.76,734.72,1500.00,0.482460,0.035294,-1.235022,-0.372672,0.070084,1.150593,0.670278,-0.283260,609.38,0.378478,4.7635,0.2695
1275,0.001052,0.186839,1066.14,803.55,1781.25,0.582776,0.023529,-0.723701,-0.236874,-0.172438,0.732083,0.636612,-0.235683,140.62,0.284254,3.9681,0.3361
1280,0.000964,0.219940,984.54,803.04,1687.50,0.570871,0.047059,-0.434039,0.009437,-0.121871,0.671817,0.273680,-0.399023,140.62,0.397825,5.7234,0.4627
1285,0.000668,0.177212,910.61,707.83,1406.25,0.446622,0.035294,-0.439030,0.071830,-0.177927,0.861355,0.436568,-0.752796,140.62,0.388567,6.0694,0.4936
1291,0.000536,0.169718,952.92,739.72,1687.50,0.525345,0.058824,-0.385646,0.060977,-0.329049,0.785472,0.464200,-0.595953,140.62,0.302145,5.6379,0.4759
1296,0.000592,0.125089,950.02,726.92,1687.50,0.474516,0.070588,-0.745341,0.181210,-0.240153,0.917527,0.427339,-0.540582,609.38,0.216768,5.5339,0.4439
1301,0.000456,0.161861,935.05,651.65,1406.25,0.401270,0.043137,-1.265996,0.037808,-0.232426,1.342565,0.632730,-0.514680,656.25,0.235940,6.7913,0.3378
1307,0.000418,0.159849,899.88,697.19,1406.25,0.465829,0.054902,-0.798529,0.159705,-0.012205,0.897598,0.455266,-0.701835,187.50,0.169770,5.6846,0.4511
1312,0.000358,0.273353,939.76,763.52,1687.50,0.562054,0.082353,-0.511473,0.069311,0.014253,0.572294,0.419680,-0.564065,140.62,0.171577,5.6432,0.4628
1317,0.000363,0.133350,986.23,801.97,1734.38,0.578452,0.066667,-0.474808,0.110901,-0.229404,0.573146,0.428122,-0.407958,140.62,0.148665,5.7649,0.4521
1323,0.000358,0.130245,940.42,794.77,1687.50,0.490487,0.066667,-0.718102,0.068358,0.003571,0.797690,0.260199,-0.411716,656.25,0.120782,5.6804,0.4380
1328,0.000259,0.293453,1039.61,818.04,1921.88,0.635122,0.121569,-0.432696,-0.169772,-0.503102,0.868858,0.410415,-0.173704,609.38,0.137919,5.4422,0.3966
1333,0.000188,0.096766,982.38,804.01,1781.25,0.545053,0.215686,-0.449226,-0.019881,-0.644498,1.048247,0.272258,-0.206900,656.25,0.124755,7.0194,0.4336
1339,0.000136,0.101633,1084.69,900.29,2203.12,0.622022,0.215686,-0.560215,-0.135433,-0.418964,0.962281,0.118952,0.033379,703.12,0.096760,7.5589,0.3956
1344,0.000154,0.145995,1067.26,899.46,2109.38,0.608008,0.149020,-0.609635,-0.299858,0.065213,0.769933,0.129077,-0.054730,750.00,0.045473,4.6152,0.3794
1349,0.000152,0.198842,1131.70,1016.14,2578.12,0.664899,0.145098,-0.764182,-0.180505,0.448132,0.353533,-0.020117,0.163138,328.12,0.059423,6.7313,0.3673
1355,0.000149,0.237873,1031.75,928.80,2296.88,0.601410,0.196078,-1.318415,0.052758,0.583277,0.685915,-0.085962,0.082425,328.12,0.057963,6.4102,0.3473
1360,0.000119,0.215964,989.39,800.13,1734.38,0.553076,0.223529,-1.438971,-0.248400,0.423447,1.092405,0.341483,-0.169964,656.25,0.053224,6.2318,0.2830
1365,0.000090,0.130277,1043.98,848.91,2015.62,0.608727,0.250980,-1.482044,-0.188692,0.395009,0.958691,0.318440,-0.001404,328.12,0.040685,5.3602,0.2701
1371,0.000094,0.185670,1202.09,999.30,2671.88,0.697016,0.247059,-0.997137,-0.168604,0.306525,0.480059,0.078548,0.300610,328.12,0.037570,5.5406,0.3159
1376,0.000086,0.135134,1209.76,1016.87,2718.75,0.642378,0.243137,-0.986216,-0.273149,0.492784,0.362633,0.033663,0.370285,328.12,0.035541,6.0855,0.3033
1381,0.000086,0.126987,1233.86,1014.22,2625.00,0.708577,0.270588,-0.965166,-0.132762,0.430939,0.155024,0.202078,0.309886,328.12,0.037083,7.4325,0.3090
1387,0.000084,0.229657,1156.64,957.59,2296.88,0.671584,0.247059,-0.910080,-0.162887,0.464213,0.191865,0.241195,0.175693,328.12,0.033110,6.5641,0.3219
1392,0.000075,0.262269,1242.02,980.61,2484.38,0.747170,0.266667,-1.523497,-0.303914,0.603825,0.496114,0.272324,0.455148,421.88,0.026460,5.0848,0.2180
1397,0.000102,0.164849,1278.68,1040.32,2718.75,0.693522,0.121569,-1.540202,-0.384351,0.772055,0.360685,0.185143,0.606671,421.88,0.033802,7.1597,0.2045
1403,0.000109,0.234348,1288.42,1072.56,2671.88,0.714477,0.192157,-1.558660,-0.115739,0.782657,0.232920,0.035600,0.623222,375.00,0.031969,5.9346,0.2375
1408,0.000108,0.282606,1264.76,1115.92,2812.50,0.670217,0.141176,-0.993089,0.005870,0.719024,-0.251812,-0.042800,0.562809,328.12,0.053293,9.0458,0.3200
1413,0.000090,0.138544,1236.05,1110.99,2812.50,0.651345,0.176471,-0.958902,0.030787,0.752934,-0.266244,-0.038161,0.479587,328.12,0.060255,10.4834,0.3352
1419,0.000087,0.135313,1276.55,1114.21,2859.38,0.633609,0.278431,-1.373000,-0.283721,0.957341,0.060194,-0.043745,0.682930,328.12,0.048612,9.9134,0.2409
1424,0.000091,0.145509,1220.26,1071.13,2812.50,0.643732,0.145098,-1.613122,-0.388876,0.988591,0.479206,-0.038362,0.572564,328.12,0.045435,10.0909,0.2196
1429,0.000112,0.189888,1212.84,1038.01,2718.75,0.693250,0.125490,-1.881512,-0.215222,0.937784,0.381662,0.186618,0.590671,328.12,0.045489,9.4143,0.1920
1435,0.000071,0.308640,1092.27,1010.70,2578.12,0.637843,0.309804,-1.021559,-0.176239,0.777248,0.249184,-0.079051,0.250416,375.00,0.049192,8.8767,0.3352
1440,0.000099,0.202946,1180.19,1019.36,2578.12,0.708104,0.164706,-0.882611,-0.267453,0.516322,0.245234,0.084950,0.303560,375.00,0.038787,6.7452,0.3166
1445,0.000106,0.152549,1235.20,1030.93,2671.88,0.695938,0.152941,-1.401015,-0.607423,0.801820,0.601923,0.027122,0.577572,375.00,0.039079,7.8675,0.2131
1451,0.000084,0.215244,1025.04,976.64,2531.25,0.561647,0.184314,-1.385161,-0.006403,1.057252,0.334614,-0.225955,0.225652,328.12,0.047421,9.7045,0.3328
1456,0.000126,0.179105,1038.63,954.03,2390.62,0.534609,0.129412,-1.474357,-0.024109,1.024561,0.268378,0.066499,0.139027,375.00,0.049297,10.0833,0.2990
1461,0.000088,0.248545,1028.05,958.77,2343.75,0.573151,0.227451,-1.113626,0.193952,0.841882,0.032439,-0.051610,0.096965,375.00,0.050562,8.6511,0.3817
1467,0.000089,0.164552,1095.82,1051.98,2578.12,0.598348,0.164706,-1.050533,0.199764,0.780161,0.113051,-0.379710,0.337267,375.00,0.045435,8.2440,0.4003
1472,0.000086,0.145483,1261.43,1090.78,2812.50,0.663001,0.200000,-1.409464,-0.339725,0.902714,0.148223,0.010003,0.688248,375.00,0.044011,9.2066,0.2273
1477,0.000117,0.261715,1260.21,1077.32,2812.50,0.709090,0.129412,-1.497468,-0.059593,0.772388,0.191778,0.083318,0.509577,328.12,0.043720,8.8262,0.2545
1483,0.000087,0.263542,1160.08,1019.22,2625.00,0.679350,0.196078,-1.322316,0.153895,0.710981,0.024750,0.074773,0.357916,281.25,0.044620,7.7776,0.3099
1488,0.000065,0.188028,1067.40,983.77,2296.88,0.619376,0.254902,-0.964584,-0.004067,0.708690,0.065759,0.007224,0.186977,328.12,0.044664,7.9651,0.3586
1493,0.000106,0.126863,1266.79,1054.67,2671.88,0.700251,0.125490,-1.111136,-0.157313,0.664314,-0.039934,0.129980,0.514088,375.00,0.034644,7.9013,0.2776
1499,0.000127,0.276344,1099.32,961.70,2531.25,0.632643,0.121569,-1.530651,-0.227947,0.970076,0.348469,0.085215,0.354837,375.00,0.041831,8.6259,0.2499
1504,0.004332,0.729474,893.39,1016.78,2250.00,0.512040,0.023529,0.011729,0.615395,0.373966,-0.496289,-0.321542,-0.183259,328.12,0.104699,6.8850,0.6378
1509,0.008901,0.875220,786.97,976.69,1734.38,0.418703,0.039216,0.409735,1.003734,-0.113380,-0.766356,-0.136675,-0.397057,140.62,1.356781,11.6690,0.7258
1515,0.009254,0.686777,985.12,1043.53,2484.38,0.538415,0.070588,0.307995,0.747801,-0.539720,-0.558752,0.072470,-0.029793,140.62,3.960960,10.7781,0.6240
1520,0.014532,0.491782,1259.90,1038.15,2671.88,0.738614,0.031373,-0.106664,0.171424,-0.531896,-0.039472,0.230729,0.275880,140.62,5.193956,8.0017,0.4450
1525,0.022485,0.289926,1086.80,1012.37,2531.25,0.580787,0.011765,-0.164005,0.313150,-0.152255,0.064657,-0.141078,0.079532,140.62,7.427437,9.2973,0.5263
1531,0.015945,0.294057,978.90,1006.43,2437.50,0.598969,0.015686,0.176457,0.604232,-0.378089,-0.162354,-0.167479,-0.072767,140.62,11.092123,11.2459,0.6249
1536,0.016750,0.183320,903.29,974.47,2296.88,0.539406,0.039216,0.239342,0.609633,-0.174914,-0.242222,-0.229026,-0.202813,140.62,9.718251,9.9215,0.6548
1541,0.010048,0.190253,862.75,928.79,2015.62,0.542573,0.039216,-0.171077,0.578164,0.189346,0.061940,-0.375184,-0.283190,187.50,8.702803,8.8831,0.6301
1547,0.009290,0.147344,932.38,948.79,2156.25,0.575700,0.035294,0.017336,0.490454,-0.096890,0.091543,-0.270125,-0.232321,140.62,6.365175,7.6743,0.6237
1552,0.010781,0.077203,1047.85,981.91,2437.50,0.627563,0.007843,-0.388571,0.361949,0.088553,0.083278,-0.070658,-0.074552,93.75,3.749623,6.1561,0.5148
1557,0.006901,0.235529,923.25,908.69,2015.62,0.555447,0.031373,-0.394729,0.509778,0.159437,0.094284,-0.077879,-0.290892,187.50,4.616722,8.2634,0.5602
1563,0.007184,0.229486,964.76,912.66,2062.50,0.640655,0.015686,-0.600962,0.410819,0.359097,0.034969,0.045824,-0.249747,281.25,3.612667,6.2278,0.5017
1568,0.004550,0.094297,903.92,880.77,1828.12,0.558153,0.043137,-0.330385,0.519591,0.234866,-0.119101,0.141319,-0.446291,140.62,3.174982,7.0094,0.5615
1573,0.005021,0.125032,865.95,918.91,1968.75,0.531338,0.015686,0.219139,0.587198,-0.194151,-0.118863,-0.116918,-0.376406,140.62,3.398186,10.8672,0.6570
1579,0.003880,0.121009,947.12,964.85,2250.00,0.547176,0.015686,-0.039648,0.667644,-0.090050,-0.265064,-0.122191,-0.150691,140.62,2.488851,9.7855,0.6107
1584,0.002518,0.187887,904.55,939.80,2109.38,0.570613,0.039216,-0.355188,0.654891,0.100754,-0.118746,-0.085537,-0.196175,187.50,2.546865,10.9790,0.5722
1589,0.004348,0.093874,867.66,925.31,1968.75,0.546419,0.023529,0.040741,0.721168,-0.253636,-0.144575,-0.047613,-0.316084,187.50,2.068810,11.2050,0.6371
1595,0.002561,0.205510,837.62,927.54,1828.12,0.531397,0.011765,-0.161667,0.701146,0.294653,-0.270441,-0.175251,-0.388440,187.50,1.717927,9.3414,0.6345
1600,0.001665,0.203983,828.82,955.28,2015.62,0.517781,0.031373,0.318368,0.645169,0.060337,-0.335527,-0.302501,-0.385846,93.75,1.713738,9.8962,0.6955
1605,0.003186,0.072794,852.21,936.65,2062.50,0.533278,0.007843,0.415799,0.528441,-0.281666,-0.151125,-0.228355,-0.283092,140.62,1.268391,10.0586,0.6743
1611,0.002015,0.185438,758.30,903.47,1875.00,0.464472,0.007843,0.410147,0.841876,-0.179105,-0.291125,-0.387115,-0.394678,140.62,1.520298,14.0089,0.7344
1616,0.000903,0.202009,635.79,819.60,1593.75,0.378570,0.019608,0.535215,1.114312,-0.116512,-0.470911,-0.420656,-0.641447,187.50,1.475157,13.5268,0.7951
1621,0.001329,0.088452,757.58,872.59,1734.38,0.462122,0.003922,0.126336,0.845232,0.179109,-0.430197,-0.232454,-0.488026,187.50,0.689262,10.4102,0.6997
1627,0.001665,0.272244,791.13,872.43,1921.88,0.510932,0.000000,0.309622,0.349347,0.084203,-0.103289,-0.223464,-0.416419,468.75,0.178647,2.8966,0.6569
1632,0.001446,0.207707,627.36,820.74,1500.00,0.401556,0.003922,0.755926,0.725659,-0.263033,-0.234783,-0.372166,-0.611602,187.50,0.524978,8.6274,0.7743
1637,0.001234,0.141031,594.03,832.04,1453.12,0.381532,0.039216,0.864730,0.941159,-0.084432,-0.685962,-0.522403,-0.513092,187.50,0.509243,8.6268,0.8054
1643,0.000560,0.254058,719.78,876.90,1734.38,0.473417,0.031373,0.603441,0.824451,0.042257,-0.691338,-0.322301,-0.456510,93.75,0.761652,12.7796,0.7509
1648,0.000952,0.063400,718.41,868.07,1687.50,0.440377,0.011765,0.551888,0.825247,-0.023221,-0.532026,-0.212000,-0.609888,140.62,0.498626,11.8949,0.7502
1653,0.001046,0.200528,729.45,824.33,1640.62,0.456501,0.058824,0.282290,0.565021,0.193756,-0.127572,-0.123771,-0.789724,140.62,0.387092,8.8360,0.7069
1659,0.001103,0.218322,586.19,777.15,1359.38,0.355494,0.023529,0.726332,0.895479,0.042402,-0.253432,-0.529199,-0.881582,93.75,0.561215,12.3609,0.8200
1664,0.001018,0.278649,726.29,844.41,1546.88,0.483159,0.000000,0.255774,0.462455,0.380296,-0.020489,-0.400808,-0.677227,140.62,0.357786,7.2888,0.7106
1669,0.000727,0.126847,605.21,795.30,1265.62,0.354480,0.011765,0.469295,0.610522,0.371702,-0.050738,-0.605652,-0.795129,187.50,0.299417,7.2329,0.7756
1675,0.000580,0.103018,478.20,728.82,843.75,0.289697,0.035294,0.876805,1.027472,0.478910,-0.483081,-1.059179,-0.840928,234.38,0.253317,7.8890,0.8701
1680,0.000977,0.099440,498.33,749.82,937.50,0.289553,0.015686,0.872155,1.145772,0.528331,-0.693428,-0.890078,-0.962753,93.75,0.438001,17.7852,0.8738
1685,0.000678,0.181253,441.12,686.13,890.62,0.276612,0.003922,1.147680,1.093990,0.188786,-0.596731,-0.694412,-1.139313,93.75,0.450087,17.8906,0.8847
1691,0.001072,0.272391,429.45,679.83,890.62,0.263596,0.000000,1.150503,1.054953,0.011248,-0.528887,-0.707040,-0.980779,140.62,0.282861,10.9271,0.8751
1696,0.001443,0.497989,653.19,833.58,1546.88,0.462570,0.019608,0.603256,0.731021,0.156215,-0.307457,-0.509380,-0.673656,93.75,0.530541,12.0797,0.7788
1701,0.001184,0.421940,758.24,868.24,1781.25,0.535327,0.011765,0.273207,0.634206,0.168193,-0.170765,-0.358056,-0.546785,93.75,0.748286,10.2010,0.7122
1707,0.000653,0.000104,725.84,868.47,1640.62,0.436497,0.011765,0.482884,0.660143,0.063158,-0.206974,-0.386888,-0.612323,93.75,0.719720,12.5979,0.7448
1712,0.000972,0.153032,608.44,820.31,1500.00,0.335397,0.011765,0.789406,0.856094,-0.183079,-0.297437,-0.453015,-0.711969,93.75,0.587930,17.1813,0.8030
1717,0.000130,0.288798,701.20,856.13,1593.75,0.507996,0.094118,0.456424,0.735292,0.024001,-0.194255,-0.387593,-0.633868,93.75,0.459633,10.7712,0.7515
1723,0.000815,0.000089,683.45,857.23,1640.62,0.449649,0.011765,0.478546,0.856239,0.010836,-0.276889,-0.447195,-0.621537,93.75,0.257227,10.7088,0.7688
1728,0.000422,0.178976,636.98,862.89,1546.88,0.416078,0.015686,0.879109,0.608881,-0.158875,-0.364753,-0.401362,-0.563001,328.12,0.060534,3.2657,0.7731
1733,0.000518,0.380948,672.72,832.87,1546.88,0.461311,0.031373,0.501450,0.524917,0.106022,-0.161578,-0.329834,-0.640976,187.50,0.169784,6.0212,0.7308
1739,0.000980,0.153916,540.92,773.90,1218.75,0.346268,0.011765,0.748167,1.003420,0.051180,-0.447203,-0.567291,-0.788273,187.50,0.246942,11.0520,0.8254
1744,0.000437,0.201933,388.00,675.75,468.75,0.216429,0.062745,1.370983,1.522235,0.003798,-1.144749,-0.905059,-0.847208,140.62,0.407563,18.4382,0.9107
1749,0.000548,0.256887,462.67,748.84,843.75,0.265794,0.015686,1.039977,1.325778,0.131700,-0.797660,-0.866647,-0.833148,140.62,0.360257,13.3524,0.8842
1755,0.000747,0.243430,720.63,888.50,1593.75,0.484366,0.039216,0.385268,0.552714,0.305782,-0.232386,-0.453623,-0.557755,140.62,0.214398,8.9868,0.7261
1760,0.000893,0.299127,539.25,796.96,1078.12,0.310741,0.019608,0.913072,1.118733,-0.018640,-0.438162,-0.839381,-0.735622,140.62,0.380093,15.4752,0.8586
1765,0.000646,0.213304,536.17,823.05,1031.25,0.307087,0.078431,1.055085,1.257305,-0.208563,-0.492421,-0.893727,-0.717678,140.62,0.542618,19.4941,0.8767
1771,0.000781,0.151696,569.54,855.76,1171.88,0.332329,0.003922,1.051887,1.170804,-0.450151,-0.366827,-0.795928,-0.609784,140.62,0.505135,18.4725,0.8599
1776,0.000401,0.264535,724.38,878.33,1734.38,0.465332,0.070588,0.349047,0.822597,-0.070754,-0.201073,-0.438013,-0.461805,140.62,0.380314,13.5629,0.7380
1781,0.000909,0.390568,882.91,918.76,2015.62,0.612909,0.019608,-0.242705,0.532688,0.303847,-0.036586,-0.252855,-0.304389,234.38,0.237256,6.2628,0.6043
1787,0.000479,0.125022,713.34,884.55,1734.38,0.463300,0.015686,0.483985,0.795918,0.012938,-0.263689,-0.567934,-0.461218,93.75,0.323340,11.0531,0.7603
1792,0.000286,0.208784,569.56,788.08,1218.75,0.370040,0.086275,0.840242,0.944478,-0.059769,-0.229868,-0.811677,-0.683406,93.75,0.425509,13.7342,0.8375
1797,0.000269,0.095040,749.06,916.51,1687.50,0.479947,0.117647,0.604606,0.546139,-0.271524,0.113780,-0.543886,-0.449115,93.75,0.265234,12.6669,0.7450
1803,0.000364,0.225997,957.34,980.86,2203.12,0.598744,0.058824,-0.249059,0.314507,0.265104,0.083817,-0.193511,-0.220859,93.75,0.117560,6.8309,0.5597
1808,0.000578,0.237527,929.01,965.52,2062.50,0.554071,0.043137,0.215668,0.411336,-0.063358,-0.236198,-0.036237,-0.291210,93.75,0.167527,9.1398,0.6171
1813,0.000362,0.325353,804.59,935.92,1828.12,0.507307,0.070588,0.593844,0.566036,-0.396559,-0.093501,-0.277705,-0.392115,93.75,0.272659,11.7336,0.7140
1819,0.000242,0.164210,729.02,859.34,1546.88,0.446510,0.082353,0.419495,0.395795,-0.019152,0.200970,-0.412562,-0.584545,93.75,0.232158,10.4222,0.7122
1824,0.000193,0.113474,743.53,893.33,1640.62,0.477055,0.180392,0.276893,0.434798,0.337625,0.017405,-0.614429,-0.452290,187.50,0.092308,5.6827,0.7087
1829,0.000328,0.177577,811.58,905.10,1781.25,0.494291,0.047059,-0.166635,0.602628,0.519310,-0.216414,-0.313815,-0.425074,234.38,0.112853,8.7185,0.6428
1835,0.000275,0.246537,853.67,973.43,1968.75,0.504110,0.086275,0.294029,0.715783,-0.091321,-0.471883,-0.143917,-0.302691,93.75,0.124250,9.5618,0.6744
1840,0.000198,0.231938,852.25,944.31,1921.88,0.512737,0.141176,0.355792,0.814730,-0.148806,-0.754421,0.071826,-0.339121,140.62,0.138156,9.1124,0.6724
1845,0.000414,0.251365,1081.93,961.08,2203.12,0.671158,0.035294,-0.490202,0.383160,0.146138,-0.226309,0.199906,-0.012694,93.75,0.083515,5.7439,0.4633
1851,0.000744,0.300483,957.61,951.42,2250.00,0.594422,0.054902,0.128288,0.449736,-0.080621,-0.230794,-0.111123,-0.155486,140.62,0.163334,9.1934,0.6040
1856,0.000678,0.409754,748.21,886.16,1875.00,0.436903,0.023529,0.331086,0.854296,0.138029,-0.514408,-0.346146,-0.462856,140.62,0.342984,12.6925,0.7305
1861,0.000826,0.312605,928.45,949.74,2109.38,0.460375,0.039216,0.067433,0.671462,-0.034003,-0.467165,-0.041390,-0.196337,140.62,0.431379,12.4489,0.6197
1867,0.000677,0.239395,1010.84,912.86,2062.50,0.509893,0.047059,0.108822,0.463054,-0.409831,-0.208346,0.253306,-0.207005,140.62,0.459260,11.8478,0.5653
1872,0.000977,0.245953,1112.38,924.24,2156.25,0.606033,0.031373,-0.008985,0.287965,-0.548399,-0.064373,0.376928,-0.043136,140.62,0.400148,8.8186,0.4931
1877,0.000985,0.264857,1124.29,947.99,2343.75,0.508497,0.039216,-0.236842,0.241577,-0.124321,-0.104757,0.209842,0.014501,140.62,0.387447,7.6020,0.4726
1883,0.000926,0.182731,1052.51,943.11,2343.75,0.440375,0.050980,-0.108966,0.378747,-0.055991,-0.213828,0.120070,-0.120032,140.62,0.448295,7.8770,0.5337
1888,0.000865,0.188050,1021.95,880.69,2250.00,0.446835,0.062745,-0.496348,0.116876,0.269037,0.164304,0.108287,-0.162156,187.50,0.341359,6.5180,0.4594
1893,0.000682,0.187193,983.98,897.97,2343.75,0.434291,0.039216,-0.257600,0.237271,0.107936,0.235432,-0.108422,-0.214617,140.62,0.394517,7.4284,0.5378
1899,0.000638,0.130677,926.52,877.46,1968.75,0.438914,0.050980,-0.243542,0.323054,0.156345,0.186304,-0.056624,-0.365537,187.50,0.374890,7.8570,0.5624
1904,0.000764,0.125129,1011.16,876.60,2015.62,0.472160,0.043137,-0.576143,0.133249,0.172336,0.313834,0.177835,-0.221112,187.50,0.312750,8.3821,0.4502
1909,0.000633,0.229023,987.26,923.22,2203.12,0.515570,0.031373,-0.203794,0.413830,0.039099,-0.167316,0.025236,-0.107055,140.62,0.341115,8.4693,0.5364
1915,0.000763,0.109921,971.68,911.42,2156.25,0.529225,0.027451,-0.352112,0.352494,0.173130,-0.086813,0.079091,-0.165791,187.50,0.350566,8.8623,0.5109
1920,0.000785,0.182438,926.06,884.09,2062.50,0.478526,0.047059,-0.658278,0.296609,0.424314,0.312630,-0.140721,-0.234554,187.50,0.337556,8.8685,0.5017
1925,0.000930,0.251125,891.44,860.62,1921.88,0.510808,0.035294,-0.327056,0.314779,0.287624,0.268636,-0.149204,-0.394779,140.62,0.364291,8.1639,0.5661
1931,0.000733,0.143522,846.55,864.04,1875.00,0.403590,0.039216,-0.313181,0.416508,0.352803,0.287003,-0.307096,-0.436038,187.50,0.406807,9.5701,0.6043
1936,0.000928,0.133691,840.67,850.27,1734.38,0.436711,0.023529,-0.432938,0.283530,0.479732,0.425212,-0.300489,-0.455047,187.50,0.358716,8.4622,0.5752
1941,0.000862,0.176060,709.64,800.10,1640.62,0.393142,0.007843,0.021296,0.636548,0.462982,0.033320,-0.385168,-0.768978,140.62,0.419354,10.4608,0.7122
1947,0.000790,0.162990,598.05,752.48,1500.00,0.302875,0.003922,0.372815,1.029314,0.240143,-0.242649,-0.444677,-0.954946,140.62,0.516776,15.0203,0.8023
1952,0.000438,0.178826,631.27,783.71,1593.75,0.354216,0.058824,0.534981,0.917214,-0.024579,-0.053115,-0.518459,-0.856042,140.62,0.521797,15.4393,0.8043
1957,0.000398,0.090856,678.14,816.01,1640.62,0.394842,0.074510,0.232605,0.816607,0.149435,0.009494,-0.522169,-0.685972,187.50,0.323824,11.8644,0.7556
1963,0.000349,0.089996,749.47,855.00,1781.25,0.463719,0.023529,-0.131844,0.696526,0.455246,-0.021143,-0.466898,-0.531887,187.50,0.225015,11.1729,0.6861
1968,0.000244,0.156576,810.21,898.88,1781.25,0.456893,0.070588,0.177018,0.639308,-0.035525,0.060858,-0.360174,-0.481484,140.62,0.222773,12.8930,0.6961
1973,0.000406,0.156658,883.87,958.02,2156.25,0.524191,0.027451,0.060975,0.679093,-0.129200,-0.123903,-0.247602,-0.239362,187.50,0.184620,12.0931,0.6487
1979,0.000258,0.173740,812.65,938.66,1875.00,0.478423,0.047059,0.415219,0.811237,-0.292854,-0.325527,-0.216180,-0.391894,140.62,0.173212,11.7445,0.7145
1984,0.000156,0.158983,714.75,907.18,1781.25,0.405222,0.172549,0.597120,0.911256,-0.227569,-0.287680,-0.502493,-0.490636,140.62,0.187224,12.7964,0.7774
1989,0.000204,0.135886,803.42,948.65,1968.75,0.462097,0.101961,0.074332,0.661814,0.344802,-0.118459,-0.613800,-0.348690,187.50,0.079464,7.0537,0.7004
1995,0.000141,0.227180,1044.67,1039.00,2671.88,0.543101,0.176471,-0.650188,0.294035,0.626814,0.002297,-0.374104,0.101146,281.25,0.082136,8.7231,0.4896
2000,0.000156,0.255781,1089.90,1092.42,2718.75,0.544547,0.235294,-0.176151,0.561807,0.249954,-0.421247,-0.391400,0.177038,281.25,0.061379,6.1827,0.5744
2005,0.000153,0.205308,1326.35,1156.04,2765.62,0.673092,0.192157,-0.121330,0.194840,-0.121534,-0.130440,-0.265975,0.444439,93.75,0.061136,6.6454,0.4869
2011,0.000153,0.193574,1367.39,1156.98,2812.50,0.710943,0.196078,-0.177406,0.084020,-0.113016,-0.109944,-0.195606,0.511952,93.75,0.057591,5.8580,0.4490
2016,0.000170,0.203792,1523.49,1159.68,2859.38,0.745227,0.231373,-0.411592,0.003397,-0.250402,-0.010935,-0.069918,0.739449,93.75,0.044824,4.7317,0.3685
2021,0.000163,0.279388,1684.30,1224.71,3234.38,0.700659,0.203922,-0.732006,0.016263,0.156441,-0.066792,-0.351419,0.977513,234.38,0.031076,3.1342,0.3383
2027,0.000180,0.244715,2112.78,1201.61,3375.00,0.668334,0.184314,-0.892196,-0.299507,0.039160,-0.073588,-0.300205,1.526337,3468.75,0.048161,4.6743,0.2299
2032,0.000266,0.216301,1957.37,1285.06,3421.88,0.672610,0.160784,-0.780133,-0.037894,-0.051031,-0.218168,-0.114136,1.201362,3468.75,0.079914,8.2288,0.2784
2037,0.000284,0.291159,2235.71,1268.12,3468.75,0.585689,0.152941,-1.249495,-0.117429,-0.046359,-0.067862,-0.069591,1.550737,3468.75,0.111772,9.4859,0.1940
2043,0.000173,0.282327,2351.18,1230.11,3468.75,0.582252,0.184314,-1.245234,0.180306,-0.187282,-0.458672,-0.048340,1.759223,3468.75,0.125644,8.9916,0.1997
2048,0.000164,0.149507,2234.99,1268.88,3468.75,0.568505,0.184314,-1.236441,0.321591,-0.040123,-0.753783,0.075552,1.633206,3468.75,0.102115,7.8809,0.2122
2053,0.000154,0.220047,2018.44,1181.83,3375.00,0.651851,0.196078,-1.696686,0.022988,0.203335,-0.262671,0.239312,1.493720,3515.62,0.037803,3.6416,0.1540
2059,0.000167,0.255446,2044.77,1124.28,3281.25,0.728328,0.200000,-1.275362,-0.405638,-0.083713,-0.009021,0.254001,1.519732,2718.75,0.038452,3.2741,0.1509
2064,0.000152,0.232794,1907.67,1196.56,3375.00,0.760749,0.184314,-1.176878,-0.097631,0.150265,-0.338333,0.188525,1.274053,3468.75,0.049345,4.4849,0.2029
2069,0.000157,0.230520,1782.23,1219.83,3328.12,0.689930,0.203922,-0.672216,0.052059,-0.002356,-0.522047,0.066101,1.078459,281.25,0.046410,4.0604,0.2927
2075,0.000683,0.278566,1467.95,1242.49,3140.62,0.696347,0.023529,-0.198016,0.183118,0.006824,-0.481317,-0.195381,0.684772,93.75,0.078395,6.1393,0.4373
2080,0.000969,0.567674,901.63,1056.11,2390.62,0.530088,0.023529,0.278866,0.700493,0.109250,-0.494380,-0.431330,-0.162900,140.62,0.240264,9.3639,0.6871
2085,0.000940,0.346919,747.25,908.15,1781.25,0.500436,0.015686,0.420778,0.850572,0.054513,-0.422350,-0.424353,-0.479160,140.62,0.499628,13.1726,0.7479
2091,0.000840,0.163301,657.98,884.19,1640.62,0.376937,0.015686,0.648635,1.144607,-0.079271,-0.689550,-0.587026,-0.437396,140.62,0.615746,17.9994,0.8036
2096,0.000758,0.187977,701.78,887.46,1734.38,0.435218,0.015686,0.593943,0.951352,0.022567,-0.519424,-0.567672,-0.480766,140.62,0.597815,16.6446,0.7853
2101,0.000640,0.129675,765.83,920.56,2015.62,0.441546,0.031373,0.447084,0.885580,-0.064767,-0.421725,-0.553592,-0.292579,140.62,0.526919,15.2542,0.7483
2107,0.000859,0.200201,941.24,979.15,2203.12,0.575668,0.015686,0.247847,0.549778,-0.083933,-0.322817,-0.299722,-0.091153,140.62,0.433718,12.3228,0.6443
2112,0.000789,0.113124,811.84,936.31,2109.38,0.470209,0.015686,0.477405,0.789629,-0.056032,-0.599325,-0.475459,-0.136218,140.62,0.467007,14.6455,0.7190
2117,0.000842,0.214708,721.77,894.83,2015.62,0.420293,0.015686,0.592587,1.068315,-0.298590,-0.641602,-0.520555,-0.200155,140.62,0.534273,17.1933,0.7669
2123,0.000746,0.161049,847.39,964.24,2109.38,0.456316,0.019608,0.398268,0.986817,-0.559334,-0.458587,-0.333342,-0.033822,140.62,0.518167,16.3017,0.7060
2128,0.000783,0.143447,919.28,975.67,2296.88,0.479014,0.007843,0.378422,0.873266,-0.715359,-0.296640,-0.306955,0.067265,140.62,0.509523,15.8608,0.6782
2133,0.000827,0.185192,858.17,928.18,2156.25,0.499989,0.023529,0.435213,0.861963,-0.710396,-0.132960,-0.326145,-0.127676,140.62,0.509550,15.4299,0.7059
2139,0.000586,0.167908,830.20,871.01,1875.00,0.498866,0.031373,0.299704,0.787031,-0.438139,-0.043296,-0.168558,-0.436742,140.62,0.507692,14.4752,0.6997
2144,0.000723,0.159712,803.76,861.87,1875.00,0.442514,0.007843,0.296026,0.840810,-0.347440,-0.200816,-0.089599,-0.498982,140.62,0.465555,14.1390,0.7032
2149,0.000808,0.084397,801.42,885.61,1875.00,0.445513,0.011765,0.454681,0.894421,-0.496584,-0.350626,0.004080,-0.505971,140.62,0.461038,16.6410,0.7162
2155,0.000524,0.149269,636.61,814.26,1593.75,0.380458,0.054902,0.558128,1.153594,-0.202104,-0.414419,-0.393777,-0.701421,140.62,0.467293,17.6544,0.8027
2160,0.000569,0.182019,637.07,818.64,1500.00,0.393512,0.003922,0.556465,1.051283,-0.039084,-0.336830,-0.530171,-0.701663,140.62,0.441142,16.8978,0.8053
2165,0.000535,0.085740,651.55,805.69,1500.00,0.394955,0.039216,0.568875,0.968255,-0.151659,-0.238815,-0.509094,-0.637562,140.62,0.395565,17.3425,0.7928
2171,0.000406,0.155818,717.57,840.85,1593.75,0.469524,0.015686,0.559233,0.783478,-0.339662,-0.012244,-0.388661,-0.602144,140.62,0.351308,15.4295,0.7626
2176,0.000248,0.166169,666.86,817.79,1453.12,0.411327,0.078431,0.480663,0.711751,0.120081,0.091867,-0.736725,-0.667636,140.62,0.275941,12.6320,0.7856
2181,0.000214,0.126740,743.03,847.35,1687.50,0.465538,0.101961,0.219897,0.661102,-0.050981,0.179690,-0.497199,-0.512508,140.62,0.187980,11.8050,0.7202
2187,0.000133,0.066710,908.76,952.69,2203.12,0.471387,0.129412,0.131669,0.686481,-0.600935,0.178992,-0.281528,-0.114680,187.50,0.120659,10.8327,0.6473
2192,0.000299,0.230836,961.42,911.03,2109.38,0.559237,0.070588,-0.386247,0.373783,-0.033404,0.339672,-0.098299,-0.195503,234.38,0.068876,6.7364,0.5351
2197,0.000125,0.333875,894.75,932.09,2062.50,0.573723,0.207843,0.022769,0.441148,0.033093,0.067474,-0.294675,-0.269808,93.75,0.085926,6.6827,0.6258
2203,0.000195,0.129982,866.57,984.40,2156.25,0.519055,0.156863,0.279861,0.618214,-0.070375,-0.170298,-0.490032,-0.167370,140.62,0.111892,9.4452,0.6852
2208,0.000172,0.118392,979.51,1005.57,2390.62,0.589287,0.172549,0.016339,0.453193,0.069461,-0.236426,-0.278943,-0.023623,140.62,0.087955,10.3317,0.5953
2213,0.000211,0.240203,925.88,995.13,2250.00,0.563244,0.101961,0.277326,0.632596,-0.003076,-0.635630,-0.207150,-0.064065,140.62,0.099105,10.4908,0.6435
2219,0.000224,0.297253,1004.94,997.51,2390.62,0.639004,0.145098,-0.155625,0.438452,-0.035500,-0.078400,-0.159380,-0.009545,140.62,0.091374,8.3098,0.5562
2224,0.000196,0.327757,1007.33,963.94,2343.75,0.589318,0.164706,-0.674097,0.165913,0.515440,0.267041,-0.228310,-0.045988,234.38,0.067704,5.0065,0.4708
2229,0.000186,0.200542,1092.30,1011.98,2484.38,0.646892,0.168627,-0.877897,-0.009697,0.592288,0.319254,-0.143330,0.119382,328.12,0.073185,5.4727,0.3937
2235,0.000180,0.125085,1211.90,1102.39,2812.50,0.649041,0.188235,-0.744560,0.028478,0.477783,0.078673,-0.153188,0.312813,328.12,0.080221,7.2062,0.3923
2240,0.000189,0.224430,1149.00,1015.37,2578.12,0.663097,0.160784,-1.492762,0.132141,0.816481,0.191898,0.062750,0.289491,281.25,0.072508,6.9397,0.2981
2245,0.000112,0.137143,1059.11,995.13,2437.50,0.597259,0.301961,-1.649758,0.151051,1.079873,0.231654,-0.072285,0.259465,375.00,0.077453,7.5522,0.3009
2251,0.000168,0.202928,1291.70,1070.18,2812.50,0.767032,0.211765,-1.474351,-0.069003,0.599799,0.157325,0.300115,0.486116,375.00,0.055795,5.9422,0.2378
2256,0.000124,0.172471,1298.00,1061.40,2765.62,0.729008,0.301961,-1.243997,-0.219271,0.539632,0.326936,0.061990,0.534711,375.00,0.041049,4.6296,0.2631
2261,0.000149,0.211750,1066.51,973.67,2437.50,0.646063,0.200000,-1.060308,0.105781,0.668929,0.359802,-0.170681,0.096477,281.25,0.054866,6.5066,0.3917
2267,0.000118,0.146784,1212.74,1085.66,2765.62,0.672779,0.152941,-1.035026,0.067038,0.588822,0.332083,-0.311514,0.358595,281.25,0.050659,6.0449,0.3758
2272,0.000100,0.176366,1351.42,1128.60,2953.12,0.712129,0.262745,-1.076457,-0.006551,0.519814,0.121954,-0.131372,0.572613,281.25,0.040263,5.1655,0.3182
2277,0.000119,0.152209,1422.01,1097.20,2859.38,0.742459,0.254902,-1.255783,0.195549,0.438005,-0.293288,0.229583,0.685934,281.25,0.042879,6.5401,0.2713
2283,0.000114,0.226167,1370.54,1034.74,2671.88,0.785216,0.223529,-1.139298,-0.004563,0.320692,-0.050847,0.353427,0.520588,281.25,0.041210,5.9808,0.2672
2288,0.000108,0.214743,1280.32,996.36,2578.12,0.756421,0.247059,-0.984197,-0.194501,0.275234,0.160813,0.370516,0.372134,234.38,0.026976,3.8751,0.2767
2293,0.000125,0.231014,1244.82,1076.70,2671.88,0.726029,0.168627,-0.921056,0.088193,0.340499,0.192183,-0.100466,0.400647,234.38,0.033021,4.6513,0.3620
2299,0.000117,0.240175,1362.37,1098.80,2765.62,0.706815,0.254902,-1.246681,-0.164720,0.591076,0.046834,0.066813,0.706680,421.88,0.038540,5.5865,0.2512
2304,0.000084,0.235314,1391.84,1105.41,2953.12,0.728073,0.329412,-1.064539,-0.296368,0.426630,0.212043,0.070492,0.651741,375.00,0.038922,5.2387,0.2608
2309,0.000097,0.159142,1506.09,1136.71,3000.00,0.715186,0.345098,-1.027141,-0.377893,0.380443,0.137474,0.048577,0.838540,375.00,0.029765,4.6123,0.2412
2315,0.000130,0.254102,1453.22,1064.34,2765.62,0.797589,0.152941,-0.985900,-0.270789,0.082329,0.144019,0.293445,0.736897,187.50,0.020479,3.5313,0.2417
2320,0.000125,0.272180,1226.08,1043.31,2671.88,0.680476,0.160784,-1.160470,0.272397,0.404461,-0.089592,0.191603,0.381602,234.38,0.036736,5.8427,0.3251
2325,0.000115,0.279291,1167.23,1060.04,2578.12,0.640832,0.247059,-1.262403,0.277864,0.715976,-0.177047,0.138733,0.306877,328.12,0.052515,7.6244,0.3285
2331,0.000308,0.211541,1220.65,1055.62,2625.00,0.715271,0.078431,-0.851903,0.135163,0.412065,-0.059899,0.067027,0.297547,281.25,0.046921,6.5302,0.3680
2336,0.000762,0.473238,863.49,968.64,2156.25,0.531668,0.050980,0.163778,0.728152,0.037006,-0.446673,-0.226452,-0.255811,140.62,0.104215,9.4135,0.6653
2341,0.000763,0.543834,687.72,818.58,1500.00,0.427999,0.011765,0.559807,0.689837,-0.032762,-0.168094,-0.258370,-0.790419,93.75,0.260221,12.0008,0.7594
2347,0.000661,0.451148,712.89,819.25,1500.00,0.445235,0.011765,0.481188,0.691502,-0.248120,0.012520,-0.241485,-0.695605,140.62,0.442036,11.7534,0.7417
2352,0.000860,0.115817,749.38,832.88,1500.00,0.423942,0.007843,0.375047,0.625784,-0.161937,-0.076924,-0.183660,-0.578310,140.62,0.486295,14.2400,0.7071
2357,0.000607,0.192936,696.45,793.90,1312.50,0.385663,0.031373,0.348871,0.600819,0.166148,-0.025630,-0.413306,-0.676902,140.62,0.452176,12.0143,0.7350
2363,0.000527,0.168861,757.38,832.84,1593.75,0.385549,0.031373,0.037305,0.482891,0.278313,0.209333,-0.509621,-0.498222,140.62,0.380465,10.4362,0.6822
2368,0.000587,0.190484,825.43,835.23,1781.25,0.472198,0.050980,-0.027881,0.368535,0.166045,0.294255,-0.366283,-0.434671,140.62,0.303699,9.2415,0.6389
2373,0.000531,0.141946,821.28,805.63,1593.75,0.473613,0.047059,-0.024124,0.370757,0.098106,0.159794,-0.008681,-0.595853,140.62,0.302462,10.3159,0.6167
2379,0.000640,0.245174,793.86,790.98,1500.00,0.471556,0.031373,-0.010505,0.644647,-0.024576,0.029204,0.089087,-0.727857,140.62,0.325935,10.3087,0.6540
2384,0.000629,0.219425,863.83,778.28,1640.62,0.475775,0.023529,-0.112001,0.447497,-0.191819,0.294953,0.224674,-0.663304,140.62,0.317691,8.8163,0.5956
2389,0.000439,0.187370,879.40,801.63,1687.50,0.525463,0.086275,-0.306153,0.339633,-0.096920,0.419979,0.170119,-0.526657,140.62,0.271764,7.8605,0.5486
2395,0.000909,0.266754,1010.64,850.35,2015.62,0.633973,0.015686,-0.382605,0.167825,-0.235377,0.348805,0.375225,-0.273872,140.62,0.281341,6.9638,0.4606
2400,0.000856,0.231133,811.68,743.49,1546.88,0.471987,0.023529,-0.441681,0.383991,0.342962,0.289534,0.151254,-0.726059,140.62,0.280678,6.3984,0.5643
2405,0.000749,0.206284,750.15,674.37,1500.00,0.387018,0.023529,-0.528837,0.312722,0.491754,0.684539,-0.000513,-0.959664,562.50,0.328127,7.2340,0.5919
2411,0.000410,0.155054,740.01,692.63,1546.88,0.378199,0.070588,-0.197548,0.416432,0.212627,0.569073,-0.018297,-0.982287,140.62,0.299903,6.9518,0.6479
2416,0.000395,0.144857,787.68,746.66,1546.88,0.437928,0.047059,-0.415530,0.361435,0.314204,0.555381,-0.073039,-0.742450,187.50,0.244440,6.7472,0.5940
2421,0.000356,0.124718,918.08,808.61,1687.50,0.544349,0.078431,-0.526216,0.351642,0.036177,0.352415,0.299649,-0.513666,187.50,0.202482,7.6122,0.5049
2427,0.000379,0.129128,891.99,765.13,1640.62,0.516023,0.090196,-0.563621,0.251451,0.225018,0.410746,0.337656,-0.661250,140.62,0.137534,5.7669,0.5014
2432,0.000416,0.208010,855.55,754.41,1593.75,0.464798,0.074510,-0.768332,0.197143,0.402968,0.587859,0.156867,-0.576507,609.38,0.142786,6.4567,0.4811
2437,0.000328,0.206677,850.34,756.50,1640.62,0.462629,0.015686,-0.420196,0.275696,-0.006428,0.704275,0.079827,-0.633173,609.38,0.180559,8.3010,0.5509
2443,0.000230,0.167230,804.67,730.03,1546.88,0.390257,0.050980,-0.460868,0.125720,0.342896,0.791819,-0.090142,-0.709425,609.38,0.148750,7.4841,0.5578
2448,0.000153,0.169430,880.81,757.31,1640.62,0.460495,0.168627,-0.941325,0.040221,0.642811,0.638521,0.211987,-0.592216,609.38,0.098342,5.9039,0.4353
2453,0.000185,0.116293,917.25,797.30,1687.50,0.516308,0.086275,-0.633225,0.118003,0.259438,0.586371,0.175135,-0.505721,562.50,0.082617,6.4992,0.4769
2459,0.000167,0.098610,915.84,847.26,1875.00,0.560201,0.109804,-0.390634,0.102667,-0.005852,0.649169,-0.024297,-0.331053,562.50,0.080034,8.1520,0.5084
2464,0.000156,0.197523,902.24,823.98,1687.50,0.507658,0.054902,-0.676665,-0.073967,0.342600,0.890479,-0.110509,-0.371939,562.50,0.073199,7.4861,0.4665
2469,0.000189,0.233346,885.36,800.45,1687.50,0.514334,0.105882,-0.796406,0.036766,0.554567,0.680726,0.028011,-0.503664,609.38,0.064337,6.4620,0.4646
2475,0.000106,0.170038,884.05,855.28,1781.25,0.526614,0.145098,-0.487315,0.278657,0.306651,0.535492,-0.264029,-0.369455,609.38,0.051470,5.2289,0.5529
2480,0.000134,0.167483,818.90,887.75,1734.38,0.479006,0.137255,-0.206152,0.507330,0.471847,0.035413,-0.422981,-0.385457,187.50,0.060582,6.9930,0.6353
2485,0.000100,0.150550,937.27,964.78,2343.75,0.469448,0.145098,-0.777192,0.637063,0.731705,-0.326629,-0.169824,-0.095122,281.25,0.058814,9.3092,0.5156
2491,0.000077,0.203612,981.03,964.50,2343.75,0.561715,0.239216,-1.796515,0.518361,1.053899,0.162406,-0.081411,0.143259,281.25,0.053623,9.1646,0.3385
2496,0.000104,0.237742,1048.81,967.50,2390.62,0.618774,0.164706,-1.160878,-0.014281,0.767102,0.363417,-0.112965,0.157606,375.00,0.043808,8.3897,0.3521
2501,0.000111,0.144559,1148.38,998.16,2578.12,0.629470,0.105882,-1.460982,-0.632037,1.002609,0.468270,0.160775,0.461364,375.00,0.049343,10.3332,0.2046
2507,0.000066,0.204669,1024.85,927.44,2250.00,0.602456,0.360784,-0.971635,-0.400021,0.914502,0.262326,0.104314,0.090514,375.00,0.051654,10.2690,0.3136
2512,0.000099,0.204839,1089.84,1006.75,2484.38,0.671093,0.168627,-0.707957,-0.067566,0.643226,-0.045685,0.055203,0.122779,328.12,0.045603,8.8778,0.3830
2517,0.000085,0.150601,1155.07,1047.06,2625.00,0.681525,0.196078,-0.915732,0.129178,0.607277,-0.107895,0.015588,0.271584,328.12,0.038794,7.5174,0.3689
2523,0.000071,0.196777,1210.85,1067.21,2718.75,0.675970,0.294118,-1.052312,0.200136,0.745512,-0.267085,-0.030124,0.403871,375.00,0.035873,7.5375,0.3514
2528,0.000081,0.160336,1286.99,1098.25,2859.38,0.623207,0.278431,-1.148956,-0.068063,0.874215,-0.136586,-0.112453,0.591843,375.00,0.033453,7.7891,0.2998
2533,0.000088,0.188125,1257.12,1037.20,2765.62,0.658132,0.164706,-1.058506,-0.225914,0.644911,0.282238,-0.135100,0.492372,375.00,0.030421,7.2812,0.3056
2539,0.000083,0.286250,1124.05,1001.57,2484.38,0.634165,0.247059,-0.747566,-0.102134,0.538181,0.282090,-0.250277,0.279705,375.00,0.030437,6.1833,0.3918
2544,0.000117,0.194748,1184.75,1048.01,2578.12,0.659144,0.098039,-0.836265,-0.050379,0.547374,0.210076,-0.292864,0.422056,375.00,0.032326,6.1468,0.3757
2549,0.000068,0.213995,1132.88,1071.10,2578.12,0.635596,0.286275,-0.629131,-0.042101,0.634733,0.040582,-0.255153,0.251071,328.12,0.041345,7.7541,0.4174
2555,0.000069,0.174716,1108.44,1070.54,2671.88,0.622589,0.313726,-0.835341,0.246466,0.739531,-0.106746,-0.290036,0.246126,328.12,0.039612,7.4818,0.4323
2560,0.000085,0.122181,1348.22,1157.46,2906.25,0.702751,0.184314,-0.665994,0.158589,0.390221,-0.174557,-0.326182,0.617922,328.12,0.022198,5.2900,0.4014
2565,0.000083,0.196388,1307.33,1155.37,2906.25,0.673419,0.219608,-0.613904,-0.086225,0.510303,-0.051028,-0.271124,0.511977,328.12,0.029202,7.2928,0.3845
2571,0.000099,0.184958,1188.61,1086.23,2765.62,0.650241,0.207843,-0.674373,-0.261826,0.652603,0.024920,-0.093208,0.351884,375.00,0.033989,8.3455,0.3549
2576,0.000109,0.280302,1173.41,1097.72,2718.75,0.657729,0.164706,-0.655632,0.196555,0.596780,-0.164892,-0.345332,0.372520,328.12,0.041499,8.6846,0.4395
2581,0.000104,0.213699,1087.62,1057.51,2578.12,0.613137,0.168627,-0.849252,0.498726,0.755496,-0.316383,-0.337142,0.248555,281.25,0.047524,9.2559,0.4673
2587,0.000088,0.292958,926.32,943.30,2203.12,0.561324,0.215686,-0.372414,0.307976,0.572053,-0.054232,-0.346684,-0.106701,328.12,0.044946,7.5997,0.5485
2592,0.000262,0.158269,1035.96,997.67,2390.62,0.642169,0.078431,-0.486676,0.213628,0.363464,0.116111,-0.274806,0.068279,328.12,0.040948,7.0205,0.4917
2597,0.000686,0.509928,779.57,896.87,1875.00,0.506824,0.023529,0.179843,0.622854,0.271148,-0.143446,-0.494220,-0.436180,93.75,0.082867,7.9523,0.7040
2603,0.000820,0.546430,621.89,798.81,1359.38,0.413161,0.039216,0.513236,0.878867,0.259519,-0.206073,-0.712077,-0.733472,93.75,0.248353,10.8716,0.8052
2608,0.000688,0.302742,497.22,739.39,984.38,0.265885,0.031373,0.978883,1.314617,-0.044040,-0.676874,-0.720060,-0.852525,140.62,0.455400,17.5510,0.8736
2613,0.000512,0.312655,660.76,825.28,1546.88,0.435717,0.086275,0.595417,0.820028,0.058994,-0.271529,-0.476971,-0.725939,93.75,0.423735,13.2858,0.7874
2619,0.000713,0.103575,781.45,911.17,1875.00,0.509767,0.027451,0.395604,0.606387,0.080488,-0.179580,-0.445307,-0.457592,93.75,0.365969,12.0399,0.7216
2624,0.000689,0.200381,731.43,882.39,1640.62,0.426600,0.031373,0.529454,0.920943,-0.342682,-0.251305,-0.303925,-0.552484,140.62,0.397737,15.9756,0.7601
2629,0.000641,0.194643,734.39,878.91,1453.12,0.389381,0.043137,0.539446,0.978992,-0.499085,-0.359495,-0.158565,-0.501292,140.62,0.465818,17.3249,0.7482
2635,0.000635,0.187703,794.09,874.48,1593.75,0.421168,0.011765,0.450873,0.799894,-0.444965,-0.339701,0.059224,-0.525326,140.62,0.431212,14.6870,0.7023
2640,0.000508,0.207148,845.20,871.26,1640.62,0.467885,0.031373,0.648203,0.634305,-0.968463,-0.106321,0.337356,-0.545079,93.75,0.355077,12.2565,0.6781
2645,0.000404,0.183912,757.28,859.80,1640.62,0.467160,0.070588,0.477718,0.681455,-0.264559,-0.199538,-0.118805,-0.576271,140.62,0.338478,12.0927,0.7165
2651,0.000445,0.160858,855.77,853.30,1828.12,0.509291,0.043137,0.132201,0.518486,-0.146510,-0.124259,0.099369,-0.479288,140.62,0.253675,9.9585,0.6260
2656,0.000524,0.174586,815.68,760.79,1359.38,0.472575,0.031373,0.128592,0.296236,-0.116698,0.294093,0.235342,-0.837565,93.75,0.196204,7.9841,0.6256
2661,0.000466,0.191131,791.88,724.24,1312.50,0.396405,0.039216,0.103151,0.417822,-0.079922,0.361864,0.232317,-1.035232,140.62,0.244886,9.7253,0.6597
2667,0.000670,0.240178,816.54,793.65,1453.12,0.481060,0.023529,0.081710,0.298049,0.080091,0.364542,-0.036460,-0.787931,140.62,0.270656,9.2443,0.6461
2672,0.000598,0.209710,769.13,784.48,1406.25,0.448195,0.039216,0.224018,0.578556,-0.196531,0.176094,0.050735,-0.832874,140.62,0.337965,11.3058,0.6883
2677,0.000588,0.222922,801.96,825.13,1640.62,0.493554,0.043137,0.275765,0.511403,-0.255539,0.252717,-0.224665,-0.559681,140.62,0.348444,10.7308,0.6869
2683,0.000630,0.101145,785.11,788.67,1546.88,0.465484,0.019608,0.351235,0.586998,-0.454938,0.243542,0.040133,-0.766969,140.62,0.353068,12.3372,0.6969
2688,0.000719,0.256503,759.95,763.28,1546.88,0.417969,0.031373,0.247575,0.728765,-0.549974,0.226988,0.174193,-0.827547,140.62,0.368797,12.7120,0.6931
2693,0.000655,0.238554,807.70,727.96,1546.88,0.417264,0.023529,-0.002512,0.581517,-0.690444,0.611923,0.276725,-0.777209,140.62,0.343494,10.3150,0.6318
2699,0.000687,0.134655,752.30,676.25,1453.12,0.355014,0.062745,0.200993,0.675880,-0.706061,0.679562,0.175611,-1.025986,140.62,0.375223,12.0828,0.7034
2704,0.000569,0.186860,683.80,698.51,1453.12,0.338599,0.003922,0.337871,0.764284,-0.462105,0.502157,-0.114286,-1.027920,140.62,0.407863,13.3727,0.7544
2709,0.000545,0.127480,721.76,723.88,1500.00,0.399790,0.031373,0.286144,0.625923,-0.379559,0.510880,-0.094298,-0.949089,140.62,0.400421,13.2747,0.7267
2715,0.000418,0.117082,714.05,780.79,1640.62,0.399788,0.011765,0.319245,0.843014,-0.320207,0.055391,-0.115936,-0.781506,140.62,0.361277,14.8413,0.7369
2720,0.000312,0.141117,751.28,822.44,1640.62,0.457464,0.070588,0.236100,0.785662,-0.099756,-0.043566,-0.204630,-0.673810,140.62,0.301751,13.7589,0.7211
2725,0.000169,0.106630,753.10,780.76,1593.75,0.445153,0.133333,0.139656,0.687619,-0.155991,0.151344,-0.036777,-0.785851,140.62,0.200666,10.7302,0.6953
2731,0.000213,0.168611,856.23,796.19,1687.50,0.478470,0.113725,-0.498319,0.363601,0.058313,0.624061,0.019884,-0.567540,187.50,0.129952,8.8128,0.5514
2736,0.000171,0.191876,937.18,860.95,2015.62,0.541470,0.168627,-0.892510,0.202363,0.174966,0.866886,-0.244003,-0.107702,187.50,0.073801,6.8725,0.4578
2741,0.000170,0.224204,899.23,835.14,1828.12,0.502376,0.109804,-0.842286,0.246218,0.399810,0.647362,-0.166121,-0.284984,656.25,0.072037,5.8892,0.4819
2747,0.000162,0.174198,1035.90,870.10,2015.62,0.633062,0.101961,-0.930300,0.105400,0.051059,0.707860,0.227951,-0.161971,187.50,0.059379,5.3603,0.3904
2752,0.000132,0.132456,881.79,872.10,1781.25,0.555261,0.160784,-0.504694,0.345723,0.375392,0.362905,-0.206731,-0.372594,187.50,0.057775,6.5145,0.5524
2757,0.000126,0.189917,915.89,916.52,2015.62,0.566554,0.192157,-0.171518,0.374895,0.084606,0.252776,-0.253528,-0.287231,140.62,0.064207,7.5698,0.5920
2763,0.000094,0.173598,1001.80,949.40,2203.12,0.575247,0.243137,-0.619892,0.285486,0.214812,0.454638,-0.270931,-0.064113,140.62,0.044560,5.5992,0.5001
2768,0.000100,0.210924,1118.65,911.78,2343.75,0.672085,0.235294,-1.005610,0.043708,0.137070,0.624002,0.112663,0.088167,234.38,0.027975,4.0638,0.3586
2773,0.000142,0.229505,1158.03,910.20,2296.88,0.689189,0.145098,-0.886375,-0.320501,0.157668,0.710262,0.166342,0.172603,750.00,0.026065,3.9171,0.3158
2779,0.000102,0.288472,1053.06,922.89,2250.00,0.637377,0.184314,-0.639486,0.037624,0.129293,0.484173,0.056056,-0.067661,328.12,0.036817,4.8029,0.4267
2784,0.000089,0.166211,1028.93,919.04,2203.12,0.555462,0.243137,-0.714994,-0.149915,0.293211,0.648340,-0.010252,-0.066388,328.12,0.049211,7.0498,0.4027
2789,0.000082,0.130006,1040.89,914.06,2250.00,0.600362,0.247059,-1.121091,-0.071391,0.574434,0.473124,0.178641,-0.033716,328.12,0.041449,7.2932,0.3388
2795,0.000087,0.258261,1135.52,915.94,2390.62,0.637538,0.266667,-1.480746,0.041255,0.443320,0.523317,0.318126,0.154729,375.00,0.027182,5.2575,0.2776
2800,0.000085,0.233309,1245.09,1014.59,2671.88,0.702580,0.219608,-1.108662,-0.276218,0.425091,0.348811,0.162122,0.448857,375.00,0.033741,6.6930,0.2693
2805,0.000102,0.156768,1185.82,1030.09,2671.88,0.664962,0.172549,-0.851562,-0.231570,0.465460,0.316164,-0.050979,0.352489,375.00,0.038567,8.3186,0.3335
2811,0.000099,0.255302,1128.56,1050.45,2671.88,0.636549,0.172549,-0.920260,0.087694,0.712307,0.124025,-0.331240,0.327473,375.00,0.041413,8.7784,0.3979
2816,0.000134,0.271875,953.09,996.49,2250.00,0.550082,0.105882,-0.828396,0.315887,0.884847,-0.043264,-0.391133,0.062060,375.00,0.046346,8.7331,0.4771
2821,0.000102,0.229444,863.42,935.58,2109.38,0.525594,0.105882,-0.586425,0.459585,0.819204,-0.118510,-0.392742,-0.181112,328.12,0.051845,8.7909,0.5556
2827,0.000085,0.202961,897.33,971.84,2250.00,0.506977,0.262745,-0.753541,0.684945,0.816505,-0.163064,-0.489209,-0.095636,281.25,0.063249,11.1383,0.5642
2832,0.000091,0.126233,1062.17,1014.52,2484.38,0.581422,0.149020,-1.316666,0.489306,0.825115,-0.055767,-0.098387,0.156399,281.25,0.047621,10.1323,0.3911
2837,0.000131,0.171692,1060.95,999.61,2390.62,0.605099,0.129412,-0.920791,0.360356,0.692977,-0.083932,-0.124673,0.076063,281.25,0.039630,8.9576,0.4364
2843,0.000058,0.299192,1053.95,1020.23,2437.50,0.607148,0.388235,-0.977055,0.458706,0.781911,-0.219703,-0.203984,0.160124,281.25,0.057254,10.5809,0.4410
2848,0.000102,0.198176,1127.04,1034.66,2484.38,0.669968,0.141176,-1.103314,0.442333,0.641920,-0.237047,0.016319,0.239791,281.25,0.048070,8.4816,0.3873
2853,0.000087,0.121546,1104.73,996.42,2531.25,0.637562,0.172549,-1.052654,0.125309,0.791871,-0.265455,0.110575,0.290356,375.00,0.032770,7.8895,0.3398
2859,0.000116,0.240774,1016.82,934.53,2343.75,0.582351,0.117647,-1.020512,-0.124684,0.964240,-0.121160,0.049240,0.252877,328.12,0.053829,12.3285,0.3266
2864,0.000075,0.207527,982.90,972.81,2156.25,0.546618,0.266667,-0.655249,0.217220,0.906368,-0.569157,-0.032344,0.133162,328.12,0.061305,13.1719,0.4330
2869,0.000080,0.132764,1061.92,1021.33,2343.75,0.602495,0.313726,-0.658820,0.227908,0.779144,-0.432828,-0.121222,0.205820,328.12,0.045040,10.1709,0.4359
2875,0.000081,0.184823,1230.15,1092.38,2718.75,0.638658,0.200000,-0.766136,0.130934,0.599887,-0.262286,-0.118625,0.416227,281.25,0.026069,6.8954,0.3855
2880,0.000097,0.249513,1153.36,1097.18,2812.50,0.632538,0.121569,-0.670077,-0.021429,0.745518,-0.215864,-0.189153,0.351007,375.00,0.036864,9.1915,0.3949
2885,0.000104,0.238626,1114.63,1047.40,2625.00,0.570041,0.156863,-1.495618,-0.047570,1.158340,-0.115583,0.054934,0.445497,375.00,0.047215,12.1877,0.2647
2891,0.000086,0.224819,1131.01,1024.17,2625.00,0.593195,0.188235,-1.501944,-0.460569,1.098280,0.269250,0.073933,0.521049,375.00,0.052128,11.9490,0.2178
2896,0.000094,0.214049,980.95,979.11,2390.62,0.537715,0.176471,-0.926588,0.102093,1.002667,-0.112725,-0.210511,0.145065,375.00,0.051697,11.3557,0.4062
2901,0.000083,0.205355,1009.42,941.91,2343.75,0.615173,0.258824,-0.892897,-0.128636,0.858102,0.129389,0.022643,0.011399,375.00,0.046062,9.7842,0.3710
2907,0.000080,0.217137,1101.54,1003.65,2484.38,0.643567,0.227451,-0.860294,0.076392,0.694851,-0.038934,-0.115766,0.243749,328.12,0.032831,7.1191,0.3879
2912,0.000072,0.215635,1215.86,1057.37,2671.88,0.669447,0.317647,-1.261816,-0.036638,0.792724,0.106950,-0.089882,0.488661,421.88,0.027065,6.1722,0.2997
2917,0.000105,0.196183,1339.02,1052.16,2765.62,0.699354,0.168627,-1.963819,-0.013193,0.798057,0.124025,0.371900,0.683029,421.88,0.029675,6.4176,0.1801
2923,0.000118,0.298984,1148.55,1033.53,2578.12,0.659965,0.109804,-1.141580,0.241898,0.572340,0.171057,-0.099420,0.255706,234.38,0.033066,6.4134,0.3710
2928,0.000115,0.336526,986.14,962.84,2203.12,0.592973,0.141176,-0.675769,0.240933,0.482139,0.357985,-0.333605,-0.071683,375.00,0.042097,6.0829,0.4963
2933,0.000064,0.184962,1063.74,1024.56,2437.50,0.625960,0.337255,-0.633148,-0.125572,0.704143,0.071524,-0.162403,0.145455,375.00,0.055909,9.0527,0.4083
2939,0.000107,0.160642,1207.99,1023.00,2625.00,0.672914,0.196078,-1.114937,-0.502864,0.742051,0.333319,0.063014,0.479417,375.00,0.040476,7.8790,0.2535
2944,0.000102,0.218153,1189.17,978.61,2578.12,0.679396,0.254902,-1.572857,-0.087250,0.591293,0.518081,0.098052,0.452679,328.12,0.029272,5.7848,0.2487
2949,0.000115,0.317985,1143.21,1013.06,2531.25,0.709147,0.133333,-1.243296,0.200210,0.580080,0.212748,-0.027683,0.277941,281.25,0.041074,6.5966,0.3437
2955,0.000092,0.233207,1038.83,984.69,2343.75,0.639984,0.239216,-0.642690,0.036913,0.623056,0.004132,-0.103660,0.082248,328.12,0.038955,6.0444,0.4275
2960,0.000083,0.175719,1113.48,960.15,2343.75,0.647373,0.278431,-0.894858,-0.445321,0.638927,0.365786,0.089540,0.245927,375.00,0.041990,6.7994,0.3020
2965,0.000093,0.255765,1389.65,1011.05,2718.75,0.790057,0.223529,-1.460315,-0.392102,0.204468,0.557850,0.376395,0.713704,328.12,0.022607,3.9990,0.1868
2971,0.000093,0.183737,1303.67,1021.85,2671.88,0.721849,0.211765,-1.455885,-0.058640,0.442605,0.320055,0.238443,0.513424,328.12,0.028032,5.2985,0.2436
2976,0.000097,0.210398,1225.41,1006.07,2625.00,0.703481,0.258824,-1.485479,-0.061251,0.499612,0.460218,0.153458,0.433444,281.25,0.027685,5.1178,0.2560
2981,0.000088,0.240794,1146.95,1017.83,2578.12,0.645137,0.258824,-1.098474,0.148494,0.430355,0.429112,-0.160043,0.250555,562.50,0.030181,5.2974,0.3728
2987,0.000138,0.216345,1165.43,987.51,2531.25,0.619949,0.149020,-0.965837,-0.321256,0.519547,0.463469,-0.055206,0.359284,515.62,0.029414,5.4638,0.3110
2992,0.000105,0.317383,988.89,987.64,2437.50,0.574287,0.156863,-0.631958,0.371192,0.556952,0.121926,-0.461928,0.043816,281.25,0.037676,5.5713,0.5197
2997,0.000102,0.170913,942.99,992.81,2343.75,0.558376,0.117647,-0.515606,0.502817,0.713229,-0.147418,-0.487640,-0.065381,281.25,0.055261,9.0391,0.5671

----- END /raw_noise_3s_75534.csv -----
> 
> dump /raw_noise_3s_68195.csv
----- BEGIN /raw_noise_3s_68195.csv (84575 bytes) -----
ms_from_event,rms,flux,centroid_hz,spread_hz,rolloff85_hz,flatness,zcr,band0,band1,band2,band3,band4,band5,peak_hz,peak_mag,peak_ratio,low_dom
0,0.000072,0.199438,1036.27,981.19,2390.62,0.631370,0.180392,-1.234323,0.257002,0.857074,0.121168,-0.157599,0.156676,281.25,0.030904,6.4095,0.3803
5,0.000095,0.124682,1181.72,1021.24,2578.12,0.669173,0.125490,-0.910834,-0.371071,0.753555,0.110600,0.016528,0.401225,375.00,0.025863,7.0881,0.2995
11,0.000085,0.311962,1042.32,988.10,2484.38,0.564984,0.207843,-1.035722,0.016612,1.030222,-0.089361,-0.270983,0.349231,375.00,0.044266,10.2475,0.3662
16,0.000087,0.161605,1121.02,1044.80,2578.12,0.599044,0.180392,-0.564893,-0.028220,0.760870,-0.284770,-0.214961,0.331974,328.12,0.044606,10.8632,0.4122
21,0.000069,0.294951,1043.60,1065.27,2531.25,0.562176,0.286275,-0.475233,0.571796,0.682577,-0.645010,-0.336472,0.202342,281.25,0.032370,7.4511,0.5288
27,0.000069,0.210792,1202.03,1113.93,2765.62,0.663035,0.266667,-0.784598,0.505140,0.419959,-0.350467,-0.292606,0.502571,187.50,0.031834,8.1369,0.4391
32,0.000086,0.191380,1303.51,1111.84,2812.50,0.716569,0.219608,-0.627807,0.279392,0.296668,-0.226303,-0.244103,0.522153,140.62,0.022238,5.8568,0.4223
37,0.000125,0.288256,1000.45,1001.60,2343.75,0.579249,0.098039,-0.612585,0.282238,0.613083,0.115273,-0.541693,0.143683,375.00,0.027294,6.5302,0.5085
43,0.000110,0.362550,859.77,927.06,2156.25,0.480190,0.125490,-0.235546,0.388398,0.650962,0.129907,-0.762139,-0.171583,328.12,0.042850,7.8379,0.6326
48,0.000094,0.195971,862.60,949.92,2250.00,0.519857,0.145098,-0.325080,0.466332,0.689455,-0.183464,-0.523896,-0.123346,328.12,0.053948,9.5693,0.5973
53,0.000080,0.188952,952.46,1016.43,2484.38,0.532208,0.211765,-0.771720,0.494807,0.791193,-0.187633,-0.371745,0.045098,328.12,0.050996,9.7694,0.5062
59,0.000075,0.160674,1070.24,1010.43,2531.25,0.565512,0.235294,-1.199043,0.106421,0.852508,0.157436,-0.181281,0.263959,328.12,0.046207,10.5722,0.3572
64,0.000095,0.259824,1159.18,1068.57,2625.00,0.631679,0.125490,-0.804795,-0.159884,0.816156,0.047078,-0.381775,0.483221,375.00,0.032318,7.9154,0.3698
69,0.000089,0.271850,1131.31,1077.04,2625.00,0.635678,0.203922,-0.634953,0.164575,0.588863,-0.074927,-0.343487,0.299928,328.12,0.034299,7.3568,0.4468
75,0.000093,0.207251,1020.91,1001.97,2531.25,0.567745,0.149020,-0.895769,0.072167,0.891651,-0.124052,-0.126228,0.182233,328.12,0.045173,10.3523,0.3918
80,0.000093,0.241163,1011.75,951.90,2343.75,0.618191,0.160784,-0.822208,0.140715,0.664660,0.118966,-0.225734,0.123603,328.12,0.045904,9.4476,0.4281
85,0.000078,0.196092,914.54,950.87,2203.12,0.559955,0.211765,-0.464510,0.332336,0.656590,-0.157857,-0.307818,-0.058740,328.12,0.044515,9.5997,0.5293
91,0.000087,0.155102,1040.64,1039.67,2531.25,0.570331,0.188235,-0.583106,0.185927,0.742095,-0.338435,-0.171095,0.164614,375.00,0.040879,10.0164,0.4513
96,0.000089,0.210177,1090.02,1036.19,2484.38,0.605887,0.188235,-1.208918,-0.022291,1.000436,-0.079711,-0.015748,0.326231,375.00,0.039956,9.9392,0.3163
101,0.000091,0.322174,1097.66,991.42,2437.50,0.656324,0.156863,-1.171779,-0.078434,0.738093,0.236096,0.113944,0.162080,328.12,0.038024,8.4008,0.3180
107,0.000086,0.224727,1072.66,967.13,2343.75,0.632845,0.156863,-1.292181,0.014612,0.754169,0.383723,-0.021144,0.160819,328.12,0.038683,7.4279,0.3299
112,0.000083,0.195481,1017.52,959.13,2343.75,0.609987,0.219608,-0.759461,-0.146925,0.813363,0.222059,-0.266092,0.137053,375.00,0.038315,8.0723,0.4040
117,0.000109,0.134334,1067.27,1017.29,2484.38,0.633694,0.082353,-0.576539,-0.055085,0.663379,-0.081315,-0.153930,0.203490,328.12,0.040669,9.8491,0.4157
123,0.000066,0.242101,998.44,966.29,2343.75,0.537966,0.266667,-1.151149,0.024912,1.106246,-0.242763,0.073258,0.189496,328.12,0.054954,13.7426,0.3330
128,0.000054,0.156628,1003.46,994.23,2390.62,0.573572,0.325490,-1.345840,0.163198,1.152568,-0.059077,-0.203094,0.292247,375.00,0.042069,10.7881,0.3462
133,0.000081,0.203144,1164.15,1086.09,2812.50,0.609298,0.215686,-0.817838,-0.171001,0.828439,0.124708,-0.466006,0.501697,421.88,0.028280,9.2727,0.3747
139,0.000099,0.201773,1163.18,1059.09,2812.50,0.633064,0.156863,-0.779223,-0.347892,0.808782,0.043569,-0.128808,0.403571,421.88,0.029729,9.2374,0.3316
144,0.000089,0.318093,1061.41,1025.67,2531.25,0.564513,0.196078,-0.706810,-0.221127,1.010979,-0.306798,-0.110941,0.334698,375.00,0.047708,12.5708,0.3599
149,0.000091,0.204316,1011.28,977.62,2296.88,0.549639,0.164706,-0.739895,-0.043223,0.981249,-0.420885,-0.035145,0.257898,328.12,0.052339,12.9198,0.3769
155,0.000092,0.232290,1071.78,965.24,2296.88,0.611150,0.133333,-1.203753,-0.096326,0.842283,0.101560,0.100225,0.256010,328.12,0.047972,10.6164,0.3040
160,0.000085,0.204856,1094.12,1055.13,2578.12,0.587439,0.168627,-1.038203,-0.032948,0.882238,0.124155,-0.317146,0.381902,328.12,0.041946,9.1284,0.3617
165,0.000088,0.189362,1003.34,993.98,2390.62,0.573465,0.172549,-0.870860,0.071117,0.869266,0.121372,-0.361842,0.170948,328.12,0.044742,10.6857,0.4245
171,0.000091,0.226516,999.79,939.32,2203.12,0.581360,0.149020,-0.918300,-0.221149,0.910734,0.133033,-0.023659,0.119341,375.00,0.045688,10.4320,0.3503
176,0.000082,0.168082,1058.96,1004.01,2437.50,0.589342,0.149020,-0.855383,-0.125229,0.873404,-0.071851,0.008239,0.170822,328.12,0.044649,11.6086,0.3590
181,0.000074,0.182804,976.48,977.25,2390.62,0.540358,0.211765,-0.932784,0.008893,0.945963,0.031299,-0.114800,0.061429,375.00,0.042284,10.9292,0.3929
187,0.000091,0.169958,1066.02,1010.22,2531.25,0.572575,0.133333,-1.367557,-0.156682,1.116023,-0.008157,0.078854,0.337517,375.00,0.044919,13.6398,0.2748
192,0.000087,0.233732,1019.46,1001.05,2390.62,0.577923,0.180392,-1.032551,-0.090501,1.063382,-0.024464,-0.183120,0.267252,375.00,0.043536,12.1709,0.3535
197,0.000082,0.196198,985.07,960.02,2250.00,0.526833,0.211765,-0.835032,-0.061762,1.038687,-0.193137,-0.101166,0.152411,328.12,0.049064,13.2351,0.3837
203,0.000076,0.193475,1071.87,1017.93,2437.50,0.583063,0.200000,-0.828524,-0.081868,0.954411,-0.311141,-0.039140,0.306263,375.00,0.046284,12.6515,0.3569
208,0.000101,0.128415,1082.75,1041.63,2578.12,0.574517,0.066667,-0.993846,-0.219788,0.974715,0.109522,-0.267873,0.397270,375.00,0.046357,13.4256,0.3382
213,0.000083,0.225526,1127.62,1049.35,2578.12,0.542739,0.149020,-1.478328,-0.295879,1.320418,-0.209889,-0.030926,0.694603,375.00,0.052716,14.9202,0.2281
219,0.000091,0.215789,1066.12,1042.11,2531.25,0.521815,0.172549,-0.832424,-0.295356,1.148768,-0.223163,-0.246361,0.448537,375.00,0.053089,13.2663,0.3396
224,0.000132,0.241815,1045.05,1041.78,2531.25,0.571243,0.098039,-0.698804,0.124269,0.861553,-0.267531,-0.295712,0.276224,328.12,0.043063,10.6550,0.4311
229,0.000140,0.347582,818.83,961.39,2062.50,0.442051,0.090196,-0.656920,0.784794,0.909968,-0.295314,-0.633738,-0.108790,187.50,0.048914,9.3266,0.6071
235,0.000115,0.281554,777.07,943.88,2015.62,0.448532,0.145098,-0.219361,1.015748,0.611838,-0.553136,-0.672345,-0.182744,234.38,0.071245,12.2664,0.6955
240,0.000254,0.246991,872.13,963.77,2250.00,0.518284,0.066667,-0.378480,0.569359,0.719648,-0.165057,-0.604704,-0.140766,234.38,0.063550,10.8692,0.6150
245,0.000553,0.455516,783.00,954.32,2156.25,0.450554,0.007843,0.159735,0.748797,0.322208,-0.182669,-0.829723,-0.218348,187.50,0.097706,10.3222,0.7268
251,0.000584,0.458511,692.36,888.04,1921.88,0.408872,0.031373,0.369914,1.003620,0.125222,-0.367824,-0.775953,-0.354979,140.62,0.240737,14.3540,0.7777
256,0.000634,0.247896,669.84,892.20,1968.75,0.318890,0.031373,0.490340,1.226032,0.121535,-0.797829,-0.882278,-0.157800,187.50,0.340213,17.8102,0.7987
261,0.000655,0.181356,663.22,884.32,2015.62,0.275098,0.003922,0.506276,1.199728,0.364855,-0.859810,-1.123279,-0.087770,140.62,0.350111,17.0273,0.8113
267,0.000655,0.257337,761.41,908.76,2062.50,0.396387,0.039216,0.212539,0.809460,0.305432,-0.511093,-0.730281,-0.086057,140.62,0.364857,14.0259,0.7149
272,0.000870,0.264297,772.75,893.94,1968.75,0.463165,0.015686,0.250264,0.764861,-0.058597,-0.235205,-0.395395,-0.325927,140.62,0.433460,14.3319,0.7044
277,0.000794,0.135237,781.90,891.77,1968.75,0.477150,0.023529,0.280684,0.744123,-0.009911,-0.322637,-0.327408,-0.364852,140.62,0.499284,15.0166,0.7024
283,0.000632,0.192213,719.53,894.24,2062.50,0.345302,0.015686,0.357234,0.893711,0.291807,-0.505716,-0.867915,-0.169122,140.62,0.489592,14.5431,0.7584
288,0.000675,0.119155,762.33,920.49,2296.88,0.268038,0.023529,0.305850,0.872043,0.542880,-0.569273,-1.236718,0.085219,140.62,0.427525,13.7177,0.7622
293,0.000519,0.106504,868.57,970.20,2390.62,0.399883,0.039216,0.240713,0.777672,0.134131,-0.572505,-0.727425,0.147413,140.62,0.379858,13.7124,0.6898
299,0.000446,0.215663,826.94,907.63,2062.50,0.468998,0.023529,0.134841,0.680411,0.192924,-0.378384,-0.455255,-0.174536,140.62,0.353486,12.2290,0.6732
304,0.000703,0.144193,848.23,934.69,2156.25,0.457328,0.015686,0.122091,0.660210,0.251080,-0.219814,-0.694957,-0.118610,140.62,0.308951,11.5385,0.6895
309,0.000586,0.216177,880.39,940.03,2156.25,0.557527,0.003922,0.195503,0.623347,-0.061284,-0.162294,-0.457177,-0.138095,140.62,0.346035,11.2176,0.6698
315,0.000968,0.188849,716.54,897.71,2062.50,0.397983,0.007843,0.446164,0.952972,0.145898,-0.516713,-0.819892,-0.208430,140.62,0.415045,15.5944,0.7710
320,0.001012,0.246467,636.53,862.05,1968.75,0.305497,0.003922,0.610410,1.163999,0.572738,-0.819046,-1.366949,-0.161152,140.62,0.475812,14.6477,0.8391
325,0.000878,0.241590,623.24,831.16,1453.12,0.355937,0.007843,0.540934,1.038749,0.566969,-0.593879,-1.068162,-0.484611,140.62,0.526597,14.5385,0.8272
331,0.000873,0.223275,605.32,791.97,1406.25,0.344858,0.007843,0.522550,1.072028,0.293944,-0.524560,-0.757009,-0.606953,140.62,0.588303,15.4748,0.8145
336,0.000758,0.239276,721.70,815.79,1640.62,0.481336,0.031373,0.410515,0.673861,0.088473,-0.105804,-0.414856,-0.652188,140.62,0.567845,13.5527,0.7457
341,0.000949,0.114828,617.11,808.75,1500.00,0.373086,0.003922,0.701932,1.069278,-0.137904,-0.368037,-0.721852,-0.543417,140.62,0.566835,17.5767,0.8203
347,0.000829,0.079109,611.09,866.84,1640.62,0.344139,0.003922,0.967471,1.204083,-0.256454,-0.828314,-0.786711,-0.300073,140.62,0.570628,20.9126,0.8361
352,0.000902,0.342649,670.73,869.44,1687.50,0.444287,0.015686,0.793595,0.819462,-0.041407,-0.587678,-0.477729,-0.506244,140.62,0.513755,14.7077,0.7856
357,0.000911,0.196894,581.38,798.06,1406.25,0.326630,0.011765,0.757726,1.047441,0.370861,-0.692709,-1.019862,-0.463456,140.62,0.553749,15.9027,0.8381
363,0.001100,0.139754,636.64,816.06,1828.12,0.322134,0.011765,0.609471,0.921736,0.292549,-0.459234,-0.987575,-0.376947,140.62,0.557108,15.2337,0.8097
368,0.001094,0.314821,745.46,858.15,2015.62,0.432421,0.023529,0.479771,0.521652,0.177538,-0.222948,-0.605390,-0.350623,93.75,0.572728,12.7344,0.7269
373,0.001043,0.244639,721.35,906.67,2109.38,0.330220,0.003922,0.573287,0.877816,0.247834,-0.629402,-0.903203,-0.166333,93.75,0.599859,12.1218,0.7791
379,0.001048,0.181440,776.47,891.09,2015.62,0.451470,0.007843,0.290018,0.700945,0.241890,-0.513084,-0.458890,-0.260879,93.75,0.589892,11.6976,0.7017
384,0.000919,0.186589,768.29,895.63,2062.50,0.353340,0.031373,0.426104,0.758731,0.056297,-0.558663,-0.600219,-0.082251,140.62,0.549587,11.0609,0.7178
389,0.001026,0.218393,823.42,872.18,2062.50,0.444966,0.003922,0.040008,0.498170,0.293293,-0.090711,-0.489265,-0.251496,93.75,0.489513,9.5230,0.6546
395,0.000927,0.152341,822.34,923.63,2156.25,0.395058,0.023529,0.272037,0.647382,0.229761,-0.333137,-0.730809,-0.085234,140.62,0.499553,10.5231,0.7043
400,0.001066,0.117236,847.28,940.86,2156.25,0.443095,0.003922,0.421090,0.674977,-0.128928,-0.381126,-0.475346,-0.110667,140.62,0.544733,11.9745,0.6987
405,0.000894,0.291612,858.53,906.69,2062.50,0.544709,0.015686,0.228621,0.410224,0.140217,-0.194367,-0.352545,-0.232150,93.75,0.568641,10.2761,0.6483
411,0.000781,0.149112,859.89,949.16,2156.25,0.473540,0.031373,0.327964,0.687717,0.128335,-0.659726,-0.365889,-0.118400,140.62,0.491366,9.9017,0.6792
416,0.000759,0.144070,869.32,937.11,2109.38,0.503899,0.019608,0.060996,0.661329,0.304482,-0.568402,-0.214956,-0.243450,93.75,0.405802,9.4727,0.6434
421,0.000846,0.195775,825.29,880.50,1875.00,0.464121,0.011765,0.242508,0.662766,0.073120,-0.362967,-0.137117,-0.478312,140.62,0.403670,9.4841,0.6814
427,0.000685,0.148113,830.69,863.93,1828.12,0.438988,0.027451,0.254593,0.602217,-0.004271,-0.182137,-0.059938,-0.610465,140.62,0.422058,10.3427,0.6821
432,0.000629,0.216077,966.82,911.39,1921.88,0.498426,0.031373,0.214055,0.361838,-0.157574,-0.325393,0.294780,-0.387706,93.75,0.407509,10.1730,0.5828
437,0.000379,0.203366,917.58,877.96,1875.00,0.505534,0.058824,0.154609,0.286286,-0.167558,0.171391,0.091365,-0.536094,93.75,0.352740,8.9097,0.6089
443,0.000475,0.124227,1022.38,888.06,1968.75,0.550982,0.031373,-0.019493,0.000243,-0.222413,0.256521,0.305379,-0.320237,93.75,0.269978,8.1727,0.4995
448,0.000456,0.154135,1000.61,886.47,2109.38,0.557692,0.066667,-0.052227,-0.058425,-0.348270,0.616125,-0.075231,-0.081971,93.75,0.191634,6.8209,0.5058
453,0.000345,0.145186,1034.65,911.17,2250.00,0.547963,0.043137,-0.131622,0.008155,-0.211165,0.592780,-0.139822,-0.118325,656.25,0.164573,6.5905,0.5168
459,0.000534,0.199460,956.45,867.78,1921.88,0.523401,0.019608,-0.058320,0.055452,-0.271988,0.608556,0.001946,-0.335647,656.25,0.162623,6.3902,0.5413
464,0.000568,0.294321,958.42,855.30,1875.00,0.592734,0.015686,-0.401035,0.095075,0.046386,0.431126,0.147349,-0.318900,187.50,0.137792,4.7936,0.4832
469,0.000531,0.320863,873.94,895.36,1921.88,0.536154,0.050980,-0.318301,0.364793,0.550987,-0.174540,-0.053737,-0.369202,234.38,0.203998,5.8866,0.5584
475,0.000471,0.175216,774.21,903.36,1828.12,0.408631,0.019608,0.401708,0.673007,0.308152,-0.633904,-0.240133,-0.508830,93.75,0.276196,9.9439,0.7134
480,0.000297,0.106857,737.21,864.81,1781.25,0.377266,0.015686,0.481281,0.752783,0.055145,-0.220413,-0.332888,-0.735907,140.62,0.269714,12.5712,0.7598
485,0.000235,0.147495,781.11,867.90,1781.25,0.452869,0.050980,0.497056,0.594548,-0.266534,0.050461,-0.239330,-0.636202,93.75,0.215766,11.8015,0.7278
491,0.000272,0.125314,928.58,941.13,2156.25,0.540236,0.062745,0.137185,0.282916,-0.083644,0.080778,-0.143574,-0.273660,93.75,0.130729,8.3069,0.6032
496,0.000246,0.218364,890.14,906.71,1875.00,0.471883,0.109804,-0.377178,0.265692,0.545146,0.095797,-0.171898,-0.357558,328.12,0.075067,5.1746,0.5521
501,0.000184,0.223205,774.06,843.87,1734.38,0.436693,0.090196,0.111653,0.277281,0.451531,0.112939,-0.340134,-0.613270,140.62,0.092614,6.7971,0.6618
507,0.000360,0.190354,773.47,851.77,1734.38,0.423374,0.058824,0.031479,0.494289,0.492103,-0.048962,-0.310261,-0.658649,93.75,0.113917,8.5203,0.6786
512,0.000535,0.244162,734.20,869.27,1687.50,0.436359,0.003922,0.169163,0.617008,0.553903,-0.366048,-0.351688,-0.622337,234.38,0.123263,8.1741,0.7068
517,0.000734,0.342050,578.58,760.68,1218.75,0.340541,0.011765,0.402689,0.851906,0.637704,-0.278438,-0.729061,-0.884802,281.25,0.154691,7.4690,0.8076
523,0.000472,0.273570,531.08,720.32,1125.00,0.295877,0.019608,0.843590,0.902322,0.223000,-0.201618,-0.706796,-1.060498,93.75,0.332341,14.3033,0.8528
528,0.000460,0.219488,520.02,675.89,937.50,0.300948,0.035294,0.725667,1.027807,0.203974,-0.048366,-0.723291,-1.185792,93.75,0.333679,12.9840,0.8619
533,0.000682,0.162953,561.03,697.03,984.38,0.317852,0.019608,0.548628,0.723575,0.257218,0.253217,-0.644281,-1.138356,93.75,0.262523,11.2417,0.8216
539,0.000383,0.254781,554.19,687.40,1031.25,0.311086,0.062745,0.603595,0.824132,0.169772,0.144448,-0.523508,-1.218439,93.75,0.296344,10.3600,0.8299
544,0.000676,0.187708,712.21,788.12,1453.12,0.456722,0.015686,0.198080,0.488465,0.148571,0.311395,-0.277442,-0.869069,93.75,0.213222,7.6009,0.7143
549,0.000616,0.195362,600.38,727.86,1265.62,0.343816,0.015686,0.471428,0.769223,0.190717,0.084616,-0.368600,-1.147384,93.75,0.269635,9.5172,0.7987
555,0.000588,0.181290,594.80,718.74,1265.62,0.337079,0.043137,0.495324,0.808624,0.423104,-0.060779,-0.494256,-1.172018,93.75,0.323509,11.9030,0.8153
560,0.000304,0.146146,562.88,677.98,1078.12,0.322462,0.074510,0.504128,0.878153,0.287121,0.053121,-0.503288,-1.219235,140.62,0.289137,10.5022,0.8253
565,0.000532,0.202320,639.28,702.66,1453.12,0.363997,0.023529,0.237812,0.563631,0.366236,0.288844,-0.397292,-1.059231,281.25,0.171004,7.3421,0.7557
571,0.000404,0.105971,653.78,748.96,1453.12,0.382083,0.082353,0.190293,0.543364,0.377346,0.280278,-0.578820,-0.812460,234.38,0.152403,7.3377,0.7432
576,0.000533,0.233531,554.93,697.73,984.38,0.318427,0.035294,0.540578,0.832590,0.295664,0.140124,-0.763355,-1.045601,93.75,0.247608,10.8434,0.8308
581,0.000344,0.106604,599.82,723.83,1078.12,0.349757,0.023529,0.470242,0.807650,0.239536,0.178109,-0.722560,-0.972976,93.75,0.256229,12.0291,0.8156
587,0.000379,0.170655,617.90,761.69,1265.62,0.357935,0.082353,0.508210,0.728471,0.168223,0.107459,-0.641068,-0.871295,93.75,0.238634,10.7851,0.7981
592,0.000493,0.110564,774.29,904.02,1875.00,0.471865,0.066667,0.453048,0.407026,-0.092447,-0.083972,-0.257413,-0.426241,93.75,0.180733,11.4642,0.6839
597,0.000337,0.363420,568.62,709.65,1171.88,0.331334,0.015686,0.586793,0.752017,0.327208,-0.074103,-0.582706,-1.009208,93.75,0.222729,11.2534,0.8124
603,0.000262,0.225885,564.79,698.05,1078.12,0.346204,0.027451,0.205413,0.845151,0.641275,0.010973,-0.663586,-1.039226,187.50,0.164867,7.7717,0.7985
608,0.000311,0.094594,606.05,715.88,1171.88,0.337121,0.043137,0.186284,0.654109,0.537651,0.201602,-0.570431,-1.009214,93.75,0.114809,7.2240,0.7703
613,0.000208,0.184435,662.84,731.07,1359.38,0.373752,0.086275,-0.043574,0.578666,0.680365,0.209135,-0.472766,-0.951826,93.75,0.109583,7.4323,0.7271
619,0.000214,0.255867,769.02,812.95,1640.62,0.495542,0.105882,-0.183082,0.329937,0.294179,0.448748,-0.312737,-0.577045,93.75,0.089358,6.0793,0.6268
624,0.000112,0.097044,724.58,837.01,1593.75,0.433452,0.137255,0.241545,0.510593,0.163041,0.259340,-0.566845,-0.607673,93.75,0.095768,8.4987,0.7238
629,0.000152,0.083097,769.27,863.48,1734.38,0.479251,0.109804,0.169659,0.458950,0.322500,0.168405,-0.595946,-0.523568,93.75,0.069253,8.2556,0.7056
635,0.000132,0.163678,830.55,865.09,1875.00,0.512505,0.066667,-0.272968,0.275733,0.513117,0.231872,-0.404135,-0.343619,187.50,0.045300,6.3790,0.5927
640,0.000145,0.288303,785.38,846.29,1828.12,0.452214,0.074510,-0.473919,0.428904,0.965800,-0.082494,-0.477847,-0.360445,281.25,0.062960,8.6103,0.5979
645,0.000166,0.196793,832.97,876.46,1968.75,0.473965,0.078431,-0.874547,0.632461,0.888836,-0.125080,-0.359123,-0.162548,281.25,0.075487,10.7507,0.5349
651,0.000138,0.248567,786.18,891.22,1921.88,0.401455,0.121569,-0.383808,0.404780,1.090513,-0.417507,-0.518270,-0.175707,328.12,0.087582,13.2917,0.5884
656,0.000142,0.188316,973.05,1021.68,2390.62,0.515851,0.101961,-0.622127,0.418758,1.015981,-0.710052,-0.249406,0.146847,328.12,0.091388,13.7438,0.4874
661,0.000094,0.163126,1087.88,1074.28,2625.00,0.583982,0.196078,-0.941633,0.363515,0.923900,-0.547373,-0.139864,0.341457,328.12,0.078565,11.8329,0.4038
667,0.000133,0.171095,1184.23,1122.98,2859.38,0.575006,0.192157,-1.658702,0.577029,1.015146,-0.360986,-0.123072,0.550587,281.25,0.057337,9.8453,0.3198
672,0.000267,0.349468,1169.15,1153.16,2812.50,0.655174,0.019608,-0.242473,0.419054,0.259380,-0.361377,-0.457156,0.382570,187.50,0.044698,6.7035,0.5314
677,0.000412,0.374499,815.90,1014.15,2250.00,0.471817,0.035294,0.635570,0.850347,-0.354490,-0.383027,-0.627594,-0.120806,140.62,0.117674,14.0351,0.7535
683,0.000516,0.341852,618.60,921.44,1687.50,0.344122,0.039216,1.162005,1.245183,-0.447999,-0.913070,-0.747257,-0.298862,140.62,0.203342,19.6238,0.8490
688,0.000244,0.476316,609.49,827.56,1406.25,0.400304,0.074510,0.772729,0.980180,-0.046490,-0.446129,-0.607171,-0.653120,140.62,0.255337,13.2207,0.8186
693,0.000130,0.314301,781.75,853.58,1734.38,0.551855,0.101961,0.108005,0.483549,0.256861,-0.052243,-0.274060,-0.522112,93.75,0.179844,7.6979,0.6668
699,0.000341,0.014959,879.58,923.09,2015.62,0.576088,0.043137,-0.177582,0.293160,0.414570,0.052966,-0.265724,-0.317390,281.25,0.080810,6.4440,0.5865
704,0.000313,0.290599,762.05,877.67,1781.25,0.471165,0.043137,-0.129671,0.626776,0.559096,-0.091150,-0.414860,-0.550191,281.25,0.124229,8.8229,0.6750
709,0.000343,0.310567,848.47,853.42,1828.12,0.566862,0.074510,-0.584183,0.227975,0.710357,0.180578,-0.065675,-0.469051,328.12,0.129462,6.8025,0.5223
715,0.000400,0.144157,669.64,786.04,1406.25,0.391044,0.113725,0.128467,0.492607,0.690716,-0.040162,-0.509950,-0.761677,328.12,0.128303,8.3960,0.7204
720,0.000215,0.223366,494.57,690.92,703.12,0.248920,0.125490,0.612043,1.074494,0.683711,-0.131265,-1.314812,-0.924171,140.62,0.189769,12.2985,0.8768
725,0.000403,0.224436,531.59,715.10,750.00,0.275507,0.019608,0.332823,0.933604,0.780716,0.171926,-1.293019,-0.926050,187.50,0.128101,8.1074,0.8510
731,0.000367,0.244435,755.42,858.64,1687.50,0.503139,0.066667,0.079204,0.488861,0.360642,0.073072,-0.441056,-0.560724,140.62,0.113622,6.4820,0.6867
736,0.000316,0.360471,956.42,914.38,2062.50,0.655276,0.031373,-0.390510,0.120702,0.173607,0.399453,-0.081180,-0.222073,187.50,0.154481,6.4195,0.5042
741,0.000362,0.156960,765.70,873.25,1781.25,0.517219,0.050980,0.301858,0.495085,0.114724,0.081086,-0.435666,-0.557087,140.62,0.160398,9.3316,0.7099
747,0.000344,0.142357,564.06,777.14,1031.25,0.343022,0.039216,0.788371,0.895474,0.282279,-0.270496,-0.877464,-0.818165,93.75,0.210038,15.1196,0.8442
752,0.000309,0.205464,552.24,758.38,937.50,0.331522,0.023529,0.669863,0.872830,0.534285,-0.158679,-1.105021,-0.813279,93.75,0.179260,11.5161,0.8495
757,0.000219,0.283132,687.80,792.30,1406.25,0.398790,0.062745,-0.078249,0.486194,0.635916,0.224562,-0.592976,-0.675447,281.25,0.107822,6.4714,0.6981
763,0.000209,0.190804,859.20,842.25,1828.12,0.562947,0.066667,-0.350852,0.044338,0.455543,0.386686,-0.043873,-0.491843,468.75,0.098602,6.0464,0.5286
768,0.000327,0.092070,741.12,807.95,1546.88,0.445716,0.043137,-0.302220,0.388487,0.729757,0.170133,-0.323731,-0.662425,328.12,0.082408,7.0723,0.6309
773,0.000301,0.224979,606.52,768.22,1125.00,0.334946,0.125490,0.118070,0.804323,0.948964,-0.283040,-0.803060,-0.785257,328.12,0.110093,9.5528,0.7782
779,0.000241,0.274127,544.29,776.38,937.50,0.304774,0.121569,0.578809,1.105592,0.557715,-0.416828,-1.042646,-0.782642,140.62,0.150519,11.4099,0.8526
784,0.000228,0.193819,597.64,817.17,1218.75,0.350657,0.101961,0.301754,0.982439,0.670593,-0.533359,-0.735629,-0.685798,187.50,0.120160,9.5365,0.7946
789,0.000214,0.055324,657.22,909.32,1546.88,0.382796,0.200000,0.464355,0.837132,0.628935,-0.651204,-0.760879,-0.518340,281.25,0.099389,10.6871,0.7842
795,0.000163,0.175193,689.46,903.37,1593.75,0.397325,0.294118,0.416619,0.614717,0.403522,-0.241284,-0.703866,-0.489708,187.50,0.046795,5.8768,0.7526
800,0.000183,0.196481,768.98,978.75,2015.62,0.455681,0.243137,0.291907,0.746200,0.534080,-0.537673,-0.795865,-0.238649,93.75,0.065578,8.5065,0.7381
805,0.000119,0.130142,864.12,967.81,2250.00,0.498583,0.247059,-0.232845,0.572938,0.752948,-0.464661,-0.469441,-0.158940,328.12,0.063980,10.1285,0.6187
811,0.000145,0.194937,810.90,932.50,1875.00,0.492990,0.184314,-0.048079,0.538973,0.707271,-0.450748,-0.371803,-0.375613,281.25,0.056276,8.4294,0.6500
816,0.000132,0.131412,887.41,989.45,2156.25,0.502026,0.180392,-0.472861,0.555099,0.730621,-0.133875,-0.472631,-0.206353,281.25,0.063434,11.1086,0.5940
821,0.000097,0.307774,870.73,967.87,2156.25,0.547900,0.196078,-0.446488,0.587128,0.562798,-0.044711,-0.448820,-0.209907,234.38,0.054883,8.2354,0.5986
827,0.000122,0.089285,947.79,1019.59,2390.62,0.562893,0.192157,-0.353845,0.568620,0.473552,-0.316369,-0.306616,-0.065342,187.50,0.042583,7.8073,0.5728
832,0.000119,0.299416,1072.98,1050.77,2531.25,0.556865,0.172549,-1.693757,0.242424,1.055420,0.137392,-0.126685,0.385206,328.12,0.045740,9.1583,0.2984
837,0.000126,0.317035,1041.56,1034.20,2484.38,0.608211,0.145098,-1.252101,0.533185,0.706557,0.133037,-0.280972,0.160294,234.38,0.047305,7.9220,0.4258
843,0.000339,0.281858,919.73,1063.41,2437.50,0.537490,0.019608,0.042452,0.551237,0.467838,-0.420715,-0.584329,-0.056484,281.25,0.043711,6.8838,0.6496
848,0.000517,0.452224,638.84,919.31,1687.50,0.358460,0.015686,0.865919,0.998828,0.160235,-0.987091,-0.695231,-0.342659,93.75,0.135960,14.5036,0.8102
853,0.000491,0.394256,464.50,747.74,937.50,0.250024,0.027451,1.189865,1.433548,0.049185,-1.128181,-0.786269,-0.758147,140.62,0.269354,19.4912,0.8893
859,0.000300,0.319278,599.59,809.29,1406.25,0.384332,0.050980,0.758670,1.095121,-0.218560,-0.461616,-0.459446,-0.714168,140.62,0.313107,16.1218,0.8196
864,0.000534,0.368333,853.62,882.82,1921.88,0.608275,0.039216,-0.044332,0.430033,0.187256,-0.069536,-0.114661,-0.388760,93.75,0.164879,6.9968,0.6093
869,0.000547,0.167528,628.78,791.39,1406.25,0.406202,0.039216,0.219899,0.835954,0.542695,-0.336612,-0.533015,-0.728920,187.50,0.171985,8.1923,0.7611
875,0.000737,0.270173,488.09,631.29,796.88,0.256240,0.019608,0.205254,1.023210,1.137759,-0.443046,-0.729768,-1.193409,234.38,0.243723,10.3142,0.8286
880,0.000372,0.191663,516.42,696.43,1031.25,0.250125,0.043137,0.536606,0.952543,0.880156,-0.663717,-0.748433,-0.957154,234.38,0.228591,10.0533,0.8317
885,0.000281,0.254704,529.75,709.69,843.75,0.286999,0.039216,0.420548,1.086682,0.866745,-0.631552,-0.851100,-0.891323,140.62,0.231531,8.8593,0.8355
891,0.000659,0.204529,681.97,827.61,1593.75,0.432215,0.035294,0.224199,0.594150,0.479831,0.006777,-0.634061,-0.670896,328.12,0.137360,6.5999,0.7430
896,0.000400,0.311887,620.36,755.15,1265.62,0.383807,0.058824,0.234876,0.760055,0.449114,0.012729,-0.597808,-0.858966,187.50,0.210522,7.6476,0.7731
901,0.000536,0.262290,819.08,809.07,1734.38,0.545182,0.062745,-0.368602,0.260472,0.493402,0.390080,-0.229630,-0.545723,281.25,0.155577,5.0040,0.5826
907,0.000536,0.043359,723.55,746.83,1500.00,0.423399,0.023529,-0.376723,0.383771,0.711671,0.436269,-0.408985,-0.746003,468.75,0.158801,6.6290,0.6413
912,0.000574,0.269860,568.40,630.93,890.62,0.295013,0.019608,-0.347942,0.779368,1.051708,0.378970,-0.742400,-1.119703,234.38,0.222748,8.0943,0.7589
917,0.000665,0.266454,573.28,629.72,890.62,0.287876,0.031373,0.144549,0.439830,0.994651,0.433146,-0.873657,-1.138520,421.88,0.243979,8.7309,0.7855
923,0.000481,0.185207,626.20,702.87,1125.00,0.348033,0.043137,0.122733,0.509182,0.697012,0.233362,-0.583530,-0.978759,421.88,0.263596,9.0655,0.7497
928,0.000450,0.229834,779.71,780.61,1640.62,0.498770,0.035294,-0.227693,0.236170,0.648839,0.268443,-0.251558,-0.674200,375.00,0.236439,7.9819,0.6147
933,0.000323,0.155079,687.42,731.60,1406.25,0.380946,0.050980,-0.125877,0.382983,0.792750,0.263166,-0.428374,-0.884648,421.88,0.198309,7.8601,0.6868
939,0.000485,0.185064,774.24,766.37,1453.12,0.436428,0.039216,-0.349225,-0.138274,0.810080,0.639439,-0.293625,-0.668394,468.75,0.207931,9.8747,0.5590
944,0.000486,0.203269,684.57,721.30,1265.62,0.335667,0.058824,-0.513607,0.211256,1.053054,0.459588,-0.489283,-0.721007,421.88,0.213062,10.1065,0.6116
949,0.000511,0.110170,676.15,704.21,1265.62,0.335887,0.027451,-0.477042,0.323687,0.998112,0.487951,-0.539052,-0.793656,421.88,0.204779,10.5712,0.6433
955,0.000319,0.315698,622.87,642.66,984.38,0.299351,0.066667,-0.631462,0.464582,1.121648,0.627482,-0.609076,-0.973174,468.75,0.212834,8.5139,0.6699
960,0.000283,0.113432,650.39,672.54,1218.75,0.342324,0.058824,-0.452558,0.323327,1.024356,0.528915,-0.524047,-0.899994,468.75,0.223329,9.5184,0.6564
965,0.000515,0.094104,794.35,762.30,1546.88,0.455855,0.015686,-0.449802,-0.197403,0.813504,0.695034,-0.305497,-0.555834,468.75,0.186414,11.0447,0.5267
971,0.000322,0.301682,664.15,694.38,1031.25,0.320471,0.047059,-0.401346,0.123028,1.067006,0.640094,-0.636858,-0.791925,468.75,0.209414,10.1362,0.6400
976,0.000460,0.152813,712.96,701.06,1218.75,0.380677,0.019608,-0.425714,-0.091593,0.905736,0.804576,-0.367861,-0.825144,468.75,0.220432,11.0315,0.5837
981,0.000446,0.194924,710.18,720.31,1312.50,0.362444,0.027451,-0.915005,0.178707,1.185726,0.638244,-0.490396,-0.597276,421.88,0.182819,10.4306,0.5438
987,0.000356,0.306581,673.41,656.03,1125.00,0.325568,0.050980,-1.323215,0.375859,1.267912,0.898266,-0.403189,-0.815634,468.75,0.240453,11.5436,0.5339
992,0.000368,0.078570,717.74,668.66,1406.25,0.351529,0.031373,-1.008806,0.102640,1.089775,0.916509,-0.236750,-0.863367,468.75,0.223751,12.5262,0.5242
997,0.000275,0.170671,707.65,723.12,1453.12,0.357741,0.039216,-0.918473,0.423521,1.015707,0.577942,-0.317265,-0.781431,421.88,0.147859,9.3271,0.5749
1003,0.000363,0.160540,704.88,715.44,1453.12,0.342720,0.078431,-1.208180,0.440601,1.191116,0.518282,-0.270994,-0.670825,421.88,0.154678,9.4832,0.5218
1008,0.000336,0.151897,739.50,747.81,1500.00,0.401228,0.047059,-1.492127,0.685759,1.118833,0.391418,-0.161503,-0.542380,234.38,0.157727,10.2958,0.4872
1013,0.000279,0.244884,755.50,770.31,1500.00,0.404177,0.031373,-1.422482,0.658943,1.055275,0.513211,-0.220324,-0.584624,234.38,0.180773,10.5173,0.5052
1019,0.000329,0.076371,769.12,774.47,1546.88,0.401578,0.058824,-1.097688,0.443918,1.003839,0.457357,-0.209725,-0.597700,234.38,0.128227,8.8451,0.5192
1024,0.000314,0.242929,643.44,729.60,1359.38,0.359483,0.062745,-0.656154,0.884927,0.962426,0.040376,-0.373465,-0.858111,234.38,0.158826,11.2955,0.6748
1029,0.000358,0.162970,646.02,766.61,1359.38,0.376629,0.031373,-0.669412,0.974160,0.858618,0.114995,-0.503772,-0.774590,234.38,0.184641,13.3714,0.6882
1035,0.000271,0.095075,605.90,740.37,1125.00,0.327557,0.047059,-0.530826,0.946206,0.893161,0.138147,-0.676337,-0.770352,187.50,0.174251,14.1206,0.7173
1040,0.000169,0.163272,542.31,703.66,843.75,0.281776,0.074510,-0.039617,1.160561,0.756729,-0.031439,-0.959296,-0.886938,187.50,0.174214,14.1075,0.8151
1045,0.000194,0.126583,611.67,740.81,1078.12,0.337478,0.078431,-0.196879,0.917172,0.840501,0.051500,-0.787359,-0.824936,234.38,0.116245,10.8028,0.7625
1051,0.000112,0.182189,721.71,802.32,1546.88,0.394797,0.113725,-0.509857,0.503616,0.973240,0.045661,-0.508428,-0.504232,328.12,0.079163,8.8137,0.6232
1056,0.000196,0.167053,786.73,861.66,1781.25,0.449705,0.109804,-0.424629,0.551644,0.802862,-0.122891,-0.498407,-0.308580,421.88,0.066757,8.1245,0.6147
1061,0.000202,0.175778,748.05,810.32,1546.88,0.451119,0.113725,-0.398770,0.484462,0.795658,0.012967,-0.323137,-0.571181,421.88,0.066498,7.2034,0.6201
1067,0.000137,0.268548,791.75,827.15,1734.38,0.524003,0.137255,-0.470190,0.465548,0.658589,0.169267,-0.323838,-0.499376,234.38,0.078621,7.0621,0.6009
1072,0.000161,0.107611,769.20,876.96,1828.12,0.475871,0.066667,-0.012577,0.430497,0.639169,-0.018627,-0.585219,-0.453242,234.38,0.052921,6.6649,0.6744
1077,0.000237,0.265569,757.72,858.37,1687.50,0.444981,0.035294,-0.651623,0.738323,0.893375,-0.098652,-0.475255,-0.406168,234.38,0.071457,9.4947,0.6187
1083,0.000201,0.293613,715.90,916.42,1781.25,0.421130,0.043137,0.090055,0.957658,0.461394,-0.461053,-0.623471,-0.424583,187.50,0.099712,11.5985,0.7404
1088,0.000339,0.230434,630.81,882.25,1593.75,0.375427,0.054902,0.624624,0.998397,0.276854,-0.485535,-0.869472,-0.544867,93.75,0.109868,12.4733,0.8203
1093,0.000285,0.244329,519.38,787.65,1125.00,0.299721,0.019608,0.890988,1.247013,0.222684,-0.790020,-0.852122,-0.718543,93.75,0.159599,15.2713,0.8646
1099,0.000416,0.276327,657.34,852.31,1593.75,0.439015,0.015686,0.607543,0.847475,0.013882,-0.344955,-0.551688,-0.572257,93.75,0.159058,11.8251,0.7841
1104,0.000612,0.403053,791.87,888.30,1921.88,0.535200,0.019608,0.035624,0.480964,0.334595,-0.095135,-0.346260,-0.409788,281.25,0.118186,6.0054,0.6539
1109,0.000536,0.233020,597.60,819.76,1312.50,0.387020,0.031373,0.676287,0.838987,0.271390,-0.336729,-0.692109,-0.757827,93.75,0.279785,13.0905,0.8150
1115,0.000532,0.248379,566.68,817.89,1171.88,0.329002,0.023529,0.855305,1.082612,-0.053057,-0.310992,-0.818147,-0.755721,140.62,0.330683,15.1991,0.8527
1120,0.000931,0.283283,692.99,837.87,1406.25,0.425644,0.019608,0.439243,0.769748,0.127772,-0.031998,-0.582778,-0.721987,140.62,0.313027,11.9924,0.7785
1125,0.000825,0.315768,662.53,798.94,1406.25,0.392723,0.015686,0.382347,0.841584,0.203466,-0.104110,-0.590836,-0.732451,140.62,0.423892,11.8043,0.7814
1131,0.000795,0.221961,684.99,783.45,1453.12,0.405981,0.027451,0.498862,0.598596,0.022034,0.142212,-0.444717,-0.816986,93.75,0.463765,12.1486,0.7649
1136,0.000762,0.237652,709.39,720.18,1406.25,0.381759,0.031373,0.292893,0.391170,0.022648,0.627256,-0.336803,-0.997164,140.62,0.380517,9.0017,0.7328
1141,0.000618,0.205067,771.03,741.76,1546.88,0.405610,0.027451,-0.080472,0.376295,0.048026,0.671154,-0.200963,-0.814041,140.62,0.335726,8.2468,0.6582
1147,0.000728,0.132543,820.53,714.39,1453.12,0.415372,0.019608,-0.579144,0.164091,0.218801,0.865692,0.003316,-0.672755,609.38,0.265867,7.1674,0.5318
1152,0.000739,0.218990,840.25,721.46,1453.12,0.446500,0.043137,-0.681525,-0.004241,0.500572,0.721623,0.220304,-0.756733,468.75,0.261671,6.6996,0.4813
1157,0.000571,0.279353,833.81,749.14,1500.00,0.462512,0.043137,-0.160170,0.084846,0.273282,0.395470,0.250139,-0.843567,140.62,0.285646,6.6291,0.5644
1163,0.000513,0.165472,765.74,729.90,1406.25,0.424252,0.023529,-0.121470,0.361374,0.176042,0.470516,0.071631,-0.958094,140.62,0.289297,7.2775,0.6372
1168,0.000924,0.117783,810.57,726.65,1500.00,0.423469,0.023529,-0.438494,0.468735,0.034312,0.577474,0.157824,-0.799851,187.50,0.266673,8.7842,0.5833
1173,0.000423,0.356177,707.51,649.31,1265.62,0.376680,0.050980,-0.003020,0.361619,0.061567,0.743312,-0.047436,-1.116041,140.62,0.292554,7.1986,0.6816
1179,0.000663,0.152930,679.27,611.56,1171.88,0.330196,0.050980,-0.239306,0.369140,0.365955,0.972552,-0.285810,-1.182531,703.12,0.254874,6.2626,0.6898
1184,0.000528,0.173203,884.99,742.04,1546.88,0.507798,0.019608,-0.532908,0.273307,-0.088733,0.691880,0.279723,-0.623270,187.50,0.253737,7.2695,0.5105
1189,0.000523,0.215087,792.49,661.99,1312.50,0.392262,0.019608,-0.621540,0.436115,0.134062,0.750681,0.309604,-1.008923,187.50,0.281545,8.3517,0.5639
1195,0.000495,0.073878,711.40,616.45,1265.62,0.309878,0.035294,-0.615122,0.542931,0.308408,0.910253,-0.021247,-1.125223,187.50,0.279490,9.9568,0.6311
1200,0.000538,0.194097,754.40,635.24,1265.62,0.365492,0.035294,-0.535385,0.374335,0.303040,0.836569,0.153616,-1.132175,187.50,0.210903,7.1506,0.6008
1205,0.000641,0.190113,817.34,581.38,1265.62,0.321247,0.054902,-1.239586,-0.009664,0.557337,1.208327,0.607924,-1.124340,515.62,0.174456,6.1555,0.4094
1211,0.000725,0.216207,741.04,541.81,1125.00,0.304595,0.035294,-1.286008,0.130286,0.693717,1.401095,0.185084,-1.124174,515.62,0.222073,7.4972,0.4729
1216,0.000463,0.234692,671.30,483.21,937.50,0.218659,0.027451,-0.593911,0.337068,0.350203,1.520352,-0.154640,-1.459072,562.50,0.365594,11.9229,0.6634
1221,0.000435,0.127760,720.06,485.24,1125.00,0.222936,0.058824,-0.820272,0.077397,0.359201,1.546691,0.256567,-1.419584,562.50,0.350165,11.7459,0.5523
1227,0.000243,0.093326,767.64,542.39,1171.88,0.289797,0.043137,-0.947019,-0.348369,0.575756,1.410935,0.451876,-1.143179,562.50,0.260949,11.1369,0.4251
1232,0.000323,0.102129,805.48,635.16,1171.88,0.369500,0.023529,-0.956724,-0.361361,0.347612,1.384469,0.314747,-0.728743,562.50,0.188615,10.5119,0.3889
1237,0.000379,0.201673,723.31,682.16,1125.00,0.370230,0.039216,-0.453038,0.451588,0.148030,0.966390,-0.232600,-0.880370,562.50,0.149130,10.7901,0.6355
1243,0.000414,0.292850,674.95,639.18,1078.12,0.330932,0.050980,-0.300745,0.560507,0.111374,0.910706,-0.223038,-1.058803,187.50,0.175796,9.9213,0.6837
1248,0.000553,0.139100,698.74,674.70,1125.00,0.334028,0.007843,-0.405782,0.607621,0.075799,0.773447,-0.069221,-0.981864,187.50,0.217051,11.6558,0.6517
1253,0.000866,0.323507,609.58,631.19,1031.25,0.283268,0.031373,0.167966,0.749294,0.148620,0.588967,-0.359732,-1.295115,140.62,0.267380,10.9205,0.7835
1259,0.001039,0.314140,584.79,726.66,1125.00,0.354486,0.007843,0.547937,0.949119,0.030111,0.051688,-0.607492,-0.971362,140.62,0.461755,15.0850,0.8232
1264,0.000860,0.221351,644.02,821.70,1453.12,0.418799,0.007843,0.569841,0.979825,-0.103045,-0.161686,-0.641692,-0.643243,140.62,0.608723,17.5596,0.8049
1269,0.000201,0.173995,499.29,676.88,843.75,0.275816,0.094118,0.626422,1.221561,0.102394,-0.013205,-0.847510,-1.089661,140.62,0.577694,17.5106,0.8690
1275,0.000283,0.083295,538.78,696.30,890.62,0.301680,0.011765,0.375796,1.035444,0.371940,0.160072,-0.915458,-1.027794,187.50,0.319312,12.2779,0.8425
1280,0.000185,0.039646,666.28,752.86,1171.88,0.353932,0.050980,-0.069291,0.731476,0.414321,0.446839,-0.706129,-0.817215,187.50,0.114707,8.5747,0.7489
1285,0.000150,0.237927,720.62,815.63,1218.75,0.390864,0.125490,0.298659,0.582896,-0.083850,0.505409,-0.625005,-0.678111,140.62,0.113726,9.7871,0.7488
1291,0.000146,0.222627,836.30,849.80,1546.88,0.451855,0.098039,-0.136615,0.322291,0.261954,0.386369,-0.346524,-0.487476,140.62,0.062285,6.1243,0.6248
1296,0.000196,0.179605,834.47,847.20,1593.75,0.463662,0.094118,-0.570194,0.328361,0.493734,0.320898,-0.140771,-0.432029,187.50,0.058364,7.1363,0.5413
1301,0.000222,0.249427,766.24,844.47,1453.12,0.445811,0.078431,0.062924,0.605503,0.052988,0.127679,-0.254192,-0.594901,140.62,0.090777,10.9907,0.6811
1307,0.000131,0.228804,708.25,812.67,1406.25,0.427860,0.098039,0.255918,0.818994,-0.160425,0.022556,-0.253173,-0.683871,140.62,0.122256,13.2445,0.7322
1312,0.000141,0.130868,748.00,842.20,1546.88,0.458534,0.184314,-0.046222,0.818849,0.135895,-0.011378,-0.339048,-0.558096,187.50,0.097592,11.6254,0.6974
1317,0.000122,0.220585,850.20,865.80,1734.38,0.528896,0.247059,-0.469380,0.466836,0.435971,0.189740,-0.200090,-0.423077,187.50,0.043520,5.9927,0.5770
1323,0.000087,0.278582,874.94,884.60,1828.12,0.556824,0.239216,-0.077919,0.110188,0.399495,0.088365,-0.118611,-0.401517,328.12,0.048885,6.3284,0.5686
1328,0.000110,0.080910,866.24,871.87,1640.62,0.520358,0.156863,-0.042893,0.094201,0.330974,0.203824,-0.173155,-0.412951,328.12,0.045841,7.3541,0.5790
1333,0.000097,0.116310,883.86,893.68,1921.88,0.524227,0.180392,-0.316814,-0.122892,0.723557,0.219977,-0.251011,-0.252817,375.00,0.048932,9.4861,0.5080
1339,0.000105,0.174819,1045.24,970.99,2484.38,0.590212,0.098039,-1.166521,-0.276891,0.860841,0.348314,0.097338,0.136919,375.00,0.055476,11.1337,0.3018
1344,0.000119,0.139112,1052.69,994.66,2343.75,0.574801,0.164706,-1.197341,-0.050716,0.901841,0.108309,-0.036313,0.274221,375.00,0.053399,11.2172,0.3224
1349,0.000367,0.383545,923.01,971.05,2203.12,0.541220,0.043137,0.079455,0.271659,0.296660,-0.107987,-0.454831,-0.084957,140.62,0.048104,7.3211,0.6096
1355,0.000642,0.491925,705.63,861.76,1687.50,0.481917,0.019608,0.604890,0.807670,-0.195142,-0.249488,-0.469419,-0.498510,140.62,0.155737,12.6196,0.7668
1360,0.000649,0.386893,552.63,754.40,1218.75,0.333118,0.023529,0.866048,1.142596,-0.291669,-0.251730,-0.644197,-0.821048,140.62,0.308917,16.8958,0.8503
1365,0.000481,0.362314,655.06,806.36,1500.00,0.458616,0.015686,0.664232,0.780931,-0.048051,-0.145987,-0.507096,-0.744028,93.75,0.355134,13.7410,0.7938
1371,0.000577,0.087434,516.02,734.69,1031.25,0.302774,0.035294,0.906017,1.166940,-0.080104,-0.372522,-0.707947,-0.912384,93.75,0.341140,16.1243,0.8637
1376,0.000620,0.190664,596.04,802.79,1359.38,0.390081,0.015686,0.701666,0.891689,0.121276,-0.307001,-0.594746,-0.812884,93.75,0.346940,16.5088,0.8176
1381,0.000742,0.215156,604.61,791.43,1359.38,0.400052,0.003922,0.713317,0.859722,0.109957,-0.260892,-0.560289,-0.861816,93.75,0.364294,14.1075,0.8172
1387,0.000639,0.201947,532.90,734.26,1078.12,0.297843,0.015686,0.781242,1.196486,-0.006926,-0.373270,-0.666929,-0.930604,140.62,0.423395,17.8848,0.8566
1392,0.000612,0.299224,654.50,811.74,1453.12,0.442661,0.027451,0.602848,0.850558,-0.092619,-0.232513,-0.354678,-0.773598,93.75,0.364761,13.7784,0.7843
1397,0.000742,0.099707,520.91,701.03,1031.25,0.317990,0.007843,0.838544,1.080910,-0.155272,-0.053852,-0.625013,-1.085317,140.62,0.373394,16.0351,0.8600
1403,0.000778,0.176056,414.39,588.10,750.00,0.224827,0.011765,1.105865,1.378474,-0.100635,-0.034107,-0.989403,-1.360195,140.62,0.491268,22.1699,0.9181
1408,0.000763,0.160271,388.29,567.17,703.12,0.186591,0.011765,1.101927,1.434291,-0.018802,-0.113139,-0.888472,-1.515804,140.62,0.478064,19.9523,0.9220
1413,0.000644,0.362037,473.90,654.94,843.75,0.276184,0.019608,0.793158,1.013414,0.317650,-0.115062,-0.785707,-1.223453,93.75,0.424360,15.2804,0.8708
1419,0.000974,0.230871,545.65,722.92,1078.12,0.357074,0.011765,0.549290,0.840794,0.503404,-0.274143,-0.696052,-0.923294,93.75,0.429587,13.0886,0.8183
1424,0.000543,0.247921,470.93,681.07,843.75,0.271913,0.015686,0.888451,1.164109,0.104534,-0.213024,-0.862409,-1.081661,93.75,0.476312,14.9542,0.8806
1429,0.000623,0.214043,616.08,777.39,1359.38,0.424450,0.019608,0.482709,0.784685,0.152652,0.010698,-0.570590,-0.860154,93.75,0.443596,12.9283,0.7940
1435,0.000413,0.028920,548.11,752.88,1078.12,0.322351,0.023529,0.802488,0.914953,-0.067188,-0.140111,-0.599649,-0.910492,93.75,0.364443,15.0096,0.8339
1440,0.000566,0.260147,670.27,823.05,1546.88,0.435503,0.019608,0.350919,0.750911,0.333572,-0.299859,-0.480341,-0.655202,93.75,0.211963,8.4535,0.7537
1445,0.000616,0.202411,714.21,829.74,1593.75,0.469834,0.023529,-0.025992,0.557393,0.674721,-0.238733,-0.393184,-0.574205,281.25,0.208204,7.4919,0.6790
1451,0.000569,0.213972,521.73,731.51,1078.12,0.323103,0.011765,0.804134,0.981089,0.356505,-0.505151,-0.683693,-0.952884,93.75,0.300965,12.9766,0.8470
1456,0.000762,0.100068,396.39,587.53,703.12,0.212401,0.003922,1.173500,1.350954,0.354653,-0.760020,-0.696437,-1.422650,93.75,0.367242,19.2519,0.9107
1461,0.000578,0.351533,546.37,754.19,1171.88,0.366400,0.007843,0.757494,1.052650,0.149845,-0.441024,-0.630527,-0.888438,93.75,0.375599,13.3628,0.8408
1467,0.000581,0.333179,771.56,862.02,1734.38,0.556985,0.011765,0.014017,0.581697,0.264841,-0.080876,-0.266405,-0.513275,93.75,0.304043,8.7045,0.6655
1472,0.000451,0.110114,625.31,804.88,1406.25,0.350640,0.019608,0.603761,0.810632,0.066260,-0.269081,-0.506898,-0.704675,93.75,0.283185,11.4277,0.7880
1477,0.000250,0.274576,709.71,843.61,1593.75,0.497397,0.019608,0.098028,0.639467,0.508862,-0.220834,-0.447507,-0.578016,93.75,0.234177,8.5816,0.7071
1483,0.000100,0.015819,631.17,824.00,1406.25,0.417104,0.141176,0.504560,0.757177,0.462643,-0.424914,-0.606836,-0.692631,93.75,0.182552,10.9153,0.7826
1488,0.000171,0.026829,627.46,896.98,1687.50,0.347006,0.145098,0.816568,0.840253,0.449880,-0.825820,-0.904228,-0.376654,93.75,0.111397,13.2447,0.8129
1493,0.000099,0.227388,1013.06,1038.90,2484.38,0.577127,0.133333,-0.383783,0.380854,0.741748,-0.373912,-0.515540,0.150633,421.88,0.047367,6.8888,0.5451
1499,0.000297,0.273350,930.82,1021.31,2296.88,0.553450,0.050980,-0.342865,0.414815,0.735125,-0.294303,-0.468601,-0.044171,234.38,0.059741,7.5490,0.5726
1504,0.000967,0.412105,785.05,929.08,1828.12,0.477523,0.019608,0.083190,0.544652,0.574744,-0.346532,-0.460039,-0.396015,93.75,0.102461,8.3541,0.6774
1509,0.000806,0.562807,595.04,838.95,1359.38,0.378128,0.015686,0.657538,1.058372,0.222275,-0.606229,-0.717959,-0.613996,93.75,0.318525,11.8930,0.8211
1515,0.000712,0.321326,603.90,818.58,1406.25,0.372696,0.015686,0.730001,1.093004,-0.198451,-0.502023,-0.404320,-0.718211,140.62,0.480893,13.0678,0.8135
1520,0.000859,0.295117,852.42,893.30,1875.00,0.601576,0.011765,0.051859,0.576871,-0.004395,-0.193425,0.002198,-0.433107,93.75,0.424890,9.9413,0.6294
1525,0.000493,0.157713,713.58,792.93,1453.12,0.445116,0.027451,0.399444,0.723728,-0.195778,-0.111222,-0.036396,-0.779776,140.62,0.377228,10.2328,0.7251
1531,0.000619,0.265354,681.48,743.10,1265.62,0.414309,0.066667,0.087600,0.545443,0.425887,0.140149,-0.331395,-0.867683,93.75,0.305094,7.8939,0.7142
1536,0.000519,0.098217,800.06,868.42,1640.62,0.463975,0.019608,-0.061445,0.395993,0.395523,0.259931,-0.505811,-0.484191,93.75,0.237725,7.2822,0.6598
1541,0.000550,0.252482,792.22,828.97,1546.88,0.465857,0.082353,0.138484,0.485209,-0.032429,0.307382,-0.259334,-0.639313,140.62,0.285200,8.6444,0.6816
1547,0.000530,0.103896,813.69,799.21,1453.12,0.412397,0.031373,0.041117,0.359671,-0.038215,0.538967,-0.262405,-0.639135,140.62,0.283150,9.8466,0.6573
1552,0.000486,0.211919,855.64,793.43,1546.88,0.477818,0.039216,-0.146602,0.165446,0.008521,0.685368,-0.113537,-0.599196,140.62,0.199095,6.3590,0.5904
1557,0.000555,0.181997,931.73,799.62,1828.12,0.565458,0.047059,-0.424373,-0.087450,0.137621,0.624845,0.176824,-0.427468,93.75,0.178963,5.4620,0.4674
1563,0.000501,0.183112,847.97,741.32,1359.38,0.458626,0.054902,-0.313478,0.104223,-0.018801,0.861923,0.044601,-0.678468,750.00,0.185134,5.6114,0.5529
1568,0.000556,0.216039,862.59,725.24,1406.25,0.464235,0.035294,-0.369060,0.078305,0.006068,0.959681,-0.010068,-0.664926,796.88,0.172391,5.3764,0.5479
1573,0.000526,0.192227,909.70,782.29,1687.50,0.526790,0.019608,-0.389958,-0.127213,0.132136,0.858956,-0.068910,-0.405010,796.88,0.195950,5.7135,0.4946
1579,0.000444,0.211390,801.55,731.87,1218.75,0.426465,0.039216,-0.041451,0.223393,-0.123158,0.768256,-0.015820,-0.811221,93.75,0.196064,5.8922,0.6235
1584,0.000427,0.147105,772.51,741.37,1265.62,0.411524,0.011765,-0.236899,0.251611,0.341958,0.618200,-0.111727,-0.863142,93.75,0.195309,6.5806,0.6212
1589,0.000442,0.157372,859.06,835.72,1593.75,0.497461,0.023529,-0.025803,0.309886,-0.188808,0.522701,-0.086928,-0.531047,93.75,0.181854,6.6467,0.6109
1595,0.000642,0.226762,970.22,916.30,2109.38,0.612037,0.003922,-0.223880,0.118760,0.061259,0.306224,-0.118990,-0.143373,93.75,0.165563,5.8648,0.5196
1600,0.000711,0.251463,865.88,897.59,1968.75,0.574703,0.007843,0.050382,0.337015,0.135183,0.075553,-0.248403,-0.349729,93.75,0.256886,7.4574,0.6208
1605,0.000821,0.222074,689.17,801.85,1359.38,0.410156,0.003922,0.512071,0.781949,-0.344876,0.115958,-0.359080,-0.706021,140.62,0.403599,13.2753,0.7649
1611,0.000788,0.126317,621.91,769.36,1171.88,0.334879,0.007843,0.748774,0.950654,-0.576356,0.068672,-0.376369,-0.815373,140.62,0.506919,18.5512,0.8093
1616,0.000838,0.274145,597.60,748.81,1125.00,0.340118,0.007843,0.612131,0.971131,-0.210116,0.081636,-0.538123,-0.916659,140.62,0.480691,14.3343,0.8204
1621,0.001034,0.276309,705.48,834.22,1546.88,0.481414,0.019608,0.339753,0.726759,0.091629,-0.095426,-0.383344,-0.679371,93.75,0.471345,11.6793,0.7436
1627,0.000962,0.173549,560.05,734.69,1171.88,0.334280,0.011765,0.741952,1.116409,-0.211967,-0.196168,-0.501374,-0.948852,140.62,0.540787,15.8347,0.8395
1632,0.000476,0.201621,531.24,744.48,1125.00,0.343773,0.023529,0.921517,1.003887,0.027453,-0.359761,-0.606790,-0.986305,93.75,0.557051,16.9404,0.8531
1637,0.000268,0.087290,502.30,731.69,1125.00,0.311360,0.156863,1.005532,1.056240,-0.011954,-0.499501,-0.579921,-0.970395,93.75,0.476223,16.3230,0.8589
1643,0.000579,0.092361,542.56,745.19,1125.00,0.315238,0.015686,0.722425,1.046292,0.201529,-0.383934,-0.685989,-0.900324,140.62,0.270855,14.4864,0.8426
1648,0.000779,0.104784,552.99,750.34,1031.25,0.343552,0.015686,0.645028,1.002157,0.150070,-0.080013,-0.766796,-0.950448,140.62,0.251070,14.0863,0.8432
1653,0.000837,0.340863,400.37,639.14,609.38,0.205585,0.011765,1.139673,1.570219,-0.096410,-0.405041,-1.137984,-1.070457,140.62,0.458239,21.2067,0.9212
1659,0.000485,0.145538,425.59,649.06,656.25,0.226147,0.031373,1.058197,1.515728,-0.168682,-0.361533,-1.042380,-1.001331,140.62,0.521485,23.5340,0.9096
1664,0.000458,0.180686,582.79,789.82,1171.88,0.348165,0.023529,0.592254,1.086779,-0.009341,-0.187989,-0.779370,-0.702333,140.62,0.415558,17.6775,0.8293
1669,0.000670,0.125627,663.55,856.96,1593.75,0.374384,0.050980,0.274235,0.973752,0.234603,-0.341610,-0.654835,-0.486146,187.50,0.286775,15.6968,0.7675
1675,0.000597,0.299895,699.43,873.08,1875.00,0.398774,0.023529,0.305138,0.987046,0.499889,-0.744969,-0.639634,-0.407470,140.62,0.309389,13.9767,0.7631
1680,0.000682,0.253977,641.26,822.47,1781.25,0.313304,0.003922,0.313759,1.114089,0.717344,-1.109562,-0.616387,-0.419244,140.62,0.366800,13.4165,0.7741
1685,0.000577,0.175301,596.73,791.69,1640.62,0.296310,0.031373,0.732176,1.144514,0.267782,-1.046792,-0.417677,-0.680004,140.62,0.416430,16.6853,0.8157
1691,0.000743,0.177811,717.65,877.71,1734.38,0.371446,0.039216,0.524322,0.931410,0.248883,-0.922719,-0.375406,-0.406490,140.62,0.364119,14.2325,0.7538
1696,0.000696,0.236543,781.13,883.79,2015.62,0.367798,0.043137,-0.055290,0.835180,0.566394,-0.757812,-0.381777,-0.206695,140.62,0.306605,11.4914,0.6647
1701,0.000463,0.297370,667.97,787.31,1593.75,0.357007,0.062745,0.194708,0.838589,0.545247,-0.527471,-0.362049,-0.689024,140.62,0.359863,10.6546,0.7393
1707,0.000409,0.102452,730.83,828.24,1687.50,0.417769,0.050980,0.129895,0.645456,0.487995,-0.362073,-0.318784,-0.582490,140.62,0.315935,10.5044,0.6981
1712,0.000524,0.116155,825.89,882.10,1781.25,0.473040,0.023529,0.011336,0.589983,0.287696,-0.310422,-0.159524,-0.419069,140.62,0.246641,9.8525,0.6434
1717,0.000490,0.196877,803.85,845.73,1734.38,0.452718,0.047059,-0.158085,0.543685,0.466933,-0.089302,-0.253831,-0.509400,140.62,0.218240,8.9044,0.6398
1723,0.000475,0.250737,757.53,805.02,1640.62,0.398297,0.039216,-0.259839,0.599361,0.452425,-0.001876,-0.125150,-0.664921,140.62,0.224825,9.0559,0.6376
1728,0.000524,0.171847,710.45,749.80,1218.75,0.369761,0.027451,-0.265679,0.506699,0.614069,0.041185,-0.156318,-0.739956,140.62,0.230907,8.6766,0.6385
1733,0.000641,0.111815,665.79,666.77,1125.00,0.320315,0.031373,-0.339114,0.488929,0.642238,0.359203,-0.154332,-0.996924,140.62,0.218971,8.3916,0.6571
1739,0.000671,0.235669,638.90,629.58,1125.00,0.323849,0.054902,-0.210959,0.585279,0.559652,0.537427,-0.261365,-1.210035,140.62,0.255154,8.7322,0.7156
1744,0.000787,0.261993,701.59,706.87,1218.75,0.372920,0.039216,-0.288952,0.417464,0.478972,0.506331,-0.186325,-0.927490,187.50,0.293846,8.8752,0.6505
1749,0.000957,0.262775,783.91,795.43,1593.75,0.491901,0.027451,-0.147026,0.398393,0.331344,0.215262,-0.173152,-0.624821,140.62,0.364273,9.4872,0.6282
1755,0.000962,0.111403,608.08,651.69,1031.25,0.309859,0.015686,-0.068011,0.606629,0.667012,0.433484,-0.551571,-1.087543,140.62,0.384531,10.4584,0.7482
1760,0.001038,0.241551,544.56,565.77,890.62,0.253965,0.035294,-0.173766,0.697456,0.880131,0.649163,-0.651815,-1.401169,187.50,0.414655,9.8355,0.7839
1765,0.000879,0.238151,573.19,627.37,937.50,0.327052,0.015686,0.068234,0.726252,0.667577,0.454552,-0.656615,-1.260000,140.62,0.489448,9.4314,0.7950
1771,0.000976,0.065131,495.88,532.86,796.88,0.220080,0.015686,0.205659,0.792155,0.906972,0.620604,-0.933158,-1.592233,140.62,0.488772,10.6652,0.8534
1776,0.000462,0.079973,492.75,512.55,843.75,0.184655,0.039216,0.088273,0.763579,0.967358,0.670835,-0.766536,-1.723508,140.62,0.415278,9.9537,0.8417
1781,0.000988,0.198013,559.48,589.39,1031.25,0.268560,0.011765,0.192264,0.602500,0.739325,0.398466,-0.432257,-1.500298,140.62,0.311447,9.0129,0.7964
1787,0.001132,0.198842,521.81,569.12,984.38,0.223003,0.003922,0.420457,0.703921,0.675794,0.232834,-0.378223,-1.654783,93.75,0.366082,10.4857,0.8290
1792,0.000858,0.247956,471.50,555.53,937.50,0.208620,0.015686,0.733583,0.766869,0.585464,0.224610,-0.504862,-1.805665,93.75,0.535784,13.4742,0.8705
1797,0.000513,0.222642,471.11,570.40,937.50,0.225541,0.011765,0.739042,0.903303,0.244338,0.453706,-0.640423,-1.699967,93.75,0.551737,13.0329,0.8799
1803,0.000505,0.113861,593.66,667.59,1031.25,0.346169,0.027451,0.339491,0.557417,0.379074,0.556823,-0.602386,-1.230419,93.75,0.397291,10.7598,0.7965
1808,0.000433,0.046990,574.51,629.25,984.38,0.300840,0.039216,0.208291,0.476510,0.650806,0.599065,-0.571743,-1.362928,468.75,0.243611,8.7841,0.7875
1813,0.000294,0.123409,563.93,560.86,937.50,0.240178,0.086275,-0.067470,0.472637,0.975511,0.684788,-0.609087,-1.456380,468.75,0.208596,8.9581,0.7747
1819,0.000308,0.136998,644.95,596.20,984.38,0.277752,0.058824,-0.403611,0.156564,0.986734,0.895186,-0.484741,-1.150132,421.88,0.154511,9.2918,0.6668
1824,0.000286,0.162639,606.81,673.08,890.62,0.292243,0.094118,-0.107187,0.485185,1.016763,0.644176,-1.016456,-1.022481,468.75,0.114638,7.6149,0.7700
1829,0.000165,0.179175,582.40,674.41,984.38,0.317115,0.121569,0.217576,0.633934,0.678233,0.338360,-0.772770,-1.095332,140.62,0.136154,9.4233,0.7957
1835,0.000197,0.092208,627.00,724.60,1125.00,0.363289,0.109804,0.265591,0.648775,0.372338,0.199738,-0.475782,-1.010659,140.62,0.117284,10.3170,0.7686
1840,0.000157,0.256442,921.44,864.64,1828.12,0.571092,0.098039,-0.247886,-0.005823,0.321572,0.384223,-0.012495,-0.439590,468.75,0.068574,6.8336,0.5248
1845,0.000161,0.204538,920.67,851.53,1875.00,0.579105,0.078431,-0.179281,-0.240728,0.342788,0.393918,0.040342,-0.357040,93.75,0.069495,6.1561,0.4871
1851,0.000090,0.153914,788.25,801.74,1640.62,0.488953,0.156863,-0.017951,0.125598,0.354909,0.391697,-0.222320,-0.631934,93.75,0.067830,7.2231,0.6180
1856,0.000183,0.097718,777.12,801.17,1500.00,0.473612,0.070588,-0.207076,0.171066,0.470488,0.484963,-0.333181,-0.586259,93.75,0.050683,6.8780,0.6087
1861,0.000106,0.244196,703.01,834.62,1546.88,0.429409,0.184314,0.064311,0.671725,0.529719,-0.129451,-0.492524,-0.643780,281.25,0.058258,7.7499,0.7183
1867,0.000116,0.119319,785.18,899.96,1828.12,0.494345,0.184314,-0.107889,0.605173,0.584532,-0.166988,-0.531752,-0.383076,187.50,0.045696,6.3291,0.6695
1872,0.000282,0.147514,842.42,914.41,2015.62,0.510057,0.050980,-0.109997,0.134901,0.651057,0.173431,-0.558929,-0.290462,93.75,0.042633,7.2545,0.6076
1877,0.000608,0.487030,810.24,923.63,1875.00,0.538261,0.015686,0.487814,0.376342,-0.044021,-0.159205,-0.262173,-0.398757,93.75,0.113417,11.9548,0.6819
1883,0.000552,0.550817,680.47,861.07,1546.88,0.473943,0.023529,0.588476,0.773913,0.011376,-0.366580,-0.398274,-0.608911,93.75,0.254820,12.1037,0.7658
1888,0.000516,0.216136,506.23,744.84,1171.88,0.315802,0.027451,1.009018,1.287384,-0.284908,-0.566306,-0.536429,-0.908759,140.62,0.366601,18.0562,0.8666
1893,0.000575,0.083344,483.58,691.58,1031.25,0.264110,0.003922,0.995101,1.238391,-0.134726,-0.420879,-0.612140,-1.065746,140.62,0.375779,22.5736,0.8761
1899,0.000430,0.162367,524.27,724.37,1078.12,0.306753,0.011765,0.894355,1.082222,-0.140321,-0.303917,-0.485096,-1.047244,140.62,0.322439,17.7123,0.8525
1904,0.000344,0.352963,657.06,800.37,1359.38,0.424109,0.015686,0.509091,0.694741,0.103484,-0.106743,-0.363524,-0.837050,93.75,0.290364,12.5612,0.7689
1909,0.000613,0.138085,836.40,906.46,1921.88,0.573826,0.003922,0.218487,0.455849,0.029841,-0.090590,-0.187578,-0.426010,93.75,0.249953,11.2932,0.6556
1915,0.000603,0.257358,640.65,807.42,1406.25,0.420242,0.050980,0.589377,0.868853,-0.174257,-0.117790,-0.364858,-0.801325,93.75,0.288862,13.5299,0.7879
1920,0.000657,0.170905,505.17,738.51,1031.25,0.295082,0.039216,0.934128,1.109936,-0.082773,-0.425384,-0.506734,-1.029171,93.75,0.366274,18.1471,0.8569
1925,0.000558,0.283202,469.90,641.39,937.50,0.244250,0.003922,0.920244,1.165919,-0.291707,0.067985,-0.547713,-1.314728,140.62,0.372656,15.1869,0.8781
1931,0.000650,0.207436,584.06,713.14,1125.00,0.357598,0.007843,0.559532,0.911581,0.101161,-0.042339,-0.466599,-1.063336,140.62,0.376724,15.0421,0.8177
1936,0.000717,0.251853,720.84,823.57,1593.75,0.487294,0.039216,0.488248,0.573473,0.016699,-0.003276,-0.396062,-0.679082,93.75,0.341184,12.1160,0.7443
1941,0.000558,0.169281,523.94,713.27,984.38,0.296879,0.054902,0.835856,1.035014,0.121775,-0.202406,-0.768119,-1.022120,140.62,0.393443,14.7462,0.8618
1947,0.000425,0.156811,522.95,659.88,890.62,0.282995,0.054902,0.701674,0.957761,0.334355,0.049032,-0.822224,-1.220598,140.62,0.389358,14.3384,0.8643
1952,0.000556,0.128139,555.04,683.51,937.50,0.292916,0.011765,0.550779,0.924937,0.093447,0.270420,-0.696721,-1.142862,140.62,0.303494,14.9042,0.8399
1957,0.000614,0.183396,568.71,660.59,843.75,0.296690,0.007843,0.403674,0.919765,0.303285,0.359084,-0.834067,-1.151742,140.62,0.303316,14.7275,0.8395
1963,0.000676,0.325855,663.34,756.53,1359.38,0.382668,0.007843,0.348547,0.876018,-0.101492,0.145599,-0.445962,-0.822710,140.62,0.350646,13.4110,0.7767
1968,0.000612,0.346677,887.72,860.50,1828.12,0.528269,0.015686,0.084819,0.439369,-0.149171,0.240295,-0.146589,-0.468721,140.62,0.330527,9.7987,0.6387
1973,0.000593,0.144819,841.30,843.86,1734.38,0.538482,0.047059,0.189092,0.452192,-0.287421,0.359584,-0.160870,-0.552577,140.62,0.358246,10.0495,0.6632
1979,0.000638,0.116352,638.69,724.63,1125.00,0.386398,0.007843,0.391951,0.761539,0.003002,0.387635,-0.558391,-0.985736,140.62,0.389114,14.0397,0.7939
1984,0.000477,0.120813,464.97,514.37,796.88,0.191828,0.058824,0.602189,1.189339,0.294590,0.627500,-1.191997,-1.521621,140.62,0.368616,15.8034,0.9049
1989,0.000358,0.134712,561.37,658.21,890.62,0.315758,0.019608,0.452415,0.964390,0.215813,0.373121,-0.874484,-1.131256,140.62,0.323555,14.3824,0.8470
1995,0.000234,0.208187,743.15,829.44,1546.88,0.505488,0.105882,0.305845,0.576860,0.059807,0.089223,-0.362798,-0.668937,140.62,0.204900,9.2409,0.7226
2000,0.000224,0.125279,657.94,735.61,1125.00,0.380968,0.058824,0.321196,0.516013,0.330128,0.473279,-0.723958,-0.916658,93.75,0.162674,9.5922,0.7754
2005,0.000147,0.081386,629.51,662.81,843.75,0.281934,0.113725,0.050356,0.408226,0.810473,0.927152,-1.235776,-0.960432,468.75,0.096955,8.0108,0.7904
2011,0.000086,0.194047,753.10,707.86,1171.88,0.367594,0.203922,-0.919361,0.021020,0.938681,1.092447,-0.509381,-0.623406,515.62,0.067250,7.1458,0.5293
2016,0.000100,0.184444,736.29,770.44,1218.75,0.393413,0.145098,-0.346693,0.378004,0.601479,0.583558,-0.598701,-0.617649,328.12,0.046981,6.6837,0.6511
2021,0.000156,0.138794,900.11,915.91,2062.50,0.504689,0.125490,-0.585028,0.227808,0.551543,0.479794,-0.513105,-0.161010,328.12,0.038329,6.8228,0.5395
2027,0.000101,0.342833,810.89,829.28,1687.50,0.454244,0.184314,-0.915704,0.112411,1.075410,0.438352,-0.362795,-0.347676,328.12,0.053360,7.6661,0.4884
2032,0.000184,0.193514,863.46,861.25,1875.00,0.513479,0.101961,-1.135491,0.259627,0.915756,0.455675,-0.232614,-0.262953,421.88,0.047098,6.9285,0.4526
2037,0.000203,0.267787,773.96,835.88,1734.38,0.462218,0.058824,-0.305650,0.400879,0.685700,0.170986,-0.496145,-0.455770,187.50,0.049447,6.5331,0.6280
2043,0.000095,0.307703,718.69,783.38,1453.12,0.413964,0.200000,-0.011033,0.397592,0.570274,0.276753,-0.504126,-0.729459,140.62,0.071771,7.5120,0.6921
2048,0.000092,0.164162,904.36,907.99,2015.62,0.557423,0.133333,-0.326309,0.048042,0.517266,0.340623,-0.270798,-0.308823,468.75,0.069956,7.2732,0.5376
2053,0.000117,0.106080,1169.80,1013.12,2531.25,0.687131,0.180392,-0.906870,-0.383332,0.619781,0.336378,-0.000554,0.334598,328.12,0.034903,5.3356,0.3074
2059,0.000158,0.200089,1163.50,992.37,2484.38,0.638746,0.168627,-1.653251,-0.030633,0.809326,0.314959,0.210869,0.348731,328.12,0.055396,9.0148,0.2457
2064,0.000282,0.337071,889.43,923.00,2109.38,0.522192,0.039216,-0.420507,0.426820,0.588187,-0.032814,-0.335954,-0.225733,328.12,0.057192,7.2369,0.5705
2069,0.000566,0.406949,739.46,885.06,1875.00,0.467512,0.023529,0.246870,0.703504,0.320227,-0.305303,-0.577918,-0.387378,140.62,0.101581,8.5768,0.7227
2075,0.000540,0.438703,698.45,852.15,1640.62,0.452035,0.007843,0.224600,0.789937,0.384793,-0.223935,-0.653835,-0.521561,93.75,0.187296,9.2121,0.7493
2080,0.000435,0.323499,678.08,814.26,1546.88,0.403061,0.047059,0.168154,0.810371,0.309514,0.047656,-0.692075,-0.643620,140.62,0.291100,11.1562,0.7608
2085,0.000264,0.300051,922.25,889.50,2015.62,0.607682,0.062745,-0.231582,0.291940,0.092574,0.347972,-0.195385,-0.305518,140.62,0.256262,8.7266,0.5697
2091,0.000434,0.071420,814.20,846.82,1781.25,0.508160,0.058824,-0.172836,0.341518,0.384569,0.304891,-0.384015,-0.474127,140.62,0.189282,9.2215,0.6256
2096,0.000430,0.171142,738.09,830.40,1734.38,0.423209,0.047059,-0.137853,0.711115,0.460210,0.072816,-0.598938,-0.507350,140.62,0.182177,9.8583,0.6984
2101,0.000360,0.222067,760.51,832.37,1828.12,0.405278,0.027451,-0.186885,0.542724,0.679442,0.079479,-0.684069,-0.430690,140.62,0.180329,9.0089,0.6760
2107,0.000315,0.201832,748.42,808.28,1734.38,0.389920,0.054902,-0.333012,0.347564,0.894038,0.086929,-0.514310,-0.481209,328.12,0.187209,9.0932,0.6236
2112,0.000461,0.160358,732.31,803.63,1781.25,0.381811,0.031373,-0.621039,0.578827,0.975975,-0.065604,-0.419889,-0.448271,328.12,0.165812,9.4991,0.6018
2117,0.000482,0.313707,713.01,777.69,1593.75,0.372445,0.031373,-0.497802,0.274660,0.987916,0.304632,-0.635082,-0.434324,421.88,0.166316,8.8714,0.6042
2123,0.000550,0.240677,726.61,804.49,1734.38,0.397166,0.035294,-0.262231,0.505015,0.662272,0.364951,-0.812493,-0.457514,187.50,0.204040,9.8095,0.6806
2128,0.000522,0.214806,715.77,792.04,1734.38,0.365836,0.007843,-0.301654,0.532596,0.592458,0.504096,-0.744180,-0.583316,187.50,0.256688,11.1844,0.6855
2133,0.000613,0.172867,624.30,716.64,1078.12,0.296161,0.007843,-0.075408,0.626706,0.745407,0.421169,-0.920932,-0.796942,187.50,0.270935,10.9283,0.7567
2139,0.000741,0.197964,573.60,734.32,1125.00,0.321514,0.003922,0.368099,0.856106,0.567809,-0.100600,-0.909397,-0.782018,140.62,0.340400,13.9468,0.8112
2144,0.000679,0.228401,553.42,712.15,984.38,0.279030,0.023529,0.266047,0.972556,0.817472,-0.482991,-0.827084,-0.746001,140.62,0.353402,12.7485,0.8031
2149,0.000609,0.236059,628.54,747.56,1500.00,0.359461,0.011765,0.297651,0.855224,0.368821,-0.175064,-0.467744,-0.878888,140.62,0.382806,14.1879,0.7773
2155,0.000675,0.265738,674.26,790.76,1500.00,0.439647,0.019608,0.391469,0.627724,0.264042,-0.008558,-0.483216,-0.791462,140.62,0.360477,11.4944,0.7590
2160,0.000938,0.067232,577.22,734.58,1265.62,0.341716,0.023529,0.602815,0.886916,0.325472,-0.199513,-0.669920,-0.945770,140.62,0.409388,15.5167,0.8253
2165,0.000784,0.209997,453.12,638.36,796.88,0.245546,0.003922,0.989776,1.238663,0.099873,-0.332943,-0.767329,-1.228040,140.62,0.545974,19.8692,0.8921
2171,0.000354,0.085639,453.04,647.71,750.00,0.243385,0.031373,0.996255,1.292927,-0.046923,-0.236752,-0.803782,-1.201725,140.62,0.538470,20.4734,0.8954
2176,0.000194,0.162734,469.22,711.25,984.38,0.282535,0.058824,1.071227,1.171041,0.014839,-0.530272,-0.718500,-1.008334,93.75,0.342895,16.5257,0.8792
2181,0.000185,0.103059,593.22,782.56,1265.62,0.378271,0.066667,0.530670,0.845992,0.442758,-0.380630,-0.637900,-0.800890,93.75,0.150268,10.5164,0.8034
2187,0.000165,0.152520,770.71,830.60,1734.38,0.443164,0.117647,-0.598839,0.541392,0.942351,-0.128645,-0.335960,-0.420299,281.25,0.095370,11.3436,0.5865
2192,0.000195,0.135809,744.44,861.06,1687.50,0.444889,0.113725,-0.167699,0.672058,0.797210,-0.292974,-0.515095,-0.493499,281.25,0.087840,11.6967,0.6806
2197,0.000128,0.182345,685.30,826.08,1500.00,0.400626,0.098039,0.036793,0.676945,0.766302,-0.188452,-0.678434,-0.613156,281.25,0.082488,10.2419,0.7316
2203,0.000081,0.200691,687.60,795.99,1359.38,0.413478,0.180392,0.033312,0.592176,0.622925,0.039612,-0.613486,-0.674540,281.25,0.073265,8.1778,0.7225
2208,0.000120,0.085802,833.61,919.36,1968.75,0.497155,0.141176,0.061293,0.327342,0.498074,-0.133148,-0.420039,-0.333522,93.75,0.043470,7.1078,0.6390
2213,0.000104,0.165751,900.82,946.58,2250.00,0.542301,0.188235,-0.184342,0.238011,0.618761,-0.239862,-0.291232,-0.141337,328.12,0.045709,8.7714,0.5605
2219,0.000150,0.180284,881.49,920.42,2203.12,0.525024,0.082353,-0.430088,0.191702,0.839434,-0.045357,-0.462768,-0.092923,375.00,0.050994,9.2859,0.5396
2224,0.000113,0.196462,860.68,918.01,2156.25,0.500691,0.196078,-0.498458,0.411679,0.874418,-0.133344,-0.558675,-0.095620,328.12,0.057504,9.5908,0.5705
2229,0.000299,0.293179,744.67,841.71,1734.38,0.455665,0.035294,0.099339,0.500058,0.591231,-0.091204,-0.532700,-0.566726,93.75,0.054390,7.5667,0.7004
2235,0.000790,0.322993,585.89,815.44,1171.88,0.337456,0.003922,0.814196,0.858071,0.097559,-0.325658,-0.714894,-0.729274,93.75,0.130937,15.8853,0.8261
2240,0.000751,0.587046,457.45,703.79,843.75,0.282592,0.011765,1.022602,1.121311,0.163397,-0.447538,-0.862064,-0.997708,93.75,0.322798,17.0052,0.8810
2245,0.000794,0.350786,502.01,731.17,1031.25,0.340838,0.011765,1.009045,0.965470,0.074540,-0.378980,-0.722463,-0.947611,93.75,0.504937,18.0869,0.8608
2251,0.000829,0.178283,394.52,637.06,703.12,0.218992,0.015686,1.349538,1.442754,-0.279036,-0.635481,-0.791385,-1.086389,140.62,0.472479,19.7967,0.9117
2256,0.000921,0.136658,368.39,621.99,421.88,0.186177,0.003922,1.563902,1.800730,-0.441292,-1.214764,-0.755023,-0.953552,140.62,0.579301,28.7530,0.9267
2261,0.000832,0.194725,342.92,581.71,468.75,0.163101,0.011765,1.480385,1.693956,-0.303055,-0.830943,-0.792585,-1.247758,140.62,0.545029,23.4719,0.9313
2267,0.000691,0.279408,386.96,627.25,656.25,0.228355,0.015686,1.263223,1.334080,0.056184,-0.686096,-0.718599,-1.248793,93.75,0.549432,21.1795,0.9074
2272,0.000937,0.148923,473.94,704.68,1078.12,0.298078,0.003922,1.066286,1.209116,-0.081299,-0.581694,-0.533055,-1.079354,93.75,0.522850,19.0641,0.8748
2277,0.000793,0.267882,611.66,807.34,1453.12,0.431966,0.011765,0.706347,0.830360,0.110134,-0.375246,-0.461961,-0.809634,93.75,0.530104,16.0572,0.8028
2283,0.000653,0.055218,444.07,687.43,984.38,0.275360,0.023529,1.109157,1.151978,0.194173,-0.760130,-0.616366,-1.078812,93.75,0.548001,19.1570,0.8785
2288,0.000592,0.157911,385.42,624.29,609.38,0.221282,0.011765,1.306111,1.457112,0.025569,-0.933389,-0.736343,-1.119059,93.75,0.487509,19.7447,0.9096
2293,0.000435,0.117608,499.25,733.96,1031.25,0.314326,0.031373,0.870197,1.140713,0.116110,-0.527261,-0.790866,-0.808894,93.75,0.397830,18.4645,0.8588
2299,0.000427,0.143502,471.19,706.66,1171.88,0.262406,0.035294,1.130478,1.201003,-0.180207,-0.681176,-0.484063,-0.986036,93.75,0.336286,18.2573,0.8700
2304,0.000433,0.122210,574.46,759.05,1359.38,0.358058,0.019608,0.892750,1.065231,-0.375507,-0.343581,-0.301484,-0.937409,93.75,0.258308,15.6913,0.8318
2309,0.000456,0.353548,702.59,817.39,1546.88,0.487375,0.050980,0.262144,0.634869,0.059472,-0.026458,-0.244149,-0.685879,93.75,0.198215,10.0770,0.7137
2315,0.000530,0.187549,526.65,756.35,1171.88,0.323371,0.011765,1.001693,1.054439,-0.325691,-0.367966,-0.470584,-0.891892,93.75,0.259132,15.6334,0.8467
2320,0.000663,0.211191,460.80,702.64,1078.12,0.284818,0.003922,1.008931,1.127445,0.204912,-0.799271,-0.505720,-1.036296,93.75,0.305109,18.9875,0.8629
2325,0.000641,0.342638,517.95,753.48,1078.12,0.332016,0.015686,0.997003,1.023007,-0.049051,-0.471856,-0.603345,-0.895759,93.75,0.364431,16.4145,0.8532
2331,0.000844,0.344699,665.83,829.30,1500.00,0.470353,0.011765,0.383318,0.683312,0.239735,-0.203125,-0.436202,-0.667038,93.75,0.383327,13.0809,0.7474
2336,0.000864,0.218839,442.05,688.57,843.75,0.282595,0.019608,1.118358,1.217476,0.141285,-0.633815,-0.823742,-1.019562,93.75,0.472611,17.3451,0.8899
2341,0.000748,0.096124,348.57,610.43,375.00,0.180843,0.011765,1.521622,1.650252,-0.017318,-1.089284,-0.970113,-1.095158,93.75,0.504948,22.5184,0.9320
2347,0.001029,0.294364,387.56,658.86,609.38,0.233283,0.011765,1.232763,1.284943,0.168186,-0.682153,-0.982815,-1.020925,93.75,0.514623,21.0841,0.9056
2352,0.000793,0.283054,445.28,701.12,843.75,0.293267,0.039216,1.182091,1.266295,-0.165401,-0.584583,-0.760809,-0.937593,93.75,0.572146,18.3004,0.8883
2357,0.001212,0.255216,640.42,831.94,1500.00,0.456092,0.011765,0.636559,0.849111,-0.149285,-0.248902,-0.426812,-0.660671,93.75,0.582646,16.0780,0.7836
2363,0.000965,0.201310,474.14,727.34,937.50,0.230527,0.015686,1.101556,1.210999,-0.237465,-0.432084,-0.753161,-0.889845,93.75,0.638446,17.6610,0.8784
2368,0.001111,0.407843,697.15,856.49,1593.75,0.390869,0.015686,0.444632,0.673197,0.156360,-0.205280,-0.431038,-0.637872,93.75,0.594294,12.1108,0.7490
2373,0.001363,0.222204,810.31,899.94,1875.00,0.578001,0.003922,0.133573,0.489447,0.171537,-0.119628,-0.232955,-0.441973,93.75,0.540632,9.0840,0.6568
2379,0.001080,0.247900,553.22,772.70,1218.75,0.301547,0.015686,0.814549,1.116090,-0.118309,-0.418460,-0.605410,-0.788460,93.75,0.688473,14.3051,0.8405
2384,0.000966,0.187633,651.48,825.19,1500.00,0.467570,0.007843,0.594522,0.858649,-0.020691,-0.246184,-0.469609,-0.716687,93.75,0.708786,14.1496,0.7891
2389,0.000957,0.096310,492.45,721.96,984.38,0.327464,0.023529,0.976974,1.240498,-0.094143,-0.472558,-0.709273,-0.941498,140.62,0.638709,16.8172,0.8737
2395,0.001157,0.056778,458.41,691.09,843.75,0.283617,0.007843,1.040719,1.396985,-0.051397,-0.625144,-0.794218,-0.966945,140.62,0.664238,21.6640,0.8908
2400,0.001134,0.326878,615.14,804.16,1406.25,0.427867,0.015686,0.716910,0.913519,0.074890,-0.328804,-0.592351,-0.784164,140.62,0.556466,14.9515,0.8181
2405,0.001514,0.244019,485.08,723.48,984.38,0.255887,0.003922,1.001060,1.243525,0.093085,-0.659135,-0.727146,-0.951390,93.75,0.675555,16.4872,0.8767
2411,0.001443,0.293500,609.64,801.94,1406.25,0.436418,0.007843,0.703230,0.899145,0.107511,-0.397428,-0.545662,-0.766795,93.75,0.826146,15.0864,0.8111
2416,0.001059,0.182452,528.19,740.69,1125.00,0.299859,0.015686,0.862515,1.169774,-0.085617,-0.385438,-0.693468,-0.867766,140.62,0.855400,16.1071,0.8578
2421,0.001256,0.301840,746.08,857.17,1734.38,0.542279,0.003922,0.305840,0.663283,0.132161,-0.131107,-0.393752,-0.576425,93.75,0.716920,10.9941,0.7250
2427,0.000972,0.076956,573.94,777.68,1265.62,0.399864,0.015686,0.770845,1.060916,-0.094800,-0.324519,-0.617385,-0.795058,140.62,0.701219,15.2238,0.8351
2432,0.000951,0.037334,487.63,712.03,984.38,0.314227,0.011765,0.937930,1.322654,-0.060283,-0.559128,-0.685489,-0.955686,140.62,0.660066,18.0643,0.8755
2437,0.000800,0.364459,687.17,825.77,1546.88,0.490540,0.015686,0.139041,0.763782,0.295659,-0.198291,-0.363293,-0.636897,187.50,0.481502,10.8894,0.7214
2443,0.001062,0.196122,510.69,732.68,1078.12,0.340112,0.003922,0.911631,1.206083,-0.108148,-0.470180,-0.630426,-0.908961,140.62,0.550928,16.8132,0.8616
2448,0.000978,0.085772,309.07,544.37,375.00,0.144033,0.011765,1.748467,1.954351,-0.190265,-1.439037,-0.989143,-1.084373,140.62,0.677954,29.0069,0.9473
2453,0.000830,0.196466,347.81,577.66,421.88,0.189201,0.011765,1.437163,1.635757,-0.007094,-0.861937,-1.004248,-1.199641,140.62,0.608277,22.0832,0.9333
2459,0.000380,0.340766,513.71,744.75,1125.00,0.323186,0.039216,0.968561,1.010846,-0.011941,-0.416394,-0.655164,-0.895908,93.75,0.554322,17.5462,0.8539
2464,0.000313,0.211857,724.39,855.31,1687.50,0.525828,0.023529,0.476689,0.466640,0.038826,-0.069108,-0.344977,-0.568071,93.75,0.397288,11.8203,0.7167
2469,0.000510,0.045068,654.41,822.86,1500.00,0.426681,0.023529,0.562476,0.654045,0.138611,-0.235609,-0.443667,-0.675856,93.75,0.216427,10.8159,0.7628
2475,0.000375,0.214690,645.31,794.79,1359.38,0.433233,0.011765,0.243641,0.790036,0.537617,-0.228403,-0.572701,-0.770190,140.62,0.213968,12.1548,0.7664
2480,0.000641,0.204603,467.86,672.56,703.12,0.256204,0.094118,0.653137,1.294106,0.749889,-0.636793,-1.012168,-1.048172,140.62,0.237701,13.2129,0.8812
2485,0.000706,0.276620,554.20,754.35,1171.88,0.357817,0.003922,0.641160,0.960292,0.585647,-0.664339,-0.678489,-0.844271,93.75,0.254473,12.2696,0.8267
2491,0.000356,0.385918,638.54,798.86,1406.25,0.446353,0.027451,0.309907,0.776248,0.493214,-0.409953,-0.450413,-0.719002,93.75,0.321278,10.4924,0.7554
2496,0.000415,0.090383,512.87,739.40,1078.12,0.320431,0.039216,0.859372,1.054547,0.247656,-0.604920,-0.626656,-0.929999,93.75,0.313823,13.9287,0.8501
2501,0.000265,0.076574,561.16,752.60,1265.62,0.356195,0.015686,0.460735,1.007107,0.518166,-0.484697,-0.612969,-0.888342,93.75,0.191804,11.7648,0.8153
2507,0.000489,0.162565,512.80,701.29,984.38,0.278862,0.054902,0.252568,1.194219,0.899232,-0.721150,-0.691296,-0.933573,234.38,0.193752,12.7314,0.8229
2512,0.000526,0.241862,575.73,748.39,1218.75,0.365801,0.019608,0.528959,0.848969,0.500169,-0.393153,-0.510504,-0.974441,140.62,0.183097,12.0242,0.8071
2517,0.000479,0.336993,465.00,637.35,750.00,0.250049,0.035294,0.691617,1.125593,0.829897,-0.778636,-0.652263,-1.216207,93.75,0.228733,11.0619,0.8633
2523,0.000563,0.309192,628.86,741.00,1218.75,0.387628,0.054902,0.114617,0.630550,0.698934,-0.059864,-0.505094,-0.879144,281.25,0.251613,10.4728,0.7436
2528,0.000472,0.311614,743.72,805.19,1500.00,0.485758,0.019608,-0.053646,0.484097,0.378689,0.191826,-0.357490,-0.643476,234.38,0.215450,7.1166,0.6717
2533,0.000480,0.245409,619.70,694.09,1125.00,0.374234,0.003922,0.275460,0.653489,0.297835,0.405814,-0.558777,-1.073820,93.75,0.237086,8.1664,0.7826
2539,0.000405,0.114781,664.40,654.92,1218.75,0.353410,0.054902,0.094438,0.552685,0.276997,0.576326,-0.203362,-1.297085,140.62,0.224840,9.4882,0.7453
2544,0.000600,0.191067,748.35,695.00,1312.50,0.419082,0.015686,-0.048508,0.418497,0.127012,0.549876,0.026787,-1.073664,140.62,0.181603,7.4424,0.6701
2549,0.000445,0.378369,852.53,716.12,1500.00,0.473102,0.027451,-0.250708,-0.214240,0.249513,0.787242,0.179932,-0.751739,93.75,0.177521,5.5009,0.5134
2555,0.000521,0.126123,804.72,739.46,1406.25,0.471191,0.054902,-0.144978,0.071511,0.266292,0.594231,-0.004517,-0.782540,93.75,0.198595,6.1394,0.5883
2560,0.000455,0.169366,720.88,698.82,1312.50,0.394231,0.023529,0.081435,0.525573,0.093471,0.382891,-0.061859,-1.021510,140.62,0.234576,8.7913,0.6996
2565,0.000676,0.208244,676.01,673.77,1125.00,0.375362,0.019608,0.208398,0.532605,-0.005293,0.635317,-0.203356,-1.167671,93.75,0.224196,8.7900,0.7419
2571,0.000699,0.264584,653.16,647.48,1125.00,0.325393,0.019608,0.188025,0.599890,0.051656,0.640869,-0.135365,-1.345075,93.75,0.272602,8.6123,0.7566
2576,0.000643,0.198818,650.39,648.26,1218.75,0.356167,0.031373,0.289087,0.529936,0.137917,0.419186,0.038953,-1.415079,93.75,0.348027,9.8751,0.7498
2581,0.000995,0.157940,586.19,625.86,1125.00,0.282810,0.003922,0.508738,0.741778,0.142397,0.213516,-0.112718,-1.493711,140.62,0.404331,12.1479,0.8067
2587,0.000713,0.197424,577.15,659.21,1125.00,0.316614,0.007843,0.543905,0.849334,-0.033281,0.226736,-0.392072,-1.194622,140.62,0.484883,13.0014,0.8161
2592,0.000789,0.209151,670.89,766.78,1359.38,0.428179,0.003922,0.394605,0.677998,-0.034723,0.045481,-0.255576,-0.827785,93.75,0.461828,12.0305,0.7461
2597,0.000792,0.080671,576.04,706.23,1171.88,0.317538,0.007843,0.594289,0.855374,-0.029400,0.020813,-0.343085,-1.097990,93.75,0.449240,13.1538,0.8093
2603,0.000689,0.126460,563.87,737.29,1125.00,0.340066,0.066667,0.643831,0.893757,0.032097,-0.043363,-0.526122,-1.000201,93.75,0.467670,15.0358,0.8223
2608,0.000693,0.102674,467.23,644.40,750.00,0.261513,0.015686,0.853344,1.062703,0.122504,0.029310,-0.807082,-1.260778,93.75,0.456050,15.4338,0.8799
2613,0.000324,0.127207,480.30,639.56,890.62,0.276184,0.003922,0.819449,0.933283,0.180479,0.049801,-0.652478,-1.330534,93.75,0.430607,16.2912,0.8662
2619,0.000323,0.149117,596.37,762.75,1218.75,0.400516,0.043137,0.647042,0.734522,0.033627,-0.125199,-0.361271,-0.928721,93.75,0.324134,12.8869,0.7918
2624,0.000204,0.024933,620.67,783.01,1312.50,0.407160,0.098039,0.643785,0.772333,-0.021491,-0.152094,-0.372318,-0.870215,93.75,0.220222,14.2236,0.7907
2629,0.000224,0.111638,629.99,779.14,1453.12,0.382541,0.101961,0.613188,0.889076,0.055592,-0.251896,-0.400657,-0.905304,140.62,0.156496,14.4613,0.8028
2635,0.000314,0.188555,683.27,812.80,1453.12,0.385668,0.027451,0.636044,0.641711,-0.204915,0.041657,-0.312093,-0.802404,93.75,0.134428,13.4979,0.7678
2640,0.000460,0.293069,708.75,869.18,1640.62,0.458378,0.019608,0.534521,0.569486,-0.163842,-0.017524,-0.349902,-0.572738,93.75,0.141616,11.7733,0.7337
2645,0.000297,0.305915,533.43,768.34,1218.75,0.314095,0.015686,0.963022,1.007081,-0.204362,-0.409254,-0.510445,-0.846043,93.75,0.234526,15.6346,0.8407
2651,0.000702,0.234621,641.22,816.92,1593.75,0.409540,0.011765,0.625999,0.623995,0.036524,-0.172731,-0.383737,-0.730051,93.75,0.188619,11.5217,0.7653
2656,0.000548,0.295147,588.17,750.17,1218.75,0.369809,0.039216,0.435865,0.651300,0.641586,-0.462173,-0.487667,-0.778910,187.50,0.143483,7.0146,0.7644
2661,0.000252,0.370204,465.62,652.79,609.38,0.238827,0.043137,0.618952,1.095645,1.011743,-0.705648,-1.038301,-0.982391,328.12,0.254602,8.6986,0.8662
2667,0.000435,0.171928,692.63,802.99,1546.88,0.459732,0.035294,0.042047,0.474030,0.650348,-0.020591,-0.534341,-0.611495,328.12,0.216671,9.3393,0.6966
2672,0.000250,0.046316,622.05,759.07,1265.62,0.359450,0.043137,-0.006438,0.757496,0.842106,-0.177565,-0.657861,-0.757739,328.12,0.174425,10.3303,0.7471
2677,0.000300,0.090854,609.38,745.78,1078.12,0.305876,0.066667,-0.265767,0.824171,1.159323,-0.224282,-0.762723,-0.730722,328.12,0.181385,12.4599,0.7361
2683,0.000455,0.155356,690.22,767.53,1359.38,0.409130,0.027451,-0.386646,0.637190,0.839146,0.132667,-0.557981,-0.664375,328.12,0.156503,11.1491,0.6762
2688,0.000370,0.268865,622.38,721.50,1171.88,0.356526,0.015686,-0.188649,0.722957,0.907026,0.020912,-0.634007,-0.828239,281.25,0.167095,9.2182,0.7307
2693,0.000222,0.345167,770.99,815.89,1687.50,0.523989,0.066667,-0.419642,0.421706,0.625690,0.231777,-0.298683,-0.560848,234.38,0.161714,7.2059,0.6061
2699,0.000183,0.071315,655.50,786.56,1406.25,0.419719,0.101961,0.146729,0.667457,0.564797,-0.073682,-0.562031,-0.743269,93.75,0.117189,7.6738,0.7426
2704,0.000240,0.138243,708.13,794.27,1593.75,0.419516,0.074510,-0.016648,0.403308,0.674180,-0.067673,-0.373444,-0.619724,281.25,0.105107,9.7302,0.6659
2709,0.000285,0.177408,708.98,846.32,1687.50,0.413610,0.050980,-0.174216,0.674811,0.755353,-0.159730,-0.588816,-0.507402,281.25,0.102852,9.6611,0.6896
2715,0.000289,0.203296,601.51,779.31,1218.75,0.346832,0.023529,0.208295,0.782534,0.899110,-0.338879,-0.856712,-0.694348,234.38,0.100126,9.9326,0.7809
2720,0.000139,0.274629,508.11,675.93,890.62,0.265781,0.141176,0.035946,1.244783,1.177307,-0.700185,-0.777952,-0.979899,234.38,0.147001,12.6746,0.8204
2725,0.000174,0.067801,613.07,796.83,1359.38,0.334487,0.074510,-0.286747,1.104237,1.059280,-0.750965,-0.606783,-0.519022,234.38,0.124605,15.0185,0.7254
2731,0.000110,0.093870,706.56,865.93,1640.62,0.387755,0.137255,-0.702575,1.017748,1.046663,-0.486882,-0.632411,-0.242541,234.38,0.094028,13.6271,0.6445
2736,0.000259,0.142619,789.68,909.53,2015.62,0.454586,0.094118,-0.647354,0.934898,0.869066,-0.457776,-0.542946,-0.155889,234.38,0.073753,11.4863,0.6209
2741,0.000375,0.463825,918.50,921.58,2156.25,0.614887,0.015686,-0.425020,0.362745,0.433035,0.064168,-0.215100,-0.219828,281.25,0.076548,7.2415,0.5464
2747,0.000789,0.535508,831.61,898.98,1921.88,0.592812,0.003922,-0.033276,0.382575,0.331951,-0.008943,-0.294250,-0.378057,93.75,0.144810,6.4825,0.6250
2752,0.000634,0.321183,537.73,764.56,1125.00,0.306421,0.039216,0.858748,1.029946,0.072720,-0.462522,-0.703901,-0.794992,93.75,0.327516,13.1856,0.8447
2757,0.000820,0.249244,587.57,783.44,1171.88,0.390409,0.019608,0.551888,0.873490,0.236119,-0.217991,-0.685664,-0.757842,93.75,0.409047,14.1585,0.8076
2763,0.000904,0.159129,460.16,671.96,890.62,0.258581,0.003922,0.875957,1.226640,0.199680,-0.420353,-0.798725,-1.083200,93.75,0.409277,15.2960,0.8800
2768,0.000870,0.293382,500.40,706.97,984.38,0.289947,0.015686,0.781737,1.023519,0.506464,-0.614245,-0.727718,-0.969757,93.75,0.490864,15.5546,0.8521
2773,0.000959,0.271220,564.51,734.56,1171.88,0.373402,0.023529,0.697092,0.711790,0.441433,-0.290439,-0.626469,-0.933407,93.75,0.550316,13.7721,0.8152
2779,0.001092,0.165919,463.38,614.07,890.62,0.258854,0.015686,0.773230,1.073183,0.519326,-0.281930,-0.728583,-1.355227,140.62,0.522166,14.5165,0.8771
2784,0.000861,0.161830,398.32,491.02,656.25,0.158111,0.019608,0.839246,1.305529,0.732100,-0.092700,-0.922181,-1.861993,140.62,0.625526,18.0739,0.9216
2789,0.000932,0.186674,443.06,573.63,703.12,0.227573,0.101961,0.729285,1.105034,0.666887,-0.136432,-0.945814,-1.418960,140.62,0.572722,14.6105,0.8909
2795,0.000958,0.269723,572.74,743.21,1171.88,0.360938,0.003922,0.594619,0.739400,0.481610,-0.113600,-0.784327,-0.917702,93.75,0.542110,13.5990,0.8202
2800,0.000814,0.104824,538.09,731.31,937.50,0.332454,0.007843,0.710289,0.846895,0.508828,-0.239456,-0.912094,-0.914462,93.75,0.572903,14.6938,0.8445
2805,0.000827,0.190414,563.75,759.60,1218.75,0.349820,0.003922,0.736375,0.963481,0.128463,-0.327084,-0.611426,-0.889809,93.75,0.519562,14.2895,0.8321
2811,0.000952,0.285323,790.53,887.56,1828.12,0.561610,0.015686,0.146602,0.584985,0.246249,-0.254414,-0.234710,-0.488712,93.75,0.484849,10.9577,0.6743
2816,0.000411,0.139648,568.77,770.92,1218.75,0.338818,0.039216,0.728122,0.989953,0.039025,-0.236041,-0.671093,-0.849965,93.75,0.477508,12.9240,0.8347
2821,0.000399,0.179244,680.44,822.11,1500.00,0.475407,0.035294,0.375019,0.743676,0.089813,-0.049129,-0.433384,-0.725996,93.75,0.376479,11.3449,0.7575
2827,0.000298,0.021462,624.87,767.42,1312.50,0.407842,0.035294,0.364635,0.769958,0.366841,-0.055782,-0.565593,-0.880059,93.75,0.214245,10.4589,0.7842
2832,0.000227,0.091434,537.16,676.37,890.62,0.310775,0.035294,0.407146,0.895174,0.689667,-0.027818,-0.928529,-1.035641,140.62,0.183968,11.7251,0.8366
2837,0.000232,0.163861,720.82,767.63,1453.12,0.448708,0.039216,-0.223853,0.380106,0.655074,0.243241,-0.358271,-0.696297,140.62,0.107308,7.8417,0.6469
2843,0.000244,0.174707,612.63,731.14,1265.62,0.364161,0.047059,0.130925,0.787024,0.715471,-0.127318,-0.636428,-0.869674,234.38,0.085072,7.7255,0.7707
2848,0.000140,0.199676,597.05,765.01,1125.00,0.354844,0.125490,0.046063,0.915495,0.669815,-0.042085,-0.853315,-0.735974,234.38,0.107267,11.7107,0.7817
2853,0.000151,0.240321,636.91,821.75,1406.25,0.375369,0.039216,0.383467,0.867081,0.440825,-0.304040,-0.717976,-0.669357,187.50,0.085972,8.9692,0.7890
2859,0.000121,0.220471,850.78,862.04,1781.25,0.554565,0.203922,-0.268035,0.324685,0.513317,0.088456,-0.149838,-0.508585,93.75,0.059898,6.6551,0.5884
2864,0.000105,0.112101,848.81,896.61,1921.88,0.532946,0.137255,-0.205569,0.406998,0.367934,0.201727,-0.366178,-0.404913,93.75,0.050779,7.1339,0.6192
2869,0.000134,0.165637,764.89,922.95,1875.00,0.474874,0.133333,0.287883,0.701757,0.350169,-0.220340,-0.685200,-0.434270,93.75,0.055824,9.4509,0.7416
2875,0.000123,0.134142,767.28,944.40,1921.88,0.441081,0.121569,0.323574,0.820058,0.333195,-0.324222,-0.780466,-0.372140,140.62,0.065321,11.4991,0.7592
2880,0.000093,0.211142,759.62,950.70,1921.88,0.430985,0.219608,0.333876,0.707875,0.548203,-0.379469,-0.850226,-0.360260,93.75,0.054959,9.9585,0.7551
2885,0.000077,0.149286,825.14,984.21,2109.38,0.450735,0.235294,0.131738,0.589044,0.545408,-0.283799,-0.798122,-0.184269,93.75,0.040241,8.2396,0.7009
2891,0.000066,0.201037,922.05,1010.32,2343.75,0.522387,0.254902,-0.338970,0.342413,0.844755,-0.250504,-0.597750,0.000055,375.00,0.037033,8.2363,0.5746
2896,0.000122,0.195902,1127.56,1053.96,2671.88,0.637279,0.125490,-0.797645,-0.360760,0.855267,0.186290,-0.203467,0.320315,421.88,0.030298,7.6726,0.3458
2901,0.000124,0.332363,967.24,1002.78,2390.62,0.582027,0.145098,-0.454947,0.315174,0.694728,-0.222298,-0.351761,0.019105,281.25,0.036030,7.2687,0.5241
2907,0.000111,0.300114,808.87,942.18,2062.50,0.478098,0.129412,-0.134035,0.691908,0.678689,-0.482535,-0.516442,-0.237585,328.12,0.054507,9.2252,0.6583
2912,0.000097,0.153322,921.03,987.81,2250.00,0.565571,0.141176,-0.475183,0.504241,0.623837,-0.170298,-0.355483,-0.127113,328.12,0.051672,8.8563,0.5636
2917,0.000230,0.230658,897.65,924.86,2015.62,0.543882,0.070588,-0.538458,0.245103,0.696287,0.017647,-0.212839,-0.207740,328.12,0.039621,6.4816,0.5159
2923,0.000551,0.503435,858.83,879.61,1828.12,0.535011,0.015686,-0.200183,0.265089,0.390200,0.128317,-0.154693,-0.428730,234.38,0.056207,4.9956,0.5803
2928,0.000582,0.502428,712.16,833.99,1546.88,0.501213,0.003922,0.204279,0.674858,0.257343,-0.051276,-0.401431,-0.683772,93.75,0.191251,8.4605,0.7275
2933,0.000484,0.228076,497.87,730.40,984.38,0.310632,0.019608,0.946503,1.249530,-0.078999,-0.459342,-0.711446,-0.946245,140.62,0.343054,16.9610,0.8729
2939,0.000542,0.067633,503.25,757.05,984.38,0.288723,0.039216,1.057511,1.283771,-0.029449,-0.611916,-0.878515,-0.821402,140.62,0.347309,22.8436,0.8829
2944,0.000524,0.360055,625.66,810.62,1312.50,0.413955,0.031373,0.669067,0.870606,0.053583,-0.340380,-0.517524,-0.735353,140.62,0.279715,12.6914,0.8016
2949,0.000545,0.357898,827.11,895.30,1828.12,0.575659,0.007843,0.147876,0.342139,0.191236,-0.034650,-0.200553,-0.446047,93.75,0.267039,9.1703,0.6384
2955,0.000516,0.077375,667.04,771.71,1312.50,0.422020,0.023529,0.387772,0.498243,0.340214,-0.027142,-0.306886,-0.892201,93.75,0.279848,10.7311,0.7393
2960,0.000532,0.219283,575.30,676.68,1171.88,0.318648,0.015686,0.535661,0.828128,0.192267,-0.034041,-0.303633,-1.218383,93.75,0.291591,12.1072,0.8089
2965,0.000607,0.259934,660.82,709.21,1171.88,0.393225,0.019608,0.224624,0.526126,0.425730,0.182329,-0.366554,-0.992254,93.75,0.284187,9.9617,0.7417
2971,0.000598,0.196663,707.98,724.38,1265.62,0.381877,0.019608,0.294902,0.615324,-0.083420,0.295322,-0.109009,-1.013120,140.62,0.270242,9.8919,0.7342
2976,0.000787,0.276434,734.07,771.07,1359.38,0.468123,0.031373,0.305351,0.494948,0.095144,-0.042834,0.081378,-0.933988,93.75,0.331620,10.3371,0.6956
2981,0.000860,0.202351,583.29,665.98,1171.88,0.296109,0.050980,0.668293,0.950295,-0.338086,0.116203,-0.058113,-1.338592,140.62,0.427636,14.9589,0.8187
2987,0.000751,0.268862,674.29,758.54,1265.62,0.409036,0.023529,0.518589,0.852448,-0.509028,0.322082,-0.336021,-0.848071,140.62,0.495647,13.9550,0.7820
2992,0.000876,0.311751,805.16,838.97,1734.38,0.551852,0.023529,0.198552,0.451932,-0.004903,0.233849,-0.301259,-0.578172,93.75,0.416188,9.3864,0.6824
2997,0.000528,0.134703,637.01,722.63,1171.88,0.393396,0.003922,0.515131,0.810963,-0.199639,0.183120,-0.311192,-0.998384,140.62,0.457645,12.3081,0.7888

----- END /raw_noise_3s_68195.csv -----
> 
> dump /raw_noise_3s_59726.csv
----- BEGIN /raw_noise_3s_59726.csv (84683 bytes) -----
ms_from_event,rms,flux,centroid_hz,spread_hz,rolloff85_hz,flatness,zcr,band0,band1,band2,band3,band4,band5,peak_hz,peak_mag,peak_ratio,low_dom
0,0.000090,0.242921,940.62,989.19,2156.25,0.561638,0.117647,-0.829865,0.452556,0.840994,-0.214968,-0.195941,-0.052776,328.12,0.053331,11.3425,0.4839
5,0.000089,0.220674,954.38,1002.73,2390.62,0.523379,0.188235,-1.283942,0.585182,1.032974,-0.080880,-0.345710,0.092376,281.25,0.044770,9.1027,0.4446
11,0.000093,0.265309,1058.87,1002.42,2531.25,0.586307,0.149020,-1.033478,0.056408,0.922043,0.173388,-0.337344,0.218982,421.88,0.036136,8.1124,0.3943
16,0.000104,0.258360,1101.51,1044.09,2671.88,0.607641,0.125490,-0.824475,-0.183321,0.873671,0.027987,-0.235503,0.341640,375.00,0.048122,11.0286,0.3642
21,0.000078,0.224245,986.43,999.40,2531.25,0.511388,0.298039,-1.037271,-0.054857,1.121361,0.035468,-0.227290,0.162591,328.12,0.054102,12.6648,0.3743
27,0.000074,0.185809,906.10,946.18,2109.38,0.517698,0.235294,-0.599171,0.113343,0.841922,0.064040,-0.277390,-0.142744,328.12,0.049942,11.8937,0.4918
32,0.000082,0.178533,1138.12,1120.29,2812.50,0.590096,0.231373,-0.294168,-0.012883,0.518518,-0.109817,-0.430229,0.328578,328.12,0.033553,9.4841,0.4743
37,0.000075,0.230409,1194.22,1136.16,2812.50,0.591923,0.207843,-0.585328,0.164681,0.691056,-0.464634,-0.303213,0.497437,375.00,0.034593,9.2717,0.4237
43,0.000089,0.208043,1060.88,1048.72,2625.00,0.584529,0.176471,-0.616088,0.231147,0.693331,-0.156647,-0.331326,0.179583,375.00,0.036522,9.7813,0.4709
48,0.000057,0.181707,1066.62,1005.97,2531.25,0.596995,0.349020,-1.083014,0.081229,0.927310,-0.024444,-0.177750,0.276669,375.00,0.037897,9.6514,0.3658
53,0.000076,0.122429,1101.00,1047.52,2531.25,0.575494,0.294118,-1.201649,0.307997,0.923291,-0.281006,-0.175111,0.426480,375.00,0.032983,9.5442,0.3607
59,0.000089,0.272517,1147.31,1091.63,2718.75,0.634804,0.160784,-0.622152,0.246911,0.599898,-0.242332,-0.304975,0.322650,421.88,0.024496,6.9763,0.4510
64,0.000088,0.275410,1021.00,1028.18,2531.25,0.525754,0.152941,-0.798115,0.179250,0.862849,0.025452,-0.387052,0.117617,421.88,0.033805,7.9418,0.4564
69,0.000077,0.214776,1014.97,1009.15,2531.25,0.550196,0.149020,-0.683394,-0.232339,0.959823,0.030211,-0.213673,0.139372,375.00,0.039902,9.8863,0.3963
75,0.000091,0.220034,1020.73,1028.88,2531.25,0.594937,0.164706,-0.597007,0.211898,0.832406,-0.298333,-0.349473,0.200511,328.12,0.042200,11.0975,0.4705
80,0.000103,0.180071,1017.60,982.48,2437.50,0.503108,0.152941,-1.037914,-0.372716,1.172630,0.022917,-0.119595,0.334678,375.00,0.043468,12.3336,0.3073
85,0.000093,0.306275,916.29,927.13,2250.00,0.501491,0.152941,-1.187897,0.262031,1.125254,0.071199,-0.260516,-0.010071,328.12,0.051533,12.2435,0.4188
91,0.000095,0.258698,985.33,958.66,2390.62,0.542797,0.117647,-1.661925,0.454507,1.006876,0.245231,-0.153448,0.108759,281.25,0.046102,10.0776,0.3586
96,0.000074,0.230348,1101.54,996.79,2578.12,0.603233,0.235294,-1.315693,-0.177647,1.054585,-0.134466,0.276379,0.296841,328.12,0.043948,10.4540,0.2624
101,0.000091,0.172502,1016.58,1027.17,2671.88,0.552673,0.203922,-0.907955,0.179596,1.008577,-0.207027,-0.274776,0.201586,328.12,0.043918,10.7431,0.4188
107,0.000095,0.133338,970.98,1013.93,2531.25,0.521512,0.133333,-0.504678,0.149889,0.861094,-0.176678,-0.459011,0.129384,375.00,0.040531,10.6611,0.4969
112,0.000081,0.242132,879.80,947.82,2250.00,0.506087,0.211765,-0.159000,0.295455,0.855852,-0.505123,-0.472049,-0.015134,375.00,0.050126,12.2274,0.5773
117,0.000083,0.122820,961.95,960.97,2250.00,0.531955,0.180392,-0.425728,-0.106781,1.025860,-0.376779,-0.301446,0.184873,375.00,0.052554,14.1158,0.4482
123,0.000083,0.151279,1017.96,962.17,2296.88,0.552318,0.164706,-1.708113,-0.198100,1.308144,0.149330,0.113658,0.335081,375.00,0.048395,14.2342,0.2355
128,0.000096,0.263320,1030.84,1023.56,2531.25,0.569821,0.168627,-1.378006,-0.026702,1.149634,0.182945,-0.223670,0.295799,375.00,0.041041,10.9207,0.3233
133,0.000083,0.168020,1045.14,996.43,2343.75,0.556992,0.188235,-1.705704,-0.158118,1.253165,0.086106,0.094199,0.430353,328.12,0.048148,13.1632,0.2325
139,0.000073,0.236066,1036.88,979.80,2437.50,0.556322,0.243137,-1.536376,-0.230380,1.213630,0.121938,0.031372,0.399814,375.00,0.049782,13.1856,0.2499
144,0.000085,0.221799,1084.03,997.92,2484.38,0.564087,0.211765,-1.798427,-0.148323,1.113220,0.480140,-0.141314,0.494704,328.12,0.037331,9.5209,0.2405
149,0.000083,0.174050,1222.36,1084.48,2671.88,0.649681,0.180392,-1.520614,0.014146,0.940056,0.080024,-0.107072,0.593459,328.12,0.041048,11.1764,0.2696
155,0.000089,0.217314,1004.93,994.96,2484.38,0.565198,0.156863,-1.418947,0.306151,1.037084,0.091348,-0.223023,0.207386,328.12,0.044889,11.4201,0.3662
160,0.000104,0.251307,1072.68,1034.27,2578.12,0.535314,0.149020,-1.136250,-0.248630,1.132754,-0.094044,-0.125565,0.471735,375.00,0.046858,12.4542,0.2962
165,0.000080,0.215541,979.09,996.36,2296.88,0.520467,0.227451,-1.548372,0.234657,1.265588,-0.181206,-0.048775,0.278109,375.00,0.051826,13.0214,0.3161
171,0.000075,0.176004,1004.36,973.03,2484.38,0.548465,0.290196,-1.894295,0.260769,1.288091,0.001157,0.011112,0.333166,375.00,0.048670,12.1461,0.2711
176,0.000089,0.141860,1079.96,1002.05,2484.38,0.563148,0.180392,-1.272876,-0.038716,1.068385,-0.045462,-0.114358,0.403025,421.88,0.038779,11.1624,0.3100
181,0.000086,0.195122,1047.66,1028.03,2484.38,0.598578,0.164706,-0.950953,0.098098,0.959767,-0.136689,-0.243001,0.272778,375.00,0.039787,10.9545,0.3914
187,0.000092,0.265072,1007.72,1022.12,2484.38,0.583161,0.180392,-0.492369,-0.143701,0.898738,-0.061648,-0.389466,0.188444,375.00,0.047000,11.9338,0.4458
192,0.000098,0.187751,940.14,961.61,2296.88,0.521564,0.180392,-0.794599,0.100797,0.968702,-0.075063,-0.226090,0.026251,375.00,0.041548,9.7945,0.4386
197,0.000095,0.274174,900.01,951.77,2250.00,0.515397,0.172549,-1.055566,0.464180,0.924173,0.188511,-0.467558,-0.053740,328.12,0.047135,10.1663,0.4912
203,0.000083,0.199231,964.18,1015.21,2531.25,0.488428,0.211765,-0.822337,0.165202,1.012450,0.014533,-0.572314,0.202467,375.00,0.043709,10.3680,0.4642
208,0.000096,0.186439,1130.30,1065.10,2671.88,0.531670,0.125490,-1.160583,-0.246516,1.129206,0.050313,-0.348473,0.576053,375.00,0.051585,13.6000,0.3063
213,0.000063,0.229681,1062.64,1020.63,2531.25,0.582399,0.294118,-1.167798,0.053397,1.091704,-0.158362,-0.219939,0.400996,375.00,0.047254,11.5767,0.3435
219,0.000080,0.208573,1139.22,1032.93,2531.25,0.655059,0.156863,-1.003287,-0.154449,0.831027,0.059436,-0.073607,0.340879,328.12,0.035732,8.3064,0.3290
224,0.000095,0.160622,1201.27,1007.32,2531.25,0.682726,0.172549,-1.655992,-0.541748,0.947505,0.546548,0.100435,0.603252,375.00,0.025776,6.5523,0.1899
229,0.000092,0.233123,1150.29,1019.92,2531.25,0.599383,0.180392,-1.614141,-0.531392,1.229418,0.073906,0.178907,0.663303,375.00,0.049112,13.0735,0.1833
235,0.000100,0.220159,1045.34,1010.67,2437.50,0.540738,0.098039,-1.492629,-0.076764,1.198365,0.093400,-0.129598,0.407226,375.00,0.049488,12.0342,0.2842
240,0.000083,0.129312,987.28,980.16,2390.62,0.504964,0.152941,-1.348420,-0.040940,1.150352,0.153586,-0.193131,0.278552,328.12,0.054855,14.0814,0.3236
245,0.000090,0.146526,1039.93,1007.42,2437.50,0.547649,0.149020,-1.168555,-0.145335,1.140398,-0.054316,-0.170783,0.398590,375.00,0.049169,13.2453,0.3163
251,0.000088,0.159959,979.79,957.26,2296.88,0.549701,0.149020,-1.035755,-0.419044,1.136346,0.236342,-0.191148,0.273258,375.00,0.050952,14.2840,0.3168
256,0.000077,0.145079,988.33,970.22,2390.62,0.549678,0.203922,-0.911606,-0.391351,1.102935,0.143313,-0.193666,0.250375,375.00,0.050836,14.0592,0.3363
261,0.000087,0.089327,1023.24,961.61,2343.75,0.565603,0.156863,-1.143035,-0.605963,1.243195,0.090206,0.014623,0.400973,375.00,0.049484,15.1482,0.2531
267,0.000069,0.171131,1120.82,1033.53,2437.50,0.600556,0.258824,-1.370117,-0.300574,1.198312,-0.192291,0.126896,0.537775,375.00,0.047422,13.6768,0.2373
272,0.000089,0.173018,1260.72,1098.49,2812.50,0.642352,0.168627,-1.247198,-0.449681,1.059239,-0.269882,0.220815,0.686708,375.00,0.041667,12.0049,0.2138
277,0.000067,0.208157,1130.05,1043.61,2578.12,0.639980,0.290196,-0.929208,-0.334750,0.958245,-0.019302,-0.117542,0.442557,375.00,0.041895,11.0424,0.3112
283,0.000081,0.167110,1131.53,1023.79,2625.00,0.578106,0.203922,-1.090419,-0.289856,1.022118,-0.002655,-0.048585,0.409400,375.00,0.036945,10.9374,0.2951
288,0.000095,0.151561,1175.17,1041.26,2671.88,0.613828,0.141176,-0.882370,-0.369375,0.915398,-0.190461,0.096735,0.430072,375.00,0.038680,11.3342,0.2913
293,0.000077,0.297294,1033.50,999.71,2531.25,0.553758,0.215686,-0.787850,0.115780,0.939726,-0.336811,-0.120930,0.190086,375.00,0.039674,9.7045,0.4084
299,0.000076,0.279553,1115.91,1023.48,2578.12,0.679219,0.172549,-1.034779,0.187753,0.722290,0.009234,-0.134216,0.249717,328.12,0.036437,7.5572,0.3820
304,0.000084,0.141724,1092.32,1003.68,2437.50,0.616067,0.164706,-0.814849,-0.210965,0.878926,-0.159650,-0.037118,0.343655,375.00,0.034423,9.3203,0.3394
309,0.000082,0.161193,1134.74,1037.54,2484.38,0.620026,0.247059,-0.679789,-0.495414,0.857264,-0.037407,-0.056462,0.411808,375.00,0.045483,13.1595,0.3175
315,0.000067,0.188714,1058.12,985.85,2343.75,0.603512,0.282353,-0.821336,-0.426533,1.033177,-0.092434,0.051327,0.255799,375.00,0.046180,12.3722,0.3149
320,0.000079,0.144863,1100.72,1003.54,2531.25,0.624911,0.164706,-1.310694,-0.216543,0.997637,0.163282,0.026103,0.340215,375.00,0.040154,12.7588,0.2795
325,0.000092,0.182343,1031.63,955.47,2343.75,0.507468,0.145098,-2.571944,-0.108952,1.470847,0.551685,0.172441,0.485923,375.00,0.035614,11.4854,0.1585
331,0.000081,0.221934,1032.47,974.48,2437.50,0.537422,0.219608,-1.762924,-0.385015,1.365488,0.331864,0.045612,0.404976,421.88,0.045071,12.7956,0.2143
336,0.000083,0.259092,1113.85,1035.59,2578.12,0.595102,0.180392,-1.242938,-0.398418,1.171690,-0.081566,0.037914,0.513316,375.00,0.048531,13.2820,0.2504
341,0.000106,0.155563,1120.18,1068.46,2625.00,0.597846,0.133333,-1.329197,0.062606,1.090867,-0.261210,-0.013298,0.450232,375.00,0.045632,13.2366,0.2991
347,0.000072,0.280105,984.23,998.79,2437.50,0.559017,0.235294,-0.757366,0.109839,0.998156,-0.199116,-0.342620,0.191105,375.00,0.050790,12.0437,0.4383
352,0.000067,0.181546,1007.77,990.70,2437.50,0.548892,0.250980,-0.907243,0.058950,1.016283,-0.089655,-0.324700,0.246365,375.00,0.044167,10.3432,0.4049
357,0.000096,0.122373,1241.98,1093.64,2812.50,0.622311,0.105882,-1.116783,-0.196313,0.950759,-0.119217,-0.119345,0.600900,421.88,0.032026,9.5761,0.2896
363,0.000092,0.307003,1071.68,1024.78,2484.38,0.597802,0.172549,-0.678887,-0.227556,0.952343,-0.217971,-0.143435,0.315508,375.00,0.039675,10.4225,0.3684
368,0.000082,0.242544,950.81,975.64,2296.88,0.556298,0.219608,-0.634274,0.085649,0.890503,-0.059490,-0.340719,0.058331,328.12,0.051730,12.3918,0.4668
373,0.000101,0.180383,959.34,982.24,2343.75,0.520506,0.094118,-0.588928,0.071860,0.928981,-0.168818,-0.318047,0.074951,375.00,0.044422,11.2678,0.4658
379,0.000084,0.115186,1009.81,1033.64,2531.25,0.511380,0.164706,-0.696352,-0.002185,1.081984,-0.301442,-0.346816,0.264811,375.00,0.050384,13.4274,0.4235
384,0.000086,0.146212,1070.10,1031.62,2531.25,0.529285,0.223529,-1.232208,-0.155699,1.210049,-0.113451,-0.158884,0.450193,375.00,0.050085,13.4955,0.3016
389,0.000078,0.234946,1022.79,963.14,2390.62,0.591903,0.200000,-1.590130,-0.044388,1.115812,0.284653,-0.042491,0.276544,328.12,0.042223,10.3816,0.2821
395,0.000075,0.224911,1075.85,994.65,2390.62,0.583082,0.207843,-1.418890,-0.086583,0.945082,0.489472,-0.244418,0.315337,328.12,0.031926,8.2074,0.3126
400,0.000097,0.221651,1174.84,1048.29,2531.25,0.580318,0.188235,-1.639016,-0.598306,1.192345,0.450494,-0.069532,0.664015,375.00,0.034863,9.3129,0.1953
405,0.000098,0.268726,1149.08,1047.98,2531.25,0.618013,0.145098,-1.311030,-0.129434,1.029506,-0.014099,-0.065880,0.490937,328.12,0.045387,11.7872,0.2824
411,0.000092,0.233077,986.85,1014.12,2390.62,0.508610,0.196078,-0.518790,0.167221,0.874550,-0.433011,-0.222919,0.132948,328.12,0.055882,13.5359,0.4673
416,0.000087,0.188832,917.82,979.63,2250.00,0.553962,0.149020,-0.386413,0.263676,0.783818,-0.230925,-0.354885,-0.075273,328.12,0.052266,11.7426,0.5384
421,0.000093,0.190391,942.01,971.25,2203.12,0.536271,0.172549,-0.795316,0.467758,0.813964,-0.255301,-0.196910,-0.034193,281.25,0.041636,10.2272,0.4879
427,0.000078,0.260763,1033.62,960.90,2203.12,0.597807,0.215686,-1.338377,0.022887,0.915356,0.113946,0.057630,0.228557,328.12,0.041926,9.9471,0.3098
432,0.000079,0.149391,1060.07,1014.15,2484.38,0.572034,0.184314,-0.902179,-0.222350,0.879300,0.184649,-0.231017,0.291597,375.00,0.046088,11.5923,0.3560
437,0.000074,0.155817,987.83,979.35,2296.88,0.528461,0.258824,-0.678871,-0.076704,0.945016,-0.074980,-0.273161,0.158700,375.00,0.042183,12.4611,0.4205
443,0.000088,0.168273,1224.53,1052.29,2671.88,0.652146,0.113725,-1.210406,-0.820257,1.041114,0.202725,0.124909,0.661915,375.00,0.037001,11.5834,0.1964
448,0.000088,0.263003,1164.42,1058.59,2718.75,0.586282,0.141176,-1.732866,-0.220216,1.168684,0.310900,-0.150314,0.623812,375.00,0.040031,10.5874,0.2291
453,0.000079,0.282141,1077.62,1015.15,2531.25,0.595349,0.192157,-1.632206,-0.019198,1.072105,0.354108,-0.205750,0.430941,328.12,0.044501,10.4480,0.2812
459,0.000102,0.153668,1160.32,1047.86,2625.00,0.597806,0.113725,-1.323328,-0.274208,1.034707,-0.036259,0.006725,0.592362,328.12,0.042370,10.9131,0.2501
464,0.000090,0.160039,1161.79,1125.52,2859.38,0.552611,0.125490,-1.161000,0.027446,1.172409,-0.465852,-0.210774,0.637771,375.00,0.048005,13.2519,0.3143
469,0.000088,0.182624,1054.11,1037.01,2531.25,0.539775,0.156863,-1.034041,-0.087888,1.189864,-0.385022,-0.064848,0.381938,375.00,0.053684,14.0345,0.3275
475,0.000083,0.128721,1053.99,1018.95,2484.38,0.562385,0.180392,-0.624189,-0.371543,1.033835,-0.334672,-0.053837,0.350406,375.00,0.053463,15.2095,0.3439
480,0.000088,0.204733,1167.13,1068.81,2718.75,0.606634,0.184314,-0.844951,-0.363560,1.011265,-0.435897,0.075016,0.558127,375.00,0.044752,11.6860,0.2848
485,0.000089,0.264739,1105.52,1059.00,2625.00,0.629793,0.133333,-0.708419,0.147950,0.779969,-0.279328,-0.317920,0.377748,328.12,0.049064,11.5023,0.4231
491,0.000079,0.111773,1078.47,1017.93,2484.38,0.627847,0.227451,-0.922590,0.005968,0.888207,-0.203765,-0.121984,0.354162,328.12,0.045532,11.6651,0.3602
496,0.000090,0.157123,1133.41,1048.59,2671.88,0.654377,0.156863,-0.848875,-0.137890,0.802404,-0.212186,0.022606,0.373939,375.00,0.041490,10.7071,0.3337
501,0.000092,0.188875,1219.22,1069.65,2718.75,0.646546,0.180392,-1.483407,-0.270401,0.990041,-0.027749,0.145734,0.645783,328.12,0.045846,11.7479,0.2188
507,0.000092,0.191024,1121.60,1031.77,2531.25,0.624661,0.149020,-1.008165,-0.183627,0.885322,0.022696,-0.138188,0.421963,328.12,0.053390,13.1608,0.3235
512,0.000088,0.119801,1010.70,986.32,2390.62,0.584536,0.152941,-1.049223,0.045643,0.997693,-0.076232,-0.165439,0.247558,328.12,0.054029,13.6241,0.3675
517,0.000097,0.203307,997.40,981.53,2343.75,0.530777,0.152941,-1.246336,-0.180230,1.159165,0.126456,-0.169665,0.310611,375.00,0.048568,12.9872,0.3135
523,0.000092,0.139177,996.40,990.48,2390.62,0.518959,0.180392,-1.044465,-0.157466,1.111087,0.028389,-0.106915,0.169369,375.00,0.047077,12.5084,0.3470
528,0.000095,0.235573,938.30,966.24,2203.12,0.490897,0.094118,-0.488274,0.122406,0.907419,-0.417357,-0.113399,-0.010796,328.12,0.056361,15.1926,0.4698
533,0.000084,0.175046,1036.42,1048.32,2578.12,0.559793,0.172549,-0.591242,-0.070099,0.910947,-0.164174,-0.266654,0.181220,328.12,0.055357,13.9511,0.4285
539,0.000090,0.158231,1094.77,1032.31,2625.00,0.559947,0.125490,-0.997166,-0.656458,1.046034,0.362726,-0.141279,0.386145,328.12,0.049455,13.1622,0.2790
544,0.000079,0.203355,1074.34,1023.83,2531.25,0.540080,0.223529,-1.493501,-0.032346,1.250023,-0.026755,-0.205378,0.507956,328.12,0.050665,13.6137,0.2861
549,0.000076,0.242848,1123.69,1046.98,2625.00,0.612323,0.203922,-1.705983,0.125525,1.118616,0.123106,-0.154149,0.492886,328.12,0.043919,10.6162,0.2770
555,0.000082,0.183706,1159.11,1056.67,2625.00,0.578478,0.164706,-1.368197,-0.373657,1.089909,0.061789,0.021267,0.568889,375.00,0.039535,11.1233,0.2376
560,0.000086,0.126391,1168.22,1069.21,2625.00,0.593622,0.164706,-1.244523,-0.664452,1.224093,0.021777,0.018843,0.644262,375.00,0.047231,14.8054,0.2165
565,0.000085,0.182375,982.72,971.53,2296.88,0.461726,0.188235,-1.621417,-0.658924,1.553098,0.253590,-0.017411,0.491063,375.00,0.049048,15.6241,0.2015
571,0.000084,0.257112,1117.47,1040.33,2531.25,0.585234,0.168627,-1.360284,-0.596520,1.182142,0.181458,0.117185,0.476019,328.12,0.044537,13.4079,0.2184
576,0.000089,0.246997,1156.25,1087.89,2718.75,0.589235,0.196078,-0.939360,-0.221750,1.012746,-0.271560,-0.017900,0.437826,328.12,0.049728,13.3358,0.3121
581,0.000070,0.156576,1137.41,1094.83,2718.75,0.575720,0.215686,-0.927935,-0.027233,0.951338,-0.216969,-0.210067,0.430865,328.12,0.052312,14.2877,0.3571
587,0.000092,0.203289,1188.87,1072.17,2671.88,0.605350,0.145098,-1.433520,-0.283866,1.099124,-0.023301,-0.045754,0.687317,328.12,0.041064,11.4027,0.2351
592,0.000092,0.208084,1219.92,1069.57,2812.50,0.659315,0.184314,-1.759032,-0.358267,1.149462,0.095077,0.155589,0.717170,375.00,0.045460,11.9919,0.1832
597,0.000095,0.208098,952.31,935.13,2250.00,0.530915,0.152941,-0.920787,-0.107929,1.045922,-0.000527,-0.038643,0.021963,375.00,0.049816,12.4953,0.3761
603,0.000084,0.207113,1024.13,1022.04,2484.38,0.533979,0.196078,-0.816304,-0.084728,1.058521,-0.160995,-0.294176,0.297682,375.00,0.054584,13.3514,0.3888
608,0.000098,0.110848,1074.96,1045.45,2625.00,0.553736,0.164706,-1.011155,-0.274857,1.175638,-0.146892,-0.213919,0.471187,375.00,0.053660,14.6274,0.3161
613,0.000102,0.139289,1045.22,992.69,2437.50,0.558393,0.125490,-1.056575,-0.200408,1.164374,-0.258913,0.000568,0.350954,375.00,0.049940,13.9675,0.3091
619,0.000089,0.309518,908.68,945.88,2250.00,0.502950,0.188235,-0.993376,0.384104,1.089381,-0.167770,-0.336493,0.024154,328.12,0.058579,14.1692,0.4630
624,0.000058,0.182941,931.74,921.42,2203.12,0.504076,0.356863,-1.008819,0.180327,0.992429,0.275065,-0.426271,-0.012731,328.12,0.053193,12.5305,0.4515
629,0.000079,0.182404,1133.48,1030.91,2625.00,0.577588,0.211765,-1.403944,-0.108871,1.031438,0.255021,-0.212556,0.438915,328.12,0.033892,9.6926,0.2953
635,0.000083,0.176729,1191.73,1059.37,2671.88,0.616644,0.141176,-1.268513,-0.592634,1.118930,0.252304,-0.194816,0.684730,328.12,0.027439,8.9838,0.2359
640,0.000071,0.250211,1162.61,1039.31,2578.12,0.596508,0.184314,-1.501908,-0.666100,1.303220,0.097605,-0.006862,0.774047,375.00,0.046297,13.6829,0.1873
645,0.000079,0.236984,1247.77,1112.38,2953.12,0.590167,0.235294,-1.472845,-0.373954,1.131337,0.195468,-0.219671,0.739664,375.00,0.038631,10.4638,0.2344
651,0.000082,0.127320,1190.76,1067.62,2765.62,0.648928,0.211765,-1.259356,-0.355469,1.009864,0.134899,-0.056013,0.526078,375.00,0.036199,10.1269,0.2607
656,0.000069,0.197093,1139.08,1061.50,2671.88,0.601623,0.223529,-0.757507,-0.556027,0.988130,-0.067773,-0.028920,0.422096,375.00,0.044582,12.5755,0.2987
661,0.000085,0.200454,1184.22,1068.42,2671.88,0.601808,0.133333,-1.049178,-0.233604,0.965152,-0.036801,-0.172258,0.526689,375.00,0.041962,12.0187,0.3061
667,0.000104,0.194117,1161.22,1052.09,2625.00,0.598158,0.145098,-1.270550,-0.128428,1.062107,-0.184022,-0.048375,0.569269,375.00,0.042356,11.9871,0.2769
672,0.000084,0.200412,1038.14,995.90,2484.38,0.550235,0.172549,-0.867653,-0.239252,1.127546,-0.409392,0.041292,0.347460,375.00,0.047954,13.1150,0.3213
677,0.000080,0.198431,973.82,965.54,2296.88,0.549887,0.203922,-0.774162,0.077645,1.045085,-0.413494,-0.167273,0.232198,375.00,0.048952,11.8081,0.4060
683,0.000094,0.136149,1077.41,975.63,2343.75,0.584501,0.141176,-1.145281,-0.463348,1.042570,0.058706,0.107852,0.399502,375.00,0.043397,12.4893,0.2577
688,0.000084,0.215960,1086.43,991.79,2531.25,0.549121,0.176471,-1.840253,-0.329752,1.354671,0.034828,0.266772,0.513734,375.00,0.049188,13.3186,0.1861
693,0.000095,0.142562,1129.29,1043.03,2671.88,0.562881,0.105882,-2.070146,-0.134047,1.351978,-0.002153,0.260077,0.594290,375.00,0.052326,15.0671,0.1781
699,0.000087,0.145426,1088.44,1050.11,2671.88,0.502336,0.176471,-2.293797,-0.001855,1.541775,-0.080952,0.146953,0.687876,375.00,0.052266,15.2047,0.1729
704,0.000090,0.210121,1148.21,1055.88,2671.88,0.569874,0.145098,-1.285901,-0.315012,1.321776,-0.481886,0.105884,0.655138,375.00,0.055421,15.7765,0.2349
709,0.000076,0.178204,1151.16,1065.93,2625.00,0.574412,0.172549,-1.002709,-0.202461,1.190554,-0.690854,0.069346,0.636124,375.00,0.053424,13.9669,0.2778
715,0.000100,0.152978,1099.52,1014.44,2531.25,0.592729,0.109804,-0.913109,-0.402958,0.972800,-0.051752,-0.044576,0.439596,375.00,0.048535,13.5992,0.2983
720,0.000093,0.242280,1096.57,972.62,2484.38,0.639761,0.141176,-1.436960,-0.433221,1.018686,0.349511,0.112725,0.389259,375.00,0.050733,12.2548,0.2340
725,0.000094,0.172666,1060.83,1037.26,2578.12,0.552047,0.172549,-1.006304,-0.277137,1.095478,0.053201,-0.223365,0.358126,375.00,0.055260,13.3496,0.3298
731,0.000100,0.116515,985.28,1019.82,2484.38,0.532062,0.152941,-0.712467,-0.168662,1.174039,-0.152395,-0.381857,0.241342,375.00,0.050776,13.1146,0.4085
736,0.000073,0.271273,912.96,942.04,2156.25,0.467686,0.262745,-1.369414,0.436164,1.195597,-0.081170,-0.167131,-0.014046,328.12,0.052754,13.2843,0.4071
741,0.000081,0.164859,945.03,920.22,2062.50,0.537523,0.231373,-1.353462,0.261548,0.997151,0.145567,0.048258,-0.099061,328.12,0.047139,11.9660,0.3727
747,0.000104,0.270424,1006.04,969.50,2343.75,0.552253,0.098039,-0.988962,-0.332265,0.957208,0.318147,-0.150967,0.196836,375.00,0.040588,10.5086,0.3355
752,0.000084,0.188610,1007.32,999.42,2484.38,0.554913,0.172549,-0.831531,-0.079454,0.955662,-0.077641,-0.187915,0.220880,375.00,0.045635,11.9275,0.3841
757,0.000079,0.214921,963.82,999.21,2437.50,0.516423,0.203922,-0.807239,0.193019,0.975559,-0.058737,-0.402831,0.100228,328.12,0.047021,11.2648,0.4611
763,0.000086,0.213790,1097.67,1033.07,2625.00,0.583099,0.196078,-0.976393,-0.064693,0.943332,0.101914,-0.320490,0.316331,375.00,0.043289,10.9702,0.3732
768,0.000507,0.538512,944.24,973.21,2250.00,0.615062,0.039216,-0.164606,0.305249,0.418381,-0.143239,-0.266901,-0.148883,328.12,0.047582,6.4075,0.5691
773,0.000903,0.572043,723.48,886.51,1734.38,0.486429,0.003922,0.342603,0.896099,0.089102,-0.355223,-0.465346,-0.507235,140.62,0.201270,11.7014,0.7513
779,0.001218,0.373799,441.55,720.06,703.12,0.246903,0.007843,1.291520,1.636331,-0.546726,-0.804450,-0.805619,-0.771056,140.62,0.483044,24.9065,0.9048
784,0.001523,0.345118,295.76,521.90,234.38,0.126850,0.011765,1.616908,2.047730,0.005933,-1.142562,-1.309965,-1.218044,140.62,0.761040,28.3689,0.9567
789,0.001281,0.325302,405.30,631.26,656.25,0.239291,0.003922,1.149396,1.512079,-0.142730,-0.465333,-0.923564,-1.129848,140.62,0.898148,22.7043,0.9135
795,0.001337,0.367755,525.12,730.63,1078.12,0.364311,0.007843,0.880651,0.987691,0.070102,-0.280627,-0.696879,-0.960938,93.75,0.816184,16.1542,0.8536
800,0.001425,0.091258,446.54,674.43,843.75,0.235187,0.003922,1.057388,1.262317,0.157110,-0.603010,-0.786317,-1.087488,93.75,0.853680,17.7543,0.8906
805,0.001245,0.184059,629.39,815.94,1453.12,0.446309,0.007843,0.685971,0.930804,0.026365,-0.470766,-0.444960,-0.727414,93.75,0.834281,15.5213,0.8013
811,0.001397,0.155751,451.23,679.94,890.62,0.283585,0.003922,1.070143,1.345358,-0.037910,-0.620008,-0.721815,-1.035768,140.62,0.871848,18.9626,0.8896
816,0.001489,0.076038,353.88,543.62,515.62,0.185011,0.003922,1.282527,1.505983,0.166165,-0.491505,-0.884388,-1.578783,140.62,0.848333,21.6629,0.9325
821,0.001336,0.281303,402.06,586.39,750.00,0.230082,0.023529,1.150606,1.222595,0.119187,-0.329689,-0.596182,-1.566517,93.75,0.876454,19.6654,0.9062
827,0.001262,0.272920,478.50,664.55,890.62,0.292457,0.007843,0.863357,1.182442,-0.024402,-0.102374,-0.702893,-1.216131,93.75,0.816552,14.7408,0.8789
832,0.001516,0.266361,686.55,821.77,1500.00,0.436339,0.007843,0.356138,0.723964,0.136641,-0.034244,-0.443356,-0.739144,93.75,0.768250,12.3736,0.7561
837,0.001570,0.207521,744.28,839.05,1640.62,0.515322,0.003922,0.401569,0.587141,-0.011590,-0.075445,-0.253490,-0.648185,93.75,0.810078,11.2762,0.7201
843,0.001279,0.223313,603.49,691.02,1171.88,0.365085,0.003922,0.591588,0.884154,-0.263933,0.307508,-0.389866,-1.129451,140.62,0.905950,14.1924,0.8172
848,0.001521,0.097996,524.78,517.03,984.38,0.192246,0.011765,0.739759,1.136160,-0.225830,0.646482,-0.105550,-2.191019,140.62,0.963507,16.8320,0.8896
853,0.001390,0.180085,611.52,630.71,1078.12,0.306470,0.019608,0.476222,0.893639,-0.334641,0.535494,-0.178227,-1.392487,140.62,0.863383,13.5350,0.8131
859,0.001415,0.268659,727.90,734.93,1359.38,0.444096,0.019608,0.236765,0.539721,-0.216435,0.563682,-0.194163,-0.929569,93.75,0.661269,9.1409,0.7211
864,0.001452,0.192991,656.67,630.17,1125.00,0.303759,0.011765,0.411198,0.735418,-0.461922,0.810400,-0.135434,-1.359660,140.62,0.705778,10.2181,0.7893
869,0.001170,0.118691,681.51,612.09,1171.88,0.295669,0.043137,0.350328,0.704208,-0.578766,0.873014,0.042581,-1.391365,140.62,0.739393,11.2018,0.7688
875,0.001186,0.294657,735.57,665.77,1218.75,0.411301,0.039216,0.121488,0.364233,-0.127384,0.802046,-0.030366,-1.130017,93.75,0.523701,7.1846,0.6949
880,0.001130,0.086238,708.13,628.26,1125.00,0.320949,0.015686,0.189105,0.483204,-0.335278,0.911998,0.043017,-1.292045,140.62,0.499390,7.9008,0.7233
885,0.001436,0.174170,770.67,698.80,1265.62,0.435931,0.043137,0.098423,0.190308,-0.094748,0.742373,0.046734,-0.983091,93.75,0.492553,7.3797,0.6485
891,0.001432,0.195002,711.99,591.69,1218.75,0.309389,0.054902,0.074998,0.450229,-0.118813,0.839293,0.197035,-1.442741,140.62,0.566103,7.9734,0.7080
896,0.001235,0.196896,744.51,582.12,1265.62,0.297806,0.031373,0.131966,0.397743,-0.211532,0.862563,0.414922,-1.595663,703.12,0.499516,6.6718,0.7017
901,0.001458,0.172110,722.02,544.46,1265.62,0.257095,0.047059,0.026395,0.462826,-0.068368,1.002830,0.450732,-1.874415,703.12,0.569534,7.2659,0.7224
907,0.001294,0.099845,721.24,536.19,1265.62,0.251141,0.047059,0.001105,0.465815,-0.053750,0.991010,0.446474,-1.850655,140.62,0.556946,7.2943,0.7182
912,0.001186,0.165108,740.31,582.84,1265.62,0.298189,0.035294,0.016309,0.313878,-0.051933,0.862783,0.370905,-1.511942,703.12,0.484690,6.5059,0.6760
917,0.001411,0.122401,731.98,544.28,1265.62,0.256415,0.035294,-0.102953,0.398277,0.039387,0.950016,0.495413,-1.780141,703.12,0.480955,6.4555,0.6878
923,0.001234,0.124412,766.73,540.41,1265.62,0.265342,0.066667,-0.209123,0.298348,0.089947,0.986168,0.633058,-1.798397,703.12,0.457513,6.1961,0.6519
928,0.001256,0.148458,749.36,542.44,1265.62,0.261180,0.023529,-0.227991,0.359846,0.051204,0.958457,0.541643,-1.683160,703.12,0.442870,5.8061,0.6540
933,0.001049,0.172556,783.33,611.32,1265.62,0.345053,0.027451,-0.094822,0.127254,-0.061779,0.814092,0.469037,-1.253782,93.75,0.423706,5.6515,0.6007
939,0.001034,0.092712,753.32,635.55,1312.50,0.366376,0.027451,0.033375,0.261914,0.042321,0.606198,0.363611,-1.307419,93.75,0.456839,7.0543,0.6501
944,0.001210,0.184134,702.23,559.09,1265.62,0.289578,0.023529,-0.042974,0.504627,0.071813,0.879929,0.296474,-1.709868,140.62,0.371168,5.7681,0.7186
949,0.001037,0.098396,696.44,555.28,1218.75,0.279040,0.027451,-0.078817,0.507311,0.106885,0.906592,0.167978,-1.609949,93.75,0.351184,5.9593,0.7181
955,0.001236,0.195817,754.57,666.17,1312.50,0.392428,0.023529,-0.075844,0.477525,-0.111539,0.725758,0.059355,-1.075255,140.62,0.437128,6.8328,0.6701
960,0.001122,0.219153,856.31,794.25,1593.75,0.549301,0.023529,0.069512,0.225975,-0.274944,0.552810,0.020276,-0.593629,93.75,0.510230,7.3099,0.6069
965,0.000858,0.143037,780.21,744.32,1500.00,0.414089,0.015686,0.162651,0.460627,-0.316884,0.520525,0.030282,-0.857200,140.62,0.559746,8.9024,0.6737
971,0.001119,0.232437,915.41,857.88,1875.00,0.617304,0.027451,-0.105638,0.165683,0.013496,0.360283,-0.007541,-0.426283,93.75,0.454816,6.6112,0.5614
976,0.001089,0.147952,746.18,775.07,1546.88,0.494054,0.011765,0.051709,0.553857,0.263649,0.107433,-0.083827,-0.892822,93.75,0.470490,8.6438,0.6881
981,0.001011,0.215050,544.51,559.34,1265.62,0.208808,0.015686,0.447461,1.022929,0.496899,0.151159,-0.113146,-2.005302,140.62,0.606081,11.9893,0.8575
987,0.001344,0.095947,550.74,576.42,1171.88,0.231048,0.007843,0.416676,0.990405,0.461635,0.207081,-0.269619,-1.806178,140.62,0.688886,13.7907,0.8509
992,0.001132,0.184584,623.86,689.23,1312.50,0.367238,0.019608,0.264670,0.740412,0.373324,0.237252,-0.414978,-1.200681,140.62,0.666975,11.5844,0.7876
997,0.001316,0.261996,756.07,836.13,1687.50,0.519405,0.003922,0.235562,0.492346,0.190907,0.065441,-0.310929,-0.673327,93.75,0.636149,10.2298,0.7018
1003,0.001096,0.130695,602.89,739.10,1312.50,0.369370,0.015686,0.659591,0.718603,0.052372,-0.084311,-0.303247,-1.043009,93.75,0.738216,13.5919,0.7961
1008,0.001156,0.187134,596.31,720.21,1265.62,0.356314,0.015686,0.566774,0.808808,0.115030,-0.087310,-0.390655,-1.012648,140.62,0.650592,12.5565,0.8005
1013,0.001362,0.357057,764.26,782.06,1640.62,0.493127,0.019608,0.023751,0.277683,0.378832,0.260728,-0.233706,-0.707287,93.75,0.564069,8.0681,0.6505
1019,0.001187,0.171922,702.60,689.74,1453.12,0.381516,0.035294,0.119570,0.556333,0.147579,0.352433,0.007275,-1.183190,140.62,0.582247,8.6696,0.7162
1024,0.001500,0.211566,769.70,708.08,1500.00,0.438183,0.027451,0.078408,0.454600,-0.043157,0.366096,0.251228,-1.107176,93.75,0.557321,7.8343,0.6670
1029,0.001310,0.250669,710.25,612.17,1265.62,0.326632,0.023529,0.100130,0.425381,0.047038,0.770305,0.135773,-1.478627,140.62,0.593173,7.4731,0.7179
1035,0.001098,0.117301,711.46,574.85,1218.75,0.286138,0.031373,0.029931,0.455628,0.051104,0.937032,0.150495,-1.624190,140.62,0.624512,7.9239,0.7270
1040,0.000960,0.158098,750.14,656.80,1406.25,0.359935,0.039216,0.071492,0.429961,-0.028137,0.621453,0.309318,-1.404086,93.75,0.499101,7.6937,0.6896
1045,0.000968,0.171787,759.38,693.63,1453.12,0.389409,0.019608,0.272377,0.507227,-0.309549,0.372543,0.332860,-1.175457,93.75,0.532470,8.9051,0.6923
1051,0.001012,0.161226,795.55,771.26,1546.88,0.468087,0.015686,0.182850,0.398850,-0.189798,0.336735,0.093418,-0.822055,93.75,0.535687,9.6963,0.6582
1056,0.000975,0.168019,714.91,687.69,1359.38,0.362727,0.019608,0.239170,0.609022,-0.213978,0.465571,0.075575,-1.175359,140.62,0.516636,9.8694,0.7259
1061,0.001121,0.175855,720.69,695.81,1406.25,0.401313,0.019608,0.122993,0.531701,0.054084,0.430529,0.015547,-1.154853,93.75,0.451294,8.6150,0.7103
1067,0.001338,0.221614,719.87,633.96,1312.50,0.347552,0.027451,0.158908,0.498162,-0.108153,0.651594,0.210137,-1.410648,93.75,0.498913,8.0598,0.7168
1072,0.001289,0.207162,770.88,684.79,1312.50,0.383741,0.019608,0.237422,0.315579,-0.243804,0.494347,0.395443,-1.198987,93.75,0.608045,9.5444,0.6634
1077,0.001246,0.270445,816.10,641.17,1312.50,0.388579,0.031373,0.175411,0.096347,-0.394662,0.806895,0.563863,-1.247854,93.75,0.634597,7.7294,0.6172
1083,0.001228,0.172548,746.09,559.78,1171.88,0.281278,0.019608,0.263341,0.435012,-0.631595,1.021115,0.529667,-1.617540,140.62,0.553984,7.8175,0.7095
1088,0.001192,0.101082,720.57,507.15,1125.00,0.222488,0.031373,0.257032,0.565107,-0.680516,1.201329,0.428032,-1.770984,140.62,0.596827,9.4632,0.7470
1093,0.000907,0.174017,768.43,561.89,1218.75,0.301682,0.050980,0.072615,0.391997,-0.507813,1.081551,0.418280,-1.456630,140.62,0.511068,7.5152,0.6795
1099,0.001235,0.219131,857.91,675.94,1359.38,0.446807,0.031373,-0.131712,0.101055,-0.257345,0.741106,0.497174,-0.950278,93.75,0.373216,5.8220,0.5526
1104,0.001185,0.211149,844.99,594.09,1265.62,0.333550,0.035294,-0.242546,0.144735,-0.110224,0.819241,0.690186,-1.301392,1125.00,0.360468,5.4666,0.5638
1109,0.001378,0.242275,810.32,532.97,1265.62,0.260284,0.023529,-0.212823,0.210418,-0.069850,0.973291,0.742984,-1.644020,140.62,0.372927,5.2011,0.6105
1115,0.001312,0.203796,828.23,592.94,1265.62,0.358789,0.027451,-0.013735,0.129671,-0.358997,0.890340,0.663930,-1.311210,140.62,0.419838,5.3424,0.5943
1120,0.001001,0.152184,815.21,588.60,1265.62,0.339050,0.031373,-0.102554,0.225943,-0.219677,0.893517,0.591649,-1.388877,703.12,0.500725,6.4518,0.6131
1125,0.001106,0.112830,870.52,716.78,1453.12,0.481493,0.047059,-0.021204,0.269247,-0.439707,0.569997,0.474862,-0.853195,703.12,0.429858,6.2733,0.5777
1131,0.001101,0.140539,785.18,615.04,1312.50,0.361529,0.031373,-0.041932,0.332960,-0.155276,0.730208,0.458366,-1.324327,703.12,0.416564,6.3759,0.6407
1136,0.000976,0.151998,782.27,588.54,1312.50,0.334925,0.035294,-0.260679,0.423913,0.046092,0.701818,0.541316,-1.452460,140.62,0.401995,6.0912,0.6312
1141,0.001018,0.268224,816.08,689.32,1453.12,0.457599,0.027451,-0.757918,0.415680,0.518799,0.321505,0.460124,-0.958190,281.25,0.369109,5.5125,0.5195
1147,0.000931,0.170694,752.61,600.13,1312.50,0.354575,0.031373,-0.218867,0.383542,0.152675,0.696413,0.436287,-1.450049,140.62,0.320378,5.1908,0.6432
1152,0.000979,0.132945,723.87,550.88,1265.62,0.270265,0.019608,-0.058171,0.508260,0.094539,0.834601,0.458280,-1.837509,140.62,0.443909,7.8446,0.7140
1157,0.001052,0.113270,728.29,556.86,1265.62,0.264580,0.019608,-0.072131,0.515698,0.128513,0.783355,0.503511,-1.858946,140.62,0.396786,6.9133,0.7108
1163,0.000931,0.218637,749.19,610.10,1312.50,0.325223,0.019608,0.069881,0.358518,0.019125,0.647090,0.504087,-1.598702,93.75,0.395577,6.8793,0.6817
1168,0.000877,0.148160,700.90,682.04,1359.38,0.373986,0.039216,0.331652,0.412530,0.070318,0.323430,0.189329,-1.327259,93.75,0.508269,9.6070,0.7193
1173,0.000941,0.184731,655.16,654.78,1312.50,0.342951,0.019608,0.283727,0.636918,0.276365,0.119966,0.073351,-1.390327,93.75,0.493378,9.5208,0.7538
1179,0.000914,0.095654,748.18,797.69,1500.00,0.494799,0.007843,0.236971,0.628315,0.074861,-0.181354,0.004531,-0.763324,93.75,0.483363,10.7079,0.6925
1184,0.001036,0.187994,583.05,686.91,1265.62,0.347711,0.011765,0.569882,0.876116,0.088984,-0.030021,-0.305682,-1.199278,140.62,0.540275,12.7709,0.8139
1189,0.000968,0.145545,518.85,579.05,890.62,0.237939,0.007843,0.686432,0.933231,0.339820,0.230309,-0.479216,-1.710575,140.62,0.603221,15.6702,0.8704
1195,0.000882,0.208347,579.60,647.86,1078.12,0.319125,0.003922,0.505577,0.674524,0.300888,0.243521,-0.414820,-1.309691,140.62,0.473268,10.7054,0.8104
1200,0.000335,0.294673,685.13,739.51,1312.50,0.446277,0.043137,0.155901,0.338804,0.493921,0.135926,-0.213729,-0.910823,93.75,0.455955,8.5764,0.6920
1205,0.000641,0.025228,627.96,695.64,1171.88,0.382259,0.003922,0.258107,0.450750,0.443204,0.285446,-0.381207,-1.056300,93.75,0.270865,7.8428,0.7452
1211,0.000880,0.161188,667.12,739.11,1359.38,0.411182,0.011765,0.054824,0.577650,0.521617,0.195709,-0.436836,-0.912964,93.75,0.187649,6.6669,0.7293
1216,0.001051,0.368554,728.67,797.93,1546.88,0.466569,0.015686,-0.361800,0.491603,0.829512,0.075520,-0.418778,-0.616057,281.25,0.360896,8.8713,0.6416
1221,0.001013,0.275155,601.60,714.22,1218.75,0.336524,0.027451,0.051675,0.853696,0.699662,-0.081171,-0.563054,-0.960808,281.25,0.433453,9.3168,0.7711
1227,0.000566,0.228089,755.58,815.20,1593.75,0.511440,0.039216,-0.297601,0.556731,0.586614,0.048519,-0.290459,-0.603804,281.25,0.445257,7.8438,0.6403
1232,0.001109,0.067445,673.37,744.66,1453.12,0.406521,0.011765,-0.165450,0.501140,0.692483,0.167949,-0.419206,-0.776916,281.25,0.344554,8.4509,0.6826
1237,0.000807,0.302400,537.98,619.00,1031.25,0.295915,0.007843,0.152153,0.942186,0.635828,0.063467,-0.444282,-1.349354,234.38,0.401684,8.9314,0.8091
1243,0.000711,0.114351,553.24,612.13,1031.25,0.274379,0.043137,0.179068,0.878819,0.659407,0.241098,-0.473999,-1.484392,234.38,0.433807,10.4867,0.8188
1248,0.000548,0.141364,600.67,646.09,1171.88,0.310149,0.043137,0.062273,0.852709,0.448364,0.306842,-0.323376,-1.346812,234.38,0.327499,8.0306,0.7846
1253,0.000733,0.138533,666.12,665.50,1171.88,0.327027,0.039216,-0.073713,0.496893,0.524651,0.543322,-0.313440,-1.177713,234.38,0.224357,7.0088,0.7226
1259,0.000598,0.251909,692.21,662.43,1265.62,0.363764,0.074510,-0.399349,0.479075,0.581665,0.465934,-0.051071,-1.076255,234.38,0.261646,6.8040,0.6465
1264,0.000670,0.232726,868.69,756.94,1640.62,0.511200,0.023529,-0.958467,0.240907,0.503530,0.531448,0.310788,-0.628206,281.25,0.277359,6.8762,0.4501
1269,0.000839,0.200027,849.17,694.75,1359.38,0.440992,0.027451,-0.498285,0.239658,0.281963,0.379627,0.588131,-0.991094,328.12,0.161402,4.1616,0.5180
1275,0.000818,0.296738,686.75,649.17,1218.75,0.337945,0.043137,-0.119571,0.501315,0.395663,0.366131,0.205196,-1.348735,187.50,0.275408,5.8692,0.6819
1280,0.001026,0.218608,732.63,664.13,1171.88,0.372376,0.047059,-0.298312,0.271742,0.485471,0.487839,0.217189,-1.163929,281.25,0.272177,5.5078,0.6130
1285,0.000776,0.191942,656.12,657.47,1171.88,0.314149,0.031373,0.252110,0.570415,0.173444,0.216594,0.133788,-1.346352,93.75,0.362261,7.8832,0.7345
1291,0.000793,0.252582,638.72,648.35,1125.00,0.332902,0.027451,-0.041027,0.644287,0.522702,0.255281,-0.096533,-1.284710,281.25,0.363426,7.3117,0.7295
1296,0.000828,0.184206,851.30,726.21,1546.88,0.465748,0.015686,-0.503489,0.184413,0.436767,0.230266,0.465163,-0.813121,281.25,0.351699,7.5937,0.5036
1301,0.000604,0.192969,730.01,697.14,1218.75,0.376422,0.031373,0.155229,0.350625,0.218115,0.070663,0.317940,-1.112572,93.75,0.294418,7.1632,0.6571
1307,0.000766,0.125230,667.19,649.97,1125.00,0.309099,0.023529,0.059731,0.608857,0.481081,-0.045314,0.205810,-1.310165,93.75,0.310853,7.9483,0.7082
1312,0.000780,0.148469,650.58,660.74,1125.00,0.313129,0.050980,0.052207,0.576351,0.452539,0.155642,0.082077,-1.318816,93.75,0.270356,6.8818,0.7176
1317,0.000807,0.212218,690.81,649.42,1125.00,0.338808,0.027451,-0.303490,0.485749,0.612214,0.265291,0.232041,-1.291806,281.25,0.289880,6.8791,0.6504
1323,0.000785,0.192731,746.77,682.21,1218.75,0.358147,0.035294,-0.068200,0.292332,0.272804,0.349123,0.339927,-1.185985,234.38,0.256778,6.1058,0.6307
1328,0.000814,0.295067,761.10,735.03,1312.50,0.401222,0.031373,-0.475166,0.498566,0.508831,0.331906,0.010311,-0.874447,234.38,0.348671,7.3360,0.6092
1333,0.000778,0.157392,844.77,762.81,1453.12,0.480562,0.027451,-0.557899,0.206676,0.418550,0.452851,0.146058,-0.666236,281.25,0.306819,6.4719,0.5211
1339,0.000780,0.220334,732.54,660.37,1171.88,0.371403,0.035294,0.082101,0.124218,0.156110,0.656730,0.143271,-1.162430,93.75,0.288268,6.5675,0.6486
1344,0.000778,0.157743,666.05,550.51,1078.12,0.262233,0.035294,-0.019646,0.425425,0.335234,0.843526,0.101321,-1.685861,93.75,0.281190,6.4671,0.7301
1349,0.000765,0.124474,694.54,572.46,1125.00,0.287057,0.047059,-0.059114,0.336911,0.252609,0.868941,0.143262,-1.542610,796.88,0.308131,7.2625,0.6982
1355,0.000814,0.205599,690.64,569.07,1078.12,0.277767,0.035294,-0.314898,0.398394,0.406656,0.956699,-0.010679,-1.436173,796.88,0.370422,8.5803,0.6825
1360,0.000758,0.197934,753.69,605.12,1125.00,0.320962,0.039216,-0.232012,-0.053227,0.316722,1.010689,0.153633,-1.195805,796.88,0.329691,7.5403,0.5935
1365,0.000701,0.200991,862.51,706.61,1171.88,0.440893,0.031373,-0.613133,0.029508,0.041959,0.891346,0.384593,-0.734273,796.88,0.296418,6.5675,0.4708
1371,0.000509,0.119201,788.41,657.05,1218.75,0.384144,0.035294,-0.671162,0.185031,0.258430,0.945070,0.240945,-0.958314,796.88,0.271124,6.4805,0.5289
1376,0.000518,0.149254,749.84,609.55,1171.88,0.328242,0.035294,-0.412672,-0.043972,0.397490,1.131821,0.091150,-1.163818,750.00,0.265844,7.0421,0.5764
1381,0.000577,0.073862,796.37,642.30,1312.50,0.368578,0.019608,-0.264735,-0.191465,0.209389,1.027385,0.266848,-1.047422,750.00,0.191595,6.3291,0.5405
1387,0.000420,0.230726,701.08,653.31,1265.62,0.352984,0.058824,-0.089471,0.311656,0.364892,0.693519,-0.113399,-1.167197,93.75,0.167093,5.1903,0.6795
1392,0.000515,0.161636,824.46,735.41,1406.25,0.445534,0.050980,-0.245143,-0.038004,0.226243,0.882933,-0.116171,-0.709858,750.00,0.201635,7.4221,0.5674
1397,0.000595,0.258860,935.02,705.83,1453.12,0.466365,0.031373,-0.833822,-0.573458,0.141295,1.356695,0.362121,-0.452831,750.00,0.225838,8.3272,0.3411
1403,0.000460,0.365675,706.28,620.51,1078.12,0.326516,0.058824,-0.273145,0.133954,0.382085,1.174327,-0.320103,-1.097117,656.25,0.212343,6.8467,0.6545
1408,0.000345,0.096981,679.56,622.95,1031.25,0.296419,0.031373,-0.297275,0.474087,0.385099,1.034439,-0.429533,-1.166816,656.25,0.185696,7.1874,0.7082
1413,0.000409,0.183306,719.83,682.30,1171.88,0.336844,0.078431,-0.623712,0.195178,0.726625,0.996266,-0.380192,-0.914167,515.62,0.132858,5.7128,0.6066
1419,0.000377,0.194009,736.96,724.93,1312.50,0.389661,0.082353,-0.862268,0.574748,0.700141,0.656386,-0.246540,-0.822467,234.38,0.168481,8.7265,0.5965
1424,0.000403,0.205476,702.86,735.32,1312.50,0.384550,0.043137,-0.610837,0.677518,0.675371,0.419663,-0.330217,-0.831499,234.38,0.202628,9.8327,0.6489
1429,0.000479,0.224310,795.69,793.06,1453.12,0.425196,0.023529,-1.457984,0.526338,0.945933,0.770298,-0.342187,-0.442399,234.38,0.208535,9.8174,0.4816
1435,0.000504,0.191645,760.17,760.42,1406.25,0.436451,0.035294,-1.290433,0.484915,1.033564,0.618957,-0.308072,-0.538932,234.38,0.205433,8.9845,0.5052
1440,0.000556,0.196759,671.11,683.73,1078.12,0.329924,0.019608,-1.028684,0.452008,1.150463,0.700694,-0.482342,-0.792139,468.75,0.234595,9.6505,0.5864
1445,0.000535,0.228812,732.21,691.02,1218.75,0.407603,0.031373,-1.215195,0.331020,1.005078,0.923815,-0.301972,-0.742746,468.75,0.258315,9.9047,0.5201
1451,0.000477,0.250093,684.83,657.17,1171.88,0.348055,0.090196,-1.171711,0.319988,1.103290,0.736636,-0.138776,-0.849427,421.88,0.253061,10.0155,0.5171
1456,0.000585,0.190292,678.26,628.08,1125.00,0.328977,0.039216,-1.951235,0.594785,1.323444,0.999991,-0.050605,-0.916379,468.75,0.228684,8.8838,0.4515
1461,0.000450,0.209799,725.88,672.15,1125.00,0.397267,0.050980,-1.233743,0.333040,0.929514,0.940077,-0.125574,-0.843314,468.75,0.224247,7.7385,0.5085
1467,0.000524,0.156175,643.52,646.30,1078.12,0.323115,0.011765,-0.783342,0.642834,0.924145,0.475860,-0.171385,-1.088112,234.38,0.224514,8.6874,0.6363
1472,0.000488,0.169171,653.29,668.56,1078.12,0.335910,0.019608,-1.251284,0.837497,1.024336,0.629299,-0.252149,-0.987698,234.38,0.275644,12.0691,0.6018
1477,0.000484,0.205845,682.25,653.44,1125.00,0.319075,0.050980,-1.266204,0.561569,0.939330,0.645059,0.104461,-0.984215,234.38,0.220902,9.1963,0.5219
1483,0.000501,0.249276,720.48,689.13,1171.88,0.367877,0.015686,-1.447016,0.815871,0.880679,0.455724,0.206548,-0.911807,234.38,0.292190,12.4974,0.5093
1488,0.000492,0.127859,732.66,698.97,1171.88,0.360088,0.031373,-1.754686,0.881965,0.900358,0.642232,0.152282,-0.822150,234.38,0.317386,13.6078,0.4747
1493,0.000409,0.265287,739.44,688.87,1171.88,0.376566,0.023529,-1.442064,0.629852,0.763179,0.774021,0.103135,-0.828123,234.38,0.243266,9.9792,0.4891
1499,0.000562,0.236594,872.03,750.30,1546.88,0.518160,0.015686,-1.628258,0.476455,0.591219,0.713776,0.393045,-0.546238,234.38,0.241779,8.8973,0.3777
1504,0.000565,0.169876,714.15,700.68,1171.88,0.384395,0.015686,-1.154863,0.670329,0.797851,0.669178,-0.139750,-0.842745,234.38,0.270041,10.1869,0.5619
1509,0.000449,0.130815,659.91,693.44,1125.00,0.323588,0.007843,-0.793061,0.739371,0.692027,0.641083,-0.359543,-0.919877,187.50,0.267234,11.9523,0.6486
1515,0.000519,0.211672,643.17,677.73,1031.25,0.320497,0.007843,-0.961608,0.778385,0.904211,0.670768,-0.458177,-0.933579,234.38,0.283381,11.5854,0.6466
1520,0.000526,0.165959,747.61,738.86,1359.38,0.431668,0.007843,-1.342817,0.685991,0.839495,0.582487,-0.074506,-0.690649,234.38,0.312036,12.8222,0.5135
1525,0.000486,0.152637,719.70,730.64,1312.50,0.411843,0.011765,-1.009385,0.688345,0.860660,0.266964,0.040304,-0.846889,234.38,0.303564,12.0138,0.5604
1531,0.000560,0.107057,642.33,674.71,1171.88,0.343077,0.015686,-0.610655,0.710486,0.826074,0.393142,-0.191277,-1.127771,234.38,0.277525,11.8233,0.6703
1536,0.000421,0.178583,677.71,693.74,1265.62,0.396292,0.035294,-0.823309,0.653780,0.875605,0.576500,-0.298950,-0.983625,234.38,0.282329,11.8622,0.6356
1541,0.000393,0.257393,598.28,656.84,1125.00,0.312357,0.019608,-0.269741,0.734966,0.720292,0.316452,-0.305286,-1.196684,187.50,0.247036,10.3185,0.7278
1547,0.000373,0.182524,689.81,731.93,1265.62,0.385547,0.058824,-0.603351,0.800098,0.719859,-0.020327,-0.027163,-0.869117,234.38,0.249490,12.0310,0.6333
1552,0.000881,0.293403,700.58,742.44,1312.50,0.420837,0.027451,-0.118094,0.545022,0.576890,0.171644,-0.265394,-0.910069,234.38,0.195596,8.1299,0.6902
1557,0.000645,0.391725,520.30,576.73,890.62,0.242118,0.007843,0.308720,0.604363,0.944990,0.212724,-0.606963,-1.463834,93.75,0.271250,8.3236,0.8164
1563,0.000816,0.146105,505.46,563.18,843.75,0.219673,0.011765,0.486910,0.649118,0.873734,0.332051,-0.813183,-1.528630,93.75,0.301503,10.3409,0.8505
1568,0.001069,0.248599,474.09,543.49,609.38,0.202480,0.007843,0.393348,0.664742,1.111017,0.282678,-0.900726,-1.551059,93.75,0.294319,8.4332,0.8526
1573,0.000650,0.248427,476.28,573.96,656.25,0.230218,0.019608,0.241048,0.752024,1.038207,0.383471,-0.999249,-1.415500,93.75,0.318808,8.1140,0.8460
1579,0.000598,0.208624,431.12,571.16,562.50,0.215089,0.015686,0.634066,1.076483,0.770630,0.021099,-1.089953,-1.412324,93.75,0.390627,10.1079,0.8915
1584,0.000686,0.132708,552.28,688.55,1078.12,0.307428,0.007843,0.260977,0.850567,0.717556,-0.151298,-0.573033,-1.104769,93.75,0.346285,11.3937,0.8013
1589,0.000871,0.104064,523.53,676.90,1031.25,0.297175,0.011765,0.549039,0.916595,0.485997,-0.093238,-0.669542,-1.188852,93.75,0.317228,11.7060,0.8405
1595,0.000826,0.245357,546.75,741.18,1078.12,0.337783,0.003922,0.662285,1.086806,0.276517,-0.445184,-0.661522,-0.918901,140.62,0.448800,15.9267,0.8409
1600,0.000581,0.297939,683.68,851.10,1546.88,0.471744,0.007843,0.622211,0.745318,0.120348,-0.438536,-0.410743,-0.638598,93.75,0.449467,12.5492,0.7700
1605,0.000595,0.186591,543.84,724.23,1171.88,0.333733,0.015686,0.689879,0.993997,0.209173,-0.384100,-0.477506,-1.031443,140.62,0.461735,14.3474,0.8315
1611,0.000565,0.108611,550.27,658.84,1125.00,0.279910,0.027451,0.518312,0.835565,0.217948,0.005295,-0.293602,-1.283519,140.62,0.373461,15.6133,0.8124
1616,0.000635,0.352907,596.55,660.72,1125.00,0.318858,0.011765,0.198163,0.498181,0.690440,0.375369,-0.587282,-1.174871,140.62,0.236979,8.2542,0.7737
1621,0.000793,0.188738,622.59,649.60,890.62,0.316891,0.023529,-0.116595,0.388742,0.850878,0.785512,-0.848472,-1.060066,468.75,0.294553,10.1486,0.7484
1627,0.000922,0.281986,544.81,603.10,843.75,0.254617,0.011765,0.370632,0.826772,0.424477,0.571689,-0.768683,-1.424887,140.62,0.388175,12.2685,0.8449
1632,0.000606,0.235873,542.51,608.72,937.50,0.271788,0.019608,0.617513,0.969578,-0.074907,0.485972,-0.564303,-1.433852,140.62,0.513681,14.8854,0.8572
1637,0.000567,0.194559,577.79,611.05,1031.25,0.287940,0.031373,0.545222,0.787950,-0.089545,0.594875,-0.460417,-1.378084,140.62,0.449982,12.4139,0.8300
1643,0.000737,0.166224,638.44,570.77,1031.25,0.282203,0.062745,0.275464,0.474466,0.187974,0.866441,-0.340659,-1.463686,140.62,0.307270,9.4249,0.7820
1648,0.000781,0.245752,737.84,673.50,1218.75,0.403159,0.070588,-0.021113,0.415301,-0.148950,0.926980,-0.240305,-0.931912,140.62,0.285711,7.8358,0.6864
1653,0.000786,0.270535,860.30,774.04,1546.88,0.511835,0.023529,-0.095335,0.255877,-0.265218,0.847950,-0.156418,-0.586856,140.62,0.334284,7.5423,0.6111
1659,0.000672,0.143328,703.00,674.71,1171.88,0.375763,0.019608,0.129426,0.620528,-0.302759,0.882992,-0.312529,-1.017657,140.62,0.358658,9.3057,0.7389
1664,0.000562,0.089782,642.10,522.95,937.50,0.221225,0.027451,0.126038,0.571027,-0.026621,1.233854,-0.324520,-1.579777,140.62,0.282854,9.1876,0.7859
1669,0.000754,0.189214,696.66,595.47,1078.12,0.326684,0.035294,-0.166784,0.434886,0.206941,1.074509,-0.318840,-1.230711,140.62,0.254273,7.6137,0.7128
1675,0.000800,0.281164,742.02,674.95,1312.50,0.385661,0.023529,0.043872,0.343217,0.194346,0.755237,-0.322882,-1.013791,796.88,0.292383,7.9627,0.7031
1680,0.000731,0.209698,781.40,733.47,1406.25,0.449983,0.054902,0.247821,0.375024,-0.308541,0.751606,-0.240296,-0.825615,140.62,0.328594,8.2408,0.6994
1685,0.000698,0.146544,728.36,642.31,1218.75,0.324378,0.043137,0.148253,0.464716,-0.232982,0.922777,-0.179213,-1.123550,140.62,0.337237,8.8750,0.7227
1691,0.000776,0.180717,843.21,703.86,1312.50,0.441968,0.039216,-0.074878,0.315899,-0.335401,0.922143,-0.096222,-0.731541,796.88,0.357087,9.1816,0.6305
1696,0.000797,0.113477,763.93,618.55,1218.75,0.327707,0.050980,0.004340,0.423966,-0.380205,1.055779,-0.006057,-1.097823,796.88,0.356033,9.4481,0.6827
1701,0.000734,0.180587,773.63,644.85,1171.88,0.340748,0.039216,0.134969,0.291720,-0.397824,0.983496,-0.010045,-1.002316,796.88,0.358162,9.0683,0.6725
1707,0.000643,0.092814,757.83,643.39,1218.75,0.347234,0.047059,0.305489,0.412189,-0.628946,0.932106,0.021456,-1.042294,796.88,0.337830,8.5467,0.7046
1712,0.000617,0.137541,702.00,580.63,1171.88,0.267142,0.043137,0.180187,0.531396,-0.349021,1.034461,-0.023826,-1.373197,140.62,0.327182,9.4387,0.7416
1717,0.000701,0.057739,718.05,588.32,1218.75,0.284684,0.039216,-0.001768,0.557973,-0.335054,1.051935,-0.004948,-1.268137,140.62,0.296024,9.8848,0.7139
1723,0.000582,0.136530,698.31,623.59,1171.88,0.308909,0.027451,0.232082,0.644585,-0.452104,0.904535,-0.127887,-1.201210,140.62,0.329062,10.4795,0.7508
1728,0.000593,0.188902,704.98,667.08,1218.75,0.373150,0.023529,0.269239,0.588405,-0.200526,0.741694,-0.288269,-1.110543,140.62,0.342658,10.5124,0.7555
1733,0.000551,0.098336,715.60,683.89,1265.62,0.359189,0.039216,0.225623,0.596084,-0.307791,0.756034,-0.224608,-1.045342,140.62,0.327297,10.9501,0.7400
1739,0.000639,0.183136,851.03,821.31,1593.75,0.519210,0.019608,0.157243,0.401909,-0.368421,0.556345,-0.174951,-0.572124,140.62,0.302262,9.8958,0.6577
1744,0.000606,0.109072,718.44,724.20,1265.62,0.401895,0.011765,0.288756,0.582499,-0.137332,0.548246,-0.323064,-0.959105,140.62,0.322845,11.7742,0.7459
1749,0.000656,0.189257,603.12,636.96,984.38,0.306231,0.023529,0.442721,0.865937,-0.057855,0.571381,-0.558781,-1.263403,140.62,0.360306,12.8189,0.8271
1755,0.000725,0.235634,681.16,725.80,1312.50,0.410296,0.035294,0.356494,0.657997,0.205187,0.238811,-0.476824,-0.981664,140.62,0.342072,11.1675,0.7750
1760,0.000915,0.176147,573.79,636.33,1078.12,0.277323,0.007843,0.592082,1.009581,-0.081811,0.258780,-0.419252,-1.359380,140.62,0.406047,14.1279,0.8442
1765,0.000843,0.279919,566.71,693.93,1078.12,0.332526,0.007843,0.761142,0.827153,-0.009485,0.129288,-0.493799,-1.214298,93.75,0.471471,14.7724,0.8386
1771,0.000905,0.226586,654.73,796.31,1359.38,0.453020,0.011765,0.641132,0.747095,-0.181120,0.015732,-0.393417,-0.829422,140.62,0.509811,13.1160,0.7868
1776,0.000793,0.139724,528.41,715.31,1078.12,0.328650,0.007843,0.838349,1.148032,-0.268880,-0.186411,-0.507347,-1.023744,140.62,0.592233,20.3852,0.8531
1781,0.000854,0.057053,393.21,598.04,562.50,0.177361,0.027451,1.111357,1.561468,-0.093116,-0.483096,-0.753379,-1.343234,140.62,0.588718,25.6467,0.9157
1787,0.000929,0.229593,458.02,671.57,890.62,0.276707,0.023529,0.990698,1.318387,-0.071366,-0.438939,-0.678656,-1.120124,140.62,0.568942,21.1842,0.8863
1792,0.000952,0.369830,621.28,810.90,1406.25,0.398901,0.015686,0.745970,0.848893,-0.001649,-0.300185,-0.488863,-0.804165,93.75,0.514734,15.1008,0.8091
1797,0.001125,0.150948,641.49,829.28,1500.00,0.431929,0.019608,0.673042,0.887958,-0.003894,-0.338714,-0.522880,-0.695512,140.62,0.580948,14.9661,0.8005
1803,0.001023,0.152351,489.32,731.52,984.38,0.251101,0.007843,1.018935,1.341165,-0.160910,-0.616637,-0.675642,-0.906911,140.62,0.701929,21.6576,0.8778
1808,0.001113,0.234838,552.27,772.85,1218.75,0.378447,0.003922,0.922511,1.087560,-0.037649,-0.522743,-0.572664,-0.877015,140.62,0.701116,18.7890,0.8494
1813,0.001034,0.102844,406.89,633.74,656.25,0.233230,0.011765,1.145952,1.491263,0.020452,-0.640845,-0.845787,-1.171035,140.62,0.715413,22.0290,0.9111
1819,0.000931,0.167192,358.50,573.00,562.50,0.178526,0.015686,1.250903,1.450800,0.328194,-0.461873,-1.180290,-1.387734,140.62,0.653149,21.0143,0.9331
1824,0.000604,0.267741,470.93,662.89,796.88,0.271962,0.015686,0.895194,1.245767,0.011149,-0.251815,-0.785256,-1.115040,140.62,0.629560,18.2516,0.8829
1829,0.000607,0.318926,673.40,770.19,1359.38,0.436261,0.007843,0.295384,0.668036,0.184418,0.112727,-0.450467,-0.810098,140.62,0.414269,9.7921,0.7525
1835,0.000713,0.078360,761.37,809.43,1546.88,0.466906,0.011765,0.122730,0.434570,0.084029,0.178019,-0.134895,-0.684454,93.75,0.352674,10.3481,0.6656
1840,0.000626,0.185893,616.37,715.05,1218.75,0.364634,0.015686,0.561328,0.800357,-0.200381,0.173699,-0.282828,-1.052176,140.62,0.358116,12.2079,0.7939
1845,0.000651,0.114632,554.09,686.78,1078.12,0.315219,0.011765,0.731042,0.951070,-0.097259,0.044443,-0.419161,-1.210134,140.62,0.433907,17.2046,0.8397
1851,0.000519,0.191567,608.38,724.60,1125.00,0.376958,0.007843,0.539581,0.803980,0.000510,0.167751,-0.417948,-1.093874,140.62,0.358139,12.6530,0.8065
1856,0.000243,0.324157,758.97,802.70,1593.75,0.497228,0.054902,0.066667,0.419623,0.248665,0.127772,-0.108786,-0.753941,93.75,0.275528,8.2237,0.6625
1861,0.000479,0.078311,785.71,769.62,1453.12,0.438392,0.031373,0.133776,0.244511,-0.023117,0.292542,0.179926,-0.827639,187.50,0.107221,4.3749,0.6255
1867,0.000282,0.192658,690.63,700.66,1265.62,0.383988,0.058824,0.080563,0.489770,0.161589,0.542432,-0.235361,-1.038995,187.50,0.138038,6.0639,0.7155
1872,0.000358,0.160679,818.48,787.35,1546.88,0.501052,0.062745,-0.105129,0.341157,-0.048999,0.540020,-0.127491,-0.599559,187.50,0.140213,6.8173,0.6181
1877,0.000351,0.147545,706.88,763.70,1312.50,0.438855,0.050980,0.143426,0.573408,0.101065,0.355414,-0.352219,-0.821093,140.62,0.138267,7.2313,0.7201
1883,0.000204,0.196064,642.59,772.07,1312.50,0.383824,0.090196,0.348878,0.747460,0.288334,0.009238,-0.536406,-0.857504,93.75,0.169961,10.3025,0.7765
1888,0.000189,0.181268,759.79,823.62,1500.00,0.477674,0.098039,0.115335,0.448502,0.221996,0.032852,-0.159499,-0.659186,93.75,0.118440,7.6967,0.6662
1893,0.000118,0.110512,831.91,776.93,1406.25,0.490048,0.121569,-0.320821,0.086322,0.294328,0.526041,0.070910,-0.656779,796.88,0.060603,5.0625,0.5438
1899,0.000173,0.161473,875.07,789.03,1546.88,0.485130,0.086275,-0.841601,0.038733,0.479989,0.914587,-0.186721,-0.404987,750.00,0.056891,5.8094,0.4736
1904,0.000130,0.213494,890.86,850.25,1921.88,0.561603,0.125490,-0.247594,-0.018605,0.172544,0.663949,-0.261520,-0.308774,656.25,0.045341,5.0651,0.5379
1909,0.000131,0.169161,791.80,836.13,1640.62,0.496274,0.188235,0.010428,0.300462,0.240324,0.327342,-0.257119,-0.621437,93.75,0.065247,7.6345,0.6444
1915,0.000169,0.191939,857.54,886.12,1781.25,0.520582,0.043137,-0.051126,0.289989,0.175382,0.213750,-0.178140,-0.449854,93.75,0.058106,7.1489,0.6067
1920,0.000113,0.215087,837.83,847.85,1687.50,0.518790,0.113725,-0.252885,0.337324,0.297102,0.356440,-0.194793,-0.543187,93.75,0.052675,5.7026,0.6014
1925,0.000099,0.150577,888.70,864.17,1875.00,0.521430,0.184314,-0.157732,0.189215,-0.068694,0.610629,-0.202075,-0.371343,187.50,0.044903,5.4851,0.5750
1931,0.000085,0.152553,1020.37,950.47,2250.00,0.620116,0.152941,-0.327026,0.116314,0.005050,0.488136,-0.128452,-0.154021,93.75,0.029627,4.4190,0.5090
1936,0.000098,0.161143,1080.95,994.43,2390.62,0.651609,0.243137,-0.640869,0.086427,0.273155,0.417627,-0.134207,-0.002132,93.75,0.028314,4.5698,0.4479
1941,0.000099,0.207695,1013.39,1009.47,2390.62,0.575721,0.145098,-0.346891,0.054426,0.380675,0.131229,-0.151255,-0.068184,375.00,0.036066,6.1899,0.4909
1947,0.000063,0.133478,1062.30,1022.01,2625.00,0.597888,0.266667,-0.632580,-0.120804,0.652577,0.076090,-0.027691,0.052408,375.00,0.045048,8.9201,0.4039
1952,0.000092,0.203343,1246.43,1079.83,2812.50,0.698324,0.184314,-1.033690,-0.418987,0.710412,0.251106,-0.011713,0.502871,375.00,0.033336,7.0094,0.2745
1957,0.000085,0.274305,1173.47,1027.01,2671.88,0.657699,0.156863,-0.613966,-0.131925,0.037932,0.403249,0.062038,0.242672,421.88,0.018964,4.1772,0.3716
1963,0.000119,0.312858,1093.66,962.70,2531.25,0.601708,0.168627,-1.257423,-0.106899,0.504997,0.650836,0.075145,0.133343,421.88,0.025529,4.6105,0.3129
1968,0.000090,0.264212,1015.58,966.30,2437.50,0.566415,0.176471,-0.935523,0.124718,0.574419,0.332984,-0.049588,-0.047009,328.12,0.036104,6.0338,0.4117
1973,0.000085,0.235680,972.12,937.34,2109.38,0.576112,0.211765,-0.617347,0.397822,0.333195,0.099103,0.071253,-0.284026,281.25,0.036474,5.5930,0.4992
1979,0.000113,0.212636,1060.11,929.25,2296.88,0.589535,0.125490,-0.560202,-0.065779,0.140361,0.359531,0.287222,-0.161132,93.75,0.025328,4.2485,0.4071
1984,0.000468,0.350901,1008.96,913.78,2062.50,0.592442,0.023529,-0.362648,0.047907,-0.013154,0.406315,0.180341,-0.258761,93.75,0.041640,5.5584,0.4705
1989,0.000728,0.538874,640.58,775.43,1218.75,0.388169,0.003922,0.439163,0.893602,-0.067546,-0.094849,-0.233325,-0.937044,140.62,0.153442,10.3526,0.7776
1995,0.000768,0.421931,513.76,666.69,984.38,0.269964,0.007843,0.699332,1.089797,-0.118439,0.050910,-0.393764,-1.327836,140.62,0.380461,16.7735,0.8526
2000,0.000734,0.269260,479.95,587.33,937.50,0.227898,0.019608,0.589737,1.076369,0.262768,0.274507,-0.610626,-1.592756,140.62,0.490539,17.4253,0.8738
2005,0.000768,0.194346,496.56,548.60,937.50,0.209887,0.019608,0.537274,0.956579,0.361446,0.489594,-0.585095,-1.759798,140.62,0.455085,14.6886,0.8721
2011,0.000650,0.282274,596.48,627.91,1078.12,0.290685,0.035294,0.391706,0.601095,0.340996,0.507961,-0.418303,-1.423455,93.75,0.358033,10.6552,0.8049
2016,0.000483,0.166728,645.47,648.93,1171.88,0.322056,0.015686,0.371016,0.574811,0.036992,0.455403,-0.111580,-1.326641,140.62,0.350865,10.1676,0.7671
2021,0.000690,0.221675,628.87,586.46,1078.12,0.302355,0.062745,0.216633,0.506559,0.157887,0.716954,-0.148856,-1.449177,140.62,0.320948,10.2558,0.7614
2027,0.000860,0.149842,650.52,589.66,1031.25,0.284136,0.043137,0.193300,0.510314,0.086417,0.903711,-0.290824,-1.402918,140.62,0.315940,9.9504,0.7683
2032,0.000792,0.227053,628.03,581.05,984.38,0.281375,0.015686,0.209382,0.495474,0.292133,0.869585,-0.400392,-1.466182,140.62,0.383948,10.3674,0.7834
2037,0.000832,0.263571,608.69,619.99,984.38,0.328861,0.027451,0.373716,0.575784,0.250521,0.736825,-0.578296,-1.358550,140.62,0.437959,9.9480,0.8089
2043,0.000630,0.135902,644.56,602.53,1078.12,0.316286,0.027451,0.178587,0.412794,0.320564,0.682002,-0.142358,-1.451589,140.62,0.423023,9.9303,0.7489
2048,0.000473,0.152265,757.67,711.87,1265.62,0.432695,0.023529,0.134013,0.285948,0.005810,0.434640,0.123124,-0.983535,140.62,0.361769,8.8909,0.6548
2053,0.000665,0.087528,727.21,698.44,1218.75,0.369394,0.015686,0.116752,0.327704,0.118303,0.520630,0.006652,-1.090042,140.62,0.296141,9.4477,0.6822
2059,0.000601,0.273763,745.74,683.23,1218.75,0.402471,0.019608,-0.122006,0.372921,0.200275,0.545828,0.080280,-1.077298,140.62,0.282590,8.3296,0.6511
2064,0.000709,0.238917,884.66,792.37,1640.62,0.519189,0.035294,-0.056646,0.290809,-0.110605,0.199584,0.302414,-0.625556,140.62,0.307395,8.3293,0.5692
2069,0.000598,0.208311,770.25,687.89,1312.50,0.371508,0.035294,-0.178846,0.302223,0.171603,0.541876,0.167822,-1.004678,140.62,0.310886,8.3572,0.6178
2075,0.000529,0.188867,849.59,775.16,1640.62,0.486047,0.027451,-0.172378,0.195316,0.042410,0.466809,0.101953,-0.634111,140.62,0.297932,8.2432,0.5689
2080,0.000572,0.198115,856.45,765.25,1640.62,0.497792,0.015686,-0.281033,0.234862,0.203784,0.329516,0.172563,-0.659693,140.62,0.275039,7.5791,0.5549
2085,0.000462,0.112867,819.64,755.16,1593.75,0.418349,0.047059,-0.262473,0.468697,0.235650,0.141175,0.224594,-0.807643,140.62,0.265873,8.6366,0.5974
2091,0.000578,0.176521,881.13,765.35,1640.62,0.427588,0.015686,-0.428667,0.345039,0.346412,0.080966,0.439601,-0.783351,140.62,0.228805,7.3762,0.5325
2096,0.000610,0.212977,848.00,745.44,1593.75,0.461225,0.011765,-0.632217,0.287773,0.548587,0.271652,0.337790,-0.813585,140.62,0.193372,5.7828,0.5164
2101,0.000646,0.239632,887.89,773.17,1640.62,0.524098,0.050980,-0.610774,0.180667,0.433524,0.448230,0.271108,-0.722754,281.25,0.195827,5.2033,0.5027
2107,0.000483,0.174443,801.94,750.26,1687.50,0.429190,0.054902,-0.818803,0.329231,0.792360,0.304722,0.052653,-0.660163,328.12,0.247849,7.1589,0.5147
2112,0.000520,0.153893,832.87,803.43,1828.12,0.464212,0.027451,-0.651597,0.509125,0.644131,-0.008700,-0.007485,-0.485474,281.25,0.265810,8.8464,0.5437
2117,0.000578,0.170787,852.28,822.04,1781.25,0.504878,0.047059,-0.417653,0.522927,0.435493,-0.116232,0.091092,-0.515628,140.62,0.236207,7.5371,0.5658
2123,0.000578,0.141295,772.74,807.41,1781.25,0.467937,0.062745,-0.211971,0.432820,0.517243,0.010949,-0.184198,-0.564843,140.62,0.256134,9.4609,0.6189
2128,0.000538,0.169407,632.15,701.55,1359.38,0.352750,0.070588,-0.083621,0.623168,0.735245,0.201244,-0.443824,-1.032212,140.62,0.262448,9.2694,0.7326
2133,0.000428,0.055686,623.59,721.86,1359.38,0.342640,0.031373,-0.136555,0.765001,0.880860,-0.127236,-0.535239,-0.846832,328.12,0.256439,10.5867,0.7321
2139,0.000305,0.055343,691.12,789.81,1593.75,0.392698,0.066667,-0.457586,0.753759,0.853082,-0.109821,-0.439166,-0.600268,187.50,0.217941,11.0893,0.6610
2144,0.000201,0.187142,790.21,862.35,1734.38,0.502763,0.101961,-0.509276,0.643536,0.670981,0.042235,-0.373821,-0.473654,281.25,0.156225,7.9691,0.6203
2149,0.000240,0.031046,786.11,847.56,1781.25,0.439354,0.094118,-0.275418,0.485336,0.620297,0.069241,-0.408653,-0.490803,328.12,0.117325,9.0419,0.6352
2155,0.000261,0.191716,802.49,813.61,1781.25,0.487036,0.035294,-0.554596,0.422914,0.648282,0.158416,-0.167091,-0.507925,328.12,0.109143,8.4427,0.5675
2160,0.000242,0.162744,708.40,782.75,1687.50,0.412867,0.050980,-0.384009,0.734674,0.814910,-0.288168,-0.205450,-0.671955,328.12,0.115500,9.8344,0.6489
2165,0.000139,0.253251,699.67,771.96,1546.88,0.394850,0.137255,-0.581504,0.576404,1.026563,0.088402,-0.591695,-0.518172,328.12,0.108043,9.0646,0.6347
2171,0.000128,0.145643,746.39,784.13,1500.00,0.396022,0.133333,-0.680273,0.216148,0.980639,0.500873,-0.658327,-0.359059,421.88,0.064950,6.8933,0.5687
2176,0.000104,0.218115,791.71,879.74,1734.38,0.457212,0.137255,-0.616754,0.646050,0.663175,0.388738,-0.697284,-0.383924,234.38,0.060902,8.6007,0.6354
2181,0.000113,0.171290,864.67,954.33,2015.62,0.510856,0.141176,-0.662618,0.680695,0.733887,-0.164160,-0.359515,-0.228289,234.38,0.054218,8.7678,0.5752
2187,0.000124,0.244267,1009.32,1010.74,2390.62,0.587339,0.082353,-0.666152,0.319575,0.799816,-0.301606,-0.251245,0.099612,328.12,0.059743,11.4895,0.4757
2192,0.000117,0.144247,905.28,980.43,2203.12,0.495068,0.133333,-0.638753,0.497223,0.906914,-0.359180,-0.387020,-0.019184,328.12,0.068485,13.8849,0.5330
2197,0.000108,0.199842,865.20,929.48,2062.50,0.473741,0.117647,-0.738488,0.344175,0.988249,-0.059808,-0.372521,-0.161606,328.12,0.065880,11.7733,0.5175
2203,0.000100,0.170710,987.46,965.20,2250.00,0.577985,0.129412,-0.920588,0.161400,0.793555,0.165557,-0.125441,-0.074483,328.12,0.055101,10.1748,0.4305
2208,0.000072,0.184175,934.23,946.23,2203.12,0.552949,0.207843,-0.871316,0.310057,0.882127,0.005879,-0.299071,-0.027675,328.12,0.054482,10.3691,0.4707
2213,0.000092,0.142113,998.70,990.72,2437.50,0.558729,0.176471,-0.725220,0.211299,0.868984,-0.204837,-0.310796,0.160570,328.12,0.039521,8.9043,0.4547
2219,0.000079,0.176240,1037.17,1015.46,2437.50,0.559843,0.203922,-1.409847,0.372324,1.051456,-0.042040,-0.253839,0.281944,281.25,0.033962,8.4900,0.3699
2224,0.000113,0.198589,996.14,980.55,2343.75,0.567922,0.137255,-1.140318,0.195222,1.022001,0.007863,-0.267730,0.182962,375.00,0.039982,10.0607,0.3941
2229,0.000081,0.252340,994.96,999.75,2390.62,0.561322,0.211765,-1.105752,0.278769,1.050696,-0.157796,-0.241079,0.175163,328.12,0.047391,11.5458,0.4060
2235,0.000095,0.200365,1027.91,985.99,2437.50,0.549178,0.109804,-1.570023,0.248859,1.069682,0.105014,-0.140119,0.286587,328.12,0.055828,12.0909,0.3244
2240,0.000103,0.106759,1093.41,1007.93,2484.38,0.598923,0.152941,-1.568638,-0.146758,1.065017,0.270638,-0.068093,0.447834,328.12,0.052861,12.9625,0.2597
2245,0.000101,0.247176,996.20,1015.45,2437.50,0.576534,0.149020,-0.845096,0.344207,1.004653,-0.313564,-0.420411,0.230210,328.12,0.053582,11.8375,0.4612
2251,0.000095,0.241939,1018.28,1031.73,2390.62,0.536362,0.176471,-0.816563,0.299943,0.950908,-0.360541,-0.359178,0.285433,375.00,0.051950,11.0751,0.4449
2256,0.000091,0.141402,1058.79,1033.16,2390.62,0.568004,0.243137,-0.698075,-0.031567,0.931029,-0.363131,-0.146155,0.307898,375.00,0.048059,11.3395,0.3904
2261,0.000110,0.200091,1047.98,1017.06,2296.88,0.602258,0.215686,-0.721484,-0.083711,0.756863,-0.033181,-0.077370,0.158883,375.00,0.038848,9.4152,0.3909
2267,0.000099,0.216026,1211.76,1136.56,2953.12,0.575433,0.298039,-1.277898,-0.006634,1.045741,-0.212192,-0.132665,0.583648,328.12,0.038919,9.2391,0.2957
2272,0.000104,0.319639,1574.82,1260.47,3234.38,0.625941,0.243137,-1.671171,0.085926,0.801431,0.107506,-0.392387,1.068696,328.12,0.032737,6.8908,0.2440
2277,0.000092,0.262618,1641.78,1296.29,3328.12,0.621096,0.247059,-1.027818,0.187665,0.597364,-0.229371,-0.581655,1.053814,328.12,0.024486,4.6628,0.3416
2283,0.000073,0.140017,1710.83,1298.81,3328.12,0.642731,0.317647,-1.069969,-0.005000,0.521455,-0.200184,-0.283782,1.037481,328.12,0.020091,4.4040,0.2861
2288,0.000095,0.207537,1735.11,1248.72,3234.38,0.738465,0.203922,-1.252535,-0.024992,0.344663,-0.060030,-0.066716,1.059609,328.12,0.019176,4.5150,0.2432
2293,0.000086,0.268211,1493.45,1241.15,3140.62,0.624465,0.203922,-0.633310,-0.177957,0.580930,0.029625,-0.656587,0.857299,328.12,0.026519,5.9978,0.3761
2299,0.000116,0.223088,1247.49,1192.41,3000.00,0.591166,0.121569,-0.432183,0.113205,0.613335,-0.209080,-0.620333,0.535055,375.00,0.039319,8.5415,0.4708
2304,0.000146,0.237336,1089.52,1104.12,2671.88,0.608023,0.082353,-0.346759,0.311054,0.605637,-0.516863,-0.295863,0.242794,375.00,0.039500,7.4859,0.5022
2309,0.000598,0.393885,757.87,977.40,1968.75,0.430256,0.019608,0.570693,0.630408,0.165256,-0.495344,-0.563501,-0.307511,93.75,0.076662,11.0680,0.7381
2315,0.000500,0.553183,477.72,783.49,843.75,0.277707,0.015686,1.093423,1.345556,0.000078,-0.709044,-1.021480,-0.708533,93.75,0.211985,15.4086,0.8894
2320,0.000468,0.355468,567.35,795.52,1265.62,0.374217,0.070588,0.806870,1.189641,-0.155930,-0.490781,-0.578098,-0.771702,140.62,0.329010,16.5003,0.8420
2325,0.000740,0.317725,762.60,878.63,1781.25,0.549370,0.003922,0.363485,0.686681,0.056418,-0.230532,-0.327126,-0.548927,93.75,0.294533,11.7379,0.7237
2331,0.000621,0.166488,538.26,770.75,1171.88,0.350234,0.023529,0.955687,1.218949,-0.311428,-0.481471,-0.616971,-0.764766,140.62,0.378977,18.4219,0.8555
2336,0.000710,0.128552,403.46,635.80,703.12,0.200945,0.011765,1.308187,1.607625,-0.561641,-0.121430,-1.139870,-1.092871,140.62,0.476802,26.4863,0.9292
2341,0.000501,0.302765,576.01,763.15,1218.75,0.367838,0.023529,0.762499,1.075939,-0.176614,-0.208765,-0.639188,-0.813872,140.62,0.419263,17.3620,0.8383
2347,0.000651,0.424732,759.82,851.84,1687.50,0.512617,0.031373,0.122863,0.530002,0.325770,-0.040533,-0.363516,-0.574586,93.75,0.287036,8.6113,0.6890
2352,0.000635,0.083797,751.40,870.20,1781.25,0.496055,0.011765,0.107812,0.485532,0.480885,-0.082571,-0.465837,-0.525821,93.75,0.276227,8.4423,0.6884
2357,0.000505,0.242860,559.05,744.01,1031.25,0.318974,0.015686,0.642322,0.937342,0.113161,-0.041203,-0.734686,-0.916936,93.75,0.334230,12.0772,0.8342
2363,0.000616,0.226102,677.57,772.74,1453.12,0.451301,0.003922,0.160692,0.632939,0.287893,0.169536,-0.413096,-0.837965,93.75,0.316348,10.7284,0.7354
2368,0.000516,0.135354,545.66,693.13,1031.25,0.320005,0.074510,0.677459,0.896853,0.026218,0.243134,-0.764030,-1.079634,93.75,0.310224,12.7254,0.8467
2373,0.000490,0.130840,534.49,667.69,890.62,0.288145,0.011765,0.737297,0.902820,0.024424,0.297612,-0.769857,-1.192296,140.62,0.335307,15.7659,0.8583
2379,0.000475,0.301697,683.49,763.78,1312.50,0.409297,0.031373,0.068650,0.621753,0.209441,0.404025,-0.566890,-0.736979,140.62,0.262689,10.6316,0.7305
2384,0.000456,0.139023,654.37,736.99,1265.62,0.375424,0.019608,0.338205,0.560195,0.203374,0.329930,-0.582100,-0.849606,140.62,0.256953,11.3769,0.7622
2389,0.000642,0.180070,604.75,679.39,1171.88,0.309697,0.011765,0.492736,0.694179,0.046241,0.385510,-0.475328,-1.143339,140.62,0.284172,12.8311,0.8026
2395,0.000350,0.194465,687.30,743.99,1359.38,0.412967,0.007843,0.331374,0.557203,0.016113,0.293673,-0.278837,-0.919526,140.62,0.288287,11.0445,0.7395
2400,0.000595,0.278224,812.79,832.90,1687.50,0.537855,0.003922,0.138067,0.380149,-0.131216,0.160302,0.028397,-0.575698,93.75,0.276634,9.4140,0.6301
2405,0.000356,0.096102,681.35,801.66,1500.00,0.410990,0.023529,0.494421,0.701746,-0.138893,-0.028625,-0.317128,-0.711521,93.75,0.272201,11.1804,0.7526
2411,0.000516,0.267904,823.15,864.23,1828.12,0.563788,0.019608,0.063101,0.384122,0.148670,-0.020599,-0.146523,-0.428771,93.75,0.182573,6.6574,0.6251
2416,0.000498,0.074718,756.37,840.39,1687.50,0.496061,0.023529,0.109853,0.368941,0.470503,-0.220314,-0.187878,-0.541106,375.00,0.161697,7.1228,0.6465
2421,0.000624,0.245530,509.42,692.01,937.50,0.286526,0.003922,0.721092,0.966265,0.690362,-0.658842,-0.738979,-0.979897,93.75,0.249181,11.3370,0.8459
2427,0.000544,0.100281,482.47,652.79,703.12,0.254075,0.003922,0.749263,1.035197,0.799963,-0.521872,-0.927507,-1.135043,140.62,0.292397,14.3837,0.8725
2432,0.000616,0.242435,541.58,702.63,1031.25,0.317534,0.031373,0.596874,0.883278,0.571054,-0.328119,-0.667866,-1.055220,140.62,0.283677,11.7815,0.8322
2437,0.000688,0.361709,719.46,830.86,1593.75,0.450717,0.003922,0.106396,0.505702,0.491478,-0.036616,-0.427333,-0.639626,93.75,0.248948,8.4282,0.6984
2443,0.000723,0.242995,735.73,835.84,1640.62,0.495439,0.015686,-0.071094,0.436159,0.673352,-0.139159,-0.356385,-0.542873,281.25,0.251503,6.8291,0.6530
2448,0.000847,0.224176,629.31,786.18,1406.25,0.357772,0.003922,0.468098,0.729293,0.325403,-0.222609,-0.514204,-0.785980,93.75,0.326628,9.9062,0.7771
2453,0.000807,0.348250,765.57,830.53,1687.50,0.530042,0.007843,-0.152975,0.471685,0.561170,-0.049349,-0.205956,-0.624575,93.75,0.346497,7.7341,0.6398
2459,0.000884,0.139156,621.94,768.48,1406.25,0.323840,0.003922,0.505691,0.749843,0.424870,-0.357358,-0.443404,-0.879641,93.75,0.394326,10.7287,0.7840
2464,0.000613,0.283742,713.40,820.26,1687.50,0.479858,0.027451,0.126231,0.489270,0.570288,-0.202213,-0.302726,-0.680851,93.75,0.391303,8.6097,0.6899
2469,0.001029,0.030282,615.52,762.66,1500.00,0.347714,0.035294,0.399417,0.540091,0.669372,-0.401364,-0.327437,-0.880079,328.12,0.273480,7.9304,0.7453
2475,0.000882,0.261300,487.74,677.79,750.00,0.236730,0.003922,0.776350,1.132475,0.848322,-1.112205,-0.600021,-1.044921,93.75,0.400574,11.2912,0.8553
2480,0.000777,0.117497,500.79,664.87,796.88,0.189209,0.031373,0.778193,1.202470,1.012170,-1.300778,-0.569079,-1.122976,140.62,0.435442,13.8380,0.8625
2485,0.000861,0.210298,476.08,650.27,843.75,0.236977,0.011765,0.760372,1.205787,0.828742,-1.095484,-0.636793,-1.062623,93.75,0.386041,10.7323,0.8621
2491,0.000877,0.134338,569.73,749.73,1312.50,0.352713,0.015686,0.559770,0.854665,0.477170,-0.677376,-0.397669,-0.816561,93.75,0.376131,12.7575,0.7882
2496,0.000756,0.289738,462.36,679.22,750.00,0.255537,0.035294,0.849194,1.217730,0.575805,-0.811446,-0.885479,-0.945805,93.75,0.445895,12.0347,0.8753
2501,0.000908,0.241440,705.41,867.86,1734.38,0.451907,0.031373,0.405815,0.656714,0.171278,-0.307714,-0.463479,-0.462615,93.75,0.395325,11.2423,0.7299
2507,0.000856,0.196836,797.49,920.22,2015.62,0.535324,0.003922,0.265948,0.528725,0.086048,-0.155326,-0.443077,-0.282317,93.75,0.400321,9.9450,0.6814
2512,0.001005,0.254797,601.25,796.23,1734.38,0.359327,0.011765,0.624345,0.949402,0.375351,-0.770894,-0.603986,-0.574218,93.75,0.514522,12.5879,0.7983
2517,0.000895,0.093711,558.83,758.85,1734.38,0.234375,0.007843,0.811358,1.168569,0.489323,-1.381377,-0.643972,-0.443901,140.62,0.554614,16.1326,0.8226
2523,0.001037,0.281579,673.83,821.14,1734.38,0.415551,0.003922,0.480368,0.778752,0.218709,-0.497540,-0.500115,-0.480175,93.75,0.478705,11.3588,0.7539
2528,0.000936,0.368513,823.40,873.08,1968.75,0.558473,0.011765,-0.107408,0.360983,0.435007,-0.084985,-0.273685,-0.329912,93.75,0.420160,7.5526,0.6055
2533,0.001027,0.092039,656.22,803.27,1593.75,0.410787,0.039216,0.410660,0.593122,0.499612,-0.436107,-0.488246,-0.579041,93.75,0.495340,10.8774,0.7380
2539,0.001048,0.205080,603.80,815.93,1875.00,0.282083,0.015686,0.870134,1.002006,0.347893,-1.003124,-1.014617,-0.202292,93.75,0.592484,15.4307,0.8241
2544,0.000993,0.191812,604.50,791.92,1734.38,0.273405,0.023529,0.670552,0.827651,0.683372,-0.917927,-1.017844,-0.245804,93.75,0.585904,13.6293,0.7991
2549,0.000909,0.193424,745.29,904.13,2109.38,0.357075,0.031373,0.590457,0.701860,0.523245,-0.869083,-0.975448,0.028970,93.75,0.524314,11.7060,0.7539
2555,0.000713,0.242962,966.53,995.31,2437.50,0.500393,0.066667,0.131928,0.410497,0.473102,-0.598711,-0.676058,0.259242,93.75,0.439616,8.4861,0.6177
2560,0.000843,0.165164,1124.05,1021.01,2484.38,0.448101,0.043137,-0.073660,0.250606,0.376163,-0.576114,-0.552673,0.575678,375.00,0.361206,7.0666,0.5192
2565,0.000664,0.147047,1099.08,988.70,2437.50,0.438981,0.043137,-0.404412,0.273928,0.480834,-0.485833,-0.305882,0.441365,375.00,0.325014,7.0219,0.4668
2571,0.000992,0.243035,1068.89,981.26,2437.50,0.529424,0.023529,-0.491905,0.078141,0.543530,0.029390,-0.441406,0.282250,421.88,0.244169,4.9057,0.4682
2576,0.000869,0.174764,905.90,915.92,2203.12,0.469423,0.031373,-0.133730,0.385078,0.342982,0.056873,-0.612062,-0.039140,140.62,0.326816,7.0957,0.6109
2581,0.000905,0.277549,908.84,912.93,2062.50,0.538951,0.027451,0.046338,0.291444,0.121218,0.131064,-0.338167,-0.251897,93.75,0.440293,8.1905,0.6139
2587,0.000678,0.204590,967.12,939.38,2109.38,0.500316,0.031373,0.297517,0.517849,-0.416263,-0.270006,-0.052407,-0.076690,93.75,0.482668,9.7418,0.6159
2592,0.000525,0.183572,1059.09,906.06,2109.38,0.549304,0.039216,0.101634,0.206774,-0.367634,-0.127257,0.288657,-0.102174,93.75,0.378106,7.9357,0.5152
2597,0.000676,0.239312,1137.82,884.10,2203.12,0.643153,0.027451,-0.380205,-0.493177,-0.037720,0.519529,0.438410,-0.046836,468.75,0.201010,4.2262,0.3469
2603,0.000781,0.189188,986.00,850.20,1921.88,0.562352,0.031373,-0.256642,0.200210,-0.072617,0.274013,0.218384,-0.363348,140.62,0.224245,5.4016,0.5111
2608,0.000524,0.252929,943.09,818.57,1828.12,0.538540,0.050980,0.005867,0.227020,0.025102,-0.017959,0.309324,-0.549354,93.75,0.309443,7.0850,0.5588
2613,0.000435,0.163012,882.91,800.64,1781.25,0.468597,0.039216,-0.036308,0.345023,0.016314,0.156040,0.150013,-0.631082,140.62,0.295150,6.8769,0.5975
2619,0.000655,0.123312,948.90,791.42,1781.25,0.440652,0.031373,-0.448416,0.278581,0.098048,0.271508,0.270760,-0.470481,140.62,0.196260,6.2414,0.5037
2624,0.000678,0.240092,912.72,784.00,1828.12,0.425203,0.031373,-0.512132,0.288891,0.019827,0.637641,0.015639,-0.449866,140.62,0.195215,5.7364,0.5263
2629,0.000505,0.257995,856.38,775.45,1781.25,0.449213,0.050980,0.008238,0.206752,-0.066694,0.498960,0.035123,-0.682379,140.62,0.262350,7.1912,0.6061
2635,0.000314,0.198905,828.76,745.94,1687.50,0.430674,0.058824,0.056383,0.252664,0.146096,0.245817,0.192226,-0.893186,93.75,0.275291,7.3101,0.6236
2640,0.000299,0.069463,886.15,812.64,1781.25,0.472690,0.054902,0.074509,0.407519,-0.047962,-0.013207,0.262387,-0.683245,140.62,0.233010,8.7661,0.6110
2645,0.000244,0.094344,968.77,819.43,1781.25,0.537393,0.086275,-0.231815,0.089586,-0.033081,0.438729,0.299864,-0.563282,140.62,0.133862,7.2263,0.5151
2651,0.000227,0.206480,862.13,743.23,1640.62,0.453166,0.121569,-0.463535,-0.261038,0.585249,0.785079,0.097818,-0.743573,515.62,0.118305,6.9750,0.4901
2656,0.000194,0.144479,874.36,768.10,1640.62,0.471304,0.062745,-0.711661,0.045154,0.611079,0.656627,0.233025,-0.834225,515.62,0.103721,7.2880,0.4918
2661,0.000145,0.175481,935.86,766.58,1687.50,0.511263,0.105882,-0.854607,-0.305650,0.661377,0.646255,0.496147,-0.643521,515.62,0.073738,6.1664,0.3760
2667,0.000101,0.141022,950.77,815.57,1734.38,0.549485,0.176471,-0.934880,-0.201464,0.681427,0.448597,0.344077,-0.337757,375.00,0.063273,6.1888,0.3609
2672,0.000125,0.122831,1008.00,879.76,2062.50,0.589235,0.152941,-0.770034,-0.212198,0.461466,0.533195,0.159749,-0.172178,515.62,0.041190,5.5127,0.3811
2677,0.000134,0.252643,968.06,842.03,1921.88,0.534963,0.149020,-1.067160,-0.171193,0.789088,0.413776,0.285398,-0.249911,421.88,0.051116,7.1270,0.3459
2683,0.000075,0.204144,1039.43,899.23,2250.00,0.614772,0.258824,-1.513808,-0.008871,0.886433,0.285551,0.302119,0.048577,375.00,0.060532,8.6603,0.2816
2688,0.000109,0.145351,1045.73,952.58,2296.88,0.595664,0.105882,-1.349209,0.051566,0.941500,0.114927,0.046787,0.194430,328.12,0.049188,8.1028,0.3166
2693,0.000103,0.106690,1081.60,979.46,2343.75,0.598687,0.172549,-1.196273,-0.152385,0.899146,0.178599,0.057675,0.213237,328.12,0.039024,8.0221,0.3079
2699,0.000094,0.296019,1018.84,948.98,2203.12,0.624495,0.137255,-0.892060,-0.000070,0.872405,-0.171352,0.192954,-0.001878,375.00,0.053853,9.9663,0.3678
2704,0.000071,0.148239,984.32,960.88,2250.00,0.534338,0.250980,-1.002394,0.090362,0.999730,-0.241278,0.086035,0.067544,375.00,0.052841,10.3351,0.3699
2709,0.000089,0.175053,1203.38,1058.85,2765.62,0.702630,0.207843,-0.971437,-0.279649,0.689859,0.228452,-0.062954,0.395731,375.00,0.040037,9.1426,0.3118
2715,0.000091,0.152380,1149.85,1004.63,2625.00,0.651754,0.172549,-1.115845,-0.217234,0.763199,0.075482,0.159927,0.334470,375.00,0.034470,8.5423,0.2862
2720,0.000262,0.308426,1032.64,966.53,2296.88,0.617858,0.027451,-0.918326,0.053316,0.764290,-0.025987,0.030833,0.095875,328.12,0.046623,10.1161,0.3785
2725,0.000435,0.507071,709.73,907.63,1734.38,0.427050,0.019608,0.507842,0.806492,0.222304,-0.698377,-0.403554,-0.434706,140.62,0.083032,11.1798,0.7458
2731,0.000461,0.445829,471.97,769.04,937.50,0.243965,0.015686,1.267667,1.409327,-0.144180,-1.056320,-0.781698,-0.694796,140.62,0.211111,19.2423,0.8886
2736,0.000538,0.257735,446.08,758.84,609.38,0.222354,0.011765,1.370029,1.589987,0.017117,-1.395807,-0.886248,-0.695078,140.62,0.313974,23.2195,0.9064
2741,0.000373,0.216668,503.48,761.95,984.38,0.307322,0.023529,1.035443,1.301599,-0.172340,-0.581758,-0.775554,-0.807391,140.62,0.311991,18.9066,0.8765
2747,0.000358,0.383084,665.68,836.79,1593.75,0.449731,0.019608,0.372673,0.766802,0.288724,-0.230446,-0.527587,-0.670167,93.75,0.188266,9.1053,0.7629
2752,0.000303,0.144474,696.36,856.83,1593.75,0.435765,0.058824,-0.040137,0.671949,0.784820,-0.306726,-0.579483,-0.530423,234.38,0.177042,9.8242,0.7049
2757,0.000298,0.079392,594.94,806.05,1218.75,0.337246,0.035294,0.300024,0.827315,0.832455,-0.565733,-0.732146,-0.661916,234.38,0.150308,11.8686,0.7791
2763,0.000268,0.286442,617.66,754.91,1171.88,0.341472,0.074510,-0.308161,0.849076,1.226291,-0.533571,-0.454051,-0.779585,281.25,0.158916,12.8445,0.7083
2768,0.000191,0.198272,605.97,789.62,1125.00,0.323664,0.082353,0.207603,0.780365,0.981953,-0.472251,-0.777942,-0.719727,328.12,0.140455,11.1158,0.7761
2773,0.000274,0.221159,609.99,810.30,1078.12,0.314681,0.054902,0.225073,0.871238,0.848989,-0.300133,-0.978598,-0.666570,140.62,0.093669,8.8811,0.7975
2779,0.000138,0.202710,605.31,813.05,1031.25,0.319278,0.184314,0.142123,0.944576,0.905614,-0.203046,-1.113198,-0.676069,234.38,0.108766,10.6112,0.8081
2784,0.000144,0.190851,674.31,809.83,1359.38,0.404076,0.121569,-0.075790,0.651291,0.615602,0.178070,-0.588496,-0.780677,234.38,0.089057,9.0587,0.7256
2789,0.000134,0.158794,922.27,946.98,2109.38,0.576605,0.117647,-0.590052,0.291885,0.653283,0.172575,-0.290079,-0.237610,234.38,0.061308,7.9810,0.5287
2795,0.000095,0.250606,890.71,994.44,2250.00,0.522292,0.176471,-0.266110,0.626941,0.592537,-0.338126,-0.528807,-0.086437,234.38,0.053998,8.0281,0.6196
2800,0.000147,0.185370,910.57,998.90,2203.12,0.518733,0.121569,-0.316574,0.659353,0.577463,-0.476368,-0.389925,-0.053949,328.12,0.054539,9.0491,0.5971
2805,0.000152,0.207383,860.02,995.45,2203.12,0.487244,0.090196,-0.249007,0.660789,0.805647,-0.627562,-0.473285,-0.116582,281.25,0.069861,11.4663,0.6227
2811,0.000099,0.227494,816.28,960.19,2015.62,0.487864,0.149020,-0.036379,0.604152,0.610353,-0.346399,-0.566380,-0.265349,281.25,0.069169,10.2123,0.6681
2816,0.000085,0.165282,872.66,995.13,2250.00,0.509912,0.196078,0.142566,0.304642,0.476465,-0.167131,-0.617900,-0.138641,328.12,0.046792,7.6341,0.6461
2821,0.000070,0.167305,1002.07,1060.08,2578.12,0.517895,0.254902,-0.221617,0.129073,0.777708,-0.466061,-0.346073,0.126971,328.12,0.037609,8.1436,0.5158
2827,0.000089,0.142395,1089.56,1070.58,2718.75,0.565845,0.164706,-0.759384,0.235850,0.820580,-0.244679,-0.322952,0.270586,421.88,0.031690,8.3325,0.4414
2832,0.000095,0.256026,1117.62,1071.50,2718.75,0.573483,0.156863,-0.829599,-0.177452,0.991096,-0.073755,-0.302324,0.392035,375.00,0.036827,9.1791,0.3662
2837,0.000196,0.295449,1038.24,1050.47,2625.00,0.586310,0.035294,-0.426299,0.036229,0.798137,-0.236629,-0.344001,0.172563,375.00,0.048475,9.5437,0.4727
2843,0.000263,0.394312,793.28,953.81,1921.88,0.501083,0.031373,0.204094,0.609143,0.425199,-0.330097,-0.557117,-0.351221,140.62,0.064574,8.2662,0.7028
2848,0.000620,0.382605,793.48,918.71,1875.00,0.499895,0.015686,0.397482,0.633503,0.078767,-0.241909,-0.421304,-0.446540,140.62,0.131897,11.9403,0.7210
2853,0.000618,0.500520,740.74,856.73,1687.50,0.506995,0.039216,0.226383,0.729916,0.176019,-0.132147,-0.401346,-0.598825,140.62,0.253172,11.5629,0.7268
2859,0.000630,0.256167,597.59,739.53,1218.75,0.355549,0.027451,0.294687,0.929313,0.386075,-0.272691,-0.445397,-0.891987,140.62,0.343441,13.5194,0.7826
2864,0.000474,0.243575,600.60,707.16,1218.75,0.337641,0.039216,0.238674,0.870960,0.660733,-0.443340,-0.334845,-0.992182,140.62,0.329880,11.6592,0.7718
2869,0.000526,0.126844,620.33,709.35,1218.75,0.329404,0.011765,0.216883,0.787742,0.583861,-0.323034,-0.300085,-0.965366,140.62,0.288440,10.4679,0.7568
2875,0.000499,0.217161,686.65,696.75,1218.75,0.331062,0.019608,-0.146224,0.436777,0.590384,0.178598,-0.079232,-0.980303,140.62,0.243867,8.9752,0.6626
2880,0.000705,0.134444,710.02,723.73,1218.75,0.349599,0.015686,-0.216700,0.388125,0.599415,0.206726,-0.192851,-0.784715,140.62,0.240923,8.6150,0.6398
2885,0.000609,0.256442,710.01,707.33,1265.62,0.340141,0.039216,-0.244192,0.432359,0.638739,0.175639,-0.162797,-0.839748,140.62,0.253937,7.5499,0.6446
2891,0.000629,0.208015,765.24,721.36,1359.38,0.412100,0.039216,-0.401294,0.362822,0.591738,0.304515,-0.095722,-0.762059,140.62,0.235215,6.6680,0.6010
2896,0.000522,0.199253,750.44,702.91,1359.38,0.392038,0.023529,-0.392983,0.344021,0.553417,0.396441,-0.083772,-0.817124,140.62,0.242902,6.9303,0.6049
2901,0.000733,0.251543,885.48,782.34,1687.50,0.523070,0.007843,-0.367410,0.022605,0.321105,0.455536,0.125137,-0.556974,140.62,0.234466,6.4380,0.5109
2907,0.000629,0.313709,968.38,844.65,1828.12,0.628184,0.023529,-0.360205,0.176541,-0.001471,0.337373,0.211507,-0.363745,140.62,0.266000,5.8004,0.4961
2912,0.000708,0.187861,779.51,751.91,1453.12,0.458648,0.015686,-0.244054,0.277711,0.324677,0.552508,-0.194806,-0.716035,140.62,0.291944,7.3466,0.6159
2917,0.000549,0.158078,705.53,743.04,1406.25,0.353475,0.082353,-0.031805,0.414541,0.528413,0.406364,-0.581552,-0.735961,140.62,0.269632,8.4879,0.7006
2923,0.000522,0.214332,776.41,777.47,1593.75,0.448040,0.023529,-0.233859,0.298715,0.433679,0.573640,-0.518600,-0.553574,140.62,0.270990,7.6749,0.6384
2928,0.000502,0.197079,889.34,840.29,1875.00,0.568098,0.035294,-0.203695,0.220573,0.010435,0.615484,-0.254787,-0.388011,140.62,0.252408,6.6640,0.5817
2933,0.000450,0.108962,762.16,803.65,1593.75,0.467171,0.011765,0.053618,0.434895,0.245782,0.333335,-0.404057,-0.663573,140.62,0.229746,8.1073,0.6853
2939,0.000458,0.162809,669.30,748.37,1359.38,0.385836,0.023529,0.119455,0.621300,0.392280,0.166031,-0.548262,-0.750803,140.62,0.254020,11.1364,0.7350
2944,0.000310,0.198296,714.39,780.31,1359.38,0.359026,0.043137,0.126954,0.423142,0.333761,0.532816,-0.816875,-0.599798,140.62,0.233521,10.3135,0.7278
2949,0.000307,0.076063,748.13,793.08,1453.12,0.398548,0.066667,-0.038711,0.380671,0.300564,0.506490,-0.545978,-0.603036,140.62,0.171706,9.5072,0.6782
2955,0.000290,0.244731,727.19,780.18,1406.25,0.413349,0.043137,-0.380154,0.414667,0.799349,0.363006,-0.554647,-0.642221,515.62,0.096262,5.5310,0.6492
2960,0.000202,0.219201,829.18,814.47,1546.88,0.451490,0.082353,-0.740627,-0.089384,0.870029,0.585011,-0.190883,-0.434146,421.88,0.141818,9.5532,0.4744
2965,0.000182,0.204394,936.19,853.10,1875.00,0.490640,0.086275,-0.976710,-0.374046,0.811670,0.827222,-0.089552,-0.198584,515.62,0.110199,8.2564,0.3702
2971,0.000173,0.262871,1113.72,1043.08,2625.00,0.543417,0.137255,-0.547664,0.230476,0.223096,0.339035,-0.431595,0.186652,515.62,0.085535,6.7055,0.4910
2976,0.000126,0.191019,1223.14,1109.56,2765.62,0.546709,0.168627,-0.673949,0.107955,0.410484,0.128251,-0.363909,0.391169,140.62,0.060153,5.2864,0.4264
2981,0.000112,0.158175,1351.99,1141.31,2953.12,0.630393,0.156863,-0.890999,-0.103959,0.568940,-0.045515,-0.166976,0.638508,375.00,0.055407,6.0763,0.3245
2987,0.000103,0.187456,1421.10,1139.52,2906.25,0.699455,0.172549,-0.954692,-0.047815,0.464210,0.103312,-0.258116,0.693101,468.75,0.030921,3.8837,0.3277
2992,0.000148,0.187775,1468.95,1139.42,2859.38,0.588408,0.117647,-1.168297,0.009651,0.575946,0.205059,-0.487007,0.864648,281.25,0.040079,5.4391,0.3169
2997,0.000102,0.252755,1242.51,1070.11,2671.88,0.575961,0.200000,-1.559450,0.081516,0.791997,0.509524,-0.444342,0.620756,281.25,0.042083,4.9626,0.3042

----- END /raw_noise_3s_59726.csv -----
> 
> dump /raw_silence_3s_49982.csv
----- BEGIN /raw_silence_3s_49982.csv (85752 bytes) -----
ms_from_event,rms,flux,centroid_hz,spread_hz,rolloff85_hz,flatness,zcr,band0,band1,band2,band3,band4,band5,peak_hz,peak_mag,peak_ratio,low_dom
0,0.000095,0.271080,1035.19,1038.92,2578.12,0.576145,0.149020,-0.725952,0.166348,0.770750,0.023691,-0.431181,0.196344,328.12,0.050734,10.9226,0.4595
5,0.000091,0.186045,988.40,999.09,2296.88,0.560637,0.180392,-1.246182,0.288928,1.029662,-0.071172,-0.145974,0.144738,328.12,0.055224,11.5644,0.3827
11,0.000074,0.185461,1077.55,1015.40,2531.25,0.577259,0.164706,-1.110692,-0.189101,1.024536,-0.090361,0.085883,0.279734,375.00,0.052043,12.9132,0.3031
16,0.000102,0.214686,1205.00,1086.52,2765.62,0.626245,0.180392,-0.982156,-0.264057,0.968781,-0.242197,0.033504,0.486126,375.00,0.042840,11.1651,0.2926
21,0.000112,0.245377,1076.18,1020.86,2484.38,0.577194,0.203922,-1.267007,0.073557,1.066374,-0.202758,0.008528,0.321305,375.00,0.045182,10.5774,0.3183
27,0.000080,0.308702,927.86,963.12,2250.00,0.560458,0.203922,-0.551868,0.208579,0.792147,-0.088406,-0.357489,-0.002963,328.12,0.052743,10.6692,0.5021
32,0.000090,0.217365,898.24,930.94,2156.25,0.549031,0.180392,-0.438163,0.408271,0.545536,-0.008539,-0.379229,-0.127876,375.00,0.033141,6.4220,0.5594
37,0.000087,0.094895,883.06,908.96,2062.50,0.532083,0.247059,-0.288967,0.382755,0.459476,-0.037649,-0.301464,-0.214150,140.62,0.032099,7.2477,0.5756
43,0.000098,0.175721,872.67,937.59,2062.50,0.518697,0.176471,-0.220044,0.430534,0.481051,-0.279403,-0.249387,-0.162752,328.12,0.034961,8.5055,0.5772
48,0.000090,0.186823,881.77,947.56,2156.25,0.516028,0.164706,-0.149781,0.511615,0.388953,-0.318058,-0.314579,-0.118149,328.12,0.039029,8.7391,0.5980
53,0.000120,0.205316,921.91,951.63,2203.12,0.540520,0.145098,-0.643308,0.433192,0.673999,-0.160035,-0.268282,-0.035565,328.12,0.049168,10.2269,0.5117
59,0.000089,0.165006,918.84,969.79,2250.00,0.549156,0.141176,-0.538075,0.396322,0.729945,-0.176788,-0.348569,-0.062835,328.12,0.058095,11.5109,0.5337
64,0.000068,0.188723,914.03,978.11,2250.00,0.513221,0.250980,-0.579882,0.252632,0.968376,-0.134716,-0.505289,-0.001122,328.12,0.048109,10.4638,0.5224
69,0.000087,0.167613,1008.86,1019.59,2484.38,0.546244,0.156863,-0.874642,0.078616,0.951644,-0.029489,-0.324508,0.198377,375.00,0.045085,12.1704,0.4170
75,0.000069,0.198193,1017.00,1012.09,2437.50,0.574073,0.278431,-0.653955,0.243026,0.890154,-0.396549,-0.348274,0.265599,375.00,0.039672,10.9619,0.4591
80,0.000081,0.215253,996.18,978.27,2390.62,0.548174,0.227451,-0.395969,0.123038,0.765691,-0.228137,-0.427778,0.163154,375.00,0.034197,9.2926,0.4990
85,0.000094,0.240183,984.55,961.87,2250.00,0.589473,0.121569,-0.411627,0.218698,0.500646,0.088551,-0.404996,0.008729,140.62,0.025388,6.2747,0.5254
91,0.000085,0.278406,960.97,965.40,2343.75,0.569487,0.180392,-0.604300,0.477636,0.605024,-0.214476,-0.258284,-0.005599,328.12,0.037191,8.4420,0.5171
96,0.000089,0.195655,954.20,932.53,2156.25,0.534138,0.141176,-0.834395,0.270830,0.914340,-0.265936,-0.052017,-0.032823,328.12,0.039496,9.4983,0.4404
101,0.000073,0.218514,1055.44,971.59,2343.75,0.594979,0.282353,-0.872380,-0.035643,0.806733,-0.008329,-0.074209,0.183828,375.00,0.040447,9.4099,0.3755
107,0.000076,0.284939,1076.21,972.22,2343.75,0.674724,0.247059,-0.840704,0.171995,0.513535,0.098945,-0.055937,0.112166,281.25,0.027366,5.3292,0.4104
112,0.000091,0.072128,1054.16,1032.06,2390.62,0.602723,0.164706,-0.616857,0.284709,0.596999,-0.207523,-0.239245,0.181917,281.25,0.023856,6.1965,0.4657
117,0.000081,0.304254,1060.55,999.35,2390.62,0.624955,0.176471,-1.092072,0.200720,0.806314,0.188190,-0.203545,0.100394,281.25,0.031107,7.5362,0.4027
123,0.000083,0.243858,1090.62,1039.38,2578.12,0.598813,0.121569,-1.115517,0.217245,0.847030,-0.010202,-0.236006,0.297449,328.12,0.036202,8.1226,0.3823
128,0.000085,0.198688,1156.52,1045.98,2578.12,0.646894,0.196078,-0.906144,-0.440643,0.952555,-0.084528,0.020136,0.458625,375.00,0.043483,11.0479,0.2864
133,0.000102,0.225028,1204.45,1115.61,2906.25,0.618291,0.137255,-0.825974,-0.158201,0.763636,-0.065146,-0.137927,0.423613,375.00,0.047073,11.3870,0.3464
139,0.000108,0.261856,974.48,994.34,2343.75,0.552181,0.090196,-0.636662,0.165390,0.860047,-0.224684,-0.204226,0.040137,375.00,0.044054,9.4068,0.4617
144,0.000084,0.261463,831.61,892.71,1875.00,0.482080,0.164706,-0.849148,0.662695,0.906599,-0.192494,-0.211040,-0.316615,281.25,0.047632,9.9081,0.5425
149,0.000085,0.192800,930.71,975.95,2250.00,0.501033,0.188235,-1.180649,0.356075,1.119952,-0.118078,-0.300084,0.122785,328.12,0.049425,11.8173,0.4198
155,0.000082,0.208195,1209.29,1079.71,2765.62,0.589959,0.164706,-1.316638,-0.570122,1.123614,0.127178,-0.083763,0.719730,375.00,0.048050,13.0907,0.2207
160,0.000061,0.180496,1183.60,1099.49,2765.62,0.600560,0.349020,-1.232147,-0.199134,1.034277,-0.008932,-0.114347,0.520282,375.00,0.042485,10.9014,0.2852
165,0.000079,0.120500,1253.25,1089.64,2812.50,0.643754,0.172549,-1.553282,-0.135478,0.981171,-0.023671,0.150449,0.580810,375.00,0.032794,10.4523,0.2297
171,0.000091,0.265771,1218.29,1069.62,2671.88,0.640658,0.121569,-1.155335,-0.010385,0.901029,-0.396576,0.110673,0.550593,375.00,0.031709,9.6670,0.2863
176,0.000083,0.229388,1252.80,1089.55,2718.75,0.608146,0.215686,-1.648086,-0.205791,1.154028,-0.161842,0.071600,0.790091,328.12,0.040853,11.2426,0.2046
181,0.000065,0.256695,1147.82,1073.41,2671.88,0.584396,0.243137,-0.846082,-0.159693,1.013439,-0.305898,-0.162972,0.461207,375.00,0.045693,11.4318,0.3425
187,0.000087,0.121479,1163.92,1085.13,2718.75,0.615287,0.141176,-0.614696,-0.271242,0.823821,-0.209789,-0.141893,0.413799,375.00,0.041220,12.2891,0.3592
192,0.000097,0.156018,1093.83,1027.42,2578.12,0.593530,0.176471,-0.880133,-0.565325,1.109351,-0.204228,0.156698,0.383634,375.00,0.043500,14.4018,0.2703
197,0.000092,0.298698,926.61,952.38,2203.12,0.532700,0.149020,-0.637576,0.083412,1.007686,-0.353999,-0.139075,0.039552,375.00,0.047533,12.1930,0.4434
203,0.000086,0.155187,989.88,990.67,2390.62,0.541638,0.203922,-0.719831,0.120057,0.929157,-0.348015,-0.216311,0.234946,375.00,0.048314,12.0033,0.4233
208,0.000094,0.161178,1010.12,969.48,2343.75,0.523918,0.133333,-1.299173,-0.180555,1.229606,-0.063928,-0.039176,0.353225,375.00,0.053722,14.6132,0.2897
213,0.000092,0.142445,994.85,941.27,2296.88,0.526297,0.137255,-1.453516,-0.276707,1.259873,0.048147,0.091619,0.330585,375.00,0.056072,15.4691,0.2542
219,0.000078,0.204628,1051.57,994.39,2437.50,0.588210,0.172549,-0.704114,-0.360224,0.985110,-0.222371,-0.019148,0.320745,375.00,0.052114,13.3794,0.3356
224,0.000086,0.146312,1058.35,1006.18,2390.62,0.620866,0.207843,-0.782639,-0.315603,0.917555,-0.046320,-0.089116,0.316123,375.00,0.046424,12.3107,0.3402
229,0.000094,0.140735,1080.20,1027.84,2484.38,0.529137,0.180392,-1.151253,-0.527100,1.292145,-0.089011,-0.133078,0.608298,375.00,0.049497,15.9329,0.2541
235,0.000095,0.228709,1012.63,1021.40,2578.12,0.545996,0.141176,-0.882883,-0.000863,1.097494,-0.215513,-0.286180,0.287945,375.00,0.050817,14.2810,0.3911
240,0.000096,0.265434,1130.09,1089.50,2671.88,0.611842,0.168627,-0.640570,0.012330,0.867374,-0.385188,-0.289733,0.435786,328.12,0.051181,12.0957,0.4044
245,0.000091,0.172084,1052.24,1063.06,2531.25,0.544525,0.152941,-0.555992,0.115527,0.849004,-0.231546,-0.513452,0.336458,328.12,0.056991,13.4084,0.4671
251,0.000093,0.172140,993.68,966.61,2343.75,0.531926,0.196078,-0.779448,-0.107198,1.051736,-0.352750,-0.083522,0.271182,328.12,0.050686,13.9108,0.3689
256,0.000074,0.178499,1027.52,985.92,2390.62,0.549359,0.262745,-1.116375,-0.080179,1.206567,-0.430319,0.066855,0.353453,328.12,0.048692,12.9683,0.3082
261,0.000077,0.166622,1135.89,1044.02,2671.88,0.568420,0.235294,-1.378748,0.120432,1.122381,-0.400432,0.030148,0.506221,328.12,0.042165,11.7054,0.2896
267,0.000071,0.190849,1137.63,1024.75,2578.12,0.636101,0.298039,-1.135172,-0.033291,0.917145,-0.103063,-0.058080,0.412462,375.00,0.035926,11.1571,0.3183
272,0.000071,0.288082,1190.68,1058.90,2765.62,0.669185,0.231373,-1.090821,-0.297244,0.771313,0.142037,-0.016664,0.491379,375.00,0.031952,8.3379,0.2826
277,0.000091,0.166834,1215.56,1058.28,2718.75,0.634194,0.149020,-0.899510,-0.369370,0.558799,0.335968,-0.165934,0.540048,328.12,0.031518,8.6151,0.3054
283,0.000084,0.247579,1106.86,1052.86,2625.00,0.586422,0.176471,-1.238229,-0.039289,1.043643,-0.009410,-0.224632,0.467918,375.00,0.038912,10.4368,0.3186
288,0.000081,0.154319,1165.07,1076.88,2718.75,0.613925,0.196078,-1.487657,-0.294446,1.156266,0.028389,0.000437,0.597011,375.00,0.047090,12.4920,0.2333
293,0.000086,0.126126,1102.36,1026.09,2578.12,0.605604,0.113725,-1.264243,-0.525722,1.174472,0.120435,0.078173,0.416885,375.00,0.047510,13.1878,0.2419
299,0.000094,0.165720,1110.14,1058.53,2625.00,0.599615,0.109804,-0.967214,-0.252006,1.010935,-0.036029,-0.138179,0.382494,375.00,0.041845,11.7702,0.3248
304,0.000101,0.206009,1139.84,1025.40,2531.25,0.616877,0.141176,-1.048227,-0.479323,1.071709,-0.235528,0.162545,0.528827,328.12,0.046164,12.2988,0.2480
309,0.000086,0.203739,1088.66,1010.48,2437.50,0.608941,0.231373,-1.078985,-0.186641,1.075121,-0.321302,0.138841,0.372965,328.12,0.057019,13.6341,0.2914
315,0.000088,0.159992,1020.14,996.90,2343.75,0.571076,0.133333,-1.168756,-0.041797,1.104817,-0.105993,-0.028526,0.240255,328.12,0.047247,11.2540,0.3293
320,0.000094,0.189776,1029.67,999.38,2437.50,0.567855,0.137255,-1.098309,0.074088,1.070599,-0.044083,-0.193785,0.191489,375.00,0.045648,12.1911,0.3750
325,0.000082,0.247560,1076.25,1050.56,2578.12,0.537744,0.149020,-1.046236,-0.077494,1.085328,-0.001060,-0.338139,0.377603,375.00,0.046168,11.5197,0.3586
331,0.000086,0.155558,1129.66,1068.66,2625.00,0.577057,0.200000,-0.675142,-0.274817,0.910062,-0.201569,-0.212512,0.453979,375.00,0.048450,12.6014,0.3553
336,0.000099,0.132333,1107.52,1056.88,2625.00,0.589877,0.125490,-0.670664,-0.371603,1.004368,-0.240319,-0.204125,0.482343,375.00,0.051424,14.3762,0.3407
341,0.000086,0.183180,1062.14,990.18,2484.38,0.532827,0.188235,-0.988832,-0.533253,1.172622,-0.128364,-0.012810,0.490637,375.00,0.053343,14.7229,0.2690
347,0.000082,0.213632,983.04,973.75,2343.75,0.551318,0.188235,-0.951135,-0.113703,1.104385,-0.129057,-0.147629,0.237140,375.00,0.052539,13.6173,0.3596
352,0.000083,0.184241,947.44,959.22,2203.12,0.556440,0.176471,-0.836586,0.083747,0.886084,0.052464,-0.202710,0.017002,375.00,0.046584,11.2786,0.4296
357,0.000101,0.089968,1000.34,1008.10,2484.38,0.544223,0.129412,-0.920269,0.037345,1.060199,-0.153184,-0.299559,0.275467,375.00,0.042348,12.3462,0.3943
363,0.000083,0.282323,947.70,944.56,2296.88,0.479213,0.188235,-1.706168,0.259207,1.253194,0.100755,-0.108463,0.201474,328.12,0.052377,14.7906,0.3165
368,0.000095,0.300010,971.81,947.63,2296.88,0.490015,0.129412,-1.207376,0.034263,1.140282,0.189880,-0.322162,0.165113,375.00,0.044725,11.0796,0.3757
373,0.000100,0.165179,1057.45,1039.92,2484.38,0.534810,0.117647,-1.006927,-0.041572,1.101053,-0.154168,-0.249551,0.351165,375.00,0.045709,11.3286,0.3601
379,0.000078,0.186053,1025.75,1039.62,2484.38,0.517565,0.188235,-1.148820,0.094782,1.189997,-0.203065,-0.332875,0.399980,328.12,0.055485,13.9598,0.3634
384,0.000088,0.171558,1038.13,1026.09,2578.12,0.482257,0.215686,-1.143014,-0.164025,1.262474,-0.101936,-0.340685,0.487184,375.00,0.050290,13.9629,0.3259
389,0.000087,0.160813,1105.41,1066.12,2671.88,0.552042,0.168627,-1.288083,-0.106645,1.145613,0.048523,-0.311271,0.511861,375.00,0.045492,12.6938,0.3105
395,0.000083,0.197696,1049.75,1013.62,2484.38,0.570644,0.247059,-0.798895,-0.442393,1.039992,0.099113,-0.242231,0.344413,375.00,0.045748,12.3973,0.3381
400,0.000078,0.202994,1036.91,986.37,2343.75,0.606428,0.160784,-0.846274,-0.109809,0.846374,0.174460,-0.274424,0.209672,328.12,0.040252,10.4589,0.3904
405,0.000106,0.143969,1004.59,966.21,2390.62,0.559578,0.117647,-0.970383,0.064666,0.944879,-0.016947,-0.233750,0.211534,328.12,0.043567,11.4960,0.3913
411,0.000108,0.191299,1038.31,1016.23,2484.38,0.549947,0.149020,-1.153149,-0.177416,1.220429,-0.186950,-0.136407,0.433493,328.12,0.050713,13.1874,0.3071
416,0.000089,0.229974,993.60,975.61,2390.62,0.532626,0.219608,-1.656089,0.175676,1.184111,-0.023034,0.015612,0.303725,328.12,0.063589,15.3053,0.2891
421,0.000090,0.207678,965.26,940.20,2203.12,0.513230,0.145098,-1.898232,0.270943,1.257481,0.051517,0.074027,0.244266,328.12,0.052153,12.3828,0.2743
427,0.000094,0.127857,1119.28,1039.18,2625.00,0.559918,0.180392,-1.744633,-0.004901,1.261772,-0.093556,-0.095338,0.676656,375.00,0.050517,13.5710,0.2377
432,0.000074,0.181731,1102.12,1049.37,2625.00,0.557900,0.247059,-0.918192,-0.309525,1.146690,-0.319835,-0.083984,0.484846,375.00,0.053005,14.4879,0.3070
437,0.000087,0.189217,1135.88,1061.57,2671.88,0.613609,0.168627,-0.907354,-0.307680,0.984437,-0.024718,-0.225454,0.480768,375.00,0.046921,12.5064,0.3241
443,0.000092,0.281980,1151.50,1042.40,2625.00,0.619147,0.141176,-1.346118,0.016471,0.966832,0.003179,-0.154035,0.513672,328.12,0.039468,10.2261,0.3006
448,0.000081,0.250225,1071.39,1025.20,2578.12,0.623301,0.172549,-1.201326,0.318165,0.821820,-0.072847,-0.052114,0.186302,328.12,0.042667,10.1372,0.3755
453,0.000094,0.182052,989.28,968.20,2203.12,0.560610,0.129412,-1.265249,0.088685,1.079360,-0.049014,-0.000724,0.146941,328.12,0.048156,12.6492,0.3404
459,0.000095,0.138440,1020.32,965.65,2296.88,0.562889,0.156863,-1.584750,-0.248897,1.229346,0.113792,0.185759,0.304749,328.12,0.047175,13.6783,0.2383
464,0.000099,0.222839,1059.06,993.55,2484.38,0.517738,0.188235,-1.744319,-0.058261,1.230593,0.052506,0.068748,0.450734,328.12,0.046895,12.5695,0.2385
469,0.000087,0.279685,994.32,1024.63,2484.38,0.524438,0.141176,-1.066684,0.292469,1.084295,-0.180716,-0.411686,0.282321,375.00,0.049263,11.8918,0.4201
475,0.000072,0.274506,899.95,981.52,2250.00,0.501541,0.247059,-0.558414,0.345756,0.869479,-0.089988,-0.458699,-0.108134,375.00,0.042239,9.0619,0.5442
480,0.000086,0.195107,1070.13,986.62,2390.62,0.638208,0.180392,-0.859469,-0.255929,0.723084,0.239636,0.058442,0.094237,328.12,0.041582,9.5527,0.3466
485,0.000096,0.173212,1087.64,1015.77,2484.38,0.635213,0.164706,-1.039868,0.104676,0.733854,0.227276,-0.299995,0.274057,328.12,0.043224,9.9758,0.3883
491,0.000088,0.219073,1032.23,998.38,2484.38,0.537533,0.149020,-0.685564,-0.119521,0.989928,-0.217921,-0.316831,0.349911,328.12,0.048866,12.2353,0.3967
496,0.000100,0.127380,1084.10,991.85,2484.38,0.558545,0.105882,-1.147837,-0.381437,1.113576,-0.099036,0.030166,0.484568,328.12,0.049500,13.2571,0.2646
501,0.000090,0.170764,1026.61,976.78,2296.88,0.532068,0.141176,-1.348585,-0.098351,1.223492,-0.328972,0.159239,0.393179,328.12,0.052149,14.0641,0.2690
507,0.000096,0.219472,1012.27,989.98,2343.75,0.507856,0.180392,-1.744876,0.102427,1.266699,0.103956,-0.069732,0.341526,328.12,0.058438,15.2733,0.2775
512,0.000075,0.182395,992.87,972.33,2296.88,0.558718,0.254902,-1.131542,-0.065485,1.115827,0.046269,-0.208531,0.243463,328.12,0.050293,13.1646,0.3507
517,0.000091,0.095370,1041.09,1010.64,2390.62,0.565098,0.149020,-1.084726,-0.087721,1.059812,-0.081893,-0.164816,0.359345,328.12,0.046275,12.8272,0.3355
523,0.000091,0.163564,1030.58,981.44,2390.62,0.546170,0.156863,-1.634814,0.131142,1.136202,0.020045,-0.020618,0.368044,328.12,0.051554,14.7883,0.2838
528,0.000097,0.243349,999.85,940.83,2203.12,0.589614,0.149020,-1.068604,-0.196083,0.991092,0.128796,0.013418,0.131380,328.12,0.052802,13.0957,0.3308
533,0.000097,0.232627,949.75,919.79,2203.12,0.526035,0.101961,-0.878842,0.125139,0.822356,0.196920,-0.246755,-0.018817,328.12,0.054398,12.2594,0.4393
539,0.000094,0.111921,1012.57,997.48,2250.00,0.541825,0.125490,-1.197494,0.117575,1.053660,0.082033,-0.317035,0.261260,328.12,0.056804,13.7832,0.3747
544,0.000083,0.204275,998.81,1024.90,2390.62,0.508062,0.164706,-0.861837,-0.089066,1.207840,-0.225321,-0.373264,0.341648,328.12,0.049880,13.1362,0.3871
549,0.000081,0.168333,1085.73,1061.67,2671.88,0.556717,0.211765,-0.710168,-0.231368,1.075040,-0.249744,-0.310325,0.426568,375.00,0.052030,14.0452,0.3708
555,0.000099,0.215519,1221.00,1061.19,2765.62,0.627036,0.086275,-1.147077,-0.379041,0.980718,-0.068426,0.003448,0.610379,375.00,0.046279,11.7455,0.2554
560,0.000094,0.187801,1115.25,1030.66,2578.12,0.616756,0.117647,-0.951763,-0.289765,0.950117,-0.083302,0.033133,0.341579,375.00,0.045027,11.1565,0.3083
565,0.000087,0.155017,997.11,975.84,2390.62,0.543028,0.145098,-1.121046,-0.370300,1.248454,0.124066,-0.201313,0.320139,375.00,0.051640,13.4863,0.3089
571,0.000090,0.180938,971.06,964.48,2343.75,0.478689,0.180392,-1.327368,-0.116552,1.311044,0.141652,-0.369776,0.361001,375.00,0.051912,13.6242,0.3279
576,0.000091,0.216068,1035.95,1001.06,2296.88,0.505797,0.180392,-0.769072,-0.016672,0.949799,-0.083121,-0.389115,0.308182,375.00,0.045733,12.4526,0.4128
581,0.000076,0.292635,1015.95,967.15,2296.88,0.574607,0.188235,-1.211075,-0.099675,1.104181,0.012780,-0.077114,0.270904,375.00,0.045147,10.8623,0.3203
587,0.000076,0.200362,1015.98,919.74,2250.00,0.589934,0.211765,-1.547706,-0.194219,0.984543,0.583850,0.073145,0.100388,328.12,0.038633,9.3310,0.2773
592,0.000094,0.149985,1150.60,1020.96,2578.12,0.625647,0.141176,-1.231553,-0.419395,1.013254,0.203125,-0.039792,0.474361,375.00,0.036679,10.7949,0.2606
597,0.000088,0.244057,1101.90,1035.77,2625.00,0.554197,0.164706,-0.936105,-0.328694,1.153137,-0.293402,-0.080441,0.485504,375.00,0.045164,12.6432,0.3026
603,0.000080,0.169486,1036.96,1005.41,2437.50,0.581872,0.164706,-1.072650,-0.196010,1.099199,-0.040954,-0.088776,0.299193,375.00,0.049930,13.1470,0.3231
608,0.000095,0.145627,1074.92,1011.93,2437.50,0.555700,0.133333,-1.092104,-0.325219,1.103324,-0.100821,0.012851,0.401968,375.00,0.050384,14.6260,0.2858
613,0.000089,0.222066,1111.96,1016.17,2531.25,0.646113,0.160784,-1.314054,-0.409247,1.110920,0.034001,0.159811,0.418570,375.00,0.051561,12.5763,0.2403
619,0.000076,0.150015,1124.49,1045.34,2625.00,0.569447,0.200000,-1.587647,-0.294258,1.173553,0.054504,0.061349,0.592499,375.00,0.048265,12.7374,0.2196
624,0.000095,0.128493,1081.99,1014.80,2484.38,0.568837,0.164706,-1.029709,-0.262827,0.982244,0.019193,-0.123334,0.414433,375.00,0.043972,12.4536,0.3118
629,0.000076,0.226306,1045.80,1004.58,2343.75,0.592607,0.266667,-0.569137,-0.293933,0.946595,-0.247281,-0.191516,0.355273,375.00,0.049076,12.5718,0.3744
635,0.000097,0.158734,1014.76,1006.02,2390.62,0.586266,0.172549,-0.680939,-0.421832,0.963005,0.131582,-0.228281,0.236465,375.00,0.044380,11.8436,0.3646
640,0.000083,0.212813,973.89,959.43,2296.88,0.552439,0.223529,-1.247195,-0.184402,1.100572,0.372966,-0.221417,0.179477,328.12,0.043944,11.2147,0.3330
645,0.000091,0.160625,1015.74,973.11,2343.75,0.542002,0.164706,-1.281090,-0.140383,1.156179,0.038273,-0.121643,0.348663,375.00,0.046719,12.9376,0.3049
651,0.000087,0.216690,1024.01,1018.50,2484.38,0.545216,0.141176,-1.072199,0.047024,1.081843,-0.163820,-0.218077,0.325227,328.12,0.041364,11.1836,0.3621
656,0.000081,0.257174,991.99,996.14,2343.75,0.534682,0.188235,-1.370716,0.404540,1.056964,-0.008897,-0.269660,0.187769,328.12,0.046698,11.2436,0.3912
661,0.000100,0.246018,1108.09,1058.91,2765.62,0.572517,0.129412,-1.593579,0.061842,1.155258,0.018528,-0.103272,0.461222,375.00,0.041345,10.6186,0.2799
667,0.000083,0.201786,1026.23,1018.55,2578.12,0.522506,0.180392,-1.105909,-0.130159,1.077666,0.163431,-0.227695,0.222666,375.00,0.046224,11.3200,0.3508
672,0.000088,0.178174,986.22,980.78,2296.88,0.566757,0.196078,-1.163047,-0.083163,1.117260,0.038034,-0.165545,0.256459,375.00,0.046818,11.6464,0.3388
677,0.000089,0.207232,1036.27,1016.43,2437.50,0.583104,0.141176,-1.574973,0.135822,1.065225,0.130949,0.007747,0.235231,328.12,0.046496,10.9337,0.3013
683,0.000087,0.169766,1023.79,1021.35,2484.38,0.546137,0.141176,-0.757535,-0.037892,1.043234,-0.353594,-0.118587,0.224374,375.00,0.044418,11.5375,0.3892
688,0.000086,0.100614,1021.34,1038.96,2578.12,0.528080,0.152941,-0.643821,0.019097,1.077814,-0.470240,-0.315523,0.332675,375.00,0.047841,13.5239,0.4204
693,0.000085,0.132966,1101.68,1056.61,2625.00,0.578807,0.156863,-0.858248,-0.289202,1.143468,-0.409126,-0.073945,0.487052,375.00,0.047836,13.9639,0.3143
699,0.000089,0.113011,1125.21,1069.00,2671.88,0.576159,0.133333,-0.937562,-0.380176,1.147379,-0.224626,-0.134192,0.529178,375.00,0.048365,14.2322,0.2981
704,0.000075,0.211166,1006.97,991.31,2343.75,0.530887,0.180392,-1.243971,0.077089,1.136458,-0.089225,-0.054111,0.173759,375.00,0.045525,12.2107,0.3445
709,0.000061,0.184528,1137.58,1048.63,2625.00,0.571156,0.356863,-1.097343,-0.055499,1.076664,-0.240020,-0.153624,0.469821,375.00,0.041809,11.5426,0.3242
715,0.000100,0.170980,1325.22,1097.92,2812.50,0.687681,0.156863,-1.113453,-0.285826,0.817295,0.055762,-0.210687,0.736910,375.00,0.031450,9.4320,0.2763
720,0.000075,0.320190,1051.92,982.72,2390.62,0.617407,0.211765,-0.885288,-0.161026,0.774930,0.257486,-0.133209,0.147105,375.00,0.038895,9.8950,0.3705
725,0.000094,0.175853,924.19,930.23,2203.12,0.529943,0.141176,-0.702072,0.012254,0.940553,-0.007755,-0.177874,-0.065106,375.00,0.048440,11.6855,0.4444
731,0.000107,0.162317,1118.40,1001.00,2390.62,0.614265,0.113725,-1.083592,-0.203691,0.981618,-0.200061,0.099324,0.406403,375.00,0.048980,12.3547,0.2898
736,0.000086,0.191793,1056.77,994.23,2343.75,0.533314,0.196078,-1.201102,0.057174,1.163041,-0.495398,-0.038457,0.514739,328.12,0.055137,14.1155,0.3079
741,0.000095,0.129943,1042.89,1041.30,2484.38,0.539368,0.180392,-0.927797,0.170094,1.102913,-0.521041,-0.262475,0.438306,328.12,0.055479,14.0654,0.3854
747,0.000085,0.158803,1039.74,1033.89,2531.25,0.536338,0.156863,-0.766564,0.134377,0.960443,-0.350072,-0.290993,0.312810,328.12,0.054388,13.9745,0.4190
752,0.000078,0.228480,1029.94,995.68,2531.25,0.563953,0.180392,-0.847213,-0.081226,0.935507,0.016750,-0.293997,0.270181,375.00,0.043283,10.0780,0.3888
757,0.000083,0.189093,1105.38,960.08,2531.25,0.625802,0.172549,-1.075749,-0.641418,0.876175,0.387839,0.063319,0.389834,375.00,0.045141,11.4535,0.2525
763,0.000094,0.140245,1097.09,993.82,2531.25,0.591822,0.152941,-0.922529,-0.434913,0.976763,0.082337,-0.033095,0.331437,375.00,0.047048,12.2665,0.3041
768,0.000082,0.270117,1088.87,1031.88,2484.38,0.572763,0.180392,-1.024611,-0.083758,0.971664,-0.097318,-0.152452,0.386474,375.00,0.047894,11.5719,0.3382
773,0.000085,0.169959,1059.63,990.75,2437.50,0.600946,0.180392,-0.810434,-0.322721,0.769531,0.235841,-0.076654,0.204436,375.00,0.043975,10.8859,0.3474
779,0.000086,0.164675,1178.90,1069.35,2671.88,0.531553,0.188235,-1.046526,-0.605506,1.086726,-0.055919,0.031002,0.590225,375.00,0.047233,13.4183,0.2429
784,0.000090,0.199425,1273.65,1113.34,2906.25,0.611019,0.149020,-1.080682,-0.475105,1.056459,-0.275822,0.040682,0.734467,375.00,0.049334,12.3779,0.2377
789,0.000086,0.164326,1147.50,1061.68,2671.88,0.584660,0.211765,-1.260499,-0.182713,1.119355,-0.164042,-0.049851,0.537750,375.00,0.048893,12.5298,0.2758
795,0.000082,0.166838,1071.49,1022.94,2578.12,0.588377,0.113725,-1.030616,-0.366194,1.090532,-0.004093,-0.031460,0.341829,375.00,0.050077,13.4770,0.2987
800,0.000083,0.175153,1044.16,975.58,2437.50,0.564050,0.180392,-0.972023,-0.298508,0.971397,0.007558,0.073665,0.217911,375.00,0.045524,12.2798,0.3141
805,0.000075,0.169614,1063.25,999.55,2531.25,0.596196,0.211765,-0.860300,-0.250645,0.989867,-0.091798,-0.065784,0.278660,375.00,0.045528,12.3343,0.3403
811,0.000094,0.197288,1035.24,995.67,2531.25,0.583827,0.117647,-0.701594,-0.086305,0.825659,0.117501,-0.319417,0.164157,375.00,0.042063,11.1464,0.4216
816,0.000082,0.171253,1002.72,967.50,2390.62,0.547178,0.176471,-1.065557,-0.140969,1.118050,-0.066496,-0.108026,0.262999,375.00,0.047643,12.8459,0.3361
821,0.000073,0.163606,1080.51,1015.90,2484.38,0.595773,0.278431,-1.059035,-0.374490,1.140131,-0.211938,0.101858,0.403473,375.00,0.049811,13.5103,0.2750
827,0.000080,0.163619,1118.55,1043.53,2578.12,0.560018,0.203922,-0.864703,-0.300767,0.923192,-0.055866,-0.116369,0.414513,375.00,0.040987,12.0453,0.3248
832,0.000080,0.261118,1166.84,1070.90,2578.12,0.607401,0.239216,-0.886393,-0.111874,0.821417,-0.077783,-0.278868,0.533501,328.12,0.036559,10.6847,0.3483
837,0.000062,0.268111,1199.17,1081.44,2718.75,0.618187,0.286275,-1.100885,0.128767,0.854692,-0.123184,-0.295393,0.536003,328.12,0.042032,10.9112,0.3529
843,0.000084,0.173016,1278.67,1102.76,2859.38,0.670102,0.160784,-1.336381,-0.075248,0.911276,-0.074375,-0.051836,0.626564,375.00,0.029859,8.4766,0.2703
848,0.000102,0.141774,1213.24,1066.31,2765.62,0.626477,0.141176,-1.496087,-0.204959,1.069863,0.048035,-0.024054,0.607201,375.00,0.037217,10.9516,0.2419
853,0.000079,0.344504,926.73,928.39,2250.00,0.502940,0.223529,-1.465740,0.433549,1.171345,-0.088507,-0.172663,0.122016,328.12,0.052731,13.2410,0.3797
859,0.000076,0.143788,1035.38,1000.16,2437.50,0.509444,0.227451,-1.949626,0.355222,1.290960,-0.144845,-0.039454,0.487744,328.12,0.047139,12.5427,0.2648
864,0.000092,0.263728,1206.29,1082.94,2765.62,0.625575,0.105882,-1.113176,-0.416254,1.009679,0.055699,-0.139950,0.604002,375.00,0.044128,12.4446,0.2696
869,0.000078,0.195655,1150.89,1052.07,2625.00,0.600921,0.207843,-1.218607,-0.185087,1.081389,-0.151871,-0.058916,0.533091,375.00,0.044483,11.9593,0.2811
875,0.000085,0.120161,1154.21,1030.12,2578.12,0.616297,0.219608,-1.056025,-0.387583,1.030697,-0.125171,0.055461,0.482621,375.00,0.045163,12.6658,0.2707
880,0.000099,0.125057,1139.36,1054.65,2718.75,0.601311,0.141176,-1.037909,-0.279540,0.982769,-0.057731,-0.059366,0.451777,375.00,0.044145,12.1967,0.2984
885,0.000086,0.232209,1036.63,1023.94,2484.38,0.540968,0.164706,-1.017617,-0.120801,1.077233,-0.027902,-0.225199,0.314284,328.12,0.049301,12.8618,0.3512
891,0.000078,0.260327,955.32,962.23,2343.75,0.521966,0.211765,-0.649058,-0.073064,1.046941,-0.218565,-0.254416,0.148160,375.00,0.053388,12.5002,0.4236
896,0.000092,0.105455,1105.35,1026.85,2531.25,0.597777,0.125490,-0.796392,-0.392942,1.036395,-0.137685,-0.181512,0.472134,375.00,0.050295,13.9300,0.3230
901,0.000092,0.225982,1154.84,1032.05,2625.00,0.624148,0.133333,-1.870466,-0.203251,1.150550,0.145678,0.141645,0.635846,375.00,0.048497,12.6781,0.1938
907,0.000081,0.165243,1039.52,986.42,2390.62,0.568054,0.207843,-1.588064,-0.310809,1.230695,0.175967,0.061425,0.430786,375.00,0.048786,12.4538,0.2323
912,0.000089,0.195668,1090.93,1015.66,2437.50,0.612328,0.133333,-1.343074,-0.205484,1.080451,0.020144,0.042682,0.405278,328.12,0.045889,12.4640,0.2693
917,0.000077,0.145273,1084.75,1029.45,2531.25,0.548386,0.215686,-1.242340,-0.098412,1.045501,-0.086863,-0.014841,0.396955,328.12,0.050613,14.1048,0.2970
923,0.000081,0.119233,1035.34,999.93,2484.38,0.532574,0.152941,-1.165540,-0.066987,1.181033,-0.163347,-0.223728,0.438569,328.12,0.049010,14.7479,0.3266
928,0.000066,0.193149,1178.27,1101.19,2812.50,0.593477,0.290196,-1.023312,-0.078535,1.100761,-0.352955,-0.289065,0.643108,328.12,0.039827,11.8721,0.3256
933,0.000073,0.183303,1357.91,1136.22,2953.12,0.673856,0.211765,-1.828135,-0.166101,1.039606,0.063397,-0.020727,0.911961,375.00,0.037482,10.8987,0.1911
939,0.000085,0.139520,1272.70,1113.84,2812.50,0.612814,0.176471,-1.285852,-0.353416,1.055393,-0.140627,-0.039460,0.763964,375.00,0.036287,11.8200,0.2347
944,0.000081,0.244870,1178.51,1051.93,2671.88,0.626226,0.168627,-0.828091,-0.536602,0.950229,-0.093888,-0.031500,0.539850,375.00,0.041763,11.9237,0.2816
949,0.000090,0.243072,1170.36,1071.49,2765.62,0.632859,0.152941,-1.080227,-0.165717,1.002578,-0.260883,-0.016575,0.520824,375.00,0.046341,12.1018,0.2942
955,0.000089,0.194541,1064.26,1004.91,2531.25,0.601256,0.180392,-1.552219,-0.161964,1.064650,0.242001,0.035469,0.372064,375.00,0.048967,12.4315,0.2571
960,0.000088,0.231539,972.87,982.68,2296.88,0.529804,0.137255,-0.844348,-0.013819,1.011375,0.000614,-0.201439,0.047617,375.00,0.050967,11.8507,0.4129
965,0.000094,0.147435,938.53,963.23,2250.00,0.541748,0.164706,-0.727825,0.206277,0.943878,-0.003052,-0.423228,0.003951,375.00,0.047824,11.9128,0.4872
971,0.000073,0.250081,981.40,932.82,2250.00,0.580548,0.258824,-0.701907,-0.210379,0.877602,0.097676,-0.078004,0.015013,328.12,0.043661,10.8398,0.3954
976,0.000085,0.138896,1008.33,984.07,2437.50,0.525806,0.188235,-1.092048,-0.007465,1.053212,-0.070499,-0.152782,0.269583,328.12,0.040833,11.0197,0.3525
981,0.000091,0.170824,1128.65,1076.30,2671.88,0.582307,0.207843,-0.905438,-0.110257,1.018837,-0.105365,-0.407632,0.509855,375.00,0.044535,12.9179,0.3638
987,0.000092,0.228371,1102.23,1064.77,2671.88,0.552206,0.145098,-0.653317,-0.246811,0.986836,-0.210990,-0.296645,0.420927,375.00,0.046703,12.5974,0.3747
992,0.000092,0.174192,1039.13,992.36,2484.38,0.541145,0.152941,-0.768980,-0.458184,1.047827,0.019860,-0.142270,0.301747,375.00,0.051515,13.6931,0.3333
997,0.000083,0.115384,1026.73,1010.59,2484.38,0.535346,0.192157,-0.842106,-0.374282,1.181944,-0.202908,-0.100829,0.338181,375.00,0.053624,15.7390,0.3259
1003,0.000092,0.169738,1054.62,1046.56,2625.00,0.558103,0.137255,-0.779287,-0.210970,1.129280,-0.356473,-0.101789,0.319238,375.00,0.051717,15.5064,0.3535
1008,0.000094,0.259642,1061.90,988.08,2390.62,0.589190,0.133333,-1.262954,-0.412916,1.119630,0.113759,0.077209,0.365273,375.00,0.047385,12.4210,0.2575
1013,0.000086,0.161264,1112.63,1057.52,2671.88,0.548546,0.196078,-1.315292,-0.346585,1.175872,0.106915,-0.157017,0.536107,328.12,0.050490,13.3948,0.2649
1019,0.000080,0.144888,1160.56,1080.60,2765.62,0.599307,0.207843,-1.340701,-0.350741,1.219094,-0.181248,0.017122,0.636474,375.00,0.047413,13.1276,0.2364
1024,0.000089,0.191238,1209.66,1073.30,2718.75,0.623023,0.176471,-1.402159,-0.218918,1.014738,-0.015016,-0.008467,0.629820,328.12,0.046308,12.6347,0.2458
1029,0.000076,0.244883,1164.42,1060.13,2625.00,0.672637,0.231373,-1.017070,-0.123454,0.763998,0.055212,-0.057399,0.378714,328.12,0.047657,11.1804,0.3250
1035,0.000094,0.117223,1077.85,1047.68,2531.25,0.604531,0.117647,-0.869431,-0.148953,0.929277,-0.073119,-0.056579,0.218803,328.12,0.042988,11.2689,0.3566
1040,0.000082,0.170481,1064.29,1002.12,2390.62,0.554739,0.141176,-1.180276,-0.373758,1.204564,-0.179733,0.137198,0.392004,375.00,0.046398,13.5320,0.2608
1045,0.000086,0.243764,1127.27,1028.43,2531.25,0.605878,0.176471,-1.176054,-0.257471,0.980532,-0.000535,0.038588,0.414939,375.00,0.046358,11.6563,0.2802
1051,0.000086,0.152998,1116.21,1027.91,2531.25,0.601266,0.180392,-1.109603,-0.312838,1.043008,-0.037147,-0.009781,0.426360,375.00,0.047700,12.9357,0.2851
1056,0.000085,0.211982,996.51,985.15,2296.88,0.537649,0.188235,-1.154827,-0.022542,1.164971,-0.107992,-0.144731,0.265121,375.00,0.045359,12.5199,0.3432
1061,0.000080,0.172960,1063.45,984.93,2343.75,0.607949,0.156863,-1.116177,-0.163321,0.960032,0.011870,-0.021570,0.329166,328.12,0.049847,14.3344,0.3114
1067,0.000090,0.179632,1047.05,1015.54,2484.38,0.574040,0.156863,-1.107513,-0.053205,1.031296,0.032590,-0.223499,0.320331,328.12,0.046431,12.5894,0.3478
1072,0.000096,0.150604,1137.05,1034.89,2671.88,0.608282,0.156863,-1.335302,-0.335786,1.027195,0.187592,-0.033224,0.489525,328.12,0.045452,12.7651,0.2566
1077,0.000112,0.211531,999.81,1001.16,2484.38,0.509220,0.101961,-0.938372,0.066398,1.065593,-0.114157,-0.296462,0.216998,328.12,0.054619,14.0791,0.4022
1083,0.000094,0.211044,992.08,994.22,2390.62,0.526953,0.121569,-1.030677,0.275427,1.053964,-0.310173,-0.233956,0.245415,328.12,0.064368,14.7294,0.4053
1088,0.000090,0.146448,985.30,974.92,2296.88,0.537761,0.152941,-1.173080,0.179245,1.066156,-0.229438,-0.034549,0.191667,328.12,0.059836,13.7178,0.3600
1093,0.000086,0.154042,1023.43,972.03,2437.50,0.574427,0.156863,-1.107605,-0.022443,0.989858,-0.114198,0.102647,0.151742,328.12,0.049064,11.9004,0.3335
1099,0.000095,0.221269,1026.73,980.20,2437.50,0.565698,0.180392,-1.282160,0.372128,0.918293,-0.151975,-0.047693,0.191408,328.12,0.047490,11.6726,0.3712
1104,0.000085,0.202505,1043.18,1008.38,2531.25,0.546638,0.164706,-1.226089,0.154418,1.013504,-0.093271,-0.124373,0.275813,328.12,0.053169,13.7440,0.3517
1109,0.000089,0.201455,1041.07,1021.36,2531.25,0.542795,0.133333,-0.970820,-0.120244,1.069817,-0.055198,-0.229196,0.305640,328.12,0.045977,12.2320,0.3581
1115,0.000087,0.161794,1085.96,1001.07,2484.38,0.582877,0.164706,-0.990792,-0.350775,0.977391,-0.027354,-0.010540,0.402071,375.00,0.044604,12.5714,0.2960
1120,0.000071,0.200176,1022.33,956.10,2390.62,0.547562,0.254902,-1.471766,-0.301312,1.259039,0.021075,0.082531,0.410433,375.00,0.051096,13.6890,0.2436
1125,0.000076,0.127857,1140.09,1035.81,2578.12,0.574315,0.188235,-0.978819,-0.654632,1.125496,-0.029350,-0.035182,0.572487,375.00,0.045449,14.4606,0.2525
1131,0.000082,0.191882,1093.82,1031.67,2578.12,0.582905,0.164706,-0.949317,-0.362473,0.984000,0.024082,-0.039540,0.343246,375.00,0.039513,13.4828,0.3084
1136,0.000074,0.224279,1110.47,1069.16,2578.12,0.551840,0.250980,-0.973341,-0.276123,1.134593,-0.240812,-0.155469,0.511153,375.00,0.043615,13.3281,0.3095
1141,0.000079,0.144264,1118.59,1050.86,2531.25,0.580389,0.200000,-0.999427,-0.196615,1.038291,-0.118658,-0.183846,0.460255,375.00,0.045497,13.7123,0.3238
1147,0.000092,0.227132,1193.82,1024.84,2578.12,0.654477,0.156863,-1.758955,-0.635346,1.180404,0.296463,0.195899,0.721534,375.00,0.046691,13.5240,0.1603
1152,0.000083,0.224535,1149.27,1015.52,2531.25,0.570098,0.160784,-2.229200,-0.472725,1.293670,0.513832,0.176045,0.718379,375.00,0.049435,12.5542,0.1421
1157,0.000085,0.180180,1159.91,1077.07,2765.62,0.569901,0.172549,-1.946419,-0.006269,1.256771,0.136583,-0.082434,0.641769,375.00,0.043131,11.2425,0.2217
1163,0.000083,0.241807,1089.57,1052.96,2718.75,0.559988,0.203922,-1.865683,0.240009,1.236584,0.068557,-0.115285,0.435817,328.12,0.044893,12.5215,0.2743
1168,0.000086,0.211348,1058.16,971.95,2343.75,0.558629,0.219608,-1.746336,-0.150867,1.264044,0.035642,0.188042,0.409474,328.12,0.041481,11.8468,0.2232
1173,0.000071,0.210928,1100.39,1018.76,2531.25,0.561112,0.274510,-1.048912,-0.563158,1.196450,-0.140820,0.062195,0.494244,375.00,0.048626,13.7414,0.2527
1179,0.000098,0.208285,1203.17,1101.57,2859.38,0.624508,0.137255,-1.281751,-0.154933,1.059485,0.105677,-0.288588,0.560110,375.00,0.043497,12.1976,0.2986
1184,0.000089,0.263827,1047.19,1047.49,2531.25,0.552616,0.137255,-0.793632,0.071275,0.990337,-0.212730,-0.351098,0.295848,375.00,0.044916,11.6120,0.4174
1189,0.000096,0.216061,1109.51,1081.99,2765.62,0.555575,0.109804,-0.574949,0.077033,0.953864,-0.542147,-0.305727,0.391927,328.12,0.048565,11.5831,0.4275
1195,0.000097,0.191760,1040.52,1047.83,2531.25,0.560130,0.121569,-1.153462,0.381501,1.108549,-0.466069,-0.180737,0.310219,328.12,0.054020,12.8569,0.3892
1200,0.000069,0.198055,1089.71,1040.95,2531.25,0.543203,0.243137,-1.548152,-0.161762,1.332477,-0.264080,0.043304,0.598213,328.12,0.049702,12.9676,0.2358
1205,0.000105,0.168445,1041.15,1028.07,2437.50,0.531134,0.149020,-0.836333,0.059291,1.122500,-0.371918,-0.345580,0.372041,375.00,0.049508,13.6902,0.4009
1211,0.000085,0.199313,999.47,975.63,2296.88,0.564683,0.196078,-0.944061,0.051111,1.013276,-0.205902,-0.026950,0.112525,375.00,0.049489,12.1205,0.3801
1216,0.000094,0.171518,1085.06,1016.57,2625.00,0.597026,0.192157,-1.173411,-0.234897,0.907206,0.227654,0.036714,0.236735,375.00,0.049535,11.5787,0.3013
1221,0.000095,0.195597,1033.73,992.04,2531.25,0.557630,0.137255,-0.941050,-0.231052,0.889367,0.183059,-0.093793,0.193467,328.12,0.043919,10.6967,0.3462
1227,0.000079,0.260605,952.45,964.04,2343.75,0.542587,0.192157,-1.083973,0.194669,0.973026,0.131765,-0.325975,0.110488,328.12,0.054480,12.1963,0.4166
1232,0.000088,0.146803,1045.37,1015.07,2484.38,0.585167,0.180392,-1.255645,-0.052455,1.047049,0.032041,-0.109938,0.338947,328.12,0.045125,11.2537,0.3168
1237,0.000079,0.122175,1102.95,1074.52,2718.75,0.550750,0.219608,-1.238719,0.011439,1.104417,-0.198657,-0.119962,0.441480,328.12,0.046420,13.4930,0.3155
1243,0.000078,0.181901,1094.66,1052.69,2578.12,0.584950,0.203922,-1.263233,0.244802,1.029383,-0.297786,-0.101062,0.387896,328.12,0.047890,13.0310,0.3424
1248,0.000106,0.215216,1084.25,997.78,2484.38,0.615209,0.086275,-1.044358,-0.135019,0.964595,-0.170927,0.048575,0.337134,375.00,0.037639,10.8835,0.3138
1253,0.000091,0.284149,992.79,981.22,2296.88,0.545643,0.125490,-1.392680,0.191257,1.193441,-0.220502,-0.025695,0.254179,328.12,0.045788,10.9011,0.3285
1259,0.000090,0.233094,1002.62,973.21,2296.88,0.523087,0.156863,-1.567954,0.196059,1.068648,0.156705,-0.099607,0.246148,328.12,0.056655,12.7480,0.3188
1264,0.000079,0.173861,1098.99,1047.19,2531.25,0.567737,0.160784,-1.339718,0.104060,1.038419,-0.102227,-0.164233,0.463700,328.12,0.053555,12.7279,0.3170
1269,0.000082,0.145339,1228.54,1098.49,2859.38,0.660510,0.149020,-1.498150,0.056126,1.014246,-0.212527,0.009308,0.630999,328.12,0.046589,11.8353,0.2609
1275,0.000084,0.207562,1197.19,1078.85,2765.62,0.584180,0.156863,-2.098824,-0.408691,1.348385,0.295324,0.120211,0.743597,375.00,0.042191,11.8614,0.1563
1280,0.000079,0.280310,1075.62,960.87,2390.62,0.576748,0.227451,-2.174813,-0.226510,1.245851,0.649443,0.039054,0.466974,375.00,0.039718,10.6205,0.1894
1285,0.000081,0.206084,1135.37,1024.54,2531.25,0.607413,0.156863,-1.083045,-0.602307,1.080854,0.100273,-0.028195,0.532421,375.00,0.043129,12.4980,0.2507
1291,0.000078,0.166666,1136.65,1071.71,2718.75,0.570866,0.164706,-0.945534,-0.348247,1.070750,-0.069378,-0.145506,0.437915,375.00,0.038697,12.0186,0.3115
1296,0.000087,0.201451,1137.73,1024.79,2625.00,0.565815,0.156863,-1.504638,-0.493532,1.172825,0.280681,0.073564,0.471101,421.88,0.041981,12.3489,0.2190
1301,0.000083,0.226229,1153.09,1038.73,2625.00,0.597279,0.168627,-1.533093,-0.593698,1.244327,0.042440,0.254641,0.585385,375.00,0.044963,12.9760,0.1849
1307,0.000080,0.245322,1128.13,1038.49,2671.88,0.576168,0.196078,-1.412097,-0.320707,1.121505,0.076746,0.133806,0.400746,375.00,0.041801,11.2580,0.2435
1312,0.000091,0.224344,1069.28,1015.31,2578.12,0.581802,0.172549,-1.246588,-0.176658,1.097193,0.021017,-0.073131,0.378167,375.00,0.046356,11.7742,0.2965
1317,0.000092,0.166585,1089.63,1091.26,2718.75,0.547701,0.180392,-0.961334,0.091717,1.080355,-0.217629,-0.504866,0.511755,375.00,0.048456,13.0647,0.3922
1323,0.000071,0.132688,1093.48,1066.56,2718.75,0.530758,0.239216,-1.581014,-0.112315,1.243465,0.088231,-0.237037,0.598670,375.00,0.049466,13.9347,0.2636
1328,0.000101,0.164079,1086.84,1045.62,2718.75,0.552905,0.156863,-1.538213,-0.078846,1.223879,-0.078670,0.011854,0.459997,375.00,0.047639,14.3811,0.2603
1333,0.000082,0.167557,1145.86,1041.96,2671.88,0.547918,0.164706,-1.630935,-0.266036,1.245702,-0.065598,0.059355,0.657512,375.00,0.048595,14.1672,0.2130
1339,0.000091,0.263517,1114.66,1012.84,2531.25,0.554828,0.149020,-1.746570,-0.037934,1.151404,0.007322,0.096162,0.529616,328.12,0.046606,11.4427,0.2306
1344,0.000093,0.173295,1123.40,1005.10,2437.50,0.598423,0.129412,-1.515486,-0.326298,1.161783,0.012844,0.150402,0.516755,375.00,0.041715,10.9970,0.2219
1349,0.000085,0.336690,992.27,931.76,2203.12,0.613050,0.172549,-1.371528,0.182815,0.927394,0.165656,-0.029308,0.124971,328.12,0.044745,9.4011,0.3448
1355,0.000086,0.135694,938.82,945.21,2203.12,0.558962,0.149020,-0.865743,0.117277,0.982098,-0.098518,-0.197865,0.062752,328.12,0.040524,9.7894,0.4239
1360,0.000094,0.216283,924.10,983.02,2296.88,0.542105,0.133333,-0.371384,0.237494,0.790991,-0.129293,-0.490475,-0.037333,375.00,0.037135,8.8963,0.5491
1365,0.000083,0.240740,974.15,989.30,2390.62,0.554867,0.188235,-0.503143,-0.052949,0.898404,0.077899,-0.503984,0.083774,375.00,0.044665,10.1668,0.4830
1371,0.000086,0.158518,1023.79,996.36,2437.50,0.555845,0.196078,-0.705118,-0.279196,1.003368,-0.051866,-0.224408,0.257220,375.00,0.051286,12.9648,0.3755
1376,0.000082,0.103955,1078.60,1001.84,2484.38,0.548940,0.196078,-1.090031,-0.551655,1.128494,-0.093373,0.214616,0.391949,375.00,0.052508,15.7472,0.2452
1381,0.000091,0.162073,1079.57,1016.48,2484.38,0.577653,0.164706,-0.985259,-0.424403,1.147103,-0.337899,0.184233,0.416226,375.00,0.050892,15.0415,0.2679
1387,0.000088,0.153957,1046.35,994.03,2437.50,0.558902,0.152941,-1.515139,-0.457639,1.246000,0.264753,0.019396,0.442630,375.00,0.051150,15.0180,0.2284
1392,0.000090,0.174153,1052.08,962.28,2296.88,0.551615,0.125490,-1.706588,-0.732166,1.333692,0.377373,0.188131,0.539558,375.00,0.053158,14.5433,0.1703
1397,0.000090,0.176964,1015.06,968.78,2437.50,0.578697,0.164706,-1.204849,-0.214046,1.089050,0.139455,-0.073463,0.263855,375.00,0.042695,11.7056,0.3090
1403,0.000080,0.293863,1046.01,1047.10,2531.25,0.590679,0.227451,-0.901299,0.302512,0.938342,-0.375336,-0.207230,0.243011,328.12,0.050763,12.4017,0.4213
1408,0.000076,0.167664,1189.75,1114.54,2765.62,0.587415,0.203922,-0.940424,-0.081339,0.965528,-0.212802,-0.260603,0.529643,328.12,0.044194,11.4699,0.3440
1413,0.000095,0.215909,1207.17,1095.83,2812.50,0.635560,0.164706,-1.344595,-0.201104,1.054692,-0.086625,-0.062475,0.640109,375.00,0.043228,12.3226,0.2570
1419,0.000094,0.260330,988.88,997.42,2484.38,0.507419,0.215686,-1.112776,0.193686,1.109962,-0.020524,-0.417805,0.247457,328.12,0.044937,12.0702,0.4075
1424,0.000083,0.210767,1001.89,1011.73,2484.38,0.547184,0.243137,-0.861835,0.324081,1.011461,-0.194907,-0.507754,0.228956,328.12,0.050263,12.4155,0.4677
1429,0.000080,0.278075,1055.40,1016.97,2484.38,0.611726,0.196078,-1.021420,0.054336,0.948850,-0.002240,-0.119393,0.139868,375.00,0.041771,9.7005,0.3790
1435,0.000089,0.123999,1104.96,1031.92,2578.12,0.606641,0.223529,-1.054287,-0.202385,1.021354,-0.069549,-0.062933,0.367798,375.00,0.045238,12.2879,0.3142
1440,0.000086,0.231877,1125.14,1055.24,2671.88,0.619633,0.156863,-0.927061,-0.191661,0.909939,-0.031924,-0.154959,0.395666,375.00,0.040914,10.1554,0.3363
1445,0.000090,0.253898,1168.46,1067.66,2578.12,0.682985,0.172549,-0.842961,-0.016289,0.648428,-0.135969,-0.061840,0.408631,328.12,0.044989,9.9196,0.3537
1451,0.000093,0.119547,1013.62,1007.11,2437.50,0.539487,0.133333,-1.121401,0.133383,1.051803,-0.209399,-0.149897,0.295510,328.12,0.049101,12.3885,0.3620
1456,0.000086,0.155487,948.99,950.08,2250.00,0.516869,0.168627,-1.206085,-0.013737,1.147425,0.083509,-0.131181,0.120069,375.00,0.047052,11.9935,0.3533
1461,0.000077,0.201502,946.68,946.45,2296.88,0.539799,0.211765,-1.094200,-0.114513,1.157722,0.081165,-0.144768,0.114594,375.00,0.051485,13.6607,0.3568
1467,0.000081,0.115721,1059.05,1021.31,2484.38,0.563850,0.180392,-0.928447,-0.170958,1.066809,-0.111917,-0.207750,0.352262,375.00,0.047142,13.7937,0.3493
1472,0.000085,0.176324,1183.96,1083.19,2718.75,0.586399,0.172549,-0.908666,0.004739,0.989989,-0.444771,-0.230627,0.589337,375.00,0.043018,12.5364,0.3472
1477,0.000089,0.242074,1193.09,1054.56,2578.12,0.608407,0.196078,-1.142561,-0.276852,0.970485,-0.194885,0.092725,0.551087,375.00,0.041597,11.8060,0.2628
1483,0.000096,0.235011,1062.28,992.69,2437.50,0.573425,0.117647,-1.459034,-0.009465,1.084026,-0.038560,0.049306,0.373726,375.00,0.047345,11.7212,0.2797
1488,0.000086,0.183730,971.56,970.76,2437.50,0.505008,0.133333,-0.965268,0.269334,1.059097,-0.432841,-0.240468,0.310147,375.00,0.050782,12.7703,0.4055
1493,0.000088,0.104424,983.66,1017.69,2484.38,0.503902,0.180392,-0.616983,0.242705,1.113022,-0.557368,-0.551152,0.369778,375.00,0.051033,13.9963,0.4759
1499,0.000088,0.183613,1049.00,1017.75,2531.25,0.541052,0.203922,-1.413009,-0.120273,1.285123,-0.022918,-0.192410,0.463487,375.00,0.048727,14.1868,0.2886
1504,0.000094,0.229090,1043.55,1002.75,2390.62,0.606398,0.156863,-0.594468,-0.217738,0.880038,-0.195090,-0.125464,0.252722,375.00,0.045516,11.4941,0.3847
1509,0.000105,0.238042,1023.10,967.20,2343.75,0.611537,0.101961,-0.481777,-0.202170,0.653634,0.029765,-0.110493,0.111042,328.12,0.047075,10.6456,0.4153
1515,0.000071,0.157532,894.04,963.52,2250.00,0.488003,0.227451,-0.576244,0.253815,1.017522,-0.273548,-0.453158,0.031613,328.12,0.058213,14.5193,0.5124
1520,0.000095,0.187906,952.42,963.41,2343.75,0.499526,0.172549,-1.272265,0.177660,1.225207,-0.155099,-0.171008,0.195507,375.00,0.047300,12.6128,0.3637
1525,0.000082,0.118942,1038.40,998.84,2484.38,0.570646,0.133333,-1.208423,-0.001707,1.115757,-0.132237,-0.071986,0.298596,375.00,0.048447,13.5114,0.3278
1531,0.000103,0.244745,1068.50,1025.07,2578.12,0.576140,0.168627,-1.275742,-0.034849,1.080999,-0.034685,-0.101297,0.365575,328.12,0.047692,11.7395,0.3127
1536,0.000084,0.264525,1080.48,1001.41,2437.50,0.622619,0.203922,-1.663414,0.215762,1.026270,-0.003602,0.179680,0.245304,328.12,0.050311,11.1680,0.2816
1541,0.000089,0.215876,1088.99,1038.62,2531.25,0.584121,0.227451,-0.953553,0.101350,0.895028,-0.280650,-0.061146,0.298970,328.12,0.049532,11.3134,0.3670
1547,0.000081,0.185495,1121.55,1047.64,2578.12,0.625457,0.172549,-0.896930,-0.080012,0.878621,-0.114830,-0.154235,0.367386,375.00,0.044685,10.9810,0.3555
1552,0.000084,0.144137,1099.94,1059.81,2671.88,0.571576,0.149020,-1.039320,0.041641,1.039206,-0.338130,-0.053455,0.350058,375.00,0.049594,12.7015,0.3436
1557,0.000074,0.197538,1169.27,1033.50,2578.12,0.612231,0.196078,-1.052308,-0.492237,1.061502,-0.273568,0.230822,0.525789,375.00,0.047670,13.3685,0.2404
1563,0.000082,0.131158,1273.29,1072.48,2812.50,0.652525,0.168627,-1.036693,-0.917253,1.041917,-0.144908,0.317880,0.739057,375.00,0.043730,12.4422,0.1816
1568,0.000090,0.221293,1213.61,1044.25,2625.00,0.607769,0.141176,-1.493209,-0.225983,1.074276,-0.122468,0.093632,0.673751,375.00,0.039763,10.4132,0.2239
1573,0.000101,0.305803,1100.91,1033.51,2578.12,0.606009,0.117647,-1.473644,0.250390,1.016148,-0.052582,-0.143519,0.403207,328.12,0.041911,9.5044,0.3227
1579,0.000086,0.183545,1082.72,1024.96,2578.12,0.552182,0.188235,-1.747837,-0.013954,1.291945,-0.090773,-0.022905,0.583525,375.00,0.045853,11.4298,0.2384
1584,0.000081,0.196199,1100.47,1003.32,2484.38,0.579735,0.164706,-1.710950,-0.156781,1.157026,0.069991,0.115819,0.524895,375.00,0.045909,10.4113,0.2220
1589,0.000089,0.279178,1022.94,951.17,2390.62,0.591781,0.172549,-1.315998,0.140769,0.791025,0.322515,-0.029912,0.091603,328.12,0.037583,8.0207,0.3501
1595,0.000099,0.195540,970.38,955.55,2296.88,0.549223,0.113725,-0.943690,-0.244524,1.039610,0.139731,-0.112210,0.121082,375.00,0.040921,10.9386,0.3547
1600,0.000087,0.214837,1030.82,1014.02,2343.75,0.557005,0.188235,-0.820186,-0.136274,1.063348,-0.161317,-0.244597,0.299026,328.12,0.049832,13.7242,0.3763
1605,0.000068,0.284315,1055.09,1005.08,2484.38,0.576273,0.282353,-1.192662,0.060669,0.982342,0.073442,-0.204411,0.280617,328.12,0.045744,10.1216,0.3534
1611,0.000089,0.218709,1132.11,1030.36,2671.88,0.624183,0.121569,-1.240198,-0.179801,0.906954,0.376804,-0.233495,0.369735,375.00,0.031837,7.3625,0.3147
1616,0.000092,0.186358,1080.35,1012.35,2437.50,0.611557,0.156863,-1.084326,0.124563,0.859967,0.063046,-0.205688,0.242439,328.12,0.032677,9.0084,0.3780
1621,0.000085,0.257867,972.41,946.75,2156.25,0.561559,0.164706,-1.079198,0.283520,0.939317,-0.089203,-0.095127,0.040689,328.12,0.046009,10.9906,0.4084
1627,0.000082,0.218098,1006.07,925.06,2109.38,0.593887,0.188235,-0.996253,-0.065301,0.778502,0.246533,0.010410,0.026110,328.12,0.044872,9.6765,0.3661
1632,0.000090,0.191388,1066.81,1036.65,2531.25,0.573800,0.164706,-0.938254,-0.399891,1.025020,0.116120,-0.120631,0.317636,375.00,0.040343,10.3575,0.3170
1637,0.000086,0.157420,1099.99,1059.79,2671.88,0.544632,0.258824,-1.159927,-0.182172,1.153043,-0.072370,-0.204237,0.465665,375.00,0.047160,13.1562,0.3096
1643,0.000087,0.234496,1000.24,993.74,2484.38,0.552509,0.109804,-1.017447,0.184109,1.046281,-0.180870,-0.207572,0.175499,375.00,0.046023,10.9947,0.4012
1648,0.000082,0.148749,1030.04,1011.58,2484.38,0.579534,0.188235,-0.888345,0.208981,0.965186,-0.359384,-0.146747,0.220308,375.00,0.046922,12.3711,0.4070
1653,0.000082,0.174310,1167.02,1065.78,2671.88,0.585230,0.211765,-1.163886,-0.343416,1.180778,-0.189476,-0.110431,0.626431,375.00,0.045337,13.0425,0.2667
1659,0.000090,0.148507,1211.89,1082.64,2765.62,0.572349,0.188235,-1.075749,-0.787562,1.143929,0.203399,-0.208443,0.724426,375.00,0.044428,13.7312,0.2333
1664,0.000080,0.318389,1048.42,984.12,2296.88,0.558241,0.180392,-1.368546,-0.219452,1.080057,0.266887,0.004978,0.236076,375.00,0.041411,10.2930,0.2861
1669,0.000088,0.305728,978.41,885.96,1875.00,0.577951,0.203922,-1.334483,0.058239,0.822674,0.473027,0.149347,-0.168802,328.12,0.037416,7.8846,0.3479
1675,0.000089,0.194754,1011.39,944.21,2203.12,0.594548,0.133333,-1.288697,-0.185221,1.017282,0.184701,0.159663,0.112272,375.00,0.040151,9.7591,0.2946
1680,0.000090,0.173937,1132.27,1048.55,2578.12,0.583076,0.156863,-1.032518,-0.183047,0.926953,-0.117148,-0.005587,0.411345,375.00,0.050168,12.1997,0.3077
1685,0.000090,0.129842,1201.98,1060.29,2625.00,0.584043,0.200000,-1.551154,-0.605108,1.209594,0.202062,-0.005954,0.750558,375.00,0.052487,13.6468,0.1899
1691,0.000092,0.153550,1130.98,1005.93,2578.12,0.552148,0.168627,-2.293279,-0.461236,1.417418,0.338171,0.179133,0.819792,375.00,0.054638,14.6164,0.1328
1696,0.000089,0.105666,1127.22,1031.97,2625.00,0.536982,0.121569,-1.612663,-0.263153,1.294770,-0.138639,0.047287,0.672399,375.00,0.055211,15.8863,0.2145
1701,0.000086,0.166168,1124.58,1037.88,2578.12,0.567020,0.211765,-1.130965,-0.649841,1.315416,-0.231050,0.064913,0.631528,375.00,0.053467,15.2102,0.2247
1707,0.000094,0.264991,1123.15,1036.64,2531.25,0.590190,0.117647,-1.813035,-0.091231,1.224303,0.066051,-0.022765,0.636676,328.12,0.046824,12.4929,0.2211
1712,0.000069,0.192350,1158.32,1036.42,2625.00,0.621761,0.270588,-2.105732,-0.356779,1.257154,0.314330,0.187737,0.703292,328.12,0.046084,11.7881,0.1575
1717,0.000097,0.220067,1110.05,993.71,2484.38,0.646417,0.180392,-1.488202,-0.258936,0.997522,0.287868,0.108321,0.353427,375.00,0.047284,11.1812,0.2489
1723,0.000067,0.096390,1092.33,996.92,2437.50,0.595720,0.298039,-1.505992,-0.061470,1.129936,-0.023386,0.066044,0.394868,375.00,0.046360,12.0364,0.2662
1728,0.000083,0.173746,1065.45,991.67,2390.62,0.593574,0.196078,-1.505137,0.103916,1.106362,-0.118134,0.052382,0.360613,375.00,0.039643,10.5815,0.2876
1733,0.000098,0.213573,1133.32,975.20,2390.62,0.641120,0.149020,-1.306025,-0.395053,0.975464,0.207939,0.083568,0.434105,421.88,0.040064,11.1695,0.2480
1739,0.000090,0.296227,1052.74,984.32,2390.62,0.570733,0.172549,-0.962604,-0.123234,0.952588,0.016035,-0.155239,0.272454,375.00,0.040886,9.7798,0.3540
1744,0.000072,0.324988,1027.11,1012.31,2437.50,0.610088,0.192157,-0.777378,0.138155,0.751266,0.042234,-0.303687,0.149410,328.12,0.045226,8.8911,0.4397
1749,0.000084,0.161976,1111.28,1050.30,2625.00,0.608364,0.172549,-0.847702,-0.141561,0.955763,-0.196950,-0.088758,0.319208,375.00,0.040306,9.9201,0.3521
1755,0.000083,0.094906,1082.66,1028.90,2578.12,0.568506,0.168627,-1.176000,-0.131632,1.156279,-0.244687,-0.071972,0.468012,375.00,0.045431,14.2623,0.2990
1760,0.000081,0.273543,986.36,974.55,2343.75,0.562946,0.164706,-0.775461,0.010736,0.941422,-0.142720,-0.264231,0.230255,375.00,0.044068,11.7419,0.4097
1765,0.000078,0.162266,1170.35,1076.05,2812.50,0.593369,0.227451,-0.931117,-0.657113,1.060505,-0.011604,-0.066162,0.605490,375.00,0.045640,12.8644,0.2566
1771,0.000095,0.122726,1182.09,1069.61,2765.62,0.620346,0.141176,-1.229215,-0.539139,1.051364,0.064759,0.074756,0.577477,375.00,0.045176,13.3853,0.2296
1776,0.000090,0.246087,1161.30,1067.37,2718.75,0.597868,0.188235,-1.370312,-0.159487,1.177737,-0.262417,0.027102,0.587375,375.00,0.043970,11.5260,0.2550
1781,0.000072,0.233322,1071.08,1019.35,2484.38,0.566270,0.207843,-1.445216,0.126066,1.077101,0.032825,-0.123237,0.332462,328.12,0.049328,11.8278,0.3177
1787,0.000080,0.202425,1093.41,1007.60,2578.12,0.601768,0.203922,-1.663175,-0.132842,1.081202,0.337356,-0.002028,0.379487,375.00,0.039260,10.0343,0.2522
1792,0.000089,0.148605,1202.53,1087.09,2765.62,0.581495,0.149020,-1.412860,-0.162402,1.143367,-0.206784,0.014183,0.624497,375.00,0.040573,12.1626,0.2484
1797,0.000099,0.165544,1134.70,1040.02,2578.12,0.569840,0.113725,-1.236040,-0.314455,1.228953,-0.461843,0.202879,0.580503,328.12,0.045306,13.9906,0.2374
1803,0.000093,0.203566,1044.03,990.18,2390.62,0.519007,0.152941,-1.316374,-0.260867,1.352074,-0.345902,0.089932,0.481137,375.00,0.051591,14.5713,0.2546
1808,0.000068,0.233957,1077.89,1033.32,2578.12,0.546223,0.368627,-1.169410,-0.019372,1.170584,-0.278022,-0.232718,0.528939,328.12,0.055098,14.4818,0.3225
1813,0.000072,0.172372,1163.80,1099.99,2718.75,0.586986,0.203922,-1.300065,0.249305,1.062115,-0.424428,-0.151612,0.564686,328.12,0.042045,11.5002,0.3248
1819,0.000103,0.163849,1319.66,1129.06,2906.25,0.677342,0.121569,-1.228650,0.090365,0.824265,-0.441550,0.091889,0.663681,375.00,0.033559,10.3298,0.2795
1824,0.000087,0.320771,1028.91,1002.13,2484.38,0.564358,0.160784,-1.562948,0.250027,1.117840,-0.038281,0.013204,0.220159,328.12,0.046848,11.8920,0.3158
1829,0.000086,0.156967,1009.90,1001.50,2437.50,0.571093,0.109804,-1.131201,0.013847,1.069555,-0.057982,-0.043878,0.149658,328.12,0.046797,11.3470,0.3517
1835,0.000087,0.136853,1120.30,1019.84,2531.25,0.605147,0.172549,-1.248288,-0.305071,1.135797,-0.269992,0.209318,0.478236,375.00,0.051762,14.9119,0.2459
1840,0.000073,0.144707,1120.76,1019.42,2531.25,0.590035,0.168627,-1.189418,-0.683717,1.198205,-0.083424,0.169578,0.588779,375.00,0.051726,15.0798,0.2115
1845,0.000087,0.143467,1124.86,988.61,2437.50,0.624780,0.164706,-1.299959,-0.503765,1.125243,-0.050439,0.263428,0.465494,375.00,0.047522,13.7864,0.2199
1851,0.000057,0.146977,1172.63,1042.88,2625.00,0.619747,0.309804,-1.367328,-0.334651,1.129446,-0.046652,0.051939,0.567246,375.00,0.043977,13.4326,0.2386
1856,0.000088,0.222141,1148.76,1073.14,2671.88,0.589676,0.121569,-0.803401,-0.028869,0.920885,-0.245982,-0.310263,0.467630,375.00,0.037769,10.5143,0.3788
1861,0.000089,0.154955,1110.53,1033.75,2625.00,0.578332,0.117647,-1.294019,-0.001599,1.032595,-0.095154,-0.027452,0.385629,375.00,0.037719,11.3977,0.3043
1867,0.000089,0.252709,1136.71,1048.45,2625.00,0.575187,0.188235,-1.948162,-0.190022,1.245260,0.107169,0.230635,0.555120,328.12,0.049034,13.3455,0.1882
1872,0.000092,0.142763,1087.23,1000.14,2437.50,0.576852,0.149020,-1.323689,-0.302622,1.123535,0.000112,0.022332,0.480329,328.12,0.049996,13.8005,0.2565
1877,0.000092,0.227995,1049.88,988.85,2437.50,0.607972,0.164706,-0.782760,-0.183166,0.812639,0.161544,-0.258986,0.250729,328.12,0.050456,12.6788,0.3825
1883,0.000086,0.175066,1008.20,999.44,2484.38,0.561338,0.180392,-0.623512,0.049103,0.893997,-0.131640,-0.457932,0.269984,328.12,0.053442,12.6540,0.4518
1888,0.000092,0.155457,1036.43,1011.39,2578.12,0.529362,0.192157,-1.203041,-0.084492,1.157677,-0.021087,-0.267301,0.418244,375.00,0.045994,11.7940,0.3276
1893,0.000076,0.254851,1101.94,1027.67,2718.75,0.568141,0.156863,-1.872174,0.084544,1.184492,0.274164,-0.131265,0.460240,375.00,0.044143,10.6695,0.2576
1899,0.000090,0.172102,1063.17,985.71,2484.38,0.583123,0.180392,-1.615803,-0.119077,1.141896,0.172800,0.071769,0.348415,375.00,0.045697,11.9927,0.2540
1904,0.000087,0.158426,981.04,965.06,2296.88,0.544660,0.227451,-0.963537,0.016279,1.084099,-0.243515,-0.060510,0.167181,375.00,0.047420,12.7945,0.3712
1909,0.000098,0.144395,991.70,961.34,2296.88,0.524094,0.149020,-1.123208,-0.249868,1.121211,0.084648,-0.061505,0.228721,375.00,0.049325,13.0373,0.3164
1915,0.000091,0.258394,1015.37,969.44,2296.88,0.575565,0.235294,-1.561590,0.045607,1.080428,0.093558,0.088072,0.253924,328.12,0.054506,12.9716,0.2831
1920,0.000071,0.163811,958.69,952.45,2250.00,0.561585,0.235294,-0.884867,0.148274,0.862597,-0.010246,-0.076017,-0.039741,328.12,0.049675,11.8361,0.4230
1925,0.000088,0.207565,1017.55,983.30,2484.38,0.597434,0.235294,-1.054356,0.073678,0.880523,0.143548,-0.083035,0.039641,375.00,0.033758,8.6813,0.3849
1931,0.000086,0.174590,1080.02,1016.68,2531.25,0.596492,0.149020,-1.250839,-0.313224,1.073472,0.105353,0.081771,0.303467,375.00,0.037668,10.5162,0.2740
1936,0.000090,0.229706,1116.01,1043.00,2625.00,0.626084,0.164706,-1.415354,-0.148887,1.093266,-0.022788,0.054011,0.439755,328.12,0.044874,11.3953,0.2633
1941,0.000088,0.178423,1207.88,1074.48,2718.75,0.619320,0.164706,-1.538597,-0.452706,1.245835,-0.115934,0.078650,0.782754,375.00,0.051905,13.6500,0.1937
1947,0.000098,0.122057,1105.88,1033.04,2531.25,0.570893,0.129412,-1.137729,-0.531864,1.224950,-0.034444,-0.084216,0.563303,375.00,0.054224,14.9401,0.2546
1952,0.000086,0.196968,1056.05,1002.54,2484.38,0.540616,0.200000,-2.037956,-0.020380,1.391136,-0.081300,0.169070,0.579431,375.00,0.048675,13.2857,0.1973
1957,0.000100,0.142645,1123.57,1043.11,2625.00,0.556509,0.156863,-1.940270,-0.184824,1.257698,0.052863,0.255058,0.559475,328.12,0.051405,14.7480,0.1870
1963,0.000081,0.166595,1069.69,1038.41,2531.25,0.535275,0.149020,-1.336537,0.078438,1.193172,-0.430122,0.065806,0.429242,328.12,0.054055,14.7826,0.2939
1968,0.000092,0.174670,1130.75,1044.79,2671.88,0.556921,0.113725,-1.437765,0.031536,1.166514,-0.455170,0.124803,0.570082,328.12,0.045817,11.9832,0.2591
1973,0.000071,0.145994,1230.14,1087.37,2812.50,0.561720,0.239216,-1.089983,-0.256955,1.140902,-0.556042,0.001855,0.760223,375.00,0.047218,13.0579,0.2584
1979,0.000078,0.232726,1057.38,1016.20,2437.50,0.588492,0.133333,-0.881473,-0.069207,0.954309,-0.090460,-0.163872,0.250703,375.00,0.042595,10.9915,0.3731
1984,0.000087,0.213905,1174.61,1002.62,2437.50,0.621961,0.180392,-1.450435,-0.442792,0.862894,0.473391,0.130585,0.426355,375.00,0.038018,9.6373,0.2270
1989,0.000072,0.163958,1106.03,1019.73,2484.38,0.551990,0.223529,-1.556787,-0.334269,1.194688,0.120332,0.082644,0.493392,375.00,0.043940,12.5002,0.2256
1995,0.000087,0.197981,1195.88,1075.47,2718.75,0.638156,0.149020,-1.672694,-0.008363,1.110831,-0.168683,0.126848,0.612060,375.00,0.044566,11.8270,0.2297
2000,0.000076,0.155651,1151.70,1053.77,2625.00,0.577490,0.192157,-0.881446,-0.086323,0.864941,-0.226695,-0.076247,0.405770,375.00,0.040867,10.8563,0.3433
2005,0.000102,0.280751,1053.28,1005.16,2531.25,0.629035,0.113725,-0.917120,-0.018261,0.775612,0.143325,-0.134750,0.151196,328.12,0.040584,9.3652,0.3832
2011,0.000088,0.162846,1019.97,1024.87,2531.25,0.575714,0.160784,-0.577548,0.031232,0.847739,-0.216902,-0.243509,0.158986,328.12,0.044879,10.6975,0.4425
2016,0.000085,0.143263,991.93,1040.06,2625.00,0.514722,0.145098,-0.377939,0.008376,0.990903,-0.453299,-0.356351,0.188308,375.00,0.050907,13.3115,0.4748
2021,0.000090,0.090221,957.85,996.68,2296.88,0.516817,0.180392,-0.939390,-0.058055,1.182758,-0.229323,-0.162434,0.206445,375.00,0.050320,15.2664,0.3727
2027,0.000096,0.223234,1009.55,975.43,2390.62,0.527928,0.105882,-1.661450,-0.063901,1.321446,-0.038086,0.025463,0.416529,328.12,0.050975,14.4773,0.2528
2032,0.000086,0.238911,1099.32,984.60,2390.62,0.575561,0.113725,-1.798959,-0.007556,1.151759,-0.032093,0.251037,0.435811,328.12,0.056611,14.1981,0.2233
2037,0.000098,0.178464,1019.38,945.15,2296.88,0.543734,0.149020,-1.389480,-0.176084,1.196587,0.079297,-0.098522,0.388202,328.12,0.044513,11.8087,0.2834
2043,0.000083,0.163002,941.78,925.52,2156.25,0.483341,0.188235,-1.598459,-0.200387,1.369693,0.210254,-0.056876,0.275776,375.00,0.053404,14.7460,0.2672
2048,0.000084,0.079016,974.96,979.12,2390.62,0.473761,0.188235,-1.812433,-0.092256,1.442410,0.075244,-0.030300,0.417335,375.00,0.052073,15.8367,0.2412
2053,0.000085,0.212376,1155.29,1100.68,2812.50,0.562260,0.152941,-1.335245,-0.234841,1.257852,-0.108501,-0.228091,0.648828,375.00,0.048277,13.7210,0.2698
2059,0.000089,0.285338,1065.45,1036.87,2484.38,0.560358,0.168627,-1.105290,0.111489,1.044967,0.013629,-0.431235,0.366440,375.00,0.040159,10.3782,0.3859
2064,0.000079,0.215068,1041.79,971.89,2390.62,0.550620,0.160784,-1.255541,-0.181829,1.095597,0.085615,-0.123427,0.379586,375.00,0.046815,12.0086,0.3001
2069,0.000085,0.118087,1126.71,1018.37,2578.12,0.593158,0.172549,-1.600083,-0.181875,1.205540,-0.005648,0.012817,0.569251,375.00,0.048596,13.5233,0.2347
2075,0.000089,0.167689,1070.20,1008.25,2578.12,0.547759,0.164706,-1.379751,-0.217758,1.175536,-0.064130,0.075608,0.410495,375.00,0.045400,13.7913,0.2608
2080,0.000086,0.239797,1012.91,971.42,2390.62,0.568512,0.196078,-0.947731,-0.199610,1.026293,0.038445,-0.132723,0.215327,328.12,0.047135,12.3811,0.3509
2085,0.000094,0.194268,1015.22,942.16,2343.75,0.591998,0.133333,-1.110159,-0.108478,0.913074,0.201410,-0.034040,0.138193,328.12,0.045677,11.2644,0.3404
2091,0.000085,0.227606,1055.76,937.98,2343.75,0.556875,0.211765,-1.230059,-0.530528,1.016801,0.423804,-0.031445,0.351427,375.00,0.043469,10.4850,0.2611
2096,0.000084,0.192935,1036.59,952.73,2343.75,0.573170,0.184314,-1.320609,-0.076131,1.014792,0.112047,-0.046629,0.316529,328.12,0.050228,13.1727,0.3029
2101,0.000088,0.167873,1096.17,985.30,2296.88,0.590784,0.152941,-1.373192,0.022495,0.979890,-0.108657,0.090612,0.388853,328.12,0.048956,12.9779,0.2860
2107,0.000094,0.191964,1099.20,977.89,2296.88,0.603208,0.149020,-1.572880,-0.310642,1.142318,0.056060,0.220632,0.464510,375.00,0.042830,11.6377,0.2168
2112,0.000099,0.191121,1083.17,997.27,2390.62,0.578612,0.101961,-1.598623,-0.212235,1.144895,0.162486,0.008961,0.494517,375.00,0.049038,12.4191,0.2392
2117,0.000092,0.224354,1048.45,1041.42,2531.25,0.528511,0.156863,-1.368525,0.237401,1.131907,-0.156294,-0.255865,0.411376,328.12,0.056712,13.3731,0.3445
2123,0.000096,0.218112,1010.60,1006.71,2437.50,0.533701,0.152941,-1.475084,0.432347,1.081103,-0.055453,-0.200121,0.217209,328.12,0.054287,12.3955,0.3705
2128,0.000094,0.202259,1046.08,1035.84,2531.25,0.533596,0.117647,-0.711372,0.015825,0.975865,-0.292058,-0.265916,0.277656,328.12,0.051792,12.9836,0.4125
2133,0.000098,0.161993,969.84,1008.55,2531.25,0.504650,0.113725,-0.538435,0.126468,1.033239,-0.444108,-0.407723,0.230560,328.12,0.049035,12.9011,0.4707
2139,0.000087,0.265676,951.02,983.72,2390.62,0.509428,0.172549,-1.168669,0.513349,1.181088,-0.589122,-0.093848,0.157202,328.12,0.058036,14.3353,0.4111
2144,0.000088,0.156448,1060.97,1028.41,2437.50,0.565262,0.211765,-1.092469,0.055504,1.079603,-0.350483,-0.006164,0.314011,328.12,0.054733,13.9603,0.3380
2149,0.000086,0.187665,1047.90,1025.86,2484.38,0.576409,0.200000,-0.486260,-0.193057,0.792839,-0.138895,-0.185166,0.210537,328.12,0.048769,12.6674,0.4128
2155,0.000085,0.186763,1166.33,1078.22,2625.00,0.631739,0.137255,-0.446750,-0.192831,0.692953,-0.337086,-0.130023,0.413736,328.12,0.047454,11.4316,0.3866
2160,0.000095,0.214343,1134.40,1032.94,2578.12,0.614669,0.149020,-0.961301,-0.327189,0.914250,-0.003487,-0.090720,0.468448,375.00,0.046051,11.4374,0.3030
2165,0.000092,0.237585,955.52,956.84,2203.12,0.542383,0.149020,-0.914722,0.131621,1.005758,-0.011280,-0.379730,0.168353,375.00,0.046801,10.8195,0.4290
2171,0.000096,0.150850,1043.76,1012.37,2390.62,0.572812,0.117647,-0.892723,-0.063584,0.998330,-0.156843,-0.212845,0.327664,375.00,0.049098,11.4718,0.3692
2176,0.000077,0.171427,1023.49,1002.09,2343.75,0.558456,0.160784,-0.927284,-0.130366,1.056871,-0.161342,-0.112323,0.274443,375.00,0.049665,12.0356,0.3521
2181,0.000078,0.148603,1087.50,1024.70,2531.25,0.598288,0.164706,-0.716807,-0.458273,0.979046,-0.119781,-0.090594,0.406410,375.00,0.051423,13.6780,0.3218
2187,0.000080,0.114322,1129.18,1038.83,2625.00,0.588574,0.129412,-1.093038,-0.485703,1.177502,-0.165095,0.037174,0.529160,375.00,0.047513,14.2276,0.2549
2192,0.000087,0.139949,1132.24,981.58,2484.38,0.570845,0.133333,-1.996717,-0.674768,1.335682,0.324501,0.292632,0.718670,375.00,0.047284,14.9466,0.1369
2197,0.000085,0.255116,1052.77,984.08,2390.62,0.562918,0.203922,-1.258661,-0.564675,1.191036,0.183474,0.028213,0.420614,375.00,0.047988,13.1640,0.2430
2203,0.000096,0.268563,1195.53,1021.20,2625.00,0.650925,0.141176,-1.307001,-0.692649,0.904945,0.490739,0.027532,0.576433,328.12,0.042099,10.2426,0.2139
2208,0.000084,0.173323,1065.78,1006.39,2437.50,0.537194,0.180392,-1.131354,-0.340557,1.157347,-0.075146,-0.100418,0.490128,375.00,0.048257,13.0121,0.2828
2213,0.000101,0.150330,1062.83,1022.14,2484.38,0.533792,0.113725,-1.097526,-0.177726,1.206353,-0.452801,0.036234,0.485464,375.00,0.052269,14.4899,0.2894
2219,0.000091,0.141180,1088.62,1052.41,2531.25,0.542056,0.121569,-1.220169,-0.108719,1.182727,-0.144310,-0.196864,0.487335,375.00,0.049719,13.6052,0.3080
2224,0.000100,0.189525,1045.50,1052.75,2578.12,0.491979,0.125490,-0.916284,-0.350044,1.318027,-0.238564,-0.337898,0.524762,375.00,0.053389,14.8639,0.3259
2229,0.000087,0.281112,919.19,991.71,2296.88,0.501295,0.172549,-0.652915,0.250008,1.062737,-0.092176,-0.727438,0.159784,328.12,0.054055,12.6353,0.5206
2235,0.000095,0.137292,1018.23,1001.87,2390.62,0.583020,0.172549,-0.922106,-0.001245,1.029124,-0.075305,-0.323948,0.293481,328.12,0.047476,11.5943,0.3902
2240,0.000101,0.182177,1040.56,958.83,2343.75,0.548757,0.164706,-1.490225,-0.147316,1.134070,0.087982,0.013890,0.401599,375.00,0.050115,11.7000,0.2638
2245,0.000092,0.188395,1111.71,1021.93,2437.50,0.633519,0.164706,-1.062599,-0.092999,0.832624,0.003059,-0.029155,0.349069,328.12,0.051391,11.9155,0.3235
2251,0.000086,0.172837,1076.32,1034.98,2484.38,0.598770,0.149020,-0.740892,-0.156482,0.928622,-0.235232,-0.119595,0.323579,328.12,0.052479,12.2179,0.3657
2256,0.000091,0.215165,1032.40,1000.52,2343.75,0.603698,0.156863,-0.809815,0.062751,0.848842,-0.194268,-0.076229,0.168719,328.12,0.053337,12.3204,0.3966
2261,0.000100,0.133955,987.66,967.30,2343.75,0.557417,0.129412,-1.358912,0.159389,1.053428,0.085317,-0.085370,0.146147,328.12,0.051567,12.9505,0.3475
2267,0.000085,0.221199,1033.53,1021.88,2578.12,0.530974,0.164706,-1.331299,-0.009610,1.309159,-0.369567,-0.080141,0.481459,375.00,0.049212,12.7469,0.2950
2272,0.000083,0.140539,1109.07,1038.52,2625.00,0.548468,0.196078,-1.225118,-0.299611,1.249413,-0.326288,-0.029761,0.631363,375.00,0.054603,15.2213,0.2567
2277,0.000098,0.141606,1097.22,996.74,2390.62,0.553320,0.141176,-0.931895,-0.349143,1.025297,-0.243871,0.045603,0.454009,375.00,0.050390,14.6700,0.2910
2283,0.000076,0.209986,1022.99,986.52,2343.75,0.548528,0.172549,-0.960048,-0.030882,1.051574,-0.247743,-0.146494,0.333594,375.00,0.049958,13.1363,0.3569
2288,0.000088,0.181424,1057.97,995.67,2390.62,0.578921,0.164706,-1.019891,-0.086518,1.033355,-0.297211,0.042763,0.327502,328.12,0.045586,11.9120,0.3234
2293,0.000096,0.155170,1047.35,1004.01,2437.50,0.555217,0.172549,-1.029063,-0.299759,1.104640,-0.096575,-0.069747,0.390506,375.00,0.046602,13.2364,0.3047
2299,0.000086,0.212358,1033.25,1011.43,2484.38,0.527505,0.141176,-0.603272,-0.140329,1.003434,-0.392432,-0.224434,0.357033,375.00,0.053469,14.0759,0.3922
2304,0.000092,0.168618,1052.24,979.39,2343.75,0.565139,0.141176,-0.943641,-0.394104,1.042802,-0.038515,-0.057635,0.391093,375.00,0.049063,12.8984,0.3025
2309,0.000082,0.150816,948.54,893.74,2156.25,0.528083,0.180392,-1.263238,-0.235692,1.063460,0.220487,0.081501,0.133481,328.12,0.045684,12.7108,0.2980
2315,0.000087,0.216161,935.87,921.35,2156.25,0.531137,0.149020,-0.827133,-0.022436,1.076421,-0.426594,0.124994,0.074748,375.00,0.049966,14.1699,0.3718
2320,0.000084,0.203272,965.32,973.94,2250.00,0.523596,0.156863,-1.376068,0.216061,1.275881,-0.391701,0.050807,0.225019,328.12,0.046371,13.4366,0.3279
2325,0.000098,0.183065,1131.84,1044.34,2578.12,0.594397,0.164706,-1.722944,-0.061837,1.181536,-0.084711,0.238229,0.449728,328.12,0.050715,14.4695,0.2251
2331,0.000074,0.178821,1027.81,1007.96,2390.62,0.535684,0.180392,-0.920147,-0.070136,1.069248,-0.228417,-0.101179,0.250630,328.12,0.049947,13.4529,0.3613
2336,0.000076,0.176369,960.87,977.81,2296.88,0.553798,0.262745,-0.685704,0.101208,0.973025,-0.337365,-0.127120,0.075956,328.12,0.045026,11.8022,0.4337
2341,0.000071,0.105035,1024.74,1013.56,2437.50,0.578905,0.207843,-0.814508,0.044390,0.957016,-0.247461,-0.123369,0.183931,375.00,0.037473,10.9579,0.3976
2347,0.000070,0.229224,1095.29,1012.31,2484.38,0.593446,0.258824,-0.931502,-0.214331,0.929358,0.139858,-0.247654,0.324271,375.00,0.034238,10.9991,0.3518
2352,0.000073,0.208898,1276.35,1045.87,2578.12,0.607688,0.219608,-1.234871,-0.707976,1.066786,0.075365,0.008867,0.791829,375.00,0.034146,10.5626,0.2023
2357,0.000064,0.226566,1224.50,1039.41,2625.00,0.649391,0.266667,-1.280523,-0.221537,0.914223,0.006373,-0.067279,0.648745,375.00,0.035222,10.5864,0.2608
2363,0.000088,0.260536,1152.87,1031.19,2578.12,0.654415,0.141176,-1.353538,-0.051800,0.857220,0.144420,-0.011148,0.414847,375.00,0.031287,8.8444,0.2881
2368,0.000087,0.169936,1154.10,1040.76,2578.12,0.616976,0.156863,-1.362455,-0.145199,1.044262,-0.068203,0.039760,0.491836,375.00,0.035864,10.4978,0.2651
2373,0.000087,0.255064,1082.67,1011.22,2437.50,0.595879,0.172549,-1.045927,-0.092981,0.999181,-0.095290,-0.112871,0.347887,328.12,0.046794,12.1243,0.3347
2379,0.000074,0.227005,1045.41,1019.59,2437.50,0.569208,0.203922,-1.206383,-0.038220,1.120579,0.004503,-0.217080,0.336600,375.00,0.046900,11.9949,0.3358
2384,0.000093,0.225102,1047.33,968.14,2343.75,0.606240,0.125490,-1.290103,-0.070962,0.978395,0.038535,0.119977,0.224158,375.00,0.037786,9.1852,0.2989
2389,0.000084,0.240673,1086.46,1005.38,2531.25,0.654582,0.145098,-1.581254,0.136470,0.891509,0.280574,0.007690,0.265011,328.12,0.044034,9.5512,0.2976
2395,0.000088,0.176756,1076.66,1041.36,2625.00,0.564192,0.125490,-1.574060,0.013784,1.211465,0.121341,-0.254151,0.481619,375.00,0.043737,11.4709,0.2903
2400,0.000098,0.163601,1152.79,1078.51,2765.62,0.577211,0.141176,-1.536266,-0.289627,1.232135,-0.097573,0.104970,0.586362,375.00,0.048735,13.7577,0.2212
2405,0.000091,0.204505,1077.78,1013.47,2531.25,0.563975,0.156863,-1.412942,-0.388152,1.164865,0.204125,0.001006,0.431099,328.12,0.048906,12.6982,0.2466
2411,0.000089,0.182557,1035.62,988.54,2437.50,0.529134,0.164706,-1.457495,-0.334598,1.339513,0.049284,-0.142002,0.545299,375.00,0.056806,14.5863,0.2502
2416,0.000069,0.187040,1063.15,1009.16,2437.50,0.565473,0.270588,-1.120212,-0.222225,1.143150,-0.085222,-0.137578,0.422086,375.00,0.052344,13.9420,0.3072
2421,0.000076,0.160440,1096.43,1032.26,2484.38,0.622690,0.188235,-0.791806,0.023709,0.874287,-0.202796,-0.256584,0.353189,375.00,0.038887,11.1615,0.3936
2427,0.000081,0.180060,1107.34,1023.33,2625.00,0.565544,0.188235,-0.600176,-0.258338,0.867702,-0.113080,-0.302086,0.405979,375.00,0.036785,11.2702,0.3820
2432,0.000090,0.330695,1079.18,1046.16,2531.25,0.628371,0.129412,-0.579940,-0.000177,0.722831,-0.034260,-0.368397,0.259942,375.00,0.038595,9.3005,0.4413
2437,0.000082,0.148077,1129.94,1063.52,2578.12,0.614703,0.207843,-0.995457,-0.155395,0.973675,-0.011452,-0.234985,0.423613,375.00,0.042496,10.7388,0.3386
2443,0.000086,0.140003,1058.27,1023.27,2531.25,0.524683,0.105882,-1.623161,0.105053,1.193551,-0.004043,-0.099021,0.427621,328.12,0.043049,12.4120,0.2843
2448,0.000084,0.187483,1058.69,1012.62,2484.38,0.520244,0.180392,-0.977573,-0.329293,1.267781,-0.399928,-0.116354,0.555366,375.00,0.048789,15.6853,0.2946
2453,0.000093,0.168732,1105.65,1038.76,2625.00,0.552173,0.141176,-1.254355,-0.297745,1.299947,-0.351723,0.023561,0.580316,375.00,0.048586,14.2650,0.2539
2459,0.000079,0.249848,1106.41,1019.46,2578.12,0.575700,0.215686,-1.250692,-0.226799,1.077976,-0.064788,-0.032061,0.496363,328.12,0.045335,12.4583,0.2747
2464,0.000086,0.215931,1047.84,988.77,2437.50,0.576188,0.172549,-1.012777,-0.125472,1.015311,0.022262,-0.278160,0.378838,375.00,0.048371,11.9641,0.3499
2469,0.000082,0.133644,1096.05,1004.62,2437.50,0.603214,0.164706,-1.158321,-0.455384,1.164993,-0.006236,-0.007974,0.462922,375.00,0.050315,14.5136,0.2622
2475,0.000081,0.138445,1046.54,967.72,2296.88,0.562090,0.188235,-1.083199,-0.606300,1.179392,0.016489,0.127338,0.366280,375.00,0.049560,15.4718,0.2513
2480,0.000089,0.186844,1029.86,958.49,2296.88,0.566059,0.121569,-1.226513,-0.272505,1.111585,-0.063595,0.129757,0.321271,375.00,0.047886,13.9713,0.2739
2485,0.000076,0.219389,1051.00,955.20,2250.00,0.610208,0.184314,-1.307050,-0.160553,1.055555,-0.036949,0.128154,0.320845,375.00,0.047142,11.9364,0.2772
2491,0.000094,0.153392,1085.21,1013.49,2531.25,0.574750,0.164706,-1.003477,-0.379909,1.055197,0.005148,-0.050333,0.373376,375.00,0.039348,10.2844,0.2988
2496,0.000088,0.294414,924.82,948.46,2203.12,0.540532,0.129412,-0.697069,0.267728,0.809596,-0.022973,-0.199373,-0.157909,328.12,0.041506,9.1971,0.4910
2501,0.000067,0.189808,986.46,976.92,2343.75,0.559296,0.250980,-0.665511,0.058832,0.915996,-0.191666,-0.237224,0.119574,375.00,0.043382,10.5572,0.4392
2507,0.000086,0.143709,1244.68,1115.75,2765.62,0.605704,0.164706,-0.864599,-0.451480,0.978512,-0.122093,-0.211638,0.671297,375.00,0.037375,11.3093,0.2915
2512,0.000077,0.193389,1200.97,1038.59,2671.88,0.594609,0.235294,-1.626721,-0.363499,1.147872,0.067582,0.143251,0.631515,421.88,0.036948,11.1395,0.2006
2517,0.000094,0.302417,1131.97,1021.05,2578.12,0.606416,0.109804,-1.434908,-0.352665,1.145793,0.070375,0.026377,0.545027,375.00,0.043669,11.6983,0.2351
2523,0.000070,0.236406,1148.87,1107.35,2812.50,0.580337,0.254902,-1.171249,0.136090,0.990860,-0.102030,-0.375818,0.522148,328.12,0.045151,11.3869,0.3565
2528,0.000088,0.164029,1071.16,1054.56,2671.88,0.531462,0.180392,-1.326853,0.126335,1.201838,-0.045858,-0.432355,0.476892,375.00,0.044789,12.3373,0.3492
2533,0.000079,0.164245,1062.45,1007.50,2484.38,0.560460,0.188235,-0.908938,-0.127688,1.065654,-0.192621,-0.199044,0.362638,375.00,0.046744,13.4074,0.3543
2539,0.000081,0.185996,1111.87,998.64,2437.50,0.554471,0.156863,-0.970245,-0.567712,1.026237,0.017527,0.080131,0.414061,375.00,0.045017,12.9023,0.2658
2544,0.000103,0.139975,1179.19,1030.61,2531.25,0.609591,0.152941,-1.280601,-0.766954,1.118800,0.164223,0.182539,0.581993,375.00,0.045628,12.7686,0.1969
2549,0.000078,0.322924,1071.91,1033.63,2484.38,0.564272,0.219608,-1.407137,0.173370,1.098977,-0.112973,-0.130643,0.378405,328.12,0.049257,11.8534,0.3228
2555,0.000098,0.157753,966.03,978.02,2203.12,0.555533,0.125490,-0.927443,0.117085,0.988354,-0.109933,-0.130711,0.062650,328.12,0.046939,11.3930,0.4083
2560,0.000086,0.156252,1031.75,1004.97,2343.75,0.572388,0.133333,-0.850901,-0.282829,0.989851,0.035753,-0.147325,0.255449,375.00,0.046828,12.2454,0.3496
2565,0.000095,0.154688,983.63,1008.73,2390.62,0.559628,0.141176,-0.750928,-0.097139,1.088189,-0.167766,-0.301368,0.229012,375.00,0.048268,12.5402,0.4042
2571,0.000089,0.167218,983.93,971.80,2296.88,0.518074,0.168627,-1.066988,-0.149891,1.129277,0.033043,-0.127744,0.182304,328.12,0.050387,13.1732,0.3462
2576,0.000085,0.148374,1034.97,988.25,2484.38,0.554984,0.164706,-0.965820,-0.453595,1.048599,0.251640,-0.132711,0.251887,375.00,0.046157,11.9461,0.3166
2581,0.000079,0.199179,999.89,978.60,2390.62,0.567719,0.211765,-0.927752,-0.252938,1.070475,0.070826,-0.153649,0.193040,375.00,0.048581,13.0862,0.3521
2587,0.000090,0.166286,1082.92,1026.92,2578.12,0.594773,0.129412,-1.314857,-0.161487,1.141603,-0.015261,-0.014795,0.364795,375.00,0.046239,12.3651,0.2864
2592,0.000088,0.262549,1204.34,1074.27,2859.38,0.603111,0.117647,-1.237872,-0.169018,0.934694,0.192816,-0.199947,0.479327,375.00,0.041992,10.5871,0.3009
2597,0.000082,0.254138,1141.39,1062.10,2671.88,0.626724,0.156863,-1.282346,-0.076925,1.025703,0.099695,-0.217878,0.451752,375.00,0.045649,10.3788,0.3108
2603,0.000087,0.126622,1103.96,1058.05,2625.00,0.568190,0.156863,-1.132419,-0.199482,1.082591,-0.010747,-0.173731,0.433789,375.00,0.047839,12.6134,0.3109
2608,0.000096,0.160679,1180.30,1063.88,2671.88,0.623618,0.141176,-1.094798,-0.193324,1.023628,-0.340839,0.016165,0.589169,375.00,0.048622,12.7337,0.2795
2613,0.000083,0.164491,1154.55,1058.49,2671.88,0.569534,0.184314,-1.748568,-0.183542,1.259753,-0.095560,0.057005,0.710913,328.12,0.049697,13.2286,0.2059
2619,0.000072,0.199741,1054.33,994.73,2296.88,0.565215,0.294118,-1.115915,-0.117977,1.019844,-0.031758,-0.051513,0.297318,328.12,0.048483,12.6578,0.3230
2624,0.000095,0.202374,1108.50,1028.16,2531.25,0.623821,0.113725,-1.010484,0.062643,0.882092,-0.079413,-0.191980,0.337142,375.00,0.037446,10.2613,0.3667
2629,0.000076,0.224407,983.66,954.86,2250.00,0.596722,0.243137,-1.020836,0.062766,1.015679,-0.080014,-0.134103,0.156509,375.00,0.043380,10.6899,0.3798
2635,0.000064,0.134192,1059.48,1019.81,2531.25,0.567331,0.298039,-0.833222,-0.160416,0.964327,-0.186899,-0.033522,0.249733,375.00,0.044533,11.6043,0.3532
2640,0.000082,0.105754,1196.92,1086.68,2765.62,0.642808,0.156863,-0.654635,-0.148749,0.638979,-0.288165,0.027076,0.425493,375.00,0.033649,10.9949,0.3480
2645,0.000099,0.238440,1120.70,1026.11,2484.38,0.613939,0.129412,-1.144089,-0.213402,1.022459,-0.195928,0.077614,0.453346,328.12,0.035563,10.9791,0.2800
2651,0.000083,0.263593,993.63,990.17,2250.00,0.530013,0.180392,-1.127159,0.154553,1.119932,-0.122839,-0.204442,0.179955,328.12,0.047206,12.1506,0.3837
2656,0.000094,0.276023,887.62,939.53,2203.12,0.481828,0.133333,-0.642508,0.429027,0.852462,-0.053063,-0.496835,-0.089081,328.12,0.041813,9.9418,0.5464
2661,0.000082,0.271292,1066.51,1035.45,2437.50,0.564670,0.184314,-0.795586,-0.054629,1.031101,-0.274561,-0.323181,0.416856,375.00,0.043089,10.2369,0.3842
2667,0.000072,0.138431,1104.66,1046.21,2671.88,0.573856,0.290196,-0.788484,-0.296306,1.057050,-0.341112,-0.040412,0.409263,375.00,0.051281,13.8127,0.3259
2672,0.000069,0.150824,1274.47,1127.88,2859.38,0.600638,0.270588,-0.794441,-0.253278,0.964956,-0.599919,-0.007565,0.690248,375.00,0.038586,11.5813,0.2963
2677,0.000085,0.229967,1368.30,1107.36,2906.25,0.708499,0.176471,-1.307964,-0.385457,0.777999,-0.025403,0.222140,0.718685,328.12,0.029286,8.6794,0.2113
2683,0.000095,0.284138,1090.79,1038.90,2578.12,0.597291,0.094118,-1.062393,0.047226,0.818541,0.098443,-0.196207,0.294390,328.12,0.039231,10.3408,0.3643
2688,0.000085,0.264097,1061.73,1010.87,2484.38,0.543326,0.133333,-0.895678,-0.212249,0.945962,-0.007568,-0.158183,0.327716,375.00,0.045672,11.6034,0.3455
2693,0.000086,0.143528,1063.39,1009.96,2531.25,0.569629,0.188235,-0.834392,-0.581617,1.091357,0.004320,-0.036373,0.356705,375.00,0.053271,14.0937,0.2956
2699,0.000089,0.154898,998.81,950.41,2390.62,0.558632,0.160784,-1.073614,-0.278254,1.075605,0.008854,0.059648,0.207762,328.12,0.043499,12.5098,0.3080
2704,0.000090,0.290943,1066.41,1000.45,2484.38,0.600790,0.145098,-1.405692,-0.038271,0.975393,0.184099,0.005084,0.279388,328.12,0.046613,11.8771,0.2965
2709,0.000092,0.212413,1011.03,986.17,2343.75,0.603909,0.113725,-1.113183,0.228432,0.884886,0.017386,-0.109597,0.092076,328.12,0.045598,10.6925,0.3933
2715,0.000081,0.186857,977.20,1004.03,2484.38,0.527201,0.172549,-0.781532,0.068424,1.093428,-0.371518,-0.163845,0.155044,328.12,0.051018,13.1639,0.4129
2720,0.000087,0.149449,986.90,959.49,2296.88,0.524208,0.125490,-0.804359,-0.260272,1.108775,-0.232033,0.026254,0.161635,375.00,0.048440,14.1686,0.3484
2725,0.000092,0.210035,1152.95,1007.64,2578.12,0.618890,0.164706,-1.590698,-0.541302,1.221384,-0.017614,0.354811,0.573419,375.00,0.051852,14.3449,0.1780
2731,0.000077,0.189056,1143.06,1039.38,2625.00,0.559725,0.184314,-1.938073,-0.325176,1.393209,-0.172084,0.366328,0.675795,375.00,0.051252,14.0498,0.1607
2736,0.000084,0.142187,1195.64,1043.68,2671.88,0.594646,0.164706,-1.884271,-0.708966,1.323993,0.182068,0.305467,0.781710,375.00,0.048394,13.7563,0.1370
2741,0.000089,0.195635,1172.49,1019.02,2671.88,0.587250,0.152941,-1.665032,-0.631050,1.244458,0.044102,0.378806,0.628716,375.00,0.048865,14.5981,0.1609
2747,0.000089,0.224301,1134.60,1015.34,2578.12,0.614627,0.133333,-1.218345,-0.452947,1.117314,-0.070196,0.115418,0.508759,375.00,0.049261,12.8660,0.2409
2752,0.000088,0.211599,1094.04,1043.47,2671.88,0.553266,0.180392,-0.785510,-0.250339,0.887954,0.054510,-0.246192,0.339577,375.00,0.046339,12.0037,0.3625
2757,0.000085,0.231908,993.63,947.41,2250.00,0.541828,0.196078,-0.763735,-0.390416,0.923059,0.303915,-0.183606,0.110782,375.00,0.049955,11.9027,0.3680
2763,0.000094,0.162565,1099.82,1012.37,2437.50,0.578531,0.125490,-1.381426,-0.375718,1.098876,0.204948,0.001311,0.452008,375.00,0.045905,12.5638,0.2488
2768,0.000091,0.166196,1141.86,1053.28,2718.75,0.573554,0.156863,-1.501644,-0.513176,1.305113,-0.045104,0.072155,0.682655,375.00,0.051649,14.3491,0.2002
2773,0.000087,0.186914,1203.05,1105.77,2859.38,0.585042,0.219608,-1.296864,-0.507136,1.234504,-0.159344,0.028410,0.700426,375.00,0.053872,13.9350,0.2199
2779,0.000093,0.233983,1187.82,1076.76,2812.50,0.627293,0.160784,-1.481306,-0.148220,1.022736,-0.037066,0.126969,0.516889,328.12,0.050895,12.7335,0.2429
2784,0.000089,0.157483,1048.96,1008.60,2484.38,0.530489,0.149020,-1.687819,0.177240,1.229451,-0.237279,0.049996,0.468410,328.12,0.048848,12.8244,0.2661
2789,0.000087,0.188044,1022.61,1008.58,2437.50,0.499147,0.180392,-1.828012,0.264340,1.443846,-0.424250,0.001082,0.542994,375.00,0.051342,14.8889,0.2585
2795,0.000079,0.196230,1004.04,1008.68,2343.75,0.483585,0.156863,-1.093852,0.054639,1.299986,-0.485763,-0.230688,0.455677,375.00,0.047445,14.0989,0.3470
2800,0.000087,0.150465,986.93,1007.54,2390.62,0.483867,0.196078,-1.095272,0.092037,1.215955,-0.368074,-0.186895,0.342248,375.00,0.043545,13.4004,0.3591
2805,0.000088,0.240800,1051.26,998.00,2437.50,0.575612,0.149020,-0.800256,-0.228701,1.068271,-0.242060,-0.166157,0.368903,375.00,0.048370,14.2928,0.3507
2811,0.000083,0.224044,1093.92,1034.82,2578.12,0.616406,0.164706,-0.911453,-0.221004,0.999738,-0.082904,-0.173372,0.388996,375.00,0.051239,12.6255,0.3376
2816,0.000086,0.109076,1128.14,1063.21,2671.88,0.591877,0.172549,-0.935341,-0.344620,1.093211,-0.412850,0.116139,0.483462,375.00,0.050756,14.0281,0.2809
2821,0.000079,0.075359,1046.06,1025.34,2531.25,0.529525,0.207843,-0.790850,-0.666188,1.213421,-0.192485,0.036716,0.399386,375.00,0.048405,15.7653,0.2796
2827,0.000072,0.189323,1111.40,1050.53,2671.88,0.586658,0.223529,-1.212388,-0.411680,1.154224,0.027888,0.019937,0.422018,375.00,0.045262,13.7750,0.2625
2832,0.000085,0.250521,1157.09,1081.85,2859.38,0.515363,0.219608,-1.163501,-0.415211,1.115829,0.197402,-0.246260,0.511741,375.00,0.033936,10.1444,0.2845
2837,0.000082,0.277094,1176.47,1042.17,2625.00,0.613157,0.203922,-1.503887,-0.390139,0.980684,0.561536,-0.083076,0.434881,421.88,0.039122,10.5570,0.2455
2843,0.000074,0.231238,1173.36,1014.33,2531.25,0.611997,0.207843,-1.972175,-0.240554,1.142058,0.381021,0.108050,0.581599,421.88,0.041387,11.2150,0.1898
2848,0.000090,0.235328,1175.39,1050.02,2625.00,0.611801,0.196078,-1.912528,-0.344538,1.248860,0.250785,0.110612,0.646810,375.00,0.040674,11.0817,0.1813
2853,0.000080,0.188815,1126.31,994.93,2531.25,0.605293,0.211765,-1.249866,-0.453452,0.979121,0.136023,0.186287,0.401888,375.00,0.041532,11.2401,0.2413
2859,0.000077,0.159660,1104.71,992.65,2437.50,0.589210,0.184314,-1.032585,-0.351871,1.010800,-0.205451,0.130326,0.448782,375.00,0.043586,11.9987,0.2725
2864,0.000083,0.232329,1078.79,980.32,2343.75,0.573760,0.156863,-1.394996,-0.022300,0.989163,0.051617,-0.004041,0.380558,375.00,0.038059,9.9400,0.2897
2869,0.000089,0.214374,1147.35,1033.62,2531.25,0.586648,0.141176,-1.799027,-0.143151,1.229823,0.145969,-0.056343,0.622730,375.00,0.044919,11.7562,0.2220
2875,0.000084,0.241244,1167.38,1051.89,2671.88,0.573961,0.231373,-1.239154,-0.446782,1.118509,0.070896,-0.175038,0.671569,375.00,0.049913,12.8997,0.2514
2880,0.000075,0.115748,1097.92,1026.64,2578.12,0.552137,0.231373,-1.564649,-0.234108,1.277251,0.082164,-0.183343,0.622686,375.00,0.048833,13.0845,0.2462
2885,0.000085,0.179713,1116.89,1038.22,2578.12,0.598068,0.156863,-1.150970,-0.351946,0.977162,0.170302,-0.115213,0.470665,375.00,0.042303,12.9077,0.2831
2891,0.000086,0.238010,1114.82,963.50,2390.62,0.610151,0.180392,-1.616359,-0.597882,1.136606,0.266872,0.297168,0.513596,375.00,0.042148,12.2527,0.1806
2896,0.000080,0.216442,1162.00,988.69,2437.50,0.569526,0.196078,-1.025824,-1.092464,1.188042,0.068189,0.155079,0.706978,375.00,0.046918,13.3387,0.1839
2901,0.000092,0.244870,1155.40,1028.76,2531.25,0.598080,0.156863,-0.885676,-0.500205,1.003961,-0.148703,0.071479,0.459144,375.00,0.045160,11.4689,0.2772
2907,0.000096,0.300693,1040.95,964.08,2343.75,0.610189,0.141176,-1.123919,-0.100206,0.899959,0.087921,0.128707,0.107538,328.12,0.046086,10.6265,0.3252
2912,0.000103,0.139671,1026.09,954.18,2343.75,0.586479,0.113725,-1.207662,-0.277978,1.031077,0.091679,0.100343,0.262540,328.12,0.053008,12.9966,0.2841
2917,0.000075,0.172132,1096.07,1034.24,2625.00,0.580538,0.294118,-1.297398,-0.134990,1.175592,-0.260234,0.016057,0.500974,328.12,0.057327,14.3928,0.2739
2923,0.000079,0.177896,1130.79,1067.39,2765.62,0.583347,0.200000,-1.445351,0.159810,1.129789,-0.156065,-0.253932,0.565750,328.12,0.045393,11.0224,0.3103
2928,0.000084,0.120581,1148.29,1027.08,2625.00,0.656377,0.219608,-1.489636,-0.023416,0.978269,0.026032,-0.006042,0.514791,375.00,0.039455,11.4045,0.2668
2933,0.000088,0.171292,1140.06,1001.25,2531.25,0.606674,0.117647,-1.749118,-0.530318,1.222058,0.061081,0.393760,0.602537,375.00,0.042958,13.1914,0.1628
2939,0.000086,0.221328,1070.26,1023.14,2578.12,0.530291,0.121569,-1.134770,-0.301210,1.127264,-0.154154,0.081694,0.381175,328.12,0.044169,12.0257,0.2790
2944,0.000102,0.243908,1049.62,980.19,2390.62,0.607984,0.129412,-1.701996,0.005398,1.085601,0.108069,0.248129,0.254798,328.12,0.051311,12.2791,0.2498
2949,0.000083,0.189186,1024.85,983.60,2343.75,0.557074,0.231373,-1.315851,-0.105119,1.144799,-0.074840,0.033598,0.317413,328.12,0.052959,13.2609,0.2919
2955,0.000090,0.190189,980.59,958.45,2250.00,0.538193,0.188235,-1.303602,0.204507,1.097586,-0.061440,-0.120976,0.183925,328.12,0.048194,12.0085,0.3587
2960,0.000084,0.269745,1171.14,1036.87,2531.25,0.679500,0.211765,-1.195940,0.105264,0.808026,-0.065819,-0.035579,0.384046,281.25,0.034288,8.4059,0.3275
2965,0.000074,0.226103,1046.26,1002.05,2343.75,0.559174,0.196078,-1.347640,0.297597,1.038099,-0.185209,-0.138268,0.335422,328.12,0.038965,8.7915,0.3490
2971,0.000079,0.174046,1183.85,1043.37,2718.75,0.635384,0.203922,-1.780549,0.043594,0.902536,0.337211,-0.036304,0.533514,328.12,0.039428,9.9528,0.2466
2976,0.000091,0.201179,1184.32,1030.21,2625.00,0.646295,0.164706,-1.199439,-0.572281,1.014422,0.090240,0.048771,0.618287,375.00,0.038271,10.7866,0.2280
2981,0.000080,0.162496,1161.57,1071.15,2671.88,0.619556,0.196078,-0.999460,-0.288085,1.015460,-0.157566,-0.086510,0.516162,375.00,0.043364,11.9491,0.2976
2987,0.000076,0.233841,1059.50,1050.04,2625.00,0.590553,0.227451,-0.738790,-0.027034,0.879702,0.026163,-0.368693,0.228652,328.12,0.046540,11.7812,0.4224
2992,0.000087,0.123798,1117.27,1024.28,2484.38,0.616263,0.164706,-1.121488,-0.243803,1.055166,-0.202075,0.038526,0.473671,328.12,0.043896,13.0665,0.2812
2997,0.000083,0.158083,1107.60,1011.47,2484.38,0.600689,0.168627,-1.036128,-0.217499,1.004327,-0.116827,-0.143003,0.509130,328.12,0.041078,12.3679,0.3079

----- END /raw_silence_3s_49982.csv -----
> 
> help
Commands:
  help
  fsinfo
  list
  clear              (deletes ALL .csv files)
  flush              (formats SPIFFS - ERASERS EVERYTHING)
  dump <path>        (e.g. /raw_noise_3s_123.csv)
  pre <ms>           (default 60; stored pre is pre+lead)
  post <ms>          (default 400)
  lead <ms>          (default 150)
  end <key>          (default A7)
  start <key> <reps> (runs until end key or stop)
  stop
  silence [secs]     (default 3 recommended with small SPIFFS)
  noise [secs]       (default 3 recommended with small SPIFFS)

Collecting: press key + hit Enter (empty line) to capture.
After each key completes, the keyÔÇÖs files are dumped over serial.
> 
> start A0 2
START: from A0 -> end reps/key=2 pre=60 lead=150 post=400 (stored_pre=210)
PRESS A0  rep 1/2  then hit Enter
> 
> REC OK: /raw_A0_r01_308620.csv
PRESS A0  rep 2/2  then hit Enter

> 
> REC OK: /raw_A0_r02_315079.csv
=== KEY_DUMP_BEGIN key=A0 files=2 ===
----- BEGIN /raw_A0_r01_308620.csv (17550 bytes) -----
ms_from_event,rms,flux,centroid_hz,spread_hz,rolloff85_hz,flatness,zcr,band0,band1,band2,band3,band4,band5,peak_hz,peak_mag,peak_ratio,low_dom
-208,0.000110,0.244182,1020.54,975.73,2390.62,0.591476,0.152941,-0.509616,-0.129040,0.786427,-0.102997,-0.194243,0.149467,375.00,0.042650,9.7800,0.4263
-203,0.000110,0.244182,1020.54,975.73,2390.62,0.591476,0.152941,-0.509616,-0.129040,0.786427,-0.102997,-0.194243,0.149467,375.00,0.042650,9.7800,0.4263
-197,0.000110,0.244182,1020.54,975.73,2390.62,0.591476,0.152941,-0.509616,-0.129040,0.786427,-0.102997,-0.194243,0.149467,375.00,0.042650,9.7800,0.4263
-192,0.000110,0.244182,1020.54,975.73,2390.62,0.591476,0.152941,-0.509616,-0.129040,0.786427,-0.102997,-0.194243,0.149467,375.00,0.042650,9.7800,0.4263
-187,0.000110,0.244182,1020.54,975.73,2390.62,0.591476,0.152941,-0.509616,-0.129040,0.786427,-0.102997,-0.194243,0.149467,375.00,0.042650,9.7800,0.4263
-181,0.000110,0.244182,1020.54,975.73,2390.62,0.591476,0.152941,-0.509616,-0.129040,0.786427,-0.102997,-0.194243,0.149467,375.00,0.042650,9.7800,0.4263
-176,0.000110,0.244182,1020.54,975.73,2390.62,0.591476,0.152941,-0.509616,-0.129040,0.786427,-0.102997,-0.194243,0.149467,375.00,0.042650,9.7800,0.4263
-171,0.000110,0.244182,1020.54,975.73,2390.62,0.591476,0.152941,-0.509616,-0.129040,0.786427,-0.102997,-0.194243,0.149467,375.00,0.042650,9.7800,0.4263
-165,0.000110,0.244182,1020.54,975.73,2390.62,0.591476,0.152941,-0.509616,-0.129040,0.786427,-0.102997,-0.194243,0.149467,375.00,0.042650,9.7800,0.4263
-160,0.000110,0.244182,1020.54,975.73,2390.62,0.591476,0.152941,-0.509616,-0.129040,0.786427,-0.102997,-0.194243,0.149467,375.00,0.042650,9.7800,0.4263
-155,0.000110,0.244182,1020.54,975.73,2390.62,0.591476,0.152941,-0.509616,-0.129040,0.786427,-0.102997,-0.194243,0.149467,375.00,0.042650,9.7800,0.4263
-149,0.000110,0.244182,1020.54,975.73,2390.62,0.591476,0.152941,-0.509616,-0.129040,0.786427,-0.102997,-0.194243,0.149467,375.00,0.042650,9.7800,0.4263
-144,0.000110,0.244182,1020.54,975.73,2390.62,0.591476,0.152941,-0.509616,-0.129040,0.786427,-0.102997,-0.194243,0.149467,375.00,0.042650,9.7800,0.4263
-139,0.000110,0.244182,1020.54,975.73,2390.62,0.591476,0.152941,-0.509616,-0.129040,0.786427,-0.102997,-0.194243,0.149467,375.00,0.042650,9.7800,0.4263
-133,0.000110,0.244182,1020.54,975.73,2390.62,0.591476,0.152941,-0.509616,-0.129040,0.786427,-0.102997,-0.194243,0.149467,375.00,0.042650,9.7800,0.4263
-128,0.000110,0.244182,1020.54,975.73,2390.62,0.591476,0.152941,-0.509616,-0.129040,0.786427,-0.102997,-0.194243,0.149467,375.00,0.042650,9.7800,0.4263
-123,0.000110,0.244182,1020.54,975.73,2390.62,0.591476,0.152941,-0.509616,-0.129040,0.786427,-0.102997,-0.194243,0.149467,375.00,0.042650,9.7800,0.4263
-117,0.000110,0.244182,1020.54,975.73,2390.62,0.591476,0.152941,-0.509616,-0.129040,0.786427,-0.102997,-0.194243,0.149467,375.00,0.042650,9.7800,0.4263
-112,0.000110,0.244182,1020.54,975.73,2390.62,0.591476,0.152941,-0.509616,-0.129040,0.786427,-0.102997,-0.194243,0.149467,375.00,0.042650,9.7800,0.4263
-107,0.000110,0.244182,1020.54,975.73,2390.62,0.591476,0.152941,-0.509616,-0.129040,0.786427,-0.102997,-0.194243,0.149467,375.00,0.042650,9.7800,0.4263
-101,0.000110,0.244182,1020.54,975.73,2390.62,0.591476,0.152941,-0.509616,-0.129040,0.786427,-0.102997,-0.194243,0.149467,375.00,0.042650,9.7800,0.4263
-96,0.000110,0.244182,1020.54,975.73,2390.62,0.591476,0.152941,-0.509616,-0.129040,0.786427,-0.102997,-0.194243,0.149467,375.00,0.042650,9.7800,0.4263
-91,0.000110,0.244182,1020.54,975.73,2390.62,0.591476,0.152941,-0.509616,-0.129040,0.786427,-0.102997,-0.194243,0.149467,375.00,0.042650,9.7800,0.4263
-85,0.000110,0.244182,1020.54,975.73,2390.62,0.591476,0.152941,-0.509616,-0.129040,0.786427,-0.102997,-0.194243,0.149467,375.00,0.042650,9.7800,0.4263
-80,0.000110,0.244182,1020.54,975.73,2390.62,0.591476,0.152941,-0.509616,-0.129040,0.786427,-0.102997,-0.194243,0.149467,375.00,0.042650,9.7800,0.4263
-75,0.000110,0.244182,1020.54,975.73,2390.62,0.591476,0.152941,-0.509616,-0.129040,0.786427,-0.102997,-0.194243,0.149467,375.00,0.042650,9.7800,0.4263
-69,0.000110,0.244182,1020.54,975.73,2390.62,0.591476,0.152941,-0.509616,-0.129040,0.786427,-0.102997,-0.194243,0.149467,375.00,0.042650,9.7800,0.4263
-64,0.000110,0.244182,1020.54,975.73,2390.62,0.591476,0.152941,-0.509616,-0.129040,0.786427,-0.102997,-0.194243,0.149467,375.00,0.042650,9.7800,0.4263
-59,0.000110,0.244182,1020.54,975.73,2390.62,0.591476,0.152941,-0.509616,-0.129040,0.786427,-0.102997,-0.194243,0.149467,375.00,0.042650,9.7800,0.4263
-53,0.000110,0.244182,1020.54,975.73,2390.62,0.591476,0.152941,-0.509616,-0.129040,0.786427,-0.102997,-0.194243,0.149467,375.00,0.042650,9.7800,0.4263
-48,0.000110,0.244182,1020.54,975.73,2390.62,0.591476,0.152941,-0.509616,-0.129040,0.786427,-0.102997,-0.194243,0.149467,375.00,0.042650,9.7800,0.4263
-43,0.000110,0.244182,1020.54,975.73,2390.62,0.591476,0.152941,-0.509616,-0.129040,0.786427,-0.102997,-0.194243,0.149467,375.00,0.042650,9.7800,0.4263
-37,0.000110,0.244182,1020.54,975.73,2390.62,0.591476,0.152941,-0.509616,-0.129040,0.786427,-0.102997,-0.194243,0.149467,375.00,0.042650,9.7800,0.4263
-32,0.000110,0.244182,1020.54,975.73,2390.62,0.591476,0.152941,-0.509616,-0.129040,0.786427,-0.102997,-0.194243,0.149467,375.00,0.042650,9.7800,0.4263
-27,0.000110,0.244182,1020.54,975.73,2390.62,0.591476,0.152941,-0.509616,-0.129040,0.786427,-0.102997,-0.194243,0.149467,375.00,0.042650,9.7800,0.4263
-21,0.000110,0.244182,1020.54,975.73,2390.62,0.591476,0.152941,-0.509616,-0.129040,0.786427,-0.102997,-0.194243,0.149467,375.00,0.042650,9.7800,0.4263
-16,0.000110,0.244182,1020.54,975.73,2390.62,0.591476,0.152941,-0.509616,-0.129040,0.786427,-0.102997,-0.194243,0.149467,375.00,0.042650,9.7800,0.4263
-11,0.000110,0.244182,1020.54,975.73,2390.62,0.591476,0.152941,-0.509616,-0.129040,0.786427,-0.102997,-0.194243,0.149467,375.00,0.042650,9.7800,0.4263
-5,0.000110,0.244182,1020.54,975.73,2390.62,0.591476,0.152941,-0.509616,-0.129040,0.786427,-0.102997,-0.194243,0.149467,375.00,0.042650,9.7800,0.4263
0,0.000110,0.244182,1020.54,975.73,2390.62,0.591476,0.152941,-0.509616,-0.129040,0.786427,-0.102997,-0.194243,0.149467,375.00,0.042650,9.7800,0.4263
5,0.000080,0.330919,1054.68,1033.98,2484.38,0.639533,0.192157,-0.859750,0.352417,0.651914,-0.071668,-0.213932,0.141018,328.12,0.042761,7.9813,0.4459
11,0.000078,0.223294,1175.01,1042.05,2671.88,0.695042,0.231373,-1.423787,0.331509,0.633338,0.019552,0.125455,0.313932,375.00,0.032530,5.8751,0.3174
16,0.000068,0.146850,1180.45,1057.63,2718.75,0.662629,0.227451,-1.361264,-0.153116,0.910144,0.135969,-0.013477,0.481743,375.00,0.037849,9.3921,0.2707
21,0.000085,0.097110,1205.01,1049.48,2718.75,0.642599,0.168627,-1.732374,-0.425206,1.133012,0.279051,0.129620,0.615899,375.00,0.039055,12.0702,0.1898
27,0.000075,0.245011,1203.65,1018.38,2578.12,0.635448,0.219608,-1.916955,-0.350642,1.119288,0.091577,0.391496,0.665235,375.00,0.037080,11.4166,0.1595
32,0.000088,0.239031,1194.82,1068.26,2671.88,0.648860,0.117647,-1.195071,-0.245662,1.008516,-0.231652,0.089697,0.574172,375.00,0.044013,11.4947,0.2588
37,0.000082,0.128473,1228.83,1090.47,2765.62,0.585202,0.172549,-1.262143,-0.598079,1.212958,0.009451,-0.194992,0.832803,375.00,0.049294,13.8411,0.2229
43,0.000095,0.175831,1145.81,1010.37,2531.25,0.566153,0.172549,-1.030998,-0.704671,1.082882,0.118255,-0.058328,0.592861,375.00,0.048766,13.4779,0.2432
48,0.000091,0.263178,1052.26,1003.69,2437.50,0.592963,0.168627,-0.975224,0.046892,0.950655,-0.085292,-0.235209,0.298178,328.12,0.048777,12.1852,0.3786
53,0.000072,0.200353,1047.04,964.29,2390.62,0.592953,0.258824,-1.343804,-0.128238,1.096596,0.146896,-0.100951,0.329502,328.12,0.047871,11.1919,0.2994
59,0.000100,0.177181,1189.14,995.21,2531.25,0.627279,0.137255,-1.345928,-0.404547,0.956635,0.192077,0.059659,0.542102,375.00,0.044451,11.0496,0.2358
64,0.000091,0.242964,1079.37,1041.14,2531.25,0.557777,0.156863,-0.660879,0.084290,0.852148,-0.213585,-0.425866,0.363891,375.00,0.040786,9.9973,0.4360
69,0.000087,0.240976,996.11,1012.10,2390.62,0.574905,0.227451,-0.650180,0.235019,0.830679,-0.107829,-0.490047,0.182358,328.12,0.046909,10.1800,0.4866
75,0.000093,0.154024,1057.16,1012.91,2531.25,0.589051,0.160784,-1.156635,-0.154205,1.118521,-0.146920,-0.053041,0.392281,328.12,0.046132,11.4485,0.3047
80,0.000094,0.180377,1224.70,1051.31,2625.00,0.617611,0.184314,-1.608318,-0.353610,1.116740,-0.057124,0.179392,0.722922,328.12,0.052117,14.3745,0.1928
85,0.000088,0.120247,1141.76,1022.55,2437.50,0.530944,0.149020,-1.670140,-0.249968,1.240753,-0.192745,0.260152,0.611950,328.12,0.054051,15.4688,0.1984
91,0.000091,0.278557,1079.54,1003.13,2531.25,0.608241,0.141176,-1.147278,-0.345042,1.035421,0.072676,0.009384,0.374839,328.12,0.051298,12.1847,0.2812
96,0.000094,0.279067,1014.82,984.36,2437.50,0.603797,0.149020,-0.675565,0.020158,0.648487,0.169379,-0.231291,0.068832,328.12,0.043838,8.5259,0.4387
101,0.000105,0.165672,1011.26,981.40,2437.50,0.565620,0.121569,-0.800667,-0.162860,0.878965,0.027526,-0.132364,0.189397,375.00,0.047588,10.9357,0.3751
107,0.000085,0.189142,1027.59,962.19,2390.62,0.594846,0.172549,-1.104280,-0.190686,1.004564,0.066957,-0.024884,0.248329,375.00,0.053277,12.3625,0.3188
112,0.000096,0.211436,918.29,930.10,2203.12,0.495479,0.141176,-1.255948,0.237258,1.071441,0.117320,-0.250531,0.080460,328.12,0.055864,13.5157,0.3955
117,0.000107,0.144111,1026.98,997.22,2437.50,0.536691,0.184314,-1.139547,-0.110098,1.083758,0.025440,-0.195436,0.335884,328.12,0.054641,14.4395,0.3329
123,0.000073,0.201291,1070.26,978.90,2343.75,0.605752,0.211765,-1.166072,-0.310937,1.009231,0.097248,0.031247,0.339283,328.12,0.053718,12.5354,0.2842
128,0.000075,0.164686,1027.82,977.19,2296.88,0.540437,0.211765,-1.280856,-0.057690,1.131255,-0.084085,0.079587,0.211788,375.00,0.045386,11.3654,0.3068
133,0.000082,0.249161,1191.83,1070.29,2718.75,0.612079,0.168627,-1.415418,-0.097875,1.020125,0.067537,-0.158611,0.584242,375.00,0.035265,10.2300,0.2750
139,0.000073,0.236426,1165.12,1061.71,2625.00,0.602311,0.192157,-1.097786,-0.367143,1.033272,-0.058152,-0.054860,0.544670,375.00,0.041330,11.5023,0.2734
144,0.000083,0.196436,1107.17,973.01,2390.62,0.649953,0.250980,-1.042864,-0.487344,0.902558,0.151166,0.156246,0.320238,375.00,0.042834,11.5040,0.2683
149,0.000090,0.129354,1143.55,1001.80,2437.50,0.636010,0.196078,-1.199272,-0.403844,0.931425,0.176952,-0.036396,0.531134,375.00,0.043342,12.2238,0.2594
155,0.000099,0.214057,1173.52,1017.78,2531.25,0.594799,0.164706,-1.547341,-0.644421,1.158636,0.122658,0.137221,0.773247,375.00,0.049385,13.2403,0.1749
160,0.000104,0.240350,1098.60,1010.55,2484.38,0.597558,0.113725,-1.643682,-0.139182,1.194686,-0.069495,0.109882,0.547791,328.12,0.050929,12.9856,0.2279
165,0.000073,0.148809,1078.58,1025.58,2531.25,0.547878,0.207843,-1.430866,-0.122766,1.222440,-0.173091,0.012033,0.492249,328.12,0.060163,15.1757,0.2633
171,0.000088,0.123693,1092.26,1042.43,2531.25,0.550391,0.164706,-1.035329,-0.349403,1.207741,-0.274474,-0.053506,0.504970,375.00,0.048739,13.6787,0.2853
176,0.000081,0.148624,1181.43,1047.73,2625.00,0.568220,0.117647,-1.046569,-0.735780,1.063886,0.059215,-0.005195,0.664443,375.00,0.045073,13.7577,0.2278
181,0.000100,0.282870,1095.67,1001.87,2531.25,0.600040,0.117647,-1.003631,-0.120338,0.957232,-0.157474,-0.096120,0.420331,375.00,0.048568,12.3499,0.3265
187,0.000078,0.237112,932.37,928.05,2250.00,0.515339,0.172549,-0.984983,0.128012,1.054434,-0.022437,-0.211565,0.036539,375.00,0.045669,11.0601,0.4156
192,0.000082,0.201402,941.93,934.57,2203.12,0.537441,0.235294,-1.315744,0.163954,1.048735,0.101397,-0.063231,0.064890,328.12,0.041308,9.6504,0.3597
197,0.000091,0.171893,1036.12,981.47,2531.25,0.581031,0.164706,-1.465634,-0.027770,0.957250,0.372136,-0.014042,0.178060,328.12,0.036371,8.4903,0.3039
203,0.000081,0.169441,1055.29,983.22,2484.38,0.558696,0.211765,-1.309278,-0.441978,1.097944,0.164663,0.085473,0.403177,375.00,0.040928,11.4817,0.2460
208,0.000093,0.214296,1091.38,1024.42,2531.25,0.575149,0.117647,-1.322047,-0.189143,1.106773,-0.128274,0.072091,0.460600,375.00,0.045343,12.7749,0.2646
213,0.000082,0.220778,1202.78,1093.02,2812.50,0.613325,0.211765,-1.263101,-0.521454,1.163919,-0.188810,0.144845,0.664601,375.00,0.051319,13.6673,0.2147
219,0.000088,0.147079,1215.81,1076.95,2765.62,0.586537,0.196078,-1.149747,-0.746618,1.187017,-0.116684,0.065692,0.760340,375.00,0.052257,14.8581,0.2040
224,0.000083,0.207921,1139.94,1026.01,2484.38,0.607776,0.180392,-1.268884,-0.261960,1.107248,-0.138519,-0.040555,0.602669,375.00,0.050185,13.2520,0.2599
229,0.000096,0.136163,1134.63,1068.50,2625.00,0.590523,0.192157,-1.084045,-0.013954,1.054760,-0.220957,-0.252962,0.517158,375.00,0.049954,13.2719,0.3360
235,0.000073,0.209694,1076.97,1045.96,2484.38,0.560599,0.266667,-1.285237,0.146268,1.140801,-0.295840,-0.134440,0.428449,328.12,0.042828,10.7516,0.3282
240,0.000090,0.172966,1060.63,1025.31,2437.50,0.609726,0.172549,-0.956157,0.107858,0.919036,-0.279001,-0.025299,0.233564,328.12,0.046154,12.1911,0.3709
245,0.000089,0.181208,1064.59,1003.00,2437.50,0.595428,0.113725,-0.832957,-0.127128,0.944945,-0.400473,0.148789,0.266824,328.12,0.043986,11.4517,0.3345
251,0.000100,0.106700,996.07,994.60,2437.50,0.532906,0.133333,-0.700042,-0.092772,1.063574,-0.429406,-0.039096,0.197740,328.12,0.048153,14.1940,0.3833
256,0.000083,0.142221,910.77,939.27,2203.12,0.482268,0.188235,-0.838597,-0.013894,1.267313,-0.398823,-0.101839,0.085838,328.12,0.052353,15.7294,0.3969
261,0.000082,0.198287,1020.49,1020.55,2484.38,0.534282,0.172549,-1.060726,-0.164893,1.265901,-0.201170,-0.250005,0.410893,375.00,0.051631,14.3845,0.3333
267,0.000090,0.256840,1177.95,1073.24,2625.00,0.567081,0.094118,-0.892421,-0.402615,1.094430,-0.120775,-0.354825,0.676207,375.00,0.047122,13.1323,0.3083
272,0.000092,0.167429,1109.36,1005.00,2484.38,0.582626,0.180392,-1.064038,-0.185084,1.039418,-0.236120,-0.051929,0.497752,375.00,0.045523,12.5487,0.3000
277,0.000084,0.269445,1036.31,1022.38,2484.38,0.558327,0.172549,-0.636874,0.014191,0.857724,-0.148499,-0.384838,0.298295,375.00,0.050835,11.6023,0.4334
283,0.000091,0.076110,1077.83,1064.23,2531.25,0.567296,0.141176,-0.749585,0.061751,0.906889,-0.330538,-0.230362,0.341844,375.00,0.050209,12.8551,0.4014
288,0.000079,0.146005,1136.93,1081.49,2671.88,0.577249,0.152941,-0.995043,-0.089446,1.153118,-0.585353,0.002613,0.514110,375.00,0.050624,14.0777,0.3099
293,0.000081,0.179857,1101.80,1018.74,2484.38,0.578408,0.188235,-1.423752,-0.365241,1.234783,-0.079740,0.071904,0.562045,375.00,0.050293,14.1928,0.2294
299,0.000084,0.230442,1148.17,1043.50,2625.00,0.595618,0.164706,-1.324889,-0.666121,1.133911,0.378414,-0.079303,0.557988,375.00,0.042640,11.5425,0.2253
304,0.000083,0.184362,1173.96,1069.64,2718.75,0.653550,0.219608,-1.077119,-0.232028,0.981017,-0.074096,-0.076816,0.479042,375.00,0.043449,11.6325,0.2982
309,0.000072,0.140594,1087.35,1027.98,2578.12,0.546293,0.219608,-0.975945,-0.258805,1.130249,-0.277986,-0.054748,0.437234,375.00,0.046880,14.2495,0.3082
315,0.000100,0.185508,1134.96,1017.96,2484.38,0.588374,0.086275,-1.226382,-0.427573,1.109795,-0.017762,0.038110,0.523813,375.00,0.044848,14.5489,0.2483
320,0.000094,0.202252,1077.94,1007.11,2390.62,0.546259,0.141176,-1.115245,-0.492548,1.203690,-0.116413,0.141111,0.379405,375.00,0.051809,14.9938,0.2565
325,0.000081,0.232096,1025.47,1023.53,2437.50,0.541032,0.250980,-0.954083,-0.183142,1.181792,-0.207710,-0.068616,0.231759,375.00,0.052815,13.3509,0.3429
331,0.000083,0.146941,1140.44,1041.35,2625.00,0.605955,0.200000,-1.076404,-0.379322,0.975166,-0.013402,0.071389,0.422571,328.12,0.044160,12.1960,0.2739
336,0.000088,0.232007,1161.35,1011.88,2531.25,0.628572,0.156863,-1.571120,-0.391438,1.121828,0.055759,0.126229,0.658739,375.00,0.045081,12.3946,0.2020
341,0.000079,0.176729,1075.02,993.56,2437.50,0.604508,0.184314,-1.524818,-0.220819,1.100507,0.256884,-0.039042,0.427289,375.00,0.047265,12.5303,0.2560
347,0.000079,0.183401,1141.11,1034.27,2671.88,0.563195,0.196078,-1.049449,-0.467589,1.075930,-0.107434,0.088069,0.460473,375.00,0.048256,12.8348,0.2625
352,0.000092,0.180320,1217.66,1086.81,2812.50,0.585323,0.125490,-1.462180,-0.142706,1.120070,-0.163568,-0.050169,0.698555,375.00,0.041831,11.6781,0.2448
357,0.000086,0.242401,1088.55,1058.97,2625.00,0.495719,0.180392,-1.339527,0.151992,1.204831,-0.193393,-0.318952,0.495049,328.12,0.049394,14.3125,0.3359
363,0.000091,0.274065,1022.71,1008.16,2484.38,0.513146,0.172549,-1.441519,-0.095805,1.273888,0.182419,-0.252798,0.333815,375.00,0.044377,11.4170,0.3081
368,0.000095,0.189782,1053.10,1020.69,2531.25,0.558308,0.164706,-1.693733,0.069497,1.124259,0.283419,-0.050560,0.267118,328.12,0.043490,10.7170,0.2849
373,0.000095,0.187429,1019.29,988.42,2390.62,0.546337,0.160784,-1.356134,-0.016809,1.163766,-0.076266,-0.000973,0.286414,328.12,0.055359,14.5379,0.3038
379,0.000093,0.170485,1134.30,1014.33,2578.12,0.600895,0.211765,-1.709046,-0.270753,1.242590,-0.080128,0.191405,0.625931,328.12,0.057137,14.4647,0.1980
384,0.000077,0.203733,1043.41,993.16,2484.38,0.567774,0.203922,-1.492078,0.189968,1.097547,-0.041765,-0.012301,0.258629,328.12,0.052825,12.8137,0.3156
389,0.000083,0.178829,1090.27,1020.91,2578.12,0.597899,0.168627,-1.445098,0.025080,1.111122,-0.104757,-0.037392,0.451046,375.00,0.039572,10.7205,0.2856
395,0.000081,0.233405,1148.32,1024.25,2531.25,0.600575,0.180392,-1.690492,-0.125441,1.057717,0.115558,0.133838,0.508819,328.12,0.040565,10.9975,0.2263
400,0.000071,0.200835,1177.16,1059.14,2718.75,0.581923,0.250980,-1.815815,-0.405391,1.280071,0.137774,0.125412,0.677946,375.00,0.042757,11.6548,0.1806

----- END /raw_A0_r01_308620.csv -----
----- BEGIN /raw_A0_r02_315079.csv (17304 bytes) -----
ms_from_event,rms,flux,centroid_hz,spread_hz,rolloff85_hz,flatness,zcr,band0,band1,band2,band3,band4,band5,peak_hz,peak_mag,peak_ratio,low_dom
-208,0.000071,0.197216,1006.04,1012.35,2531.25,0.547564,0.278431,-0.951618,0.125456,0.967915,-0.109677,-0.233915,0.201839,375.00,0.046332,12.7302,0.4020
-203,0.000097,0.172274,959.77,986.70,2437.50,0.477822,0.196078,-0.909872,0.289541,1.074320,-0.366431,-0.255825,0.168266,375.00,0.046093,12.8461,0.4338
-197,0.000092,0.197930,946.08,979.12,2343.75,0.520603,0.258824,-0.556009,0.218132,0.976853,-0.402938,-0.306677,0.070640,375.00,0.049047,12.3029,0.4873
-192,0.000098,0.215019,1013.95,1003.07,2390.62,0.558077,0.160784,-0.626581,0.109613,0.851524,-0.369908,-0.232274,0.267626,375.00,0.051449,12.4047,0.4314
-187,0.000097,0.204260,908.39,937.90,2250.00,0.526769,0.149020,-0.924472,0.399925,0.949930,-0.132366,-0.349504,0.056486,375.00,0.039931,9.3104,0.4711
-181,0.000095,0.179751,975.65,959.50,2296.88,0.564551,0.164706,-1.099433,0.154192,1.019483,0.132416,-0.341467,0.134809,375.00,0.042451,9.7110,0.4087
-176,0.000081,0.180707,1037.10,1007.23,2531.25,0.552249,0.207843,-1.073383,-0.016283,1.050751,-0.071987,-0.203973,0.314875,375.00,0.050012,11.4214,0.3543
-171,0.000093,0.105280,1057.72,1053.76,2531.25,0.532107,0.133333,-1.038300,0.044172,1.073093,-0.299981,-0.159858,0.380873,328.12,0.052432,14.0137,0.3526
-165,0.000091,0.163146,1062.91,999.30,2343.75,0.599068,0.172549,-1.100539,-0.285689,1.062618,0.093072,-0.170918,0.401458,328.12,0.046293,12.7298,0.3082
-160,0.000087,0.211464,1066.54,1048.00,2437.50,0.563525,0.164706,-0.861513,-0.108978,1.038805,-0.295745,-0.183078,0.410509,375.00,0.046932,12.3203,0.3546
-155,0.000087,0.253017,1035.18,1070.28,2531.25,0.536351,0.180392,-0.816295,0.323513,0.964738,-0.380026,-0.319832,0.227901,328.12,0.044468,10.4124,0.4501
-149,0.000102,0.149640,1117.49,1078.55,2625.00,0.559386,0.117647,-1.046367,0.075006,1.080699,-0.285035,-0.310749,0.486447,375.00,0.043824,11.2848,0.3604
-144,0.000081,0.271583,939.04,961.62,2296.88,0.540733,0.247059,-0.881954,0.321089,0.959230,-0.084313,-0.346737,0.032686,328.12,0.051283,12.1280,0.4692
-139,0.000088,0.157170,1010.55,1015.31,2437.50,0.538091,0.117647,-0.922876,0.332279,0.911542,-0.284850,-0.270094,0.234000,328.12,0.051963,12.4911,0.4311
-133,0.000098,0.250397,1066.49,1022.79,2390.62,0.583640,0.152941,-0.694798,-0.037168,0.882835,-0.228390,-0.252914,0.330436,375.00,0.044702,10.7499,0.4002
-128,0.000092,0.154780,1035.24,985.84,2343.75,0.561687,0.113725,-0.919567,0.063932,0.996114,-0.379979,-0.084421,0.323921,375.00,0.053482,13.6509,0.3664
-123,0.000090,0.192551,986.09,946.13,2203.12,0.475055,0.133333,-1.473482,0.007678,1.273749,-0.210261,0.013469,0.388850,375.00,0.055536,14.1668,0.2821
-117,0.000081,0.170955,1017.95,973.76,2343.75,0.520261,0.211765,-0.810835,-0.396197,1.125212,-0.209936,-0.017529,0.309287,375.00,0.056766,15.4959,0.3210
-112,0.000103,0.205673,1177.16,1074.07,2671.88,0.605503,0.101961,-0.757556,-0.347912,0.960214,-0.351069,-0.050125,0.546451,375.00,0.051507,13.4746,0.3098
-107,0.000080,0.206914,1149.13,1099.05,2765.62,0.578744,0.203922,-1.051303,0.161850,1.054822,-0.515122,-0.184243,0.533996,375.00,0.049483,12.2778,0.3499
-101,0.000074,0.205682,1034.10,1031.40,2484.38,0.565177,0.192157,-1.284835,0.163816,1.105733,-0.097639,-0.221896,0.334821,375.00,0.046699,11.5473,0.3505
-96,0.000082,0.226115,1085.90,1009.78,2531.25,0.581093,0.125490,-1.076791,-0.402645,1.039689,0.109880,-0.024559,0.354425,375.00,0.040400,11.1271,0.2881
-91,0.000082,0.160328,1154.60,1028.97,2625.00,0.604902,0.172549,-1.275850,-0.498379,1.058099,0.159840,0.146369,0.409922,421.88,0.045997,13.9235,0.2377
-85,0.000083,0.195502,1106.41,1026.04,2578.12,0.569768,0.168627,-1.273576,-0.347737,1.260348,-0.235039,0.115196,0.480809,375.00,0.042648,13.0781,0.2481
-80,0.000095,0.146055,1078.44,1021.50,2437.50,0.539146,0.125490,-1.194973,-0.377875,1.259940,-0.092378,-0.133003,0.538286,375.00,0.048399,15.4091,0.2711
-75,0.000091,0.245067,1032.80,1002.31,2296.88,0.508379,0.109804,-1.044336,-0.340003,1.164070,-0.057796,-0.067939,0.346006,375.00,0.050056,14.4675,0.3034
-69,0.000088,0.180523,1007.00,989.45,2296.88,0.513407,0.113725,-1.329380,-0.075171,1.294640,-0.306846,0.056165,0.360590,375.00,0.052005,14.2679,0.2869
-64,0.000086,0.094499,980.40,950.76,2250.00,0.514934,0.160784,-1.179827,-0.320163,1.305734,-0.257367,0.114904,0.336717,375.00,0.049379,15.1709,0.2737
-59,0.000095,0.263893,1031.61,1038.44,2531.25,0.524538,0.121569,-0.796715,0.155553,1.030273,-0.536076,-0.174743,0.321706,375.00,0.044071,11.7134,0.4027
-53,0.000070,0.183524,1088.90,1047.22,2625.00,0.583820,0.219608,-0.794104,-0.059064,0.975344,-0.294377,-0.239494,0.411697,375.00,0.047721,12.7612,0.3746
-48,0.000087,0.142587,951.78,965.85,2203.12,0.521868,0.156863,-0.609638,0.149052,1.015090,-0.455635,-0.246623,0.147753,375.00,0.046909,12.7257,0.4549
-43,0.000085,0.085871,1036.79,988.69,2343.75,0.516951,0.196078,-1.080307,-0.136236,1.220561,-0.290200,-0.111027,0.397209,375.00,0.047452,14.4601,0.3205
-37,0.000081,0.208949,1084.39,1017.96,2578.12,0.527317,0.152941,-0.834642,-0.359991,1.097642,-0.372252,-0.011568,0.480811,375.00,0.049890,15.3469,0.3032
-32,0.000091,0.163760,1145.82,1032.78,2625.00,0.615364,0.101961,-1.271400,-0.455476,1.089362,-0.105377,0.151040,0.591851,375.00,0.048715,13.8225,0.2253
-27,0.000087,0.209498,1092.39,1054.73,2625.00,0.593893,0.243137,-1.005685,-0.146523,1.024447,-0.037064,-0.185106,0.349931,375.00,0.046858,12.3789,0.3411
-21,0.000068,0.285219,951.97,1024.16,2484.38,0.517222,0.352941,-0.506517,0.445166,0.911484,-0.270859,-0.734221,0.154947,328.12,0.038019,8.4789,0.5644
-16,0.000068,0.124681,1185.29,1115.97,2765.62,0.622445,0.243137,-0.449623,0.380381,0.435353,-0.273540,-0.379331,0.286761,281.25,0.025444,7.1255,0.5029
-11,0.000095,0.290310,1213.80,1065.40,2671.88,0.675805,0.200000,-0.880059,-0.052178,0.627028,-0.200245,0.043374,0.462080,375.00,0.025022,7.0784,0.3276
-5,0.000161,0.269846,1016.68,1046.05,2531.25,0.549322,0.121569,-0.116505,0.179291,0.510115,-0.418947,-0.348534,0.194582,375.00,0.036724,9.7589,0.5271
0,0.000233,0.441288,683.07,857.30,1734.38,0.379210,0.070588,0.296267,0.739241,0.629210,-0.400988,-0.841866,-0.421865,140.62,0.064829,10.9580,0.7594
5,0.006381,0.934932,961.66,837.69,1781.25,0.638255,0.019608,-0.530149,0.209467,0.311166,0.142816,0.319263,-0.452563,140.62,0.434359,4.7772,0.4766
11,0.007981,0.684048,816.87,763.35,1546.88,0.480011,0.015686,-0.138436,0.449875,0.248915,0.134866,0.211351,-0.906571,140.62,1.692296,5.8919,0.6232
16,0.008063,0.304952,686.92,665.15,1359.38,0.330105,0.019608,0.348687,0.701564,0.152226,0.090565,0.209467,-1.502510,93.75,3.222567,9.1598,0.7634
21,0.009560,0.247287,624.89,566.49,1312.50,0.238469,0.003922,0.409943,0.767657,0.145196,0.478985,0.146603,-1.948384,140.62,4.097251,9.6739,0.8160
27,0.007523,0.189057,633.40,546.55,1265.62,0.224151,0.027451,0.320812,0.636493,0.259916,0.551132,0.176486,-1.944839,140.62,4.483037,9.9412,0.7962
32,0.010054,0.142018,634.98,531.98,1218.75,0.226031,0.011765,0.162747,0.643631,0.428694,0.658666,0.124322,-2.018060,140.62,4.097121,8.6680,0.7941
37,0.007171,0.131212,604.53,537.63,1171.88,0.238760,0.015686,0.129258,0.637734,0.661271,0.572870,0.029671,-2.030805,140.62,3.547021,7.5579,0.7996
43,0.007687,0.147574,578.82,529.03,1125.00,0.223686,0.019608,0.035320,0.667565,0.902748,0.488161,-0.138202,-1.955593,281.25,3.058948,6.9088,0.8019
48,0.008109,0.090993,621.59,553.70,1218.75,0.260232,0.015686,0.143216,0.638479,0.639559,0.496971,0.017452,-1.935677,93.75,2.970096,7.8544,0.7941
53,0.010327,0.251882,550.90,556.05,1125.00,0.228520,0.003922,0.544295,0.944319,0.292445,0.314569,-0.060915,-2.034714,140.62,4.616379,11.3548,0.8572
59,0.006884,0.185213,567.08,516.50,1078.12,0.210380,0.023529,0.488502,0.771411,0.317620,0.684577,-0.023836,-2.238274,140.62,5.099189,11.2948,0.8533
64,0.005705,0.117956,616.86,540.05,1125.00,0.251088,0.011765,0.257650,0.543748,0.425349,0.657094,0.077217,-1.961058,140.62,4.247615,10.3245,0.7929
69,0.008471,0.063833,606.55,549.65,1125.00,0.253154,0.011765,0.183254,0.561260,0.543839,0.608181,-0.086378,-1.810157,140.62,2.880395,8.2290,0.7893
75,0.006522,0.180401,594.96,532.26,1078.12,0.233495,0.011765,0.082074,0.684748,0.649384,0.640979,-0.084641,-1.972545,93.75,2.460827,6.9326,0.8041
80,0.007363,0.279263,706.65,714.43,1359.38,0.437653,0.007843,-0.158551,0.670096,0.429604,0.231008,-0.174447,-0.997710,281.25,3.353203,8.3683,0.6989
85,0.005309,0.245366,873.19,833.12,1734.38,0.558487,0.019608,-0.639514,0.468120,0.376327,0.200490,0.039470,-0.444893,281.25,3.035019,6.6597,0.5292
91,0.006180,0.201116,740.49,700.88,1312.50,0.454097,0.019608,-0.263223,0.352644,0.425440,0.616051,-0.166278,-0.964633,140.62,2.343745,6.0443,0.6480
96,0.008428,0.134812,637.43,551.84,1078.12,0.256586,0.011765,0.235187,0.459648,0.271953,0.779010,0.022953,-1.768750,93.75,2.502813,8.2736,0.7721
101,0.006472,0.295671,558.38,543.25,984.38,0.241430,0.011765,0.336266,0.739963,0.629271,0.439613,-0.389523,-1.755590,140.62,3.179785,9.6063,0.8335
107,0.007399,0.214659,518.45,519.59,890.62,0.229956,0.015686,0.357529,0.993000,0.623190,0.368963,-0.384944,-1.957737,140.62,3.705014,9.9634,0.8637
112,0.005831,0.174433,562.36,540.06,1031.25,0.233971,0.011765,0.444656,0.848540,0.448346,0.595011,-0.324073,-2.012480,140.62,3.805970,10.9356,0.8599
117,0.007180,0.140259,543.31,531.17,937.50,0.231451,0.011765,0.456133,0.778789,0.482182,0.675307,-0.415912,-1.976501,140.62,3.425399,10.5367,0.8598
123,0.004252,0.127091,570.15,531.99,984.38,0.238973,0.003922,0.370989,0.663142,0.502371,0.707739,-0.351221,-1.893021,140.62,3.000106,10.3423,0.8374
128,0.007461,0.184243,539.54,535.32,984.38,0.231859,0.015686,0.411272,0.899404,0.461706,0.487300,-0.274123,-1.985559,140.62,2.887241,9.8152,0.8563
133,0.006053,0.123403,526.85,519.15,937.50,0.211870,0.011765,0.550254,0.949254,0.345574,0.556313,-0.370601,-2.030793,140.62,3.065845,10.5914,0.8755
139,0.007518,0.247017,542.24,497.05,890.62,0.202371,0.007843,0.355848,0.864974,0.496168,0.756161,-0.393757,-2.079395,140.62,3.335518,9.4174,0.8638
144,0.005029,0.149540,555.75,504.81,1031.25,0.209057,0.011765,0.218213,0.885558,0.621022,0.654228,-0.219599,-2.159421,140.62,2.882089,8.7451,0.8509
149,0.004677,0.124735,533.69,550.53,1031.25,0.234390,0.019608,0.458313,0.950959,0.468069,0.354078,-0.302251,-1.929167,140.62,3.087432,10.7391,0.8606
155,0.005494,0.129164,587.65,586.52,1125.00,0.260542,0.027451,0.400631,0.752576,0.291573,0.525992,-0.313345,-1.657427,140.62,2.546696,10.5928,0.8266
160,0.004518,0.189372,664.50,561.00,1218.75,0.260080,0.023529,0.329973,0.491156,0.196815,0.832760,-0.136275,-1.714428,140.62,2.257613,9.7348,0.7918
165,0.005613,0.223080,615.07,533.29,1031.25,0.244661,0.003922,0.373901,0.642574,0.134513,0.831517,-0.185799,-1.796707,140.62,2.472960,9.2578,0.8175
171,0.004656,0.148492,589.12,535.62,1078.12,0.233087,0.015686,0.428449,0.703925,0.308713,0.657089,-0.214992,-1.883182,140.62,2.728854,10.1077,0.8341
176,0.005402,0.189807,570.63,533.84,1078.12,0.218923,0.007843,0.332536,0.658767,0.612964,0.501829,-0.110744,-1.995352,140.62,2.462305,9.7494,0.8247
181,0.004539,0.119903,574.64,536.58,1125.00,0.222879,0.027451,0.282085,0.686068,0.675246,0.454870,-0.107615,-1.990654,140.62,2.291598,9.2826,0.8225
187,0.004368,0.205415,570.29,525.43,984.38,0.207093,0.007843,0.278634,0.808514,0.438857,0.621090,-0.259573,-1.887521,140.62,2.430554,9.3083,0.8344
192,0.003541,0.120217,622.44,524.32,1031.25,0.225211,0.015686,0.178812,0.750613,0.322781,0.757166,-0.125268,-1.884104,140.62,2.106497,8.8301,0.8130
197,0.004166,0.133956,612.13,540.13,1171.88,0.236994,0.015686,0.247414,0.696965,0.439700,0.591200,0.023315,-1.998593,140.62,1.757349,8.9069,0.8115
203,0.004200,0.222559,607.54,538.75,1125.00,0.239682,0.011765,0.266528,0.459523,0.448677,0.669976,-0.008399,-1.836304,93.75,1.725497,8.5661,0.7834
208,0.004037,0.211974,603.85,527.78,1031.25,0.243318,0.027451,0.118617,0.413129,0.772970,0.752452,-0.252560,-1.804609,93.75,1.597279,7.2087,0.7849
213,0.002728,0.151615,612.84,525.54,1031.25,0.234634,0.011765,0.044142,0.546291,0.761060,0.724604,-0.206718,-1.869378,140.62,1.559626,7.5206,0.7914
219,0.004170,0.157187,653.33,557.87,1218.75,0.266169,0.019608,0.161952,0.567752,0.376452,0.640706,-0.018812,-1.728050,140.62,1.636128,8.5095,0.7753
224,0.003524,0.222759,575.16,540.17,1078.12,0.235724,0.023529,0.164904,0.794575,0.560387,0.502802,-0.176814,-1.845853,140.62,1.744419,8.5279,0.8162
229,0.002347,0.095139,616.16,553.47,1218.75,0.242139,0.035294,0.040755,0.701821,0.653421,0.558780,-0.127792,-1.826985,140.62,1.431286,8.5752,0.7939
235,0.003784,0.216845,650.71,557.31,1125.00,0.274823,0.015686,-0.046038,0.462395,0.465944,0.734261,-0.000384,-1.616179,140.62,1.097304,6.3642,0.7343
240,0.003417,0.173326,616.05,537.90,1125.00,0.249483,0.019608,0.065457,0.535953,0.630040,0.635872,-0.054248,-1.813075,93.75,1.205321,7.0004,0.7746
245,0.002022,0.230073,534.53,501.20,1031.25,0.189307,0.019608,0.106331,0.912781,0.790378,0.489572,-0.201124,-2.097938,140.62,1.570895,8.3883,0.8401
251,0.002562,0.102810,633.55,562.44,1312.50,0.258972,0.027451,-0.273783,0.634023,0.651966,0.532887,0.068657,-1.613751,187.50,1.160513,7.7143,0.7217
256,0.003845,0.178064,659.16,592.28,1359.38,0.254004,0.015686,-0.152456,0.729910,0.499096,0.485298,-0.007557,-1.554291,234.38,0.939536,7.1165,0.7445
261,0.003579,0.325202,613.01,527.22,1078.12,0.240376,0.011765,-0.059884,0.707077,0.670036,0.791845,-0.233338,-1.875736,140.62,1.349590,7.6148,0.7987
267,0.002285,0.155599,599.20,528.35,1078.12,0.226884,0.019608,0.063946,0.732555,0.563063,0.743592,-0.106201,-1.996955,140.62,1.575579,8.8759,0.8100
272,0.001774,0.113338,595.64,515.17,1078.12,0.224627,0.031373,-0.005691,0.635284,0.726479,0.793532,-0.135430,-2.014175,140.62,1.159595,7.0597,0.8005
277,0.002276,0.111548,655.76,555.82,1312.50,0.274028,0.019608,-0.211175,0.439758,0.792473,0.656669,0.024018,-1.701743,93.75,0.690012,5.7655,0.7217
283,0.002284,0.236774,696.90,579.88,1359.38,0.275455,0.023529,-0.088930,0.427324,0.454309,0.553258,0.168077,-1.514037,328.12,0.827486,7.1011,0.6989
288,0.002843,0.227214,631.43,545.27,1125.00,0.269166,0.011765,-0.094957,0.614924,0.558750,0.615806,-0.079766,-1.614756,281.25,0.906937,6.8430,0.7516
293,0.002842,0.183231,579.41,528.64,1031.25,0.242332,0.011765,-0.312553,0.790901,0.885006,0.613258,-0.222903,-1.753709,234.38,1.067191,8.0736,0.7734
299,0.002208,0.260078,574.93,530.04,984.38,0.242717,0.019608,0.035904,0.727288,0.679677,0.662243,-0.317009,-1.788104,140.62,1.117887,7.9375,0.8075
304,0.002015,0.183560,615.34,519.55,1078.12,0.241556,0.019608,-0.129975,0.602027,0.701557,0.819719,-0.163056,-1.830271,140.62,0.931558,6.8422,0.7743
309,0.001824,0.160610,624.08,517.94,1078.12,0.227205,0.023529,-0.343134,0.656191,0.864859,0.665560,-0.022582,-1.820894,281.25,0.857385,6.7654,0.7462
315,0.001887,0.119012,667.05,544.37,1078.12,0.269603,0.015686,-0.217159,0.623008,0.472492,0.763398,0.115303,-1.757043,281.25,0.826747,7.8373,0.7357
320,0.001726,0.174294,686.97,537.72,1171.88,0.259317,0.027451,-0.175163,0.464491,0.437847,0.913235,0.115752,-1.756162,281.25,0.739738,7.0547,0.7241
325,0.001418,0.193265,695.72,519.60,1171.88,0.242594,0.031373,-0.309365,0.475829,0.518997,0.894290,0.298870,-1.878621,281.25,0.717213,7.2895,0.7054
331,0.001520,0.186212,709.49,505.60,1125.00,0.240477,0.023529,-0.827509,0.284394,0.827677,1.054494,0.372358,-1.711414,281.25,0.652003,6.5400,0.5982
336,0.002328,0.182484,698.47,562.70,1171.88,0.299198,0.011765,-0.567142,0.357633,0.765064,0.848974,0.131762,-1.536290,281.25,0.607820,6.6941,0.6451
341,0.001776,0.279105,570.54,520.64,1031.25,0.228924,0.015686,-0.147461,0.808234,0.785427,0.596019,-0.136901,-1.905318,234.38,0.795456,7.6381,0.7944
347,0.001754,0.196469,640.51,507.29,1125.00,0.229397,0.011765,-0.238763,0.643928,0.594467,0.857090,-0.019193,-1.837530,234.38,0.802752,7.8219,0.7560
352,0.002261,0.208454,635.68,537.33,1078.12,0.258147,0.027451,-0.055998,0.718924,0.336017,0.770620,-0.041777,-1.727786,187.50,0.721238,7.8627,0.7714
357,0.001667,0.278008,544.67,492.36,984.38,0.208056,0.011765,-0.263747,0.937985,0.942452,0.551412,-0.222459,-1.945644,281.25,0.886161,9.2098,0.8055
363,0.001525,0.184350,586.85,487.18,984.38,0.199709,0.011765,-0.724412,0.785441,1.124743,0.862674,-0.170636,-1.877810,281.25,1.068419,12.0316,0.7417
368,0.001529,0.258469,587.53,507.49,1078.12,0.220385,0.031373,-0.328256,0.849657,0.856389,0.682902,-0.025419,-2.035274,234.38,0.773167,8.4686,0.7843
373,0.001740,0.197766,625.90,475.92,984.38,0.220125,0.007843,-0.434893,0.610803,0.719712,1.130572,-0.047008,-1.979186,187.50,0.604434,6.6482,0.7505
379,0.001499,0.173598,622.41,510.66,984.38,0.230609,0.031373,-0.438261,0.764834,0.660260,0.951028,-0.187106,-1.750755,234.38,0.692680,8.2940,0.7562
384,0.001275,0.249623,586.34,499.48,984.38,0.224295,0.019608,-0.346929,0.737838,0.926157,0.803012,-0.180358,-1.939720,281.25,0.634508,7.2370,0.7782
389,0.001452,0.108645,661.53,535.48,1171.88,0.261657,0.011765,-0.526037,0.463199,0.769933,0.909786,-0.037050,-1.579831,281.25,0.602347,8.8463,0.6850
395,0.001664,0.243451,607.40,531.92,1031.25,0.251381,0.019608,-0.873258,0.849842,0.969663,0.851601,-0.196402,-1.601446,281.25,0.728325,10.4866,0.7083
400,0.001398,0.230634,607.38,475.79,890.62,0.201205,0.015686,-1.349874,0.908349,1.259234,1.148321,-0.216889,-1.749142,281.25,0.826377,10.8442,0.6818

----- END /raw_A0_r02_315079.csv -----
=== KEY_DUMP_END key=A0 ===
NEXT: A#0
PRESS A#0  rep 1/2  then hit Enter

> 
> REC OK: /raw_A#0_r01_321554.csv
PRESS A#0  rep 2/2  then hit Enter

> 
> REC OK: /raw_A#0_r02_323522.csv
=== KEY_DUMP_BEGIN key=A#0 files=2 ===
----- BEGIN /raw_A#0_r01_321554.csv (17339 bytes) -----
ms_from_event,rms,flux,centroid_hz,spread_hz,rolloff85_hz,flatness,zcr,band0,band1,band2,band3,band4,band5,peak_hz,peak_mag,peak_ratio,low_dom
-208,0.000088,0.194970,1062.75,1001.80,2484.38,0.583516,0.113725,-0.853810,-0.066902,0.997302,-0.257555,-0.121957,0.302923,375.00,0.046303,11.1881,0.3657
-203,0.000089,0.186534,1089.85,1035.06,2578.12,0.593593,0.223529,-1.575479,0.184283,1.152886,0.041070,-0.297242,0.494481,375.00,0.041057,10.8123,0.3113
-197,0.000087,0.263351,1041.63,1049.91,2578.12,0.569937,0.211765,-1.667681,0.474416,1.156566,-0.048158,-0.272401,0.357257,328.12,0.048097,11.9934,0.3455
-192,0.000087,0.182632,1090.82,1038.24,2531.25,0.573588,0.164706,-1.414006,-0.021801,1.114746,-0.104073,0.033183,0.391952,328.12,0.049585,13.1165,0.2828
-187,0.000094,0.209929,1030.57,972.68,2343.75,0.563686,0.180392,-1.266605,-0.210750,1.161199,-0.022763,0.073007,0.265911,375.00,0.049735,13.0316,0.2874
-181,0.000095,0.224007,1012.98,974.76,2390.62,0.558520,0.172549,-0.774942,0.060739,0.942383,-0.219731,-0.231341,0.222893,375.00,0.050861,12.2968,0.4127
-176,0.000082,0.200518,1014.64,960.61,2390.62,0.588564,0.168627,-0.653593,-0.178549,0.903488,-0.084664,-0.190572,0.203889,375.00,0.051048,12.0667,0.3959
-171,0.000076,0.142022,986.18,958.84,2390.62,0.544435,0.223529,-1.022280,-0.110969,1.099598,0.022168,-0.111802,0.123287,375.00,0.048997,13.2371,0.3607
-165,0.000097,0.159743,1115.45,1069.00,2765.62,0.568155,0.149020,-1.352713,-0.080711,1.103728,0.030138,-0.099108,0.398668,375.00,0.042916,11.9641,0.2960
-160,0.000085,0.189531,1121.30,1044.52,2718.75,0.554865,0.164706,-1.088467,-0.496124,1.025164,0.228537,-0.103850,0.434740,375.00,0.046163,12.5895,0.2773
-155,0.000075,0.219575,1044.70,982.24,2437.50,0.582259,0.235294,-1.316673,-0.366148,1.111358,0.265406,0.009208,0.296849,375.00,0.049793,11.9113,0.2700
-149,0.000087,0.112206,1150.40,1018.16,2531.25,0.641836,0.164706,-1.442537,-0.447116,1.059271,0.106643,0.265739,0.458000,375.00,0.043621,11.9450,0.2130
-144,0.000088,0.170425,1149.26,1031.98,2625.00,0.624514,0.164706,-1.077129,-0.554406,1.085554,-0.117130,0.175593,0.487518,375.00,0.046775,13.3965,0.2410
-139,0.000101,0.131553,1096.12,1000.90,2484.38,0.565822,0.133333,-1.166766,-0.572130,1.249439,-0.252138,0.226335,0.515261,375.00,0.051521,15.4127,0.2244
-133,0.000083,0.240061,1008.62,1000.62,2390.62,0.517397,0.164706,-1.347980,0.047642,1.236954,-0.178480,-0.119892,0.361758,375.00,0.046989,12.8615,0.3162
-128,0.000094,0.168305,979.38,1025.81,2437.50,0.476925,0.141176,-1.048184,0.315974,1.155960,-0.393311,-0.273174,0.242734,328.12,0.049124,12.8601,0.4132
-123,0.000115,0.153824,1009.19,1016.91,2484.38,0.527608,0.113725,-1.257351,0.016790,1.241347,-0.165674,-0.189014,0.353901,375.00,0.046922,12.7465,0.3312
-117,0.000084,0.321321,1000.16,1016.24,2484.38,0.494073,0.172549,-1.628239,0.441365,1.251145,-0.121878,-0.329489,0.387097,328.12,0.061307,14.1998,0.3493
-112,0.000097,0.206720,1030.81,1031.06,2531.25,0.572566,0.172549,-1.162376,0.205741,1.103897,-0.158273,-0.352362,0.363372,375.00,0.045499,10.2667,0.3813
-107,0.000076,0.195020,1126.04,1065.10,2625.00,0.596049,0.282353,-0.786662,-0.111680,0.918650,-0.333181,-0.113175,0.426048,375.00,0.051890,12.3599,0.3531
-101,0.000092,0.181611,998.05,997.13,2390.62,0.534114,0.141176,-1.002604,0.199001,1.008184,-0.197108,-0.191103,0.183630,375.00,0.046103,11.5069,0.4018
-96,0.000079,0.138915,1023.77,1029.99,2578.12,0.492639,0.219608,-1.168723,0.113297,1.153373,-0.052589,-0.360854,0.315497,375.00,0.047384,12.8891,0.3764
-91,0.000081,0.142578,1113.93,1056.93,2625.00,0.553031,0.235294,-1.135888,-0.209953,1.136138,-0.117897,-0.148237,0.475839,375.00,0.047934,13.3969,0.3022
-85,0.000082,0.131811,1094.92,1032.68,2531.25,0.593985,0.207843,-0.752091,-0.298625,0.971822,-0.118527,-0.183482,0.380903,375.00,0.045908,13.8454,0.3489
-80,0.000082,0.150079,1036.08,980.70,2390.62,0.564347,0.203922,-0.946435,-0.322544,1.114959,-0.014169,-0.202888,0.371075,375.00,0.047357,14.1318,0.3277
-75,0.000083,0.226992,1130.47,996.50,2531.25,0.615120,0.109804,-1.509589,-0.636571,1.144844,0.348381,0.098805,0.554129,375.00,0.043746,12.3491,0.1979
-69,0.000085,0.183482,1104.49,1006.35,2484.38,0.599240,0.125490,-1.480681,-0.335062,1.056949,0.255606,0.095652,0.407537,421.88,0.040936,11.6800,0.2388
-64,0.000082,0.200843,1145.57,1049.21,2625.00,0.585524,0.192157,-1.290675,-0.388232,1.136267,-0.147648,0.097707,0.592580,375.00,0.048045,13.7363,0.2342
-59,0.000079,0.224159,1133.76,1080.41,2718.75,0.571628,0.168627,-0.932286,-0.256397,1.052814,-0.140500,-0.160796,0.437164,375.00,0.045393,12.1371,0.3246
-53,0.000105,0.259191,1046.39,1038.26,2578.12,0.553269,0.113725,-0.863167,0.219699,0.942756,-0.238154,-0.296887,0.235752,328.12,0.045523,12.2697,0.4277
-48,0.000085,0.213591,957.48,952.94,2343.75,0.480503,0.180392,-0.674283,-0.091625,1.089481,-0.162333,-0.276116,0.114875,328.12,0.044945,12.0303,0.4250
-43,0.000078,0.215208,926.71,945.98,2250.00,0.522867,0.258824,-0.675894,0.083826,1.008776,-0.053691,-0.422927,0.059911,328.12,0.049710,12.3040,0.4714
-37,0.000088,0.136192,1053.93,980.03,2390.62,0.568460,0.164706,-0.792191,-0.141149,0.911083,-0.247879,-0.044446,0.314583,328.12,0.042207,11.4708,0.3539
-32,0.000091,0.138110,1084.82,990.90,2484.38,0.571516,0.152941,-0.860889,-0.396317,1.067635,-0.372038,0.101791,0.459818,375.00,0.048977,14.2319,0.2871
-27,0.000094,0.125021,1061.51,1016.47,2531.25,0.535049,0.098039,-0.949105,-0.425812,1.231264,-0.306952,-0.022457,0.473063,375.00,0.053434,15.7302,0.2864
-21,0.000099,0.209996,1149.17,1058.66,2578.12,0.584749,0.125490,-1.162469,-0.195795,1.122415,-0.238860,-0.125047,0.599756,375.00,0.052951,13.4977,0.2857
-16,0.000101,0.212803,1042.88,994.45,2484.38,0.566112,0.156863,-1.200591,-0.038351,1.134818,-0.265308,0.041399,0.328033,328.12,0.055273,14.1028,0.3091
-11,0.000091,0.186984,984.07,953.37,2250.00,0.526715,0.200000,-1.061414,0.066359,1.022647,-0.246929,0.006491,0.212848,328.12,0.056961,14.1946,0.3527
-5,0.000145,0.172147,972.34,952.13,2250.00,0.519487,0.188235,-0.896914,0.238376,0.943793,-0.348685,-0.078386,0.141816,328.12,0.052825,13.2746,0.4107
0,0.000228,0.406864,928.02,960.88,2203.12,0.527525,0.062745,-0.399467,0.437223,0.544971,-0.164207,-0.217746,-0.200773,328.12,0.050444,9.0589,0.5568
5,0.005242,0.916247,491.07,527.15,843.75,0.224797,0.003922,0.318193,0.818737,0.820970,0.460095,-0.814419,-1.603577,140.62,0.471506,7.1363,0.8554
11,0.003264,0.652257,509.69,554.46,890.62,0.256379,0.023529,0.364695,0.846948,0.715279,0.337502,-0.550521,-1.713903,140.62,1.690175,8.9400,0.8504
16,0.005552,0.240084,573.07,585.64,1031.25,0.279342,0.011765,0.289971,0.666412,0.548872,0.489625,-0.331460,-1.663421,140.62,2.217064,10.4619,0.8139
21,0.003196,0.296390,596.85,593.74,1031.25,0.304080,0.039216,-0.254778,0.673101,0.797119,0.490553,-0.246166,-1.459828,140.62,1.744638,6.7641,0.7431
27,0.004146,0.223846,773.06,753.87,1406.25,0.469643,0.019608,-0.503868,0.321339,0.505440,0.478035,-0.061521,-0.739424,187.50,1.357832,5.8565,0.5767
32,0.004159,0.182229,830.80,808.68,1687.50,0.545001,0.015686,-0.071585,0.226984,0.253129,0.295800,-0.071725,-0.632603,93.75,1.308160,5.8748,0.6058
37,0.004178,0.272797,652.11,665.49,1218.75,0.377290,0.019608,0.178771,0.620522,0.174417,0.407930,-0.156766,-1.224874,140.62,2.057408,9.4060,0.7485
43,0.001873,0.232276,569.14,498.42,984.38,0.217224,0.023529,-0.009216,0.667964,0.799237,0.740950,-0.242000,-1.956935,140.62,1.477971,6.4177,0.8067
48,0.002706,0.089472,606.62,530.99,1031.25,0.253008,0.019608,-0.411367,0.570603,0.952670,0.727663,-0.249127,-1.590442,281.25,1.364044,7.8916,0.7309
53,0.002567,0.164091,712.81,586.71,1218.75,0.336928,0.027451,-1.500483,0.296029,1.132265,0.918895,0.309691,-1.156398,421.88,0.862307,6.4990,0.4554
59,0.003410,0.226070,756.11,571.61,1312.50,0.307171,0.015686,-1.699588,0.180498,1.078537,1.186365,0.469248,-1.215060,468.75,0.905756,6.1428,0.4045
64,0.001840,0.226144,745.82,638.44,1218.75,0.344469,0.027451,-1.431361,0.371316,1.010443,1.014166,0.000484,-0.965049,468.75,0.912891,5.8135,0.4881
69,0.003187,0.229481,669.47,576.08,1171.88,0.305692,0.019608,-0.598610,0.590432,0.879067,0.573875,0.165923,-1.610685,281.25,1.276492,7.6807,0.6722
75,0.003771,0.177782,691.21,590.66,1312.50,0.340038,0.015686,-0.528629,0.202370,0.916711,0.707913,0.083391,-1.381756,328.12,1.087331,7.2411,0.6192
80,0.002636,0.339274,690.53,643.92,1312.50,0.372882,0.027451,-1.020008,0.536739,0.903992,0.714564,-0.156095,-0.979192,281.25,1.174465,6.3946,0.5808
85,0.003391,0.207079,623.67,550.91,1078.12,0.284555,0.015686,-0.379287,0.559829,0.823630,0.797342,-0.204950,-1.596564,234.38,1.035192,5.5565,0.7293
91,0.003111,0.140663,614.35,525.57,1078.12,0.245647,0.015686,-0.058471,0.665370,0.597357,0.732975,-0.102716,-1.834515,234.38,0.946414,5.6427,0.7811
96,0.002048,0.219507,538.71,496.34,1031.25,0.197493,0.023529,0.069512,0.830319,0.861553,0.576101,-0.226687,-2.110798,140.62,1.289038,7.7487,0.8346
101,0.002099,0.150202,693.96,628.29,1265.62,0.356679,0.031373,-0.409154,0.300152,0.800493,0.672825,-0.094549,-1.269766,328.12,0.982412,6.9377,0.6520
107,0.002430,0.173295,812.82,776.77,1500.00,0.520425,0.019608,-0.257246,0.300449,0.311249,0.465850,-0.061102,-0.759200,140.62,0.990232,7.3882,0.6063
112,0.001996,0.118865,705.78,695.22,1406.25,0.377922,0.015686,-0.002486,0.439772,0.418570,0.386733,-0.059246,-1.183342,140.62,1.078572,9.3495,0.6985
117,0.003912,0.140533,640.13,563.31,1125.00,0.264563,0.011765,-0.073239,0.444644,0.655318,0.664243,-0.021002,-1.669964,140.62,1.058243,9.0354,0.7371
123,0.001331,0.324386,566.04,516.80,1031.25,0.230433,0.027451,-0.169980,0.829567,0.854488,0.530189,-0.125762,-1.918501,281.25,1.172526,7.7805,0.7944
128,0.002569,0.166508,582.81,527.34,1031.25,0.261898,0.023529,-0.277176,0.727656,0.906205,0.559738,-0.144975,-1.771448,281.25,1.129537,7.2405,0.7656
133,0.002032,0.122436,671.48,599.91,1218.75,0.322140,0.019608,-0.123006,0.454800,0.438315,0.776866,-0.141785,-1.405190,281.25,0.712068,6.9776,0.7190
139,0.001926,0.301804,593.25,540.86,1078.12,0.264782,0.011765,-0.153089,0.600764,0.809937,0.701999,-0.250231,-1.709379,328.12,0.877278,7.0794,0.7692
144,0.002264,0.085452,570.08,522.46,937.50,0.225562,0.023529,-0.313623,0.693775,0.994201,0.693272,-0.337470,-1.730155,328.12,0.961521,9.1480,0.7727
149,0.001923,0.163058,587.36,516.23,890.62,0.237123,0.011765,-0.234358,0.450425,0.977843,0.896317,-0.461003,-1.629223,328.12,0.833344,8.0729,0.7601
155,0.001677,0.192915,619.44,560.50,1031.25,0.281445,0.035294,-0.232837,0.615694,0.625278,0.806820,-0.316655,-1.498300,140.62,0.827036,7.8582,0.7501
160,0.001846,0.119101,590.90,584.97,1078.12,0.289836,0.023529,0.089826,0.768382,0.469051,0.562944,-0.354265,-1.535938,140.62,0.904955,10.2389,0.7981
165,0.001199,0.250307,765.18,775.45,1546.88,0.498334,0.031373,0.031561,0.424035,0.208660,0.391303,-0.281012,-0.774546,140.62,0.786263,8.1829,0.6804
171,0.001568,0.225153,973.66,891.39,2015.62,0.673108,0.023529,-0.179104,0.252236,-0.204953,0.354522,0.045828,-0.268530,140.62,0.790305,7.2713,0.5369
176,0.001652,0.127159,810.36,795.36,1640.62,0.524050,0.011765,-0.160235,0.493340,0.036794,0.318908,-0.032245,-0.656562,140.62,0.833753,10.0038,0.6250
181,0.002114,0.206659,599.57,533.52,1031.25,0.232957,0.007843,0.058972,0.714517,0.452632,0.670187,-0.059943,-1.836365,140.62,0.908173,10.5073,0.7916
187,0.001457,0.210550,541.14,519.99,984.38,0.234204,0.023529,0.153426,0.841943,0.711727,0.489533,-0.326064,-1.870566,140.62,0.928282,10.0397,0.8315
192,0.001009,0.129411,553.64,565.45,1031.25,0.266786,0.035294,0.189003,0.841592,0.751533,0.248502,-0.380804,-1.649825,140.62,0.713655,8.8397,0.8221
197,0.001325,0.159233,702.91,707.57,1312.50,0.420919,0.023529,-0.143260,0.562506,0.607514,0.165382,-0.162855,-1.029287,281.25,0.559803,8.3623,0.6912
203,0.001440,0.248458,621.48,590.78,1125.00,0.311554,0.019608,-0.155105,0.608754,0.677552,0.561932,-0.159908,-1.533224,140.62,0.552069,8.0706,0.7452
208,0.001598,0.207215,579.58,490.60,984.38,0.211193,0.023529,-0.283322,0.613571,0.918829,0.837040,-0.168122,-1.917997,187.50,0.574455,8.3700,0.7700
213,0.001413,0.185263,511.60,499.52,890.62,0.212299,0.011765,0.059617,0.831945,0.943282,0.487959,-0.379064,-1.943739,140.62,0.576804,8.1257,0.8330
219,0.001234,0.247288,511.42,580.08,937.50,0.279709,0.007843,0.496409,0.824414,0.653933,0.214867,-0.526485,-1.663140,140.62,0.699711,10.1630,0.8526
224,0.001177,0.131199,485.92,504.98,843.75,0.204651,0.007843,0.536996,0.877441,0.728567,0.463604,-0.651980,-1.954628,140.62,0.665954,10.6676,0.8819
229,0.001156,0.273433,530.84,490.14,843.75,0.204194,0.003922,-0.034394,0.865258,0.793234,0.828176,-0.555204,-1.897070,187.50,0.569247,9.9252,0.8377
235,0.001131,0.192803,564.14,532.18,890.62,0.234318,0.007843,-0.113109,0.818394,0.775802,0.679535,-0.383162,-1.777459,140.62,0.470603,9.0517,0.8074
240,0.001221,0.255215,636.57,668.43,1125.00,0.374538,0.015686,-0.038272,0.627984,0.590721,0.447794,-0.544040,-1.084188,140.62,0.549915,9.1764,0.7519
245,0.001386,0.296418,783.03,815.77,1640.62,0.520179,0.007843,0.155440,0.261811,0.260043,0.396016,-0.426714,-0.646597,140.62,0.622850,9.4144,0.6781
251,0.001055,0.181065,587.33,672.03,1078.12,0.361537,0.027451,0.351947,0.685253,0.306170,0.360170,-0.484808,-1.218733,140.62,0.739715,11.6862,0.7974
256,0.000900,0.144294,480.82,470.92,796.88,0.177126,0.015686,0.248010,0.985681,0.794080,0.630469,-0.574664,-2.083577,187.50,0.597139,11.4184,0.8750
261,0.000928,0.177763,556.30,530.71,890.62,0.247721,0.015686,-0.157235,0.802862,0.835955,0.697882,-0.579916,-1.599548,187.50,0.414074,8.8667,0.8042
267,0.000988,0.243275,723.42,720.93,1359.38,0.429143,0.007843,-0.388811,0.402001,0.669781,0.364225,-0.157146,-0.890050,281.25,0.350941,7.2290,0.6295
272,0.000992,0.312055,792.73,805.77,1593.75,0.531522,0.007843,-0.141524,0.151414,0.523017,0.388385,-0.323371,-0.597922,93.75,0.379094,6.1731,0.6143
277,0.000707,0.168462,645.20,704.62,1171.88,0.401515,0.031373,0.267902,0.683001,0.155741,0.476993,-0.551057,-1.032579,140.62,0.504763,10.0850,0.7803
283,0.000922,0.167125,558.66,629.58,937.50,0.320273,0.031373,0.221386,0.923318,0.353821,0.400249,-0.580191,-1.318583,187.50,0.475157,11.6066,0.8208
288,0.000768,0.166857,491.89,566.54,843.75,0.235686,0.007843,0.415285,0.938934,0.680407,0.276165,-0.674899,-1.635891,140.62,0.392272,10.7742,0.8621
293,0.000738,0.203014,486.12,507.53,796.88,0.201804,0.043137,0.391082,0.885346,0.866415,0.509249,-0.708208,-1.943884,140.62,0.411642,10.9609,0.8770
299,0.000760,0.102886,514.43,536.94,890.62,0.226773,0.015686,0.341003,0.800230,0.733432,0.320976,-0.498052,-1.697589,140.62,0.403810,11.5635,0.8414
304,0.000567,0.183368,591.90,677.20,1125.00,0.345910,0.047059,0.309157,0.824496,0.257584,0.223320,-0.496335,-1.118222,140.62,0.424582,12.5773,0.7980
309,0.000456,0.276190,772.80,789.00,1593.75,0.511205,0.015686,-0.258267,0.562192,0.397214,0.256750,-0.283910,-0.673979,140.62,0.298347,8.0981,0.6527
315,0.000301,0.199199,691.68,663.22,1125.00,0.384861,0.031373,-0.649956,0.298770,0.956212,0.673425,-0.313880,-0.964572,468.75,0.191110,6.5890,0.6139
320,0.000455,0.108389,671.98,590.22,1078.12,0.324093,0.050980,-0.744005,0.294118,0.832002,1.005727,-0.138983,-1.248859,468.75,0.142393,6.9359,0.6151
325,0.000780,0.257151,637.05,664.90,1078.12,0.331103,0.023529,0.080925,0.469590,0.541165,0.609308,-0.437593,-1.263394,140.62,0.128830,7.0284,0.7551
331,0.000505,0.493825,557.26,624.55,984.38,0.299386,0.058824,0.409946,0.802160,0.252998,0.411618,-0.454601,-1.422122,140.62,0.286413,9.0220,0.8241
336,0.000363,0.163903,550.72,621.29,937.50,0.301490,0.066667,0.244679,0.899626,0.519516,0.313602,-0.617132,-1.360290,140.62,0.332838,10.4414,0.8265
341,0.000351,0.078797,547.95,607.99,890.62,0.290033,0.027451,0.173223,0.872093,0.676855,0.405700,-0.740508,-1.387363,281.25,0.203370,8.8110,0.8301
347,0.000465,0.158487,648.30,585.02,1078.12,0.306867,0.066667,-0.319035,0.597528,0.626900,0.844677,-0.298210,-1.451860,281.25,0.143210,7.7086,0.7339
352,0.000566,0.304592,664.02,605.53,1031.25,0.315834,0.019608,-0.131386,0.518568,0.411723,0.792104,-0.257789,-1.333219,140.62,0.141382,6.8017,0.7289
357,0.000286,0.335099,645.14,660.40,1078.12,0.356289,0.047059,0.158340,0.688112,0.092740,0.631176,-0.441408,-1.128959,140.62,0.245242,8.9922,0.7700
363,0.000319,0.114767,724.91,723.72,1312.50,0.419120,0.062745,-0.121585,0.611272,0.166553,0.531596,-0.298726,-0.889109,140.62,0.187645,7.4484,0.6982
368,0.000360,0.070612,726.66,678.98,1125.00,0.383790,0.047059,-0.558133,0.518619,0.463901,0.765480,-0.185937,-1.003929,281.25,0.118504,6.8879,0.6400
373,0.000484,0.249207,647.46,634.20,1031.25,0.328344,0.058824,-0.189067,0.639210,0.512005,0.719220,-0.481690,-1.199677,140.62,0.150416,8.2455,0.7438
379,0.000391,0.222120,610.74,669.40,1125.00,0.340311,0.039216,0.213526,0.711239,0.476692,0.307901,-0.545341,-1.164017,140.62,0.217822,10.9735,0.7887
384,0.000404,0.219869,714.72,766.44,1453.12,0.465955,0.047059,0.243102,0.567748,0.190473,0.165813,-0.345488,-0.821647,140.62,0.245014,10.8233,0.7289
389,0.000391,0.156867,619.98,643.85,1031.25,0.342594,0.054902,0.189653,0.611120,0.382207,0.553554,-0.532369,-1.204166,140.62,0.217461,10.2702,0.7805
395,0.000269,0.168250,542.41,591.41,843.75,0.263693,0.054902,0.197925,0.785860,0.689023,0.431653,-0.734933,-1.369529,140.62,0.196494,10.4013,0.8241
400,0.000244,0.161458,574.78,635.73,1078.12,0.311458,0.050980,0.402755,0.788076,0.430583,0.136819,-0.501075,-1.257158,140.62,0.187636,11.8113,0.8137

----- END /raw_A#0_r01_321554.csv -----
----- BEGIN /raw_A#0_r02_323522.csv (17288 bytes) -----
ms_from_event,rms,flux,centroid_hz,spread_hz,rolloff85_hz,flatness,zcr,band0,band1,band2,band3,band4,band5,peak_hz,peak_mag,peak_ratio,low_dom
-208,0.000113,0.238031,948.31,987.60,2437.50,0.559972,0.117647,-0.631526,0.513171,0.790122,-0.150107,-0.464358,-0.057303,281.25,0.071347,11.7641,0.5502
-203,0.000098,0.158315,834.64,962.44,2109.38,0.471376,0.113725,-0.359241,0.816181,0.834948,-0.473795,-0.644155,-0.173938,281.25,0.073203,12.8375,0.6542
-197,0.000085,0.162179,857.99,933.60,2109.38,0.451146,0.180392,-0.514458,0.542296,0.980695,-0.424159,-0.503620,-0.080753,328.12,0.056241,12.0986,0.5759
-192,0.000088,0.200231,880.91,920.25,2156.25,0.509528,0.196078,-0.706369,0.434526,0.793554,0.024554,-0.420430,-0.125835,328.12,0.038264,8.2424,0.5342
-187,0.000113,0.201908,969.23,986.51,2390.62,0.541916,0.145098,-0.792925,0.270968,0.808702,0.171206,-0.438904,-0.019047,375.00,0.032913,7.5159,0.4920
-181,0.000092,0.265366,924.66,970.62,2203.12,0.528420,0.196078,-0.684250,0.375060,0.842277,-0.146354,-0.331429,-0.055304,328.12,0.050469,9.8452,0.5097
-176,0.000142,0.128167,988.40,979.95,2343.75,0.594063,0.050980,-0.855786,0.407246,0.830885,-0.242313,-0.228033,0.088001,328.12,0.057004,12.0391,0.4615
-171,0.000097,0.248573,824.24,914.76,2015.62,0.461433,0.145098,-0.679843,0.791008,0.883833,-0.415942,-0.416148,-0.162908,281.25,0.057494,10.6313,0.5854
-165,0.000060,0.143546,847.27,924.10,1968.75,0.501788,0.333333,-0.955405,0.830382,0.842868,-0.234507,-0.269849,-0.213490,281.25,0.061757,11.5380,0.5447
-160,0.000081,0.162244,923.41,905.63,2203.12,0.526980,0.266667,-0.842504,0.191271,0.794034,0.360406,-0.447311,-0.055896,328.12,0.032156,8.0034,0.4815
-155,0.000108,0.178184,1099.24,1025.40,2578.12,0.584522,0.082353,-0.628593,-0.160967,0.632800,0.156580,-0.315794,0.315973,328.12,0.026818,7.9149,0.4025
-149,0.000112,0.385966,1012.63,1005.16,2437.50,0.539530,0.164706,-0.898043,0.148938,0.938199,-0.111645,-0.211813,0.134364,328.12,0.043097,9.3742,0.4168
-144,0.000136,0.255953,881.57,931.40,2156.25,0.512008,0.090196,-0.476242,0.390196,0.669165,-0.141119,-0.269559,-0.172440,328.12,0.055579,10.6028,0.5444
-139,0.000129,0.270148,795.91,911.40,1921.88,0.454784,0.101961,-0.357567,0.671106,0.828329,-0.177333,-0.671737,-0.292798,328.12,0.057856,9.9571,0.6545
-133,0.000105,0.209394,867.92,967.51,2156.25,0.513749,0.168627,-0.315090,0.576365,0.726964,-0.262783,-0.567689,-0.157767,328.12,0.065784,10.4586,0.6209
-128,0.000089,0.083136,902.75,976.24,2203.12,0.505378,0.262745,-0.297301,0.474809,0.782651,-0.456507,-0.430959,-0.072692,328.12,0.060398,11.3700,0.5843
-123,0.000096,0.126760,942.44,1006.73,2343.75,0.516613,0.184314,-0.310831,0.601023,0.663558,-0.464694,-0.537650,0.048593,281.25,0.046968,10.9349,0.5962
-117,0.000080,0.180798,1016.87,1023.05,2437.50,0.593418,0.352941,-0.550543,0.354865,0.625605,-0.115960,-0.373177,0.059207,281.25,0.038836,8.8806,0.5148
-112,0.000078,0.133189,1118.60,1058.70,2625.00,0.638763,0.254902,-0.548856,0.211998,0.561175,-0.154048,-0.339123,0.268852,328.12,0.038083,9.3519,0.4667
-107,0.000121,0.170089,1161.22,1069.17,2625.00,0.673391,0.125490,-0.628388,0.433424,0.428092,-0.269537,-0.288516,0.324924,281.25,0.031596,8.3187,0.4711
-101,0.000104,0.305351,1009.88,1023.87,2484.38,0.574308,0.141176,-0.605495,0.576393,0.718251,-0.423126,-0.351018,0.084996,281.25,0.049993,10.4033,0.5296
-96,0.000088,0.207637,934.51,956.08,2203.12,0.542314,0.215686,-0.468183,0.437643,0.715424,-0.273286,-0.344420,-0.067177,328.12,0.051406,9.9205,0.5475
-91,0.000083,0.212209,1057.62,964.36,2250.00,0.635457,0.258824,-0.665087,-0.085668,0.616235,0.001023,0.033497,0.100002,328.12,0.040904,8.6171,0.3912
-85,0.000099,0.124140,1138.05,1012.18,2531.25,0.649762,0.105882,-0.770667,-0.350690,0.633371,0.108305,0.103202,0.276479,375.00,0.042138,9.9047,0.3207
-80,0.000094,0.249377,1073.52,1009.06,2531.25,0.590654,0.196078,-1.033160,0.092392,0.866685,-0.127334,-0.030841,0.232258,328.12,0.049583,11.7869,0.3610
-75,0.000108,0.201450,1029.99,980.23,2437.50,0.588434,0.141176,-1.073971,0.300737,0.873143,-0.120002,-0.106549,0.126641,281.25,0.050734,11.6548,0.4021
-69,0.000115,0.165953,932.65,979.94,2203.12,0.509986,0.113725,-0.557639,0.528801,0.817545,-0.369423,-0.336310,-0.082973,281.25,0.056765,12.7433,0.5487
-64,0.000078,0.195345,936.18,984.43,2250.00,0.528177,0.203922,-0.496007,0.605314,0.693798,-0.309949,-0.467604,-0.025552,281.25,0.057907,12.0534,0.5747
-59,0.000105,0.203400,923.63,967.61,2343.75,0.539391,0.117647,-0.466682,0.539355,0.653890,-0.287878,-0.405041,-0.033643,328.12,0.042328,8.5381,0.5636
-53,0.000085,0.211416,1010.56,985.56,2390.62,0.571145,0.200000,-0.955312,0.012205,0.988946,-0.058211,-0.215785,0.228157,328.12,0.053439,11.9182,0.3828
-48,0.000103,0.150022,983.16,972.14,2343.75,0.539485,0.090196,-1.768828,0.309748,1.161660,0.215260,-0.263250,0.345412,328.12,0.053088,12.4733,0.3163
-43,0.000103,0.208572,1044.12,1001.81,2484.38,0.587046,0.164706,-1.024481,-0.117119,0.918050,0.130308,-0.253330,0.346572,375.00,0.045888,11.2169,0.3504
-37,0.000088,0.255324,869.02,919.31,2109.38,0.486301,0.184314,-0.576389,0.189607,0.922463,0.068793,-0.486562,-0.117913,328.12,0.057596,12.4098,0.5272
-32,0.000081,0.158770,850.58,929.97,2109.38,0.469669,0.231373,-0.496655,0.499908,0.902014,-0.206607,-0.541289,-0.157371,328.12,0.049848,11.5083,0.5868
-27,0.000070,0.118222,1042.14,1050.04,2578.12,0.588877,0.270588,-0.818675,0.432852,0.930902,-0.406767,-0.401503,0.263192,281.25,0.040538,10.8421,0.4691
-21,0.000121,0.248217,1186.81,1090.99,2718.75,0.578565,0.121569,-1.105250,0.259128,0.825541,-0.152930,-0.355140,0.528649,281.25,0.028980,8.6554,0.3752
-16,0.000417,0.433552,865.36,988.10,2343.75,0.470438,0.019608,-0.157929,0.588846,0.799784,-0.496075,-0.725323,-0.009303,328.12,0.042190,8.5156,0.6417
-11,0.001439,0.607750,454.12,723.47,750.00,0.262169,0.043137,1.136148,1.287210,0.165555,-0.786562,-0.993789,-0.808562,93.75,0.172371,15.0062,0.8921
-5,0.001705,0.634084,400.61,645.01,750.00,0.216712,0.007843,1.362307,1.433090,-0.479069,-0.459999,-0.680767,-1.175562,140.62,0.559063,19.1905,0.9110
0,0.001722,0.395606,442.51,663.63,984.38,0.246513,0.027451,1.229508,1.360324,-0.440859,-0.442559,-0.449642,-1.256772,140.62,1.003433,21.1182,0.8955
5,0.003899,0.380152,651.73,780.35,1312.50,0.378311,0.023529,0.672962,0.997419,-0.562226,-0.052774,-0.203787,-0.851594,140.62,1.159320,16.3589,0.7962
11,0.005024,0.577455,774.30,744.66,1312.50,0.435529,0.019608,0.152325,0.365512,-0.174829,0.482282,0.064020,-0.889311,93.75,1.273643,7.8560,0.6619
16,0.003244,0.431557,737.51,721.24,1312.50,0.416129,0.015686,-0.467721,0.502802,0.443082,0.506454,-0.087073,-0.897544,234.38,1.823250,7.0785,0.6248
21,0.006025,0.168609,669.64,634.08,1171.88,0.349711,0.007843,-0.879736,0.680325,0.829016,0.584396,-0.080330,-1.133671,234.38,2.444630,10.7244,0.6242
27,0.004708,0.156713,595.12,556.29,1031.25,0.254033,0.007843,-0.477046,0.821296,0.753195,0.683624,-0.192372,-1.588697,234.38,2.323646,10.2249,0.7432
32,0.005797,0.306424,588.35,584.61,1125.00,0.271704,0.011765,0.279433,0.753419,0.250841,0.575384,-0.147097,-1.711981,140.62,2.203491,7.9651,0.8094
37,0.005320,0.200694,656.11,711.73,1312.50,0.395995,0.011765,0.386753,0.664883,0.090134,0.112062,-0.113779,-1.140052,93.75,2.824682,10.4006,0.7600
43,0.004428,0.281189,721.44,770.78,1359.38,0.470030,0.023529,-0.150653,0.603370,0.458454,0.092066,-0.193643,-0.809594,234.38,2.571517,7.9652,0.6744
48,0.005045,0.120986,719.18,667.10,1218.75,0.403989,0.007843,-0.797170,0.500622,0.745744,0.521368,0.087684,-1.058248,234.38,2.685338,10.5934,0.5835
53,0.002437,0.175509,600.52,529.96,1125.00,0.224779,0.019608,-0.458714,0.891773,0.740663,0.638635,0.071509,-1.883866,234.38,2.632946,10.6511,0.7545
59,0.003698,0.078814,683.99,602.08,1218.75,0.302938,0.023529,-0.681769,0.801726,0.548130,0.508127,0.272126,-1.448340,234.38,2.033090,11.4580,0.6566
64,0.003504,0.248130,719.49,628.93,1218.75,0.351133,0.015686,-0.319472,0.499278,0.319489,0.462138,0.261147,-1.222580,187.50,1.318746,7.3385,0.6389
69,0.002856,0.308501,628.92,609.79,1218.75,0.324021,0.011765,-0.129924,0.575735,0.762406,0.338513,-0.046968,-1.499760,234.38,1.427766,6.8959,0.7303
75,0.003323,0.144914,649.54,604.79,1312.50,0.310287,0.019608,-0.439339,0.740537,0.765080,0.390228,0.157331,-1.613837,234.38,1.791885,10.6626,0.7066
80,0.004367,0.218270,685.06,618.71,1312.50,0.303181,0.007843,-0.305724,0.812487,0.336099,0.275172,0.330190,-1.448224,187.50,1.503848,9.0430,0.6926
85,0.005342,0.341856,832.40,773.43,1546.88,0.491662,0.015686,0.057095,0.508364,-0.255653,0.216645,0.289413,-0.815864,140.62,1.913894,9.6495,0.6332
91,0.004327,0.361030,886.19,855.92,1781.25,0.585698,0.027451,0.068984,0.308437,-0.034220,0.147723,0.072961,-0.563884,93.75,2.161581,7.8359,0.6069
96,0.002507,0.207235,645.46,732.73,1312.50,0.390863,0.031373,0.184080,0.757633,0.334162,-0.037620,-0.196008,-1.042245,140.62,2.488232,9.3628,0.7484
101,0.002466,0.124410,687.37,647.70,1218.75,0.366630,0.039216,-0.128281,0.614426,0.433500,0.342680,-0.031056,-1.231268,140.62,1.545016,7.8840,0.7056
107,0.002160,0.156772,779.94,618.09,1359.38,0.368120,0.027451,-0.445897,0.405474,0.067733,0.909583,0.273549,-1.210442,187.50,0.986558,6.6164,0.6102
112,0.003314,0.212333,825.78,671.20,1546.88,0.435827,0.015686,-0.304490,0.213690,0.127021,0.616986,0.387626,-1.040834,140.62,0.930310,6.7983,0.5698
117,0.002853,0.311439,803.68,763.03,1546.88,0.500454,0.019608,-0.105288,0.432944,0.338315,-0.039770,0.198412,-0.824613,140.62,1.151168,7.2428,0.6170
123,0.003263,0.237425,617.76,646.51,1171.88,0.354587,0.015686,0.154569,0.828907,0.376913,0.242563,-0.312670,-1.290283,140.62,1.661137,10.0734,0.7847
128,0.001858,0.118018,606.45,570.53,1078.12,0.241630,0.031373,0.224440,0.858940,0.175790,0.561289,-0.174980,-1.645478,140.62,1.638164,10.9512,0.8103
133,0.003304,0.194745,660.79,590.92,1171.88,0.296683,0.007843,-0.094001,0.696901,0.311269,0.475083,0.225293,-1.614545,234.38,1.003987,6.7271,0.7303
139,0.004175,0.211403,644.72,639.62,1218.75,0.326059,0.011765,0.066395,0.682099,0.473250,0.157480,-0.049426,-1.329797,281.25,1.187564,8.5318,0.7434
144,0.002679,0.283814,576.21,582.53,1171.88,0.267415,0.019608,0.313855,0.861199,0.421389,0.153660,-0.019326,-1.730775,140.62,1.803398,10.2022,0.8119
149,0.002896,0.169568,542.86,543.52,1078.12,0.226285,0.007843,0.234941,0.999782,0.462341,0.317363,-0.113582,-1.900846,140.62,1.825866,10.3285,0.8354
155,0.001277,0.035090,557.60,571.23,1031.25,0.249527,0.023529,0.302321,0.920219,0.426141,0.427365,-0.388022,-1.688025,140.62,1.419765,12.0173,0.8388
160,0.002185,0.237223,611.68,648.90,1125.00,0.347733,0.007843,0.144112,0.790170,0.351218,0.398980,-0.456874,-1.227606,140.62,0.953122,7.9408,0.7874
165,0.003636,0.171720,813.40,778.12,1640.62,0.519477,0.007843,-0.140338,0.469297,0.018065,0.373826,-0.036725,-0.684125,187.50,0.659888,5.7324,0.6283
171,0.002583,0.330813,590.20,651.40,1125.00,0.320062,0.011765,0.345966,0.887168,0.386924,-0.016088,-0.239722,-1.364247,140.62,1.282589,9.8998,0.8051
176,0.002299,0.276205,489.71,504.99,937.50,0.204091,0.015686,0.469961,1.107145,0.435089,0.381967,-0.363382,-2.030780,140.62,1.813021,12.1415,0.8793
181,0.001629,0.157382,618.52,532.75,1078.12,0.224270,0.047059,0.463540,0.732571,-0.077479,0.777560,0.042784,-1.938977,140.62,1.449038,12.1214,0.8244
187,0.002366,0.168311,698.39,641.40,1218.75,0.356849,0.023529,0.017626,0.564615,0.107870,0.694827,-0.084430,-1.300508,140.62,0.748838,6.7308,0.7278
192,0.002078,0.257109,726.48,724.14,1359.38,0.423185,0.011765,-0.310866,0.616178,0.316888,0.507302,-0.164652,-0.964850,187.50,0.824228,7.1909,0.6720
197,0.001527,0.233057,668.47,630.25,1171.88,0.333632,0.019608,0.038503,0.658610,0.222948,0.549687,-0.097394,-1.372354,140.62,0.912545,8.2080,0.7471
203,0.001532,0.217570,671.17,627.00,1218.75,0.342262,0.027451,0.024735,0.557766,0.399764,0.556281,-0.056317,-1.482230,93.75,0.769193,7.2346,0.7428
208,0.001763,0.192189,751.68,669.85,1312.50,0.413697,0.023529,-0.060047,0.361220,-0.063143,0.816060,0.058528,-1.112618,140.62,0.536210,5.5457,0.6632
213,0.001505,0.238090,740.01,575.87,1171.88,0.342814,0.039216,-0.604881,0.326677,0.317730,1.100515,0.093658,-1.233699,187.50,0.575660,6.6852,0.6061
219,0.001799,0.247968,615.30,519.45,937.50,0.220946,0.011765,-0.407180,0.751686,0.805870,0.821616,-0.408324,-1.563669,281.25,0.630974,6.7880,0.7610
224,0.001416,0.186831,663.54,607.19,1171.88,0.329166,0.027451,-0.014432,0.516506,0.518256,0.651755,-0.279469,-1.392616,140.62,0.687927,7.6589,0.7478
229,0.002157,0.182724,756.52,720.21,1312.50,0.456163,0.019608,0.010658,0.473441,0.048526,0.528508,-0.189446,-0.871687,140.62,0.753885,8.5874,0.6841
235,0.001678,0.283163,605.24,569.83,890.62,0.277058,0.011765,0.055971,0.877467,0.206911,0.837765,-0.566416,-1.411698,140.62,0.901912,9.6442,0.8109
240,0.001605,0.126148,591.81,581.89,984.38,0.258898,0.015686,0.085198,0.991883,0.120644,0.711761,-0.380908,-1.528579,187.50,1.064790,13.1625,0.8166
245,0.001365,0.299626,657.68,657.29,1078.12,0.366743,0.019608,-0.132863,0.647656,0.590775,0.551992,-0.383175,-1.274385,234.38,0.708650,8.3270,0.7477
251,0.000991,0.164168,587.55,582.46,984.38,0.300933,0.039216,-0.248776,0.754690,0.739573,0.497951,-0.278873,-1.464566,234.38,0.606231,8.0063,0.7549
256,0.001349,0.139783,641.04,587.07,1171.88,0.284597,0.011765,-0.128034,0.686677,0.541524,0.563063,-0.224555,-1.438675,234.38,0.519299,7.7976,0.7523
261,0.001460,0.167305,617.08,558.69,984.38,0.273320,0.007843,0.037169,0.704801,0.510477,0.734934,-0.281594,-1.705788,140.62,0.455978,7.0129,0.7965
267,0.001746,0.264132,577.32,566.64,937.50,0.257449,0.027451,0.330202,0.635287,0.562102,0.688730,-0.446248,-1.770073,140.62,0.585994,7.9026,0.8307
272,0.001154,0.222903,535.39,529.34,937.50,0.217946,0.019608,0.242602,0.822316,0.610448,0.608718,-0.358697,-1.925387,187.50,0.655749,9.5786,0.8422
277,0.001690,0.234612,472.76,501.44,843.75,0.190337,0.007843,0.528150,1.093225,0.491949,0.540378,-0.683631,-1.970070,140.62,0.772681,10.2890,0.8945
283,0.001234,0.090061,531.84,578.68,937.50,0.268712,0.027451,0.433694,0.987302,0.404932,0.392894,-0.569878,-1.648943,140.62,0.779719,12.4087,0.8606
288,0.001526,0.241396,541.34,541.77,890.62,0.237009,0.011765,-0.019472,1.096536,0.596176,0.580315,-0.560218,-1.693336,187.50,0.740237,11.1163,0.8409
293,0.000976,0.210459,589.16,626.04,1031.25,0.329226,0.035294,0.165578,0.793997,0.611098,0.305192,-0.559530,-1.316336,140.62,0.692701,10.3697,0.8050
299,0.001035,0.117903,519.15,549.25,890.62,0.246938,0.015686,0.360478,0.923223,0.623306,0.342988,-0.611990,-1.638005,140.62,0.650232,11.0582,0.8541
304,0.000848,0.127237,565.22,508.23,937.50,0.216346,0.015686,0.343347,0.815937,0.428500,0.693537,-0.378598,-1.902724,140.62,0.555416,11.6740,0.8482
309,0.000572,0.229550,527.22,486.29,937.50,0.202021,0.043137,0.203254,0.970036,0.624601,0.763943,-0.524371,-2.037462,187.50,0.364540,7.6602,0.8662
315,0.001265,0.187638,601.65,601.55,1031.25,0.322875,0.007843,-0.101708,0.567847,0.798306,0.576704,-0.372703,-1.468445,234.38,0.376725,9.0328,0.7602
320,0.000940,0.332203,649.39,701.83,1171.88,0.407154,0.015686,0.261138,0.637087,0.278612,0.328149,-0.380467,-1.124520,93.75,0.464082,8.5315,0.7688
325,0.001089,0.145398,538.09,601.87,937.50,0.285622,0.007843,0.608712,0.901351,0.223283,0.312576,-0.539548,-1.506374,140.62,0.651168,12.9460,0.8554
331,0.000542,0.118351,479.95,540.73,937.50,0.210871,0.019608,0.697585,1.176792,-0.001133,0.381745,-0.400094,-1.854894,140.62,0.617513,17.3384,0.8874
336,0.000588,0.265041,497.16,539.04,937.50,0.239509,0.019608,0.360414,1.047001,0.545801,0.357666,-0.514725,-1.796157,140.62,0.445035,11.3552,0.8652
341,0.000797,0.269289,696.40,656.91,1171.88,0.369004,0.007843,-0.154855,0.419644,0.389833,0.686513,-0.251422,-1.089714,281.25,0.247981,6.8089,0.6906
347,0.000822,0.266225,758.78,767.41,1453.12,0.481836,0.015686,0.003485,0.275639,0.109616,0.549982,-0.289653,-0.649070,140.62,0.247848,5.9479,0.6477
352,0.000700,0.186626,584.55,666.44,1078.12,0.324583,0.023529,0.425677,0.778014,0.184716,0.235727,-0.427461,-1.196673,140.62,0.442633,12.3482,0.8044
357,0.000549,0.228694,563.94,573.72,984.38,0.268675,0.011765,0.556705,0.799316,0.080623,0.585118,-0.291909,-1.729854,93.75,0.385654,11.1654,0.8441
363,0.000476,0.175353,590.69,544.98,984.38,0.244881,0.066667,0.402750,0.584342,0.196569,0.802330,-0.301207,-1.684783,93.75,0.319441,9.8533,0.8156
368,0.000805,0.165637,579.78,616.06,1031.25,0.294086,0.011765,0.163834,0.826581,0.476922,0.312060,-0.310394,-1.469002,93.75,0.257727,9.8954,0.7998
373,0.000664,0.247918,518.69,593.68,1078.12,0.261726,0.011765,0.504232,1.026941,0.342279,0.027812,-0.321048,-1.580216,140.62,0.332260,11.4700,0.8476
379,0.000474,0.259943,548.32,623.67,1078.12,0.297976,0.015686,0.598425,0.749524,0.243710,0.163497,-0.356798,-1.398357,93.75,0.372125,11.1530,0.8251
384,0.000269,0.169574,644.96,704.36,1218.75,0.408021,0.047059,0.102439,0.542862,0.484954,0.231784,-0.367104,-0.994935,93.75,0.255040,8.0476,0.7318
389,0.000408,0.058206,672.30,705.96,1171.88,0.373887,0.023529,-0.047726,0.531084,0.550537,0.321887,-0.297027,-1.058755,93.75,0.134216,6.5552,0.7150
395,0.000427,0.179906,721.86,631.96,1078.12,0.343853,0.035294,-0.369179,0.332734,0.497280,0.819679,0.003026,-1.283541,140.62,0.102059,5.3043,0.6507
400,0.000470,0.246359,676.12,653.33,1078.12,0.361157,0.011765,-0.366614,0.489475,0.733007,0.554720,-0.207595,-1.202993,234.38,0.165732,7.4882,0.6828

----- END /raw_A#0_r02_323522.csv -----
=== KEY_DUMP_END key=A#0 ===
NEXT: B0
PRESS B0  rep 1/2  then hit Enter

> 
> REC OK: /raw_B0_r01_328850.csv
PRESS B0  rep 2/2  then hit Enter

> 
> REC OK: /raw_B0_r02_330428.csv
=== KEY_DUMP_BEGIN key=B0 files=2 ===
----- BEGIN /raw_B0_r01_328850.csv (17337 bytes) -----
ms_from_event,rms,flux,centroid_hz,spread_hz,rolloff85_hz,flatness,zcr,band0,band1,band2,band3,band4,band5,peak_hz,peak_mag,peak_ratio,low_dom
-208,0.000078,0.150108,965.35,1034.15,2390.62,0.521568,0.250980,-0.187198,0.483886,0.485375,-0.444468,-0.329661,-0.007934,140.62,0.039108,9.2450,0.5786
-203,0.000046,0.188509,1006.89,1060.73,2578.12,0.558392,0.431373,-0.552242,0.517712,0.637311,-0.366138,-0.364987,0.128344,187.50,0.034875,7.9753,0.5252
-197,0.000074,0.127833,1122.72,1053.07,2718.75,0.598051,0.258824,-0.732131,0.257380,0.608021,-0.273826,-0.095516,0.236072,375.00,0.018456,5.6041,0.4237
-192,0.000082,0.188091,1155.84,1086.84,2718.75,0.629163,0.117647,-0.725650,0.258006,0.660459,-0.334675,-0.225784,0.367645,375.00,0.024620,7.4560,0.4244
-187,0.000103,0.201634,1052.07,1066.90,2671.88,0.544732,0.156863,-0.599112,0.374911,0.739050,-0.316964,-0.490185,0.292302,375.00,0.037308,10.5210,0.4967
-181,0.000080,0.253624,975.94,1022.91,2531.25,0.489042,0.243137,-0.820310,0.259775,1.135537,-0.355301,-0.479971,0.260271,328.12,0.046641,12.4200,0.4575
-176,0.000076,0.209905,938.13,995.32,2437.50,0.509263,0.188235,-1.338213,0.420331,1.214283,0.001072,-0.435836,0.138361,375.00,0.042105,10.6459,0.4231
-171,0.000076,0.175769,1041.62,972.31,2437.50,0.599914,0.188235,-1.231863,0.136991,0.996343,0.012394,-0.108200,0.194336,375.00,0.038642,10.8588,0.3565
-165,0.000082,0.220034,1079.94,1003.32,2531.25,0.572644,0.211765,-0.832158,-0.060809,0.917550,-0.291422,-0.054821,0.321661,375.00,0.040564,11.2242,0.3590
-160,0.000098,0.198057,1106.73,1026.41,2531.25,0.611219,0.109804,-1.155676,0.126349,0.891617,-0.099562,-0.160892,0.398164,375.00,0.040141,11.0094,0.3468
-155,0.000090,0.259670,1079.59,1024.17,2484.38,0.541727,0.141176,-1.143430,-0.081623,1.037076,-0.168009,-0.038125,0.394111,375.00,0.047210,12.2071,0.3121
-149,0.000077,0.181263,1066.73,1016.69,2578.12,0.553498,0.180392,-0.892042,-0.472380,1.066389,-0.085282,0.034298,0.349017,375.00,0.053684,13.8681,0.2944
-144,0.000095,0.194223,1066.48,1024.61,2578.12,0.552049,0.129412,-1.380560,-0.016896,1.122280,-0.038437,-0.118510,0.432123,375.00,0.049041,12.9520,0.2983
-139,0.000092,0.173885,1114.23,1063.69,2718.75,0.562534,0.121569,-1.395778,0.128160,1.145743,-0.220861,-0.165821,0.508555,328.12,0.043250,11.4311,0.3089
-133,0.000095,0.244768,1057.26,1029.76,2578.12,0.558063,0.172549,-1.401695,0.302045,1.097434,-0.196251,-0.175125,0.373592,328.12,0.056329,14.1696,0.3432
-128,0.000075,0.236210,1062.90,1021.36,2531.25,0.547227,0.211765,-1.276849,0.020941,1.111499,-0.118762,-0.112424,0.375595,328.12,0.050559,11.7810,0.3187
-123,0.000066,0.153037,1171.71,1065.44,2671.88,0.547323,0.305882,-1.407857,-0.391557,1.237701,-0.199080,0.096666,0.664124,375.00,0.044401,12.4798,0.2175
-117,0.000082,0.186757,1347.81,1105.20,2906.25,0.659951,0.152941,-1.475227,-0.282890,0.952405,-0.104110,0.080697,0.829125,421.88,0.028936,9.5237,0.2085
-112,0.000089,0.258474,1135.91,1013.01,2484.38,0.619086,0.164706,-1.143168,-0.357346,0.953699,0.026210,0.102420,0.418185,375.00,0.033924,9.9063,0.2669
-107,0.000089,0.245734,1098.81,1022.07,2531.25,0.603404,0.172549,-0.995547,-0.226234,0.973157,-0.121909,0.034731,0.335803,375.00,0.048541,12.3733,0.3108
-101,0.000083,0.179970,1146.62,1084.24,2625.00,0.577708,0.172549,-0.810330,-0.134479,0.997839,-0.482908,-0.033752,0.463630,375.00,0.049158,12.7907,0.3346
-96,0.000086,0.144933,1125.37,1084.57,2625.00,0.533428,0.188235,-0.836581,-0.255991,1.135869,-0.391788,-0.186248,0.534738,375.00,0.049626,13.6684,0.3273
-91,0.000071,0.197588,998.96,1021.69,2484.38,0.535913,0.321569,-0.877594,0.130555,1.070919,-0.181830,-0.406778,0.264728,375.00,0.044754,11.5348,0.4249
-85,0.000095,0.144706,1087.46,1038.38,2578.12,0.592390,0.101961,-0.856730,-0.136302,0.927501,-0.058923,-0.157388,0.281843,375.00,0.040000,12.0659,0.3638
-80,0.000082,0.225803,1007.68,995.85,2437.50,0.570445,0.152941,-0.732908,-0.092714,0.957551,-0.088591,-0.210611,0.167274,375.00,0.042435,11.6722,0.4034
-75,0.000094,0.243290,1050.64,991.88,2437.50,0.547668,0.223529,-1.125401,0.081467,1.026702,-0.172744,-0.169825,0.359799,328.12,0.047217,11.7618,0.3505
-69,0.000093,0.148531,1155.28,1017.48,2531.25,0.625027,0.172549,-1.259378,-0.207705,1.027037,-0.060045,-0.116325,0.616417,328.12,0.045685,11.3620,0.2722
-64,0.000084,0.232704,1001.50,990.95,2484.38,0.542410,0.172549,-0.876781,0.052667,0.948024,0.090663,-0.425822,0.211248,375.00,0.046946,10.5283,0.4244
-59,0.000088,0.137772,1133.50,1068.22,2671.88,0.600179,0.164706,-0.772328,0.002250,0.946982,-0.231367,-0.405225,0.459688,375.00,0.046310,12.0419,0.3984
-53,0.000108,0.271158,923.36,956.91,2296.88,0.523962,0.121569,-0.792046,0.202529,1.017656,-0.038613,-0.465422,0.075895,328.12,0.043426,11.0352,0.4750
-48,0.000079,0.216088,843.04,915.46,2062.50,0.493933,0.203922,-0.400764,0.339087,0.897403,-0.061729,-0.649592,-0.124406,328.12,0.055553,12.7413,0.5881
-43,0.000089,0.187256,938.83,1002.60,2250.00,0.534855,0.125490,-0.346845,0.282757,0.861077,-0.307809,-0.495298,0.006119,375.00,0.041512,9.7058,0.5529
-37,0.000094,0.198284,1122.36,1096.41,2718.75,0.584206,0.180392,-0.537493,0.076839,0.701860,-0.299741,-0.251352,0.309887,375.00,0.042402,10.6286,0.4355
-32,0.000084,0.323419,1058.01,1063.19,2578.12,0.601579,0.172549,-0.551252,0.177932,0.790163,-0.226997,-0.356824,0.166977,328.12,0.044143,9.4614,0.4771
-27,0.000172,0.196746,962.71,1002.67,2437.50,0.563432,0.070588,-0.501400,0.259981,0.754539,-0.118177,-0.397745,0.002802,328.12,0.044737,9.2065,0.5192
-21,0.000076,0.378975,711.61,903.19,1781.25,0.394907,0.196078,0.176457,0.859280,0.649590,-0.584717,-0.700819,-0.399791,187.50,0.052984,8.3290,0.7442
-16,0.000115,0.117276,804.38,985.23,2203.12,0.458334,0.172549,0.281629,0.890631,0.313015,-0.583551,-0.824251,-0.077472,140.62,0.058922,10.4742,0.7383
-11,0.000154,0.192431,873.69,936.59,2203.12,0.503132,0.101961,-0.414114,0.503676,0.648917,-0.130591,-0.521378,-0.086510,328.12,0.040698,9.0252,0.5863
-5,0.000142,0.377954,644.43,807.48,1359.38,0.371131,0.019608,0.016749,0.961290,0.649706,-0.236371,-0.748694,-0.642679,187.50,0.066337,10.7001,0.7658
0,0.000290,0.214023,755.58,918.27,1828.12,0.490144,0.062745,0.348608,0.840713,0.180100,-0.370362,-0.588046,-0.411013,140.62,0.091660,14.9993,0.7492
5,0.006016,0.885685,782.89,634.49,1265.62,0.414932,0.023529,-0.321421,0.319873,-0.021900,0.901306,0.198980,-1.076839,187.50,0.267395,5.0157,0.6078
11,0.003550,0.750366,695.45,666.64,1078.12,0.368636,0.023529,0.072437,0.621227,-0.122491,0.813093,-0.335397,-1.048870,187.50,1.452315,6.9011,0.7387
16,0.004732,0.310747,713.06,743.63,1171.88,0.434441,0.015686,0.110512,0.571934,0.067823,0.563233,-0.465630,-0.847871,140.62,2.107264,7.2568,0.7307
21,0.006012,0.121643,651.27,649.51,1171.88,0.370050,0.027451,0.078834,0.630699,0.387092,0.485766,-0.279006,-1.303386,234.38,1.766711,7.4469,0.7588
27,0.003410,0.249799,613.08,495.05,984.38,0.218862,0.023529,-0.154081,0.712433,0.762992,0.804602,-0.121938,-2.004009,140.62,1.793229,7.0624,0.7928
32,0.004001,0.228851,602.49,473.92,984.38,0.206510,0.019608,-0.293966,0.738568,0.787846,0.973753,-0.100367,-2.105835,140.62,1.634013,5.7230,0.7901
37,0.003353,0.051659,639.11,566.57,1078.12,0.293030,0.023529,-0.287852,0.591720,0.638909,0.684463,-0.043896,-1.583344,234.38,1.645289,8.0150,0.7242
43,0.003919,0.242961,688.03,656.11,1218.75,0.398916,0.011765,-0.568042,0.616468,0.637258,0.595395,-0.139258,-1.141820,234.38,1.735881,7.9785,0.6603
48,0.005626,0.154547,606.99,576.03,984.38,0.289403,0.007843,-0.078345,0.695052,0.644823,0.637684,-0.381289,-1.517925,187.50,1.315843,6.7109,0.7787
53,0.002881,0.274040,489.64,460.45,843.75,0.168818,0.023529,0.244564,1.030254,0.900939,0.444978,-0.463549,-2.157186,140.62,2.161099,9.3405,0.8752
59,0.003397,0.173444,601.01,601.68,1171.88,0.317395,0.023529,0.005519,0.757836,0.496182,0.407168,-0.212042,-1.454664,140.62,1.878557,8.8993,0.7712
64,0.003302,0.239762,771.49,728.67,1453.12,0.459338,0.007843,-0.383165,0.333529,0.541640,0.502799,-0.144282,-0.850522,281.25,1.287341,6.4011,0.6160
69,0.003914,0.158585,753.12,758.81,1453.12,0.460153,0.011765,-0.568337,0.502729,0.603865,0.407019,-0.200426,-0.744850,234.38,1.551374,8.8457,0.6082
75,0.002669,0.243119,617.51,608.10,1171.88,0.327161,0.015686,-0.496898,0.761658,0.965434,0.313430,-0.189443,-1.354183,234.38,1.576797,9.2344,0.7118
80,0.003717,0.132134,569.83,478.78,984.38,0.193142,0.015686,-0.473448,0.869579,1.045868,0.728852,-0.063610,-2.107242,234.38,1.681016,10.0619,0.7830
85,0.003978,0.190886,582.65,564.36,984.38,0.288866,0.007843,-0.436035,0.838856,0.896110,0.531126,-0.325078,-1.504980,234.38,1.767133,9.9847,0.7533
91,0.003140,0.249189,630.27,674.16,1171.88,0.393072,0.011765,0.013014,0.708911,0.639314,0.157410,-0.322963,-1.195685,234.38,1.615042,8.6862,0.7540
96,0.003126,0.229426,570.06,578.27,1031.25,0.275723,0.015686,0.079995,0.889203,0.445873,0.401878,-0.186217,-1.630732,187.50,1.882328,11.0496,0.8011
101,0.003251,0.126155,546.87,517.80,937.50,0.226598,0.023529,0.106854,0.829513,0.745245,0.541908,-0.287743,-1.935778,187.50,1.348830,8.5032,0.8292
107,0.002299,0.272505,572.29,586.54,1031.25,0.301025,0.015686,0.081281,0.685851,0.883103,0.274341,-0.389420,-1.535156,281.25,1.507396,9.7080,0.7935
112,0.002351,0.093325,629.26,649.32,1218.75,0.344915,0.015686,-0.071748,0.576596,0.728104,0.269115,-0.209705,-1.292362,281.25,1.143833,8.3722,0.7317
117,0.002206,0.292428,828.85,762.83,1500.00,0.509619,0.015686,-0.576615,0.231163,0.339227,0.627458,-0.045680,-0.575552,234.38,0.798100,5.9342,0.5344
123,0.002805,0.209844,652.74,647.71,1125.00,0.358935,0.011765,-0.345155,0.519700,0.832363,0.263692,-0.139784,-1.130816,375.00,0.979508,7.6393,0.6732
128,0.002611,0.182481,582.87,551.63,1125.00,0.250026,0.011765,-0.298776,0.751864,1.129598,0.256028,-0.096967,-1.741746,328.12,1.251023,10.5733,0.7588
133,0.002781,0.249715,666.52,634.30,1265.62,0.333706,0.007843,-0.246480,0.728469,0.756569,0.219131,-0.065879,-1.391810,281.25,1.384591,11.0728,0.7251
139,0.002225,0.244804,558.23,550.58,1031.25,0.230744,0.015686,0.049002,0.901257,0.744411,0.279816,-0.222840,-1.751644,140.62,1.064295,8.5810,0.8119
144,0.001478,0.201195,564.25,583.78,984.38,0.282067,0.011765,-0.017497,0.757373,0.963305,0.201392,-0.357140,-1.547432,328.12,1.264409,10.6669,0.7896
149,0.001805,0.095321,620.54,534.82,1078.12,0.260571,0.011765,-0.437060,0.169391,1.226969,0.608624,0.005329,-1.573253,328.12,1.192982,13.3795,0.6570
155,0.001462,0.208892,636.85,478.54,1078.12,0.210631,0.019608,-0.540369,0.440237,1.022819,1.015803,0.061561,-2.000050,328.12,0.881538,9.9975,0.7149
160,0.002152,0.157678,666.08,551.96,1171.88,0.271406,0.027451,-0.741721,0.604240,0.782899,0.871894,0.063531,-1.580842,328.12,0.768372,9.6269,0.6659
165,0.001422,0.310354,636.11,626.84,1125.00,0.330613,0.019608,-0.634025,0.670531,0.929296,0.486582,-0.270162,-1.182221,328.12,0.893931,9.1141,0.6780
171,0.001979,0.162744,674.84,662.57,1171.88,0.369910,0.023529,-0.415169,0.367806,0.720142,0.632026,-0.310098,-0.994706,328.12,0.790976,8.7660,0.6522
176,0.001615,0.195700,611.70,558.78,1031.25,0.282966,0.015686,-0.115279,0.633279,0.577455,0.758477,-0.269004,-1.584928,328.12,0.596203,7.0692,0.7660
181,0.001830,0.183855,509.26,491.93,937.50,0.180378,0.019608,0.270978,1.058796,0.763834,0.334312,-0.217027,-2.210893,140.62,0.807293,9.7238,0.8675
187,0.001230,0.223246,528.14,533.50,984.38,0.222865,0.031373,0.447076,0.723537,0.765438,0.247084,-0.286672,-1.896462,328.12,0.766395,9.4759,0.8425
192,0.001303,0.206062,602.99,573.35,1031.25,0.302206,0.011765,0.057351,0.483941,0.694070,0.621347,-0.281449,-1.575260,328.12,0.631569,7.3428,0.7683
197,0.000745,0.100438,643.27,506.97,1078.12,0.258058,0.039216,-0.391022,0.181002,0.959071,1.049837,-0.037835,-1.761053,328.12,0.479502,6.6725,0.6888
203,0.001064,0.162006,663.14,594.89,1171.88,0.329761,0.023529,-0.504040,0.495164,0.830741,0.601237,-0.007562,-1.415541,328.12,0.482242,8.0268,0.6698
208,0.001369,0.192728,815.85,705.09,1406.25,0.487964,0.023529,-0.707858,0.237440,0.519206,0.598878,0.127633,-0.775299,328.12,0.419875,7.2531,0.5221
213,0.000826,0.271252,657.76,571.87,1078.12,0.277867,0.011765,-0.088711,0.319128,0.644602,0.771690,-0.257442,-1.389267,328.12,0.447537,7.2821,0.7188
219,0.001276,0.184109,680.77,628.51,1078.12,0.351973,0.015686,0.081325,0.174584,0.440937,0.801032,-0.292497,-1.205380,328.12,0.408650,6.6537,0.7062
224,0.000995,0.139687,596.62,596.57,937.50,0.287097,0.039216,0.121294,0.583134,0.674653,0.627456,-0.610781,-1.395756,328.12,0.430391,7.6431,0.7950
229,0.000993,0.215981,699.78,664.67,1125.00,0.384838,0.035294,-0.139452,0.554845,0.418700,0.634408,-0.404726,-1.063774,281.25,0.403205,6.7461,0.7195
235,0.000605,0.125218,638.30,576.16,1031.25,0.286384,0.027451,-0.001225,0.602406,0.368914,0.783682,-0.306671,-1.447106,140.62,0.406653,7.9661,0.7645
240,0.001061,0.148334,648.58,663.76,1125.00,0.376459,0.015686,-0.118884,0.682187,0.527974,0.468774,-0.439695,-1.120356,140.62,0.360896,7.8295,0.7430
245,0.000970,0.302972,859.58,777.50,1593.75,0.546139,0.027451,-0.469721,0.164169,0.430026,0.461954,0.015248,-0.601676,328.12,0.375639,7.2024,0.5351
251,0.000441,0.211757,677.44,624.93,1078.12,0.340100,0.031373,-0.728955,0.594279,0.811273,0.701461,-0.274789,-1.103267,328.12,0.438205,8.3355,0.6506
256,0.000441,0.115266,616.59,500.28,937.50,0.224270,0.023529,-0.180785,0.558891,0.599678,1.081717,-0.337164,-1.722337,328.12,0.276328,7.2675,0.7719
261,0.000718,0.207831,890.75,753.88,1546.88,0.528515,0.039216,-0.552059,-0.366066,0.401177,0.920021,0.047367,-0.450440,375.00,0.146858,5.3298,0.4360
267,0.000701,0.405720,1009.52,835.98,1921.88,0.639520,0.023529,-0.352992,-0.161698,-0.221955,0.704753,0.244260,-0.212368,796.88,0.184607,4.4707,0.4321
272,0.000395,0.182591,887.29,805.35,1687.50,0.545841,0.039216,-0.586257,0.246581,0.183524,0.589900,0.036148,-0.469896,187.50,0.244512,5.5576,0.5118
277,0.000481,0.107233,735.53,699.48,1265.62,0.419662,0.058824,-0.385982,0.502708,0.360595,0.561706,-0.117275,-0.921751,187.50,0.245210,6.9193,0.6406
283,0.000570,0.193324,895.91,704.95,1500.00,0.494142,0.023529,-0.600012,0.049256,0.056714,0.965151,0.090945,-0.562054,796.88,0.204336,7.2992,0.4900
288,0.000683,0.254499,712.74,575.06,1078.12,0.324486,0.035294,-0.282328,0.228509,0.530759,1.063780,-0.350428,-1.190292,796.88,0.238251,7.8049,0.6777
293,0.000621,0.280251,555.40,513.22,890.62,0.225434,0.050980,-0.017770,0.751105,0.749208,0.699696,-0.470858,-1.711381,328.12,0.219391,6.9164,0.8112
299,0.000673,0.192113,562.03,556.16,984.38,0.255998,0.027451,-0.079645,0.862115,0.679000,0.468817,-0.374840,-1.555447,234.38,0.253535,7.7081,0.7952
304,0.000393,0.218468,599.10,601.89,984.38,0.283425,0.039216,0.406241,0.765871,0.165816,0.575375,-0.444555,-1.468748,140.62,0.292634,9.5291,0.8239
309,0.000502,0.192331,678.13,645.72,1078.12,0.357418,0.058824,0.017438,0.538636,0.211014,0.730137,-0.370769,-1.126456,140.62,0.194340,6.1041,0.7363
315,0.000537,0.137691,693.85,594.40,1125.00,0.321815,0.035294,-0.466676,0.170859,0.726163,0.947584,-0.171812,-1.206119,328.12,0.199662,8.5240,0.6321
320,0.000517,0.264416,597.21,550.22,937.50,0.257637,0.043137,-0.484760,0.748107,0.946145,0.652838,-0.337149,-1.525181,328.12,0.243771,9.7684,0.7432
325,0.000294,0.166680,629.05,554.32,1031.25,0.258636,0.066667,-0.355492,0.603770,0.674206,0.793685,-0.172764,-1.543405,328.12,0.207740,8.4124,0.7275
331,0.000414,0.228038,689.86,595.36,1125.00,0.316613,0.050980,-0.103516,0.485409,0.277737,0.807289,-0.104375,-1.362545,140.62,0.174764,7.1774,0.7159
336,0.000504,0.120013,746.02,714.19,1265.62,0.427725,0.035294,-0.140156,0.406525,0.328673,0.463042,-0.143098,-0.914986,140.62,0.143002,6.5730,0.6598
341,0.000300,0.309745,767.73,681.55,1218.75,0.375690,0.019608,-0.763867,0.411119,0.701536,0.649928,-0.128210,-0.870507,281.25,0.193730,8.3287,0.5801
347,0.000379,0.234225,933.77,805.91,1781.25,0.553877,0.109804,-1.178178,0.416520,0.418283,0.594941,0.086346,-0.337912,234.38,0.153805,6.1279,0.4366
352,0.000342,0.186119,814.54,715.79,1406.25,0.449990,0.027451,-0.657522,0.425928,0.119188,0.877359,-0.052364,-0.712588,187.50,0.166921,8.3951,0.5663
357,0.000420,0.197219,700.25,597.95,1078.12,0.315687,0.058824,-0.493975,0.427001,0.497926,1.050206,-0.236945,-1.244212,796.88,0.128667,6.6673,0.6698
363,0.000409,0.126801,692.82,571.79,1031.25,0.303501,0.043137,-0.401812,0.402790,0.467222,1.062925,-0.218691,-1.312434,796.88,0.142031,7.3839,0.6827
368,0.000265,0.310452,724.84,674.23,1171.88,0.374763,0.047059,-0.770420,0.629311,0.470517,0.703845,-0.051234,-0.982019,234.38,0.178490,7.6915,0.6097
373,0.000487,0.195602,895.98,811.96,1687.50,0.573671,0.019608,-0.762886,0.417373,0.259610,0.427313,0.196860,-0.538271,234.38,0.146524,6.2559,0.4995
379,0.000289,0.214558,732.98,680.79,1218.75,0.390634,0.086275,-0.157311,0.540521,0.147672,0.800946,-0.285652,-1.046176,140.62,0.170213,7.9307,0.7021
384,0.000427,0.175785,640.61,595.09,1031.25,0.285865,0.047059,-0.033289,0.606968,0.419351,0.797840,-0.300200,-1.490671,140.62,0.160239,7.9925,0.7654
389,0.000432,0.266035,612.03,592.90,1078.12,0.282971,0.015686,-0.179315,0.672122,0.757248,0.448058,-0.165436,-1.532677,234.38,0.148513,7.2453,0.7494
395,0.000299,0.223314,592.77,629.18,1031.25,0.281903,0.047059,-0.340136,0.826313,0.827710,0.386410,-0.403823,-1.296473,234.38,0.219883,11.1113,0.7490
400,0.000478,0.207630,697.27,657.37,1125.00,0.374574,0.003922,-0.385990,0.499232,0.590842,0.567183,-0.068850,-1.202418,281.25,0.169361,8.4433,0.6665

----- END /raw_B0_r01_328850.csv -----
----- BEGIN /raw_B0_r02_330428.csv (17217 bytes) -----
ms_from_event,rms,flux,centroid_hz,spread_hz,rolloff85_hz,flatness,zcr,band0,band1,band2,band3,band4,band5,peak_hz,peak_mag,peak_ratio,low_dom
-208,0.000144,0.165929,781.82,821.08,1593.75,0.445516,0.129412,-1.196271,0.781406,0.897946,0.405388,-0.412811,-0.475657,234.38,0.086913,11.6154,0.5589
-203,0.000167,0.168022,817.99,835.26,1593.75,0.463601,0.101961,-0.837973,0.594559,0.580265,0.592938,-0.502141,-0.427649,234.38,0.079411,11.8089,0.5850
-197,0.000140,0.232516,775.04,820.57,1453.12,0.428381,0.090196,-0.418161,0.727351,0.200332,0.513129,-0.458027,-0.564623,187.50,0.071816,10.0634,0.6606
-192,0.000152,0.118573,727.48,812.40,1312.50,0.382778,0.082353,-0.234981,0.837444,0.263675,0.374063,-0.642762,-0.597440,187.50,0.075609,10.4091,0.7153
-187,0.000145,0.137530,723.34,792.74,1265.62,0.392862,0.125490,-0.381768,0.785077,0.507370,0.410187,-0.691590,-0.629277,234.38,0.072010,10.3441,0.7031
-181,0.000144,0.248591,788.08,834.12,1640.62,0.453101,0.121569,-0.293844,0.531065,0.466354,0.389730,-0.619113,-0.474192,187.50,0.053479,6.9229,0.6604
-176,0.000139,0.156055,861.49,900.79,2062.50,0.448731,0.098039,-0.384402,0.522248,0.591097,0.302482,-0.798030,-0.233393,234.38,0.049423,6.8593,0.6421
-171,0.000149,0.140285,822.77,836.88,1687.50,0.448365,0.133333,-0.532137,0.407105,0.544491,0.524594,-0.567343,-0.376711,796.88,0.049379,7.2276,0.6010
-165,0.000172,0.212408,787.35,770.81,1500.00,0.439270,0.098039,-0.704668,0.529636,0.623123,0.579404,-0.422335,-0.605159,234.38,0.056629,8.0709,0.6050
-160,0.000185,0.240367,774.26,831.87,1546.88,0.435795,0.105882,-0.186714,0.712842,0.234813,0.356495,-0.624259,-0.493178,281.25,0.060149,8.3235,0.6946
-155,0.000124,0.254626,709.44,792.20,1453.12,0.395401,0.164706,-0.060136,0.761289,0.376536,0.260805,-0.705025,-0.633470,281.25,0.073184,8.4834,0.7349
-149,0.000154,0.116162,734.96,798.80,1453.12,0.402299,0.109804,-0.164418,0.643172,0.408218,0.351953,-0.626617,-0.612308,234.38,0.061781,7.2489,0.7024
-144,0.000193,0.152018,824.66,832.68,1593.75,0.432266,0.035294,-0.726860,0.562510,0.387294,0.747907,-0.597241,-0.373610,187.50,0.062857,8.4264,0.5995
-139,0.000122,0.232525,825.82,844.79,1546.88,0.430506,0.188235,-1.532331,0.775350,0.846178,0.711900,-0.520080,-0.281018,234.38,0.089726,11.7305,0.5055
-133,0.000144,0.196596,749.94,818.64,1500.00,0.419721,0.105882,-0.790513,0.814379,0.772182,0.330358,-0.663899,-0.462506,281.25,0.070564,9.1595,0.6399
-128,0.000199,0.209419,737.92,791.74,1359.38,0.427339,0.066667,-0.199632,0.627718,0.464133,0.459806,-0.796845,-0.555180,187.50,0.046901,6.3043,0.7089
-123,0.000116,0.226164,664.64,764.57,1171.88,0.382434,0.172549,0.030802,0.798027,0.497300,0.320387,-0.892713,-0.753803,234.38,0.071399,8.8698,0.7752
-117,0.000273,0.172173,747.07,835.68,1546.88,0.415956,0.054902,-0.001751,0.693840,0.444200,0.182639,-0.819438,-0.499490,140.62,0.062558,7.7998,0.7321
-112,0.000197,0.259930,680.34,833.20,1359.38,0.401227,0.121569,0.334605,0.849388,0.141008,0.134150,-0.833458,-0.625693,140.62,0.102009,10.8463,0.7894
-107,0.000208,0.165388,593.33,777.25,1125.00,0.352472,0.094118,0.376431,1.041831,0.383642,-0.169394,-0.759715,-0.872796,140.62,0.100798,10.0219,0.8213
-101,0.000133,0.156743,636.49,792.16,1125.00,0.350906,0.066667,-0.005991,0.964260,0.670350,0.032988,-0.885030,-0.776577,234.38,0.114477,12.6532,0.7875
-96,0.000132,0.123130,739.66,851.73,1593.75,0.416171,0.133333,-0.367851,0.858013,0.494356,0.257193,-0.745579,-0.496131,234.38,0.095565,12.6644,0.7039
-91,0.000104,0.160441,839.36,845.61,1828.12,0.475683,0.211765,-1.084090,0.580551,0.713077,0.554081,-0.526283,-0.237336,234.38,0.070891,11.6871,0.5325
-85,0.000155,0.193765,823.09,826.08,1781.25,0.463385,0.043137,-1.055172,0.583464,0.704034,0.613402,-0.542956,-0.302771,234.38,0.055494,8.4108,0.5466
-80,0.000151,0.159736,854.56,862.24,1921.88,0.476517,0.101961,-1.226173,0.405573,0.832444,0.583146,-0.434786,-0.160206,234.38,0.054160,8.1009,0.4718
-75,0.000134,0.245251,804.32,869.13,1734.38,0.457948,0.098039,-0.675445,0.716280,0.528384,0.300855,-0.507786,-0.362288,234.38,0.071672,9.4710,0.6119
-69,0.000116,0.115181,790.74,875.11,1687.50,0.448587,0.101961,-0.342425,0.698543,0.480119,0.226918,-0.614980,-0.448175,234.38,0.068561,9.6880,0.6703
-64,0.000090,0.086088,793.99,845.41,1781.25,0.422383,0.117647,-0.350082,0.610015,0.478518,0.286779,-0.590460,-0.434769,234.38,0.043012,6.9122,0.6553
-59,0.000132,0.152921,909.96,936.96,2156.25,0.509669,0.121569,-0.625972,0.449364,0.453256,0.515187,-0.626923,-0.164912,187.50,0.039013,6.9209,0.5763
-53,0.000172,0.208832,898.32,938.39,2250.00,0.516074,0.062745,-0.583904,0.453931,0.592317,0.312181,-0.616685,-0.157840,234.38,0.049823,8.4871,0.5799
-48,0.000151,0.307567,729.67,819.85,1546.88,0.430301,0.094118,-0.162704,0.729362,0.418875,0.212485,-0.657041,-0.540978,187.50,0.067068,8.7121,0.7073
-43,0.000124,0.180660,650.57,758.18,1171.88,0.339818,0.098039,0.003530,0.809800,0.599830,0.164473,-0.764121,-0.813512,234.38,0.074901,10.1570,0.7677
-37,0.000109,0.139425,744.04,842.23,1640.62,0.434525,0.180392,-0.116007,0.704347,0.376233,0.144501,-0.592387,-0.516685,234.38,0.060199,9.5870,0.7003
-32,0.000109,0.207213,837.05,913.45,2062.50,0.454087,0.168627,-0.412218,0.646245,0.731362,0.030583,-0.793695,-0.202278,281.25,0.052379,9.5266,0.6491
-27,0.000092,0.177448,893.64,916.06,2203.12,0.497951,0.223529,-0.466052,0.373378,0.557024,0.359173,-0.683419,-0.140103,328.12,0.044201,8.2707,0.5904
-21,0.000097,0.229639,838.86,827.97,1640.62,0.480225,0.196078,-0.489734,0.099106,0.664676,0.696018,-0.599415,-0.370651,328.12,0.030967,5.7577,0.5719
-16,0.000118,0.166678,874.97,882.82,1921.88,0.491620,0.082353,-0.721063,0.284723,0.703195,0.570096,-0.623605,-0.213345,375.00,0.029872,5.6725,0.5499
-11,0.000178,0.256376,880.26,933.19,2109.38,0.561612,0.121569,-0.050352,0.510988,0.236989,0.000095,-0.441982,-0.255739,140.62,0.042219,7.6523,0.6409
-5,0.000144,0.232610,721.52,846.53,1593.75,0.455359,0.062745,0.385679,0.661479,0.244838,-0.183411,-0.472443,-0.636141,140.62,0.066732,10.7064,0.7461
0,0.000140,0.277873,627.22,810.20,1406.25,0.371168,0.121569,0.564469,0.921968,0.046386,-0.120422,-0.749219,-0.663183,140.62,0.094195,12.9587,0.8099
5,0.002964,0.830583,819.22,647.63,1359.38,0.457927,0.031373,-0.722312,0.005886,0.549005,0.913188,0.228152,-0.973919,281.25,0.161816,4.2113,0.5037
11,0.003558,0.706978,780.88,706.31,1359.38,0.456660,0.023529,-0.621433,0.311324,0.641534,0.610213,-0.124326,-0.817312,281.25,0.843959,6.5529,0.5783
16,0.004118,0.398093,796.23,766.09,1500.00,0.509241,0.019608,-0.423282,0.356374,0.540704,0.402201,-0.153487,-0.722510,281.25,1.410941,7.2050,0.5998
21,0.005003,0.297498,695.05,585.15,1125.00,0.346980,0.027451,-0.419932,0.250563,0.669780,0.833179,-0.031559,-1.302031,328.12,1.460494,6.5954,0.6416
27,0.003921,0.157055,631.06,445.79,937.50,0.183102,0.011765,-0.872655,0.256091,1.193885,1.258082,-0.067543,-1.767860,375.00,1.881559,9.5016,0.6478
32,0.003610,0.286006,566.28,501.63,890.62,0.216723,0.019608,-0.170304,0.718245,0.949350,0.815074,-0.610753,-1.701612,328.12,1.888605,8.3578,0.8069
37,0.004349,0.250389,670.37,642.62,1171.88,0.370218,0.031373,0.083861,0.347555,0.528190,0.429260,-0.122763,-1.266105,93.75,1.455887,7.0664,0.7130
43,0.002751,0.221294,594.30,550.96,984.38,0.249768,0.011765,0.354860,0.779773,0.122350,0.773857,-0.350534,-1.680307,140.62,1.914687,9.4572,0.8296
48,0.002585,0.205423,598.31,527.58,937.50,0.260166,0.015686,0.008590,0.680923,0.563739,0.883292,-0.414190,-1.722355,140.62,1.143151,5.7185,0.8042
53,0.003851,0.095547,645.72,596.22,1031.25,0.330734,0.023529,-0.296579,0.415776,0.810623,0.769922,-0.348594,-1.351147,328.12,1.003174,6.3262,0.7129
59,0.002787,0.334366,586.59,512.65,890.62,0.229765,0.027451,0.204935,0.731123,0.415879,0.985395,-0.511754,-1.825578,140.62,1.428673,8.4246,0.8371
64,0.002999,0.095626,594.68,490.41,890.62,0.198885,0.011765,0.232531,0.820827,0.311403,1.005792,-0.357805,-2.012748,140.62,1.538200,9.7926,0.8471
69,0.002881,0.282242,581.20,488.25,984.38,0.203908,0.027451,0.176623,0.600186,0.769388,0.691141,-0.222295,-2.015044,140.62,1.135478,7.8203,0.8186
75,0.002397,0.151555,587.91,488.66,984.38,0.211675,0.023529,0.158133,0.499299,0.739845,0.813948,-0.183079,-2.028147,328.12,1.346151,9.1523,0.8076
80,0.001325,0.176463,614.14,479.97,937.50,0.221593,0.031373,0.066900,0.386753,0.741056,1.031254,-0.321324,-1.904639,796.88,1.009834,7.5868,0.7925
85,0.002214,0.154354,740.97,561.62,1125.00,0.311306,0.015686,-0.471154,-0.178642,0.693745,1.172622,0.061658,-1.278229,796.88,0.824579,8.0147,0.5704
91,0.003001,0.291140,771.16,680.56,1265.62,0.448877,0.023529,-0.626073,0.052801,0.765030,0.597634,0.170522,-0.959913,375.00,0.673603,6.1710,0.5270
96,0.001660,0.329288,630.85,548.10,1031.25,0.264101,0.019608,-0.317970,0.318406,0.976353,0.698617,-0.191624,-1.483783,375.00,1.185214,9.0508,0.6980
101,0.001233,0.178324,662.46,595.65,1125.00,0.347229,0.027451,-0.434411,0.386687,0.834380,0.724888,-0.250816,-1.260727,328.12,1.041259,7.6045,0.6752
107,0.001811,0.057945,653.07,592.34,1171.88,0.320144,0.019608,-0.222400,0.474944,0.739980,0.583046,-0.076353,-1.499217,281.25,0.579718,6.5521,0.7138
112,0.002431,0.277206,594.05,522.40,1078.12,0.229822,0.015686,0.177681,0.724248,0.356987,0.641748,-0.074147,-1.826516,140.62,0.746528,8.5673,0.8024
117,0.001636,0.319344,644.88,613.00,1078.12,0.332926,0.039216,-0.121106,0.576537,0.481455,0.632025,-0.296708,-1.272203,140.62,0.838609,7.6800,0.7334
123,0.001131,0.290306,754.02,726.59,1312.50,0.448319,0.039216,-0.223759,0.362861,0.470300,0.520100,-0.262306,-0.867197,281.25,0.791382,6.4449,0.6535
128,0.001409,0.102474,721.47,651.30,1218.75,0.401614,0.031373,-0.336074,0.285868,0.574389,0.685998,-0.079279,-1.130902,281.25,0.495558,5.4909,0.6411
133,0.001849,0.236832,677.51,501.97,1078.12,0.233042,0.019608,-0.067626,0.222066,0.406729,1.091915,0.072329,-1.725413,750.00,0.592477,8.5084,0.7117
139,0.001523,0.257678,586.31,485.83,984.38,0.193959,0.015686,0.334373,0.532017,0.471716,0.896498,-0.184138,-2.050466,140.62,0.591547,7.6219,0.8250
144,0.001722,0.322533,645.72,659.84,1218.75,0.370102,0.019608,0.058578,0.481648,0.637552,0.276176,-0.242876,-1.211077,93.75,0.658514,7.2553,0.7305
149,0.001316,0.267090,790.19,765.09,1546.88,0.514261,0.031373,-0.118040,0.077076,0.397950,0.561283,-0.210696,-0.707573,93.75,0.701188,6.7281,0.6079
155,0.001273,0.166715,693.94,669.17,1171.88,0.371440,0.011765,0.192666,0.418677,0.101841,0.758233,-0.405994,-1.065423,140.62,0.581527,7.2979,0.7391
160,0.001449,0.141491,669.44,613.36,1171.88,0.333759,0.015686,0.126413,0.442405,0.249740,0.698217,-0.150980,-1.365795,140.62,0.591350,8.5733,0.7394
165,0.001332,0.289805,711.75,725.25,1312.50,0.445860,0.023529,0.039451,0.307202,0.593197,0.222121,-0.202299,-0.959673,328.12,0.615555,7.9209,0.6801
171,0.000965,0.114250,619.80,596.68,1078.12,0.299474,0.011765,0.081898,0.412076,0.708020,0.586911,-0.364850,-1.424056,328.12,0.543964,7.7803,0.7579
176,0.001206,0.167472,650.78,579.06,1078.12,0.299489,0.015686,0.215018,0.367989,0.299979,0.814126,-0.170481,-1.526631,93.75,0.556518,8.7987,0.7577
181,0.001414,0.147939,559.65,581.08,984.38,0.264072,0.019608,0.489324,0.770049,0.253053,0.497365,-0.366952,-1.642838,93.75,0.577980,10.1784,0.8368
187,0.000954,0.249546,630.70,632.42,1125.00,0.353462,0.031373,0.174080,0.577497,0.522332,0.457734,-0.364070,-1.367573,140.62,0.525199,8.1358,0.7758
192,0.000778,0.156037,572.59,533.32,937.50,0.235127,0.011765,0.092342,0.723741,0.683766,0.657216,-0.392141,-1.764925,140.62,0.482435,7.8001,0.8156
197,0.000597,0.101539,640.05,563.98,1125.00,0.274414,0.031373,0.204258,0.611437,0.139254,0.747215,-0.022227,-1.679937,140.62,0.433871,9.4411,0.7788
203,0.000932,0.157570,673.62,669.24,1171.88,0.368728,0.050980,-0.046015,0.576138,0.305268,0.412884,-0.131800,-1.116475,93.75,0.294833,7.6412,0.7087
208,0.000720,0.259802,625.22,592.60,1078.12,0.285969,0.007843,0.106484,0.639458,0.289069,0.737587,-0.299185,-1.473413,93.75,0.294991,6.8600,0.7789
213,0.000483,0.190795,685.59,659.70,1171.88,0.377340,0.031373,0.014011,0.459763,0.386009,0.597088,-0.276223,-1.180647,93.75,0.309132,6.6891,0.7242
219,0.000495,0.093233,635.80,629.80,1125.00,0.318993,0.066667,0.155391,0.620848,0.299422,0.519239,-0.248041,-1.346859,140.62,0.287975,8.9330,0.7659
224,0.000599,0.146234,675.13,587.21,1171.88,0.298455,0.043137,0.171538,0.589931,0.068568,0.667387,0.068832,-1.566257,93.75,0.190680,7.2690,0.7557
229,0.000717,0.242726,712.05,575.32,1171.88,0.283046,0.023529,0.020867,0.378490,0.175947,0.886301,0.047174,-1.508779,93.75,0.208728,6.9150,0.7172
235,0.000415,0.251564,603.63,559.43,1031.25,0.247492,0.062745,0.194311,0.483820,0.641375,0.635483,-0.369058,-1.585931,140.62,0.252620,7.7701,0.7886
240,0.000571,0.156977,638.83,637.78,1078.12,0.330454,0.031373,0.151556,0.501347,0.492161,0.516797,-0.421348,-1.240513,140.62,0.258111,7.9508,0.7609
245,0.000381,0.147736,674.02,596.17,1078.12,0.282701,0.078431,0.154524,0.536002,0.014192,0.840031,-0.156007,-1.388743,140.62,0.223197,8.7528,0.7536
251,0.000511,0.193732,651.60,556.51,1125.00,0.250924,0.023529,0.235595,0.542131,0.163345,0.893302,-0.168130,-1.666242,750.00,0.196748,7.7666,0.7869
256,0.000663,0.248933,629.26,613.22,1031.25,0.304593,0.023529,-0.188735,0.686477,0.624598,0.602775,-0.314146,-1.410969,234.38,0.178305,7.0294,0.7524
261,0.000400,0.333398,677.72,692.86,1171.88,0.385674,0.023529,-0.606605,0.648660,0.858305,0.333937,-0.250793,-0.983504,234.38,0.283742,9.0838,0.6543
267,0.000187,0.103437,658.65,656.05,1171.88,0.339897,0.086275,-0.253420,0.519030,0.668808,0.516138,-0.330933,-1.119623,234.38,0.212008,8.2243,0.7023
272,0.000436,0.067553,665.12,672.46,1171.88,0.351108,0.047059,-0.119809,0.513676,0.522604,0.558291,-0.372431,-1.102331,234.38,0.103994,6.0745,0.7179
277,0.000619,0.257060,743.33,667.10,1265.62,0.420573,0.039216,-0.631411,0.309531,0.725490,0.667196,-0.060201,-1.010605,328.12,0.142472,7.3362,0.5925
283,0.000416,0.407161,549.10,557.31,937.50,0.246004,0.066667,0.063102,0.870244,0.740879,0.508705,-0.525863,-1.657067,281.25,0.214695,7.5683,0.8261
288,0.000285,0.116991,525.99,557.25,796.88,0.227560,0.066667,0.482352,0.790495,0.513871,0.634915,-0.862223,-1.559409,93.75,0.193237,8.1185,0.8638
293,0.000354,0.118653,666.98,631.43,1031.25,0.341641,0.094118,-0.059679,0.349602,0.429748,0.846588,-0.430742,-1.135517,796.88,0.121416,6.8953,0.7167
299,0.000486,0.224543,660.05,611.50,1031.25,0.317808,0.027451,-0.212484,0.539855,0.556452,0.719178,-0.265007,-1.337994,234.38,0.143413,7.6319,0.7242
304,0.000230,0.225040,594.59,585.79,984.38,0.279601,0.070588,-0.266529,0.770151,0.794362,0.528673,-0.382012,-1.444646,234.38,0.193557,8.7984,0.7623
309,0.000295,0.127472,611.13,608.87,1031.25,0.285692,0.090196,-0.458847,0.644657,0.901691,0.512185,-0.316649,-1.283037,328.12,0.159687,8.6788,0.7095
315,0.000284,0.173371,720.47,635.97,1078.12,0.345268,0.086275,-0.704946,0.330317,0.681699,0.880803,-0.157277,-1.030596,328.12,0.101440,6.7817,0.6003
320,0.000210,0.213389,716.13,646.33,1125.00,0.347766,0.078431,-0.614196,0.685952,0.493524,0.771322,-0.203625,-1.132976,234.38,0.122896,8.6358,0.6691
325,0.000361,0.278576,851.44,734.88,1406.25,0.472932,0.039216,-0.782682,0.182829,0.430109,0.814734,0.050399,-0.695388,796.88,0.091845,6.0078,0.5056
331,0.000266,0.241868,901.37,783.83,1687.50,0.566311,0.047059,-0.698437,-0.116968,0.539635,0.677487,0.150259,-0.551977,281.25,0.096443,5.2962,0.4485
336,0.000326,0.191279,723.61,698.17,1218.75,0.403444,0.054902,-0.124493,0.291519,0.483893,0.534008,-0.143650,-1.041278,328.12,0.103167,6.1226,0.6628
341,0.000357,0.177373,675.32,669.40,1171.88,0.342511,0.050980,-0.048014,0.491058,0.430787,0.516748,-0.179895,-1.210684,93.75,0.121170,7.8463,0.7144
347,0.000385,0.309707,587.98,652.19,984.38,0.299685,0.039216,0.251210,0.748883,0.406380,0.506864,-0.527422,-1.385917,93.75,0.155898,8.5289,0.8110
352,0.000462,0.206906,605.27,632.03,1031.25,0.289532,0.066667,0.291875,0.626828,0.387089,0.553368,-0.444052,-1.415109,140.62,0.192286,10.0787,0.8004
357,0.000221,0.210423,557.63,599.29,984.38,0.276901,0.078431,0.195180,0.869519,0.572772,0.354797,-0.517025,-1.475242,140.62,0.198591,9.2450,0.8218
363,0.000356,0.171238,710.99,739.82,1265.62,0.424990,0.043137,0.042036,0.413698,0.400285,0.439243,-0.438216,-0.857046,93.75,0.136271,7.5434,0.7059
368,0.000197,0.144803,747.01,809.23,1453.12,0.455836,0.094118,-0.106974,0.356511,0.557062,0.305323,-0.447245,-0.664678,93.75,0.109011,6.3950,0.6639
373,0.000458,0.183304,675.17,685.73,1078.12,0.357576,0.090196,-0.153533,0.404769,0.628772,0.693573,-0.567398,-1.006182,328.12,0.103459,6.4809,0.7135
379,0.000209,0.290306,605.33,590.84,937.50,0.278335,0.105882,-0.321216,0.791360,0.720328,0.714033,-0.574520,-1.329986,187.50,0.133104,7.4047,0.7663
384,0.000241,0.126682,668.73,683.83,1125.00,0.370667,0.031373,-0.389444,0.609466,0.620293,0.501235,-0.362280,-0.979270,187.50,0.118913,6.9377,0.6858
389,0.000228,0.242565,894.96,776.18,1734.38,0.499610,0.027451,-1.419896,-0.050277,0.821677,0.852326,0.174696,-0.378526,421.88,0.069912,4.7568,0.3468
395,0.000333,0.222200,818.89,757.21,1406.25,0.487744,0.031373,-0.706659,0.162778,0.638986,0.730447,-0.143698,-0.681854,468.75,0.089821,5.9078,0.5352
400,0.000239,0.190589,681.42,661.23,1125.00,0.363741,0.027451,-0.340885,0.492754,0.668511,0.612697,-0.346597,-1.086481,234.38,0.110470,7.6010,0.6884

----- END /raw_B0_r02_330428.csv -----
=== KEY_DUMP_END key=B0 ===
NEXT: C0
PRESS C0  rep 1/2  then hit Enter

> 
> REC OK: /raw_C0_r01_335047.csv
PRESS C0  rep 2/2  then hit Enter

> 
> REC OK: /raw_C0_r02_336743.csv
=== KEY_DUMP_BEGIN key=C0 files=2 ===
----- BEGIN /raw_C0_r01_335047.csv (17338 bytes) -----
ms_from_event,rms,flux,centroid_hz,spread_hz,rolloff85_hz,flatness,zcr,band0,band1,band2,band3,band4,band5,peak_hz,peak_mag,peak_ratio,low_dom
-208,0.000097,0.152717,1059.68,1013.62,2390.62,0.572563,0.176471,-1.522331,0.006646,1.178044,-0.057043,-0.082347,0.477030,328.12,0.049485,12.7642,0.2778
-203,0.000087,0.172208,984.66,958.58,2296.88,0.543680,0.125490,-1.393714,-0.016273,1.200264,0.025185,-0.084867,0.269403,328.12,0.055697,14.3892,0.3106
-197,0.000074,0.136981,1022.23,999.13,2390.62,0.543482,0.211765,-1.085530,0.085881,1.090563,-0.330878,-0.055337,0.295300,328.12,0.056634,15.9913,0.3498
-192,0.000087,0.253585,970.97,956.66,2296.88,0.540493,0.152941,-1.083345,0.072645,1.102913,-0.107289,-0.156313,0.171389,375.00,0.041200,10.9858,0.3745
-187,0.000097,0.143634,1124.64,1050.74,2625.00,0.585049,0.141176,-1.233689,-0.089263,1.087418,0.022403,-0.247684,0.460816,375.00,0.040295,11.2878,0.3169
-181,0.000088,0.264615,1116.50,1045.46,2578.12,0.529704,0.160784,-1.078327,-0.173579,1.187095,-0.240931,-0.274440,0.580183,375.00,0.049666,13.2841,0.3146
-176,0.000077,0.221703,1051.55,979.24,2484.38,0.550179,0.223529,-1.218865,-0.402971,1.191112,0.098895,-0.044770,0.376601,375.00,0.049463,12.2037,0.2735
-171,0.000081,0.180016,1117.42,988.37,2484.38,0.608112,0.184314,-1.700902,-0.362917,1.145366,0.374279,0.116915,0.427259,421.88,0.043535,11.7549,0.2135
-165,0.000091,0.234206,1185.19,1074.25,2718.75,0.604035,0.160784,-1.276707,-0.176593,1.094084,-0.158216,-0.137716,0.655148,375.00,0.041123,11.6630,0.2718
-160,0.000093,0.189945,1210.99,1100.07,2859.38,0.570640,0.164706,-1.289633,-0.041472,1.141786,-0.572748,0.029627,0.732439,375.00,0.044189,12.8900,0.2599
-155,0.000087,0.221493,1049.97,999.39,2250.00,0.563134,0.133333,-1.073202,-0.046440,1.167022,-0.533520,0.172783,0.313358,328.12,0.052561,13.9734,0.3094
-149,0.000086,0.168562,1136.81,1064.72,2671.88,0.558877,0.188235,-1.243488,-0.078772,1.103660,-0.312516,0.074307,0.456809,328.12,0.048420,12.8363,0.2836
-144,0.000089,0.192419,1167.00,1094.12,2765.62,0.595407,0.133333,-1.250731,-0.126193,1.125069,-0.224273,-0.106185,0.582313,375.00,0.048723,12.6834,0.2836
-139,0.000060,0.191296,1153.11,1102.89,2765.62,0.568548,0.274510,-1.126556,-0.176311,1.126742,-0.013455,-0.385235,0.574814,375.00,0.046248,11.8434,0.3216
-133,0.000085,0.139813,1167.81,1081.69,2765.62,0.591765,0.196078,-1.273304,-0.085274,1.073702,0.001750,-0.289930,0.573056,375.00,0.039297,11.3575,0.3056
-128,0.000082,0.166017,1232.00,1056.93,2765.62,0.629548,0.180392,-1.207354,-0.401075,1.060565,-0.201418,0.029789,0.719493,375.00,0.039711,11.5146,0.2353
-123,0.000096,0.204578,1183.50,1059.51,2718.75,0.599169,0.149020,-0.989021,-0.580776,1.076687,-0.106582,-0.014445,0.614138,375.00,0.046486,13.4156,0.2526
-117,0.000101,0.212602,1056.70,1041.60,2531.25,0.553588,0.176471,-0.938122,0.007147,1.041531,-0.179263,-0.285578,0.354286,375.00,0.049663,13.0233,0.3776
-112,0.000093,0.239948,1046.24,1016.08,2484.38,0.551115,0.156863,-1.209743,-0.004416,1.072521,-0.074507,-0.143139,0.359285,375.00,0.050142,12.2099,0.3285
-107,0.000080,0.171820,1062.55,1015.77,2296.88,0.536671,0.156863,-1.237673,-0.139446,1.103213,-0.042405,-0.148792,0.465102,375.00,0.055522,13.0105,0.3001
-101,0.000078,0.116752,1143.55,1046.75,2531.25,0.577191,0.196078,-0.883864,-0.406126,0.950102,-0.078115,-0.147729,0.565731,375.00,0.050601,13.0898,0.2986
-96,0.000083,0.244805,1220.43,1071.84,2718.75,0.660335,0.094118,-1.489244,-0.258834,1.022491,0.020713,0.083853,0.621020,375.00,0.041848,11.1176,0.2268
-91,0.000083,0.153198,1273.21,1082.74,2765.62,0.657463,0.145098,-2.098215,-0.298259,1.225298,0.072748,0.210480,0.887949,375.00,0.043567,11.6687,0.1484
-85,0.000091,0.186301,1149.95,1048.40,2625.00,0.553325,0.196078,-1.731268,-0.083332,1.246590,-0.225176,0.222995,0.570193,328.12,0.047875,14.4889,0.2135
-80,0.000077,0.185781,1021.78,997.24,2531.25,0.554219,0.188235,-1.335412,0.258651,1.110023,-0.411542,0.110073,0.268210,328.12,0.051098,14.6861,0.3257
-75,0.000093,0.238674,1064.76,1015.06,2531.25,0.537871,0.141176,-1.459275,0.172038,1.123117,-0.318120,0.059725,0.422515,375.00,0.044750,12.1676,0.2922
-69,0.000095,0.176018,1125.64,1067.21,2625.00,0.579410,0.141176,-0.904181,-0.136963,1.030541,-0.355026,-0.080775,0.446405,375.00,0.048514,12.8762,0.3311
-64,0.000083,0.259000,972.48,1032.39,2484.38,0.476069,0.188235,-0.869897,0.395594,1.134220,-0.505673,-0.346735,0.192490,328.12,0.053072,13.2072,0.4601
-59,0.000089,0.164635,1070.65,1024.77,2484.38,0.532468,0.149020,-1.311323,0.057968,1.108079,-0.135352,-0.044639,0.325268,328.12,0.048625,12.7345,0.3171
-53,0.000083,0.271696,1101.10,1015.39,2484.38,0.576928,0.203922,-0.954477,-0.237879,1.016761,-0.124559,-0.154223,0.454377,375.00,0.049188,13.3263,0.3216
-48,0.000087,0.163094,1144.18,1046.21,2578.12,0.608365,0.149020,-1.268941,-0.066780,1.133014,-0.384626,0.018061,0.569271,375.00,0.049808,13.1261,0.2766
-43,0.000084,0.070606,1049.13,1006.52,2484.38,0.507187,0.172549,-1.289868,-0.022058,1.256839,-0.407923,0.023151,0.439858,375.00,0.050293,15.7641,0.2916
-37,0.000088,0.170682,1022.11,987.63,2437.50,0.536831,0.160784,-0.897841,-0.263172,1.235755,-0.392620,-0.131117,0.448996,375.00,0.051970,15.8443,0.3231
-32,0.000091,0.131123,1140.01,1021.87,2484.38,0.565935,0.145098,-1.114403,-0.405222,1.229886,-0.514696,0.101679,0.702756,375.00,0.052368,15.9877,0.2383
-27,0.000100,0.209001,1092.86,1018.56,2531.25,0.559913,0.176471,-1.353730,-0.104259,1.222503,-0.284602,-0.059918,0.580007,375.00,0.051147,14.0126,0.2711
-21,0.000095,0.241662,1046.47,1017.64,2484.38,0.525546,0.125490,-1.124654,0.188764,1.126454,-0.397870,-0.200741,0.408048,375.00,0.049141,11.6560,0.3609
-16,0.000125,0.186962,995.75,987.08,2343.75,0.580218,0.109804,-0.859409,0.064790,0.936813,-0.178714,-0.131165,0.167685,328.12,0.051058,11.0695,0.3976
-11,0.000081,0.300540,850.92,958.59,2062.50,0.492719,0.176471,-0.220147,0.564511,0.687157,-0.354866,-0.427595,-0.249060,328.12,0.044497,8.4128,0.6249
-5,0.000239,0.216521,858.36,1025.29,2250.00,0.495877,0.031373,0.244800,0.788293,0.318012,-0.561397,-0.668759,-0.120948,93.75,0.044945,9.3104,0.7133
0,0.000296,0.381288,663.05,922.18,1734.38,0.384950,0.015686,0.788733,1.167400,-0.221941,-0.800928,-0.635945,-0.297320,140.62,0.093546,14.5393,0.8092
5,0.004327,0.905867,1147.26,743.56,1875.00,0.648008,0.035294,-0.921828,-0.302387,-0.636700,1.038437,0.905812,-0.083333,890.62,0.280736,4.1073,0.2644
11,0.006077,0.685092,1013.74,730.61,1687.50,0.518521,0.011765,-0.833225,-0.341296,0.144791,0.899596,0.531007,-0.400873,890.62,1.074547,5.0418,0.3425
16,0.004211,0.389291,879.21,810.70,1687.50,0.564932,0.023529,-0.384701,0.370093,0.267446,0.266329,0.040308,-0.559476,140.62,1.835861,5.5755,0.5627
21,0.004452,0.133606,693.39,707.68,1265.62,0.409903,0.035294,-0.071283,0.711224,0.266896,0.376394,-0.258711,-1.024521,187.50,2.358033,8.6673,0.7234
27,0.002878,0.199106,695.27,574.56,1125.00,0.306702,0.023529,0.062022,0.426967,0.103214,0.846134,0.022212,-1.460549,140.62,1.872801,8.2080,0.7239
32,0.003486,0.202444,789.78,646.61,1218.75,0.411000,0.019608,-0.082507,0.102707,-0.043220,0.883375,0.182982,-1.043336,140.62,1.242363,5.2969,0.6083
37,0.005057,0.162818,647.98,591.41,1171.88,0.324711,0.019608,-0.077725,0.544215,0.456779,0.599900,0.013025,-1.536194,187.50,1.153597,5.7969,0.7300
43,0.004633,0.273687,565.74,507.60,1078.12,0.191091,0.035294,0.482947,0.843968,0.308617,0.582364,-0.059363,-2.158533,93.75,1.943230,9.2977,0.8548
48,0.003097,0.248121,562.77,497.56,937.50,0.192982,0.015686,0.438429,0.896223,0.180865,0.782557,-0.246215,-2.051858,140.62,2.208273,9.1049,0.8601
53,0.003604,0.255275,689.03,559.94,1031.25,0.314310,0.023529,-0.100428,0.381128,0.395284,1.008849,-0.288855,-1.395977,140.62,1.360311,6.1168,0.7277
59,0.003285,0.126637,811.59,661.31,1218.75,0.439635,0.039216,-0.616565,0.102974,0.298146,1.091757,-0.019636,-0.856676,843.75,0.865013,4.6415,0.5452
64,0.004183,0.284593,702.90,558.89,1031.25,0.305177,0.015686,-0.524898,0.447573,0.476493,1.119547,-0.124374,-1.394341,843.75,1.589464,8.4375,0.6728
69,0.002985,0.179642,593.13,485.98,890.62,0.182633,0.031373,0.041451,0.737047,0.555477,0.919234,-0.228903,-2.024306,843.75,1.625904,8.2099,0.8199
75,0.003538,0.178167,668.22,502.57,1171.88,0.223688,0.027451,-0.199131,0.422711,0.436785,0.927699,0.240825,-1.828890,843.75,1.208802,6.5826,0.7121
80,0.003781,0.206732,667.58,494.21,1125.00,0.214784,0.027451,0.076593,0.478215,0.287503,1.005449,0.123351,-1.971108,140.62,1.288902,7.1015,0.7688
85,0.003227,0.228272,609.83,477.89,890.62,0.183989,0.023529,0.236038,0.733364,0.234150,1.091752,-0.275365,-2.019939,843.75,1.570575,8.3505,0.8365
91,0.002171,0.190174,710.97,592.47,1171.88,0.316308,0.019608,-0.319435,0.473923,0.433406,0.761265,-0.006438,-1.342721,843.75,1.453351,7.9546,0.6796
96,0.002628,0.210470,861.19,740.90,1500.00,0.507297,0.039216,-0.623952,0.202649,0.348526,0.600140,0.132319,-0.659681,843.75,0.993267,6.2585,0.5133
101,0.002008,0.163970,781.23,633.59,1218.75,0.339900,0.035294,-0.162792,0.196400,0.170789,0.945880,-0.108320,-1.041957,843.75,0.943943,6.9802,0.6438
107,0.002448,0.240801,887.32,689.63,1453.12,0.479099,0.015686,-0.169875,0.207656,-0.466131,0.897416,0.232804,-0.701871,140.62,0.929658,6.7037,0.5630
112,0.003185,0.230652,685.94,615.26,1171.88,0.354390,0.019608,0.142190,0.388011,0.251169,0.682214,-0.126760,-1.336824,140.62,0.980564,7.2823,0.7304
117,0.003886,0.202521,574.27,502.48,984.38,0.208390,0.027451,0.321284,0.653777,0.492141,0.808412,-0.211977,-2.063637,140.62,1.282275,9.1849,0.8355
123,0.001640,0.337691,595.11,523.40,1078.12,0.243696,0.027451,0.172712,0.859274,0.295042,0.718674,-0.138839,-1.906864,140.62,1.717738,9.2742,0.8233
128,0.002639,0.159726,699.63,612.88,1171.88,0.343948,0.023529,-0.102347,0.579108,0.230377,0.552454,0.080809,-1.340401,140.62,1.164405,6.8882,0.7044
133,0.002525,0.173649,703.18,540.26,1125.00,0.307290,0.023529,-0.763677,0.245319,0.845712,0.992040,0.092328,-1.411721,281.25,0.741232,5.8388,0.5988
139,0.003164,0.248348,620.94,470.33,1078.12,0.201890,0.011765,-0.130065,0.534976,0.755869,0.967275,-0.058570,-2.069485,281.25,0.860752,6.0640,0.7801
144,0.002541,0.237274,562.18,491.31,1078.12,0.180455,0.027451,0.165423,1.008721,0.531992,0.606653,-0.053649,-2.259140,140.62,1.232123,8.8816,0.8511
149,0.002331,0.130474,546.06,502.91,937.50,0.204370,0.027451,0.194978,0.911718,0.600581,0.545119,-0.284237,-1.968159,140.62,1.395262,10.4827,0.8428
155,0.002041,0.204280,612.42,556.13,1078.12,0.265812,0.023529,0.295360,0.584637,0.280680,0.635362,-0.151918,-1.644120,140.62,1.189759,9.8089,0.7922
160,0.003048,0.189127,730.26,613.89,1171.88,0.359770,0.015686,0.010212,0.214998,0.249176,0.838510,-0.033148,-1.279749,93.75,0.824168,6.5444,0.6833
165,0.001780,0.295479,759.16,724.20,1359.38,0.470140,0.007843,-0.284107,0.448058,0.513662,0.368315,-0.113702,-0.932226,140.62,0.907974,6.0658,0.6468
171,0.001789,0.171904,614.36,630.45,1171.88,0.338064,0.019608,-0.036895,0.796705,0.510687,0.238738,-0.141296,-1.367940,140.62,1.149988,8.9188,0.7567
176,0.001471,0.137512,593.61,515.46,1125.00,0.215740,0.019608,0.315381,0.722519,0.303218,0.699639,-0.014366,-2.026390,140.62,0.948652,9.9707,0.8234
181,0.001577,0.195035,652.02,532.50,1078.12,0.271493,0.023529,0.050830,0.506407,0.324731,0.856583,-0.024672,-1.713878,140.62,0.641637,6.7728,0.7591
187,0.001683,0.163607,670.12,585.94,1125.00,0.319173,0.015686,-0.083174,0.394902,0.541757,0.679426,-0.092631,-1.440279,140.62,0.606662,6.8164,0.7155
192,0.001887,0.228271,752.19,684.73,1218.75,0.433873,0.019608,0.035652,0.239730,0.193974,0.661801,-0.073870,-1.057287,140.62,0.781539,8.0982,0.6689
197,0.001161,0.166293,637.27,587.40,1125.00,0.307050,0.015686,0.198998,0.600251,0.202103,0.708285,-0.171934,-1.537703,140.62,0.953978,9.5547,0.7781
203,0.001423,0.111888,621.00,525.60,1125.00,0.216239,0.011765,0.278365,0.589369,0.312880,0.695973,0.097473,-1.974060,140.62,0.818162,10.6402,0.7977
208,0.001653,0.072126,591.14,541.33,1125.00,0.216131,0.015686,0.368392,0.663243,0.459344,0.534185,0.059247,-2.084411,140.62,0.723028,11.8581,0.8218
213,0.001572,0.275075,576.03,569.15,1031.25,0.287764,0.007843,0.362490,0.820683,0.294502,0.563055,-0.381830,-1.658900,140.62,0.867603,12.0431,0.8337
219,0.001358,0.255305,674.18,644.37,1171.88,0.351877,0.023529,0.330090,0.595885,-0.110376,0.603635,-0.197204,-1.222031,140.62,0.923542,11.4661,0.7636
224,0.000897,0.242795,580.77,533.25,984.38,0.264380,0.011765,0.101827,0.695191,0.576324,0.685565,-0.315057,-1.743850,140.62,0.766217,9.2125,0.8066
229,0.001227,0.050142,595.32,588.81,1031.25,0.292065,0.019608,-0.014295,0.658942,0.662791,0.536651,-0.365442,-1.478648,140.62,0.478741,8.6547,0.7763
235,0.001556,0.204456,680.05,692.44,1265.62,0.405715,0.007843,0.055770,0.644569,0.332742,0.267809,-0.202223,-1.098667,140.62,0.464471,8.2722,0.7312
240,0.001208,0.280495,660.52,673.01,1171.88,0.363608,0.023529,0.322108,0.728285,-0.169524,0.433878,-0.143402,-1.171344,140.62,0.811265,12.2596,0.7654
245,0.000654,0.188855,812.10,799.84,1593.75,0.517751,0.015686,0.127390,0.493607,-0.229932,0.344606,-0.043239,-0.692431,140.62,0.799892,11.2096,0.6634
251,0.001082,0.134123,704.65,689.60,1265.62,0.429480,0.019608,0.008652,0.446686,0.219787,0.505423,-0.108066,-1.072481,140.62,0.458634,8.1457,0.6938
256,0.001394,0.132174,582.66,540.20,1078.12,0.257950,0.015686,0.048727,0.723113,0.647383,0.597062,-0.150999,-1.865286,140.62,0.365624,7.7500,0.8012
261,0.001513,0.321492,490.04,495.29,843.75,0.184884,0.003922,0.534653,1.015014,0.489705,0.592615,-0.582575,-2.049412,140.62,0.731111,13.9784,0.8900
267,0.000529,0.209972,466.49,479.69,890.62,0.174374,0.031373,0.720672,1.075042,0.359405,0.486127,-0.456747,-2.184499,140.62,0.882834,14.5240,0.9019
272,0.000544,0.090655,524.26,542.83,984.38,0.236257,0.054902,0.472674,0.879389,0.294993,0.451966,-0.340926,-1.758097,140.62,0.573503,11.8192,0.8488
277,0.000723,0.220543,826.07,783.43,1500.00,0.524527,0.011765,-0.293950,0.159731,0.227833,0.513666,0.008910,-0.616190,187.50,0.222904,6.0248,0.5589
283,0.001363,0.294233,1039.17,898.68,2109.38,0.700924,0.007843,-0.490882,0.161143,-0.024573,0.159049,0.357204,-0.161941,187.50,0.245543,5.4277,0.4347
288,0.001191,0.345532,653.18,738.35,1218.75,0.417465,0.007843,0.392884,0.811360,-0.230773,0.293346,-0.344491,-0.922326,140.62,0.586120,12.0098,0.7748
293,0.000365,0.193268,485.19,582.31,890.62,0.261469,0.062745,0.714921,1.064819,0.006345,0.358187,-0.638228,-1.506045,140.62,0.744730,14.0771,0.8767
299,0.000657,0.210228,670.96,734.00,1265.62,0.434780,0.023529,0.065813,0.676499,0.279523,0.427149,-0.592450,-0.856535,187.50,0.379914,7.9999,0.7494
304,0.000771,0.107299,675.66,654.22,1031.25,0.354209,0.007843,-0.222955,0.235622,0.660827,0.832333,-0.508522,-0.997305,187.50,0.177024,5.3126,0.6812
309,0.000901,0.193124,606.82,671.65,1031.25,0.354793,0.019608,0.137626,0.552583,0.560531,0.474140,-0.626013,-1.098867,187.50,0.268917,7.8543,0.7699
315,0.000504,0.228916,477.24,566.02,843.75,0.222365,0.039216,0.659087,1.056715,0.334890,0.474131,-0.979760,-1.545062,140.62,0.469353,13.3747,0.8929
320,0.000525,0.163625,488.26,518.34,843.75,0.197201,0.062745,0.541576,0.965488,0.559662,0.573258,-0.855532,-1.784452,140.62,0.377367,11.6193,0.8883
325,0.000406,0.151526,603.77,594.97,890.62,0.279472,0.039216,-0.436867,0.690847,0.955071,0.695060,-0.642591,-1.261520,328.12,0.186967,6.9712,0.7463
331,0.000741,0.257502,765.03,739.19,1218.75,0.418604,0.015686,-0.824565,0.206179,0.730628,0.861393,-0.316163,-0.657473,187.50,0.173920,6.7476,0.5443
336,0.000689,0.345959,687.94,756.50,1312.50,0.429253,0.027451,0.257677,0.487637,0.133013,0.468879,-0.509946,-0.837260,140.62,0.286291,8.7660,0.7401
341,0.000504,0.251757,520.02,608.76,890.62,0.273434,0.019608,0.515645,0.873383,0.398929,0.222305,-0.604417,-1.405844,140.62,0.369714,10.8123,0.8455
347,0.000524,0.092964,519.91,547.20,937.50,0.237915,0.031373,0.067139,0.857895,0.854193,0.329584,-0.437992,-1.670818,187.50,0.233635,8.8492,0.8201
352,0.000471,0.233964,629.09,613.42,1078.12,0.309999,0.035294,-0.492317,0.682884,0.717730,0.504333,-0.096340,-1.316289,187.50,0.239855,9.5053,0.6903
357,0.000656,0.303745,733.32,733.03,1265.62,0.391343,0.031373,-0.475309,0.574538,0.512125,0.375164,-0.088796,-0.897723,234.38,0.239755,8.2719,0.6325
363,0.000597,0.309027,749.90,793.01,1500.00,0.506952,0.011765,-0.061043,0.412997,0.482131,0.156284,-0.256375,-0.733994,281.25,0.193193,5.6541,0.6618
368,0.000500,0.176905,648.24,684.69,1125.00,0.347891,0.035294,-0.153354,0.559474,0.528501,0.344643,-0.202795,-1.076470,187.50,0.224991,7.9957,0.6990
373,0.000580,0.200810,521.19,551.71,890.62,0.230123,0.047059,0.248957,0.986187,0.586060,0.407060,-0.475108,-1.753156,187.50,0.255857,9.9635,0.8496
379,0.000647,0.139963,538.41,571.15,984.38,0.247206,0.007843,0.468709,0.884830,0.331045,0.371964,-0.401070,-1.655478,140.62,0.291541,11.8731,0.8462
384,0.000831,0.344825,520.35,583.41,984.38,0.239225,0.019608,0.224315,0.942263,0.542405,0.174970,-0.373202,-1.510751,187.50,0.293067,10.4505,0.8213
389,0.000370,0.297776,497.33,585.69,937.50,0.257329,0.070588,0.568380,1.042246,0.228328,0.204744,-0.567504,-1.476194,187.50,0.387247,11.5322,0.8614
395,0.000597,0.157122,661.27,722.96,1171.88,0.412339,0.003922,0.199676,0.717069,0.058339,0.233699,-0.272990,-0.935793,187.50,0.309366,10.1870,0.7432
400,0.000371,0.036637,622.66,659.21,1078.12,0.331494,0.043137,0.350181,0.703421,-0.083469,0.480842,-0.269691,-1.181283,140.62,0.247192,10.9795,0.7777

----- END /raw_C0_r01_335047.csv -----
----- BEGIN /raw_C0_r02_336743.csv (17256 bytes) -----
ms_from_event,rms,flux,centroid_hz,spread_hz,rolloff85_hz,flatness,zcr,band0,band1,band2,band3,band4,band5,peak_hz,peak_mag,peak_ratio,low_dom
-208,0.000280,0.225904,784.39,845.93,1828.12,0.428454,0.054902,-0.677671,0.566558,0.915242,0.169372,-0.731211,-0.242290,281.25,0.072750,11.6018,0.6062
-203,0.000267,0.452107,591.78,797.52,1171.88,0.341419,0.015686,0.390466,1.053819,0.502813,-0.457934,-0.775465,-0.713698,187.50,0.086527,10.0305,0.8126
-197,0.000166,0.337240,530.31,762.18,1078.12,0.302511,0.098039,0.904639,1.230359,-0.274706,-0.296878,-0.753628,-0.809786,140.62,0.165598,16.4964,0.8640
-192,0.000162,0.210373,546.40,721.46,984.38,0.307581,0.098039,0.563649,1.032272,0.388820,-0.170641,-0.945665,-0.868435,140.62,0.130800,14.0281,0.8462
-187,0.000206,0.161111,664.12,794.08,1406.25,0.394713,0.054902,0.141056,0.735797,0.673696,-0.147146,-0.723005,-0.680397,281.25,0.079435,10.6167,0.7577
-181,0.000120,0.228159,678.29,860.20,1640.62,0.389843,0.117647,0.243067,0.994511,0.537364,-0.562651,-0.733522,-0.478768,140.62,0.077077,9.8382,0.7729
-176,0.000208,0.210087,763.72,902.50,1968.75,0.461895,0.039216,0.013938,0.826495,0.488667,-0.330930,-0.722454,-0.275715,187.50,0.072445,8.9922,0.7149
-171,0.000154,0.167963,727.83,852.54,1546.88,0.428382,0.066667,-0.425393,0.899238,0.715150,-0.070554,-0.610999,-0.507442,187.50,0.075582,9.4846,0.6891
-165,0.000209,0.193837,666.58,828.91,1453.12,0.409583,0.062745,0.229529,0.968528,0.363689,-0.252511,-0.653382,-0.655854,140.62,0.091941,12.1718,0.7779
-160,0.000098,0.210182,698.54,903.79,1593.75,0.415175,0.168627,0.495832,0.920455,0.162290,-0.319857,-0.809361,-0.449359,140.62,0.105357,13.0512,0.7921
-155,0.000195,0.140748,708.83,881.34,1640.62,0.431587,0.011765,0.195369,0.835932,0.358769,-0.165230,-0.761826,-0.463013,234.38,0.066153,8.8959,0.7555
-149,0.000149,0.135982,709.04,841.71,1687.50,0.418700,0.133333,0.074138,0.772749,0.354602,-0.081131,-0.587491,-0.532867,187.50,0.065141,9.4537,0.7278
-144,0.000129,0.285801,696.16,837.03,1640.62,0.446517,0.121569,0.141300,0.813415,0.449365,-0.248737,-0.504596,-0.650747,140.62,0.080580,9.6161,0.7417
-139,0.000114,0.116869,734.31,855.94,1687.50,0.430811,0.160784,-0.096136,0.720889,0.637105,0.000894,-0.776208,-0.486544,281.25,0.075790,11.2084,0.7199
-133,0.000260,0.116242,814.06,940.32,2109.38,0.450361,0.035294,-0.002875,0.730576,0.461601,-0.020173,-0.890849,-0.278282,281.25,0.057092,9.3200,0.7208
-128,0.000085,0.422288,666.68,881.74,1640.62,0.399194,0.239216,0.486981,1.013788,0.195734,-0.439598,-0.699957,-0.556947,140.62,0.103309,12.3805,0.7988
-123,0.000166,0.106112,675.05,864.37,1593.75,0.415537,0.109804,0.442039,0.951323,0.134870,-0.330702,-0.660973,-0.536557,140.62,0.095359,11.7157,0.7851
-117,0.000179,0.085065,866.38,964.66,2250.00,0.504641,0.058824,0.158617,0.638554,0.051185,-0.187414,-0.461750,-0.199191,140.62,0.060014,9.9555,0.6746
-112,0.000157,0.304985,691.95,845.67,1546.88,0.429829,0.117647,0.137974,0.860988,0.549854,-0.329510,-0.632705,-0.586601,140.62,0.069851,8.8508,0.7520
-107,0.000108,0.132023,616.33,747.30,1218.75,0.362763,0.156863,0.031796,0.971553,0.739447,-0.327661,-0.476495,-0.938641,281.25,0.079448,10.0869,0.7702
-101,0.000191,0.156270,790.37,885.19,1921.88,0.503844,0.062745,-0.358003,0.721174,0.482918,-0.144068,-0.381585,-0.320436,187.50,0.065158,10.2356,0.6301
-96,0.000099,0.250515,736.30,881.62,1875.00,0.430429,0.192157,0.328495,0.869919,-0.085952,-0.113236,-0.640028,-0.359199,140.62,0.077506,11.8904,0.7500
-91,0.000123,0.133902,675.14,840.23,1593.75,0.395520,0.054902,0.384343,0.878483,0.146400,-0.098810,-0.756254,-0.554162,140.62,0.082372,12.7280,0.7836
-85,0.000129,0.235319,782.10,878.91,1640.62,0.435914,0.137255,0.065764,0.579788,0.418724,-0.030786,-0.527109,-0.506382,140.62,0.051280,8.8311,0.6984
-80,0.000195,0.205216,769.96,886.17,1875.00,0.462952,0.047059,0.135427,0.647666,0.392235,-0.088924,-0.668520,-0.417885,281.25,0.058267,9.4756,0.7180
-75,0.000161,0.276728,716.62,864.30,1687.50,0.451216,0.066667,0.005270,0.820042,0.522161,-0.119314,-0.750017,-0.478143,281.25,0.079892,10.1491,0.7363
-69,0.000162,0.143305,750.64,891.19,1781.25,0.440048,0.145098,-0.364210,0.944765,0.700391,-0.225339,-0.679899,-0.375708,234.38,0.086687,12.0315,0.6938
-64,0.000211,0.239654,706.17,873.55,1687.50,0.416367,0.058824,0.314698,0.888575,0.410944,-0.360826,-0.743694,-0.509696,140.62,0.074140,10.5058,0.7735
-59,0.000156,0.237553,680.92,881.91,1640.62,0.397162,0.074510,0.637596,1.010924,-0.109024,-0.374117,-0.717463,-0.447917,140.62,0.110094,15.3741,0.8033
-53,0.000161,0.211914,646.11,839.69,1406.25,0.396989,0.156863,0.428916,1.026527,0.296129,-0.320431,-0.869442,-0.561698,140.62,0.097247,12.4727,0.8090
-48,0.000106,0.120675,669.69,838.82,1453.12,0.424577,0.196078,0.270823,0.916804,0.440060,-0.393366,-0.617989,-0.616331,140.62,0.074802,10.2967,0.7705
-43,0.000079,0.134510,720.94,880.88,1734.38,0.441498,0.231373,0.181355,0.831290,0.329509,-0.370838,-0.490491,-0.480827,140.62,0.067179,11.6292,0.7295
-37,0.000145,0.221031,898.72,946.44,2156.25,0.511197,0.070588,-0.154979,0.370012,0.394861,0.029733,-0.453304,-0.186321,140.62,0.035796,7.0880,0.6052
-32,0.000194,0.268633,857.21,965.92,2156.25,0.434424,0.101961,-0.346551,0.564415,0.706141,0.090032,-0.901952,-0.112087,375.00,0.037233,6.5709,0.6493
-27,0.000108,0.385059,648.01,858.45,1453.12,0.385617,0.200000,0.494928,0.961757,0.182643,-0.298954,-0.790639,-0.549734,140.62,0.081804,10.8438,0.8020
-21,0.000189,0.095290,634.82,839.94,1500.00,0.380999,0.054902,0.612066,1.029373,-0.115889,-0.231375,-0.640318,-0.653857,140.62,0.086049,12.9859,0.8127
-16,0.000132,0.258063,739.23,902.68,1781.25,0.449015,0.121569,0.138648,0.863248,0.447106,-0.232006,-0.697103,-0.519893,234.38,0.067625,9.7923,0.7520
-11,0.000192,0.302725,657.93,795.92,1312.50,0.407685,0.047059,0.022977,0.767351,0.722925,-0.153715,-0.603451,-0.756088,281.25,0.074083,9.6988,0.7455
-5,0.000549,0.191758,617.32,807.70,1218.75,0.358776,0.003922,0.432436,0.860080,0.474170,-0.272655,-0.771056,-0.722975,140.62,0.074537,9.4807,0.8011
0,0.000464,0.440457,500.12,769.06,843.75,0.287509,0.023529,0.864931,1.264797,0.378935,-0.598959,-1.088130,-0.821574,140.62,0.210455,16.7929,0.8829
5,0.007288,0.829796,734.39,754.98,1265.62,0.453341,0.011765,0.291714,0.587626,-0.274265,0.245740,0.033894,-0.884708,140.62,0.745947,10.1630,0.7037
11,0.005978,0.698339,670.37,690.87,1265.62,0.371595,0.043137,0.480621,0.722325,-0.438096,0.258072,0.172616,-1.195538,140.62,2.409831,9.9624,0.7527
16,0.005718,0.384755,670.90,609.66,1218.75,0.333130,0.035294,0.417534,0.529423,-0.310175,0.774524,0.006764,-1.418069,93.75,3.149992,8.3819,0.7648
21,0.007223,0.217229,735.64,635.75,1171.88,0.367124,0.011765,-0.033306,0.096727,0.224372,0.969025,-0.173073,-1.083745,843.75,2.121254,5.9001,0.6593
27,0.007900,0.291209,757.20,740.14,1359.38,0.489126,0.023529,-0.236123,0.341412,0.434145,0.412439,-0.087280,-0.864592,187.50,1.955918,4.7965,0.6292
32,0.007627,0.221710,627.59,631.85,1125.00,0.312531,0.023529,0.371108,0.687547,0.158622,0.462389,-0.249440,-1.430226,140.62,3.347288,8.7098,0.7972
37,0.005735,0.224641,597.07,531.44,890.62,0.212223,0.035294,0.377903,0.784448,0.217707,0.855770,-0.415534,-1.820294,140.62,3.739908,10.2374,0.8454
43,0.004142,0.097329,663.35,605.18,1031.25,0.305439,0.027451,0.214987,0.574578,0.057888,0.787066,-0.316208,-1.318311,140.62,2.818470,8.3083,0.7707
48,0.005151,0.191086,799.73,716.73,1218.75,0.421150,0.027451,-0.236355,0.346946,0.024881,0.684960,0.015128,-0.835559,843.75,1.662168,5.8245,0.6143
53,0.006970,0.208454,751.57,604.48,1078.12,0.332455,0.019608,-0.241075,0.387950,-0.084413,0.971702,0.145447,-1.179612,187.50,1.668462,6.4236,0.6435
59,0.005130,0.355985,622.88,505.53,890.62,0.219109,0.015686,-0.025087,0.620134,0.428541,1.040370,-0.304164,-1.759793,140.62,2.571042,8.3257,0.7908
64,0.004808,0.173207,593.91,538.26,1031.25,0.220610,0.027451,0.259443,0.790977,0.338348,0.653560,-0.236422,-1.805905,140.62,3.013207,9.6666,0.8244
69,0.004126,0.147630,671.19,626.30,1171.88,0.340533,0.035294,0.179602,0.622500,0.254524,0.369005,-0.060116,-1.365515,140.62,2.379675,8.9409,0.7528
75,0.003958,0.299879,856.89,714.89,1500.00,0.444385,0.023529,-0.723900,0.370957,0.188522,0.715037,0.098962,-0.649578,187.50,1.614876,5.9252,0.5247
80,0.004841,0.223308,952.55,715.05,1546.88,0.531963,0.019608,-1.619593,-0.064576,0.351470,1.062748,0.620822,-0.350872,187.50,1.309511,4.6301,0.2735
85,0.004369,0.218964,713.85,661.81,1171.88,0.381176,0.031373,-0.254852,0.533035,0.289230,0.532328,-0.010944,-1.088797,187.50,1.783613,7.4171,0.6657
91,0.003380,0.252205,668.18,552.97,1078.12,0.254609,0.035294,0.182849,0.673185,0.058339,0.946257,-0.151720,-1.708910,140.62,1.868078,8.1716,0.7955
96,0.002847,0.100473,759.78,547.66,1171.88,0.275691,0.023529,0.022116,0.306416,-0.152641,1.159556,0.262806,-1.598253,796.88,1.723059,8.7034,0.6968
101,0.003308,0.238041,684.37,542.61,1125.00,0.271006,0.035294,0.168815,0.263341,0.288680,0.938207,0.028713,-1.687755,140.62,1.264383,6.6603,0.7399
107,0.004274,0.119591,673.26,544.00,1125.00,0.265256,0.031373,0.131168,0.363766,0.306920,0.934943,-0.061182,-1.675615,140.62,1.297681,7.4649,0.7532
112,0.002795,0.300894,800.03,631.51,1265.62,0.390844,0.023529,-0.340960,0.263707,0.036060,0.914211,0.206122,-1.079140,796.88,1.382092,6.9182,0.5982
117,0.002542,0.302998,903.85,724.19,1546.88,0.547466,0.007843,-0.403490,0.056309,0.014311,0.660618,0.402544,-0.730293,140.62,1.270231,5.0877,0.4976
123,0.003327,0.084428,777.39,715.48,1453.12,0.427711,0.023529,0.062854,0.399471,-0.084350,0.440054,0.177669,-0.995698,140.62,1.314564,7.5990,0.6548
128,0.003272,0.216527,799.56,709.94,1359.38,0.455255,0.019608,0.065082,0.281692,-0.166825,0.712562,-0.039603,-0.852907,93.75,1.250044,7.1102,0.6501
133,0.002060,0.213375,701.96,615.22,1125.00,0.318794,0.031373,0.056486,0.662230,-0.065991,0.671247,0.026386,-1.350358,140.62,1.306052,8.1649,0.7352
139,0.001996,0.149452,624.72,550.87,1125.00,0.256724,0.015686,-0.036005,0.809712,0.365566,0.544926,0.041439,-1.725638,140.62,1.281233,8.7570,0.7736
144,0.002938,0.147957,724.76,583.68,1218.75,0.308453,0.035294,-0.052132,0.466628,0.171094,0.615026,0.309807,-1.510423,140.62,0.969584,7.9406,0.6916
149,0.002472,0.321170,775.62,622.70,1171.88,0.347485,0.023529,-0.053537,0.225409,0.102873,0.743262,0.250648,-1.268655,93.75,0.871643,5.8526,0.6445
155,0.002950,0.224488,764.51,702.93,1218.75,0.419173,0.019608,-0.032644,0.442140,0.046196,0.492280,0.061008,-1.008978,140.62,1.143655,6.9152,0.6635
160,0.002518,0.183409,642.53,617.41,1125.00,0.319394,0.027451,-0.080307,0.792624,0.405643,0.301498,-0.013267,-1.406191,140.62,1.273805,8.6308,0.7438
165,0.002516,0.138100,638.71,517.26,1125.00,0.228014,0.027451,0.143043,0.737860,0.309379,0.666481,0.144876,-2.001640,140.62,1.165087,9.0799,0.7972
171,0.001871,0.258715,732.83,614.66,1125.00,0.349590,0.019608,-0.189542,0.548881,-0.061825,0.853297,0.059460,-1.210271,140.62,0.984806,6.8890,0.6803
176,0.003065,0.204484,854.41,765.01,1359.38,0.483937,0.007843,-0.172220,0.280882,-0.067670,0.544120,0.095185,-0.680296,140.62,0.744368,5.7001,0.5859
181,0.002997,0.201462,692.65,678.59,1171.88,0.336463,0.019608,0.136749,0.693670,-0.020399,0.295217,0.059761,-1.164997,140.62,1.242104,10.1004,0.7247
187,0.002195,0.323926,690.00,703.25,1218.75,0.404436,0.011765,0.298830,0.683134,-0.109950,0.408594,-0.229064,-1.051544,140.62,1.642611,10.9092,0.7561
192,0.002354,0.111004,624.39,625.25,1125.00,0.303691,0.015686,0.374689,0.871153,-0.131777,0.326331,-0.025216,-1.415179,140.62,1.525984,11.7092,0.7930
197,0.002192,0.123414,625.85,571.35,1125.00,0.260468,0.035294,0.412748,0.672967,-0.036270,0.564672,0.164952,-1.779068,140.62,1.263510,11.6532,0.7941
203,0.001793,0.244477,648.33,609.65,1125.00,0.325088,0.027451,0.354044,0.507691,0.078255,0.606068,-0.045702,-1.500356,140.62,1.126127,9.1508,0.7692
208,0.001594,0.145176,679.00,594.77,1171.88,0.292423,0.023529,0.192861,0.556773,0.014473,0.644480,0.067647,-1.476233,140.62,1.084462,9.6108,0.7463
213,0.002629,0.171685,833.77,727.12,1406.25,0.474084,0.031373,-0.025943,0.277458,-0.122189,0.377377,0.357642,-0.864346,140.62,0.806475,7.6817,0.5937
219,0.001868,0.241701,730.60,720.59,1312.50,0.444626,0.019608,0.155392,0.579061,-0.002949,0.290835,0.016199,-1.038539,93.75,0.949634,8.2532,0.7065
224,0.001553,0.203504,579.83,590.49,1125.00,0.278720,0.015686,0.424681,0.898840,-0.010265,0.426571,-0.133093,-1.606734,140.62,1.238097,10.8343,0.8223
229,0.001898,0.085255,580.89,522.45,1078.12,0.222969,0.007843,0.447097,0.788668,0.017745,0.677768,0.043841,-1.975119,140.62,1.107590,14.0203,0.8297
235,0.001099,0.189122,529.28,548.52,1031.25,0.239105,0.023529,0.413190,1.002271,0.285331,0.331441,-0.239614,-1.792619,140.62,0.995294,12.7720,0.8486
240,0.002157,0.226926,618.52,612.88,1078.12,0.315542,0.003922,0.017525,0.749524,0.439399,0.446086,-0.173831,-1.478703,140.62,0.700797,9.4831,0.7703
245,0.001639,0.234047,546.42,529.26,1031.25,0.216958,0.007843,0.271649,0.925724,0.365474,0.485095,-0.163358,-1.884584,140.62,0.838099,9.9360,0.8352
251,0.001370,0.224578,621.49,659.30,1125.00,0.341799,0.015686,0.511557,0.900732,-0.464829,0.518644,-0.218427,-1.247678,140.62,1.109313,13.1091,0.8083
256,0.000828,0.230735,799.92,788.21,1640.62,0.534104,0.019608,0.191531,0.425786,-0.131557,0.374879,-0.132037,-0.728603,140.62,0.821812,9.4708,0.6768
261,0.001454,0.126356,710.53,703.15,1218.75,0.413633,0.015686,0.058083,0.524903,0.241046,0.276279,-0.060923,-1.039388,140.62,0.543945,8.2951,0.6988
267,0.001246,0.099328,540.75,539.76,1031.25,0.237912,0.003922,0.336154,0.880967,0.539785,0.373517,-0.243378,-1.887046,140.62,0.555936,9.9111,0.8421
272,0.001751,0.284410,589.17,661.57,1125.00,0.330875,0.023529,0.618119,0.808446,-0.105211,0.340715,-0.337150,-1.324919,93.75,0.734873,11.9014,0.8241
277,0.001007,0.263685,661.56,744.46,1312.50,0.447299,0.019608,0.446385,0.658566,0.011295,0.192351,-0.314591,-0.994005,93.75,0.853749,10.4176,0.7697
283,0.000960,0.045460,596.99,662.19,1125.00,0.343664,0.027451,0.485154,0.799093,0.092231,0.300040,-0.379664,-1.296853,140.62,0.812363,13.1590,0.8146
288,0.001020,0.096387,572.47,529.17,984.38,0.227900,0.007843,0.522127,0.911114,-0.121957,0.793499,-0.166897,-1.937886,140.62,0.618145,12.7550,0.8543
293,0.001439,0.100494,565.53,547.54,937.50,0.235254,0.007843,0.488797,0.874786,0.092113,0.670229,-0.417743,-1.708181,140.62,0.603058,14.3862,0.8513
299,0.001510,0.388799,635.17,736.22,1171.88,0.405192,0.039216,0.324404,0.805764,0.100870,0.156218,-0.453468,-0.933788,140.62,0.679924,11.1721,0.7788
304,0.000882,0.363490,774.97,806.59,1593.75,0.525250,0.027451,0.034279,0.481132,0.225852,0.279688,-0.349546,-0.671405,93.75,0.631465,7.3801,0.6831
309,0.000918,0.100584,661.62,727.67,1171.88,0.406487,0.011765,0.223790,0.807468,0.058923,0.344395,-0.501987,-0.932588,140.62,0.587735,9.6688,0.7743
315,0.001217,0.098549,602.80,600.08,984.38,0.285013,0.003922,0.338470,0.710065,0.195511,0.652365,-0.430487,-1.465923,140.62,0.415028,9.5417,0.8134
320,0.001153,0.302401,653.05,680.48,1125.00,0.368734,0.015686,0.019707,0.714014,0.182037,0.531556,-0.426873,-1.020440,187.50,0.533461,10.3257,0.7485
325,0.000667,0.240707,632.39,698.31,1171.88,0.334284,0.031373,0.568112,0.937011,-0.619741,0.423966,-0.287719,-1.021629,140.62,0.688710,13.8079,0.8033
331,0.000473,0.247749,823.79,847.85,1734.38,0.535175,0.043137,0.281950,0.555830,-0.509905,0.331998,-0.125291,-0.534582,140.62,0.487688,9.5365,0.6789
336,0.000499,0.088062,833.93,748.94,1406.25,0.478746,0.035294,0.222459,0.195684,-0.616155,0.771105,0.116405,-0.689498,93.75,0.297105,8.6493,0.6214
341,0.000567,0.248332,705.83,569.68,1171.88,0.299970,0.011765,0.060959,0.387013,0.110109,0.817193,0.202269,-1.577543,93.75,0.179695,6.2249,0.7133
347,0.001081,0.205554,791.73,738.30,1406.25,0.477269,0.007843,-0.049869,0.285742,-0.010121,0.602644,-0.024905,-0.803491,93.75,0.195301,6.5852,0.6300
352,0.000310,0.423559,787.89,840.37,1640.62,0.512982,0.039216,0.165837,0.463045,0.034870,0.166211,-0.188861,-0.641101,93.75,0.367605,8.0316,0.6747
357,0.000432,0.154665,792.53,832.87,1640.62,0.510174,0.027451,0.055527,0.568710,-0.070960,0.268291,-0.253427,-0.568141,187.50,0.321141,6.7498,0.6732
363,0.000673,0.045935,817.26,767.55,1453.12,0.498730,0.031373,-0.324169,0.436145,0.030279,0.482581,0.047991,-0.672828,187.50,0.191331,6.9905,0.5911
368,0.000864,0.226483,607.07,549.78,1078.12,0.230325,0.003922,0.211548,0.803607,0.167487,0.663658,-0.023116,-1.823183,93.75,0.227261,7.8287,0.8070
373,0.000402,0.296043,590.66,579.84,1078.12,0.269918,0.090196,0.587687,0.817981,-0.318663,0.683535,-0.194370,-1.576170,140.62,0.390137,10.8188,0.8303
379,0.000559,0.135927,679.47,718.46,1218.75,0.391169,0.043137,0.434358,0.592582,-0.285285,0.443220,-0.191649,-0.993225,140.62,0.353852,10.0322,0.7514
384,0.000672,0.093632,847.38,792.94,1546.88,0.489853,0.039216,0.326802,0.379139,-0.879185,0.477014,0.288748,-0.592518,140.62,0.245132,9.4993,0.6236
389,0.000917,0.346414,615.67,628.08,1171.88,0.307321,0.019608,0.534422,0.752746,-0.326164,0.503162,-0.030467,-1.433700,93.75,0.299067,9.2592,0.7983
395,0.000556,0.257849,535.49,574.49,1078.12,0.260240,0.058824,0.407549,0.837744,0.314536,0.338200,-0.270047,-1.627982,93.75,0.389025,11.1594,0.8280
400,0.000429,0.197548,482.17,551.31,984.38,0.222279,0.011765,0.848011,1.072627,-0.086889,0.235996,-0.248979,-1.820764,93.75,0.416243,12.7137,0.8803

----- END /raw_C0_r02_336743.csv -----
=== KEY_DUMP_END key=C0 ===
NEXT: C#0
PRESS C#0  rep 1/2  then hit Enter

> 
> REC OK: /raw_C#0_r01_343426.csv
PRESS C#0  rep 2/2  then hit Enter

> 
> REC OK: /raw_C#0_r02_347372.csv
=== KEY_DUMP_BEGIN key=C#0 files=2 ===
----- BEGIN /raw_C#0_r01_343426.csv (17296 bytes) -----
ms_from_event,rms,flux,centroid_hz,spread_hz,rolloff85_hz,flatness,zcr,band0,band1,band2,band3,band4,band5,peak_hz,peak_mag,peak_ratio,low_dom
-208,0.000093,0.104105,1055.06,947.30,2390.62,0.565804,0.180392,-1.115406,-0.501285,1.043772,0.104561,0.161427,0.306931,375.00,0.051393,14.5066,0.2607
-203,0.000078,0.139849,1019.68,958.83,2390.62,0.511835,0.219608,-1.418594,-0.588479,1.327908,0.149818,0.136957,0.392390,375.00,0.054129,15.9232,0.2196
-197,0.000094,0.149749,1125.84,1032.04,2578.12,0.587676,0.172549,-1.753638,-0.501563,1.401237,0.026785,0.120318,0.706861,375.00,0.052868,15.9699,0.1764
-192,0.000089,0.188596,1066.47,1011.83,2484.38,0.534827,0.184314,-1.914526,-0.105916,1.442094,-0.075677,0.011261,0.642765,375.00,0.052987,15.2056,0.2080
-187,0.000076,0.152081,1008.94,968.54,2296.88,0.515723,0.227451,-1.242422,-0.375287,1.309981,-0.049760,-0.084849,0.442336,375.00,0.054218,15.9586,0.2714
-181,0.000098,0.159997,1107.91,997.25,2484.38,0.586453,0.101961,-1.171685,-0.265214,1.140260,-0.291577,0.041703,0.546513,375.00,0.049559,14.7814,0.2665
-176,0.000095,0.186508,1075.90,1002.98,2484.38,0.555719,0.129412,-1.376912,-0.102145,1.246541,-0.291280,0.004390,0.519406,375.00,0.050463,13.9881,0.2687
-171,0.000088,0.162520,1157.20,1077.98,2625.00,0.576414,0.156863,-1.434912,-0.214067,1.324945,-0.395636,-0.025027,0.744696,375.00,0.050740,13.9668,0.2343
-165,0.000086,0.210062,1168.25,1085.27,2671.88,0.579221,0.219608,-1.496919,0.007266,1.201295,-0.211686,-0.144338,0.644383,328.12,0.052255,14.2102,0.2700
-160,0.000101,0.224104,1216.22,1105.18,2812.50,0.618153,0.137255,-1.116235,-0.150668,0.934853,-0.024559,-0.243402,0.600011,328.12,0.050642,12.4398,0.3075
-155,0.000095,0.201278,1069.84,1002.73,2390.62,0.555197,0.101961,-1.406242,-0.217014,1.112222,0.051144,0.062903,0.396986,328.12,0.050739,12.0346,0.2608
-149,0.000083,0.133992,1049.47,981.69,2437.50,0.567663,0.203922,-1.175195,-0.533614,1.130013,0.197176,0.010770,0.370849,375.00,0.054266,13.7660,0.2601
-144,0.000076,0.155870,1002.44,946.79,2250.00,0.533926,0.168627,-1.249576,-0.554074,1.215647,0.146089,0.133928,0.307986,375.00,0.051578,14.1929,0.2455
-139,0.000098,0.251637,1195.48,1030.86,2671.88,0.571235,0.105882,-1.761543,-0.636249,1.258315,0.327674,0.076089,0.735713,421.88,0.041065,11.7764,0.1673
-133,0.000089,0.257196,1065.70,1011.11,2531.25,0.524322,0.156863,-1.527101,0.005922,1.245639,-0.042204,-0.207712,0.525456,375.00,0.041991,10.9322,0.2851
-128,0.000088,0.267744,924.70,1001.92,2250.00,0.456047,0.117647,-1.004965,0.490152,1.208145,-0.493422,-0.326556,0.126647,328.12,0.051875,13.5651,0.4607
-123,0.000089,0.234284,986.31,1002.10,2437.50,0.500470,0.188235,-1.005166,0.063474,1.193931,-0.016088,-0.492713,0.256561,375.00,0.044722,11.8601,0.4127
-117,0.000097,0.198746,1048.57,984.75,2437.50,0.580311,0.109804,-1.618717,0.056400,1.125760,0.134076,-0.088951,0.391433,375.00,0.047809,11.8043,0.2824
-112,0.000098,0.224446,1020.07,1004.55,2484.38,0.535224,0.109804,-1.226905,0.280478,1.098762,-0.314025,-0.185560,0.347250,328.12,0.048394,11.5889,0.3649
-107,0.000064,0.185609,1128.95,1053.55,2625.00,0.573449,0.278431,-1.158575,-0.197467,1.171212,-0.356627,-0.032445,0.573902,375.00,0.052514,13.2453,0.2791
-101,0.000094,0.184916,1169.15,1077.53,2718.75,0.589590,0.125490,-1.161008,-0.039780,1.047053,-0.228698,-0.192529,0.574962,375.00,0.044579,12.1387,0.3118
-96,0.000095,0.159525,1164.55,1042.77,2625.00,0.647656,0.062745,-1.028444,-0.224458,0.924134,-0.155942,-0.023330,0.508041,375.00,0.043062,11.2613,0.2955
-91,0.000081,0.239860,1025.55,994.74,2484.38,0.540453,0.149020,-1.421239,0.123424,1.148382,-0.146530,-0.035968,0.331931,328.12,0.050004,12.0724,0.3107
-85,0.000097,0.167961,1064.50,988.08,2531.25,0.555749,0.164706,-1.777566,-0.102333,1.247491,0.173303,0.033953,0.425152,375.00,0.050097,13.4404,0.2369
-80,0.000077,0.161522,1168.98,1075.15,2765.62,0.593396,0.203922,-1.824524,-0.331046,1.285000,0.100132,0.158467,0.611971,375.00,0.049096,12.9744,0.1880
-75,0.000088,0.239940,1149.66,1066.33,2718.75,0.619246,0.141176,-1.333406,-0.062096,0.959118,0.093046,-0.117103,0.460440,375.00,0.043194,10.5848,0.2954
-69,0.000085,0.168624,1182.27,1047.45,2671.88,0.630307,0.133333,-1.242969,-0.587604,1.038098,0.127826,0.059991,0.604657,375.00,0.047575,12.6056,0.2231
-64,0.000101,0.184248,1111.39,1003.71,2484.38,0.585547,0.160784,-1.530813,-0.461969,1.227417,0.043473,0.191901,0.529993,375.00,0.050913,14.2577,0.2047
-59,0.000090,0.202434,1057.72,1001.88,2390.62,0.521387,0.180392,-1.598612,-0.382863,1.307014,0.202665,0.010779,0.461016,375.00,0.054207,14.4728,0.2268
-53,0.000086,0.222313,1114.23,1019.16,2578.12,0.566571,0.152941,-1.593408,-0.489578,1.226932,0.217069,0.025484,0.613498,375.00,0.054403,13.3418,0.2041
-48,0.000087,0.175507,1187.43,1044.65,2671.88,0.624287,0.180392,-1.311761,-0.758099,1.173894,0.095906,0.082179,0.717880,375.00,0.054032,13.7605,0.1923
-43,0.000093,0.149815,1184.08,1061.62,2671.88,0.574045,0.156863,-1.556696,-0.284745,1.162500,-0.056141,0.115053,0.620029,375.00,0.049788,14.1003,0.2161
-37,0.000087,0.219194,1087.98,1026.22,2484.38,0.545423,0.172549,-1.280418,-0.229393,1.185535,-0.236742,0.107244,0.453773,375.00,0.052339,13.9512,0.2620
-32,0.000159,0.202574,1133.62,1049.18,2578.12,0.569847,0.050980,-1.312046,-0.136358,1.140904,-0.262032,-0.089757,0.659291,375.00,0.050087,12.5327,0.2672
-27,0.000674,0.495261,751.96,953.13,2156.25,0.412588,0.031373,0.549924,0.807010,0.401936,-0.820981,-0.845894,-0.091995,140.62,0.063347,10.1238,0.7590
-21,0.001351,0.675732,332.69,612.40,328.12,0.170418,0.011765,1.619058,1.738035,-0.108159,-1.206153,-1.044409,-0.998372,140.62,0.291092,19.3098,0.9370
-16,0.001821,0.473173,245.46,438.35,234.38,0.101938,0.011765,1.897020,2.011642,-0.030238,-0.926940,-1.303954,-1.647528,140.62,0.681591,24.5374,0.9686
-11,0.001046,0.315718,238.46,429.34,234.38,0.087054,0.023529,1.922294,2.175420,0.100395,-1.051635,-1.611592,-1.534881,140.62,1.035308,26.7721,0.9740
-5,0.000810,0.134351,386.97,659.74,515.62,0.195472,0.031373,1.370894,1.627718,-0.258050,-0.842465,-0.835468,-1.062629,140.62,0.990263,24.3596,0.9204
0,0.000785,0.227623,651.58,833.05,1406.25,0.395351,0.047059,0.561237,0.965683,-0.051238,-0.361624,-0.333100,-0.780959,140.62,0.608971,16.4960,0.7893
5,0.003573,0.461337,893.44,916.13,2015.62,0.550500,0.031373,-0.260411,0.537173,0.046467,0.007327,-0.031695,-0.298860,187.50,0.644418,11.4012,0.5753
11,0.002174,0.631700,795.16,768.54,1406.25,0.498765,0.031373,-0.183059,0.373955,0.077920,0.627950,-0.198516,-0.698250,187.50,1.029675,6.7364,0.6327
16,0.002890,0.245903,737.91,613.95,1218.75,0.369611,0.007843,-0.257234,0.180294,0.343349,0.972836,0.009336,-1.248581,140.62,1.035578,5.9876,0.6413
21,0.003184,0.126918,743.39,635.59,1218.75,0.400959,0.011765,-0.378186,0.345216,0.417192,0.849668,-0.106391,-1.127500,140.62,0.906557,5.8485,0.6458
27,0.002754,0.299611,765.41,753.98,1500.00,0.494869,0.027451,-0.045220,0.285166,0.370833,0.465482,-0.252443,-0.823818,140.62,1.206687,6.6435,0.6588
32,0.003834,0.208244,639.97,627.44,1078.12,0.348391,0.015686,0.178629,0.491586,0.160784,0.683553,-0.181785,-1.332767,93.75,1.326471,7.4706,0.7488
37,0.002271,0.302897,586.21,480.52,937.50,0.217662,0.015686,-0.200390,0.500649,0.934496,0.961152,-0.371989,-1.823919,234.38,0.961181,5.5623,0.7770
43,0.002517,0.147573,618.59,534.12,937.50,0.280986,0.015686,-0.304788,0.400877,0.836130,0.955276,-0.432860,-1.454635,328.12,0.924445,5.4821,0.7294
48,0.002398,0.178533,715.85,660.20,1171.88,0.382737,0.023529,-0.155438,0.359924,0.401518,0.585111,-0.111366,-1.079748,140.62,1.074205,7.6609,0.6677
53,0.002968,0.256926,839.64,778.81,1687.50,0.524683,0.011765,-0.224559,0.146938,0.237213,0.536870,-0.150150,-0.546312,375.00,0.889319,5.6774,0.5767
59,0.002120,0.163563,684.04,647.28,1171.88,0.359160,0.019608,-0.326430,0.229213,0.737227,0.640015,-0.287555,-0.992469,328.12,1.190277,8.4799,0.6437
64,0.002673,0.188305,576.69,516.78,984.38,0.222142,0.019608,-0.077871,0.625370,0.873693,0.495089,-0.138079,-1.778202,328.12,1.309923,9.8914,0.7741
69,0.002002,0.206684,662.85,596.39,1078.12,0.336322,0.031373,-0.068638,0.471667,0.462887,0.630296,-0.156006,-1.340207,140.62,0.997883,7.8707,0.7210
75,0.003628,0.207032,642.22,534.69,984.38,0.263666,0.015686,-0.102873,0.566185,0.486643,0.979479,-0.350745,-1.578689,140.62,1.069325,7.8137,0.7679
80,0.001460,0.271041,637.03,606.61,1218.75,0.330443,0.031373,-0.297395,0.645689,0.785194,0.462147,-0.225756,-1.369879,140.62,1.043741,6.8321,0.7255
85,0.002727,0.106260,567.85,540.06,1031.25,0.242918,0.015686,-0.042650,0.756375,0.926106,0.362732,-0.216326,-1.786237,328.12,1.206618,8.9153,0.7955
91,0.002358,0.169076,591.28,490.14,984.38,0.210349,0.011765,-0.048472,0.761779,0.638307,0.815353,-0.117531,-2.049436,140.62,0.856132,6.9489,0.8085
96,0.002227,0.233102,653.74,578.97,1031.25,0.304376,0.023529,-0.708418,0.707762,0.727937,0.857335,-0.176900,-1.407717,234.38,1.142104,8.4261,0.6883
101,0.001813,0.330696,759.10,735.70,1406.25,0.422498,0.023529,-0.706563,0.204222,0.845451,0.554686,-0.154924,-0.742873,281.25,0.970730,6.9581,0.5493
107,0.002116,0.146395,960.77,847.30,1921.88,0.638722,0.015686,-0.604282,-0.161150,0.453523,0.430742,0.192874,-0.311707,328.12,0.844299,6.6435,0.4199
112,0.002096,0.196661,757.04,724.04,1406.25,0.473091,0.023529,-0.488637,0.370066,0.524330,0.533900,-0.125442,-0.814218,281.25,0.592416,5.6191,0.6012
117,0.002224,0.236321,545.77,482.89,890.62,0.206366,0.019608,0.062394,0.851870,0.695506,0.797770,-0.334303,-2.073237,187.50,0.945516,8.2569,0.8404
123,0.002034,0.127069,582.67,541.45,1031.25,0.242840,0.023529,0.162890,0.649801,0.573854,0.554849,-0.093864,-1.847531,140.62,1.014228,9.6919,0.7985
128,0.001327,0.212726,586.48,608.98,1078.12,0.314043,0.039216,0.373034,0.642314,0.381845,0.362092,-0.190086,-1.569199,140.62,0.923249,8.9160,0.8002
133,0.001588,0.151408,541.84,529.71,937.50,0.242857,0.019608,0.234571,0.632062,0.809754,0.525163,-0.390608,-1.810943,93.75,0.720848,7.5806,0.8226
139,0.001330,0.150838,573.50,502.49,890.62,0.207040,0.027451,-0.041070,0.517829,0.897509,0.890252,-0.385002,-1.879518,93.75,0.488032,6.2429,0.7975
144,0.001154,0.140627,527.54,498.10,890.62,0.195300,0.023529,0.260577,0.802400,0.743534,0.738147,-0.645978,-1.898679,93.75,0.553755,7.1057,0.8586
149,0.001088,0.169974,615.35,541.22,984.38,0.259820,0.019608,0.090163,0.441225,0.671363,0.731790,-0.248394,-1.686147,140.62,0.486758,6.9009,0.7743
155,0.001351,0.250989,667.39,575.88,1125.00,0.296546,0.031373,-0.553295,0.483429,0.829534,0.842789,-0.056645,-1.545812,281.25,0.383883,5.8637,0.6827
160,0.001281,0.192221,604.41,510.38,984.38,0.244827,0.019608,-0.272729,0.527218,0.839152,0.912955,-0.134898,-1.871698,515.62,0.430433,6.7775,0.7559
165,0.001359,0.274046,574.82,520.19,937.50,0.237635,0.019608,0.096094,0.414667,0.877295,0.852264,-0.554880,-1.685440,375.00,0.535772,7.5880,0.7983
171,0.001495,0.169679,627.80,626.02,984.38,0.337007,0.039216,-0.083646,0.278950,0.850000,0.588096,-0.442212,-1.191188,328.12,0.596393,8.7270,0.7139
176,0.001234,0.240379,564.29,544.16,984.38,0.233581,0.015686,0.180905,0.574370,0.639811,0.593619,-0.301920,-1.686785,328.12,0.652219,9.3011,0.7977
181,0.000827,0.120547,594.88,601.65,984.38,0.301433,0.035294,0.053914,0.554355,0.681247,0.508522,-0.439998,-1.358041,140.62,0.607704,9.0609,0.7691
187,0.000746,0.112937,603.69,552.25,984.38,0.273812,0.035294,-0.086622,0.568057,0.772833,0.686131,-0.311901,-1.628499,328.12,0.387556,7.4681,0.7705
192,0.001019,0.126309,597.80,501.54,984.38,0.224492,0.027451,-0.095332,0.268239,0.831121,0.867872,-0.041762,-1.830139,375.00,0.367648,8.2949,0.7354
197,0.001048,0.297180,695.60,687.89,1218.75,0.414289,0.015686,0.000124,0.344749,0.319903,0.553518,-0.113445,-1.104849,140.62,0.347219,6.5990,0.6860
203,0.000772,0.252071,838.03,796.32,1640.62,0.565328,0.015686,-0.401367,0.111530,0.428604,0.533954,-0.059761,-0.612960,328.12,0.306895,4.8815,0.5477
208,0.000886,0.147034,760.05,689.55,1265.62,0.419987,0.023529,-0.585237,0.010070,0.709698,0.695219,0.084394,-0.914144,328.12,0.370883,6.8426,0.5318
213,0.001305,0.104213,642.91,539.32,984.38,0.277842,0.011765,-0.325096,0.291616,0.808862,0.883293,-0.043338,-1.615338,375.00,0.325177,7.3355,0.6927
219,0.000920,0.267639,496.37,471.78,937.50,0.182550,0.039216,0.273582,0.959387,0.767044,0.608653,-0.497397,-2.111269,140.62,0.462000,9.2748,0.8722
224,0.001003,0.186637,510.26,490.64,890.62,0.204822,0.015686,0.224474,0.812835,0.784378,0.753403,-0.765183,-1.809906,140.62,0.527914,9.5865,0.8589
229,0.000773,0.208291,592.06,554.59,890.62,0.280242,0.035294,-0.142856,0.595239,0.758150,0.808594,-0.613947,-1.405180,140.62,0.403770,6.9112,0.7748
235,0.000819,0.102434,595.20,578.31,937.50,0.279903,0.019608,0.063739,0.591924,0.739504,0.628068,-0.590764,-1.432471,140.62,0.320287,7.4521,0.7924
240,0.000899,0.239868,656.39,650.48,1031.25,0.374202,0.031373,-0.240881,0.501068,0.624553,0.723679,-0.527695,-1.080723,328.12,0.313582,6.8182,0.7179
245,0.000849,0.167426,624.16,547.90,984.38,0.273000,0.019608,-0.436898,0.346933,0.771520,1.040561,-0.291071,-1.431045,375.00,0.304190,6.8620,0.6934
251,0.000971,0.197293,627.40,610.50,1031.25,0.330804,0.039216,-0.168287,0.423638,0.686127,0.656518,-0.353907,-1.244089,375.00,0.342093,7.1902,0.7164
256,0.001429,0.211585,718.50,728.01,1218.75,0.456810,0.011765,-0.101154,0.344128,0.389768,0.482887,-0.254573,-0.861055,93.75,0.381324,6.8847,0.6636
261,0.000658,0.234018,527.10,584.76,937.50,0.253443,0.015686,0.319328,0.862589,0.461372,0.435957,-0.620372,-1.458874,140.62,0.585493,10.1634,0.8362
267,0.000513,0.130942,579.63,614.83,890.62,0.320863,0.031373,0.046580,0.694301,0.641404,0.623186,-0.781252,-1.224219,187.50,0.414328,7.9919,0.7979
272,0.000541,0.082640,651.67,563.77,937.50,0.288453,0.047059,-0.536670,0.333724,0.893643,1.068080,-0.516715,-1.242063,328.12,0.276833,8.2504,0.6852
277,0.000929,0.232136,680.02,584.61,984.38,0.310162,0.027451,-0.216189,0.070985,0.669031,0.960454,-0.204960,-1.279321,328.12,0.192120,5.8477,0.6614
283,0.000874,0.366077,632.32,667.06,1171.88,0.380786,0.019608,0.057053,0.607713,0.421984,0.385562,-0.275686,-1.196626,140.62,0.351251,8.1034,0.7443
288,0.000537,0.169984,533.64,560.97,937.50,0.268160,0.015686,0.294213,0.855239,0.531773,0.505383,-0.589515,-1.597092,140.62,0.453239,11.1173,0.8413
293,0.000584,0.201588,560.42,516.30,984.38,0.232915,0.027451,0.356293,0.638517,0.488383,0.765727,-0.235899,-2.013021,140.62,0.296017,8.2034,0.8351
299,0.000788,0.093501,570.28,477.51,984.38,0.210141,0.015686,0.095976,0.435551,0.818456,0.935158,-0.210836,-2.074305,375.00,0.180058,6.1349,0.8035
304,0.000807,0.214195,488.32,478.96,750.00,0.193598,0.003922,0.148600,0.731412,1.062375,0.610816,-0.694328,-1.858875,328.12,0.297942,9.2690,0.8477
309,0.000749,0.219298,462.76,514.93,750.00,0.204052,0.031373,0.657797,0.814956,0.664769,0.428123,-0.744134,-1.821512,140.62,0.384590,11.5201,0.8828
315,0.000541,0.106345,476.75,528.22,937.50,0.214711,0.023529,0.701506,0.860961,0.423622,0.419831,-0.570903,-1.835017,140.62,0.403213,12.3099,0.8791
320,0.001049,0.238105,553.60,584.52,937.50,0.285242,0.011765,0.204730,0.539030,0.777408,0.521776,-0.664948,-1.377997,328.12,0.290101,8.4497,0.8011
325,0.000762,0.185796,520.87,522.59,937.50,0.213093,0.039216,0.323884,0.711631,0.676857,0.553133,-0.489140,-1.776365,140.62,0.334919,8.7570,0.8390
331,0.000420,0.229095,448.60,502.63,890.62,0.170440,0.035294,0.546728,1.147218,0.547957,0.172688,-0.493798,-1.920793,140.62,0.492932,12.3106,0.8864
336,0.000565,0.041484,503.64,564.51,937.50,0.223952,0.054902,0.406737,0.957638,0.360019,0.353135,-0.453010,-1.624517,140.62,0.366986,13.6788,0.8483
341,0.000670,0.269603,541.87,547.36,984.38,0.234317,0.019608,0.367717,0.755928,0.619473,0.448345,-0.418700,-1.772763,140.62,0.264425,10.5680,0.8399
347,0.000810,0.185803,541.58,599.91,984.38,0.249297,0.015686,0.266576,0.846420,0.560991,0.349365,-0.462070,-1.561281,140.62,0.318162,11.9795,0.8275
352,0.000492,0.284962,490.75,601.03,937.50,0.241572,0.070588,0.430423,1.062352,0.446169,0.092700,-0.588112,-1.443533,140.62,0.390890,13.2073,0.8535
357,0.000572,0.221258,572.07,669.65,1031.25,0.329016,0.039216,0.250906,0.861827,0.566783,-0.058155,-0.456281,-1.165079,140.62,0.339234,10.6968,0.7969
363,0.000582,0.153828,552.87,598.11,984.38,0.257732,0.027451,0.218321,0.836390,0.340349,0.423205,-0.377135,-1.441131,140.62,0.285208,10.5427,0.8079
368,0.000642,0.134161,539.73,570.79,984.38,0.248215,0.015686,-0.106295,0.893346,0.651754,0.471197,-0.375006,-1.534997,187.50,0.270695,10.7338,0.7939
373,0.000642,0.287109,480.47,585.90,796.88,0.220645,0.054902,0.423492,0.916130,0.872898,0.227324,-1.011909,-1.427936,140.62,0.257638,9.4117,0.8687
379,0.000454,0.256344,472.67,560.54,937.50,0.202078,0.027451,0.534244,1.025342,0.408536,0.372146,-0.733378,-1.606890,140.62,0.359407,12.7254,0.8754
384,0.000636,0.105839,569.01,603.56,984.38,0.272169,0.023529,0.291251,0.830027,0.277475,0.467343,-0.380841,-1.485255,140.62,0.324530,14.0517,0.8166
389,0.000304,0.163264,573.00,625.11,1031.25,0.291470,0.035294,0.256282,0.822898,0.267201,0.380544,-0.368354,-1.358570,140.62,0.288694,11.5991,0.8027
395,0.000256,0.195689,663.72,721.30,1218.75,0.417679,0.078431,-0.029831,0.665215,0.368000,0.213516,-0.238917,-0.977984,187.50,0.208612,7.9182,0.7163
400,0.000314,0.091262,731.09,676.39,1125.00,0.357975,0.039216,-0.562161,0.178626,0.645554,0.807038,-0.113722,-0.955334,328.12,0.129682,7.1316,0.5849

----- END /raw_C#0_r01_343426.csv -----
----- BEGIN /raw_C#0_r02_347372.csv (17281 bytes) -----
ms_from_event,rms,flux,centroid_hz,spread_hz,rolloff85_hz,flatness,zcr,band0,band1,band2,band3,band4,band5,peak_hz,peak_mag,peak_ratio,low_dom
-208,0.000086,0.156650,1001.76,1042.15,2531.25,0.516706,0.219608,-0.607705,0.092365,0.946615,-0.287040,-0.342935,0.198700,328.12,0.047814,12.4860,0.4537
-203,0.000094,0.189557,989.80,1043.89,2531.25,0.539532,0.137255,-0.820506,0.304286,0.966028,-0.215835,-0.464301,0.230328,375.00,0.043536,11.0012,0.4648
-197,0.000100,0.203829,1009.48,1003.89,2484.38,0.565071,0.125490,-1.191240,0.123492,1.018610,-0.046288,-0.120936,0.216363,328.12,0.048030,11.3543,0.3586
-192,0.000056,0.183556,1060.01,1026.99,2484.38,0.593570,0.360784,-0.975431,0.079951,0.951028,-0.133344,-0.227946,0.305742,328.12,0.057125,13.9708,0.3807
-187,0.000100,0.184935,981.56,1006.43,2250.00,0.546102,0.129412,-0.909977,0.431411,0.859272,-0.158720,-0.331278,0.109293,328.12,0.035849,9.3556,0.4680
-181,0.000107,0.161044,1038.76,1047.80,2437.50,0.570203,0.113725,-1.279107,0.357061,1.084414,-0.243879,-0.263880,0.345391,375.00,0.036562,9.7968,0.3771
-176,0.000062,0.260511,1002.61,1010.65,2390.62,0.523018,0.203922,-1.574342,0.388714,1.123182,-0.120896,-0.158217,0.341558,328.12,0.055511,13.4963,0.3353
-171,0.000081,0.162360,1048.20,1032.24,2578.12,0.581105,0.149020,-1.367096,0.510684,0.929858,-0.112107,-0.263081,0.301743,328.12,0.046795,11.9053,0.3899
-165,0.000092,0.186675,1083.45,988.43,2437.50,0.582125,0.129412,-1.427710,-0.047814,1.032029,-0.060477,0.065884,0.438089,328.12,0.042643,13.0057,0.2710
-160,0.000073,0.261216,970.49,970.51,2343.75,0.536931,0.172549,-0.681458,0.031875,0.974012,-0.189907,-0.358622,0.224100,375.00,0.046211,12.0816,0.4360
-155,0.000096,0.108085,1082.37,1050.73,2625.00,0.562549,0.164706,-0.658970,-0.024934,0.862728,-0.187860,-0.334281,0.343319,375.00,0.045819,13.1599,0.4142
-149,0.000106,0.178876,1038.67,1005.35,2531.25,0.557635,0.133333,-1.022316,-0.298240,1.125240,-0.154402,0.039452,0.310264,375.00,0.047889,14.1649,0.3026
-144,0.000087,0.300511,945.65,911.68,2203.12,0.526658,0.133333,-1.307157,0.021920,1.253199,-0.267376,0.106573,0.192840,328.12,0.059596,14.6944,0.3117
-139,0.000088,0.144089,999.51,995.26,2390.62,0.529627,0.129412,-1.330758,0.234448,1.215500,-0.216670,-0.265847,0.363328,328.12,0.054228,12.9028,0.3551
-133,0.000094,0.191501,1123.35,1060.11,2625.00,0.567525,0.184314,-1.421732,-0.102664,1.217452,-0.074967,-0.159367,0.541277,375.00,0.050943,14.2430,0.2783
-128,0.000074,0.257384,1102.43,1052.90,2671.88,0.571142,0.196078,-1.118782,0.010209,1.082655,-0.157829,-0.255934,0.439683,328.12,0.043452,10.4565,0.3439
-123,0.000109,0.119374,1103.21,1065.34,2625.00,0.524188,0.117647,-0.941577,0.078876,0.994617,-0.192286,-0.354965,0.415333,328.12,0.042311,11.4141,0.3866
-117,0.000125,0.213691,989.09,1014.35,2531.25,0.517451,0.090196,-0.779950,0.110140,1.091174,-0.360145,-0.258403,0.197184,375.00,0.048636,11.6775,0.4245
-112,0.000134,0.331061,806.37,891.84,1968.75,0.479195,0.074510,-0.469080,0.553414,0.971093,-0.367758,-0.446890,-0.240780,328.12,0.062591,12.0132,0.5953
-107,0.000094,0.185188,787.74,886.05,1828.12,0.463732,0.156863,-0.509964,0.813012,0.887314,-0.341988,-0.549324,-0.299051,281.25,0.076114,14.9032,0.6401
-101,0.000076,0.171565,881.26,948.28,2250.00,0.474499,0.211765,-1.078872,0.780382,1.152573,-0.646479,-0.299363,0.091759,281.25,0.058671,12.6198,0.4886
-96,0.000124,0.284328,1158.38,1069.52,2671.88,0.558509,0.121569,-1.223359,0.074699,1.022534,-0.295908,-0.134106,0.556140,375.00,0.043088,11.2539,0.3132
-91,0.000108,0.297053,972.11,981.32,2343.75,0.510135,0.082353,-0.872398,0.364153,0.996520,-0.305923,-0.374861,0.192509,281.25,0.041902,8.8198,0.4594
-85,0.000099,0.252394,876.54,920.19,2203.12,0.440280,0.125490,-0.845613,0.695690,0.972970,-0.514253,-0.360657,0.051863,281.25,0.066627,14.0140,0.5198
-80,0.000111,0.131720,1006.34,988.48,2343.75,0.465046,0.129412,-1.689567,0.630583,1.136547,-0.203414,-0.285706,0.411557,281.25,0.061837,15.2739,0.3561
-75,0.000118,0.254157,934.13,955.32,2296.88,0.539532,0.121569,-1.092449,0.583703,0.926185,-0.009732,-0.379396,-0.028311,281.25,0.064693,15.2061,0.4874
-69,0.000084,0.198701,913.96,975.53,2296.88,0.511080,0.160784,-1.204600,0.774476,0.995572,-0.176046,-0.381501,-0.007900,281.25,0.071575,15.8825,0.4949
-64,0.000083,0.108979,1034.15,1053.34,2578.12,0.529518,0.176471,-1.432724,0.704927,1.043559,-0.231184,-0.381535,0.296959,281.25,0.064890,15.6398,0.4203
-59,0.000067,0.192711,1084.17,1096.06,2718.75,0.519331,0.247059,-0.845633,0.412182,1.055880,-0.499362,-0.563998,0.440930,328.12,0.043339,11.8445,0.4613
-53,0.000106,0.266559,1078.67,1058.21,2625.00,0.571744,0.101961,-1.040172,0.201289,0.932774,0.015947,-0.515076,0.405238,375.00,0.033380,9.4586,0.4099
-48,0.000118,0.277973,997.99,1044.29,2578.12,0.521408,0.101961,-1.590888,0.596005,1.216067,-0.049409,-0.508697,0.336921,281.25,0.039415,9.3812,0.3985
-43,0.000116,0.263233,997.64,1038.60,2625.00,0.478383,0.086275,-1.974026,0.838684,1.226644,-0.028557,-0.387119,0.324374,281.25,0.070090,17.1586,0.3690
-37,0.000120,0.147420,954.32,992.46,2437.50,0.468745,0.129412,-1.620056,0.866391,1.138000,-0.209845,-0.360312,0.185822,281.25,0.077524,18.5993,0.4281
-32,0.000111,0.165711,908.45,960.65,2296.88,0.502805,0.137255,-1.088622,0.732833,1.006521,-0.325205,-0.311065,-0.014462,281.25,0.075005,16.2286,0.4962
-27,0.000069,0.166311,947.41,976.47,2437.50,0.501297,0.254902,-1.346936,0.578456,1.163921,-0.293018,-0.325579,0.223156,281.25,0.060052,14.5561,0.4175
-21,0.000173,0.159797,939.57,992.23,2484.38,0.512261,0.082353,-1.113112,0.692430,1.078060,-0.296715,-0.557060,0.196396,281.25,0.045461,12.0475,0.4925
-16,0.001142,0.512840,660.27,899.72,1593.75,0.383526,0.003922,0.602501,0.968406,0.273450,-0.573517,-0.852050,-0.418790,93.75,0.066009,10.5594,0.8055
-11,0.001801,0.743078,320.64,567.87,375.00,0.158786,0.039216,1.522868,1.718787,-0.013215,-0.707056,-1.293814,-1.227570,140.62,0.425393,18.8747,0.9469
-5,0.002647,0.518610,408.89,720.80,656.25,0.191311,0.019608,1.418870,1.592757,-0.321488,-0.664252,-1.189325,-0.836561,140.62,0.996421,21.4358,0.9254
0,0.002523,0.308425,570.02,868.69,1265.62,0.303301,0.007843,1.136413,1.361200,-0.569307,-0.801726,-0.545786,-0.580794,140.62,1.453602,23.1001,0.8596
5,0.004789,0.422423,622.76,784.08,1218.75,0.378881,0.023529,0.682428,1.002978,-0.241378,-0.087880,-0.514798,-0.841351,140.62,1.864664,18.2534,0.8207
11,0.004364,0.525581,624.61,623.29,1125.00,0.332562,0.027451,-0.035187,0.684851,0.542297,0.410521,-0.252794,-1.349689,140.62,1.921126,9.4145,0.7551
16,0.004090,0.256234,636.31,547.71,1078.12,0.270773,0.027451,-0.420999,0.563592,0.682065,0.730724,0.073289,-1.628671,187.50,1.742983,7.3054,0.7004
21,0.003184,0.219157,638.91,501.29,1031.25,0.241917,0.019608,-1.304663,0.664142,1.020323,1.035111,0.129370,-1.544283,234.38,1.821720,7.8584,0.5956
27,0.005715,0.236794,650.37,519.18,1125.00,0.264609,0.007843,-0.583405,0.560024,0.748187,0.943298,-0.066340,-1.601765,187.50,1.399422,6.7900,0.6947
32,0.003357,0.340397,539.33,508.33,984.38,0.223558,0.011765,0.153865,0.853303,0.692727,0.492468,-0.258485,-1.933879,140.62,2.190332,8.6116,0.8320
37,0.002778,0.113129,558.94,529.98,984.38,0.241462,0.031373,0.303691,0.744182,0.420338,0.534462,-0.257705,-1.744968,140.62,2.131217,9.4612,0.8213
43,0.002847,0.113247,619.78,566.66,1078.12,0.287761,0.011765,0.034295,0.460752,0.468181,0.618957,-0.129445,-1.452738,328.12,1.139565,7.1390,0.7386
48,0.003977,0.218362,592.35,553.48,984.38,0.279333,0.015686,-0.129364,0.614874,0.756756,0.554009,-0.281882,-1.514394,281.25,0.966000,5.5010,0.7578
53,0.003076,0.261370,618.07,560.06,1031.25,0.289061,0.031373,0.097280,0.413601,0.528410,0.822321,-0.235126,-1.626487,93.75,1.317104,7.1115,0.7661
59,0.003136,0.230916,632.22,518.79,984.38,0.247770,0.023529,0.099995,0.434792,0.467625,0.966491,-0.210973,-1.757930,93.75,1.178976,6.1983,0.7776
64,0.001663,0.199352,642.35,520.14,984.38,0.276430,0.023529,-0.279430,0.347860,0.827649,0.980055,-0.238006,-1.638129,328.12,1.235666,6.6527,0.7256
69,0.004169,0.159156,708.55,670.28,1218.75,0.394736,0.015686,-0.628482,0.272125,0.868017,0.635650,-0.158811,-0.988499,281.25,0.930899,6.7396,0.5976
75,0.002855,0.337873,627.17,532.42,984.38,0.279490,0.027451,-0.307222,0.545624,0.739649,0.832289,-0.207755,-1.602585,281.25,0.913867,5.2982,0.7358
80,0.002247,0.205518,618.20,516.83,984.38,0.252573,0.027451,-0.184504,0.540292,0.738605,0.857781,-0.237328,-1.714846,328.12,1.424001,7.2904,0.7602
85,0.002846,0.113927,648.56,523.18,1171.88,0.245257,0.011765,-0.223938,0.428342,0.898195,0.570871,0.265691,-1.939160,328.12,1.125973,7.3947,0.7189
91,0.002641,0.211959,560.03,507.19,1078.12,0.206236,0.031373,0.200076,0.739765,0.646837,0.478712,-0.033350,-2.032040,140.62,1.169854,8.2939,0.8180
96,0.002339,0.296847,736.34,617.91,1218.75,0.369034,0.011765,-0.026319,0.295433,0.095605,0.890608,-0.065431,-1.189896,140.62,1.052606,7.0649,0.6818
101,0.002871,0.296906,874.74,704.84,1500.00,0.480213,0.023529,-0.928160,0.150250,0.270155,0.946688,0.182660,-0.621593,281.25,0.761710,4.5375,0.4577
107,0.002486,0.201458,851.85,794.09,1640.62,0.542850,0.023529,-0.737814,0.265801,0.557307,0.502916,-0.041485,-0.546725,234.38,1.101012,6.7768,0.5145
112,0.002683,0.249510,708.16,649.39,1218.75,0.394201,0.027451,-0.249942,0.535365,0.334279,0.741131,-0.203155,-1.157678,187.50,1.157609,7.2493,0.6949
117,0.002325,0.188953,655.74,512.07,1171.88,0.222414,0.015686,-0.122147,0.614952,0.375693,0.827524,0.064492,-1.760513,140.62,1.053009,7.8995,0.7492
123,0.002377,0.297463,611.26,483.31,1031.25,0.220941,0.015686,-0.528108,0.480406,0.893080,0.932467,-0.009090,-1.768755,328.12,1.124876,8.0012,0.7037
128,0.001554,0.099539,650.99,529.21,1078.12,0.276061,0.019608,-0.354062,0.202817,0.837404,0.854626,-0.066866,-1.473920,328.12,1.240998,10.5270,0.6670
133,0.001524,0.195404,668.97,515.76,1125.00,0.262665,0.039216,-0.142902,0.204741,0.646585,0.908000,0.044105,-1.660531,328.12,0.787624,6.6120,0.6983
139,0.002310,0.144505,677.67,551.54,1171.88,0.273299,0.027451,-0.214281,0.334141,0.458695,0.903802,0.187902,-1.670260,187.50,0.601841,6.1214,0.6902
144,0.001839,0.301423,660.82,537.26,1171.88,0.286355,0.015686,-0.761660,0.425537,0.869213,0.925348,0.151927,-1.610365,328.12,0.683484,5.5356,0.6367
149,0.001491,0.134150,669.49,553.37,1218.75,0.263238,0.031373,-0.121286,0.368885,0.657485,0.711733,0.127333,-1.744150,140.62,0.665410,6.4449,0.7175
155,0.001971,0.201816,685.60,652.31,1359.38,0.375517,0.015686,0.237762,0.360156,0.276709,0.494170,0.030621,-1.399417,93.75,0.811497,8.6286,0.7278
160,0.002877,0.201089,567.58,551.92,984.38,0.255173,0.023529,0.379829,0.666216,0.365430,0.646476,-0.240736,-1.817216,140.62,0.821522,8.5049,0.8252
165,0.001563,0.267565,535.04,496.33,937.50,0.193866,0.023529,0.018981,0.866720,0.843121,0.538970,-0.217535,-2.050258,187.50,1.133418,10.8181,0.8287
171,0.001476,0.190485,538.48,504.48,984.38,0.223130,0.019608,-0.058816,0.805836,0.929436,0.432974,-0.106290,-2.003140,187.50,1.024348,8.8343,0.8066
176,0.001654,0.118379,707.67,690.37,1359.38,0.400692,0.011765,-0.648117,0.425484,0.908003,0.222264,0.044042,-0.951676,328.12,0.943659,10.9003,0.5848
181,0.002422,0.218258,893.43,807.30,1781.25,0.570364,0.011765,-0.939077,-0.076579,0.720910,0.464295,0.152575,-0.322124,328.12,0.975878,10.6617,0.3958
187,0.001320,0.231154,648.99,659.59,1218.75,0.355752,0.011765,-0.482714,0.539839,0.898598,0.246026,-0.210603,-0.991147,328.12,0.997580,10.2937,0.6524
192,0.001580,0.152896,556.34,575.77,984.38,0.292425,0.019608,-0.056993,0.766809,0.827370,0.301791,-0.397205,-1.441771,328.12,0.751094,8.3377,0.7815
197,0.001344,0.142050,607.14,532.84,984.38,0.277407,0.047059,-0.127274,0.462089,0.820510,0.764501,-0.285993,-1.633832,328.12,0.684994,9.1725,0.7553
203,0.001759,0.183790,576.19,518.07,937.50,0.245475,0.015686,-0.173538,0.694450,0.877100,0.731829,-0.334741,-1.795101,328.12,0.618049,8.1657,0.7901
208,0.000798,0.176983,574.73,598.92,937.50,0.300744,0.015686,-0.409656,0.877064,0.886976,0.455754,-0.462175,-1.347962,187.50,0.819206,10.8861,0.7575
213,0.001267,0.203016,668.57,697.47,1265.62,0.385631,0.015686,-0.274620,0.650151,0.702760,0.301270,-0.396230,-0.983331,140.62,0.532208,7.2376,0.7063
219,0.002154,0.221640,907.19,872.62,1875.00,0.618571,0.011765,-0.312048,0.142421,0.442685,0.137473,-0.040016,-0.370516,93.75,0.395540,5.5149,0.5301
224,0.001495,0.321805,597.62,673.18,1171.88,0.347406,0.015686,0.066545,0.795153,0.608408,0.184039,-0.567089,-1.087056,140.62,0.776266,9.4788,0.7787
229,0.001064,0.130107,459.15,432.39,750.00,0.138221,0.015686,0.465423,0.989187,0.915365,0.552955,-0.570741,-2.352189,140.62,0.838217,10.4266,0.8992
235,0.001279,0.145102,539.98,528.97,890.62,0.251602,0.011765,0.212442,0.523103,0.902856,0.487655,-0.400475,-1.725581,328.12,0.697918,10.8645,0.8070
240,0.001332,0.203217,656.19,644.27,1171.88,0.370476,0.015686,-0.209232,0.237161,0.854170,0.532049,-0.316254,-1.097893,328.12,0.632340,10.7058,0.6728
245,0.001009,0.269525,565.27,571.80,937.50,0.282770,0.015686,0.209742,0.529584,0.616709,0.638786,-0.508615,-1.486207,93.75,0.462745,6.9107,0.7969
251,0.001250,0.113190,505.37,523.27,843.75,0.226611,0.035294,0.256100,0.710029,0.819053,0.472583,-0.571297,-1.686469,187.50,0.465550,8.3978,0.8337
256,0.000814,0.118443,492.19,503.22,890.62,0.200602,0.023529,0.131205,0.946277,1.026561,0.279237,-0.534611,-1.848670,328.12,0.507139,10.6631,0.8495
261,0.001161,0.207262,515.68,532.77,937.50,0.220324,0.015686,0.418778,0.807002,0.649229,0.355000,-0.467749,-1.762260,140.62,0.463006,9.1462,0.8491
267,0.001312,0.259027,568.51,588.82,984.38,0.280111,0.023529,0.099949,0.588625,0.698220,0.499049,-0.449303,-1.436541,328.12,0.458872,8.0970,0.7837
272,0.000982,0.191450,594.97,633.39,984.38,0.331859,0.011765,-0.169849,0.621560,0.808236,0.423474,-0.526636,-1.156785,328.12,0.524677,9.1679,0.7441
277,0.001306,0.146158,514.19,544.61,937.50,0.240278,0.015686,0.215036,0.924429,0.790477,0.183524,-0.443470,-1.669996,140.62,0.503047,9.5048,0.8357
283,0.000975,0.233919,507.73,464.89,843.75,0.186500,0.035294,0.418828,0.719524,0.720491,0.729048,-0.406727,-2.181165,140.62,0.578856,10.7863,0.8657
288,0.001002,0.145459,497.94,477.07,703.12,0.188520,0.023529,0.425139,0.632093,0.781662,0.793756,-0.822912,-1.809737,140.62,0.490883,8.9918,0.8635
293,0.000961,0.233506,564.89,575.64,890.62,0.280998,0.011765,-0.079143,0.697062,0.782245,0.674786,-0.811679,-1.263270,187.50,0.367520,7.5022,0.7935
299,0.001147,0.202668,564.09,626.67,984.38,0.300907,0.023529,-0.012878,0.840127,0.646346,0.303312,-0.556783,-1.220125,187.50,0.441242,8.9994,0.7862
304,0.000655,0.329229,715.22,738.61,1312.50,0.435902,0.023529,-0.202214,0.397357,0.520734,0.394392,-0.317841,-0.792428,328.12,0.365246,6.1833,0.6576
309,0.000718,0.065698,783.41,778.43,1546.88,0.492455,0.023529,-0.082052,0.040695,0.369968,0.447941,-0.140149,-0.636402,328.12,0.305840,6.3044,0.5909
315,0.000799,0.147332,621.38,671.29,1078.12,0.377747,0.031373,-0.212092,0.618215,0.701555,0.323703,-0.391426,-1.039955,187.50,0.296444,8.1306,0.7148
320,0.000928,0.196492,470.75,488.61,796.88,0.185146,0.019608,0.274037,1.006375,0.775258,0.622416,-0.836974,-1.841112,187.50,0.395530,11.5325,0.8786
325,0.000747,0.324128,529.00,486.05,703.12,0.209340,0.015686,-0.167831,0.618606,1.065765,0.937969,-0.768140,-1.686368,328.12,0.313114,7.7028,0.8104
331,0.000985,0.197844,540.96,527.76,843.75,0.245098,0.019608,0.125552,0.616453,0.847711,0.807131,-0.777435,-1.619413,328.12,0.298350,7.0564,0.8277
336,0.000779,0.166823,499.00,499.29,843.75,0.205349,0.007843,0.513547,0.864924,0.522710,0.646928,-0.612130,-1.935978,140.62,0.453905,12.5886,0.8769
341,0.000786,0.183558,434.11,495.83,796.88,0.185205,0.015686,0.718877,1.095269,0.613791,0.360960,-0.814245,-1.974652,140.62,0.450507,11.8451,0.9090
347,0.000781,0.231840,465.03,511.07,750.00,0.210150,0.082353,0.333871,0.903999,0.980157,0.292293,-0.743441,-1.766881,328.12,0.356924,9.2026,0.8669
352,0.001092,0.111191,470.17,490.17,750.00,0.195405,0.003922,0.545571,0.611142,0.926387,0.476629,-0.702004,-1.857725,93.75,0.341349,10.3315,0.8651
357,0.000809,0.268843,447.03,505.74,750.00,0.204751,0.007843,0.678073,0.923361,0.661794,0.284601,-0.748834,-1.798995,93.75,0.471520,11.8891,0.8884
363,0.000637,0.205342,469.60,543.15,796.88,0.224750,0.011765,0.646660,0.942351,0.384096,0.360794,-0.702078,-1.631823,140.62,0.481221,10.7145,0.8767
368,0.000736,0.172528,620.64,659.94,1078.12,0.359438,0.027451,0.103920,0.412896,0.534360,0.440945,-0.361852,-1.130270,93.75,0.301514,7.4986,0.7319
373,0.000891,0.046609,535.96,592.08,937.50,0.287456,0.015686,0.415134,0.614154,0.546871,0.422218,-0.589879,-1.408497,93.75,0.281795,8.8115,0.8196
379,0.000552,0.265111,492.73,632.96,843.75,0.285233,0.023529,0.653250,1.059096,0.342757,-0.003706,-0.794823,-1.256574,140.62,0.442990,12.5412,0.8678
384,0.000542,0.251967,653.48,765.94,1312.50,0.432792,0.023529,0.291406,0.580657,0.396383,0.139508,-0.569143,-0.838811,93.75,0.321602,8.5324,0.7577
389,0.000960,0.108837,617.40,644.66,984.38,0.353973,0.007843,-0.106362,0.371452,0.846376,0.541938,-0.560446,-1.092958,375.00,0.202154,6.7708,0.7230
395,0.000639,0.297218,460.58,534.16,796.88,0.220043,0.062745,0.486819,1.061586,0.791915,0.061680,-0.722366,-1.679634,140.62,0.292096,8.8830,0.8782
400,0.000601,0.211212,431.41,510.21,750.00,0.187823,0.035294,0.662477,1.206337,0.458360,0.258991,-0.817631,-1.768534,140.62,0.453797,13.1745,0.9027

----- END /raw_C#0_r02_347372.csv -----
=== KEY_DUMP_END key=C#0 ===
NEXT: D0
PRESS D0  rep 1/2  then hit Enter

> 
> REC OK: /raw_D0_r01_353191.csv
PRESS D0  rep 2/2  then hit Enter

> 
> REC OK: /raw_D0_r02_357031.csv
=== KEY_DUMP_BEGIN key=D0 files=2 ===
----- BEGIN /raw_D0_r01_353191.csv (17337 bytes) -----
ms_from_event,rms,flux,centroid_hz,spread_hz,rolloff85_hz,flatness,zcr,band0,band1,band2,band3,band4,band5,peak_hz,peak_mag,peak_ratio,low_dom
-208,0.000092,0.135839,992.79,980.78,2343.75,0.547586,0.149020,-1.058925,0.033691,1.141544,-0.211065,-0.170169,0.264926,328.12,0.044817,12.4813,0.3635
-203,0.000076,0.260400,1050.13,999.47,2390.62,0.571929,0.223529,-1.405002,-0.120468,1.140709,-0.028651,0.051265,0.362146,375.00,0.048345,13.1228,0.2750
-197,0.000077,0.170047,991.25,974.78,2250.00,0.558494,0.192157,-0.855593,0.015037,0.906055,-0.098370,-0.127736,0.160605,375.00,0.044861,11.7825,0.3925
-192,0.000083,0.159663,1108.88,1015.04,2484.38,0.588847,0.172549,-1.037116,-0.409062,1.004810,0.053367,-0.044638,0.432639,375.00,0.043876,12.3346,0.2856
-187,0.000084,0.242989,1211.45,1061.81,2718.75,0.617878,0.184314,-1.709182,-0.212253,1.078649,0.021281,0.203454,0.618051,375.00,0.039386,11.2091,0.2024
-181,0.000084,0.212927,1049.77,996.91,2437.50,0.574947,0.160784,-0.943703,-0.205950,0.957616,0.025733,-0.056430,0.222734,375.00,0.044936,11.9055,0.3412
-176,0.000096,0.098958,1021.16,1002.34,2484.38,0.510343,0.113725,-0.994442,-0.282174,1.168071,-0.040021,-0.213077,0.361645,375.00,0.049338,14.6912,0.3290
-171,0.000119,0.203722,1185.14,1070.36,2718.75,0.591543,0.133333,-1.507144,-0.383924,1.178414,0.094297,-0.014611,0.632969,375.00,0.050037,13.8416,0.2219
-165,0.000089,0.314922,967.94,988.45,2390.62,0.520848,0.133333,-1.663774,0.338539,1.261083,-0.004569,-0.159793,0.228514,328.12,0.057061,12.4290,0.3325
-160,0.000093,0.144598,870.99,935.92,2062.50,0.465592,0.149020,-1.330840,0.513225,1.192649,-0.214924,-0.132223,-0.027886,328.12,0.061104,13.5826,0.4185
-155,0.000083,0.184762,1072.78,1041.19,2625.00,0.549236,0.211765,-1.801277,-0.041256,1.187553,0.146019,0.088572,0.420389,375.00,0.049583,12.3497,0.2358
-149,0.000078,0.156197,1124.16,1029.65,2625.00,0.558567,0.203922,-1.610122,-0.483301,1.257952,0.098850,0.157756,0.578865,375.00,0.050453,13.4495,0.1954
-144,0.000090,0.127751,1127.09,1016.20,2578.12,0.624432,0.211765,-1.506035,-0.452768,1.121051,0.251158,0.092436,0.494158,375.00,0.045930,13.0116,0.2188
-139,0.000079,0.159517,1236.36,1092.29,2812.50,0.609475,0.133333,-1.171388,-0.399925,1.176215,-0.438599,0.072790,0.760905,375.00,0.048042,13.9923,0.2310
-133,0.000069,0.190138,1113.47,1015.60,2578.12,0.575941,0.219608,-1.469739,-0.137886,1.181172,-0.276901,0.200064,0.503290,375.00,0.045345,12.2862,0.2395
-128,0.000083,0.221600,1111.88,998.27,2484.38,0.612853,0.137255,-1.811546,-0.087932,1.074688,0.302883,0.011017,0.510889,375.00,0.032639,9.7285,0.2296
-123,0.000095,0.204878,1248.69,1100.38,2812.50,0.632298,0.219608,-1.554865,-0.333205,1.047402,0.262749,-0.165353,0.743272,375.00,0.036620,9.7512,0.2257
-117,0.000084,0.225426,1099.38,1071.92,2578.12,0.579450,0.262745,-1.329524,0.029882,1.160666,-0.164499,-0.198798,0.502275,375.00,0.045175,12.1433,0.3097
-112,0.000079,0.253799,1019.45,1003.44,2484.38,0.485587,0.192157,-1.578186,0.449766,1.144991,-0.206812,-0.168431,0.358673,328.12,0.046945,11.8808,0.3409
-107,0.000089,0.235002,1217.38,1060.60,2671.88,0.624335,0.164706,-1.158067,-0.181158,0.884328,-0.048553,-0.042547,0.545996,375.00,0.041373,10.9547,0.2847
-101,0.000074,0.173293,1156.31,1086.84,2718.75,0.598650,0.235294,-0.973808,-0.141540,0.999102,-0.187512,-0.240489,0.544245,375.00,0.045534,12.3045,0.3297
-96,0.000090,0.131076,1069.95,1030.33,2578.12,0.559680,0.105882,-1.613532,-0.013529,1.239431,0.006311,-0.107599,0.488917,375.00,0.047285,13.7706,0.2681
-91,0.000090,0.147035,1098.38,1014.11,2531.25,0.557370,0.109804,-2.116108,-0.177387,1.355487,0.332415,-0.025442,0.631034,375.00,0.046351,13.5454,0.1901
-85,0.000077,0.259169,1072.05,1029.48,2484.38,0.501240,0.219608,-1.585571,0.090557,1.283113,-0.112442,-0.130483,0.454824,328.12,0.050522,13.8354,0.2871
-80,0.000115,0.133326,1192.42,1083.94,2765.62,0.569576,0.129412,-1.439008,-0.385685,1.197483,-0.048506,0.061552,0.614165,328.12,0.047132,13.7475,0.2227
-75,0.000094,0.262930,1014.71,1007.91,2437.50,0.561912,0.196078,-1.111444,-0.071291,1.140398,-0.111290,-0.042135,0.195763,328.12,0.054910,13.1029,0.3389
-69,0.000073,0.220634,981.33,978.51,2343.75,0.554980,0.223529,-1.159652,0.326485,1.026010,-0.211695,-0.094088,0.112940,328.12,0.060866,13.0805,0.3951
-64,0.000089,0.130158,1193.38,1066.56,2718.75,0.601209,0.141176,-1.846354,0.061142,1.095618,-0.012509,0.011610,0.690492,328.12,0.042759,11.2881,0.2238
-59,0.000089,0.222450,1261.72,1102.65,2906.25,0.593244,0.121569,-1.604316,-0.122458,1.076203,-0.045188,-0.122289,0.818048,375.00,0.042085,11.1359,0.2295
-53,0.000091,0.211527,1191.03,1074.75,2718.75,0.588017,0.180392,-1.024605,-0.265264,1.147919,-0.590922,-0.006477,0.739351,375.00,0.052633,13.5000,0.2667
-48,0.000096,0.120269,1171.29,1051.04,2671.88,0.557018,0.137255,-1.349993,-0.484015,1.297544,-0.309200,0.042511,0.803152,375.00,0.056936,15.4585,0.2075
-43,0.000077,0.251868,1023.64,1005.03,2437.50,0.518451,0.203922,-1.463767,0.095690,1.227962,-0.137150,-0.123010,0.400274,375.00,0.049334,12.2113,0.3052
-37,0.000079,0.153366,1113.31,1061.84,2671.88,0.594468,0.164706,-1.204790,0.088704,1.062549,-0.104676,-0.289131,0.447343,375.00,0.043668,10.8116,0.3459
-32,0.000093,0.182334,1317.39,1091.27,2859.38,0.617333,0.145098,-1.265049,-0.706085,1.052060,-0.007174,0.135350,0.790897,375.00,0.043105,12.9614,0.1902
-27,0.000089,0.245476,1174.83,1083.85,2765.62,0.594331,0.149020,-1.134522,-0.299202,1.141632,-0.316783,-0.018736,0.627610,375.00,0.049001,13.6238,0.2648
-21,0.000094,0.185407,1065.82,1045.24,2531.25,0.547885,0.141176,-1.093803,-0.131848,1.160249,-0.305919,-0.069204,0.440526,375.00,0.051489,13.6824,0.3103
-16,0.000128,0.238194,937.06,997.65,2390.62,0.521946,0.066667,-0.328413,0.227760,0.791652,-0.386867,-0.377529,0.073398,375.00,0.046401,10.9297,0.5254
-11,0.000138,0.323695,859.18,1021.38,2343.75,0.486881,0.027451,0.335306,0.676111,0.344265,-0.650469,-0.642040,-0.063175,140.62,0.055908,11.3670,0.7023
-5,0.000275,0.292887,777.13,1013.57,2203.12,0.422322,0.047059,0.685143,0.905129,0.006917,-0.666185,-0.690076,-0.240928,140.62,0.078680,14.4648,0.7791
0,0.000164,0.382068,593.67,826.79,1312.50,0.346277,0.125490,0.809659,1.082427,-0.019256,-0.518461,-0.670071,-0.684299,140.62,0.122201,15.3600,0.8352
5,0.003376,0.835870,680.88,694.07,1265.62,0.430494,0.019608,-0.289485,0.435181,0.628147,0.341581,-0.207179,-0.908244,187.50,0.311611,6.4687,0.6526
11,0.004205,0.684587,709.65,628.98,1312.50,0.372133,0.015686,-0.462662,0.406350,0.589835,0.552673,0.111539,-1.197735,187.50,0.872203,5.8089,0.6260
16,0.003635,0.294068,682.72,545.16,1265.62,0.291850,0.023529,-0.692343,0.340642,0.920237,0.779270,0.211379,-1.559185,375.00,1.306350,6.7202,0.6220
21,0.003064,0.246027,610.93,508.75,1031.25,0.230405,0.015686,-0.623510,0.549150,1.161784,0.604600,0.039143,-1.731167,375.00,1.730175,8.2302,0.6919
27,0.005017,0.222727,639.48,579.39,1218.75,0.285816,0.015686,0.103508,0.673204,0.401100,0.441081,0.056611,-1.675505,140.62,1.633477,8.7034,0.7681
32,0.004108,0.203360,603.31,547.00,1125.00,0.257719,0.015686,0.201035,0.722964,0.421472,0.543100,-0.020064,-1.868508,140.62,2.336527,11.2382,0.8032
37,0.002734,0.183565,581.84,547.57,1078.12,0.254199,0.023529,0.019060,0.795598,0.559703,0.469778,-0.096892,-1.747247,187.50,2.156800,9.8729,0.7907
43,0.003313,0.150079,697.03,628.72,1265.62,0.364821,0.011765,-0.530223,0.454451,0.693943,0.526742,0.027351,-1.172265,187.50,1.529285,8.1030,0.6305
48,0.003854,0.152713,689.40,647.20,1265.62,0.372126,0.015686,-0.123045,0.397421,0.461150,0.420529,-0.034129,-1.121925,375.00,1.211262,6.8350,0.6716
53,0.004155,0.250744,751.86,732.80,1453.12,0.462034,0.015686,0.200143,0.323273,0.066897,0.287665,0.006818,-0.884794,140.62,1.732068,8.4407,0.6683
59,0.003110,0.222982,605.90,606.99,1125.00,0.309857,0.007843,0.080594,0.566741,0.657279,0.218534,-0.160848,-1.362299,375.00,1.683133,8.1483,0.7475
64,0.002876,0.086406,583.35,546.11,1031.25,0.260691,0.023529,-0.085468,0.529324,0.889441,0.330825,-0.122916,-1.541205,375.00,1.739995,9.8685,0.7415
69,0.004325,0.072520,700.48,662.37,1359.38,0.389191,0.011765,-0.197447,0.431453,0.529363,0.321832,0.055691,-1.140893,375.00,1.280612,9.2099,0.6592
75,0.003114,0.305799,659.60,638.00,1125.00,0.351881,0.023529,-0.096735,0.505844,0.519318,0.497358,-0.225421,-1.200364,140.62,1.391208,7.4977,0.7145
80,0.002313,0.243144,737.84,740.64,1500.00,0.461828,0.011765,-0.123156,0.386927,0.540477,0.184005,-0.161728,-0.826524,375.00,1.633579,7.4478,0.6516
85,0.001865,0.039759,747.60,662.29,1359.38,0.412421,0.043137,-0.172903,0.032185,0.572258,0.505391,0.086198,-1.023130,375.00,1.450072,9.4410,0.5982
91,0.004138,0.093598,743.41,616.77,1312.50,0.358263,0.007843,-0.217341,0.129307,0.526999,0.600092,0.212823,-1.251879,375.00,1.136680,9.3102,0.6167
96,0.003766,0.388028,654.87,653.43,1171.88,0.362212,0.011765,0.110203,0.447426,0.544974,0.282210,-0.069170,-1.315643,375.00,1.395652,7.7689,0.7254
101,0.001843,0.170004,610.97,593.63,1078.12,0.274513,0.027451,0.208991,0.561049,0.463223,0.335902,-0.095919,-1.473246,140.62,1.743570,9.4889,0.7631
107,0.002673,0.153151,767.80,734.86,1546.88,0.480375,0.015686,-0.121254,0.257578,0.409344,0.281172,-0.001324,-0.825516,375.00,1.297823,8.0851,0.6181
112,0.003041,0.144001,727.47,639.75,1265.62,0.381302,0.031373,-0.416765,0.354147,0.530489,0.487693,0.217207,-1.172771,375.00,1.061621,8.2504,0.6098
117,0.003068,0.250581,591.21,507.78,1031.25,0.224163,0.015686,-0.129795,0.589056,0.747403,0.528233,0.102806,-1.837704,375.00,1.246455,9.1196,0.7497
123,0.002476,0.210903,571.87,524.39,1031.25,0.222454,0.019608,0.197333,0.643636,0.731814,0.378272,-0.106614,-1.844442,375.00,1.431295,9.8978,0.8016
128,0.002211,0.145122,661.07,618.40,1218.75,0.292785,0.015686,0.199077,0.468227,0.408535,0.251434,0.051189,-1.378461,375.00,1.288295,9.0925,0.7305
133,0.003955,0.162813,716.52,654.85,1218.75,0.393775,0.011765,-0.179898,0.236223,0.534057,0.374543,0.084377,-1.049302,375.00,1.288373,9.4121,0.6250
139,0.003468,0.237190,553.43,544.29,1031.25,0.251338,0.015686,0.239129,0.722337,0.720160,0.210004,-0.195363,-1.696266,375.00,1.377697,9.1937,0.8064
144,0.002480,0.150226,485.37,477.92,984.38,0.168514,0.015686,0.507696,1.053256,0.672044,0.184877,-0.102846,-2.315027,140.62,1.901475,12.8431,0.8797
149,0.002324,0.086939,521.90,524.25,984.38,0.201341,0.023529,0.329947,0.898946,0.645798,0.113633,-0.099537,-1.888786,140.62,1.647839,12.7925,0.8332
155,0.002805,0.144956,632.08,640.52,1171.88,0.329643,0.015686,0.099021,0.696747,0.442182,0.076162,-0.025288,-1.288825,140.62,1.141035,10.5962,0.7417
160,0.002615,0.244695,587.55,527.75,1031.25,0.237256,0.015686,-0.331066,0.659703,0.930395,0.415108,-0.008211,-1.665928,375.00,1.176726,10.2955,0.7313
165,0.002378,0.158120,527.04,493.12,984.38,0.187828,0.003922,0.179329,0.835095,0.819876,0.269221,-0.013572,-2.089949,140.62,1.199682,10.1114,0.8262
171,0.002456,0.151157,545.30,541.62,1031.25,0.229681,0.015686,0.417338,0.846285,0.560126,0.145763,-0.095795,-1.873718,140.62,1.421019,12.7491,0.8343
176,0.002118,0.153474,511.51,499.42,937.50,0.194906,0.015686,0.426600,0.967702,0.555364,0.348974,-0.253593,-2.045048,140.62,1.325291,12.4334,0.8637
181,0.002119,0.164626,515.93,472.67,984.38,0.177604,0.015686,0.011096,0.965838,0.938690,0.351054,-0.085784,-2.180894,187.50,1.172319,11.3769,0.8350
187,0.002487,0.057086,505.82,486.78,984.38,0.175574,0.011765,0.180540,0.883408,1.019761,0.084015,-0.096175,-2.071549,375.00,0.977228,11.9593,0.8342
192,0.002034,0.230911,467.01,478.06,843.75,0.167046,0.015686,0.566903,1.077060,0.747809,0.144673,-0.326105,-2.210341,140.62,1.204702,13.2955,0.8899
197,0.002039,0.156369,474.09,489.66,937.50,0.181049,0.019608,0.702163,1.011185,0.625390,0.118111,-0.218722,-2.238127,140.62,1.298748,13.8046,0.8894
203,0.001925,0.151637,472.14,481.58,843.75,0.187335,0.003922,0.397236,0.929342,0.924362,0.097070,-0.377267,-1.970742,140.62,0.957475,10.8841,0.8626
208,0.002088,0.100860,520.96,511.85,984.38,0.208467,0.015686,0.211433,0.863893,0.750841,0.194242,-0.192758,-1.827651,140.62,0.903405,10.6977,0.8246
213,0.002202,0.140918,498.47,492.88,937.50,0.192422,0.007843,0.467061,0.997787,0.483660,0.363201,-0.267398,-2.044310,140.62,1.162711,14.6783,0.8686
219,0.002407,0.143686,438.94,450.00,843.75,0.147721,0.015686,0.573199,1.224176,0.716009,0.142737,-0.417529,-2.238592,140.62,1.245312,15.4298,0.9026
224,0.001407,0.110188,477.38,553.69,796.88,0.218454,0.015686,0.473358,1.085448,0.615029,-0.073007,-0.583177,-1.517651,140.62,1.238942,14.5931,0.8617
229,0.002081,0.137796,619.42,705.63,1218.75,0.375474,0.023529,0.204384,0.750557,0.484308,-0.269449,-0.182014,-0.987787,140.62,1.003937,12.5116,0.7431
235,0.002230,0.114944,501.65,585.62,937.50,0.263437,0.011765,0.569498,0.996285,0.449721,-0.064786,-0.468025,-1.482692,140.62,1.084256,14.6510,0.8530
240,0.001977,0.217728,414.99,430.34,750.00,0.136690,0.015686,0.739258,1.224207,0.669135,0.341448,-0.665503,-2.308545,140.62,1.284945,15.4457,0.9219
245,0.001471,0.126901,440.99,429.41,843.75,0.146841,0.015686,0.484030,1.148306,0.817649,0.388046,-0.551467,-2.286564,140.62,1.111398,13.6107,0.9034
251,0.001828,0.106134,519.40,539.30,937.50,0.233340,0.007843,0.121537,0.954643,0.728777,0.185315,-0.393012,-1.597260,187.50,0.933910,13.1007,0.8225
256,0.002272,0.183545,593.04,663.81,1171.88,0.352035,0.011765,0.281750,0.870188,0.375185,-0.041134,-0.360115,-1.125874,140.62,0.924586,13.1725,0.7890
261,0.001761,0.188977,469.51,532.34,890.62,0.216827,0.007843,0.510775,1.112736,0.541336,0.117247,-0.590615,-1.691478,140.62,1.138397,14.8310,0.8758
267,0.001456,0.136650,495.66,598.63,890.62,0.245407,0.003922,0.685827,1.022571,0.264804,0.121571,-0.734217,-1.360556,140.62,1.213645,16.4369,0.8701
272,0.001537,0.134434,587.88,707.36,984.38,0.346108,0.007843,0.440177,0.812682,0.335272,0.086539,-0.707012,-0.967658,140.62,1.069809,15.3567,0.8121
277,0.001711,0.134572,508.90,577.69,890.62,0.267767,0.007843,0.368737,1.026065,0.517977,0.210234,-0.648705,-1.474307,140.62,0.863265,13.1308,0.8531
283,0.001760,0.099804,425.00,432.31,703.12,0.151317,0.023529,0.452396,1.215153,0.935815,0.273459,-0.677629,-2.199193,187.50,0.927268,15.3305,0.9065
288,0.001503,0.191436,483.09,569.17,843.75,0.236712,0.007843,0.408231,1.096265,0.693087,0.023878,-0.829174,-1.392287,140.62,0.940338,13.9132,0.8656
293,0.001485,0.195600,630.33,739.79,1218.75,0.402432,0.015686,0.304114,0.886987,0.259163,-0.133720,-0.399431,-0.917113,140.62,0.945897,14.4462,0.7780
299,0.001517,0.102404,522.64,621.88,890.62,0.286902,0.023529,0.407686,0.996107,0.487130,0.084334,-0.708916,-1.266341,140.62,0.862670,14.7910,0.8442
304,0.001669,0.134227,444.98,480.20,843.75,0.174453,0.003922,0.592476,1.166021,0.704011,0.232323,-0.789666,-1.905164,140.62,0.872660,15.6711,0.9026
309,0.001353,0.128351,415.73,461.08,750.00,0.147105,0.023529,0.652090,1.325576,0.666597,0.078204,-0.649142,-2.073325,140.62,0.912582,16.2828,0.9129
315,0.001590,0.090992,421.89,542.09,750.00,0.197620,0.015686,0.771825,1.423854,0.367700,-0.242486,-0.651717,-1.669176,140.62,0.964276,19.5237,0.9054
320,0.001419,0.219177,449.28,571.09,796.88,0.235509,0.007843,0.694357,1.219796,0.555399,-0.196098,-0.832833,-1.440622,140.62,0.943358,16.7677,0.8903
325,0.001656,0.163553,473.36,550.59,843.75,0.218294,0.007843,0.428629,1.070540,0.706774,0.081525,-0.757991,-1.529477,140.62,0.792585,14.1559,0.8691
331,0.001430,0.232868,529.26,683.40,1031.25,0.329181,0.015686,0.599054,1.096150,0.397743,-0.461005,-0.571234,-1.060708,140.62,0.902539,16.4759,0.8407
336,0.001089,0.115460,430.94,570.43,796.88,0.219969,0.015686,0.813435,1.279389,0.476889,-0.301832,-0.848587,-1.419293,140.62,0.931923,16.8194,0.8985
341,0.001332,0.159704,405.05,481.47,703.12,0.164490,0.011765,0.587528,1.322925,0.900006,-0.016797,-0.980922,-1.812740,187.50,0.755898,15.2450,0.9131
347,0.001367,0.067453,412.91,511.14,703.12,0.180299,0.015686,0.738919,1.335542,0.560478,-0.124648,-0.763112,-1.747180,187.50,0.692900,17.6061,0.9082
352,0.001281,0.254770,488.37,670.40,984.38,0.285258,0.003922,0.771443,1.322155,0.086176,-0.533208,-0.537588,-1.108977,140.62,0.885526,19.8139,0.8665
357,0.001362,0.201426,636.33,800.43,1453.12,0.425453,0.007843,0.624083,1.007357,-0.151973,-0.465515,-0.297848,-0.716104,140.62,0.912055,17.8154,0.7896
363,0.001156,0.184595,495.47,627.99,890.62,0.278427,0.007843,0.457352,1.165375,0.536650,-0.219054,-0.735374,-1.204948,140.62,0.740845,15.5594,0.8559
368,0.001489,0.025374,394.09,476.13,750.00,0.158859,0.007843,0.741802,1.438352,0.622650,-0.114041,-0.809008,-1.879755,140.62,0.709829,18.1932,0.9194
373,0.001595,0.239963,390.92,515.05,796.88,0.176787,0.007843,1.062407,1.501284,0.044902,-0.010157,-0.920773,-1.677663,140.62,0.882578,21.3909,0.9296
379,0.000793,0.231525,408.42,523.79,796.88,0.186066,0.015686,0.859236,1.402720,0.330355,0.003385,-1.017798,-1.577897,140.62,0.941771,19.1300,0.9190
384,0.001011,0.076684,512.80,674.26,937.50,0.298359,0.015686,0.685073,1.190257,0.090345,-0.175374,-0.784104,-1.006196,140.62,0.766284,16.8515,0.8621
389,0.001370,0.037498,489.25,619.85,937.50,0.252563,0.003922,0.607213,1.247437,0.036357,0.007827,-0.691600,-1.207235,187.50,0.599065,19.0424,0.8672
395,0.001101,0.279964,393.50,506.32,796.88,0.168219,0.031373,0.968978,1.454982,0.140422,0.123619,-0.937410,-1.750591,140.62,0.744836,19.3166,0.9280
400,0.000951,0.208903,424.85,551.41,843.75,0.227058,0.023529,0.977856,1.286898,0.051676,0.088078,-0.863620,-1.540888,140.62,0.813850,18.9139,0.9117

----- END /raw_D0_r01_353191.csv -----
----- BEGIN /raw_D0_r02_357031.csv (17341 bytes) -----
ms_from_event,rms,flux,centroid_hz,spread_hz,rolloff85_hz,flatness,zcr,band0,band1,band2,band3,band4,band5,peak_hz,peak_mag,peak_ratio,low_dom
-208,0.000082,0.277855,1133.38,1058.28,2625.00,0.610476,0.211765,-1.159160,-0.050830,1.019859,-0.089298,-0.229137,0.508567,375.00,0.048997,11.6388,0.3220
-203,0.000090,0.127579,1035.77,1034.56,2578.12,0.529890,0.188235,-0.978798,0.115316,1.011423,-0.042310,-0.455012,0.349380,375.00,0.047378,11.8598,0.4064
-197,0.000085,0.150766,1009.67,974.52,2390.62,0.539538,0.172549,-1.015849,-0.135158,1.112890,-0.090448,-0.208113,0.336678,375.00,0.050400,13.6251,0.3453
-192,0.000087,0.177958,1117.74,1051.96,2578.12,0.604954,0.141176,-1.020904,-0.105110,1.087682,-0.444572,-0.035889,0.518794,375.00,0.052878,13.6080,0.3091
-187,0.000105,0.134592,1112.74,1069.89,2578.12,0.547252,0.105882,-1.123332,0.004907,1.167107,-0.456778,-0.090125,0.498221,375.00,0.047337,12.9844,0.3179
-181,0.000073,0.250354,1106.81,1071.92,2625.00,0.566134,0.235294,-1.214072,0.213622,1.129061,-0.417149,-0.177218,0.465757,328.12,0.052567,13.4133,0.3442
-176,0.000097,0.195869,1088.45,1055.79,2531.25,0.543032,0.105882,-1.414865,0.280760,1.207065,-0.389333,-0.178945,0.495319,375.00,0.044419,11.4777,0.3262
-171,0.000080,0.156129,1015.92,1002.02,2484.38,0.526820,0.274510,-1.205671,0.174004,1.199367,-0.322902,-0.137518,0.292719,375.00,0.044715,11.5453,0.3558
-165,0.000084,0.208403,1152.36,1065.19,2671.88,0.602707,0.141176,-1.058512,-0.027530,0.994863,-0.295252,-0.136363,0.522794,375.00,0.044169,10.6116,0.3238
-160,0.000072,0.165327,1279.42,1088.32,2765.62,0.662253,0.243137,-1.387225,-0.051110,0.979971,-0.234453,-0.010767,0.703584,375.00,0.041425,11.4234,0.2562
-155,0.000094,0.250240,1117.73,1033.09,2437.50,0.579578,0.133333,-1.724785,0.105003,1.208524,-0.207818,0.046667,0.572410,375.00,0.040801,10.9310,0.2461
-149,0.000096,0.148128,1050.64,1010.64,2390.62,0.575359,0.164706,-1.006366,-0.174744,1.096204,-0.190849,-0.130220,0.405974,375.00,0.044021,12.6497,0.3255
-144,0.000090,0.233512,947.42,984.91,2343.75,0.499353,0.117647,-0.655834,0.033168,1.102658,-0.423965,-0.175861,0.119833,328.12,0.051144,13.3386,0.4296
-139,0.000097,0.164791,1143.23,1069.98,2718.75,0.593493,0.129412,-1.301725,-0.352961,1.163059,-0.025115,0.005231,0.511512,375.00,0.047844,12.9783,0.2524
-133,0.000087,0.148046,1067.52,1033.54,2578.12,0.532348,0.164706,-1.408909,-0.428901,1.356661,-0.020319,0.007820,0.493649,375.00,0.053201,14.8813,0.2369
-128,0.000085,0.221688,970.27,1013.95,2437.50,0.518819,0.145098,-0.937499,0.073938,1.156726,-0.153394,-0.331505,0.191734,328.12,0.056959,14.6426,0.4105
-123,0.000093,0.161368,1030.05,1010.29,2484.38,0.588698,0.117647,-0.768415,0.143061,0.872100,-0.263935,-0.192867,0.210056,328.12,0.051805,13.5615,0.4204
-117,0.000096,0.267367,990.89,997.78,2484.38,0.546570,0.180392,-0.760761,0.049226,0.963331,-0.116405,-0.282554,0.147165,375.00,0.042934,10.7140,0.4285
-112,0.000079,0.205719,962.06,1032.02,2437.50,0.530267,0.172549,-0.648783,0.353499,0.990865,-0.349227,-0.494674,0.148321,328.12,0.042821,9.8304,0.5064
-107,0.000082,0.091359,961.95,1004.13,2296.88,0.532845,0.176471,-0.934194,0.113620,1.122064,-0.109698,-0.341740,0.149948,328.12,0.044696,12.1553,0.4220
-101,0.000079,0.250350,1073.75,991.95,2390.62,0.535487,0.180392,-1.279340,-0.259513,1.161146,0.126092,-0.201560,0.453174,375.00,0.041346,13.0228,0.2900
-96,0.000098,0.197764,1110.30,991.26,2437.50,0.561067,0.168627,-1.454156,-0.613554,1.207863,0.310492,0.027745,0.521609,375.00,0.041408,11.8957,0.2127
-91,0.000094,0.357149,1076.47,999.43,2343.75,0.623332,0.145098,-1.085334,-0.045164,0.917933,-0.103577,0.069367,0.246774,375.00,0.042682,10.2404,0.3267
-85,0.000085,0.226631,953.51,974.60,2203.12,0.549785,0.184314,-0.546375,0.118100,0.822628,-0.175014,-0.187456,-0.031883,328.12,0.053210,11.4521,0.4739
-80,0.000086,0.156800,984.53,971.86,2250.00,0.558405,0.176471,-0.613114,-0.109118,0.894931,-0.080581,-0.213212,0.121093,375.00,0.049496,12.0710,0.4219
-75,0.000078,0.152846,1056.29,991.38,2437.50,0.565141,0.196078,-1.489878,0.061678,1.121810,-0.090948,-0.029794,0.427133,375.00,0.046500,12.9429,0.2864
-69,0.000092,0.140210,1086.65,1045.29,2671.88,0.538615,0.172549,-1.444784,-0.023533,1.180735,-0.041925,-0.184882,0.514388,375.00,0.045586,13.3120,0.2893
-64,0.000079,0.183025,1095.74,1048.12,2671.88,0.549096,0.184314,-1.396160,-0.311090,1.212159,0.090023,-0.134071,0.539139,375.00,0.050063,14.6765,0.2580
-59,0.000087,0.165431,1173.30,1083.11,2718.75,0.580439,0.180392,-1.405574,-0.250317,1.164708,-0.111626,-0.056115,0.658925,375.00,0.051082,14.0579,0.2443
-53,0.000093,0.162814,1211.49,1118.49,2765.62,0.597786,0.172549,-1.025099,-0.216647,1.031410,-0.244822,-0.259691,0.714849,375.00,0.049370,13.3263,0.2998
-48,0.000078,0.256801,1114.48,1055.98,2625.00,0.610919,0.180392,-1.164578,-0.145401,1.049551,-0.027428,-0.212084,0.499939,375.00,0.050357,11.7022,0.3103
-43,0.000096,0.144668,1128.99,1040.02,2484.38,0.614200,0.141176,-0.815074,-0.120589,0.851373,-0.252899,-0.073092,0.410282,375.00,0.048129,11.9993,0.3461
-37,0.000101,0.280706,1006.76,985.32,2390.62,0.529376,0.113725,-1.247995,0.154550,1.071670,-0.069874,-0.112011,0.203658,328.12,0.047638,11.6409,0.3561
-32,0.000081,0.184930,961.23,966.38,2250.00,0.520341,0.156863,-0.962727,0.278927,1.020921,-0.230551,-0.233256,0.126686,328.12,0.060077,15.2866,0.4283
-27,0.000084,0.194550,1006.97,989.06,2343.75,0.530094,0.172549,-1.077410,0.179446,1.134096,-0.346759,-0.155836,0.266463,328.12,0.048363,12.7634,0.3765
-21,0.000144,0.231814,1075.23,1038.46,2578.12,0.571604,0.094118,-1.084516,0.014796,1.013098,-0.145762,-0.198579,0.400962,375.00,0.045768,11.8054,0.3461
-16,0.000323,0.376746,813.13,986.64,2203.12,0.446940,0.019608,0.029942,0.746875,0.665102,-0.599312,-0.751281,-0.091325,140.62,0.043347,8.3974,0.6920
-11,0.000538,0.507968,567.55,867.46,1312.50,0.306649,0.031373,1.042859,1.203311,-0.233223,-0.670907,-0.845277,-0.496764,140.62,0.138017,17.7171,0.8574
-5,0.000758,0.566455,641.41,895.93,1359.38,0.379045,0.050980,0.897135,0.954106,-0.118092,-0.539400,-0.585445,-0.608304,93.75,0.270739,16.1879,0.8209
0,0.000538,0.430622,727.68,917.77,1640.62,0.443694,0.082353,0.629249,0.837893,-0.212951,-0.423595,-0.314173,-0.516422,140.62,0.372044,12.8355,0.7593
5,0.003778,0.583197,805.97,756.20,1265.62,0.449005,0.019608,-0.365658,0.225168,0.290489,0.562331,0.025764,-0.738094,93.75,0.367033,6.0305,0.5710
11,0.003085,0.633222,683.58,607.19,1078.12,0.321684,0.015686,-0.551259,0.440891,0.737578,0.652046,0.024165,-1.303421,375.00,0.941896,5.7939,0.6421
16,0.003449,0.237383,677.00,603.75,1078.12,0.318506,0.015686,-0.253739,0.449990,0.578329,0.663110,-0.068581,-1.369109,375.00,1.352950,7.1946,0.6936
21,0.003383,0.129354,655.01,534.54,984.38,0.272852,0.011765,-0.236408,0.557148,0.589927,0.883140,-0.151853,-1.641954,140.62,1.223008,7.1163,0.7422
27,0.002725,0.188214,687.23,628.18,1171.88,0.344421,0.015686,-0.368358,0.592543,0.539051,0.562611,-0.148758,-1.177089,140.62,1.151241,6.6663,0.6846
32,0.002964,0.195021,783.65,737.91,1406.25,0.489740,0.027451,-0.762116,0.347003,0.703026,0.388478,0.019698,-0.696090,328.12,1.320167,7.2657,0.5326
37,0.004464,0.174281,696.08,624.96,1125.00,0.365004,0.015686,-0.358376,0.467528,0.507976,0.710186,-0.140465,-1.186848,187.50,1.204511,7.5765,0.6722
43,0.003492,0.242791,534.69,451.59,890.62,0.151789,0.015686,0.285930,0.936041,0.712251,0.799759,-0.404031,-2.329950,140.62,1.657113,9.4660,0.8785
48,0.004276,0.240533,578.73,599.16,984.38,0.287704,0.007843,-0.052836,0.808543,0.689604,0.354616,-0.373066,-1.426862,187.50,1.813022,9.4981,0.7821
53,0.004387,0.235222,669.43,720.66,1265.62,0.426852,0.011765,0.131053,0.674888,0.449620,0.106018,-0.357790,-1.003789,140.62,2.097156,10.1503,0.7472
59,0.004774,0.200254,558.28,587.84,937.50,0.289276,0.007843,0.285640,0.966656,0.380292,0.385504,-0.516671,-1.501420,140.62,2.439092,12.3390,0.8369
64,0.003679,0.085340,576.98,585.58,984.38,0.275034,0.015686,0.456417,0.905878,-0.016608,0.499895,-0.344168,-1.501414,140.62,2.542389,14.9517,0.8326
69,0.002622,0.269746,570.44,675.57,1031.25,0.340527,0.019608,0.475095,0.825621,0.313462,0.015394,-0.556918,-1.072653,140.62,2.404225,12.3936,0.8123
75,0.002105,0.115852,568.99,580.77,1031.25,0.272010,0.027451,0.272140,0.672614,0.517997,0.380392,-0.331095,-1.512049,140.62,1.764737,10.4657,0.8012
80,0.001601,0.181689,685.65,616.80,1125.00,0.347112,0.015686,0.032075,0.386859,0.284661,0.617138,-0.009170,-1.311564,140.62,1.156870,8.0364,0.7047
85,0.002602,0.066389,654.60,556.32,1078.12,0.289526,0.015686,-0.166492,0.389417,0.699855,0.711234,-0.139138,-1.494875,375.00,0.877885,8.2234,0.7168
91,0.001802,0.237063,743.64,654.08,1312.50,0.406010,0.035294,-0.659982,0.067405,0.937217,0.420831,0.206417,-0.971888,375.00,1.128356,10.4631,0.5216
96,0.001200,0.250245,853.48,750.05,1546.88,0.536638,0.015686,-0.531256,-0.086983,0.658893,0.402393,0.187528,-0.630576,375.00,1.011324,7.5535,0.4781
101,0.002803,0.128453,803.07,657.70,1312.50,0.417221,0.031373,-0.392710,0.161785,0.411279,0.806453,-0.039296,-0.947510,375.00,0.615576,6.2090,0.5934
107,0.001925,0.290780,623.74,594.87,1125.00,0.311228,0.015686,0.107078,0.603239,0.534381,0.455229,-0.186354,-1.513574,140.62,0.900608,8.3364,0.7694
112,0.003444,0.249305,572.00,509.18,984.38,0.214341,0.011765,0.212132,0.636643,0.584771,0.645226,-0.149024,-1.929749,140.62,1.184615,9.6931,0.8121
117,0.001575,0.187122,512.29,459.50,890.62,0.158777,0.027451,0.529960,0.902893,0.603410,0.770010,-0.522576,-2.283696,140.62,1.383899,10.4235,0.8928
123,0.002359,0.134031,539.27,493.77,890.62,0.178397,0.015686,0.626421,0.830705,0.354736,0.737413,-0.425603,-2.123672,140.62,1.316568,11.0683,0.8811
128,0.001787,0.208705,643.70,651.72,1171.88,0.358323,0.039216,0.064683,0.583864,0.411732,0.455017,-0.341844,-1.173452,140.62,0.991990,8.9563,0.7469
133,0.001939,0.286191,778.22,758.21,1359.38,0.466032,0.015686,-0.140218,0.244898,0.426767,0.368908,-0.182510,-0.717845,328.12,0.760369,6.1797,0.6231
139,0.001647,0.154163,703.77,662.70,1218.75,0.385276,0.023529,-0.275803,0.443782,0.452891,0.457270,-0.004573,-1.073567,187.50,0.695617,7.0964,0.6509
144,0.001208,0.176993,552.13,482.22,984.38,0.175683,0.019608,0.212457,0.900375,0.482704,0.732635,0.024350,-2.352521,187.50,0.846021,10.3210,0.8482
149,0.002153,0.285355,628.95,571.19,984.38,0.313543,0.011765,-0.254222,0.544320,0.624535,0.786433,-0.233027,-1.468039,187.50,0.593954,6.8036,0.7302
155,0.002101,0.250478,723.41,694.14,1406.25,0.444605,0.015686,-0.163905,0.279530,0.569150,0.377526,-0.109863,-0.952438,140.62,0.724951,7.8429,0.6431
160,0.001469,0.269017,579.06,607.92,1031.25,0.257833,0.019608,0.160721,0.804151,0.524566,0.255672,-0.305497,-1.439613,140.62,1.077553,10.8953,0.7949
165,0.002136,0.176277,734.81,759.84,1265.62,0.439987,0.007843,0.078695,0.583062,0.053171,0.219708,-0.076602,-0.858034,140.62,1.075298,11.0515,0.6896
171,0.001975,0.175974,642.41,686.93,1171.88,0.342338,0.031373,0.249499,0.585107,0.410074,0.201912,-0.302337,-1.144255,140.62,1.077130,11.0119,0.7578
176,0.001665,0.144238,493.00,557.51,937.50,0.247270,0.007843,0.573975,0.941389,0.422199,0.257030,-0.509490,-1.685103,140.62,1.170894,13.0293,0.8647
181,0.001749,0.163517,510.80,468.41,890.62,0.163162,0.011765,0.257038,1.093481,0.538597,0.690046,-0.284447,-2.294715,187.50,0.983733,13.3810,0.8771
187,0.001664,0.195555,577.42,576.49,937.50,0.289754,0.007843,0.072159,0.894800,0.344936,0.635709,-0.459129,-1.488475,187.50,0.927399,11.7942,0.8111
192,0.001392,0.262612,636.53,711.27,1171.88,0.414928,0.015686,0.357415,0.665449,0.151846,0.239210,-0.362089,-1.051831,140.62,0.971024,11.9571,0.7718
197,0.002126,0.098596,540.71,603.36,1031.25,0.293314,0.003922,0.363343,0.864702,0.418665,0.145885,-0.315457,-1.477138,140.62,0.922547,13.0604,0.8191
203,0.001776,0.158894,453.32,494.10,890.62,0.174394,0.023529,0.664272,1.280131,0.304933,0.325036,-0.482028,-2.092345,140.62,1.055727,17.3279,0.9055
208,0.001251,0.241707,379.66,453.69,750.00,0.145368,0.015686,0.946451,1.436197,0.467477,-0.125830,-0.495448,-2.228847,140.62,1.211161,17.5663,0.9278
213,0.001349,0.163025,438.72,472.08,843.75,0.168215,0.003922,0.611391,1.137133,0.724634,0.037158,-0.351404,-2.158913,187.50,0.791094,12.5811,0.8937
219,0.001291,0.106639,501.37,499.14,937.50,0.195148,0.007843,0.352362,0.947220,0.754123,0.259914,-0.352901,-1.960718,140.62,0.598799,11.3484,0.8590
224,0.001249,0.174716,456.80,509.57,937.50,0.192921,0.007843,0.624583,1.192483,0.304010,0.297090,-0.508110,-1.910055,140.62,0.738661,15.4538,0.8926
229,0.001788,0.160318,446.41,480.48,890.62,0.173579,0.003922,0.546744,1.188924,0.533754,0.195844,-0.387517,-2.077749,140.62,0.792479,16.0389,0.8909
235,0.001033,0.215614,397.86,426.92,796.88,0.140519,0.003922,0.842206,1.337303,0.624487,0.171317,-0.635251,-2.340062,140.62,0.949414,16.7667,0.9294
240,0.001237,0.082680,399.98,439.08,796.88,0.138990,0.015686,0.844537,1.275467,0.479999,0.308230,-0.602629,-2.305605,140.62,0.819053,16.1045,0.9251
245,0.001503,0.100944,466.59,492.82,937.50,0.190267,0.003922,0.569523,1.113499,0.334922,0.271087,-0.267841,-2.021189,140.62,0.717710,15.9580,0.8793
251,0.001202,0.277149,421.60,494.51,796.88,0.184017,0.007843,0.689376,1.242515,0.618814,-0.031789,-0.692940,-1.825976,140.62,0.861470,16.0337,0.9025
256,0.000793,0.155391,477.92,600.90,937.50,0.250907,0.023529,0.644615,1.075526,0.638841,-0.415021,-0.598411,-1.345550,140.62,0.785459,14.7008,0.8620
261,0.001216,0.151338,508.16,581.70,937.50,0.234948,0.023529,0.388796,1.055478,0.440064,0.104907,-0.477146,-1.512100,187.50,0.550639,13.4266,0.8477
267,0.001596,0.152168,550.64,601.25,984.38,0.291283,0.011765,0.329246,0.909040,0.329597,0.283938,-0.458217,-1.393604,187.50,0.555785,13.1386,0.8242
272,0.001239,0.248022,434.17,498.57,890.62,0.176415,0.015686,0.748842,1.249281,0.451985,0.049316,-0.585958,-1.913467,140.62,0.830320,17.4652,0.9045
277,0.000567,0.136762,399.57,480.50,750.00,0.168018,0.035294,0.814969,1.412574,0.541364,-0.046260,-0.785804,-1.936843,140.62,0.875859,17.6370,0.9224
283,0.000937,0.126244,503.59,603.88,937.50,0.282049,0.039216,0.493163,1.088189,0.391433,0.079209,-0.649091,-1.402905,140.62,0.595195,14.3866,0.8602
288,0.001292,0.136319,520.36,538.97,937.50,0.221043,0.007843,0.072306,1.043273,0.660153,0.338009,-0.484391,-1.629351,187.50,0.480671,13.9979,0.8341
293,0.001110,0.279424,420.66,486.15,796.88,0.170616,0.039216,0.725686,1.253778,0.567806,0.126515,-0.712690,-1.961095,140.62,0.626746,14.9175,0.9111
299,0.001149,0.205448,421.94,545.11,796.88,0.204749,0.003922,0.963868,1.307039,0.204793,0.060764,-0.868346,-1.668117,140.62,0.779112,18.1867,0.9171
304,0.000738,0.141381,441.04,533.23,890.62,0.194305,0.023529,0.809504,1.284188,0.105834,0.257377,-0.715986,-1.740917,140.62,0.701943,18.5907,0.9068
309,0.000629,0.148918,441.62,512.89,843.75,0.183841,0.047059,0.693460,1.202347,0.421992,0.290068,-0.822672,-1.785194,140.62,0.543811,14.9513,0.9048
315,0.001076,0.091386,488.72,521.95,890.62,0.198016,0.007843,0.360903,1.046047,0.579943,0.383487,-0.629574,-1.740806,187.50,0.412222,13.7572,0.8686
320,0.001486,0.256019,465.33,515.04,890.62,0.181386,0.011765,0.700237,1.260244,0.085506,0.330482,-0.454523,-1.921946,140.62,0.547871,16.6460,0.8974
325,0.000625,0.304418,391.25,505.21,843.75,0.160609,0.039216,0.995623,1.545298,0.070641,0.035578,-0.688723,-1.958417,140.62,0.813536,19.9203,0.9305
331,0.000900,0.168926,397.99,486.94,750.00,0.159636,0.007843,0.971916,1.335569,0.288202,0.280328,-0.902325,-1.973691,140.62,0.674004,16.3162,0.9303
336,0.001225,0.109416,437.67,513.40,890.62,0.199600,0.011765,0.661375,1.110053,0.606367,0.132781,-0.770308,-1.740268,140.62,0.447779,14.4092,0.8948
341,0.000909,0.298710,388.81,503.70,843.75,0.166421,0.007843,0.952824,1.492018,0.165849,0.084547,-0.960575,-1.734663,140.62,0.637036,19.1789,0.9289
347,0.000426,0.191574,404.64,525.72,843.75,0.183416,0.039216,0.942447,1.372895,0.329390,-0.067079,-0.821996,-1.755656,140.62,0.683340,18.5385,0.9203
352,0.000452,0.101987,434.00,537.24,843.75,0.201479,0.011765,0.704562,1.234935,0.444279,0.002431,-0.705944,-1.680263,140.62,0.410234,13.6016,0.8969
357,0.000699,0.071829,579.63,601.86,984.38,0.268743,0.007843,0.161451,0.960183,-0.027993,0.600208,-0.430300,-1.263549,187.50,0.308017,17.0976,0.8034
363,0.000989,0.306432,545.45,639.41,984.38,0.294409,0.007843,0.585895,1.065238,-0.186991,0.247750,-0.430230,-1.281663,140.62,0.343752,15.4893,0.8431
368,0.000560,0.342513,497.24,664.91,984.38,0.292479,0.023529,0.911974,1.180465,-0.286740,-0.171178,-0.444148,-1.190372,140.62,0.545839,17.7536,0.8657
373,0.000604,0.066132,519.46,685.73,1078.12,0.287562,0.047059,0.919780,1.174091,-0.505008,-0.077361,-0.430330,-1.081173,140.62,0.494260,17.4799,0.8585
379,0.000877,0.171369,554.17,625.12,1031.25,0.268936,0.007843,0.384017,1.088272,-0.039316,0.258607,-0.319618,-1.371963,187.50,0.357864,16.8590,0.8295
384,0.000766,0.257569,418.24,543.26,843.75,0.187780,0.015686,0.829327,1.405327,0.116976,-0.045058,-0.609770,-1.696801,187.50,0.435050,17.4197,0.9064
389,0.000501,0.150532,467.19,638.62,843.75,0.255397,0.007843,0.760832,1.323864,0.069415,-0.186968,-0.770513,-1.196630,140.62,0.526927,19.0620,0.8835
395,0.000647,0.162852,650.92,758.81,1312.50,0.408878,0.031373,0.417278,0.926106,-0.174725,0.000180,-0.300628,-0.868210,140.62,0.417199,16.1308,0.7784
400,0.000688,0.075219,535.42,676.59,1031.25,0.309589,0.011765,0.642384,1.039966,-0.169708,0.155599,-0.498224,-1.170018,140.62,0.397212,17.4368,0.8423

----- END /raw_D0_r02_357031.csv -----
=== KEY_DUMP_END key=D0 ===
NEXT: D#0
PRESS D#0  rep 1/2  then hit Enter

> 
> REC OK: /raw_D#0_r01_364716.csv
PRESS D#0  rep 2/2  then hit Enter

> 
> REC OK: /raw_D#0_r02_368876.csv
=== KEY_DUMP_BEGIN key=D#0 files=2 ===
----- BEGIN /raw_D#0_r01_364716.csv (17305 bytes) -----
ms_from_event,rms,flux,centroid_hz,spread_hz,rolloff85_hz,flatness,zcr,band0,band1,band2,band3,band4,band5,peak_hz,peak_mag,peak_ratio,low_dom
-208,0.000083,0.197541,1125.31,1055.74,2625.00,0.567051,0.172549,-1.052977,-0.416389,1.135947,-0.131377,-0.094555,0.559349,375.00,0.051300,13.7100,0.2755
-203,0.000085,0.189810,1192.26,1077.37,2765.62,0.595010,0.168627,-1.170263,-0.807825,1.185522,0.061327,0.003459,0.727779,375.00,0.050206,13.5795,0.2051
-197,0.000083,0.153156,1195.48,1052.26,2765.62,0.633147,0.145098,-1.297922,-0.532207,1.048323,0.057353,0.141739,0.582714,375.00,0.048364,13.5435,0.2180
-192,0.000078,0.162803,1104.74,1024.21,2531.25,0.570989,0.219608,-1.447713,-0.367341,1.115022,0.079568,0.196968,0.423495,375.00,0.046570,12.7860,0.2283
-187,0.000092,0.134388,1188.08,1087.16,2765.62,0.611892,0.117647,-1.628386,-0.383485,1.204259,0.008965,0.138390,0.660256,328.12,0.042956,13.1053,0.1970
-181,0.000106,0.175195,1102.81,1070.12,2578.12,0.542019,0.101961,-1.385708,0.005180,1.172247,-0.118760,-0.199289,0.526330,328.12,0.048686,14.1012,0.2986
-176,0.000095,0.305769,995.15,978.35,2484.38,0.507608,0.164706,-1.455390,-0.299655,1.305141,0.345385,-0.324521,0.429039,375.00,0.052040,12.7008,0.2830
-171,0.000109,0.263106,958.89,955.50,2437.50,0.532719,0.137255,-1.127764,-0.001132,1.098177,0.114568,-0.219284,0.135434,328.12,0.057452,13.3286,0.3723
-165,0.000082,0.204713,1117.57,1075.17,2718.75,0.583293,0.250980,-1.113102,0.153039,0.972004,-0.254105,-0.159731,0.401895,328.12,0.061415,13.3423,0.3541
-160,0.000083,0.121271,1120.84,1097.02,2718.75,0.601775,0.188235,-0.862478,0.202764,0.881202,-0.355124,-0.247790,0.381425,328.12,0.053793,12.3536,0.4021
-155,0.000076,0.152479,1088.79,1057.08,2625.00,0.572189,0.160784,-0.980976,-0.205116,1.064698,-0.100173,-0.186722,0.408288,375.00,0.041206,11.9089,0.3310
-149,0.000079,0.309195,1060.11,999.43,2531.25,0.559085,0.203922,-1.212408,-0.155815,1.067821,0.280130,-0.299850,0.320123,421.88,0.038039,9.8683,0.3331
-144,0.000091,0.146242,1066.10,991.06,2390.62,0.577178,0.149020,-1.507233,-0.165333,1.159737,0.192781,-0.083892,0.403941,421.88,0.040666,11.1354,0.2697
-139,0.000093,0.204081,1161.88,1065.56,2531.25,0.567298,0.149020,-1.343112,0.004424,1.175856,-0.396306,-0.138447,0.697584,375.00,0.049402,13.9340,0.2791
-133,0.000090,0.213633,1186.65,1056.70,2578.12,0.585025,0.156863,-1.237737,-0.500668,1.223008,-0.331244,0.140429,0.706211,375.00,0.054057,14.5184,0.2154
-128,0.000096,0.207872,1116.20,1027.79,2578.12,0.604357,0.145098,-1.021198,-0.443338,1.098814,-0.097474,0.055760,0.407437,375.00,0.054109,14.0288,0.2761
-123,0.000089,0.184260,1022.02,991.66,2390.62,0.529388,0.160784,-0.847876,-0.259001,1.046360,-0.051313,-0.141608,0.253438,375.00,0.054397,13.2976,0.3522
-117,0.000093,0.177797,1031.04,965.35,2296.88,0.586187,0.156863,-1.179147,-0.155411,1.061625,-0.118029,0.094227,0.296734,375.00,0.053843,12.8175,0.2968
-112,0.000083,0.145204,1027.32,972.52,2390.62,0.565419,0.156863,-1.156861,-0.236140,1.091470,0.071777,-0.073128,0.302880,375.00,0.051073,13.0176,0.3076
-107,0.000081,0.152672,1121.08,1042.77,2578.12,0.619672,0.192157,-0.943312,-0.286227,1.020091,-0.078790,-0.182388,0.470625,375.00,0.050423,12.4610,0.3189
-101,0.000081,0.140797,1117.80,1024.39,2578.12,0.621927,0.172549,-0.826129,-0.414871,0.948365,-0.035875,-0.128246,0.456753,375.00,0.047510,13.0249,0.3133
-96,0.000083,0.107165,1018.69,990.60,2531.25,0.536787,0.188235,-0.756635,-0.199489,0.992541,-0.027703,-0.279510,0.270797,375.00,0.045703,13.8692,0.3837
-91,0.000088,0.222771,1119.54,1009.95,2578.12,0.574407,0.168627,-1.386547,-0.572992,1.208150,0.026183,0.243812,0.481394,375.00,0.048871,14.5952,0.2071
-85,0.000084,0.184059,1145.70,1019.43,2578.12,0.545559,0.200000,-1.745467,-0.780823,1.388869,0.015875,0.449587,0.671961,375.00,0.050704,14.9821,0.1390
-80,0.000081,0.141044,1143.89,1031.04,2625.00,0.567991,0.207843,-1.556000,-0.720767,1.282194,0.009748,0.387042,0.597783,375.00,0.048391,15.0826,0.1637
-75,0.000065,0.225195,1124.15,1008.05,2390.62,0.586391,0.282353,-1.123031,-0.655275,1.104316,-0.073446,0.302010,0.445427,375.00,0.047127,14.0816,0.2205
-69,0.000087,0.215968,1217.73,1035.63,2718.75,0.631506,0.133333,-1.186556,-0.589352,0.992939,-0.053071,0.280348,0.555692,375.00,0.040806,12.1315,0.2132
-64,0.000091,0.232781,1212.27,1043.82,2671.88,0.680701,0.188235,-1.497650,-0.370393,1.012700,-0.046905,0.361954,0.540294,375.00,0.039387,11.1605,0.2002
-59,0.000094,0.207872,1108.83,1029.35,2625.00,0.602559,0.160784,-1.295016,-0.024696,1.026465,-0.235705,0.195102,0.333849,328.12,0.050922,13.9729,0.2841
-53,0.000104,0.163254,1025.23,995.09,2437.50,0.561640,0.125490,-1.281374,0.088857,1.100780,-0.159126,0.002447,0.248416,328.12,0.053995,14.1995,0.3270
-48,0.000089,0.239045,964.38,967.80,2296.88,0.536903,0.203922,-0.861068,-0.052231,1.114710,-0.267364,-0.196071,0.262024,375.00,0.049936,12.5846,0.3800
-43,0.000082,0.247939,1027.00,1015.62,2437.50,0.569325,0.239216,-0.902309,0.158365,0.929179,-0.251881,-0.228319,0.294965,328.12,0.056628,12.6437,0.4000
-37,0.000088,0.097961,1122.14,1042.49,2625.00,0.537497,0.145098,-0.888132,-0.107068,0.908041,-0.258369,-0.047069,0.392596,328.12,0.044279,11.4285,0.3384
-32,0.000087,0.299818,1010.81,1029.08,2531.25,0.538147,0.254902,-0.669403,0.276216,0.851553,-0.225610,-0.414425,0.181669,375.00,0.038991,10.0114,0.4800
-27,0.000168,0.247433,968.33,1063.99,2671.88,0.538883,0.090196,-0.177064,0.587034,0.667306,-0.640643,-0.503475,0.066840,234.38,0.037905,8.7824,0.6043
-21,0.000073,0.386433,717.09,919.45,1875.00,0.416984,0.203922,0.161465,1.050593,0.496236,-0.663512,-0.743137,-0.301647,234.38,0.063818,10.8804,0.7555
-16,0.000086,0.165417,764.20,926.50,1921.88,0.451852,0.168627,-0.134091,0.823030,0.656985,-0.391756,-0.647404,-0.306762,234.38,0.049353,8.6145,0.6946
-11,0.000077,0.194822,959.68,967.94,2250.00,0.544020,0.258824,-0.971259,0.111724,0.938555,0.211143,-0.403606,0.113442,375.00,0.033856,8.1559,0.4293
-5,0.000150,0.236102,919.46,957.30,2296.88,0.530556,0.058824,-0.633080,0.478860,0.608006,-0.087821,-0.371770,0.005806,328.12,0.029897,7.6710,0.5264
0,0.000188,0.405804,735.42,904.08,1921.88,0.411451,0.070588,-0.151088,0.876348,0.826395,-0.691297,-0.611944,-0.248415,234.38,0.051292,9.5886,0.6884
5,0.004011,0.921609,1077.88,834.69,2015.62,0.701477,0.031373,-1.026694,-0.149558,0.284604,0.507259,0.557880,-0.173490,281.25,0.229720,3.3665,0.3143
11,0.005888,0.656953,976.59,749.81,1687.50,0.587666,0.019608,-0.931162,-0.038190,0.251786,0.721880,0.494219,-0.498533,937.50,0.749127,3.8001,0.3817
16,0.004903,0.335783,726.68,640.57,1265.62,0.376468,0.015686,-0.068605,0.501291,0.223918,0.601350,0.038662,-1.296616,140.62,1.619879,6.3760,0.6996
21,0.003898,0.281773,565.07,576.45,1031.25,0.264493,0.027451,0.268285,0.931564,0.420745,0.354473,-0.278656,-1.696412,140.62,2.419721,8.2659,0.8303
27,0.003358,0.223731,750.50,695.83,1359.38,0.419084,0.031373,-0.228534,0.350432,0.404403,0.500123,-0.036711,-0.989714,93.75,1.619575,5.9527,0.6397
32,0.005348,0.182443,915.15,799.10,1828.12,0.571011,0.015686,-0.587774,0.071900,0.377857,0.543663,0.109277,-0.514924,421.88,1.140046,4.4496,0.4862
37,0.003072,0.295060,704.73,679.45,1312.50,0.406255,0.031373,-0.341247,0.715232,0.476940,0.365360,-0.095326,-1.120959,234.38,1.935732,7.6718,0.6889
43,0.003474,0.158920,611.98,497.33,1031.25,0.199729,0.027451,-0.207376,0.724339,0.680550,0.811542,0.066225,-2.075280,187.50,1.793588,7.6771,0.7795
48,0.003257,0.131976,751.79,553.06,1265.62,0.289160,0.035294,-0.995455,0.267348,0.785801,1.053272,0.398299,-1.509265,890.62,0.985454,5.1865,0.5477
53,0.002919,0.261675,711.72,615.55,1312.50,0.336921,0.027451,-0.393909,0.483634,0.640013,0.694488,0.080529,-1.504755,234.38,1.345080,6.9349,0.6807
59,0.003150,0.220648,712.62,582.83,1265.62,0.276731,0.027451,-0.545050,0.614361,0.592153,0.606159,0.387136,-1.654759,234.38,1.338789,7.5684,0.6612
64,0.002233,0.212121,744.04,560.17,1265.62,0.293394,0.054902,-0.857178,0.256176,0.711061,0.886827,0.400259,-1.397145,375.00,0.997314,5.5436,0.5493
69,0.002320,0.198523,731.17,597.67,1359.38,0.350380,0.031373,-0.369887,0.488303,0.449887,0.718652,0.195900,-1.482855,234.38,0.926058,5.2985,0.6688
75,0.004036,0.173027,898.25,759.94,1640.62,0.526844,0.023529,-0.519386,0.288048,0.213342,0.476260,0.201154,-0.659418,234.38,0.934079,5.9165,0.5283
80,0.002567,0.351339,959.12,860.21,1921.88,0.644785,0.019608,-0.364291,0.146895,0.185907,0.139541,0.209671,-0.317723,93.75,1.067813,5.0728,0.4863
85,0.002719,0.222005,769.80,725.25,1406.25,0.465645,0.019608,-0.035961,0.332783,0.204359,0.432967,-0.026717,-0.907430,140.62,1.525728,7.6986,0.6492
91,0.002609,0.092443,658.98,539.14,1218.75,0.235861,0.027451,0.049428,0.458313,0.526384,0.755877,0.036233,-1.826234,140.62,1.189603,7.7922,0.7593
96,0.003046,0.206634,744.11,568.42,1171.88,0.294357,0.023529,-0.106332,0.135075,0.321822,0.919299,0.207218,-1.477082,93.75,0.862963,5.8964,0.6569
101,0.002780,0.263121,821.49,700.60,1406.25,0.451612,0.035294,-0.277487,0.226324,0.209734,0.607453,0.175228,-0.941253,140.62,0.965218,5.7183,0.5884
107,0.002661,0.260484,854.39,795.67,1687.50,0.530245,0.015686,-0.493256,0.412232,0.351916,0.420588,-0.092465,-0.599016,281.25,1.107315,5.8164,0.5757
112,0.003025,0.143292,751.60,668.39,1265.62,0.406081,0.019608,-0.276809,0.443491,0.265506,0.682236,-0.038725,-1.075699,890.62,0.939608,5.4625,0.6549
117,0.002895,0.138777,626.19,536.20,1125.00,0.220556,0.007843,0.142729,0.818972,0.263900,0.714722,0.080697,-2.021020,140.62,1.390634,9.6900,0.8102
123,0.003046,0.224370,619.79,546.20,1078.12,0.242283,0.011765,0.195808,0.705423,0.467181,0.578653,-0.108603,-1.838462,140.62,1.272380,9.2169,0.8060
128,0.001538,0.321332,628.79,564.81,1078.12,0.252893,0.031373,-0.272677,0.771901,0.671390,0.481622,0.079832,-1.732068,234.38,1.282609,8.1544,0.7457
133,0.003567,0.169476,690.01,595.64,1171.88,0.330777,0.019608,-0.618011,0.525630,0.798561,0.539849,0.148512,-1.394542,234.38,1.047887,7.3237,0.6403
139,0.002063,0.262375,608.59,557.04,1031.25,0.258339,0.039216,0.179863,0.708130,0.507752,0.557683,-0.029478,-1.923949,140.62,1.031310,7.4941,0.8054
144,0.002697,0.240158,601.38,521.73,1031.25,0.206544,0.007843,0.091120,0.719249,0.470754,0.678833,0.113652,-2.073608,187.50,1.243052,7.9456,0.7998
149,0.001763,0.137932,711.61,613.72,1218.75,0.326744,0.023529,-0.726359,0.479318,0.689744,0.679394,0.139028,-1.261125,234.38,1.111578,8.9901,0.6077
155,0.001864,0.267399,730.56,714.42,1312.50,0.441349,0.031373,-0.530012,0.442967,0.716788,0.444951,-0.231371,-0.843323,234.38,0.784083,5.6504,0.6210
160,0.001876,0.142716,741.91,632.89,1218.75,0.367264,0.015686,-0.149823,0.150306,0.498824,0.627205,0.158382,-1.284893,375.00,0.672646,6.1175,0.6373
165,0.001084,0.206564,676.79,524.90,1031.25,0.245310,0.035294,-0.304980,0.325731,0.742719,0.941993,0.122165,-1.827627,421.88,0.666942,6.1982,0.7033
171,0.001529,0.106121,737.07,627.86,1218.75,0.371376,0.023529,-0.213557,0.155574,0.482841,0.701398,0.064479,-1.190734,421.88,0.571108,6.7144,0.6304
176,0.002121,0.175851,740.26,574.58,1218.75,0.303177,0.007843,-0.273926,0.125627,0.544090,0.803948,0.313706,-1.513445,421.88,0.491477,5.9345,0.6285
181,0.001007,0.300982,658.43,567.29,1125.00,0.300191,0.043137,0.030657,0.525574,0.444984,0.749351,-0.144197,-1.606369,93.75,0.639008,6.0172,0.7601
187,0.002328,0.104398,568.37,555.08,1031.25,0.232989,0.015686,0.403684,0.761607,0.398046,0.502003,-0.263106,-1.802234,93.75,0.722248,8.4319,0.8341
192,0.001758,0.231537,548.33,518.98,1031.25,0.188668,0.027451,0.290041,0.855162,0.518273,0.476761,0.043277,-2.183513,187.50,0.766275,8.1883,0.8379
197,0.001608,0.238822,691.41,607.01,1171.88,0.331445,0.011765,-0.103071,0.520781,0.226538,0.726557,0.091706,-1.462511,187.50,0.882116,8.6628,0.7098
203,0.001970,0.229652,750.23,705.74,1359.38,0.445340,0.031373,-0.278829,0.503242,0.316360,0.630826,-0.242742,-0.928858,140.62,0.784025,7.2854,0.6677
208,0.001241,0.153758,663.40,665.74,1171.88,0.368669,0.011765,0.157394,0.520303,0.360665,0.420257,-0.255849,-1.202770,140.62,0.829379,8.3082,0.7442
213,0.001349,0.119846,618.21,580.18,1031.25,0.282220,0.023529,0.291336,0.546660,0.451331,0.628965,-0.281021,-1.637270,93.75,0.672810,8.2263,0.7987
219,0.001562,0.142026,621.45,514.41,984.38,0.219719,0.027451,0.180250,0.405915,0.576071,0.873938,-0.142317,-1.893858,140.62,0.544277,7.8151,0.7877
224,0.001195,0.204384,598.91,553.91,1171.88,0.212778,0.031373,0.458303,0.769815,0.267055,0.415099,0.053252,-1.963523,140.62,0.773211,11.5828,0.8277
229,0.001179,0.183234,574.60,534.94,1031.25,0.227140,0.015686,0.312317,0.789731,0.363630,0.519203,-0.083573,-1.901309,187.50,0.613442,8.4788,0.8240
235,0.001049,0.169402,664.80,571.43,1078.12,0.295291,0.031373,-0.246509,0.472264,0.581841,0.785213,-0.128417,-1.464394,187.50,0.446319,7.2440,0.7129
240,0.001063,0.247565,748.09,639.00,1265.62,0.414618,0.031373,-0.346898,0.155303,0.473982,0.735470,0.061087,-1.078944,421.88,0.421368,6.3962,0.6018
245,0.001303,0.139668,705.48,550.89,1031.25,0.286698,0.027451,-0.259459,0.357016,0.392909,0.989494,0.027610,-1.507570,937.50,0.378460,6.4222,0.6876
251,0.000878,0.242351,619.48,496.30,984.38,0.193177,0.027451,0.096496,0.685145,0.632423,0.835485,-0.085609,-2.163940,140.62,0.469599,7.2227,0.8199
256,0.001357,0.194849,644.05,527.76,1078.12,0.265572,0.023529,-0.441444,0.551915,0.687806,0.843997,0.026878,-1.669152,187.50,0.519483,8.0779,0.7061
261,0.001370,0.141532,631.12,510.13,984.38,0.228343,0.011765,-0.502478,0.676398,0.791819,0.831437,0.092533,-1.889709,187.50,0.456089,7.3246,0.7282
267,0.001102,0.205079,600.78,522.12,984.38,0.243045,0.023529,-0.027570,0.598750,0.716547,0.687230,-0.077814,-1.897144,140.62,0.484593,7.4784,0.7813
272,0.000988,0.218638,573.29,568.93,1031.25,0.263718,0.019608,0.242327,0.698372,0.495204,0.402933,-0.074005,-1.764831,187.50,0.535928,7.9100,0.8006
277,0.001129,0.176226,615.41,532.71,1031.25,0.243677,0.011765,-0.263392,0.738095,0.747641,0.691111,-0.039881,-1.873575,187.50,0.435277,7.8354,0.7675
283,0.000972,0.138462,560.32,514.78,984.38,0.210249,0.062745,0.204386,0.798687,0.621772,0.587542,-0.224874,-1.987512,187.50,0.447418,8.8046,0.8331
288,0.000844,0.253795,691.31,691.20,1265.62,0.402133,0.019608,0.039416,0.544902,0.439695,0.268750,-0.156114,-1.136649,140.62,0.489893,9.8280,0.7188
293,0.001097,0.259613,844.36,802.90,1593.75,0.520684,0.015686,-0.377087,0.346270,0.339800,0.191982,0.105736,-0.606701,187.50,0.377789,6.6139,0.5585
299,0.001002,0.129117,679.17,675.89,1265.62,0.368505,0.011765,-0.316401,0.720246,0.536187,0.294917,-0.145754,-1.089195,187.50,0.502794,9.7926,0.6941
304,0.000519,0.173121,568.72,615.27,1031.25,0.287169,0.047059,0.260625,0.845630,0.509483,0.053095,-0.209931,-1.458902,140.62,0.492891,10.4319,0.8002
309,0.000784,0.214887,775.49,738.78,1500.00,0.470223,0.019608,-0.116771,0.242752,0.383771,0.318505,0.037469,-0.865725,421.88,0.305483,7.1851,0.6171
315,0.000627,0.129499,723.65,652.65,1312.50,0.365957,0.054902,-0.407612,0.466916,0.595427,0.461060,0.054375,-1.170166,421.88,0.275002,7.7392,0.6428
320,0.000510,0.170297,633.45,602.09,1125.00,0.294509,0.094118,-0.246737,0.752825,0.691035,0.234732,-0.038490,-1.393365,187.50,0.329818,9.2203,0.7249
325,0.000813,0.116292,699.06,604.33,1218.75,0.329767,0.047059,-0.625881,0.420187,0.822416,0.537770,0.195540,-1.350032,421.88,0.270454,8.8564,0.6164
331,0.000730,0.215415,648.88,619.40,1125.00,0.324403,0.023529,-0.221230,0.624623,0.724442,0.351785,-0.016459,-1.463160,421.88,0.261733,7.5750,0.7194
336,0.000516,0.203019,558.67,589.48,1031.25,0.257300,0.043137,-0.186487,0.870290,0.851852,0.144780,-0.070438,-1.609996,187.50,0.387756,11.2143,0.7653
341,0.000581,0.097764,596.45,607.28,1125.00,0.296036,0.007843,-0.088321,0.701322,0.716772,0.171399,0.022827,-1.523999,187.50,0.323772,9.7706,0.7421
347,0.000942,0.159515,684.73,654.44,1218.75,0.389356,0.019608,-0.241105,0.513654,0.518692,0.367473,0.027317,-1.186031,187.50,0.262975,8.5955,0.6716
352,0.000463,0.247266,608.23,653.61,1171.88,0.323254,0.015686,0.293611,0.711434,0.465723,0.015725,-0.198837,-1.287655,140.62,0.350925,10.7677,0.7766
357,0.000537,0.268110,662.08,737.56,1312.50,0.411321,0.007843,0.270803,0.423350,0.476196,0.171666,-0.461262,-0.880752,93.75,0.312255,7.9671,0.7346
363,0.000605,0.100639,627.61,698.51,1218.75,0.374891,0.027451,0.127578,0.591182,0.600336,0.029633,-0.247502,-1.101228,421.88,0.209234,7.4189,0.7376
368,0.000679,0.125500,523.44,584.89,1031.25,0.242696,0.011765,0.473502,0.786722,0.628864,-0.032880,-0.180273,-1.675936,140.62,0.286742,11.1487,0.8261
373,0.000401,0.180269,574.18,654.21,1171.88,0.319393,0.043137,0.512057,0.750443,0.483515,-0.188238,-0.231314,-1.326463,140.62,0.320778,12.0052,0.8038
379,0.000507,0.156335,550.33,670.78,1078.12,0.302562,0.011765,0.445736,0.874822,0.559789,-0.369291,-0.335432,-1.175624,93.75,0.257660,10.2816,0.8047
384,0.000454,0.136198,567.53,630.48,1078.12,0.300281,0.015686,0.254399,0.702661,0.623840,0.078477,-0.298884,-1.360493,93.75,0.222056,9.5288,0.7872
389,0.000416,0.199292,568.90,582.75,1031.25,0.269564,0.031373,0.287937,0.542143,0.698706,0.329438,-0.268152,-1.590072,421.88,0.191777,8.1452,0.7932
395,0.000372,0.121256,618.88,610.00,1031.25,0.278767,0.039216,-0.187051,0.364114,1.005966,0.290431,-0.141581,-1.331877,375.00,0.217314,11.2531,0.6954
400,0.000352,0.223337,631.76,645.00,1125.00,0.316174,0.031373,-0.627808,0.626278,1.057231,0.055543,-0.007778,-1.103465,421.88,0.168697,9.0811,0.6353

----- END /raw_D#0_r01_364716.csv -----
----- BEGIN /raw_D#0_r02_368876.csv (17338 bytes) -----
ms_from_event,rms,flux,centroid_hz,spread_hz,rolloff85_hz,flatness,zcr,band0,band1,band2,band3,band4,band5,peak_hz,peak_mag,peak_ratio,low_dom
-208,0.000091,0.231395,1017.05,980.14,2296.88,0.587509,0.149020,-0.858584,0.107741,0.888397,-0.178586,-0.060363,0.101393,375.00,0.039777,9.5052,0.4023
-203,0.000085,0.194801,1113.31,992.58,2531.25,0.581930,0.164706,-1.404441,-0.213199,1.070661,0.075292,0.064235,0.407451,375.00,0.045335,11.8519,0.2603
-197,0.000093,0.204756,1184.69,1076.51,2718.75,0.576926,0.184314,-1.853104,-0.317909,1.311485,0.031687,0.104053,0.723790,375.00,0.051173,13.9233,0.1825
-192,0.000076,0.169356,1219.97,1091.05,2812.50,0.610831,0.188235,-1.885875,-0.267720,1.274486,-0.022821,0.139502,0.762428,375.00,0.050331,12.8705,0.1783
-187,0.000081,0.085866,1172.88,1107.64,2812.50,0.549828,0.219608,-1.525052,-0.172662,1.243708,-0.133674,-0.047598,0.635279,375.00,0.046556,13.3227,0.2418
-181,0.000096,0.155153,1178.84,1127.15,2953.12,0.550786,0.113725,-1.073372,-0.110031,1.028545,-0.379870,-0.022271,0.556999,375.00,0.042144,13.0073,0.2975
-176,0.000087,0.252546,1112.18,1039.19,2625.00,0.542213,0.145098,-1.601077,-0.281788,1.268433,-0.223742,0.315249,0.522925,375.00,0.048639,13.0948,0.2042
-171,0.000105,0.177741,1123.70,1044.85,2578.12,0.598782,0.117647,-1.220274,-0.241232,1.121033,-0.172332,0.010983,0.501822,375.00,0.054846,14.6854,0.2715
-165,0.000101,0.163461,1045.33,991.24,2437.50,0.524535,0.129412,-1.199305,-0.142144,1.253333,-0.433279,0.137723,0.383671,375.00,0.057366,14.8806,0.2826
-160,0.000076,0.204439,940.28,955.68,2203.12,0.502268,0.180392,-1.083703,0.048786,1.203691,-0.250208,0.014994,0.066441,328.12,0.056603,14.5827,0.3640
-155,0.000086,0.163324,931.90,988.50,2296.88,0.480771,0.188235,-1.098357,0.377865,1.149779,-0.234012,-0.302734,0.107459,328.12,0.045326,11.8202,0.4347
-149,0.000079,0.249611,1105.88,997.16,2484.38,0.596404,0.152941,-1.369112,-0.198987,1.108411,-0.009658,0.095188,0.374160,375.00,0.044672,13.3905,0.2653
-144,0.000083,0.205556,1180.17,989.19,2531.25,0.619861,0.188235,-1.283939,-0.819244,1.190230,-0.216442,0.497734,0.631660,375.00,0.046800,13.7150,0.1657
-139,0.000068,0.196344,1222.13,1044.66,2625.00,0.624036,0.266667,-1.551446,-0.496898,1.125924,0.048724,0.098875,0.774819,375.00,0.047460,13.0692,0.1883
-133,0.000086,0.198841,1238.68,1077.25,2765.62,0.629775,0.156863,-1.331149,-0.212594,1.082559,-0.254877,0.005759,0.710301,375.00,0.040991,10.9053,0.2442
-128,0.000083,0.165828,1103.36,1023.21,2578.12,0.582593,0.180392,-1.084932,0.269918,0.950510,-0.525247,0.033530,0.356221,375.00,0.035940,10.6005,0.3538
-123,0.000088,0.204759,1003.89,976.53,2390.62,0.564901,0.156863,-1.396839,0.193942,1.150252,-0.159765,-0.037258,0.249667,375.00,0.043947,12.2711,0.3301
-117,0.000079,0.208514,1047.53,1022.14,2484.38,0.552894,0.188235,-1.128691,0.067908,1.139078,-0.222182,-0.242581,0.386467,375.00,0.048606,12.6496,0.3538
-112,0.000079,0.127114,1067.15,1005.38,2296.88,0.530268,0.196078,-1.049881,-0.231377,1.167922,-0.290326,-0.022279,0.425942,375.00,0.048480,13.8869,0.3010
-107,0.000067,0.142610,1153.60,1040.26,2531.25,0.545424,0.168627,-1.136967,-0.703788,1.240645,-0.216957,0.259069,0.557997,375.00,0.040618,13.6750,0.2093
-101,0.000086,0.243861,1152.79,1060.43,2578.12,0.565752,0.180392,-1.187684,-0.334072,1.061181,0.108836,-0.132124,0.483863,421.88,0.039951,12.4334,0.2816
-96,0.000092,0.200296,1166.54,1030.57,2578.12,0.611690,0.172549,-1.405525,-0.474830,1.130377,0.211607,-0.140908,0.679278,421.88,0.040631,11.4947,0.2298
-91,0.000073,0.276464,1071.50,1002.87,2484.38,0.571564,0.219608,-1.463701,-0.124326,1.183121,0.040427,-0.130632,0.495110,375.00,0.048633,12.1789,0.2736
-85,0.000094,0.120197,1155.68,1034.94,2531.25,0.587954,0.149020,-1.338802,-0.184832,1.052277,-0.089388,-0.003676,0.564420,375.00,0.042753,11.9059,0.2607
-80,0.000088,0.253389,1100.35,1007.68,2578.12,0.605260,0.156863,-0.876723,-0.172162,0.918548,-0.167307,-0.073962,0.371606,375.00,0.045664,12.7377,0.3378
-75,0.000092,0.265673,984.81,988.93,2343.75,0.566421,0.141176,-0.804008,0.052119,1.026978,-0.212710,-0.264009,0.201631,375.00,0.050216,11.7900,0.4147
-69,0.000081,0.110653,984.50,987.36,2296.88,0.567461,0.192157,-0.981487,0.119558,1.079835,-0.212658,-0.179366,0.174116,375.00,0.050023,12.4391,0.3945
-64,0.000095,0.135593,1065.31,1017.66,2437.50,0.586416,0.098039,-1.673187,0.080199,1.218390,-0.124616,0.060808,0.438408,375.00,0.047031,12.6003,0.2600
-59,0.000092,0.081126,1109.05,1040.05,2625.00,0.551533,0.141176,-1.941939,0.115445,1.369593,-0.349566,0.126987,0.679479,375.00,0.045216,13.7208,0.2114
-53,0.000085,0.265222,982.97,1014.37,2437.50,0.482957,0.172549,-1.519207,0.224432,1.212881,0.044096,-0.238879,0.276676,328.12,0.054902,15.1164,0.3393
-48,0.000083,0.187446,1052.05,1010.73,2484.38,0.551328,0.156863,-1.312599,-0.298750,1.197212,0.041919,-0.055542,0.427760,328.12,0.049625,13.4350,0.2706
-43,0.000102,0.129665,1140.53,1050.93,2625.00,0.574331,0.098039,-1.481058,-0.301352,1.181250,-0.024524,0.031883,0.593802,375.00,0.046737,13.8812,0.2308
-37,0.000079,0.221302,1129.52,1049.99,2578.12,0.595935,0.196078,-1.130559,-0.146883,1.098751,-0.288002,-0.033515,0.500209,375.00,0.048061,12.2117,0.2948
-32,0.000098,0.131122,1246.22,1128.08,2906.25,0.604554,0.149020,-1.370282,-0.170484,1.171983,-0.406992,0.087298,0.688476,375.00,0.046579,12.3040,0.2390
-27,0.000118,0.293211,1108.32,1097.98,2765.62,0.557539,0.172549,-0.761197,0.225017,0.871483,-0.376371,-0.248920,0.289989,375.00,0.046061,11.0400,0.4283
-21,0.000084,0.389814,815.36,942.37,2015.62,0.476976,0.184314,-0.285099,0.700678,0.739776,-0.356352,-0.564364,-0.234638,187.50,0.040483,7.1594,0.6473
-16,0.000124,0.125568,928.62,1024.41,2343.75,0.548370,0.086275,-0.067826,0.639511,0.452103,-0.481072,-0.472682,-0.070035,140.62,0.042990,8.9573,0.6358
-11,0.000097,0.193097,862.89,1024.18,2343.75,0.467677,0.203922,0.279772,0.882690,0.403276,-0.977756,-0.496757,-0.091226,140.62,0.046434,10.1073,0.7058
-5,0.000123,0.246883,791.47,945.00,2062.50,0.467141,0.129412,0.110601,0.769693,0.547632,-0.555491,-0.667797,-0.204637,140.62,0.042640,7.8565,0.7061
0,0.000222,0.257642,860.48,939.02,2109.38,0.459973,0.070588,-0.338390,0.297580,0.801650,-0.138062,-0.510609,-0.112169,328.12,0.048620,9.1462,0.5722
5,0.004481,0.892997,762.96,534.58,1125.00,0.324776,0.027451,-1.433467,0.072981,0.933154,1.310824,0.507041,-1.390533,375.00,0.225992,4.5914,0.4407
11,0.007984,0.752720,775.25,519.23,1265.62,0.263867,0.011765,-1.093315,0.223748,0.837332,1.100214,0.667182,-1.735161,281.25,1.025633,5.1624,0.5248
16,0.004537,0.441701,664.10,540.15,1171.88,0.214974,0.019608,-0.252566,0.659643,0.596574,0.713996,0.133401,-1.851049,234.38,2.426116,7.4403,0.7431
21,0.003297,0.191960,607.06,589.67,1078.12,0.271771,0.027451,0.098012,0.809571,0.390995,0.494339,-0.174721,-1.618196,187.50,2.846493,8.1476,0.7942
27,0.004778,0.129151,783.36,687.19,1359.38,0.430675,0.023529,-0.200036,0.325235,0.168453,0.633540,0.120193,-1.047385,234.38,1.616431,6.2279,0.6286
32,0.004976,0.233008,758.02,585.11,1218.75,0.344563,0.015686,-0.629602,0.371258,0.570224,0.859685,0.229552,-1.401117,234.38,1.644684,6.4622,0.6122
37,0.006064,0.259296,629.06,545.91,1125.00,0.238035,0.011765,-0.139075,0.739017,0.570343,0.625822,0.003343,-1.799450,187.50,1.830122,6.8685,0.7682
43,0.003641,0.192863,622.59,520.77,1078.12,0.208679,0.023529,0.064456,0.644255,0.420202,0.727078,0.046541,-1.902531,140.62,2.427596,9.0752,0.7828
48,0.003883,0.239946,697.89,652.53,1218.75,0.366290,0.019608,-0.028579,0.588646,0.272256,0.485798,0.018163,-1.336283,140.62,2.147497,7.4188,0.7189
53,0.004186,0.226645,902.13,767.66,1687.50,0.547400,0.023529,-0.753129,0.229726,0.341040,0.719590,0.079235,-0.616464,281.25,1.452850,5.3500,0.5017
59,0.004126,0.142949,805.92,643.93,1312.50,0.401271,0.015686,-1.727579,0.433260,0.860129,0.974337,0.390444,-0.930591,234.38,1.828443,7.4838,0.4068
64,0.002378,0.247255,799.11,678.75,1406.25,0.435409,0.023529,-0.523411,0.227074,0.456581,0.568193,0.312269,-1.040708,421.88,1.203382,4.9081,0.5538
69,0.003901,0.224086,950.30,817.43,1781.25,0.621517,0.023529,-0.373055,0.001970,0.126868,0.353716,0.422392,-0.531891,93.75,1.018583,4.2307,0.4673
75,0.004451,0.150997,861.87,701.94,1453.12,0.489188,0.015686,-0.944770,0.075933,0.628153,0.624699,0.412010,-0.796024,281.25,1.268694,6.2872,0.4397
80,0.004516,0.273752,713.21,621.74,1171.88,0.363019,0.019608,-0.593244,0.386842,0.757191,0.567943,0.109637,-1.228370,328.12,2.000237,8.9945,0.6121
85,0.001924,0.247782,644.75,535.10,1031.25,0.261996,0.039216,-0.470867,0.621622,0.765931,0.753213,-0.041575,-1.628323,281.25,1.638677,6.4455,0.7131
91,0.002624,0.067837,687.37,533.43,1218.75,0.233188,0.031373,-1.005580,0.616053,0.935325,0.805256,0.310586,-1.661641,234.38,1.319027,6.9093,0.6179
96,0.003763,0.151993,814.29,526.48,1265.62,0.295263,0.027451,-1.374524,0.077173,0.777347,1.275264,0.720888,-1.476147,937.50,0.799001,5.1245,0.4327
101,0.002360,0.344253,795.40,554.84,1218.75,0.327989,0.019608,-0.763930,-0.045223,0.613094,1.123706,0.293297,-1.220944,796.88,1.084443,5.4227,0.5148
107,0.002469,0.188892,801.00,635.44,1265.62,0.410940,0.027451,-0.404859,0.102882,0.216693,0.849351,0.185932,-0.949998,843.75,0.861595,4.4386,0.5575
112,0.003278,0.133063,808.84,596.39,1265.62,0.379647,0.035294,-0.694052,0.204391,0.087468,1.076349,0.391864,-1.066020,187.50,0.897407,6.0510,0.5230
117,0.002593,0.232730,746.02,531.15,1218.75,0.250307,0.023529,-0.457182,0.370846,0.392136,1.093477,0.336712,-1.735989,890.62,0.974186,6.5014,0.6585
123,0.002341,0.244713,775.77,579.42,1171.88,0.349153,0.031373,-0.624026,0.142651,0.463295,1.085049,0.054788,-1.121757,421.88,0.884798,5.1360,0.5727
128,0.002567,0.197005,892.69,728.66,1593.75,0.521159,0.031373,-0.979615,0.165858,0.330477,0.777958,0.335886,-0.630564,750.00,0.919509,5.8103,0.4355
133,0.003253,0.213486,782.45,631.99,1265.62,0.385118,0.011765,-0.712482,0.255997,0.380726,0.927644,0.251156,-1.103042,750.00,0.915383,5.8323,0.5493
139,0.001543,0.203031,652.66,526.74,1078.12,0.256704,0.027451,-0.095298,0.465308,0.537866,0.875428,0.107959,-1.891263,140.62,1.133109,7.4268,0.7459
144,0.002294,0.210060,622.94,525.31,1125.00,0.242343,0.027451,-0.141125,0.665505,0.589075,0.647284,0.174438,-1.935177,187.50,0.995502,6.4499,0.7581
149,0.001849,0.164980,709.80,518.75,1171.88,0.264701,0.031373,-0.599787,0.384551,0.481769,1.032944,0.289625,-1.589101,187.50,0.710083,5.7814,0.6323
155,0.002245,0.232508,755.67,534.76,1218.75,0.304519,0.027451,-0.506861,0.047549,0.401101,1.104071,0.382763,-1.428623,515.62,0.681062,5.1827,0.5728
160,0.002419,0.187810,700.72,525.15,1171.88,0.269787,0.023529,-0.626591,0.168190,0.765029,0.951806,0.226800,-1.485233,468.75,0.850665,6.7957,0.5987
165,0.001378,0.211142,627.13,513.27,1031.25,0.247317,0.058824,-0.747371,0.668028,0.884861,0.800673,0.139323,-1.745515,234.38,0.955739,7.6278,0.6821
171,0.001829,0.181544,715.18,580.94,1218.75,0.338356,0.019608,-0.686898,0.536215,0.505145,0.794471,0.207569,-1.356503,187.50,0.751246,6.5684,0.6223
176,0.002389,0.185248,772.03,543.29,1218.75,0.319327,0.015686,-0.587992,0.088913,0.358251,1.100446,0.390877,-1.350496,750.00,0.640190,6.0788,0.5573
181,0.001191,0.287258,727.42,589.27,1218.75,0.349589,0.019608,-0.511557,0.462926,0.490433,0.826721,0.121448,-1.389970,187.50,0.660353,5.3100,0.6479
187,0.001795,0.116145,662.78,553.87,1125.00,0.281446,0.027451,-0.266165,0.653207,0.398777,0.769182,0.163555,-1.718556,187.50,0.866042,8.3608,0.7253
192,0.001388,0.187439,683.54,499.96,1171.88,0.221322,0.031373,-0.054694,0.471645,0.162935,1.067063,0.356538,-2.003486,140.62,0.591340,6.4816,0.7373
197,0.001918,0.182931,764.78,568.68,1218.75,0.322022,0.019608,-0.288468,0.193245,0.141121,0.924815,0.501428,-1.472142,703.12,0.534673,5.5208,0.6077
203,0.001227,0.240108,750.65,683.46,1265.62,0.419592,0.023529,-0.305965,0.415731,0.296233,0.425187,0.245105,-1.076291,187.50,0.639039,6.4945,0.6155
208,0.001248,0.193636,745.33,714.17,1406.25,0.437716,0.015686,0.046625,0.585504,0.128896,0.068250,0.197240,-1.026515,140.62,0.764232,8.1654,0.6750
213,0.001368,0.170844,723.33,609.82,1265.62,0.350169,0.039216,-0.311554,0.461442,0.400427,0.560729,0.311713,-1.422757,187.50,0.434237,5.5628,0.6526
219,0.002305,0.215206,692.03,522.57,1125.00,0.231498,0.007843,-0.336638,0.479926,0.477779,0.855748,0.384161,-1.860975,187.50,0.580231,7.4027,0.6921
224,0.000991,0.298412,587.75,542.72,1078.12,0.221716,0.043137,0.290194,0.891501,0.297373,0.441484,0.170197,-2.090748,140.62,0.937648,9.8741,0.8251
229,0.001554,0.122610,586.48,602.02,1171.88,0.287673,0.023529,0.433155,0.867348,0.171274,0.135791,0.017514,-1.625083,140.62,0.819264,10.2650,0.8106
235,0.000732,0.229735,667.45,559.27,1125.00,0.270267,0.015686,-0.413038,0.550383,0.598199,0.670686,0.260035,-1.666265,187.50,0.444789,6.0089,0.6839
240,0.000597,0.172987,703.06,648.43,1218.75,0.354498,0.031373,-0.256767,0.450654,0.482045,0.489970,0.124118,-1.290021,187.50,0.403073,5.7993,0.6637
245,0.000905,0.116254,865.53,753.63,1640.62,0.523414,0.007843,-0.476049,0.161074,0.425624,0.329797,0.261749,-0.702196,234.38,0.255446,5.6700,0.5157
251,0.001061,0.195421,721.72,666.53,1265.62,0.389312,0.031373,-0.630395,0.688793,0.433246,0.341470,0.309950,-1.143064,187.50,0.392866,10.1631,0.6096
256,0.000443,0.238408,612.51,650.28,1171.88,0.320245,0.058824,-0.045313,0.918310,0.365048,0.048960,0.093906,-1.380912,187.50,0.564765,13.2756,0.7465
261,0.000913,0.256211,746.26,763.68,1406.25,0.481629,0.007843,-0.078557,0.582376,0.191467,0.017616,0.133694,-0.846594,187.50,0.425969,9.7508,0.6476
267,0.000375,0.186556,751.88,703.30,1359.38,0.392165,0.023529,-0.443814,0.596874,0.351289,0.219355,0.236534,-0.960238,187.50,0.329619,8.1062,0.6079
272,0.000431,0.196828,830.96,816.95,1593.75,0.556896,0.023529,-0.291738,0.449302,0.355308,0.095173,0.007951,-0.615995,140.62,0.280443,6.4553,0.5945
277,0.000313,0.014174,759.61,813.16,1546.88,0.489675,0.086275,-0.035767,0.543157,0.315586,0.042873,-0.172848,-0.693001,140.62,0.210515,8.8710,0.6652
283,0.000334,0.133276,605.43,685.13,1218.75,0.356316,0.078431,-0.124348,0.861300,0.596730,0.047054,-0.246556,-1.134180,187.50,0.200451,11.5551,0.7425
288,0.000433,0.153941,577.52,631.92,1171.88,0.299498,0.031373,0.117018,0.905436,0.458748,0.105463,-0.201196,-1.385469,187.50,0.192763,11.4082,0.7866
293,0.000370,0.201382,614.80,673.69,1171.88,0.344419,0.086275,-0.002989,0.883138,0.457568,0.106605,-0.301584,-1.142738,187.50,0.197323,11.7629,0.7617
299,0.000209,0.264069,598.29,692.41,1078.12,0.316225,0.058824,-0.302722,0.998613,0.763819,-0.006544,-0.338748,-1.114418,234.38,0.210319,12.5558,0.7455
304,0.000367,0.197249,640.95,673.72,1218.75,0.357765,0.043137,-0.490171,0.726654,0.843272,0.213895,-0.168454,-1.125196,187.50,0.132271,8.5286,0.6825
309,0.000355,0.215353,684.11,736.24,1359.38,0.429978,0.011765,-0.081735,0.589975,0.562178,0.186290,-0.331720,-0.924988,140.62,0.134321,7.9868,0.7073
315,0.000205,0.155095,611.91,735.05,1218.75,0.362128,0.074510,0.213431,0.898835,0.399516,-0.063036,-0.502891,-0.945854,140.62,0.177906,11.4256,0.7825
320,0.000371,0.212065,706.51,813.19,1593.75,0.459004,0.019608,0.310640,0.618084,0.154512,-0.088042,-0.362412,-0.632782,140.62,0.139929,9.0917,0.7235
325,0.000203,0.280118,607.64,693.44,1125.00,0.344621,0.074510,-0.320787,0.888810,0.805562,0.150367,-0.543769,-0.980182,234.38,0.152227,10.7401,0.7400
331,0.000168,0.114138,641.71,741.78,1218.75,0.372096,0.137255,-0.443458,0.965811,0.827665,0.007061,-0.483983,-0.873097,234.38,0.142029,11.3435,0.7190
336,0.000210,0.229215,825.16,899.95,1781.25,0.466939,0.023529,-0.457990,0.331127,0.864371,-0.110654,-0.253798,-0.373057,234.38,0.080123,8.4828,0.5622
341,0.000201,0.293715,728.78,818.99,1500.00,0.425366,0.066667,-0.563839,0.784924,0.714123,-0.003770,-0.296087,-0.635352,234.38,0.100852,10.0653,0.6402
347,0.000251,0.192333,810.38,824.69,1593.75,0.487096,0.027451,-1.176746,0.654447,0.811371,0.194220,0.029207,-0.512499,281.25,0.118159,11.8325,0.4951
352,0.000208,0.224304,698.65,788.26,1500.00,0.396225,0.054902,-0.370160,0.823956,0.741392,-0.182490,-0.292638,-0.720061,281.25,0.097048,9.2202,0.6755
357,0.000140,0.264072,775.34,841.53,1593.75,0.496715,0.082353,-0.173127,0.722344,0.257324,-0.153412,-0.094961,-0.558168,187.50,0.131089,11.4469,0.6459
363,0.000118,0.099885,805.39,874.13,1593.75,0.456370,0.121569,-0.419081,0.722368,0.304003,0.075671,-0.196683,-0.486279,187.50,0.099650,11.4006,0.6208
368,0.000213,0.168118,810.94,859.73,1593.75,0.512525,0.129412,-0.103308,0.515189,0.345262,0.093708,-0.239901,-0.610950,140.62,0.062470,8.7814,0.6528
373,0.000112,0.274501,698.15,816.73,1312.50,0.414914,0.109804,-0.211904,0.854652,0.582813,0.028943,-0.517672,-0.736833,234.38,0.076769,9.5524,0.7208
379,0.000131,0.188747,710.91,838.35,1500.00,0.388790,0.121569,-0.281523,0.790084,0.629943,0.025631,-0.501662,-0.662473,234.38,0.068722,8.3641,0.6977
384,0.000119,0.142470,898.96,881.48,1875.00,0.538121,0.129412,-0.948945,0.316201,0.515542,0.424440,-0.000839,-0.306400,281.25,0.044631,6.5902,0.4594
389,0.000204,0.272606,816.71,875.69,1828.12,0.519139,0.058824,-0.267768,0.578567,0.460287,-0.001414,-0.283354,-0.486317,281.25,0.055017,8.0087,0.6319
395,0.000277,0.319615,757.47,857.31,1687.50,0.459222,0.039216,-0.173521,0.798845,0.481236,-0.213840,-0.361888,-0.530832,140.62,0.076498,9.4198,0.6811
400,0.000191,0.329685,816.23,900.87,1875.00,0.521665,0.117647,-0.346649,0.777684,0.367612,-0.280856,-0.186836,-0.330956,187.50,0.141015,12.9505,0.6164

----- END /raw_D#0_r02_368876.csv -----
=== KEY_DUMP_END key=D#0 ===
NEXT: E0
PRESS E0  rep 1/2  then hit Enter

> 
> REC OK: /raw_E0_r01_375639.csv
PRESS E0  rep 2/2  then hit Enter

> 
> REC OK: /raw_E0_r02_381356.csv
=== KEY_DUMP_BEGIN key=E0 files=2 ===
----- BEGIN /raw_E0_r01_375639.csv (17462 bytes) -----
ms_from_event,rms,flux,centroid_hz,spread_hz,rolloff85_hz,flatness,zcr,band0,band1,band2,band3,band4,band5,peak_hz,peak_mag,peak_ratio,low_dom
-208,0.000096,0.140357,1096.42,1021.72,2484.38,0.587365,0.164706,-1.454353,-0.607125,1.260214,0.126806,0.114729,0.559729,375.00,0.045687,13.1545,0.2029
-203,0.000080,0.221276,1080.02,1034.90,2531.25,0.543466,0.152941,-1.204243,-0.183179,1.189984,-0.144629,-0.122236,0.464304,328.12,0.049312,13.8772,0.2963
-197,0.000089,0.215660,1052.19,1034.28,2531.25,0.531165,0.133333,-0.991379,-0.196260,1.212830,-0.212458,-0.279857,0.467126,375.00,0.049866,13.9704,0.3346
-192,0.000078,0.127021,1112.33,1064.94,2671.88,0.567828,0.184314,-1.100350,-0.129817,1.120849,-0.139762,-0.307451,0.556532,375.00,0.048229,14.2172,0.3231
-187,0.000088,0.171987,1097.61,1048.05,2531.25,0.575075,0.125490,-1.247160,0.031129,1.157547,-0.256856,-0.184886,0.500227,375.00,0.047177,13.0328,0.3174
-181,0.000082,0.173705,1130.22,1043.61,2531.25,0.573613,0.207843,-1.189805,-0.233369,1.076334,-0.168725,0.021588,0.493974,375.00,0.048956,14.2188,0.2750
-176,0.000090,0.208983,1057.21,1031.50,2484.38,0.581439,0.129412,-0.933417,-0.000255,1.040624,-0.280550,-0.141974,0.315571,375.00,0.050133,12.8835,0.3650
-171,0.000096,0.111831,1104.81,1047.92,2625.00,0.591086,0.172549,-1.198822,-0.044455,1.097162,-0.112379,-0.172124,0.430617,375.00,0.049382,13.1004,0.3206
-165,0.000088,0.158297,1086.50,1045.11,2578.12,0.587457,0.203922,-1.268292,-0.196339,1.183537,-0.092713,-0.049077,0.422883,328.12,0.049242,13.3238,0.2851
-160,0.000077,0.161064,1120.17,1053.19,2578.12,0.591421,0.172549,-1.440603,0.003480,1.137312,-0.156810,-0.080467,0.537087,328.12,0.049744,12.7046,0.2795
-155,0.000087,0.186944,1099.60,1019.34,2531.25,0.568798,0.141176,-1.087609,-0.118594,1.029319,0.014430,-0.273111,0.435566,375.00,0.042282,11.7010,0.3353
-149,0.000097,0.159858,1145.95,1012.65,2531.25,0.569256,0.137255,-1.102656,-0.571202,1.072689,0.069214,0.047534,0.484422,421.88,0.040307,12.5815,0.2492
-144,0.000086,0.314246,1027.52,965.23,2296.88,0.542481,0.172549,-1.054049,-0.618458,1.193028,0.120807,0.074744,0.283929,375.00,0.053609,14.3259,0.2659
-139,0.000094,0.186703,1112.11,1062.77,2765.62,0.518467,0.133333,-0.855227,-0.454493,1.123469,-0.229817,-0.085235,0.501304,375.00,0.055315,14.7858,0.2967
-133,0.000096,0.118168,1095.39,1052.49,2671.88,0.552558,0.105882,-1.208599,-0.517821,1.269158,-0.076139,-0.016245,0.549646,375.00,0.053586,14.9610,0.2442
-128,0.000096,0.262945,1008.95,965.84,2343.75,0.565772,0.149020,-1.207182,0.010045,1.110604,-0.228186,0.121207,0.193513,328.12,0.053098,13.1374,0.3195
-123,0.000091,0.101365,1014.09,968.92,2296.88,0.526785,0.164706,-1.248890,0.035532,1.150991,-0.291975,0.019452,0.334891,328.12,0.052615,14.7589,0.3135
-117,0.000082,0.180685,922.85,935.93,2250.00,0.472390,0.156863,-1.116206,0.203525,1.231019,-0.133666,-0.485536,0.300863,328.12,0.051398,14.1374,0.4100
-112,0.000088,0.175653,1001.36,981.05,2390.62,0.520553,0.176471,-1.012538,-0.118567,1.096308,-0.047147,-0.299253,0.381197,375.00,0.047244,13.5538,0.3529
-107,0.000101,0.198696,1066.20,1011.22,2484.38,0.606050,0.149020,-1.118217,-0.038597,0.970900,-0.085354,-0.085706,0.356972,328.12,0.047805,13.1968,0.3287
-101,0.000082,0.219058,1052.67,1013.71,2531.25,0.517262,0.164706,-1.241483,0.112277,1.173046,-0.491760,0.042495,0.405426,328.12,0.055044,13.9961,0.3125
-96,0.000084,0.173760,1128.64,1045.35,2625.00,0.570178,0.164706,-1.206388,-0.103839,1.158099,-0.532183,0.121335,0.562977,375.00,0.051977,13.5898,0.2695
-91,0.000086,0.133716,1205.27,1089.67,2812.50,0.622463,0.133333,-1.294742,-0.373554,1.157313,-0.261902,0.067652,0.705233,375.00,0.049345,13.8656,0.2278
-85,0.000106,0.126034,1188.12,1057.50,2625.00,0.632030,0.082353,-1.306667,-0.620992,1.154799,-0.051377,0.179389,0.644846,375.00,0.048550,14.0451,0.2017
-80,0.000104,0.255760,1036.05,1007.29,2484.38,0.575922,0.141176,-1.154787,0.002095,1.099247,-0.115743,-0.137103,0.306291,328.12,0.049882,11.8996,0.3405
-75,0.000091,0.219679,999.78,988.14,2437.50,0.553505,0.105882,-1.027237,0.192452,1.016630,-0.138659,-0.276551,0.233365,328.12,0.062840,14.9636,0.4023
-69,0.000086,0.168443,1078.62,1078.89,2718.75,0.525369,0.141176,-0.922479,0.141353,1.085837,-0.332702,-0.422996,0.450987,328.12,0.055095,13.5175,0.4002
-64,0.000097,0.176705,1079.73,1061.54,2625.00,0.498282,0.125490,-0.900202,-0.389864,1.233587,-0.076355,-0.390415,0.523248,375.00,0.054482,15.0298,0.3293
-59,0.000074,0.171522,1011.13,1015.05,2484.38,0.473796,0.278431,-0.994818,-0.085218,1.262159,-0.285882,-0.239803,0.343562,375.00,0.050433,14.0094,0.3562
-53,0.000084,0.180259,1171.49,1098.01,2718.75,0.611569,0.156863,-1.297437,-0.022488,1.097262,-0.152978,-0.242702,0.618344,328.12,0.042388,11.7869,0.2999
-48,0.000094,0.173026,1104.32,1038.93,2578.12,0.582206,0.121569,-1.234685,-0.194259,1.098402,0.025501,-0.223015,0.528057,375.00,0.045196,13.0682,0.2959
-43,0.000075,0.284169,962.27,960.46,2343.75,0.515296,0.192157,-1.472515,0.282026,1.166786,0.022336,-0.215423,0.216791,328.12,0.041185,9.8151,0.3553
-37,0.000103,0.104949,1011.77,999.58,2390.62,0.566217,0.105882,-1.386579,0.185864,1.083314,0.002015,-0.147436,0.262823,328.12,0.037144,10.0956,0.3412
-32,0.000105,0.236722,974.66,1030.49,2531.25,0.514348,0.231373,-0.757990,0.320744,0.994905,-0.268600,-0.504126,0.215066,375.00,0.038972,9.1946,0.4815
-27,0.000233,0.327976,818.49,963.88,2156.25,0.475363,0.043137,0.040679,0.712730,0.562779,-0.296406,-0.848720,-0.171063,140.62,0.041462,8.2352,0.7082
-21,0.000409,0.380417,604.62,868.88,1593.75,0.353633,0.031373,0.980524,1.086639,-0.065971,-0.695735,-0.819343,-0.486113,93.75,0.094478,15.6206,0.8437
-16,0.000278,0.452001,429.81,716.54,703.12,0.226659,0.094118,1.233452,1.468771,0.060342,-1.040903,-0.854439,-0.867223,140.62,0.193479,18.8342,0.9013
-11,0.000152,0.188161,441.65,752.22,562.50,0.227027,0.105882,1.136469,1.523858,0.142489,-0.967707,-1.168085,-0.667024,140.62,0.207499,17.5972,0.9045
-5,0.000348,0.090976,598.47,863.81,1359.38,0.344609,0.039216,0.587820,1.232758,0.198220,-0.747744,-0.861408,-0.409646,187.50,0.128422,17.5797,0.8243
0,0.000543,0.251625,543.44,794.41,1218.75,0.309902,0.019608,0.768551,1.281487,-0.082755,-0.469000,-0.832217,-0.666065,140.62,0.143752,16.7468,0.8550
5,0.000333,0.439272,510.14,815.67,984.38,0.299576,0.027451,1.192687,1.314458,-0.459701,-0.497824,-0.902983,-0.646637,140.62,0.254559,18.1172,0.8837
11,0.000136,0.310522,566.56,782.22,1218.75,0.358105,0.082353,0.923054,0.900155,-0.063916,-0.295800,-0.642356,-0.821138,93.75,0.274154,15.8419,0.8380
16,0.000153,0.135275,646.39,788.28,1453.12,0.411509,0.050980,0.487954,0.734580,0.162022,-0.225116,-0.390740,-0.768700,93.75,0.132602,9.3817,0.7669
21,0.000318,0.064656,758.00,833.42,1546.88,0.477917,0.047059,0.096280,0.568909,0.259008,-0.096487,-0.132583,-0.695126,140.62,0.078137,9.0234,0.6784
27,0.000443,0.402780,704.41,836.51,1500.00,0.471191,0.027451,0.403002,0.729965,-0.105150,-0.076111,-0.303871,-0.647834,140.62,0.110178,8.7297,0.7393
32,0.000165,0.391082,813.87,888.99,1828.12,0.555369,0.149020,0.030743,0.515042,0.137729,-0.162793,-0.097153,-0.423568,187.50,0.158771,8.5031,0.6302
37,0.000182,0.109543,709.60,845.03,1593.75,0.440234,0.172549,0.258750,0.724820,0.231127,-0.380007,-0.264435,-0.570254,187.50,0.152972,8.7851,0.7128
43,0.000146,0.076865,737.32,852.65,1593.75,0.441022,0.039216,0.026255,0.628822,0.363569,-0.181331,-0.328809,-0.508506,187.50,0.085625,9.2881,0.6783
48,0.000174,0.230559,705.24,851.94,1500.00,0.387463,0.105882,-0.096651,0.842643,0.853931,-0.457083,-0.688081,-0.454759,281.25,0.070036,10.1406,0.7200
53,0.000190,0.280703,680.46,828.40,1312.50,0.402785,0.109804,-0.224796,0.782783,0.741707,-0.259839,-0.409164,-0.630691,234.38,0.090825,12.7822,0.6897
59,0.000142,0.288915,631.00,812.37,1312.50,0.361512,0.031373,0.110005,1.052878,0.518150,-0.525719,-0.404850,-0.750463,187.50,0.093546,11.2815,0.7612
64,0.000172,0.169330,752.73,879.01,1640.62,0.474960,0.105882,-0.018289,0.759454,0.458649,-0.313890,-0.459025,-0.426900,140.62,0.069918,9.9365,0.6929
69,0.000191,0.252303,700.05,840.85,1359.38,0.397731,0.101961,-0.361855,0.834998,0.719171,-0.218991,-0.400512,-0.572811,234.38,0.078747,11.1202,0.6733
75,0.000137,0.282428,655.77,830.89,1453.12,0.392572,0.058824,0.070186,1.017730,0.502526,-0.486555,-0.418372,-0.685516,187.50,0.092097,10.7917,0.7495
80,0.000183,0.197134,822.75,909.83,1875.00,0.511124,0.062745,-0.180508,0.639082,0.444439,-0.157566,-0.384906,-0.360542,187.50,0.063157,8.2235,0.6461
85,0.000107,0.209767,789.32,882.29,1875.00,0.475735,0.078431,-0.427403,0.775708,0.610982,-0.075789,-0.445455,-0.438043,234.38,0.074733,10.1473,0.6493
91,0.000138,0.219827,894.18,927.94,2062.50,0.580981,0.050980,-0.517219,0.517059,0.510180,-0.008049,-0.289995,-0.211976,234.38,0.081197,9.5456,0.5624
96,0.000184,0.148807,878.03,916.43,2109.38,0.531962,0.062745,-0.952523,0.546893,0.949425,-0.055200,-0.378757,-0.109839,281.25,0.068931,10.6053,0.5104
101,0.000155,0.284627,801.55,880.36,1828.12,0.494772,0.074510,-0.416288,0.720953,0.629153,-0.120130,-0.324772,-0.488916,281.25,0.081645,10.9045,0.6363
107,0.000110,0.310773,917.04,908.51,1968.75,0.619299,0.149020,-0.649162,0.389676,0.622299,-0.049234,-0.054327,-0.259251,281.25,0.086303,8.4904,0.5068
112,0.000201,0.019817,875.68,908.07,1968.75,0.534970,0.094118,-0.589752,0.417698,0.725540,-0.154240,-0.159657,-0.239588,281.25,0.056760,8.0273,0.5284
117,0.000093,0.289531,732.92,869.11,1734.38,0.475372,0.145098,-0.004698,0.733020,0.445632,-0.278507,-0.466898,-0.428549,234.38,0.074516,10.2181,0.6925
123,0.000110,0.227272,740.24,849.22,1687.50,0.465402,0.156863,-0.011362,0.686583,0.425830,-0.101696,-0.439706,-0.559649,187.50,0.061598,7.3550,0.6979
128,0.000213,0.273917,1062.74,890.28,2156.25,0.686642,0.047059,-0.482894,-0.039261,0.097736,0.359665,0.194367,-0.129612,140.62,0.040673,5.2082,0.4272
133,0.000142,0.282890,928.31,953.99,2203.12,0.571128,0.098039,-0.164611,0.616050,0.114705,-0.122823,-0.228453,-0.214869,140.62,0.074499,9.1256,0.6100
139,0.000179,0.235264,689.51,909.44,1593.75,0.401062,0.050980,0.242946,1.088494,0.446607,-0.558689,-0.777704,-0.441654,140.62,0.084588,10.7785,0.7817
144,0.000149,0.141992,707.89,877.39,1687.50,0.406239,0.078431,-0.052355,0.955915,0.664506,-0.325389,-0.766842,-0.475835,234.38,0.087706,12.9735,0.7452
149,0.000136,0.228582,729.97,845.60,1640.62,0.444380,0.113725,-0.453294,0.963417,0.580207,-0.172631,-0.386947,-0.530751,234.38,0.101199,14.3173,0.6713
155,0.000111,0.199914,815.28,885.76,1875.00,0.496917,0.219608,-0.666700,0.693542,0.706065,0.057660,-0.429085,-0.361481,234.38,0.073087,10.8614,0.6008
160,0.000181,0.207761,859.75,936.99,2156.25,0.514178,0.082353,-0.395813,0.463323,0.716464,-0.026689,-0.594666,-0.162618,234.38,0.055222,9.4602,0.6017
165,0.000098,0.292122,728.23,845.49,1593.75,0.441151,0.152941,-0.363865,0.871301,0.622422,-0.160565,-0.517499,-0.451796,187.50,0.077382,11.0315,0.6766
171,0.000088,0.203099,793.45,875.95,1921.88,0.471796,0.180392,-0.145185,0.667536,0.368236,-0.138747,-0.409534,-0.342308,187.50,0.066639,8.9773,0.6541
176,0.000119,0.060550,1019.97,1021.31,2437.50,0.617038,0.105882,-0.524612,0.311330,0.604279,-0.240625,-0.259644,0.109272,234.38,0.043713,8.7449,0.4921
181,0.000107,0.305518,888.80,942.89,2203.12,0.492855,0.137255,-2.072218,0.898212,1.160544,0.179538,-0.325413,0.159337,234.38,0.057876,12.2413,0.3766
187,0.000088,0.235411,863.73,944.77,2156.25,0.520301,0.211765,-0.638746,0.781637,0.674467,-0.319054,-0.393401,-0.104903,234.38,0.061894,12.2459,0.5795
192,0.000098,0.238483,939.88,1005.70,2343.75,0.562664,0.137255,-0.390686,0.550615,0.537918,-0.203439,-0.407454,-0.086954,281.25,0.040464,8.0410,0.5811
197,0.000120,0.279399,1059.39,995.40,2484.38,0.641979,0.125490,-0.852513,-0.048400,0.765551,0.058124,-0.103778,0.181016,328.12,0.046178,9.1748,0.3801
203,0.000106,0.182804,917.78,956.46,2203.12,0.531846,0.137255,-0.650130,0.271323,0.864537,-0.186513,-0.325602,0.026384,328.12,0.051975,10.6352,0.4901
208,0.000121,0.289391,875.08,953.15,2156.25,0.504180,0.094118,-0.784788,0.740783,0.924181,-0.308720,-0.535700,-0.035757,281.25,0.062583,11.2157,0.5656
213,0.000118,0.163486,984.95,975.99,2203.12,0.536444,0.172549,-1.343015,0.685036,0.806228,0.009742,-0.153360,-0.004631,281.25,0.061124,11.7028,0.4378
219,0.000102,0.291979,918.03,953.29,2156.25,0.513656,0.180392,-1.183794,0.480887,0.893856,0.151929,-0.290996,-0.051881,234.38,0.052138,9.2276,0.4551
224,0.000118,0.274327,853.01,870.65,1781.25,0.519968,0.094118,-0.514551,0.371309,0.638436,0.227690,-0.279291,-0.443594,281.25,0.047261,7.1740,0.5720
229,0.000140,0.181457,862.44,963.56,2109.38,0.524890,0.070588,-0.556577,0.745483,0.534411,-0.073385,-0.429845,-0.220087,234.38,0.055270,9.4682,0.6033
235,0.000101,0.219430,856.05,1011.52,2250.00,0.463850,0.196078,-0.185901,0.800885,0.483175,-0.341162,-0.676440,-0.080557,187.50,0.066067,11.1278,0.6651
240,0.000096,0.220264,958.10,1009.64,2296.88,0.560791,0.121569,-0.454655,0.768813,0.538024,-0.517598,-0.297269,-0.037314,234.38,0.064408,11.1717,0.5804
245,0.000104,0.214624,1063.36,966.62,2296.88,0.657812,0.133333,-0.909510,0.505734,0.490155,-0.253105,0.180406,-0.013679,234.38,0.043867,7.4833,0.4292
251,0.000083,0.158078,985.90,977.35,2296.88,0.575031,0.152941,-0.881132,0.330185,0.820654,-0.258508,-0.039402,0.028204,328.12,0.043728,9.3142,0.4329
256,0.000146,0.185589,943.31,998.22,2390.62,0.525106,0.098039,-0.872076,0.417316,0.874113,0.005969,-0.470047,0.044725,328.12,0.048276,10.4838,0.4963
261,0.000124,0.257978,873.77,942.83,2156.25,0.525140,0.121569,-0.608451,0.531835,0.733873,0.018794,-0.579378,-0.096672,328.12,0.044648,7.9767,0.5744
267,0.000066,0.266535,742.11,909.21,1921.88,0.434658,0.254902,-0.220047,1.012226,0.685888,-0.453102,-0.741880,-0.283083,234.38,0.070831,12.0348,0.7127
272,0.000145,0.137447,873.22,969.90,2203.12,0.476540,0.113725,-0.622554,0.778457,0.848576,-0.424374,-0.464694,-0.115411,281.25,0.047106,9.8970,0.5910
277,0.000124,0.193852,876.40,943.06,2250.00,0.531926,0.121569,-0.687255,0.679732,0.745189,-0.046995,-0.590939,-0.099732,234.38,0.049783,9.7200,0.5846
283,0.000086,0.250021,743.81,911.72,1875.00,0.431473,0.156863,-0.279463,1.009111,0.704717,-0.402351,-0.753177,-0.278836,234.38,0.073104,12.5504,0.7070
288,0.000150,0.183131,857.62,971.42,2250.00,0.494630,0.090196,-0.607838,0.656645,0.861128,-0.267579,-0.571614,-0.070742,234.38,0.055946,11.0944,0.5855
293,0.000108,0.193114,774.61,926.45,1921.88,0.442770,0.129412,-0.550220,0.822123,0.977860,-0.279203,-0.742976,-0.227584,234.38,0.061562,11.0154,0.6505
299,0.000096,0.225088,726.12,893.23,1828.12,0.402087,0.196078,-0.154455,1.065863,0.672626,-0.484095,-0.774223,-0.325716,234.38,0.067898,12.4655,0.7322
304,0.000152,0.268509,862.73,946.92,2156.25,0.488782,0.082353,-0.336716,0.538295,0.844454,-0.435978,-0.481681,-0.128373,234.38,0.035420,7.4433,0.6001
309,0.000079,0.283661,735.07,849.61,1500.00,0.449223,0.188235,-0.042558,0.522359,0.705721,-0.121214,-0.551754,-0.512555,375.00,0.044209,7.1782,0.6840
315,0.000093,0.174992,744.92,886.22,1687.50,0.469639,0.152941,0.139019,0.722263,0.362502,-0.206204,-0.570846,-0.446732,140.62,0.052584,8.7807,0.7190
320,0.000083,0.167193,1022.81,1054.56,2531.25,0.619251,0.172549,-0.222588,0.282545,0.460397,-0.087170,-0.496573,0.063389,140.62,0.033322,7.4436,0.5613
325,0.000077,0.165147,954.57,1054.08,2625.00,0.522603,0.243137,-0.244635,0.553166,0.605760,-0.383003,-0.550427,0.019139,375.00,0.030909,6.8102,0.6035
331,0.000094,0.131000,1017.57,1061.10,2671.88,0.533455,0.160784,-0.334325,0.442080,0.586679,-0.475612,-0.387443,0.168621,375.00,0.032771,7.8633,0.5407
336,0.000078,0.230564,1090.16,1035.94,2625.00,0.578017,0.223529,-0.952428,-0.064943,0.916606,0.099554,-0.405683,0.406895,375.00,0.043683,11.1560,0.3754
341,0.000137,0.224702,984.49,1016.45,2578.12,0.537315,0.145098,-0.559530,0.066931,0.932475,-0.170653,-0.486634,0.217412,375.00,0.048945,11.5229,0.4721
347,0.000087,0.357454,789.33,888.17,1921.88,0.456469,0.145098,-0.415799,0.601216,0.861195,-0.274626,-0.514672,-0.257313,328.12,0.050786,9.3075,0.6174
352,0.000096,0.185169,837.60,901.82,1875.00,0.506221,0.121569,-0.580528,0.609888,0.634683,-0.045801,-0.314894,-0.303348,187.50,0.048262,8.7769,0.5803
357,0.000090,0.163569,919.30,939.93,2203.12,0.537807,0.172549,-0.906182,0.386409,0.781477,0.048904,-0.300320,-0.010288,375.00,0.036405,8.2628,0.4739
363,0.000086,0.291854,1031.71,995.90,2484.38,0.630321,0.137255,-1.013814,0.213698,0.714511,0.256398,-0.245491,0.074696,375.00,0.030675,5.7740,0.4220
368,0.000096,0.157031,1083.74,1076.72,2765.62,0.571477,0.121569,-1.282925,0.297384,0.984684,0.229479,-0.575287,0.346664,281.25,0.035388,7.5545,0.4065
373,0.000098,0.166719,911.65,977.47,2250.00,0.483098,0.133333,-1.008586,0.400849,1.054619,0.019478,-0.573990,0.107630,234.38,0.036015,8.7945,0.4823
379,0.000098,0.272551,857.83,955.43,2156.25,0.479305,0.137255,-0.572817,0.539170,0.897602,-0.291559,-0.437060,-0.135335,328.12,0.046528,10.5497,0.5669
384,0.000108,0.177205,933.11,1003.99,2343.75,0.530834,0.141176,-0.871935,0.533598,0.933411,-0.289112,-0.337991,0.032031,328.12,0.050455,10.6122,0.4960
389,0.000112,0.198398,973.17,1014.68,2484.38,0.531340,0.152941,-0.918000,0.419801,1.043580,-0.302052,-0.454309,0.210981,328.12,0.049400,10.4640,0.4682
395,0.000098,0.242262,946.68,998.68,2484.38,0.517136,0.149020,-1.215324,0.809555,1.002874,-0.345878,-0.480727,0.229500,281.25,0.052936,10.7790,0.4807
400,0.000108,0.269200,961.67,980.04,2343.75,0.538500,0.133333,-1.436883,0.370780,1.075247,0.120852,-0.291115,0.161120,234.38,0.046285,9.4902,0.3851

----- END /raw_E0_r01_375639.csv -----
----- BEGIN /raw_E0_r02_381356.csv (17467 bytes) -----
ms_from_event,rms,flux,centroid_hz,spread_hz,rolloff85_hz,flatness,zcr,band0,band1,band2,band3,band4,band5,peak_hz,peak_mag,peak_ratio,low_dom
-208,0.000081,0.272554,998.50,991.98,2343.75,0.554722,0.192157,-0.919791,0.050318,0.976673,0.032920,-0.336685,0.196564,375.00,0.044350,10.6825,0.4098
-203,0.000087,0.125947,1050.77,1001.85,2390.62,0.574299,0.129412,-1.304222,-0.234170,1.171997,0.096338,-0.179368,0.449425,375.00,0.046906,12.5954,0.2882
-197,0.000087,0.156906,1069.18,1003.95,2484.38,0.567533,0.145098,-1.217920,-0.130567,1.131911,-0.099558,-0.082733,0.398868,375.00,0.048550,13.3409,0.3032
-192,0.000099,0.215067,1077.32,1021.64,2484.38,0.570967,0.121569,-0.935947,-0.133984,0.990916,-0.222569,-0.108062,0.409648,375.00,0.050093,12.3076,0.3350
-187,0.000081,0.228686,996.84,974.25,2296.88,0.570609,0.203922,-1.183324,0.118429,1.011450,-0.063566,-0.076872,0.193883,375.00,0.048837,11.0145,0.3564
-181,0.000095,0.094161,1028.53,973.30,2390.62,0.572307,0.156863,-1.358267,-0.139552,1.130632,-0.045246,0.096113,0.316320,375.00,0.050136,13.4916,0.2779
-176,0.000088,0.149376,1099.42,988.22,2531.25,0.580135,0.141176,-2.030540,-0.530038,1.346530,0.326369,0.250941,0.636736,375.00,0.048632,13.7636,0.1513
-171,0.000085,0.180752,1105.37,1019.71,2531.25,0.560109,0.172549,-1.966528,-0.396835,1.378220,0.231351,0.133863,0.619928,375.00,0.050607,13.6199,0.1739
-165,0.000101,0.178939,1043.38,1000.90,2484.38,0.549605,0.145098,-1.439959,-0.251328,1.328168,-0.096462,-0.022728,0.482308,375.00,0.053584,15.5229,0.2544
-160,0.000093,0.187404,960.59,966.53,2296.88,0.487752,0.145098,-1.675950,0.250887,1.330519,-0.129658,-0.093718,0.317918,375.00,0.048785,13.8011,0.3048
-155,0.000083,0.164724,930.33,966.82,2203.12,0.440636,0.172549,-1.879248,0.276838,1.403827,0.084749,-0.215504,0.329338,328.12,0.051180,14.1910,0.2977
-149,0.000084,0.189510,1062.48,1031.98,2531.25,0.524828,0.211765,-1.503919,-0.160905,1.337128,-0.124357,-0.137517,0.589570,375.00,0.050267,14.4788,0.2576
-144,0.000083,0.178818,1148.40,1062.63,2625.00,0.575781,0.227451,-1.229119,-0.297772,1.167666,-0.037863,-0.232845,0.629934,375.00,0.048066,13.6697,0.2765
-139,0.000075,0.177571,1080.04,1033.61,2531.25,0.543352,0.227451,-1.655277,0.076379,1.197534,-0.013658,-0.108159,0.503181,375.00,0.044936,12.8202,0.2715
-133,0.000088,0.231008,1038.32,1011.36,2343.75,0.571727,0.211765,-1.103112,0.197121,1.018503,-0.072690,-0.432338,0.392517,375.00,0.040714,11.3216,0.3934
-128,0.000086,0.174911,1021.38,1002.92,2437.50,0.556788,0.168627,-1.060879,0.081310,1.117574,-0.274029,-0.203154,0.339180,375.00,0.042042,11.9372,0.3641
-123,0.000075,0.180391,1160.81,1056.52,2625.00,0.614992,0.215686,-1.269939,-0.103119,1.072807,-0.265598,-0.053254,0.619102,328.12,0.047588,13.1343,0.2750
-117,0.000089,0.105631,1173.32,1056.31,2578.12,0.608064,0.156863,-1.314582,-0.248389,1.064545,-0.100401,-0.003100,0.601927,328.12,0.044206,13.4883,0.2533
-112,0.000093,0.185935,1041.50,1015.99,2484.38,0.529356,0.149020,-1.143605,-0.255752,1.244046,-0.260543,0.080551,0.335305,375.00,0.044215,13.8077,0.2875
-107,0.000080,0.177804,974.11,997.53,2343.75,0.478775,0.239216,-0.801829,-0.003923,1.176187,-0.482431,-0.099699,0.211696,375.00,0.048825,14.2111,0.3873
-101,0.000078,0.228340,1002.78,1018.15,2484.38,0.528034,0.203922,-1.200541,0.240792,1.140593,-0.222453,-0.211262,0.252872,375.00,0.043822,11.5423,0.3774
-96,0.000103,0.199224,1264.93,1093.54,2671.88,0.582219,0.121569,-1.765644,-0.063777,1.209561,-0.117768,-0.183776,0.921404,375.00,0.044454,13.2915,0.2170
-91,0.000084,0.198529,1088.71,1036.97,2531.25,0.480932,0.172549,-1.580937,-0.095584,1.413169,-0.158803,-0.284290,0.706446,375.00,0.050225,14.4298,0.2594
-85,0.000086,0.216124,1003.49,1012.65,2484.38,0.523817,0.192157,-0.981576,-0.018561,1.180813,-0.162948,-0.399594,0.381865,375.00,0.050751,13.5800,0.3796
-80,0.000085,0.200414,1052.24,1023.12,2578.12,0.568679,0.109804,-0.899744,-0.220705,0.998919,0.045600,-0.203619,0.279549,375.00,0.049587,12.5300,0.3548
-75,0.000083,0.166074,1120.18,1021.70,2578.12,0.632796,0.196078,-1.372044,-0.096924,1.077816,-0.131835,0.083247,0.439740,375.00,0.049508,12.7924,0.2697
-69,0.000089,0.138035,1100.59,1030.73,2625.00,0.593242,0.117647,-1.315412,-0.470275,1.212913,-0.041751,0.177695,0.436829,375.00,0.050280,14.3629,0.2315
-64,0.000092,0.175816,1023.81,994.13,2437.50,0.551667,0.160784,-0.893525,-0.313122,1.087920,-0.034465,-0.069286,0.222477,375.00,0.051261,14.0285,0.3363
-59,0.000087,0.131087,1026.75,991.09,2437.50,0.521580,0.168627,-0.814091,-0.515976,1.240639,-0.169173,-0.157657,0.416258,375.00,0.054809,16.2417,0.3112
-53,0.000092,0.164754,1075.18,1015.03,2531.25,0.530204,0.172549,-1.007543,-0.559280,1.270215,-0.138031,-0.101828,0.536468,375.00,0.054592,16.2818,0.2688
-48,0.000088,0.196089,1024.69,1010.68,2531.25,0.528430,0.117647,-1.146144,-0.096263,1.231996,-0.134495,-0.278420,0.423325,375.00,0.052129,14.1914,0.3332
-43,0.000090,0.164881,1003.43,953.08,2250.00,0.563898,0.160784,-1.869635,-0.092236,1.278621,0.203625,0.146155,0.333470,375.00,0.049011,13.3082,0.2278
-37,0.000109,0.229815,999.70,983.79,2343.75,0.552177,0.109804,-1.703906,0.275090,1.157597,0.089660,-0.153128,0.334687,328.12,0.049498,12.4311,0.3089
-32,0.000185,0.238925,946.76,1003.32,2437.50,0.515306,0.086275,-0.379810,0.223728,0.853566,-0.248331,-0.531189,0.082036,328.12,0.047536,10.7928,0.5366
-27,0.000362,0.459283,644.22,864.65,1640.62,0.378423,0.039216,0.600755,0.937893,0.386139,-0.578784,-0.910343,-0.435659,140.62,0.084872,13.0487,0.8088
-21,0.000652,0.432146,544.90,854.66,1359.38,0.312263,0.019608,1.270120,1.322361,-0.505084,-0.838805,-0.888649,-0.359942,140.62,0.189451,20.0574,0.8722
-16,0.000493,0.355600,404.22,709.43,468.75,0.216360,0.015686,1.516062,1.645789,-0.337057,-1.102443,-1.059904,-0.662446,140.62,0.320488,23.2497,0.9200
-11,0.000516,0.196803,374.88,663.47,421.88,0.186655,0.015686,1.475082,1.694599,-0.200253,-0.933107,-1.256997,-0.779324,140.62,0.388380,24.0326,0.9311
-5,0.000503,0.137055,445.57,731.51,609.38,0.239681,0.007843,1.078048,1.557367,-0.173817,-0.703628,-1.047840,-0.710130,140.62,0.326717,23.7628,0.9000
0,0.000542,0.153431,455.58,736.08,609.38,0.229121,0.047059,0.874439,1.603041,0.065761,-0.795661,-1.035005,-0.712574,187.50,0.325151,22.9203,0.8921
5,0.000360,0.349517,659.96,806.53,1500.00,0.442022,0.066667,0.249731,0.955000,0.062217,-0.213977,-0.400718,-0.652254,187.50,0.298370,15.4579,0.7556
11,0.000444,0.416513,843.05,866.95,1875.00,0.583119,0.031373,-0.270702,0.470579,0.303637,0.030532,-0.114739,-0.419307,187.50,0.202694,7.3140,0.5907
16,0.000620,0.069591,781.50,863.34,1734.38,0.493299,0.011765,0.090384,0.461617,0.277208,-0.069487,-0.229553,-0.530169,234.38,0.168597,6.9280,0.6583
21,0.000364,0.303392,557.61,767.37,1218.75,0.324051,0.027451,0.826078,1.014008,-0.170501,-0.214617,-0.635844,-0.819125,140.62,0.266265,12.5237,0.8386
27,0.000447,0.265111,676.64,821.29,1500.00,0.471114,0.019608,0.232877,0.778229,0.265569,-0.123100,-0.479136,-0.674438,187.50,0.232642,9.8264,0.7469
32,0.000506,0.080394,563.91,752.65,1125.00,0.364058,0.039216,0.771550,0.945970,-0.028505,-0.084622,-0.693505,-0.910888,140.62,0.236863,14.0449,0.8404
37,0.000497,0.194817,561.12,800.12,1265.62,0.370440,0.011765,0.878347,1.077441,-0.006050,-0.475998,-0.760898,-0.712843,93.75,0.280640,14.7252,0.8475
43,0.000309,0.354668,764.23,898.80,1828.12,0.537552,0.031373,0.120522,0.661880,0.284947,-0.184873,-0.457133,-0.425342,93.75,0.254802,10.2777,0.6969
48,0.000447,0.130760,613.75,808.69,1359.38,0.395797,0.031373,0.599893,0.911443,-0.045606,-0.168538,-0.606316,-0.690877,140.62,0.215798,11.3576,0.8029
53,0.000139,0.088452,622.95,813.70,1312.50,0.377948,0.086275,0.476291,0.963170,0.023226,-0.169168,-0.566635,-0.726883,140.62,0.198725,13.7341,0.7968
59,0.000144,0.207329,727.40,895.12,1734.38,0.490052,0.094118,0.372539,0.856253,0.096820,-0.433862,-0.387064,-0.504686,140.62,0.172341,11.1132,0.7427
64,0.000249,0.018436,848.91,957.08,1968.75,0.530414,0.062745,0.321937,0.561388,-0.051309,-0.304749,-0.207055,-0.320212,140.62,0.094347,11.3863,0.6694
69,0.000180,0.282815,687.77,840.26,1500.00,0.434276,0.113725,0.355310,0.788776,0.247321,-0.145904,-0.563761,-0.681741,93.75,0.095799,10.4885,0.7676
75,0.000118,0.169511,664.42,801.74,1406.25,0.420558,0.133333,0.426557,0.804615,0.130517,-0.064535,-0.597350,-0.699804,140.62,0.112227,11.2237,0.7797
80,0.000252,0.230806,808.61,850.40,1781.25,0.511128,0.070588,0.001430,0.444147,0.375201,0.051080,-0.238949,-0.632910,140.62,0.076313,8.3330,0.6590
85,0.000179,0.239409,767.46,874.56,1734.38,0.482341,0.078431,0.130767,0.665633,0.295720,-0.123038,-0.386297,-0.582783,93.75,0.075741,7.7114,0.7074
91,0.000144,0.277544,850.89,908.23,1968.75,0.584847,0.070588,-0.259287,0.489901,0.442068,0.010727,-0.320117,-0.363291,234.38,0.090243,7.2173,0.6123
96,0.000144,0.038268,852.95,897.29,1875.00,0.511215,0.149020,-0.276791,0.469797,0.520067,-0.058148,-0.236049,-0.418876,281.25,0.083322,9.4713,0.6044
101,0.000140,0.180759,774.83,867.76,1734.38,0.449128,0.086275,-0.491436,0.839434,0.647480,-0.214066,-0.378605,-0.402808,234.38,0.082436,12.4612,0.6375
107,0.000152,0.145787,801.01,885.22,1921.88,0.460386,0.113725,-0.512426,0.814662,0.661421,-0.172242,-0.468435,-0.322980,234.38,0.085986,13.9254,0.6334
112,0.000134,0.131473,766.82,883.41,1828.12,0.446126,0.141176,-0.368767,0.821649,0.728571,-0.221703,-0.583103,-0.376648,234.38,0.080884,13.4529,0.6696
117,0.000188,0.264193,752.08,862.62,1687.50,0.473290,0.039216,-0.217493,0.716701,0.509655,0.011426,-0.471861,-0.548427,234.38,0.068018,9.6306,0.6813
123,0.000227,0.301591,759.44,853.72,1734.38,0.483599,0.050980,0.025012,0.729948,0.208138,-0.035653,-0.322050,-0.605396,187.50,0.081703,9.6576,0.6987
128,0.000204,0.211270,721.28,886.03,1828.12,0.411471,0.070588,-0.274313,1.017847,0.648712,-0.345600,-0.640036,-0.406609,234.38,0.104283,12.9930,0.7099
133,0.000183,0.298911,635.97,823.58,1312.50,0.380529,0.082353,0.307593,0.894647,0.635225,-0.378162,-0.774779,-0.684523,234.38,0.101623,11.2835,0.7910
139,0.000224,0.189506,601.73,821.40,1265.62,0.358563,0.074510,0.467604,1.066827,0.411862,-0.373969,-0.897308,-0.675015,140.62,0.099641,11.4520,0.8254
144,0.000191,0.147712,641.65,842.14,1406.25,0.385395,0.047059,0.227705,1.028020,0.682243,-0.490808,-0.835282,-0.611877,140.62,0.100335,12.3287,0.7944
149,0.000198,0.220273,619.58,801.88,1359.38,0.368954,0.062745,-0.054538,1.187358,0.685400,-0.594879,-0.566056,-0.657286,234.38,0.115009,14.1519,0.7646
155,0.000263,0.170176,651.75,838.73,1500.00,0.417503,0.062745,0.241462,1.008738,0.548650,-0.444235,-0.745628,-0.608987,234.38,0.088878,11.6745,0.7862
160,0.000156,0.318514,583.98,808.16,1265.62,0.333857,0.082353,0.650055,1.129716,0.150395,-0.520036,-0.747565,-0.662565,140.62,0.124641,13.7064,0.8313
165,0.000203,0.202487,624.88,803.37,1359.38,0.375283,0.047059,0.290960,1.112551,0.404266,-0.355581,-0.838882,-0.613313,140.62,0.109831,12.0089,0.8066
171,0.000304,0.134855,682.56,840.97,1453.12,0.391075,0.035294,-0.043734,0.946295,0.681823,-0.280205,-0.764673,-0.539505,234.38,0.092470,12.3064,0.7509
176,0.000159,0.370319,565.68,776.17,1078.12,0.331142,0.098039,0.251711,1.160081,0.584708,-0.356588,-0.873425,-0.766487,234.38,0.139256,13.2859,0.8214
181,0.000104,0.236300,725.41,839.91,1593.75,0.469481,0.176471,-0.194357,0.817552,0.545333,-0.183826,-0.424658,-0.560045,234.38,0.110538,9.6502,0.6908
187,0.000107,0.074617,885.46,882.43,1921.88,0.561120,0.133333,-0.379358,0.340433,0.504285,0.102560,-0.207124,-0.360796,234.38,0.052878,6.7471,0.5657
192,0.000097,0.092695,976.92,982.06,2390.62,0.606482,0.121569,-0.542775,0.571394,0.393591,-0.110514,-0.240290,-0.071405,234.38,0.053906,10.2309,0.5424
197,0.000075,0.165916,964.00,990.37,2390.62,0.573445,0.254902,-0.725821,0.606854,0.662674,-0.246837,-0.305576,0.008706,234.38,0.051202,10.1375,0.5222
203,0.000103,0.133537,1028.34,1028.43,2531.25,0.605279,0.192157,-0.852631,0.433815,0.612033,-0.038156,-0.309538,0.154476,234.38,0.042334,9.6790,0.4671
208,0.000107,0.215865,984.05,1030.02,2437.50,0.581192,0.133333,-0.739876,0.718210,0.559404,-0.242589,-0.321902,0.026753,234.38,0.049803,10.6445,0.5341
213,0.000097,0.168801,1025.50,1031.88,2484.38,0.608691,0.121569,-0.593568,0.706558,0.483049,-0.404697,-0.258625,0.067284,234.38,0.058054,12.7298,0.5380
219,0.000132,0.258782,956.98,983.77,2296.88,0.558324,0.058824,-0.812900,0.566822,0.678409,-0.141881,-0.279907,-0.010545,281.25,0.051115,9.6525,0.5055
224,0.000077,0.294588,902.66,953.46,2156.25,0.548810,0.305882,-0.418162,0.385343,0.574983,0.004989,-0.360637,-0.186514,281.25,0.049799,7.9591,0.5639
229,0.000122,0.153633,955.29,996.75,2250.00,0.549011,0.105882,-0.675033,0.562645,0.675074,-0.138487,-0.464308,0.040109,234.38,0.043980,8.1574,0.5389
235,0.000148,0.106155,1002.32,997.18,2343.75,0.591385,0.070588,-1.124161,0.587274,0.840978,-0.123537,-0.307590,0.127035,234.38,0.051975,10.8134,0.4556
240,0.000077,0.308532,846.96,954.27,2062.50,0.475758,0.305882,-0.858412,0.913217,0.772005,-0.251503,-0.423159,-0.152149,234.38,0.074544,12.8465,0.5781
245,0.000115,0.238572,881.77,903.21,2015.62,0.543885,0.160784,-0.713174,0.550615,0.643258,0.029602,-0.266229,-0.244072,234.38,0.061841,9.6687,0.5434
251,0.000103,0.168153,911.03,948.42,2250.00,0.539429,0.192157,-0.549300,0.411892,0.720729,-0.012699,-0.444227,-0.126395,234.38,0.040601,7.8119,0.5539
256,0.000108,0.301350,913.54,983.67,2203.12,0.534626,0.133333,-0.227824,0.479327,0.407623,-0.118290,-0.394459,-0.146376,234.38,0.038293,6.6825,0.5978
261,0.000134,0.248103,1040.29,971.19,2296.88,0.673394,0.062745,-0.537750,0.325931,0.259964,0.104681,-0.128255,-0.024572,234.38,0.044109,6.3636,0.4926
267,0.000162,0.173735,885.68,983.35,2296.88,0.553138,0.062745,-0.204029,0.715868,0.345715,-0.248158,-0.473730,-0.135665,234.38,0.060616,10.2168,0.6366
272,0.000114,0.231478,839.89,1004.91,2437.50,0.453538,0.090196,-0.329333,0.923985,0.540711,-0.312677,-0.705799,-0.116887,234.38,0.076075,12.9703,0.6701
277,0.000175,0.206144,888.08,981.84,2203.12,0.534492,0.094118,-0.315603,0.752820,0.267712,-0.059649,-0.477592,-0.167689,234.38,0.077219,11.4986,0.6321
283,0.000138,0.241342,775.79,950.06,2062.50,0.433580,0.074510,0.132672,0.833708,0.285550,-0.336972,-0.647406,-0.267551,187.50,0.073099,10.7520,0.7192
288,0.000114,0.286007,781.52,891.93,1687.50,0.472815,0.078431,-0.214887,0.644326,0.632627,-0.155591,-0.480130,-0.426345,234.38,0.067806,8.1663,0.6610
293,0.000126,0.048485,832.07,937.74,2109.38,0.471660,0.082353,-0.340968,0.665582,0.780118,-0.272803,-0.581096,-0.250835,281.25,0.067555,12.2626,0.6407
299,0.000137,0.164054,811.43,933.57,1921.88,0.477740,0.082353,-0.263655,0.732838,0.840578,-0.499635,-0.448138,-0.361987,281.25,0.059217,11.4739,0.6547
304,0.000114,0.255910,735.55,902.28,1734.38,0.437660,0.078431,-0.151117,0.994403,0.684938,-0.518975,-0.640740,-0.368508,234.38,0.072127,12.3985,0.7163
309,0.000137,0.120369,758.03,908.33,1921.88,0.445037,0.047059,-0.108615,0.854946,0.685827,-0.378588,-0.685656,-0.367913,234.38,0.070635,13.1957,0.7109
315,0.000085,0.224593,828.89,930.87,2015.62,0.495672,0.137255,-0.623374,0.759488,0.597280,-0.077189,-0.414127,-0.242077,234.38,0.070600,12.4976,0.5978
320,0.000096,0.173285,921.73,1027.59,2390.62,0.504027,0.141176,-0.904198,0.853519,0.807709,-0.338145,-0.438544,0.019658,234.38,0.059104,11.5872,0.5459
325,0.000125,0.277715,919.69,1005.91,2390.62,0.502299,0.149020,-0.407799,0.326502,0.980858,-0.479265,-0.475426,0.055130,328.12,0.046993,11.1654,0.5423
331,0.000092,0.283886,669.65,866.03,1453.12,0.324757,0.145098,-0.047676,0.916182,1.046947,-0.801793,-0.694784,-0.418877,328.12,0.052460,10.4853,0.7293
336,0.000122,0.177716,837.09,951.84,2062.50,0.499357,0.105882,-0.229672,0.627121,0.629810,-0.333821,-0.449826,-0.243613,328.12,0.044234,10.2379,0.6331
341,0.000079,0.261655,811.29,893.30,1921.88,0.506611,0.250980,-0.197025,0.533219,0.522226,-0.105826,-0.436116,-0.316477,328.12,0.045374,8.5412,0.6328
347,0.000085,0.173395,872.27,943.56,2250.00,0.495026,0.184314,-0.802542,0.696999,0.772895,-0.097803,-0.523293,-0.046255,234.38,0.045122,9.3221,0.5577
352,0.000138,0.164453,988.81,1005.06,2390.62,0.527225,0.090196,-1.011091,0.564476,0.862597,-0.347258,-0.314305,0.245580,234.38,0.034114,8.5287,0.4529
357,0.000079,0.284477,901.47,960.85,2250.00,0.524275,0.266667,-0.709116,0.440480,0.916478,-0.351557,-0.302303,0.006018,328.12,0.047111,9.2081,0.5035
363,0.000138,0.258418,926.94,963.99,2296.88,0.559959,0.090196,-0.546199,0.433465,0.710129,-0.234698,-0.308820,-0.053877,375.00,0.042218,6.9785,0.5312
368,0.000095,0.156835,879.49,935.10,2203.12,0.522247,0.129412,-0.860905,0.728573,0.886028,-0.373343,-0.380286,-0.000068,281.25,0.052098,9.9108,0.5310
373,0.000126,0.242103,860.82,926.34,2062.50,0.513462,0.149020,-0.911561,0.762309,0.798352,-0.169546,-0.308970,-0.170584,281.25,0.057398,9.9550,0.5412
379,0.000097,0.272326,956.61,924.40,2062.50,0.604164,0.125490,-0.907955,0.371872,0.547106,0.088471,0.043654,-0.143147,187.50,0.047967,7.1309,0.4456
384,0.000081,0.141147,967.48,1001.19,2390.62,0.578381,0.164706,-0.976107,0.753417,0.669684,-0.295881,-0.169956,0.018842,234.38,0.056332,10.7204,0.4911
389,0.000133,0.174995,1022.21,1062.32,2578.12,0.552889,0.098039,-0.782768,0.586116,0.869226,-0.488429,-0.394662,0.210514,234.38,0.036943,8.4019,0.4984
395,0.000095,0.227413,875.24,940.80,2250.00,0.489715,0.156863,-0.835585,0.524737,0.964407,-0.302693,-0.304456,-0.046411,328.12,0.056508,11.5226,0.5050
400,0.000100,0.241503,912.76,952.62,2203.12,0.525229,0.152941,-0.676847,0.510955,0.825151,-0.188323,-0.365297,-0.105639,281.25,0.062707,11.8702,0.5381

----- END /raw_E0_r02_381356.csv -----
=== KEY_DUMP_END key=E0 ===
NEXT: F0
PRESS F0  rep 1/2  then hit Enter

> 
> REC OK: /raw_F0_r01_391980.csv
PRESS F0  rep 2/2  then hit Enter

> 
> REC OK: /raw_F0_r02_396930.csv
=== KEY_DUMP_BEGIN key=F0 files=2 ===
----- BEGIN /raw_F0_r01_391980.csv (17434 bytes) -----
ms_from_event,rms,flux,centroid_hz,spread_hz,rolloff85_hz,flatness,zcr,band0,band1,band2,band3,band4,band5,peak_hz,peak_mag,peak_ratio,low_dom
-208,0.000096,0.217380,998.91,1005.41,2343.75,0.541097,0.152941,-0.865665,0.249809,1.073809,-0.447023,-0.263321,0.252390,375.00,0.045888,10.6993,0.4250
-203,0.000084,0.149571,1019.79,1005.26,2390.62,0.551212,0.125490,-1.081575,0.086999,1.035124,-0.220192,-0.120996,0.300640,328.12,0.051474,12.4491,0.3573
-197,0.000096,0.161934,963.84,957.72,2296.88,0.522045,0.180392,-1.063812,0.158970,1.231988,-0.491840,-0.145712,0.310407,375.00,0.053078,14.5145,0.3694
-192,0.000093,0.151614,975.12,957.70,2250.00,0.512946,0.156863,-0.887225,0.093508,1.168500,-0.482997,-0.186715,0.294930,375.00,0.054032,14.1808,0.3891
-187,0.000093,0.137541,995.96,980.82,2343.75,0.566409,0.149020,-0.893912,0.060963,1.012988,-0.187455,-0.197452,0.204868,375.00,0.054075,13.8313,0.3965
-181,0.000088,0.155079,1002.97,976.91,2296.88,0.518625,0.133333,-1.355334,-0.022799,1.224136,-0.216627,0.152962,0.217661,375.00,0.056114,14.5500,0.2943
-176,0.000095,0.121496,1094.92,980.09,2343.75,0.521981,0.098039,-1.710007,-0.596562,1.450014,-0.273377,0.519562,0.610370,375.00,0.057289,16.7906,0.1521
-171,0.000088,0.235176,1036.52,956.16,2343.75,0.550278,0.133333,-1.814172,-0.310434,1.342520,0.036303,0.318529,0.427250,375.00,0.050180,14.3877,0.1923
-165,0.000104,0.174041,905.51,926.00,2109.38,0.509191,0.149020,-0.737989,-0.148500,1.102074,-0.089660,-0.098833,-0.027090,375.00,0.050677,13.8164,0.4061
-160,0.000087,0.243202,941.19,945.25,2250.00,0.545123,0.180392,-0.439388,-0.093108,0.961151,-0.276169,-0.184307,0.031821,375.00,0.055223,13.7007,0.4526
-155,0.000084,0.217703,999.96,1009.27,2296.88,0.545031,0.196078,-0.765393,0.070206,0.981493,-0.212567,-0.256437,0.182699,375.00,0.050691,12.0233,0.4229
-149,0.000093,0.093186,1111.42,1062.24,2625.00,0.541229,0.160784,-1.547887,-0.180995,1.268801,-0.188533,0.066005,0.582610,375.00,0.049556,14.2340,0.2335
-144,0.000088,0.143992,1140.25,1070.85,2765.62,0.553195,0.133333,-1.895761,-0.321888,1.444407,-0.197665,0.212952,0.757956,375.00,0.048605,14.5471,0.1688
-139,0.000081,0.153434,1169.97,1072.61,2765.62,0.589341,0.164706,-1.572423,-0.221810,1.233942,-0.302902,0.216730,0.646464,375.00,0.048544,13.7739,0.2094
-133,0.000055,0.190846,1161.22,1048.87,2578.12,0.590427,0.403922,-1.517510,-0.342844,1.224385,-0.162281,0.165724,0.632525,375.00,0.047447,12.4323,0.2093
-128,0.000081,0.162223,1335.06,1071.93,2671.88,0.646667,0.172549,-1.327754,-0.423041,0.976622,-0.115656,0.021453,0.868376,421.88,0.027485,7.9825,0.2108
-123,0.000091,0.133473,1220.90,1066.22,2718.75,0.631939,0.188235,-1.446043,-0.215361,1.054865,0.055024,-0.137805,0.689321,421.88,0.028806,8.6947,0.2485
-117,0.000091,0.245025,1086.91,993.33,2437.50,0.562724,0.149020,-1.178976,-0.622246,1.195462,0.038988,0.132088,0.434684,375.00,0.048910,13.8141,0.2343
-112,0.000084,0.203677,1122.84,1027.41,2578.12,0.569125,0.180392,-1.173236,-0.521497,1.099314,-0.044003,0.220231,0.419188,375.00,0.053000,13.7094,0.2374
-107,0.000100,0.212617,1213.79,1069.37,2671.88,0.632578,0.121569,-1.238797,-0.255557,1.065490,-0.433505,0.221620,0.640748,375.00,0.047602,12.3463,0.2353
-101,0.000092,0.215687,1052.49,1032.33,2531.25,0.559875,0.172549,-0.831427,0.187712,0.960414,-0.373030,-0.277591,0.333922,328.12,0.055079,13.9420,0.4134
-96,0.000086,0.187099,955.83,969.88,2296.88,0.533213,0.196078,-1.107483,0.430606,1.078254,-0.239813,-0.329203,0.167641,328.12,0.056820,14.0014,0.4359
-91,0.000094,0.227437,1030.03,992.79,2437.50,0.539286,0.164706,-1.727249,-0.058191,1.355712,-0.225474,0.255065,0.400136,375.00,0.047114,13.0619,0.2279
-85,0.000093,0.212054,1038.18,1002.49,2390.62,0.570739,0.180392,-0.943437,-0.220912,1.099021,-0.292339,0.070750,0.286916,375.00,0.055326,14.6013,0.3184
-80,0.000074,0.147366,1112.80,1012.79,2578.12,0.618583,0.192157,-1.124145,-0.258415,1.062480,-0.277777,0.151302,0.446553,375.00,0.054848,13.8945,0.2709
-75,0.000088,0.096048,1138.69,1047.00,2578.12,0.597715,0.188235,-1.104584,-0.250311,1.095317,-0.335159,0.074698,0.520040,375.00,0.050486,14.4124,0.2739
-69,0.000094,0.138892,1044.67,1028.75,2578.12,0.527369,0.129412,-0.934853,-0.085089,1.166539,-0.369881,-0.144420,0.367704,375.00,0.048462,15.0317,0.3494
-64,0.000084,0.177203,1036.12,1004.70,2437.50,0.536707,0.172549,-0.979504,-0.039410,1.203464,-0.596478,-0.026706,0.438635,375.00,0.048797,13.9636,0.3284
-59,0.000081,0.156991,1052.09,1003.89,2437.50,0.503963,0.192157,-0.964239,0.006083,1.135324,-0.458938,-0.132048,0.413818,375.00,0.046954,13.2213,0.3498
-53,0.000079,0.233035,1117.81,1039.88,2625.00,0.560212,0.192157,-0.925231,-0.358762,1.090209,-0.262099,0.014236,0.441646,375.00,0.046696,13.1836,0.2953
-48,0.000098,0.248036,1073.18,988.97,2343.75,0.553971,0.156863,-1.040812,-0.007539,0.971733,-0.100940,-0.033314,0.210873,375.00,0.040598,11.2976,0.3514
-43,0.000081,0.304479,980.05,956.68,2250.00,0.524525,0.239216,-1.045584,0.228562,1.053434,-0.247518,-0.184582,0.195688,328.12,0.043368,10.9016,0.3979
-37,0.000077,0.159340,988.76,966.71,2390.62,0.541980,0.203922,-0.944454,0.056383,0.962456,-0.020545,-0.234676,0.180835,328.12,0.051434,14.0901,0.3972
-32,0.000095,0.194706,1073.62,992.51,2531.25,0.560880,0.145098,-1.179818,-0.416057,1.069793,0.194693,-0.130280,0.461670,328.12,0.037365,11.3506,0.2762
-27,0.000081,0.232211,1090.76,1016.16,2578.12,0.539000,0.164706,-1.300021,-0.532799,1.254403,0.056705,-0.019926,0.541638,375.00,0.048732,14.3149,0.2355
-21,0.000093,0.264687,1085.57,1042.82,2531.25,0.561545,0.113725,-1.305907,-0.164471,1.151795,0.041717,-0.182579,0.459445,328.12,0.048238,12.8736,0.2945
-16,0.000089,0.237713,966.30,1006.57,2343.75,0.522120,0.184314,-0.519344,0.320224,0.792193,-0.299817,-0.403424,0.110168,328.12,0.050693,12.9345,0.5118
-11,0.000127,0.284744,842.00,944.26,2109.38,0.490335,0.113725,-0.015792,0.678084,0.512357,-0.513538,-0.519626,-0.141485,140.62,0.035387,8.2237,0.6596
-5,0.000167,0.274331,881.71,1011.23,2296.88,0.511295,0.054902,0.338149,0.772247,0.197434,-0.588910,-0.627153,-0.091768,140.62,0.054585,12.7187,0.7140
0,0.000077,0.384874,645.54,871.19,1640.62,0.390086,0.278431,0.602668,1.007445,0.106299,-0.454043,-0.766998,-0.495373,140.62,0.083006,13.7262,0.8079
5,0.000164,0.203406,673.92,828.22,1453.12,0.409655,0.082353,0.293874,0.673823,0.428322,0.042365,-0.862252,-0.576133,140.62,0.068197,10.9729,0.7691
11,0.000110,0.364528,838.46,808.22,1640.62,0.502286,0.129412,-0.522194,0.343827,0.358029,0.553197,-0.295822,-0.437035,140.62,0.042436,5.4889,0.5689
16,0.000231,0.206732,815.20,759.68,1453.12,0.465807,0.054902,-0.636071,0.321340,0.498647,0.520581,-0.087097,-0.617399,328.12,0.046601,5.5853,0.5486
21,0.000142,0.271352,779.35,753.03,1406.25,0.405009,0.141176,-0.197892,0.475412,0.234202,0.350944,-0.053663,-0.809003,328.12,0.053556,5.3535,0.6388
27,0.000119,0.215100,809.99,802.15,1453.12,0.459691,0.133333,-0.284977,0.577265,0.201554,0.214870,-0.062650,-0.646061,234.38,0.078314,7.7149,0.6226
32,0.000267,0.127090,921.93,819.12,1781.25,0.555588,0.031373,-0.442779,0.292953,-0.024925,0.359772,0.232807,-0.417827,281.25,0.058844,6.6593,0.5044
37,0.000124,0.323871,694.86,744.85,1359.38,0.403652,0.137255,0.041179,0.801680,0.155703,0.021222,-0.120006,-0.899778,187.50,0.093163,8.8769,0.7173
43,0.000082,0.129137,718.53,794.35,1406.25,0.405397,0.192157,0.266823,0.819818,-0.109342,0.042842,-0.267800,-0.752341,140.62,0.101651,10.6719,0.7414
48,0.000123,0.075507,970.77,921.80,2062.50,0.578647,0.109804,0.044558,0.411216,-0.564222,0.253165,0.098835,-0.243552,140.62,0.051754,8.1360,0.5745
53,0.000265,0.344129,1007.39,857.88,1828.12,0.619345,0.031373,-0.649133,0.066466,0.100182,0.568770,0.250161,-0.336447,234.38,0.038075,5.0734,0.4383
59,0.000122,0.394486,696.24,738.27,1359.38,0.407613,0.047059,0.001728,0.791201,0.198722,0.084925,-0.145548,-0.931027,187.50,0.085649,8.1747,0.7180
64,0.000215,0.159692,748.32,821.93,1546.88,0.479514,0.019608,0.209379,0.756413,-0.086798,-0.115319,-0.121357,-0.642318,140.62,0.090381,8.8813,0.7036
69,0.000086,0.192574,828.84,877.17,1828.12,0.562568,0.313726,0.046871,0.465479,0.080962,-0.011235,-0.105793,-0.476285,93.75,0.089692,8.6068,0.6335
75,0.000126,0.092336,796.39,892.35,1734.38,0.488519,0.156863,0.227203,0.632520,-0.036423,-0.084808,-0.212214,-0.526279,140.62,0.073866,9.3818,0.6898
80,0.000121,0.110392,863.82,883.71,1734.38,0.529119,0.054902,-0.300334,0.602757,0.122360,0.130623,-0.136002,-0.419404,187.50,0.049613,7.9911,0.6056
85,0.000214,0.254416,874.61,897.97,1921.88,0.563188,0.027451,-0.109184,0.382335,0.049889,0.129408,-0.088371,-0.364077,234.38,0.050433,7.1681,0.5897
91,0.000101,0.345751,837.38,880.06,1828.12,0.573184,0.129412,0.043888,0.425130,0.125647,-0.005761,-0.121023,-0.467882,93.75,0.075844,7.3983,0.6292
96,0.000138,0.065615,768.19,846.28,1593.75,0.473070,0.113725,0.179458,0.596982,0.140245,-0.099122,-0.182886,-0.634677,93.75,0.064654,7.7688,0.6893
101,0.000093,0.149140,861.73,920.80,1828.12,0.486790,0.176471,-0.100147,0.372514,0.461552,-0.023102,-0.290358,-0.420461,328.12,0.054881,8.9110,0.6205
107,0.000100,0.202989,858.70,914.62,1781.25,0.504687,0.192157,-0.211038,0.362137,0.526818,-0.132699,-0.130365,-0.414853,328.12,0.057281,8.8381,0.5862
112,0.000135,0.106773,936.76,909.32,2109.38,0.584114,0.105882,-0.623150,0.148688,0.627194,0.127805,-0.098066,-0.182470,328.12,0.049507,9.5561,0.4758
117,0.000144,0.336624,905.12,934.22,2015.62,0.568178,0.086275,-0.567840,0.458772,0.633034,0.011404,-0.227798,-0.307572,281.25,0.062771,10.5623,0.5531
123,0.000115,0.247865,812.59,875.20,1546.88,0.450790,0.192157,-0.641606,0.593199,0.689577,0.161104,-0.256862,-0.545412,281.25,0.078681,11.5827,0.5931
128,0.000119,0.172826,811.57,871.00,1593.75,0.473379,0.117647,-0.502052,0.386158,0.755967,0.286719,-0.400562,-0.526231,281.25,0.063133,9.2626,0.6000
133,0.000122,0.161786,814.24,891.51,1921.88,0.465585,0.149020,-0.591393,0.427004,0.791307,0.368207,-0.719447,-0.275677,234.38,0.052824,8.6597,0.6024
139,0.000119,0.212447,811.53,899.48,1875.00,0.476829,0.152941,-0.539901,0.590851,0.830770,0.067450,-0.637814,-0.311356,281.25,0.064215,11.1290,0.6225
144,0.000141,0.187541,790.31,907.50,1828.12,0.457967,0.070588,-0.379858,0.765553,0.660554,0.021016,-0.683217,-0.384047,281.25,0.064438,10.7900,0.6740
149,0.000126,0.199515,818.08,936.90,2156.25,0.457791,0.121569,-0.182402,0.680714,0.650049,0.184867,-1.089356,-0.243870,281.25,0.066094,10.7336,0.7142
155,0.000118,0.155525,877.26,942.93,2109.38,0.498802,0.113725,-0.491451,0.602623,0.653417,0.106249,-0.679244,-0.191594,281.25,0.071195,11.5628,0.6203
160,0.000116,0.265044,894.94,921.23,2062.50,0.490413,0.168627,-0.313546,0.159399,0.587425,0.182486,-0.422857,-0.192904,328.12,0.055244,8.0660,0.5574
165,0.000128,0.091832,876.25,915.75,1968.75,0.496695,0.101961,-0.321441,0.164668,0.576222,0.255319,-0.414366,-0.260402,328.12,0.054124,9.5479,0.5644
171,0.000115,0.282424,880.94,931.49,2015.62,0.511220,0.113725,-0.932719,0.677817,0.798544,-0.032652,-0.313864,-0.197127,281.25,0.064435,11.0282,0.5320
176,0.000125,0.184668,872.67,909.53,2015.62,0.517363,0.109804,-0.473939,0.699833,0.554121,-0.097440,-0.377727,-0.304847,234.38,0.067147,12.0446,0.6116
181,0.000116,0.243936,719.00,854.29,1500.00,0.418001,0.176471,-0.103050,0.888304,0.559770,-0.123709,-0.666426,-0.554890,281.25,0.053539,9.1470,0.7317
187,0.000092,0.229963,859.98,910.89,1921.88,0.531361,0.180392,-0.347973,0.431365,0.509350,0.193662,-0.460410,-0.325994,328.12,0.046772,8.2808,0.6070
192,0.000083,0.152477,923.92,933.54,2062.50,0.545708,0.235294,-0.597170,0.370835,0.677395,-0.010119,-0.260406,-0.180535,328.12,0.053186,9.6959,0.5268
197,0.000088,0.113924,994.84,990.68,2296.88,0.604474,0.227451,-0.447942,0.161825,0.548188,0.110723,-0.358798,-0.013996,328.12,0.046219,9.7509,0.5108
203,0.000088,0.246614,1034.36,976.52,2343.75,0.642939,0.156863,-0.676204,-0.007782,0.586705,0.124327,-0.142853,0.115807,375.00,0.033171,6.9433,0.4186
208,0.000086,0.243077,1041.62,990.92,2390.62,0.632051,0.180392,-0.672973,-0.093527,0.507113,0.381468,-0.143575,0.021494,421.88,0.030000,5.5017,0.4201
213,0.000065,0.193629,981.08,975.97,2296.88,0.599024,0.219608,-0.612253,0.320877,0.531916,0.136349,-0.284437,-0.092452,281.25,0.030839,6.0369,0.5107
219,0.000071,0.144414,1106.40,1035.90,2578.12,0.630402,0.235294,-0.897123,0.124813,0.799629,-0.108871,-0.200431,0.281983,375.00,0.032802,7.8647,0.3949
224,0.000083,0.114415,1200.32,1063.72,2671.88,0.685950,0.160784,-0.887759,-0.151404,0.741777,-0.170856,-0.009979,0.478220,375.00,0.032185,9.2360,0.3200
229,0.000081,0.186587,1100.64,1010.99,2437.50,0.605876,0.215686,-1.062692,-0.143971,0.897468,0.021502,-0.057603,0.345297,375.00,0.035688,10.3920,0.3214
235,0.000074,0.305442,1098.55,1011.23,2531.25,0.632330,0.262745,-1.184053,-0.256775,0.909742,0.241728,-0.070422,0.359779,375.00,0.041812,10.4348,0.2963
240,0.000083,0.141708,1057.87,1019.32,2578.12,0.601313,0.152941,-0.915733,-0.019327,0.777534,0.140126,-0.202917,0.220316,375.00,0.040152,9.8710,0.3831
245,0.000106,0.189792,1082.82,1008.82,2437.50,0.582327,0.141176,-0.921187,0.018475,0.858866,-0.091678,-0.149209,0.284735,375.00,0.040207,11.3883,0.3731
251,0.000078,0.371304,1052.92,1006.94,2437.50,0.606627,0.184314,-1.396168,0.178662,0.976640,0.098854,-0.140868,0.282879,328.12,0.043485,8.9688,0.3363
256,0.000085,0.214394,1126.61,1037.89,2671.88,0.625986,0.164706,-1.723274,0.198200,0.829691,0.393173,0.015764,0.286446,328.12,0.038670,7.6631,0.2863
261,0.000089,0.222592,1156.13,1017.37,2625.00,0.646133,0.180392,-1.431894,-0.479275,0.919528,0.415833,0.141742,0.434066,375.00,0.037458,8.9906,0.2238
267,0.000078,0.196166,1135.86,1023.49,2578.12,0.611984,0.168627,-1.385214,-0.315644,1.108844,-0.035504,0.194880,0.432640,375.00,0.049037,12.3812,0.2379
272,0.000084,0.237338,1112.46,999.59,2484.38,0.640883,0.188235,-0.988139,-0.173011,0.832424,-0.087432,0.161224,0.254934,375.00,0.044688,10.4725,0.3125
277,0.000087,0.143706,1133.14,1025.37,2578.12,0.622806,0.196078,-1.242572,-0.158345,0.897104,0.150084,0.002875,0.350854,375.00,0.037599,9.3078,0.2937
283,0.000096,0.229506,1162.43,1025.71,2531.25,0.596263,0.129412,-2.402150,-0.033932,1.234342,0.503074,0.064262,0.634404,421.88,0.035365,8.5878,0.1726
288,0.000089,0.230738,1107.81,1026.85,2484.38,0.544128,0.164706,-1.855255,0.019905,1.289401,0.159233,-0.186636,0.573351,328.12,0.044206,10.8463,0.2477
293,0.000089,0.191473,1083.27,1048.97,2671.88,0.566948,0.180392,-1.165201,-0.099540,1.183392,-0.039533,-0.358290,0.479172,375.00,0.044631,10.9567,0.3334
299,0.000083,0.274718,1105.59,1041.40,2625.00,0.591302,0.258824,-0.868196,-0.052574,0.872031,0.079824,-0.402801,0.371716,421.88,0.042551,9.4935,0.3906
304,0.000103,0.199290,1039.30,968.79,2343.75,0.611975,0.137255,-1.206051,0.063194,0.972362,0.001586,-0.062004,0.230911,421.88,0.038985,8.4608,0.3417
309,0.000083,0.268822,976.59,937.10,2109.38,0.613509,0.188235,-0.734393,0.139326,0.725568,0.109165,-0.071573,-0.168093,281.25,0.038032,7.4929,0.4557
315,0.000124,0.170747,825.06,885.49,1875.00,0.491521,0.109804,-0.415937,0.256155,0.820457,0.111123,-0.405413,-0.366385,328.12,0.040141,8.2868,0.5759
320,0.000103,0.231669,824.06,887.99,1875.00,0.470139,0.137255,-0.821693,0.328880,1.115792,-0.272371,-0.185504,-0.165103,328.12,0.050585,10.3580,0.4822
325,0.000083,0.242403,847.99,897.24,1921.88,0.518678,0.180392,-0.677427,0.479056,0.871567,-0.182295,-0.171704,-0.319197,281.25,0.052803,9.8480,0.5365
331,0.000111,0.152260,958.00,981.03,2250.00,0.566314,0.121569,-0.481829,0.189903,0.816563,-0.134100,-0.332732,-0.057806,328.12,0.051373,11.8032,0.5123
336,0.000074,0.192035,932.10,957.39,2203.12,0.525669,0.207843,-1.311288,0.349256,1.059344,0.081202,-0.217813,0.039299,328.12,0.056383,13.6017,0.4033
341,0.000083,0.242722,914.05,934.01,2156.25,0.514247,0.211765,-1.727878,0.423927,1.284801,0.178451,-0.289126,0.129826,375.00,0.038867,9.6324,0.3607
347,0.000103,0.131503,1089.73,1037.72,2531.25,0.543779,0.125490,-1.371381,-0.109983,1.169360,0.024837,-0.118914,0.406082,375.00,0.040423,11.1152,0.2923
352,0.000074,0.259298,1030.87,998.30,2437.50,0.601407,0.223529,-0.980801,-0.041520,0.907744,0.043318,-0.102883,0.174143,328.12,0.044843,11.3484,0.3666
357,0.000096,0.281586,921.97,942.12,2203.12,0.529585,0.160784,-0.938037,0.285926,0.997013,0.047329,-0.395111,0.002880,375.00,0.040174,9.1171,0.4676
363,0.000103,0.114222,971.67,1004.67,2437.50,0.497700,0.125490,-1.205339,0.303954,1.182683,0.060156,-0.570354,0.228900,375.00,0.042509,10.5239,0.4305
368,0.000083,0.213180,914.74,931.20,2203.12,0.522380,0.164706,-1.005994,0.015875,1.093845,0.128162,-0.274359,0.042471,375.00,0.049340,12.3358,0.4063
373,0.000092,0.211565,907.09,962.25,2203.12,0.525071,0.164706,-0.523641,0.205481,0.883937,-0.222833,-0.335783,-0.007160,375.00,0.048853,11.5107,0.5031
379,0.000088,0.154737,1002.32,1017.06,2437.50,0.534401,0.152941,-0.609887,-0.072711,0.962767,-0.143440,-0.340575,0.203845,375.00,0.051167,13.1156,0.4322
384,0.000082,0.195609,939.51,978.90,2343.75,0.498087,0.180392,-1.148972,0.164198,1.266900,-0.024003,-0.463323,0.205199,375.00,0.049914,12.8339,0.4102
389,0.000065,0.150181,958.58,963.52,2296.88,0.496435,0.329412,-1.259761,0.109862,1.164670,0.067683,-0.219145,0.136691,375.00,0.043841,12.0501,0.3696
395,0.000125,0.208579,1163.36,1062.08,2578.12,0.656437,0.152941,-0.978637,-0.052187,0.781714,-0.132448,0.014244,0.367314,375.00,0.037220,9.8972,0.3304
400,0.000089,0.379525,878.09,968.72,2250.00,0.499188,0.172549,-0.506911,0.670038,0.829529,-0.582557,-0.359079,-0.051020,281.25,0.041339,8.5755,0.5712

----- END /raw_F0_r01_391980.csv -----
----- BEGIN /raw_F0_r02_396930.csv (17399 bytes) -----
ms_from_event,rms,flux,centroid_hz,spread_hz,rolloff85_hz,flatness,zcr,band0,band1,band2,band3,band4,band5,peak_hz,peak_mag,peak_ratio,low_dom
-208,0.000087,0.218223,1191.61,1079.89,2765.62,0.575914,0.188235,-1.327213,-0.304275,1.146467,-0.025979,-0.112755,0.623756,375.00,0.047727,13.0386,0.2552
-203,0.000074,0.271292,1137.13,1043.38,2671.88,0.609405,0.235294,-1.238347,-0.201997,1.075854,-0.098249,-0.074925,0.537664,375.00,0.047475,11.3987,0.2786
-197,0.000083,0.104539,1128.07,1031.08,2484.38,0.589181,0.196078,-0.950308,-0.074329,0.931038,-0.279147,-0.054617,0.427361,328.12,0.040330,11.6809,0.3321
-192,0.000099,0.196896,1110.45,1052.22,2625.00,0.548211,0.098039,-0.815801,-0.173265,1.047915,-0.345195,-0.192490,0.478837,375.00,0.044939,13.3907,0.3458
-187,0.000092,0.248849,1101.38,1052.66,2671.88,0.568665,0.149020,-1.233938,-0.109991,1.102765,-0.030522,-0.210346,0.482033,375.00,0.047549,12.4816,0.3084
-181,0.000084,0.211376,1115.79,1054.93,2671.88,0.547629,0.180392,-1.527785,-0.388296,1.314445,0.132907,-0.166418,0.635148,375.00,0.054098,13.5747,0.2328
-176,0.000093,0.116806,1031.27,1004.54,2390.62,0.541746,0.172549,-0.790673,-0.361909,1.116433,-0.181015,-0.130166,0.347330,375.00,0.052522,14.7965,0.3352
-171,0.000084,0.180379,950.72,964.79,2250.00,0.512838,0.196078,-0.397253,-0.081642,0.962304,-0.463732,-0.120576,0.100899,375.00,0.050209,14.0787,0.4428
-165,0.000097,0.189207,1027.85,1009.12,2531.25,0.559706,0.180392,-0.773668,0.067513,0.994115,-0.304889,-0.277899,0.294826,375.00,0.050381,12.5818,0.4106
-160,0.000098,0.166175,1065.76,1039.52,2625.00,0.564664,0.156863,-0.806439,0.082230,0.988292,-0.159624,-0.502472,0.398013,375.00,0.051061,12.6904,0.4231
-155,0.000094,0.197362,996.03,1000.04,2484.38,0.525557,0.168627,-1.000744,0.049221,1.098226,-0.161643,-0.270886,0.285826,375.00,0.054889,13.3234,0.3815
-149,0.000101,0.162740,923.49,940.52,2156.25,0.474302,0.121569,-1.363196,0.128464,1.236921,-0.105765,-0.033646,0.137221,375.00,0.053973,13.3988,0.3387
-144,0.000070,0.182623,987.36,986.89,2296.88,0.566354,0.219608,-0.844567,0.138402,0.934525,-0.193432,-0.218660,0.183733,328.12,0.053182,12.6838,0.4169
-139,0.000072,0.199648,1076.44,990.73,2343.75,0.609302,0.239216,-1.223501,0.025820,0.983055,-0.109466,-0.005957,0.330049,375.00,0.043963,11.0999,0.3185
-133,0.000091,0.124509,1123.04,1005.86,2484.38,0.590986,0.156863,-1.926725,-0.089344,1.165527,0.236151,0.116025,0.498366,375.00,0.037747,11.0544,0.2116
-128,0.000096,0.185574,1102.32,1008.73,2484.38,0.538319,0.196078,-1.564579,-0.454494,1.260930,0.191710,0.073789,0.492645,375.00,0.042719,13.7608,0.2154
-123,0.000091,0.309771,991.62,963.46,2343.75,0.548365,0.188235,-1.711966,-0.024714,1.357374,-0.054704,0.077668,0.356343,328.12,0.050263,13.2836,0.2525
-117,0.000094,0.136706,986.45,973.42,2296.88,0.553030,0.172549,-1.159354,-0.062925,1.134519,-0.053615,-0.086184,0.227561,328.12,0.053456,14.0372,0.3359
-112,0.000079,0.205628,1000.27,1003.21,2437.50,0.516166,0.231373,-0.810858,-0.408651,1.209181,-0.089291,-0.196770,0.296387,375.00,0.055083,15.2520,0.3408
-107,0.000097,0.177010,1116.13,1047.81,2718.75,0.542462,0.133333,-0.867178,-0.356081,1.030905,-0.197345,-0.041926,0.431627,375.00,0.051804,14.8636,0.3086
-101,0.000092,0.178227,1117.30,1035.70,2625.00,0.533004,0.117647,-0.943144,-0.247354,1.052162,-0.380933,0.060024,0.459245,375.00,0.049876,14.1731,0.2984
-96,0.000082,0.177488,1074.35,1015.71,2484.38,0.586657,0.219608,-1.025961,-0.363248,1.159998,-0.269485,0.142900,0.355793,375.00,0.052819,14.4624,0.2801
-91,0.000082,0.152201,1118.63,996.46,2437.50,0.562086,0.180392,-1.319862,-0.766005,1.261112,0.061623,0.159334,0.603797,375.00,0.052276,14.7822,0.1940
-85,0.000096,0.144619,1127.65,1030.24,2531.25,0.609502,0.117647,-0.922215,-0.343912,1.011712,-0.192780,-0.035502,0.482697,375.00,0.048709,14.1773,0.2980
-80,0.000094,0.186662,1027.62,1005.95,2437.50,0.510301,0.113725,-1.234895,-0.177166,1.320483,-0.298478,0.019138,0.370919,375.00,0.050480,14.7047,0.2888
-75,0.000095,0.217142,1018.22,1005.19,2531.25,0.512668,0.160784,-1.415515,-0.004895,1.230005,-0.129449,-0.046299,0.366153,328.12,0.051632,13.5223,0.2952
-69,0.000073,0.217231,995.22,998.85,2390.62,0.521793,0.227451,-1.214617,0.173838,0.989338,0.065138,-0.221706,0.208007,328.12,0.050753,12.5161,0.3744
-64,0.000100,0.198956,1052.77,982.89,2296.88,0.599125,0.137255,-1.059887,-0.148530,1.022217,-0.226284,0.055316,0.357168,375.00,0.045476,12.8747,0.3078
-59,0.000082,0.214120,1172.40,1071.84,2625.00,0.628428,0.180392,-1.034451,-0.128960,1.022514,-0.398484,-0.022950,0.562329,375.00,0.049311,12.5720,0.2991
-53,0.000084,0.185803,1194.98,1069.47,2718.75,0.600860,0.180392,-1.557910,-0.205467,1.151768,-0.155754,0.136418,0.630944,328.12,0.049631,12.3151,0.2201
-48,0.000101,0.102655,1162.24,1041.04,2578.12,0.571685,0.098039,-1.646671,-0.613592,1.255397,0.146865,0.084140,0.773859,375.00,0.047044,13.9880,0.1738
-43,0.000095,0.271724,935.05,962.82,2250.00,0.475461,0.149020,-1.106053,0.376275,1.244048,-0.348024,-0.481273,0.315025,328.12,0.051449,14.1387,0.4300
-37,0.000095,0.183407,1008.59,990.18,2390.62,0.485905,0.152941,-1.624128,0.392986,1.256928,-0.164842,-0.327936,0.466991,328.12,0.058483,16.3444,0.3351
-32,0.000097,0.193132,1025.80,982.35,2390.62,0.544899,0.141176,-1.291767,0.071620,1.064780,0.067497,-0.272333,0.360202,328.12,0.055261,14.3296,0.3421
-27,0.000105,0.294203,911.22,953.87,2203.12,0.492402,0.098039,-0.818441,0.242258,1.013056,-0.175481,-0.316523,0.055130,375.00,0.050602,12.0643,0.4607
-21,0.000117,0.198865,851.29,899.91,2015.62,0.474286,0.160784,-0.763725,0.219541,1.135843,-0.131644,-0.342139,-0.117877,375.00,0.054082,12.1267,0.4895
-16,0.000184,0.342350,793.85,904.28,2015.62,0.464673,0.058824,-0.084072,0.510209,0.644006,-0.164361,-0.647499,-0.258283,328.12,0.048158,9.4897,0.6606
-11,0.000374,0.326348,652.97,860.78,1640.62,0.377165,0.058824,0.667574,0.923208,0.104223,-0.333522,-0.909681,-0.451803,140.62,0.090273,15.2852,0.8140
-5,0.000374,0.425133,510.69,833.82,984.38,0.266011,0.054902,1.328718,1.406704,-0.589294,-0.556476,-1.157485,-0.432167,140.62,0.167837,19.9526,0.8968
0,0.000256,0.314164,462.85,789.12,750.00,0.251756,0.019608,1.399755,1.468443,-0.479259,-0.535474,-1.287089,-0.566375,140.62,0.239802,21.0456,0.9138
5,0.000246,0.163578,533.93,785.79,1171.88,0.329945,0.031373,0.985194,1.228393,-0.173659,-0.655483,-0.582425,-0.802021,140.62,0.205448,18.6554,0.8580
11,0.000189,0.382921,764.83,776.59,1546.88,0.454749,0.074510,0.158112,0.631740,0.051893,0.066825,-0.150663,-0.757908,140.62,0.116425,10.1092,0.7004
16,0.000307,0.224561,765.90,733.72,1453.12,0.450568,0.035294,0.020504,0.461448,0.114033,0.364470,-0.061105,-0.899350,140.62,0.095613,7.1392,0.6729
21,0.000259,0.225139,773.11,748.62,1500.00,0.443800,0.062745,0.021697,0.574325,-0.112283,0.289991,0.105001,-0.878732,140.62,0.132432,9.8461,0.6648
27,0.000253,0.224722,775.12,778.57,1546.88,0.478494,0.023529,0.126289,0.605894,-0.186683,0.195711,0.007116,-0.748326,140.62,0.148647,10.3527,0.6763
32,0.000158,0.215614,854.05,869.48,1781.25,0.532537,0.109804,-0.065703,0.487203,0.330020,-0.034341,-0.210063,-0.507116,140.62,0.114864,8.2909,0.6386
37,0.000259,0.150909,735.86,805.83,1406.25,0.446434,0.062745,-0.006039,0.767047,0.188810,0.100793,-0.291027,-0.759584,234.38,0.098364,8.6137,0.7121
43,0.000160,0.107482,732.71,731.78,1312.50,0.398012,0.145098,-0.069541,0.731188,0.173719,0.315358,-0.186266,-0.964458,234.38,0.102816,10.3057,0.7122
48,0.000119,0.238610,721.32,743.91,1312.50,0.429931,0.137255,-0.211693,0.744444,0.287867,0.326240,-0.226179,-0.920679,187.50,0.091445,8.2589,0.6984
53,0.000120,0.145219,859.93,811.87,1593.75,0.535338,0.129412,-0.360352,0.284140,0.245520,0.491318,-0.158996,-0.501631,140.62,0.058543,6.4768,0.5725
59,0.000153,0.077609,880.84,819.34,1546.88,0.526364,0.062745,-0.513932,0.244251,0.188131,0.587794,-0.088351,-0.417893,187.50,0.044586,6.1033,0.5295
64,0.000106,0.199720,901.04,868.81,1875.00,0.512736,0.141176,-0.511496,0.422775,0.325005,0.209027,-0.103383,-0.341929,281.25,0.053876,7.5477,0.5445
69,0.000117,0.192715,913.09,876.61,1921.88,0.529361,0.145098,-0.764062,0.468169,0.538001,0.099221,-0.051559,-0.289769,328.12,0.058817,8.1297,0.5057
75,0.000153,0.210829,1018.43,884.30,2062.50,0.620026,0.078431,-0.784413,0.051489,0.504384,0.095364,0.256972,-0.123794,328.12,0.060120,8.6118,0.3934
80,0.000106,0.220167,932.31,880.87,2015.62,0.570789,0.141176,-0.506531,0.368034,0.310941,0.132689,-0.015476,-0.289657,281.25,0.054517,7.4971,0.5208
85,0.000142,0.160512,888.84,871.22,1875.00,0.497026,0.101961,-0.715862,0.489009,0.520265,0.199410,-0.144894,-0.347928,281.25,0.062531,8.7339,0.5332
91,0.000101,0.269892,863.19,898.43,1828.12,0.551619,0.156863,-0.201249,0.508367,0.215498,0.139703,-0.254552,-0.407767,281.25,0.046102,5.9441,0.6189
96,0.000113,0.100853,895.31,928.90,2015.62,0.565324,0.098039,-0.176654,0.477745,0.133147,0.004105,-0.116715,-0.321626,93.75,0.049072,7.2863,0.5914
101,0.000128,0.184523,826.73,901.12,1734.38,0.509983,0.141176,0.244723,0.478786,-0.211283,0.130384,-0.224097,-0.418512,140.62,0.050423,9.0473,0.6644
107,0.000161,0.265778,844.17,899.98,1828.12,0.531508,0.074510,-0.105303,0.536298,0.141607,0.192670,-0.369057,-0.396216,140.62,0.054727,8.4659,0.6452
112,0.000192,0.245911,836.77,935.67,2062.50,0.482685,0.039216,0.261812,0.610239,0.102687,0.009331,-0.634995,-0.349074,140.62,0.067184,9.6601,0.7167
117,0.000113,0.290864,723.08,860.09,1640.62,0.430595,0.117647,0.521934,0.768768,-0.258737,-0.105040,-0.407843,-0.519081,140.62,0.102630,13.1100,0.7519
123,0.000090,0.148508,733.14,860.07,1593.75,0.466941,0.145098,0.368404,0.796679,-0.212608,-0.114137,-0.287528,-0.550810,140.62,0.084249,12.0769,0.7314
128,0.000195,0.190914,901.06,929.27,2109.38,0.542933,0.039216,-0.481942,0.496844,0.370318,0.007370,-0.179563,-0.213027,187.50,0.050761,8.7047,0.5508
133,0.000121,0.350582,767.82,846.71,1781.25,0.446640,0.117647,-0.206300,0.718043,0.392067,0.041307,-0.460807,-0.484310,187.50,0.074607,9.3933,0.6745
139,0.000108,0.107722,753.00,858.58,1640.62,0.476537,0.149020,0.088548,0.788644,0.100716,-0.075210,-0.351376,-0.551322,140.62,0.076205,10.8592,0.7089
144,0.000083,0.183242,865.28,926.65,2015.62,0.541703,0.176471,-0.085293,0.477863,0.420439,-0.083799,-0.397632,-0.331576,140.62,0.040195,6.8007,0.6367
149,0.000105,0.197684,970.40,941.04,2203.12,0.585327,0.172549,-0.640429,0.123569,0.645503,0.334009,-0.365722,-0.096928,375.00,0.032743,6.2697,0.4932
155,0.000110,0.197305,938.42,906.35,2109.38,0.520340,0.145098,-0.822022,-0.141666,0.844482,0.330309,-0.112691,-0.098412,375.00,0.044011,9.2713,0.4070
160,0.000076,0.316210,903.36,851.95,1968.75,0.517218,0.262745,-1.133242,0.190403,0.792362,0.437712,-0.118800,-0.168433,328.12,0.048918,8.7192,0.4188
165,0.000104,0.165530,1016.16,930.03,2296.88,0.564981,0.196078,-1.283756,0.252900,0.681746,0.509097,-0.268852,0.108865,281.25,0.041075,7.7917,0.3928
171,0.000089,0.227319,1099.95,970.45,2390.62,0.609378,0.152941,-1.188612,-0.334763,0.760518,0.477606,0.023644,0.261606,375.00,0.034886,6.9770,0.2882
176,0.000097,0.177042,1036.23,903.96,2203.12,0.596240,0.247059,-1.322299,-0.607083,0.969622,0.641053,0.155262,0.163445,375.00,0.052033,10.8189,0.2453
181,0.000094,0.222746,969.65,840.82,1921.88,0.568066,0.164706,-1.283365,-0.222775,0.848536,0.575194,0.187593,-0.105183,328.12,0.043386,7.9473,0.3113
187,0.000095,0.172623,994.33,961.54,2343.75,0.572287,0.172549,-0.574104,-0.065603,0.623281,0.384547,-0.333089,-0.035033,328.12,0.040321,8.2309,0.4661
192,0.000099,0.275800,1007.91,977.93,2390.62,0.585670,0.262745,-0.653244,0.054304,0.526017,0.435005,-0.326022,-0.036060,328.12,0.034631,6.2131,0.4704
197,0.000094,0.210276,904.50,917.68,1968.75,0.550453,0.172549,-0.711827,0.443416,0.582621,0.242741,-0.285191,-0.271761,281.25,0.046283,8.3695,0.5360
203,0.000073,0.195428,927.65,947.67,2250.00,0.528434,0.270588,-0.549391,0.201025,0.705641,0.230560,-0.471300,-0.116535,328.12,0.037417,7.7940,0.5299
208,0.000070,0.154938,1031.33,1031.89,2625.00,0.553415,0.266667,-0.395146,0.004457,0.562430,0.129719,-0.394920,0.093459,375.00,0.031395,7.6074,0.4888
213,0.000112,0.210770,955.99,949.60,2250.00,0.564288,0.082353,-0.427999,0.227953,0.294921,0.397948,-0.424520,-0.068303,328.12,0.024048,5.9055,0.5365
219,0.000072,0.308083,924.23,962.44,2156.25,0.559240,0.247059,-1.063605,0.569324,0.769392,0.036615,-0.246709,-0.065017,234.38,0.035738,7.9633,0.4772
224,0.000072,0.214921,949.90,996.96,2343.75,0.549610,0.266667,-0.744508,0.581064,0.584121,0.036552,-0.333827,-0.123401,281.25,0.039334,8.4056,0.5367
229,0.000112,0.171761,976.49,970.07,2296.88,0.580941,0.082353,-0.481654,0.254550,0.283447,0.395597,-0.422683,-0.029256,328.12,0.024295,5.9279,0.5281
235,0.000081,0.296727,905.71,950.90,2109.38,0.531883,0.203922,-0.923827,0.560049,0.771313,0.016598,-0.334908,-0.089226,234.38,0.034284,7.6511,0.5075
240,0.000097,0.224745,898.16,936.05,2203.12,0.540486,0.141176,-0.640034,0.519558,0.728761,-0.092794,-0.399028,-0.116463,281.25,0.043225,8.9455,0.5492
245,0.000096,0.232056,992.10,978.86,2343.75,0.577329,0.164706,-0.855242,0.240901,0.758510,0.165623,-0.324691,0.014899,281.25,0.036801,7.6642,0.4620
251,0.000084,0.222522,949.86,977.56,2343.75,0.535093,0.172549,-0.656369,0.257481,0.918344,-0.176732,-0.405244,0.062520,328.12,0.044179,9.4495,0.4930
256,0.000095,0.190652,936.48,960.99,2343.75,0.552156,0.164706,-0.581337,0.120175,0.749821,0.038159,-0.313273,-0.013546,375.00,0.043604,10.4760,0.4832
261,0.000059,0.209613,816.94,898.27,1828.12,0.476570,0.325490,-0.130010,0.377091,0.637143,-0.046089,-0.529017,-0.309119,375.00,0.041968,9.3989,0.6324
267,0.000073,0.119386,973.86,992.12,2390.62,0.584179,0.254902,-0.389554,0.094021,0.641460,0.081546,-0.405897,-0.021575,375.00,0.035983,9.3352,0.5165
272,0.000079,0.190078,1096.07,1001.02,2625.00,0.641706,0.235294,-0.955321,-0.209331,0.754180,0.466223,-0.254340,0.198591,375.00,0.025922,7.5481,0.3648
277,0.000096,0.218827,995.06,955.39,2343.75,0.596493,0.160784,-0.833728,0.074508,0.784353,0.245486,-0.295382,0.024763,421.88,0.029776,8.2631,0.4392
283,0.000100,0.278175,948.62,925.18,2203.12,0.555952,0.149020,-0.873777,0.039807,0.990205,0.013001,-0.203770,0.034535,328.12,0.042499,10.8937,0.4177
288,0.000078,0.270841,852.05,886.61,2062.50,0.509051,0.211765,-0.926521,0.452354,0.995938,-0.093857,-0.309175,-0.118736,328.12,0.049150,11.0448,0.4942
293,0.000338,0.338608,932.66,917.31,2156.25,0.576315,0.125490,-0.591204,0.296115,0.620427,0.143553,-0.290776,-0.178116,281.25,0.032941,6.4038,0.5217
299,0.000344,0.537149,678.66,780.15,1453.12,0.439774,0.007843,-0.012084,0.798602,0.471468,-0.152501,-0.435550,-0.669936,187.50,0.098186,9.1303,0.7203
304,0.000150,0.334152,499.60,658.12,796.88,0.281786,0.121569,0.358154,1.186430,0.623645,-0.293809,-0.799071,-1.075348,187.50,0.182952,12.7920,0.8468
309,0.000131,0.136639,640.21,748.73,1218.75,0.397396,0.125490,0.019523,0.782890,0.469545,0.109762,-0.619574,-0.762146,187.50,0.107442,8.6234,0.7488
315,0.000336,0.107805,765.79,876.55,1640.62,0.461388,0.007843,0.022363,0.538112,0.386374,-0.010524,-0.445948,-0.490375,140.62,0.071156,8.2431,0.6788
320,0.000161,0.376424,723.26,868.79,1640.62,0.472071,0.184314,0.050406,0.867011,0.378247,-0.302993,-0.418497,-0.574174,140.62,0.115860,9.2668,0.7221
325,0.000158,0.150108,617.65,757.39,1218.75,0.370583,0.082353,0.038969,0.877096,0.799556,-0.159991,-0.747621,-0.808010,234.38,0.105670,9.0595,0.7748
331,0.000107,0.064541,740.31,844.23,1687.50,0.442802,0.200000,-0.000705,0.627770,0.619505,-0.110260,-0.584292,-0.552017,140.62,0.069648,8.8739,0.7072
336,0.000099,0.161405,937.06,981.15,2296.88,0.593416,0.172549,0.088133,0.567735,-0.084430,-0.137089,-0.291990,-0.142359,140.62,0.068284,9.9873,0.6330
341,0.000086,0.190319,884.87,992.79,2203.12,0.540593,0.164706,-0.165405,0.487570,0.584985,-0.258954,-0.536093,-0.112103,234.38,0.037608,6.7936,0.6190
347,0.000082,0.129206,879.65,947.80,2015.62,0.475366,0.207843,-0.884116,0.302841,1.028762,0.006297,-0.325921,-0.127864,375.00,0.040466,9.5165,0.4841
352,0.000099,0.185974,929.44,955.94,2109.38,0.513701,0.172549,-0.809613,0.300234,0.930605,0.028042,-0.333830,-0.115438,375.00,0.036835,9.1982,0.4925
357,0.000081,0.209506,959.12,937.02,2203.12,0.541639,0.258824,-1.446906,0.315149,1.087601,0.098422,-0.163160,0.108892,375.00,0.038613,8.9022,0.3685
363,0.000101,0.116834,937.42,930.21,2156.25,0.503592,0.133333,-1.459294,0.380106,1.091556,0.181342,-0.176603,-0.017107,375.00,0.036893,9.3904,0.3911
368,0.000098,0.296135,840.65,886.30,1921.88,0.480451,0.168627,-0.587425,0.220007,0.936649,-0.025332,-0.322778,-0.221123,328.12,0.044925,10.6854,0.5220
373,0.000085,0.160543,827.73,867.17,1968.75,0.462090,0.149020,-0.613379,0.255362,0.994590,-0.223050,-0.209668,-0.203855,328.12,0.054507,12.9835,0.5069
379,0.000099,0.267187,1030.74,992.95,2390.62,0.588261,0.164706,-1.661763,0.312006,1.089096,-0.028194,-0.020065,0.308919,375.00,0.041807,10.2118,0.3059
384,0.000080,0.241125,1086.25,984.05,2343.75,0.633657,0.188235,-1.377843,-0.024249,0.894335,0.105238,0.106272,0.296247,421.88,0.042853,9.2759,0.2886
389,0.000099,0.159925,1010.09,940.51,2296.88,0.599551,0.156863,-1.044855,0.165338,0.802727,0.090885,-0.129443,0.115348,421.88,0.040653,9.0376,0.3935
395,0.000115,0.247951,948.71,965.07,2343.75,0.517226,0.125490,-0.972800,0.389953,0.980935,0.010670,-0.520761,0.112002,281.25,0.039834,8.8793,0.4783
400,0.000082,0.280782,939.09,982.24,2390.62,0.539348,0.250980,-0.641925,0.574764,0.853086,-0.430915,-0.285228,-0.069782,281.25,0.061429,13.5046,0.5359

----- END /raw_F0_r02_396930.csv -----
=== KEY_DUMP_END key=F0 ===
NEXT: F#0
PRESS F#0  rep 1/2  then hit Enter

> 
> REC OK: /raw_F#0_r01_404748.csv
PRESS F#0  rep 2/2  then hit Enter

> 
> REC OK: /raw_F#0_r02_408866.csv
=== KEY_DUMP_BEGIN key=F#0 files=2 ===
----- BEGIN /raw_F#0_r01_404748.csv (17465 bytes) -----
ms_from_event,rms,flux,centroid_hz,spread_hz,rolloff85_hz,flatness,zcr,band0,band1,band2,band3,band4,band5,peak_hz,peak_mag,peak_ratio,low_dom
-208,0.000083,0.149112,1060.87,1026.32,2531.25,0.554469,0.196078,-0.826305,-0.047005,0.988503,-0.304217,-0.185100,0.374123,328.12,0.047197,12.7327,0.3702
-203,0.000086,0.148706,1196.00,1098.01,2812.50,0.572830,0.156863,-1.090474,-0.366000,1.179511,-0.339836,-0.116258,0.733058,375.00,0.046488,13.6939,0.2618
-197,0.000080,0.185656,1124.15,1050.49,2671.88,0.577698,0.184314,-1.174973,-0.183859,1.037957,-0.014123,-0.179910,0.514907,375.00,0.045517,12.4126,0.3001
-192,0.000079,0.131509,1115.49,1015.72,2578.12,0.584528,0.192157,-1.010823,-0.329751,0.994736,-0.124467,0.033524,0.436782,328.12,0.043374,13.3602,0.2879
-187,0.000092,0.179363,1148.12,995.99,2484.38,0.604422,0.133333,-1.283608,-0.546490,1.103923,-0.060151,0.183412,0.602916,328.12,0.039345,11.8916,0.2128
-181,0.000099,0.277952,1092.35,996.93,2531.25,0.578934,0.164706,-1.096194,-0.591501,1.193705,0.060462,-0.143565,0.577092,375.00,0.052539,14.2452,0.2572
-176,0.000083,0.192107,1103.21,1022.12,2578.12,0.586605,0.203922,-0.823139,-0.352091,1.095473,-0.404408,0.047499,0.436665,375.00,0.057410,14.8198,0.3037
-171,0.000091,0.088490,1144.56,1050.45,2578.12,0.548715,0.141176,-1.024131,-0.561063,1.258929,-0.386807,0.123990,0.589080,375.00,0.054959,15.7834,0.2406
-165,0.000086,0.162283,1104.81,1014.91,2625.00,0.545743,0.168627,-1.526098,-0.508021,1.338865,0.079580,-0.027518,0.643193,375.00,0.050286,15.0496,0.2100
-160,0.000095,0.274481,988.09,997.66,2578.12,0.502825,0.141176,-0.814983,-0.104364,1.072927,0.113533,-0.563739,0.296628,375.00,0.046946,12.4286,0.4192
-155,0.000086,0.256450,1022.50,1029.81,2531.25,0.544606,0.141176,-0.697380,0.068172,0.965202,-0.202517,-0.424313,0.290836,328.12,0.051173,12.6502,0.4383
-149,0.000080,0.177723,1061.26,1007.97,2484.38,0.585814,0.164706,-1.012866,-0.312965,1.104133,-0.106122,-0.042550,0.370370,375.00,0.052124,13.5684,0.3043
-144,0.000101,0.159944,1224.77,1066.18,2671.88,0.564719,0.156863,-1.857293,-0.200491,1.277978,-0.054826,0.006412,0.828220,375.00,0.049717,13.8129,0.1906
-139,0.000080,0.164580,1082.29,1016.98,2531.25,0.488253,0.219608,-1.986166,0.170620,1.416562,-0.247676,-0.049174,0.695836,375.00,0.052111,14.4727,0.2260
-133,0.000088,0.195670,1059.04,1006.22,2531.25,0.563894,0.188235,-1.488940,-0.082660,1.232682,-0.098843,0.011545,0.426216,375.00,0.052331,13.4634,0.2680
-128,0.000085,0.148944,1136.87,1011.57,2484.38,0.634729,0.203922,-1.520466,-0.118052,1.061347,-0.035258,0.030869,0.581561,375.00,0.047705,12.6668,0.2450
-123,0.000098,0.116853,1086.74,1018.41,2531.25,0.569140,0.129412,-1.239344,-0.156844,1.150532,-0.154446,-0.099446,0.499549,375.00,0.049088,13.9133,0.2894
-117,0.000089,0.206317,1082.29,1024.06,2531.25,0.537567,0.180392,-1.467814,0.069521,1.235075,-0.226953,-0.115003,0.505176,375.00,0.047995,12.4426,0.2902
-112,0.000082,0.112750,1145.79,1016.82,2578.12,0.560830,0.235294,-1.700046,-0.354871,1.306078,-0.085414,0.145634,0.688620,375.00,0.047516,13.1670,0.1908
-107,0.000074,0.108846,1151.37,1033.61,2578.12,0.577751,0.250980,-1.683054,-0.364441,1.308128,-0.185568,0.223151,0.701783,375.00,0.047606,13.8246,0.1845
-101,0.000087,0.218019,1278.14,1054.77,2671.88,0.621638,0.188235,-1.768498,-0.507685,1.113098,0.072839,0.264438,0.825807,375.00,0.044168,12.3521,0.1567
-96,0.000082,0.240117,1239.93,1044.99,2671.88,0.630093,0.203922,-1.749542,-0.450958,1.109550,0.170068,0.187885,0.732998,375.00,0.043718,11.8425,0.1735
-91,0.000099,0.235041,1095.15,1009.66,2531.25,0.589482,0.105882,-1.772299,-0.150896,1.178486,0.276684,-0.054294,0.522318,375.00,0.043708,11.0372,0.2323
-85,0.000088,0.188094,1104.81,1013.57,2531.25,0.594839,0.172549,-1.462196,-0.244477,1.090397,0.245928,-0.072713,0.443062,328.12,0.052027,14.0902,0.2614
-80,0.000095,0.191280,1078.17,1033.36,2531.25,0.564599,0.141176,-1.758317,0.234526,1.202161,0.046080,-0.222294,0.497844,328.12,0.056199,14.1745,0.2891
-75,0.000104,0.181520,1159.61,1041.43,2531.25,0.563916,0.109804,-2.505353,-0.146449,1.455118,0.098919,0.240061,0.857702,328.12,0.049314,13.1297,0.1330
-69,0.000096,0.187367,1038.38,994.59,2343.75,0.547061,0.133333,-1.427313,-0.234612,1.258598,-0.022777,0.044747,0.381358,328.12,0.053252,13.9088,0.2604
-64,0.000083,0.193654,1044.68,1004.82,2437.50,0.572171,0.188235,-0.850336,-0.158410,1.042702,-0.363072,0.050872,0.278244,328.12,0.056886,13.5320,0.3387
-59,0.000075,0.113239,1041.11,1031.68,2484.38,0.581004,0.227451,-1.051912,0.015248,1.083602,-0.163013,-0.203354,0.319428,375.00,0.047477,12.1039,0.3598
-53,0.000084,0.077394,1096.63,1032.29,2531.25,0.580165,0.160784,-1.351549,-0.316824,1.188487,0.078319,-0.111912,0.513479,375.00,0.039605,12.2121,0.2621
-48,0.000079,0.118400,1089.70,991.37,2484.38,0.570324,0.235294,-1.947347,-0.593770,1.342014,0.380904,0.194574,0.623624,328.12,0.040264,12.9770,0.1571
-43,0.000091,0.182616,1036.92,969.92,2390.62,0.506726,0.149020,-1.236568,-0.671061,1.213379,0.168025,0.092834,0.433390,375.00,0.044156,14.1577,0.2285
-37,0.000080,0.256966,1032.53,993.42,2484.38,0.541816,0.188235,-1.081085,-0.059150,1.148780,-0.232538,-0.148212,0.372205,375.00,0.044245,12.5694,0.3358
-32,0.000081,0.206898,1012.79,976.76,2390.62,0.522766,0.203922,-1.092459,-0.090262,1.081368,0.179547,-0.348440,0.270246,375.00,0.045022,12.2567,0.3653
-27,0.000090,0.247388,1030.43,992.21,2437.50,0.607136,0.215686,-0.605085,0.061707,0.649137,0.013032,-0.283586,0.164795,375.00,0.038314,9.3181,0.4471
-21,0.000212,0.312404,987.85,1049.28,2531.25,0.543064,0.082353,0.006191,0.476168,0.455209,-0.479939,-0.566669,0.109040,140.62,0.033901,7.6007,0.6154
-16,0.000302,0.366395,816.43,1053.96,2296.88,0.413949,0.031373,0.751822,0.958754,-0.099712,-0.792589,-0.806205,-0.012069,140.62,0.077630,13.4861,0.7798
-11,0.000282,0.446858,552.04,858.97,1265.62,0.305040,0.047059,1.082310,1.323377,-0.227900,-0.899701,-0.757426,-0.520662,140.62,0.167432,18.8159,0.8632
-5,0.000257,0.182683,530.28,795.65,1265.62,0.300598,0.054902,0.941429,1.365850,-0.211576,-0.831490,-0.662671,-0.601542,140.62,0.188476,20.3494,0.8564
0,0.000152,0.152905,587.94,844.04,1453.12,0.331831,0.098039,0.581907,1.384362,0.093109,-0.863484,-0.800824,-0.395071,187.50,0.171583,20.3042,0.8294
5,0.000297,0.188300,661.98,887.72,1546.88,0.375828,0.070588,0.324986,1.111694,0.265182,-0.503661,-0.812195,-0.386006,187.50,0.107902,13.8944,0.7888
11,0.000184,0.406649,654.82,784.40,1406.25,0.383589,0.090196,0.299423,0.840738,0.248119,-0.059846,-0.438160,-0.890274,140.62,0.123335,10.6901,0.7746
16,0.000207,0.243527,732.02,817.70,1500.00,0.462064,0.015686,-0.037001,0.563663,0.480627,0.115709,-0.409742,-0.713256,281.25,0.086262,6.6084,0.6953
21,0.000386,0.145216,737.00,790.24,1500.00,0.434038,0.047059,-0.522499,0.613253,0.662187,0.235315,-0.269689,-0.718566,234.38,0.093258,8.8831,0.6317
27,0.000193,0.304994,657.24,739.79,1312.50,0.364549,0.058824,-0.650854,0.924262,0.819140,0.032448,-0.251094,-0.873900,234.38,0.168523,12.8973,0.6680
32,0.000206,0.277175,736.85,821.80,1500.00,0.484832,0.015686,-0.507135,0.724139,0.796777,-0.050325,-0.367335,-0.596121,281.25,0.155889,10.0631,0.6434
37,0.000370,0.060259,756.46,809.08,1500.00,0.446467,0.015686,-0.513406,0.649609,0.655474,0.130769,-0.282107,-0.640338,234.38,0.091542,8.4420,0.6293
43,0.000385,0.271360,641.47,747.73,1359.38,0.322874,0.047059,-0.563566,1.131306,0.598807,0.141203,-0.527593,-0.780157,187.50,0.177377,16.3277,0.7186
48,0.000229,0.263439,649.32,738.27,1406.25,0.363760,0.098039,-0.870085,1.139756,0.811701,-0.024857,-0.241589,-0.814925,234.38,0.229246,16.7550,0.6600
53,0.000123,0.267881,750.10,799.80,1500.00,0.473311,0.164706,-1.070832,0.848453,0.878916,0.064396,-0.142519,-0.578415,234.38,0.176523,11.4792,0.5620
59,0.000211,0.079301,791.38,810.21,1593.75,0.469420,0.047059,-0.453475,0.497206,0.628253,0.272287,-0.361987,-0.582283,281.25,0.075026,7.8821,0.6210
64,0.000280,0.187067,768.97,847.09,1640.62,0.476087,0.039216,-0.178185,0.754923,0.190854,0.104442,-0.369043,-0.502992,187.50,0.086089,11.7657,0.6736
69,0.000165,0.334534,587.68,737.06,1218.75,0.358212,0.094118,0.231229,1.116517,0.221032,-0.175776,-0.446737,-0.946266,187.50,0.150363,15.3991,0.7974
75,0.000094,0.179046,654.75,735.66,1359.38,0.390879,0.200000,-0.001450,0.852883,0.154269,0.123880,-0.289661,-0.839920,187.50,0.132086,13.6209,0.7292
80,0.000221,0.164721,896.50,863.48,1968.75,0.581161,0.035294,-0.114650,0.495529,-0.150173,0.141271,-0.007354,-0.364624,234.38,0.056197,7.1456,0.5930
85,0.000096,0.179766,710.48,822.36,1593.75,0.413511,0.192157,0.139848,0.921990,0.142296,-0.212512,-0.389848,-0.601773,187.50,0.078591,10.9890,0.7363
91,0.000085,0.207337,718.86,851.98,1687.50,0.442983,0.196078,0.164217,0.891265,0.291217,-0.170579,-0.686597,-0.489524,140.62,0.075724,9.4881,0.7532
96,0.000084,0.115857,977.25,948.53,2156.25,0.593424,0.188235,-0.330113,0.504820,0.193708,0.066676,-0.293036,-0.142054,281.25,0.045523,8.5974,0.5756
101,0.000096,0.189396,1012.59,942.02,2250.00,0.592008,0.184314,-0.928441,0.363706,0.453441,0.232500,-0.079712,-0.041493,234.38,0.041109,8.9262,0.4448
107,0.000095,0.250370,986.80,931.18,2250.00,0.607724,0.160784,-0.401387,0.368242,0.200028,0.256851,-0.340175,-0.083559,234.38,0.033577,6.3990,0.5487
112,0.000134,0.255183,999.07,934.15,2250.00,0.607125,0.105882,-0.545529,0.081490,0.460475,0.246674,-0.136221,-0.106888,328.12,0.034350,6.0777,0.4724
117,0.000265,0.363384,973.09,889.44,2062.50,0.590125,0.062745,-0.982275,0.055305,0.649517,0.292517,0.134839,-0.149903,375.00,0.044853,5.9326,0.3879
123,0.000196,0.375587,778.72,846.62,1734.38,0.472907,0.074510,-0.337065,0.717005,0.526150,-0.175637,-0.296672,-0.433780,234.38,0.099842,9.5315,0.6353
128,0.000093,0.188051,648.83,814.38,1453.12,0.386579,0.211765,0.156261,1.045479,0.410957,-0.391561,-0.608384,-0.612754,234.38,0.113859,10.9428,0.7706
133,0.000137,0.151206,772.14,860.66,1640.62,0.447367,0.090196,-0.139590,0.635859,0.523915,0.002936,-0.540990,-0.482131,140.62,0.053684,7.1826,0.6813
139,0.000249,0.167247,831.23,859.64,1734.38,0.520326,0.031373,-0.617970,0.237349,0.781318,0.312850,-0.336565,-0.376982,328.12,0.055582,8.6438,0.5415
144,0.000152,0.386289,625.08,779.57,1125.00,0.369570,0.058824,-0.026204,1.000169,0.761905,-0.104873,-0.864294,-0.766703,234.38,0.089087,10.9451,0.7863
149,0.000105,0.166291,631.22,831.26,1265.62,0.356120,0.133333,0.001344,1.206943,0.683141,-0.401842,-0.869519,-0.620066,234.38,0.110140,13.6084,0.7940
155,0.000199,0.238840,786.34,882.95,1781.25,0.437909,0.074510,-0.428448,0.646084,0.814333,-0.062201,-0.632552,-0.337216,328.12,0.058419,9.2947,0.6442
160,0.000134,0.239857,750.66,874.00,1687.50,0.449436,0.074510,-0.265681,0.717752,0.749375,-0.340406,-0.406943,-0.454096,281.25,0.066030,9.0081,0.6585
165,0.000168,0.254878,739.25,845.06,1546.88,0.465211,0.078431,-0.038833,0.648916,0.590631,-0.126193,-0.521318,-0.553204,281.25,0.082746,9.1269,0.6989
171,0.000198,0.135878,745.56,850.91,1687.50,0.443329,0.098039,-0.315581,0.750659,0.635644,-0.073287,-0.604820,-0.392616,234.38,0.073710,10.5816,0.6718
176,0.000115,0.271763,700.92,861.77,1640.62,0.415429,0.149020,-0.267349,1.001305,0.677834,-0.283314,-0.623615,-0.504861,234.38,0.107493,14.8525,0.7173
181,0.000102,0.175085,732.12,868.12,1687.50,0.449751,0.211765,-0.126273,0.888620,0.585368,-0.354631,-0.496325,-0.496759,234.38,0.083515,10.9320,0.7063
187,0.000136,0.106524,856.70,912.87,2015.62,0.513268,0.113725,-0.264161,0.462650,0.576050,-0.132436,-0.375510,-0.266593,281.25,0.044179,8.3170,0.6036
192,0.000097,0.265564,755.34,865.93,1828.12,0.443993,0.160784,-0.347016,0.689501,0.770746,-0.087395,-0.664540,-0.361296,328.12,0.053451,8.9574,0.6647
197,0.000089,0.226015,916.98,920.02,2156.25,0.549727,0.223529,-1.030366,0.299608,0.847728,0.229575,-0.288632,-0.057913,328.12,0.060096,9.4807,0.4521
203,0.000089,0.102489,1024.33,972.91,2343.75,0.607053,0.184314,-1.045541,0.057236,0.814589,0.144076,-0.105981,0.135621,328.12,0.045167,8.8563,0.3754
208,0.000154,0.227027,1086.97,1027.02,2578.12,0.619452,0.082353,-0.912356,-0.129893,0.843786,-0.003181,-0.094338,0.295982,375.00,0.044627,9.5383,0.3493
213,0.000154,0.351303,814.58,969.90,2156.25,0.455712,0.082353,-0.323130,0.789270,0.737587,-0.318490,-0.761953,-0.123282,187.50,0.054466,10.0734,0.6628
219,0.000130,0.300485,676.58,897.63,1500.00,0.357871,0.113725,-0.123259,1.227084,0.828359,-0.560695,-0.996448,-0.375042,234.38,0.086729,14.5563,0.7752
224,0.000153,0.173666,779.83,931.42,1875.00,0.418761,0.082353,-0.560880,1.029721,0.941126,-0.454747,-0.666908,-0.288312,281.25,0.080532,15.4061,0.6708
229,0.000190,0.226882,780.10,917.57,1828.12,0.460488,0.062745,-0.218086,0.841556,0.696381,-0.266001,-0.661232,-0.392618,281.25,0.075141,13.2372,0.6982
235,0.000128,0.303006,734.09,900.56,1781.25,0.448125,0.105882,0.106015,0.755027,0.611487,-0.341202,-0.672338,-0.458988,234.38,0.076975,10.0966,0.7303
240,0.000075,0.174922,667.82,861.81,1500.00,0.399147,0.266667,0.096627,1.003526,0.545781,-0.408328,-0.687905,-0.549703,234.38,0.085350,11.8791,0.7629
245,0.000141,0.207257,894.89,967.05,2250.00,0.520882,0.109804,-0.617264,0.675083,0.821258,-0.395909,-0.507065,0.023897,234.38,0.055030,10.4485,0.5672
251,0.000125,0.181680,953.01,986.56,2296.88,0.592525,0.098039,-0.616666,0.567057,0.687144,-0.193628,-0.463506,0.019599,234.38,0.051121,8.9555,0.5491
256,0.000077,0.256074,795.86,928.65,1968.75,0.456664,0.266667,-0.319149,0.885061,0.531886,-0.260515,-0.522759,-0.314522,234.38,0.071496,11.8325,0.6685
261,0.000112,0.153434,966.02,1026.09,2437.50,0.547869,0.164706,-0.514580,0.581322,0.707842,-0.329798,-0.522680,0.077893,234.38,0.055469,10.7696,0.5636
267,0.000102,0.165415,957.04,1018.49,2343.75,0.526338,0.145098,-0.517391,0.640265,0.586408,-0.166249,-0.491528,-0.051505,234.38,0.052249,10.3419,0.5825
272,0.000081,0.249089,856.93,899.06,2062.50,0.473784,0.235294,-1.242065,0.705320,1.019214,0.040043,-0.451708,-0.070804,281.25,0.053627,10.3188,0.4982
277,0.000108,0.153960,994.89,940.72,2156.25,0.568091,0.094118,-1.102558,0.130288,0.883199,0.068710,-0.140592,0.160953,328.12,0.049841,12.0882,0.3784
283,0.000114,0.312236,945.44,975.72,2203.12,0.520376,0.113725,-1.042190,0.585847,0.827631,-0.131502,-0.382380,0.142594,234.38,0.037240,7.6357,0.4730
288,0.000101,0.188342,876.92,977.67,2203.12,0.489755,0.137255,-0.824358,0.833872,0.852256,-0.311550,-0.586483,0.036263,234.38,0.062534,12.7135,0.5695
293,0.000077,0.232579,839.68,931.75,2156.25,0.464820,0.207843,-0.977968,0.844664,1.093192,-0.531876,-0.418699,-0.009314,281.25,0.062080,13.5866,0.5368
299,0.000098,0.126538,1002.13,981.96,2343.75,0.565974,0.094118,-0.916269,0.481014,0.859135,-0.413250,-0.140754,0.130125,281.25,0.044033,11.0396,0.4471
304,0.000069,0.284694,1074.96,1027.41,2484.38,0.620758,0.270588,-1.080183,0.259387,0.843854,-0.074425,-0.307367,0.358736,328.12,0.034387,7.6379,0.3927
309,0.000066,0.215961,1005.04,1001.85,2437.50,0.593989,0.321569,-0.579999,0.434518,0.555166,-0.171532,-0.315171,0.077019,187.50,0.027086,5.6382,0.5116
315,0.000098,0.195516,1149.56,986.57,2531.25,0.680319,0.094118,-0.756291,-0.039821,0.287222,0.354059,0.053399,0.101434,234.38,0.020150,4.7315,0.3833
320,0.000101,0.271625,1077.40,1023.29,2484.38,0.621795,0.129412,-0.614664,0.282362,0.577227,-0.175039,-0.222130,0.152246,281.25,0.027807,6.1140,0.4672
325,0.000065,0.247306,910.79,951.34,2203.12,0.548466,0.282353,-0.658766,0.684168,0.650064,-0.176376,-0.422412,-0.076678,234.38,0.047619,9.6767,0.5652
331,0.000071,0.091276,974.75,993.54,2250.00,0.569294,0.282353,-1.226074,0.720526,0.828562,-0.183918,-0.235142,0.096047,234.38,0.045246,11.8520,0.4543
336,0.000088,0.240579,1166.39,1061.35,2718.75,0.644487,0.145098,-1.384135,0.314931,0.762084,-0.072822,-0.009602,0.389544,234.38,0.029604,8.5696,0.3264
341,0.000084,0.298724,1060.94,968.54,2203.12,0.648153,0.180392,-0.992505,0.239809,0.543365,0.114081,0.089088,0.006163,234.38,0.031241,6.8965,0.3956
347,0.000109,0.164407,949.38,956.88,2156.25,0.553989,0.129412,-1.014249,0.346254,0.864671,-0.020836,-0.169731,-0.006111,234.38,0.031214,7.4482,0.4388
352,0.000088,0.253771,912.37,952.57,2203.12,0.468968,0.160784,-1.086997,0.425474,1.135937,-0.129690,-0.387212,0.042488,375.00,0.038873,8.9056,0.4605
357,0.000084,0.268180,933.45,996.76,2250.00,0.523541,0.192157,-1.316072,0.806384,0.950799,-0.085470,-0.497024,0.141385,234.38,0.048076,10.6082,0.4808
363,0.000089,0.145294,1035.71,1035.54,2343.75,0.556227,0.149020,-1.308635,0.746189,0.589049,0.128095,-0.436651,0.281953,234.38,0.048126,12.0443,0.4492
368,0.000076,0.320518,1099.67,1058.03,2578.12,0.611315,0.235294,-1.230736,0.336874,0.870012,0.004051,-0.397317,0.417116,234.38,0.030244,6.8939,0.3877
373,0.000088,0.165795,1083.80,1019.13,2484.38,0.628524,0.160784,-1.173620,-0.050967,0.948363,0.045025,-0.118356,0.349556,375.00,0.042652,10.6469,0.3257
379,0.000063,0.120976,1166.04,1067.34,2718.75,0.618152,0.376471,-1.111735,-0.038557,0.871793,-0.057823,-0.246940,0.583263,375.00,0.044177,11.3155,0.3223
384,0.000077,0.159967,1028.24,1018.63,2437.50,0.543568,0.219608,-0.942667,0.255076,0.900926,-0.061350,-0.443045,0.291060,375.00,0.036959,9.7881,0.4334
389,0.000118,0.126296,1140.21,1087.96,2812.50,0.591682,0.121569,-0.955040,0.176753,0.792025,-0.062819,-0.309198,0.358278,375.00,0.033880,10.5222,0.3980
395,0.000067,0.400186,864.07,980.03,2109.38,0.493818,0.317647,-0.459702,0.646728,0.848628,-0.338475,-0.615195,-0.081983,234.38,0.034093,7.1135,0.6088
400,0.000081,0.160802,960.41,1023.75,2343.75,0.572813,0.266667,-0.381536,0.609636,0.498636,-0.218806,-0.482369,-0.025559,281.25,0.040547,8.6290,0.5910

----- END /raw_F#0_r01_404748.csv -----
----- BEGIN /raw_F#0_r02_408866.csv (17388 bytes) -----
ms_from_event,rms,flux,centroid_hz,spread_hz,rolloff85_hz,flatness,zcr,band0,band1,band2,band3,band4,band5,peak_hz,peak_mag,peak_ratio,low_dom
-208,0.000078,0.175785,1129.44,1054.22,2718.75,0.567846,0.243137,-1.470176,-0.062354,1.114773,-0.042183,-0.025759,0.485698,375.00,0.040176,11.2297,0.2697
-203,0.000066,0.249359,1108.85,1052.95,2625.00,0.578246,0.317647,-1.173323,0.232734,0.980532,-0.254925,-0.247411,0.462393,375.00,0.038903,10.2819,0.3594
-197,0.000100,0.174027,1109.85,1034.81,2484.38,0.606881,0.113725,-0.940339,0.097682,0.725619,-0.079032,-0.146574,0.342643,375.00,0.036975,9.2519,0.3730
-192,0.000091,0.184839,1002.65,1020.81,2390.62,0.537042,0.196078,-0.889691,0.328165,0.865719,-0.220879,-0.271724,0.188410,375.00,0.038766,9.3393,0.4405
-187,0.000088,0.146618,953.78,1002.10,2390.62,0.506411,0.164706,-0.872928,0.261527,0.951447,-0.183460,-0.254497,0.097911,328.12,0.044945,11.1555,0.4434
-181,0.000105,0.151195,988.88,991.92,2437.50,0.559915,0.145098,-1.227009,0.203952,1.039807,-0.144079,-0.003681,0.131010,328.12,0.048306,12.1373,0.3600
-176,0.000096,0.231176,832.46,914.09,2062.50,0.451673,0.121569,-1.082366,0.654746,1.107407,-0.196696,-0.406822,-0.076271,328.12,0.051858,12.4510,0.5069
-171,0.000081,0.191704,890.54,939.03,2203.12,0.468565,0.184314,-1.878032,0.463644,1.293007,0.198741,-0.266632,0.189273,328.12,0.048854,11.5881,0.3388
-165,0.000078,0.162921,1023.10,1034.51,2625.00,0.538562,0.309804,-1.310542,0.194076,1.050603,0.057586,-0.274471,0.282750,375.00,0.043688,11.1393,0.3630
-160,0.000092,0.210020,1063.47,1022.90,2578.12,0.554271,0.098039,-1.797554,0.290762,1.137877,0.034457,-0.118852,0.453309,375.00,0.041500,10.4503,0.2848
-155,0.000093,0.160222,1067.21,1067.10,2671.88,0.570125,0.180392,-1.153336,0.418064,0.945179,-0.269040,-0.260587,0.319721,375.00,0.040796,10.2743,0.4020
-149,0.000080,0.205828,1105.86,1072.45,2625.00,0.582302,0.235294,-1.119925,0.074682,0.990218,-0.251635,-0.171811,0.478470,328.12,0.044827,10.8209,0.3372
-144,0.000079,0.175654,1142.50,1054.63,2578.12,0.602154,0.235294,-1.289726,0.133570,0.894118,-0.102505,-0.142158,0.506702,328.12,0.041632,10.0571,0.3186
-139,0.000092,0.159050,1157.79,1042.98,2625.00,0.656230,0.149020,-1.336526,-0.099213,0.890296,-0.027093,0.131741,0.440795,375.00,0.040093,10.2586,0.2681
-133,0.000095,0.177280,1009.74,1000.22,2390.62,0.555557,0.160784,-1.484785,0.190972,1.127065,-0.080258,-0.058217,0.305223,375.00,0.046003,11.6481,0.3164
-128,0.000082,0.119596,1000.43,987.04,2343.75,0.562117,0.258824,-1.252052,0.065184,1.055517,0.047310,-0.112704,0.196743,375.00,0.045691,11.7660,0.3463
-123,0.000087,0.115895,1056.84,1029.69,2531.25,0.552206,0.180392,-1.382713,0.140442,1.040278,0.016409,-0.166841,0.352423,375.00,0.041144,10.9786,0.3287
-117,0.000095,0.182061,1047.50,1021.68,2578.12,0.589111,0.156863,-1.501560,0.214278,1.027070,0.144391,-0.170522,0.286343,328.12,0.043323,10.5199,0.3315
-112,0.000078,0.142004,1002.60,997.27,2437.50,0.551700,0.262745,-1.363836,0.122306,1.124896,0.001214,-0.107982,0.223402,328.12,0.045173,11.1088,0.3366
-107,0.000087,0.121128,1094.72,1053.48,2578.12,0.608875,0.156863,-1.079810,0.173743,0.897839,-0.311264,-0.050315,0.369806,328.12,0.041662,11.3560,0.3514
-101,0.000085,0.175445,1115.57,1041.52,2671.88,0.585171,0.211765,-1.218123,0.011856,1.025929,-0.458721,0.172956,0.466102,375.00,0.042857,11.6393,0.2844
-96,0.000095,0.170421,1020.64,999.38,2484.38,0.577965,0.184314,-0.946303,0.013037,1.023658,-0.316670,-0.017633,0.243911,375.00,0.047886,12.7067,0.3590
-91,0.000085,0.160514,1050.99,1014.66,2484.38,0.569746,0.180392,-0.691374,-0.058905,0.963176,-0.505611,-0.015740,0.308454,375.00,0.047663,12.0715,0.3725
-85,0.000109,0.226533,1053.69,1038.52,2531.25,0.611320,0.117647,-0.654414,0.222900,0.803428,-0.480305,-0.198639,0.307030,375.00,0.046063,10.8437,0.4329
-80,0.000095,0.220972,1000.13,1015.83,2578.12,0.506329,0.203922,-1.431139,0.260541,1.100782,0.187129,-0.406835,0.289521,375.00,0.046443,10.7881,0.3713
-75,0.000099,0.284150,915.91,959.29,2343.75,0.498059,0.160784,-0.996372,0.447216,0.993319,0.093075,-0.638971,0.101734,328.12,0.054412,10.3041,0.4985
-69,0.000101,0.110262,1071.18,1045.78,2484.38,0.561621,0.094118,-0.947356,0.149499,0.947839,-0.221277,-0.283311,0.354605,328.12,0.061292,15.0777,0.3930
-64,0.000094,0.116754,1039.79,1009.56,2484.38,0.524213,0.149020,-1.506811,0.072473,1.286563,-0.328614,0.015472,0.460919,328.12,0.062819,17.6453,0.2778
-59,0.000091,0.162080,984.54,950.52,2343.75,0.502031,0.149020,-1.603420,-0.081742,1.388884,-0.088727,-0.023496,0.408502,328.12,0.052265,14.5292,0.2621
-53,0.000088,0.259728,1017.26,961.54,2390.62,0.521008,0.172549,-1.925763,-0.103190,1.360337,0.259290,-0.052646,0.461971,375.00,0.054191,14.4513,0.2281
-48,0.000080,0.219444,1019.14,969.00,2390.62,0.578152,0.172549,-1.213495,-0.104360,1.050114,-0.009944,0.097711,0.179973,375.00,0.052194,12.8318,0.3105
-43,0.000107,0.193457,1056.29,996.69,2484.38,0.583689,0.121569,-0.692512,-0.140531,0.835006,-0.271135,0.125745,0.143427,375.00,0.046295,11.5187,0.3656
-37,0.000095,0.267863,958.81,990.09,2343.75,0.543843,0.141176,-0.366829,0.172593,0.636620,-0.172059,-0.220423,-0.049903,328.12,0.045325,9.9289,0.5095
-32,0.000175,0.284705,840.64,976.17,2296.88,0.475449,0.058824,0.040690,0.623805,0.566150,-0.239762,-0.781213,-0.209671,140.62,0.043436,8.3879,0.6959
-27,0.000144,0.265094,709.20,946.30,1875.00,0.380164,0.062745,0.554204,1.038776,0.342216,-0.789379,-0.847635,-0.298180,140.62,0.077107,14.5270,0.7973
-21,0.000096,0.250488,663.55,935.03,1781.25,0.385034,0.172549,0.708600,1.181426,-0.026253,-0.692752,-0.859293,-0.311727,140.62,0.087770,14.7382,0.8221
-16,0.000088,0.169077,871.74,1053.06,2390.62,0.496995,0.200000,0.036707,0.864021,0.273115,-0.479126,-0.680739,-0.013978,187.50,0.074410,14.2898,0.6895
-11,0.000182,0.240593,948.75,1007.45,2296.88,0.583607,0.043137,-0.319538,0.510269,0.461407,-0.135540,-0.494588,-0.022008,140.62,0.037316,7.5447,0.5875
-5,0.000347,0.386663,648.83,847.52,1593.75,0.388958,0.039216,0.486915,0.851582,0.445084,-0.433625,-0.825008,-0.524947,140.62,0.078335,11.1320,0.7932
0,0.000156,0.418139,511.66,780.48,984.38,0.298676,0.070588,0.772175,1.363673,0.411295,-0.888005,-0.960667,-0.698470,140.62,0.145036,13.9522,0.8696
5,0.000453,0.203869,614.05,809.10,1171.88,0.362709,0.007843,0.179620,1.101552,0.552659,-0.444463,-0.656883,-0.732486,234.38,0.106677,10.5344,0.7917
11,0.000396,0.387051,580.37,643.96,1078.12,0.303579,0.043137,0.307365,0.843831,0.474655,0.088799,-0.309497,-1.405152,93.75,0.122496,8.5133,0.8074
16,0.000376,0.335314,546.59,656.92,1078.12,0.293596,0.027451,0.631216,0.947598,0.124578,0.087411,-0.480748,-1.310057,93.75,0.202019,10.3851,0.8435
21,0.000304,0.199191,627.03,712.89,1265.62,0.333771,0.062745,0.225865,0.843653,0.347524,0.061431,-0.362314,-1.116159,93.75,0.176385,9.5145,0.7814
27,0.000379,0.172768,721.24,734.79,1453.12,0.417206,0.039216,-0.141321,0.638672,0.468415,0.224188,-0.285152,-0.904801,234.38,0.177193,9.8785,0.6992
32,0.000383,0.202592,751.49,753.02,1453.12,0.454399,0.074510,-0.611775,0.585955,0.680281,0.251837,-0.129522,-0.776775,234.38,0.187801,9.8501,0.6083
37,0.000191,0.178125,724.46,756.91,1453.12,0.421100,0.086275,-0.093554,0.668955,0.407629,0.124614,-0.194770,-0.912874,234.38,0.178991,9.9431,0.6988
43,0.000276,0.197826,795.28,801.00,1640.62,0.499649,0.078431,0.035438,0.610310,0.038643,0.058738,-0.082277,-0.660852,140.62,0.133882,7.6138,0.6670
48,0.000360,0.070665,750.51,782.78,1546.88,0.438586,0.039216,-0.176535,0.831668,0.164118,0.178833,-0.272330,-0.725754,187.50,0.115402,9.5432,0.6956
53,0.000148,0.222010,652.01,754.05,1312.50,0.366289,0.129412,-0.417983,1.084813,0.507208,0.082234,-0.412195,-0.844076,234.38,0.177213,15.0121,0.7234
59,0.000282,0.223224,635.40,779.17,1359.38,0.343988,0.054902,-0.091376,1.104718,0.586537,-0.200880,-0.699941,-0.699057,187.50,0.139884,11.9437,0.7696
64,0.000135,0.270590,793.91,813.95,1687.50,0.482800,0.129412,-0.707989,0.677009,0.663590,0.159248,-0.292125,-0.499732,281.25,0.122781,10.3885,0.5940
69,0.000118,0.112323,799.46,804.55,1640.62,0.468267,0.180392,-1.063138,0.760845,0.742790,0.279151,-0.184863,-0.534786,281.25,0.109171,10.6269,0.5520
75,0.000150,0.117109,879.52,836.09,1875.00,0.518341,0.168627,-0.665334,0.420305,0.544306,0.461839,-0.363902,-0.397213,281.25,0.061234,8.3002,0.5642
80,0.000222,0.247679,906.66,833.04,1734.38,0.528546,0.062745,-1.001678,0.480171,0.374823,0.406236,0.119726,-0.379279,187.50,0.056909,7.6379,0.4673
85,0.000142,0.311490,793.45,832.14,1500.00,0.440792,0.113725,-1.281311,0.824242,0.894588,0.180421,-0.140591,-0.477350,234.38,0.094263,11.1003,0.5201
91,0.000145,0.260792,758.65,778.20,1500.00,0.403736,0.203922,-0.697711,0.644447,0.779128,0.412470,-0.524120,-0.614214,281.25,0.098693,10.0665,0.6324
96,0.000218,0.104117,776.77,796.20,1500.00,0.447239,0.058824,-0.373496,0.614661,0.501974,0.318528,-0.457382,-0.604285,234.38,0.066082,7.5636,0.6573
101,0.000121,0.217169,782.70,829.03,1640.62,0.483704,0.117647,-0.422090,0.581336,0.559813,0.181042,-0.364298,-0.535804,234.38,0.090256,10.2396,0.6294
107,0.000153,0.207455,780.24,808.61,1546.88,0.500166,0.113725,-0.579599,0.583683,0.689768,0.207588,-0.308834,-0.592605,281.25,0.087873,9.1421,0.6113
112,0.000149,0.073473,923.24,870.38,1921.88,0.551478,0.054902,-0.831889,0.381485,0.560418,0.338327,-0.140067,-0.308273,281.25,0.079413,11.1791,0.4997
117,0.000159,0.304121,987.21,910.07,2156.25,0.643112,0.074510,-0.850186,0.207973,0.614302,0.290267,-0.176609,-0.085748,281.25,0.082964,8.8142,0.4527
123,0.000153,0.157487,869.00,857.55,1828.12,0.524626,0.105882,-1.139507,0.621417,0.715001,0.328963,-0.248769,-0.277104,281.25,0.076230,9.8695,0.5010
128,0.000150,0.237373,851.04,845.85,1781.25,0.532650,0.062745,-0.956251,0.514926,0.625418,0.357554,-0.217863,-0.323784,234.38,0.076760,9.7204,0.5125
133,0.000158,0.304861,957.29,903.51,2109.38,0.622123,0.074510,-0.801862,0.293410,0.607896,0.230390,-0.199490,-0.130345,281.25,0.070787,7.2580,0.4777
139,0.000200,0.152710,870.93,869.75,1875.00,0.528007,0.109804,-1.069569,0.709835,0.684683,0.218306,-0.239061,-0.304194,234.38,0.084322,10.7818,0.5229
144,0.000091,0.268090,756.10,834.90,1640.62,0.440087,0.200000,-0.224130,0.933463,0.291868,-0.136075,-0.217791,-0.647336,234.38,0.095354,11.5761,0.6872
149,0.000149,0.138411,762.26,877.65,1687.50,0.451517,0.050980,-0.004672,0.789103,0.187725,0.098920,-0.571229,-0.499846,187.50,0.066566,9.9375,0.7166
155,0.000298,0.236791,815.80,892.99,1687.50,0.488041,0.035294,-0.452518,0.632234,0.644766,0.231459,-0.571149,-0.484793,234.38,0.062522,9.7540,0.6497
160,0.000089,0.439941,586.32,783.75,1125.00,0.337117,0.192157,0.289945,1.144566,0.496072,-0.257004,-0.885228,-0.788351,234.38,0.113969,12.1751,0.8255
165,0.000124,0.175375,665.84,830.73,1359.38,0.390770,0.105882,0.076805,0.931327,0.449769,-0.000217,-0.867308,-0.590377,187.50,0.094977,9.7706,0.7743
171,0.000122,0.202548,965.78,948.58,2203.12,0.584256,0.200000,-0.813620,0.149936,0.740359,0.268489,-0.319764,-0.025400,328.12,0.048374,7.2156,0.4603
176,0.000104,0.186398,873.81,887.95,2015.62,0.516199,0.180392,-1.344679,0.680639,0.884629,0.222208,-0.311310,-0.131486,281.25,0.057848,9.9046,0.4724
181,0.000106,0.237091,828.39,826.47,1593.75,0.483123,0.141176,-1.006569,0.456477,0.773222,0.559186,-0.498486,-0.283829,328.12,0.046811,7.2275,0.5290
187,0.000171,0.168363,879.82,860.44,1921.88,0.526140,0.125490,-0.708363,0.480441,0.487104,0.343768,-0.313731,-0.289219,234.38,0.039797,6.3582,0.5467
192,0.000098,0.324279,861.58,844.67,1828.12,0.565453,0.141176,-0.324378,0.417045,0.219298,0.156410,-0.013101,-0.455274,187.50,0.052467,6.8647,0.5697
197,0.000070,0.152070,802.93,856.38,1828.12,0.507951,0.196078,0.050467,0.540181,-0.001054,0.146325,-0.285141,-0.450779,140.62,0.059288,7.7606,0.6600
203,0.000108,0.106249,959.65,955.76,2296.88,0.539136,0.117647,-0.266770,0.114578,0.340866,0.372833,-0.453553,-0.107955,140.62,0.026078,4.6965,0.5510
208,0.000147,0.197347,1005.86,988.25,2484.38,0.595944,0.117647,-0.707138,0.145123,0.748003,0.177485,-0.430930,0.067457,328.12,0.037311,7.5114,0.4752
213,0.000151,0.349097,841.04,884.40,1875.00,0.494174,0.101961,-0.470654,0.623108,0.582068,0.127374,-0.468498,-0.393398,281.25,0.052886,8.2587,0.6241
219,0.000103,0.311298,933.80,921.85,1968.75,0.602621,0.133333,-0.435144,0.399175,0.416806,0.267589,-0.311905,-0.336521,281.25,0.064313,7.3077,0.5760
224,0.000147,0.053530,851.89,931.59,1921.88,0.492276,0.117647,-0.427903,0.674155,0.674786,-0.120669,-0.445100,-0.355269,281.25,0.060587,9.0730,0.6279
229,0.000105,0.210084,875.24,913.31,1968.75,0.494719,0.137255,-0.353164,0.464249,0.535907,0.095199,-0.445445,-0.296745,234.38,0.053208,7.9724,0.6051
235,0.000136,0.237760,909.51,915.33,2062.50,0.560032,0.098039,-0.483285,0.380260,0.555823,0.283962,-0.494404,-0.242356,281.25,0.052992,6.7796,0.5786
240,0.000098,0.124236,840.06,917.31,2015.62,0.479952,0.164706,-0.506387,0.723306,0.590578,0.092419,-0.651129,-0.248788,234.38,0.056518,9.1664,0.6361
245,0.000119,0.217320,819.74,925.97,2015.62,0.484415,0.137255,-0.493326,0.678733,0.742135,-0.161368,-0.631861,-0.134313,187.50,0.049187,8.6036,0.6168
251,0.000132,0.156478,808.26,900.27,1968.75,0.493826,0.090196,-0.582885,0.608267,0.792997,-0.128767,-0.482554,-0.207058,328.12,0.052724,9.2323,0.5884
256,0.000098,0.197624,813.99,923.07,2062.50,0.499664,0.164706,-0.149165,0.625696,0.455943,-0.028944,-0.693620,-0.209909,187.50,0.050883,8.8415,0.6660
261,0.000119,0.191738,805.26,919.72,2015.62,0.489730,0.137255,-0.234653,0.585821,0.642245,-0.145654,-0.663416,-0.184343,328.12,0.048823,8.3950,0.6455
267,0.000076,0.154156,800.48,894.07,1921.88,0.480675,0.188235,-0.533443,0.658830,0.816244,-0.231596,-0.448274,-0.261762,328.12,0.049931,8.8653,0.6029
272,0.000094,0.111056,939.88,950.84,2203.12,0.556947,0.145098,-0.713212,0.473680,0.735538,-0.248883,-0.180686,-0.066439,328.12,0.040949,9.0590,0.5009
277,0.000096,0.215111,892.22,900.70,2015.62,0.537179,0.129412,-0.505225,0.162015,0.680099,0.104674,-0.248435,-0.193127,328.12,0.035805,8.4710,0.5123
283,0.000096,0.230977,988.49,982.58,2484.38,0.522159,0.149020,-1.082219,0.302815,0.864752,0.182506,-0.354315,0.086460,328.12,0.045738,10.8678,0.4364
288,0.000095,0.335045,986.23,1018.94,2484.38,0.544373,0.137255,-0.587332,0.528832,0.616699,0.005858,-0.686289,0.122233,234.38,0.032948,6.6129,0.5629
293,0.000131,0.269461,856.09,940.43,2203.12,0.525623,0.129412,-0.066130,0.577173,0.257404,0.002647,-0.626786,-0.144308,187.50,0.044405,8.7714,0.6550
299,0.000119,0.248830,774.31,884.10,1734.38,0.456038,0.105882,-0.493209,0.601833,0.839859,0.049272,-0.701902,-0.295852,234.38,0.045371,8.0453,0.6349
304,0.000093,0.257461,813.79,945.14,2109.38,0.435433,0.145098,-0.754233,0.913399,0.929851,-0.164526,-0.799121,-0.125371,281.25,0.060074,10.5615,0.6322
309,0.000112,0.207067,1032.80,1043.90,2625.00,0.550727,0.113725,-1.285508,0.489489,0.937510,-0.137826,-0.242942,0.239276,328.12,0.053186,11.8251,0.4022
315,0.000132,0.211169,868.18,955.94,2015.62,0.472878,0.129412,-0.804877,0.607944,0.954756,-0.206140,-0.407419,-0.144263,281.25,0.046584,9.9981,0.5442
320,0.000106,0.308831,872.84,946.09,2015.62,0.516798,0.121569,-0.687525,0.641178,0.686960,-0.164481,-0.261811,-0.214322,234.38,0.058592,10.0919,0.5535
325,0.000086,0.270834,829.96,896.46,1921.88,0.520466,0.188235,-0.248318,0.447602,0.580885,-0.257168,-0.206792,-0.316209,187.50,0.044413,6.9227,0.5893
331,0.000087,0.070326,927.16,941.46,2203.12,0.529798,0.200000,-0.444178,0.212538,0.707917,-0.180122,-0.217995,-0.078160,375.00,0.040172,8.6120,0.5081
336,0.000103,0.233715,1015.49,1001.59,2484.38,0.583919,0.090196,-0.741838,0.245662,0.650246,0.092769,-0.352443,0.105604,328.12,0.037635,7.5972,0.4689
341,0.000104,0.174125,969.31,972.20,2437.50,0.532084,0.145098,-0.781718,0.229488,0.854532,-0.009720,-0.350478,0.057895,328.12,0.048479,9.8465,0.4676
347,0.000086,0.198724,897.43,934.75,2203.12,0.533806,0.196078,-0.770350,0.551941,0.848497,-0.284918,-0.230895,-0.114275,281.25,0.051987,11.1129,0.5158
352,0.000087,0.204763,919.63,936.23,2250.00,0.507226,0.200000,-0.747304,0.312847,0.900388,-0.157154,-0.275771,-0.033006,328.12,0.041530,9.4159,0.4843
357,0.000109,0.273502,993.92,993.29,2484.38,0.601252,0.137255,-0.664181,0.233163,0.627981,0.176750,-0.417024,0.043311,328.12,0.029659,5.7851,0.4928
363,0.000072,0.198381,904.52,957.49,2390.62,0.523519,0.250980,-0.507463,0.299886,0.711792,0.207568,-0.632789,-0.078994,234.38,0.040760,7.3349,0.5627
368,0.000083,0.166334,956.15,986.54,2484.38,0.534666,0.160784,-0.848880,0.538455,0.735784,-0.008259,-0.494450,0.077350,234.38,0.036529,7.6307,0.5133
373,0.000135,0.179451,1062.14,1018.66,2578.12,0.561549,0.098039,-1.765710,0.216115,1.081648,0.069694,-0.027989,0.426241,375.00,0.036223,10.2099,0.2741
379,0.000072,0.358425,894.32,941.15,2062.50,0.537027,0.250980,-0.651806,0.361209,0.816143,-0.169890,-0.253162,-0.102493,375.00,0.052189,9.9396,0.5081
384,0.000106,0.271055,923.89,891.34,1921.88,0.573422,0.121569,-0.748523,0.181286,0.654945,0.163360,0.009509,-0.260577,375.00,0.038704,5.8117,0.4606
389,0.000099,0.119954,965.75,928.44,2296.88,0.586566,0.121569,-1.226837,0.218728,0.861114,0.386279,-0.220307,-0.018976,281.25,0.034188,6.5938,0.4051
395,0.000103,0.188942,967.88,970.39,2343.75,0.493284,0.164706,-1.268859,0.493115,1.005223,0.111372,-0.462306,0.121454,281.25,0.057140,13.1736,0.4459
400,0.000089,0.183441,1009.35,996.84,2531.25,0.583024,0.156863,-1.182054,0.473411,0.931242,-0.221965,-0.164501,0.163867,281.25,0.053282,12.0120,0.4124

----- END /raw_F#0_r02_408866.csv -----
=== KEY_DUMP_END key=F#0 ===
NEXT: G0
PRESS G0  rep 1/2  then hit Enter
