----- BEGIN /raw_seg_noise_25s_42798.csv (711381 bytes) -----
#BEGIN {"ver":4,"type":"segment","mode":"noise","key":"-","rep":0,"fs_hz":48000,"hop":256,"n_fft":1024,"fmin":50.0,"fmax":3500.0,"pre_ms":60,"lead_ms":150,"post_ms":400,"stored_pre_ms":210,"ms_per_frame":5.33333,"t_ms":42798}
ms_from_event,rms,flux,centroid_hz,spread_hz,rolloff85_hz,flatness,zcr,band0,band1,band2,band3,band4,band5,peak_hz,peak_mag,peak_ratio,low_dom
0,0.000094,0.263079,1052.32,1056.13,2578.12,0.596722,0.156863,-0.318774,0.163160,0.581078,-0.161647,-0.357379,0.093561,140.62,0.022533,6.7816,0.5135
5,0.000087,0.303313,895.25,989.09,2250.00,0.514849,0.121569,-0.208691,0.718081,0.590338,-0.548813,-0.436210,-0.114706,281.25,0.032261,8.3933,0.6295
11,0.000095,0.207986,937.25,1014.66,2296.88,0.519408,0.192157,-0.461181,0.661437,0.734298,-0.465074,-0.413488,-0.055993,281.25,0.039440,10.2973,0.5829
16,0.000081,0.197987,938.26,1041.84,2390.62,0.515236,0.160784,-0.571860,0.855916,0.672499,-0.594845,-0.308436,-0.053273,234.38,0.042754,10.6034,0.5800
21,0.000085,0.207952,963.46,1005.47,2296.88,0.553914,0.164706,-0.712376,0.689682,0.717469,-0.492334,-0.152307,-0.050134,281.25,0.043811,10.9677,0.5225
27,0.000087,0.194421,983.39,969.00,2296.88,0.581872,0.164706,-0.965591,0.207894,0.885063,-0.072992,-0.063132,0.008758,328.12,0.044652,12.2396,0.4130
32,0.000070,0.231325,1036.54,983.59,2343.75,0.574206,0.274510,-0.815663,-0.143783,0.962904,-0.156839,-0.084710,0.238090,328.12,0.048384,12.7951,0.3644
37,0.000078,0.214307,1172.72,1057.10,2671.88,0.625050,0.223529,-0.998929,-0.073632,0.820469,-0.276494,0.054209,0.474377,328.12,0.037685,10.3789,0.3099
43,0.000088,0.248358,1064.52,1013.53,2484.38,0.633959,0.149020,-1.308922,0.375924,0.827483,-0.078887,-0.091841,0.276241,328.12,0.035998,9.4677,0.3638
48,0.000097,0.227289,1076.83,1021.16,2484.38,0.584767,0.184314,-1.377153,0.359214,0.872721,0.073305,-0.284046,0.355959,281.25,0.037829,9.1792,0.3670
53,0.000081,0.313493,1052.72,1024.41,2437.50,0.593534,0.141176,-1.214378,0.445251,0.809836,0.032805,-0.272728,0.199214,281.25,0.040448,8.4699,0.4139
59,0.000062,0.175073,1027.07,1011.40,2484.38,0.585018,0.329412,-1.414545,0.416862,1.019373,-0.008620,-0.302592,0.289522,281.25,0.043068,10.5426,0.3794
64,0.000079,0.104467,1137.37,1085.08,2625.00,0.598560,0.207843,-1.115825,0.336910,0.881648,-0.265137,-0.272885,0.435289,328.12,0.034842,11.4744,0.3845
69,0.000063,0.282802,1096.47,1042.31,2531.25,0.630608,0.254902,-1.160726,0.244878,0.754704,0.104392,-0.207876,0.264628,328.12,0.029871,7.9729,0.3808
75,0.000058,0.246985,1165.98,1034.29,2625.00,0.676791,0.294118,-0.778949,-0.006914,0.557537,-0.016399,-0.008057,0.252784,281.25,0.025120,6.2363,0.3740
80,0.000073,0.094072,1277.45,1075.23,2671.88,0.728524,0.282353,-0.735879,0.117308,0.481105,-0.302512,-0.003635,0.443614,281.25,0.021783,6.7091,0.3707
85,0.000064,0.233953,1086.82,1022.76,2437.50,0.650023,0.313726,-0.480764,0.180748,0.470447,-0.232181,-0.133516,0.195266,328.12,0.021257,7.0895,0.4549
91,0.000067,0.289910,1093.48,1046.11,2531.25,0.651084,0.215686,-0.121350,0.194557,0.174495,-0.287150,-0.158055,0.197503,140.62,0.021392,5.9698,0.5042
96,0.000070,0.237110,1214.20,1095.22,2718.75,0.675849,0.262745,-0.541429,0.238080,0.345340,-0.197465,-0.226557,0.382030,281.25,0.022589,6.2511,0.4429
101,0.000093,0.211676,1314.09,1166.86,3000.00,0.630739,0.168627,-1.120828,0.393278,0.655171,-0.270512,-0.259706,0.602597,281.25,0.035340,9.9654,0.3693
107,0.000086,0.247673,1181.84,1155.75,2859.38,0.541725,0.211765,-0.453115,0.538184,0.535983,-0.545554,-0.535769,0.460271,281.25,0.040387,10.7133,0.5201
112,0.000082,0.213214,1032.98,1042.70,2578.12,0.579897,0.121569,-0.693101,0.406725,0.648719,-0.127599,-0.395804,0.161061,281.25,0.041624,10.3701,0.4935
117,0.000057,0.193176,970.44,979.57,2296.88,0.538496,0.337255,-1.126514,0.282269,0.951886,0.148577,-0.407799,0.151580,328.12,0.043585,11.2517,0.4270
123,0.000085,0.179024,1259.88,1069.99,2671.88,0.673938,0.152941,-1.429807,-0.030856,0.938392,-0.145269,-0.037006,0.704547,328.12,0.035715,10.6539,0.2565
128,0.000074,0.183341,1233.65,1056.36,2718.75,0.640992,0.223529,-1.733184,0.088333,0.972058,-0.084125,0.107515,0.649405,328.12,0.036110,10.5966,0.2313
133,0.000068,0.271419,1200.48,1039.77,2531.25,0.656073,0.231373,-1.266263,0.143857,0.815938,-0.257993,0.009861,0.554601,328.12,0.040965,10.0997,0.3008
139,0.000093,0.164374,1192.79,1103.07,2718.75,0.631017,0.145098,-0.749470,0.131124,0.738397,-0.295494,-0.323252,0.498694,375.00,0.029996,8.2728,0.4021
144,0.000063,0.227464,938.00,988.40,2343.75,0.508252,0.294118,-1.044806,0.424346,1.031069,-0.047081,-0.467903,0.104377,328.12,0.036198,9.3466,0.4679
149,0.000091,0.169537,1007.68,952.88,2343.75,0.591153,0.196078,-1.405236,0.167956,0.908493,0.307128,-0.111928,0.133585,328.12,0.037503,10.2046,0.3476
155,0.000082,0.281382,1056.85,952.77,2343.75,0.671188,0.176471,-1.187552,0.011422,0.671284,0.398240,0.008522,0.098082,328.12,0.034938,7.5363,0.3449
160,0.000078,0.181341,1081.32,1019.89,2484.38,0.614456,0.231373,-0.990044,0.066890,0.766339,0.073985,-0.192924,0.275755,328.12,0.038863,9.0757,0.3768
165,0.000077,0.249872,1137.10,995.77,2437.50,0.672758,0.247059,-1.136813,0.217043,0.636440,0.059771,0.038077,0.185483,281.25,0.036544,8.6929,0.3609
171,0.000079,0.172798,1051.22,1002.01,2390.62,0.599618,0.196078,-0.816461,0.331087,0.605749,0.074390,-0.206145,0.011380,281.25,0.039906,9.6159,0.4637
176,0.000082,0.185578,1079.56,1030.67,2531.25,0.573642,0.188235,-1.002471,0.276729,0.808438,-0.095648,-0.210288,0.223242,328.12,0.039185,10.4986,0.4087
181,0.000079,0.191377,1182.20,1021.09,2625.00,0.644377,0.168627,-1.439157,0.023592,0.922004,-0.230632,0.252467,0.471726,328.12,0.043830,12.4643,0.2554
187,0.000077,0.247907,1103.27,997.29,2484.38,0.612998,0.192157,-1.055052,0.158266,0.830869,-0.152365,-0.047452,0.265734,328.12,0.037317,9.7519,0.3641
192,0.000084,0.230158,1009.69,976.21,2250.00,0.611596,0.168627,-0.567979,0.303339,0.623760,-0.131044,-0.258121,0.030046,281.25,0.038736,9.9822,0.4954
197,0.000056,0.193974,1029.04,997.18,2390.62,0.586331,0.325490,-0.884857,0.372119,0.767423,-0.162871,-0.277952,0.186138,281.25,0.039205,10.3982,0.4476
203,0.000067,0.179961,1116.33,1066.07,2671.88,0.639629,0.337255,-0.923261,0.141084,0.764710,-0.058552,-0.266880,0.342899,328.12,0.032290,8.6318,0.3943
208,0.000064,0.143006,1379.72,1157.38,3093.75,0.673537,0.313726,-1.146331,-0.430766,0.831450,-0.051585,0.048391,0.748841,375.00,0.025812,9.4919,0.2338
213,0.000083,0.198117,1254.28,1087.76,2812.50,0.649727,0.160784,-1.749093,-0.340824,1.122047,0.001994,0.242348,0.723527,328.12,0.033524,12.2703,0.1783
219,0.000075,0.220673,1071.08,1021.93,2390.62,0.542764,0.188235,-1.459294,0.138808,1.219452,-0.309347,-0.094808,0.505186,328.12,0.039499,13.5329,0.2962
224,0.000084,0.279155,1060.12,1026.45,2437.50,0.584602,0.192157,-0.929840,0.253051,0.926219,-0.290183,-0.273251,0.314006,328.12,0.038447,11.2520,0.4113
229,0.000082,0.260505,1029.00,995.54,2437.50,0.601425,0.180392,-0.835801,-0.087760,0.838094,0.024621,-0.059648,0.120496,328.12,0.039601,10.8324,0.3794
235,0.000088,0.266945,1012.95,950.72,2250.00,0.607608,0.184314,-1.675880,0.143807,0.938564,0.309151,0.124847,0.159513,328.12,0.045591,10.8818,0.2874
240,0.000085,0.159333,1148.34,1041.44,2625.00,0.643538,0.258824,-1.735342,0.303632,0.874305,0.007829,0.083407,0.466171,328.12,0.040738,9.6435,0.2708
245,0.000081,0.191837,1158.11,1060.70,2625.00,0.611304,0.352941,-1.404375,0.463581,0.757867,-0.069471,-0.049002,0.301400,281.25,0.042601,11.3366,0.3551
251,0.000092,0.229243,1125.04,1051.68,2625.00,0.626342,0.262745,-0.986339,0.359775,0.623553,-0.002957,-0.274269,0.280237,281.25,0.029918,7.8232,0.4216
256,0.000074,0.167781,1197.56,1115.95,2765.62,0.666349,0.321569,-0.748771,0.361236,0.548883,-0.201139,-0.376926,0.416714,281.25,0.028937,7.3966,0.4468
261,0.000067,0.198651,1189.61,1088.54,2625.00,0.643910,0.356863,-1.220943,0.270168,0.776351,-0.196090,-0.071262,0.441775,328.12,0.036150,9.5577,0.3406
267,0.000080,0.200242,1352.26,1087.66,2671.88,0.693107,0.168627,-0.997319,-0.164038,0.577468,-0.224543,0.092633,0.715798,328.12,0.030656,8.8831,0.2719
272,0.000087,0.188337,1195.20,1030.68,2484.38,0.659106,0.215686,-0.652824,-0.057029,0.562193,-0.295613,-0.051058,0.494331,328.12,0.028199,7.7656,0.3597
277,0.000088,0.232939,1067.28,1047.59,2484.38,0.607767,0.423529,-0.284069,0.177813,0.721141,-0.702179,-0.266230,0.353522,328.12,0.032505,8.5917,0.4758
283,0.000101,0.278740,1042.26,1036.41,2578.12,0.579284,0.313726,-0.605433,0.450226,0.622413,-0.443353,-0.143458,0.119606,328.12,0.030685,7.6111,0.4836
288,0.000084,0.162000,1160.92,1048.89,2671.88,0.669678,0.443137,-0.992286,0.362653,0.436333,-0.029419,-0.038189,0.260910,281.25,0.025250,7.0082,0.3950
293,0.000093,0.228521,1282.42,1136.89,2953.12,0.671659,0.262745,-0.847444,0.270039,0.484874,-0.121042,-0.202595,0.416169,234.38,0.021997,6.2826,0.4024
299,0.000087,0.230592,1215.75,1114.55,2765.62,0.598779,0.262745,-1.043713,0.271498,0.742370,-0.034630,-0.405082,0.469556,281.25,0.023395,6.3556,0.3969
304,0.000076,0.214236,1133.26,1024.19,2484.38,0.596209,0.376471,-1.329356,0.254785,0.830529,0.014850,-0.208141,0.437331,328.12,0.033816,9.2565,0.3426
309,0.000083,0.267964,1160.60,1044.86,2531.25,0.681687,0.203922,-0.992428,0.157900,0.615709,-0.039981,0.047345,0.211454,281.25,0.028903,7.3101,0.3666
315,0.000061,0.261767,1228.76,1061.89,2718.75,0.727002,0.352941,-1.214668,0.153945,0.491456,0.232712,0.027451,0.309104,234.38,0.026066,5.6304,0.3321
320,0.000079,0.160063,1309.59,1098.08,2859.38,0.716493,0.243137,-1.309517,0.030048,0.585050,0.116844,-0.031089,0.608662,328.12,0.019789,4.8156,0.2832
325,0.000092,0.114940,1270.42,1085.21,2812.50,0.712028,0.168627,-1.200805,0.003108,0.664663,0.027449,-0.032701,0.538288,328.12,0.021359,5.7692,0.2991
331,0.000085,0.303250,1018.87,988.43,2390.62,0.612446,0.200000,-0.689936,0.255182,0.708449,-0.244817,-0.198876,0.169998,328.12,0.033885,7.9664,0.4494
336,0.000066,0.262765,951.82,952.88,2250.00,0.584063,0.282353,-0.354329,0.382966,0.402477,-0.082091,-0.322688,-0.026335,375.00,0.031162,6.4205,0.5471
341,0.000092,0.181785,1173.67,1103.73,2765.62,0.659278,0.192157,-0.671165,0.054408,0.635186,-0.138547,-0.247168,0.367286,328.12,0.034250,8.6148,0.4089
347,0.000085,0.182840,1124.80,1122.34,2859.38,0.570332,0.172549,-0.895589,0.379416,0.838335,-0.467525,-0.226696,0.372060,328.12,0.043429,11.3316,0.4181
352,0.000065,0.225232,1047.40,1031.87,2625.00,0.577300,0.219608,-0.922809,0.071196,0.939042,-0.024549,-0.290277,0.227398,328.12,0.039879,9.9770,0.4027
357,0.000077,0.153898,1123.95,1007.22,2671.88,0.597452,0.196078,-1.437634,-0.578110,1.049466,0.460820,0.054315,0.451142,328.12,0.034213,9.4719,0.2209
363,0.000065,0.229242,1229.58,1013.05,2718.75,0.692320,0.290196,-1.168899,-0.342221,0.612965,0.204653,0.278409,0.415094,328.12,0.036146,9.7299,0.2493
368,0.000087,0.195113,1157.92,1018.09,2531.25,0.627887,0.164706,-1.156010,0.042298,0.860836,-0.295350,0.054046,0.494180,328.12,0.037391,10.5532,0.3034
373,0.000081,0.186752,1253.92,1081.02,2765.62,0.643167,0.203922,-1.748755,0.139696,0.953727,-0.111189,0.037841,0.728680,328.12,0.038475,10.8846,0.2337
379,0.000071,0.239414,1128.38,1032.20,2578.12,0.637936,0.215686,-1.756343,0.180507,0.972970,0.180775,-0.034221,0.456313,328.12,0.040601,9.9057,0.2691
384,0.000075,0.164181,1117.67,1036.44,2578.12,0.632010,0.235294,-1.136577,-0.116872,0.948576,-0.071048,-0.029013,0.404933,328.12,0.035782,9.7737,0.3069
389,0.000082,0.280644,1112.69,1091.11,2671.88,0.638164,0.188235,-0.567696,0.214654,0.600194,-0.087288,-0.443742,0.283880,328.12,0.026483,6.6517,0.4759
395,0.000094,0.213204,1072.89,1045.20,2531.25,0.566720,0.192157,-0.697028,-0.041998,0.890411,-0.314116,-0.099043,0.261775,328.12,0.038134,10.3050,0.3892
400,0.000082,0.244514,1016.42,982.51,2343.75,0.605263,0.227451,-0.926562,0.124343,0.928360,-0.179924,-0.081500,0.135283,328.12,0.048831,12.0715,0.3946
405,0.000079,0.175270,1126.57,1041.98,2625.00,0.645043,0.203922,-0.805800,0.209683,0.684968,-0.146571,-0.185445,0.243165,328.12,0.041117,10.1327,0.4190
411,0.000085,0.180227,1129.61,1041.84,2578.12,0.642489,0.121569,-0.992459,0.053689,0.790048,-0.116288,-0.054628,0.319637,328.12,0.040514,10.6114,0.3539
416,0.000081,0.189841,1147.12,1054.49,2625.00,0.647607,0.254902,-0.892283,0.041631,0.785031,-0.376354,0.087591,0.354384,328.12,0.043200,11.1487,0.3438
421,0.000086,0.219028,1173.28,1042.43,2625.00,0.672485,0.184314,-1.049781,0.098935,0.730248,-0.183109,0.036869,0.366838,328.12,0.039716,9.5292,0.3369
427,0.000084,0.297898,1115.45,983.39,2343.75,0.686919,0.200000,-1.527153,0.353239,0.655329,0.211420,0.089412,0.217752,281.25,0.035808,7.5023,0.3229
432,0.000086,0.201276,1212.85,1085.83,2765.62,0.682104,0.207843,-1.626783,0.409993,0.793546,-0.007732,-0.009934,0.440912,281.25,0.044685,9.7030,0.3049
437,0.000061,0.159476,1170.23,1092.22,2812.50,0.605832,0.258824,-1.498083,0.286843,0.963041,-0.108525,-0.085415,0.442141,328.12,0.040788,9.9977,0.3135
443,0.000060,0.195561,1296.28,1124.03,2859.38,0.632595,0.286275,-1.641105,0.168103,0.961792,-0.130548,-0.119241,0.760999,375.00,0.030966,8.8114,0.2578
448,0.000086,0.174697,1452.73,1159.52,2906.25,0.651463,0.180392,-1.113313,-0.013805,0.656163,-0.324378,-0.112778,0.908111,375.00,0.017012,5.3372,0.2766
453,0.000077,0.321610,1250.70,1114.08,2765.62,0.707672,0.160784,-0.897872,0.171885,0.602790,-0.146852,-0.230771,0.500821,281.25,0.030932,7.6538,0.3780
459,0.000059,0.192125,1118.11,1045.31,2484.38,0.629165,0.352941,-0.938556,0.198233,0.706459,-0.058140,-0.174974,0.266979,328.12,0.036589,9.0633,0.3974
464,0.000074,0.194385,1196.52,1070.72,2625.00,0.679277,0.203922,-1.107777,0.227984,0.712580,-0.036429,-0.190314,0.393955,281.25,0.029553,7.9962,0.3678
469,0.000083,0.172047,1338.35,1114.45,2906.25,0.686339,0.176471,-1.316229,-0.004837,0.695331,-0.021501,0.072841,0.574393,281.25,0.027768,8.5302,0.2721
475,0.000085,0.259147,1305.56,1101.29,2906.25,0.688389,0.196078,-1.541710,0.163922,0.896593,-0.392912,0.277059,0.597048,328.12,0.039561,10.3765,0.2449
480,0.000089,0.208008,1163.56,1056.04,2718.75,0.637981,0.164706,-0.947638,-0.049929,0.864971,-0.324603,0.116320,0.340879,328.12,0.046177,11.8155,0.3258
485,0.000093,0.216564,1059.14,1033.35,2578.12,0.572337,0.149020,-0.904607,0.185795,0.888468,-0.174323,-0.174805,0.179474,328.12,0.042838,9.9948,0.4105
491,0.000098,0.295634,1086.13,1010.29,2578.12,0.624876,0.160784,-1.278118,0.419822,0.781850,0.033243,-0.109075,0.152278,281.25,0.045819,9.6838,0.3892
496,0.000094,0.156222,1063.80,1014.48,2578.12,0.566670,0.168627,-1.246166,0.480589,0.785405,-0.045416,-0.097032,0.122622,281.25,0.052070,12.1881,0.4024
501,0.000060,0.175612,996.28,975.89,2343.75,0.579571,0.372549,-0.942137,0.466810,0.744394,-0.105740,-0.166809,0.003481,281.25,0.051690,11.5464,0.4611
507,0.000073,0.202471,1072.94,1023.64,2531.25,0.636784,0.223529,-0.944797,0.282050,0.642657,0.211874,-0.373040,0.181257,328.12,0.026642,6.0915,0.4414
512,0.000069,0.137829,1217.59,1048.90,2625.00,0.728697,0.341176,-0.867370,-0.102827,0.501310,0.132732,-0.027529,0.363683,328.12,0.020759,5.5770,0.3423
517,0.000073,0.219383,1181.12,1018.77,2390.62,0.633413,0.247059,-0.614785,0.068690,0.545659,-0.479883,0.038007,0.442312,328.12,0.031008,9.6580,0.3744
523,0.000083,0.208749,1240.73,1013.86,2531.25,0.658550,0.188235,-0.875084,-0.258965,0.594128,-0.178637,0.222524,0.496032,328.12,0.035505,10.2279,0.2837
528,0.000067,0.251319,1316.20,1071.30,2718.75,0.700408,0.360784,-1.140326,-0.412048,0.806431,-0.175040,0.233953,0.687029,328.12,0.036254,9.1753,0.2250
533,0.000079,0.149703,1364.80,1102.13,2812.50,0.707629,0.243137,-0.927339,-0.386718,0.641712,-0.087529,0.107506,0.652367,375.00,0.031055,8.3833,0.2617
539,0.000063,0.188063,1324.49,1126.45,2906.25,0.668377,0.376471,-1.044897,-0.131572,0.720952,-0.181413,-0.044554,0.681484,328.12,0.029610,8.2857,0.2877
544,0.000055,0.253782,1308.66,1115.27,2812.50,0.696555,0.400000,-0.993553,0.009182,0.506011,-0.060940,-0.054171,0.593473,328.12,0.023968,6.2134,0.3182
549,0.000059,0.169789,1468.27,1095.74,2812.50,0.745307,0.337255,-1.031164,-0.250771,0.157359,0.255275,0.089871,0.779430,375.00,0.011497,3.5072,0.2543
555,0.000065,0.256515,1349.57,1102.73,2859.38,0.754326,0.274510,-0.926378,-0.326508,0.399078,0.325578,-0.019474,0.547702,468.75,0.012435,3.8619,0.2910
560,0.000082,0.273696,1309.65,1054.84,2765.62,0.714216,0.235294,-0.908624,-0.266155,0.421837,0.042032,0.193773,0.517137,375.00,0.021189,6.2551,0.2803
565,0.000083,0.244560,1158.07,1057.04,2671.88,0.644715,0.219608,-1.187991,0.082016,0.867302,-0.198263,-0.016042,0.452979,375.00,0.030942,8.5699,0.3162
571,0.000070,0.235054,1100.72,1021.78,2484.38,0.585562,0.290196,-1.421632,0.219282,1.028741,-0.137580,-0.135655,0.446845,328.12,0.041429,11.5031,0.3193
576,0.000064,0.174902,1149.73,1040.00,2531.25,0.659929,0.313726,-1.176687,0.011069,0.811090,0.074419,-0.113963,0.394072,328.12,0.028043,8.1518,0.3268
581,0.000072,0.230624,1313.74,1064.84,2765.62,0.749345,0.274510,-1.477446,-0.182510,0.690386,0.112255,0.341588,0.515728,375.00,0.021401,5.7441,0.2212
587,0.000106,0.218728,1340.17,1090.35,2859.38,0.698614,0.098039,-1.517958,0.077544,0.634719,-0.150137,0.443116,0.512716,281.25,0.024654,6.1652,0.2318
592,0.000071,0.231691,1154.18,1049.79,2625.00,0.626730,0.313726,-1.392042,0.019186,0.903519,-0.164514,0.267923,0.365928,328.12,0.042254,9.6364,0.2683
597,0.000093,0.206414,1120.13,1027.06,2625.00,0.637417,0.152941,-1.027431,0.136266,0.699375,-0.082402,0.076205,0.197987,328.12,0.038103,8.4365,0.3583
603,0.000077,0.225416,1145.28,1113.39,2812.50,0.646688,0.243137,-0.783748,0.548224,0.538156,-0.267997,-0.291690,0.257053,281.25,0.042843,9.8078,0.4749
608,0.000082,0.254367,1215.03,1101.27,2765.62,0.623300,0.223529,-1.414346,0.330060,0.845470,-0.026938,-0.295615,0.561369,328.12,0.038865,8.6569,0.3374
613,0.000089,0.201683,1310.84,1064.74,2718.75,0.668508,0.188235,-1.358830,-0.176069,0.836078,-0.169793,0.125686,0.742928,328.12,0.042073,9.7848,0.2312
619,0.000107,0.147362,1325.43,1110.11,2812.50,0.676338,0.105882,-0.977243,-0.070728,0.752476,-0.425091,0.044491,0.676097,328.12,0.044555,11.1054,0.2923
624,0.000080,0.264531,1075.61,1003.89,2531.25,0.582455,0.211765,-0.925543,0.178034,0.883213,-0.361137,-0.007698,0.233132,328.12,0.052236,11.7632,0.3807
629,0.000065,0.279542,1054.31,1023.55,2531.25,0.576313,0.286275,-1.189493,0.236122,0.871218,-0.031879,-0.099416,0.213448,375.00,0.039186,7.8916,0.3697
635,0.000087,0.161048,1161.41,1044.92,2671.88,0.626351,0.207843,-1.109835,-0.015090,0.618983,0.331310,-0.122370,0.297000,234.38,0.025537,6.0125,0.3430
640,0.000068,0.235862,1168.47,1061.92,2625.00,0.660268,0.243137,-1.195307,0.128090,0.644598,0.271165,-0.181509,0.332963,281.25,0.025789,5.9439,0.3522
645,0.000100,0.271963,1218.38,1031.55,2531.25,0.740139,0.160784,-0.972327,-0.075747,0.464398,0.239989,0.006050,0.337636,421.88,0.020217,4.1853,0.3327
651,0.000091,0.211653,1247.15,1019.98,2578.12,0.714147,0.121569,-1.227971,-0.074619,0.526963,0.338793,0.048725,0.388109,328.12,0.023714,4.4865,0.2953
656,0.000061,0.188326,1157.97,1033.12,2578.12,0.673264,0.309804,-1.241407,0.251574,0.667507,0.063128,-0.003723,0.262921,281.25,0.042610,8.2056,0.3488
661,0.000082,0.150649,1140.52,1036.63,2671.88,0.618840,0.215686,-1.433748,0.228086,0.816826,0.034282,0.109989,0.244565,281.25,0.031040,7.5000,0.3143
667,0.000127,0.197997,1207.92,1041.92,2625.00,0.698869,0.109804,-1.192221,0.161915,0.546147,0.003330,0.011610,0.469218,375.00,0.022703,5.6586,0.3196
672,0.000095,0.367213,1109.16,1052.07,2484.38,0.594206,0.149020,-1.563973,0.474093,0.902258,-0.079305,-0.189033,0.455961,328.12,0.043410,7.9825,0.3366
677,0.000062,0.325246,1090.09,1072.41,2625.00,0.620073,0.345098,-0.733007,0.147409,0.712425,0.027134,-0.416514,0.262553,375.00,0.038213,5.5937,0.4463
683,0.000099,0.089845,1308.88,1131.76,2906.25,0.686685,0.176471,-0.526340,-0.218767,0.391361,0.042474,-0.193295,0.504567,421.88,0.028935,5.8659,0.3709
688,0.000071,0.263922,1194.48,1067.67,2718.75,0.693675,0.243137,-0.526874,0.220996,0.246461,-0.158314,-0.050405,0.268136,281.25,0.028975,5.6293,0.4349
693,0.000079,0.117313,1221.60,1090.70,2765.62,0.698027,0.286275,-0.797923,0.310687,0.387406,-0.042800,-0.203657,0.346288,281.25,0.030315,6.5435,0.4219
699,0.000076,0.216213,1342.90,1061.92,2812.50,0.688396,0.250980,-1.637218,0.118267,0.634867,0.125320,0.177486,0.581277,281.25,0.026784,6.4536,0.2425
704,0.000095,0.273207,1233.10,1023.62,2625.00,0.739428,0.176471,-1.032704,-0.183895,0.641285,-0.001542,0.096665,0.480190,375.00,0.028860,6.3561,0.2897
709,0.000079,0.234971,1296.04,1078.01,2718.75,0.708257,0.243137,-1.374904,-0.153520,0.836120,-0.216788,0.221687,0.687404,375.00,0.037490,7.5947,0.2282
715,0.000092,0.221347,1311.15,1066.33,2812.50,0.673310,0.184314,-1.863833,0.152809,0.723989,0.079290,0.271363,0.636383,281.25,0.033029,6.5794,0.2126
720,0.000101,0.238942,1192.52,1019.61,2671.88,0.664252,0.211765,-1.141176,0.036680,0.600340,0.017609,0.147518,0.339031,281.25,0.034250,6.8444,0.3110
725,0.000097,0.238165,1183.38,1038.29,2671.88,0.699954,0.160784,-0.767617,0.103794,0.284266,0.221089,-0.129537,0.288005,281.25,0.035450,6.4613,0.3986
731,0.000095,0.262654,1117.88,1028.19,2531.25,0.624922,0.176471,-0.742699,0.042598,0.485716,0.276113,-0.265263,0.203535,328.12,0.031714,5.2961,0.4209
736,0.000089,0.184440,1211.72,1027.29,2718.75,0.659810,0.188235,-1.079467,-0.370856,0.662523,0.428242,-0.029007,0.388566,328.12,0.030714,5.2696,0.2880
741,0.000074,0.183499,1292.06,1056.94,2765.62,0.695286,0.333333,-1.450260,-0.090268,0.719898,0.056639,0.146614,0.617375,328.12,0.032163,6.1892,0.2401
747,0.000072,0.224353,1262.30,1071.42,2671.88,0.742463,0.250980,-1.042512,0.214905,0.381844,-0.072634,0.073586,0.444811,234.38,0.025442,4.9793,0.3378
752,0.000070,0.186944,1366.88,1053.69,2671.88,0.785652,0.309804,-1.024748,-0.315339,0.298912,0.109171,0.356334,0.575669,375.00,0.021091,4.6697,0.2430
757,0.000090,0.184317,1276.29,1054.06,2671.88,0.714055,0.156863,-1.318301,-0.003166,0.585710,0.180370,0.025672,0.529713,281.25,0.024201,5.8187,0.2812
763,0.000070,0.218366,1225.31,1082.42,2718.75,0.636648,0.258824,-1.351235,0.341265,0.702862,-0.084161,-0.125286,0.516556,281.25,0.029985,7.6278,0.3317
768,0.000071,0.302440,1215.85,1066.90,2718.75,0.689302,0.333333,-1.154015,0.042331,0.624882,-0.022585,0.041345,0.468044,375.00,0.032231,6.9176,0.3078
773,0.000091,0.130357,1287.22,1020.85,2625.00,0.715206,0.203922,-1.169811,-0.375880,0.542499,0.161457,0.237581,0.604154,375.00,0.027697,7.0724,0.2326
779,0.000071,0.333726,1245.58,976.82,2484.38,0.753653,0.341176,-1.102816,-0.327985,0.351201,0.449104,0.208077,0.422417,421.88,0.022064,4.3697,0.2630
784,0.000108,0.200925,1231.28,1001.72,2484.38,0.680553,0.180392,-1.211815,-0.111639,0.521703,0.203761,0.227693,0.370297,375.00,0.026173,4.9614,0.2767
789,0.000169,0.288567,1185.76,1012.53,2531.25,0.702147,0.098039,-1.193240,0.142243,0.487122,0.072934,0.287373,0.203569,234.38,0.033639,5.9714,0.3163
795,0.000089,0.338944,864.01,909.62,1921.88,0.479664,0.223529,-1.053611,0.677651,0.745298,0.016321,-0.046488,-0.339172,234.38,0.068385,9.9539,0.5012
800,0.000071,0.160445,898.96,961.97,2203.12,0.538634,0.294118,-0.922975,0.678262,0.765837,-0.125516,-0.243988,-0.151621,234.38,0.063002,9.9455,0.5189
805,0.000074,0.197723,1137.60,1037.28,2531.25,0.659191,0.254902,-0.903125,0.000387,0.398809,0.365501,-0.016479,0.154904,234.38,0.027592,5.5289,0.3727
811,0.000075,0.184271,1333.25,1090.58,2859.38,0.730340,0.215686,-1.197462,-0.226017,0.474641,0.272310,0.186517,0.490011,328.12,0.021347,5.1297,0.2592
816,0.000090,0.246690,1335.67,1091.10,2812.50,0.711851,0.180392,-1.276895,-0.381300,0.798707,0.077147,0.083578,0.698763,375.00,0.031096,7.2621,0.2279
821,0.000081,0.216886,1260.33,1131.08,2859.38,0.670280,0.192157,-0.834956,-0.100889,0.772032,-0.206622,-0.185226,0.555661,328.12,0.036168,7.6616,0.3423
827,0.000070,0.151833,1297.29,1133.23,2906.25,0.695526,0.254902,-1.054131,0.023559,0.678334,-0.107975,-0.064173,0.524385,328.12,0.039629,9.7814,0.3218
832,0.000073,0.183107,1279.98,1088.66,2718.75,0.719012,0.211765,-0.984963,0.074769,0.498952,-0.093519,0.052479,0.452283,328.12,0.033297,8.1491,0.3302
837,0.000080,0.176615,1333.48,1091.57,2718.75,0.698487,0.200000,-1.429265,-0.127177,0.732881,-0.021093,0.143157,0.701496,328.12,0.032626,8.4397,0.2314
843,0.000079,0.241637,1220.39,1110.30,2765.62,0.635497,0.172549,-1.126744,0.364143,0.731028,-0.159625,-0.302906,0.494103,281.25,0.034943,8.8316,0.3830
848,0.000072,0.179581,1173.94,1086.24,2718.75,0.628603,0.211765,-1.190773,0.359734,0.791070,-0.120518,-0.274413,0.434901,281.25,0.035874,9.0697,0.3785
853,0.000082,0.226694,1151.28,1009.00,2484.38,0.671487,0.192157,-1.350396,-0.028461,0.811632,-0.000043,0.163139,0.404131,375.00,0.033917,9.1903,0.2743
859,0.000079,0.225826,1075.68,1008.54,2390.62,0.610896,0.250980,-0.596501,-0.195561,0.712794,-0.103392,0.082844,0.099816,328.12,0.035189,9.3227,0.3805
864,0.000099,0.237637,1117.60,980.33,2343.75,0.635770,0.145098,-1.015018,-0.091443,0.733653,-0.043302,0.225801,0.190310,328.12,0.036183,8.6293,0.3184
869,0.000091,0.319386,1141.18,964.58,2484.38,0.684236,0.180392,-1.602784,0.190359,0.741163,0.058423,0.368131,0.244708,281.25,0.040819,7.8957,0.2665
875,0.000085,0.173002,1081.59,1005.83,2578.12,0.614169,0.184314,-1.633175,0.335951,0.869950,0.155506,0.020777,0.250991,281.25,0.047058,9.7923,0.3134
880,0.000094,0.162683,996.44,1004.40,2437.50,0.560527,0.137255,-1.428483,0.607843,0.891806,0.108405,-0.266216,0.086644,281.25,0.041885,9.6750,0.4205
885,0.000088,0.229360,993.98,1014.99,2437.50,0.574418,0.117647,-0.683583,0.298512,0.849914,-0.268102,-0.348674,0.151932,328.12,0.031893,7.6725,0.4765
891,0.000067,0.253373,929.71,996.46,2296.88,0.535950,0.231373,-0.471703,0.471197,0.684477,-0.207067,-0.436237,-0.040668,234.38,0.030978,6.5651,0.5593
896,0.000075,0.213753,1050.17,955.16,2296.88,0.625054,0.215686,-1.125171,0.066826,0.693958,0.171179,0.077984,0.115225,375.00,0.027814,6.0874,0.3485
901,0.000084,0.084684,1167.14,1036.20,2437.50,0.663293,0.180392,-1.281119,0.096593,0.776136,-0.116208,0.155668,0.368931,375.00,0.025309,6.7941,0.2985
907,0.000061,0.300873,1145.42,1096.18,2671.88,0.572408,0.317647,-1.211199,0.447976,0.788158,-0.162910,-0.262901,0.400876,281.25,0.035894,9.5057,0.3892
912,0.000061,0.254140,1312.56,1078.15,2765.62,0.664671,0.309804,-1.878403,0.123204,0.850002,-0.009013,0.259966,0.654245,281.25,0.028799,7.5257,0.2084
917,0.000050,0.205066,1424.51,1054.62,2812.50,0.755182,0.376471,-1.870280,-0.083487,0.657759,0.129585,0.417322,0.749100,281.25,0.019602,5.5590,0.1736
923,0.000073,0.204653,1373.88,1055.16,2812.50,0.766029,0.211765,-1.192571,-0.159386,0.374325,0.219191,0.150150,0.608291,281.25,0.020606,6.5793,0.2582
928,0.000075,0.279245,1240.34,1092.17,2765.62,0.669307,0.235294,-0.931779,0.264168,0.425595,-0.003245,-0.191432,0.436693,281.25,0.019655,5.5437,0.3878
933,0.000093,0.250345,1189.80,1077.05,2671.88,0.675372,0.219608,-0.840522,0.085915,0.412518,0.106982,-0.142438,0.377545,328.12,0.025921,6.6264,0.3788
939,0.000063,0.237417,1141.50,1092.75,2765.62,0.580885,0.321569,-1.259346,0.257806,0.797327,0.005211,-0.184674,0.383676,328.12,0.034617,8.6968,0.3543
944,0.000064,0.214291,1134.68,1098.94,2718.75,0.605831,0.341176,-1.047430,0.533794,0.780818,-0.382957,-0.217371,0.333146,281.25,0.033323,8.9008,0.4220
949,0.000077,0.258042,1288.90,1067.67,2812.50,0.764609,0.188235,-1.248967,-0.036762,0.554945,0.148731,0.190502,0.391551,234.38,0.015733,4.5876,0.2821
955,0.000074,0.266410,1232.25,1016.59,2671.88,0.707935,0.266667,-1.222975,-0.053849,0.479507,0.234091,0.274938,0.288287,421.88,0.022431,5.3578,0.2850
960,0.000075,0.173310,1070.57,998.90,2484.38,0.645479,0.243137,-1.006338,0.331651,0.660449,-0.026671,-0.131651,0.172560,281.25,0.025304,6.4750,0.4115
965,0.000071,0.230482,1177.29,1070.59,2671.88,0.627316,0.215686,-1.157387,0.140437,0.823989,-0.066332,-0.240529,0.499820,328.12,0.031661,8.5555,0.3457
971,0.000081,0.209784,1103.50,1073.76,2625.00,0.596414,0.239216,-0.878103,0.371263,0.691172,0.078355,-0.538855,0.276168,281.25,0.033073,8.7944,0.4695
976,0.000079,0.202259,1169.86,1073.15,2625.00,0.645155,0.196078,-0.868091,0.108310,0.709546,-0.056795,-0.353914,0.460943,328.12,0.036285,9.8798,0.3933
981,0.000068,0.199499,1136.40,1006.90,2531.25,0.651274,0.207843,-1.079376,-0.020394,0.754991,-0.066107,0.055044,0.355840,328.12,0.041150,10.5006,0.3197
987,0.000100,0.178322,1283.98,1072.09,2812.50,0.682732,0.160784,-1.432724,-0.465810,0.798522,0.331443,0.182177,0.586392,328.12,0.037670,9.8280,0.2086
992,0.000383,0.382474,1044.59,1086.10,2531.25,0.597714,0.019608,-0.070300,0.344574,0.419933,-0.534668,-0.280889,0.121352,375.00,0.031357,6.1287,0.5540
997,0.000471,0.607718,703.71,822.75,1359.38,0.392598,0.023529,0.583393,0.845012,-0.405379,-0.303937,0.053116,-0.772205,140.62,0.138069,12.4229,0.7453
1003,0.001097,0.468635,808.73,873.91,1640.62,0.483224,0.023529,0.525509,0.736311,-0.443894,-0.366035,0.122661,-0.574552,140.62,0.282479,14.3277,0.7020
1008,0.000738,0.512671,777.32,860.29,1546.88,0.498020,0.019608,0.302231,0.735196,-0.017494,-0.322296,-0.067401,-0.630236,140.62,0.460438,11.5153,0.7042
1013,0.000904,0.195826,697.64,799.95,1406.25,0.422365,0.031373,0.418320,0.774955,0.043981,-0.203421,-0.157704,-0.876131,140.62,0.487647,11.0635,0.7528
1019,0.001063,0.142358,678.74,752.04,1406.25,0.393596,0.023529,0.440067,0.751913,-0.025605,0.050354,-0.181553,-1.035176,93.75,0.472260,11.5244,0.7693
1024,0.001340,0.233160,775.71,783.11,1406.25,0.452337,0.011765,0.340138,0.506158,-0.120319,0.103510,0.086851,-0.916339,93.75,0.512322,10.2367,0.6980
1029,0.001011,0.232699,740.75,742.39,1359.38,0.381724,0.011765,0.399642,0.746753,-0.554808,0.201738,0.220851,-1.014176,140.62,0.665789,12.4847,0.7251
1035,0.000955,0.274864,742.00,769.36,1406.25,0.478932,0.007843,0.406096,0.524354,-0.348803,0.345582,-0.029005,-0.898224,93.75,0.615055,10.1722,0.7168
1040,0.001163,0.058040,693.86,735.07,1359.38,0.375664,0.003922,0.530889,0.648844,-0.374929,0.283316,-0.038072,-1.050048,93.75,0.635936,12.8988,0.7566
1045,0.001285,0.233649,765.23,788.98,1546.88,0.472186,0.003922,0.410241,0.533198,-0.188168,0.038940,0.060305,-0.854516,93.75,0.660102,12.5657,0.7045
1051,0.000920,0.141710,629.17,693.73,1359.38,0.359562,0.015686,0.678247,0.724150,-0.248931,0.041594,0.109220,-1.304280,93.75,0.735083,14.1383,0.7856
1056,0.001292,0.233796,665.07,722.42,1265.62,0.384837,0.023529,0.570064,0.808884,-0.398998,-0.028505,0.177666,-1.129110,93.75,0.678367,12.4272,0.7623
1061,0.001161,0.249678,793.76,820.14,1546.88,0.536457,0.011765,0.159835,0.537701,-0.021531,-0.040731,0.114911,-0.750186,93.75,0.651439,10.1458,0.6607
1067,0.001239,0.138522,681.14,737.39,1312.50,0.372294,0.011765,0.575614,0.844828,-0.425802,-0.068763,0.180924,-1.106801,140.62,0.717331,13.0530,0.7637
1072,0.001168,0.073600,623.42,684.67,1265.62,0.299229,0.003922,0.770159,0.959257,-0.625467,0.053112,0.184410,-1.341471,140.62,0.713075,15.1375,0.8090
1077,0.001020,0.279065,625.21,733.75,1265.62,0.354690,0.007843,0.665284,0.779365,-0.134246,-0.083716,-0.070016,-1.156670,93.75,0.730777,14.4803,0.7918
1083,0.001034,0.121645,595.17,728.62,1265.62,0.357243,0.003922,0.764854,0.902966,-0.242642,-0.077356,-0.222961,-1.124862,93.75,0.710729,14.6167,0.8187
1088,0.000844,0.141198,711.86,825.47,1546.88,0.486474,0.007843,0.474807,0.676007,-0.010005,-0.185132,-0.212619,-0.743058,93.75,0.651179,13.6371,0.7414
1093,0.000938,0.142276,653.73,791.78,1265.62,0.360163,0.011765,0.570225,0.777082,-0.122385,0.037952,-0.364273,-0.898602,93.75,0.550228,12.2953,0.7867
1099,0.000857,0.246561,752.55,795.34,1453.12,0.484210,0.082353,0.132234,0.423426,0.170635,0.228146,-0.126257,-0.828183,93.75,0.475800,9.5717,0.6803
1104,0.001024,0.121465,714.29,774.33,1359.38,0.388635,0.050980,0.443485,0.437767,-0.198369,0.403166,-0.144772,-0.941277,93.75,0.466697,10.9090,0.7278
1109,0.000716,0.318769,713.98,679.35,1218.75,0.315683,0.027451,0.472984,0.558699,-0.784617,0.824057,0.049330,-1.120452,93.75,0.461654,9.6121,0.7410
1115,0.000951,0.136771,761.77,700.16,1218.75,0.391202,0.035294,0.081464,0.302725,-0.289172,0.880448,-0.081972,-0.893492,93.75,0.376411,8.0592,0.6637
1120,0.000629,0.145262,798.24,724.96,1265.62,0.395643,0.054902,0.112316,0.255158,-0.521384,0.884831,0.039060,-0.769982,93.75,0.312660,6.5070,0.6339
1125,0.000631,0.150734,928.70,795.55,1453.12,0.495261,0.094118,-0.264758,-0.091720,-0.354691,0.887568,0.245203,-0.421601,93.75,0.255417,5.6350,0.4775
1131,0.000707,0.165343,857.35,829.16,1406.25,0.487186,0.078431,0.069931,0.166042,-0.304318,0.588684,0.116313,-0.636652,93.75,0.280619,7.0782,0.5934
1136,0.000708,0.207749,892.49,904.91,1781.25,0.487385,0.050980,-0.010958,0.103997,0.084638,0.272593,0.045742,-0.496012,93.75,0.266559,7.1489,0.5675
1141,0.000791,0.314663,943.76,905.25,1921.88,0.591796,0.039216,-0.347453,0.011430,0.283269,0.352763,0.011678,-0.311686,375.00,0.228619,4.7490,0.4955
1147,0.000720,0.168076,898.60,942.00,1828.12,0.555276,0.050980,0.122833,0.324045,-0.120113,0.243788,-0.176502,-0.394050,93.75,0.317798,7.1448,0.6245
1152,0.000777,0.088167,927.30,984.45,1921.88,0.497153,0.109804,0.197101,0.393678,-0.159418,0.108503,-0.177814,-0.362050,140.62,0.398696,11.0072,0.6377
1157,0.000783,0.207364,922.12,1000.10,1921.88,0.506417,0.098039,0.261296,0.377510,-0.185710,-0.019651,-0.083035,-0.350410,93.75,0.368256,8.9287,0.6309
1163,0.000879,0.210506,947.51,1007.05,2109.38,0.542146,0.105882,0.156257,0.261486,-0.032214,-0.089287,-0.017190,-0.279052,93.75,0.388228,9.1643,0.5883
1168,0.000920,0.226412,1024.19,1067.66,2625.00,0.563671,0.117647,0.116780,0.189869,0.014727,0.012722,-0.330706,-0.003393,93.75,0.405654,8.6005,0.5794
1173,0.001122,0.255328,1031.43,1032.94,2531.25,0.595803,0.101961,0.105455,0.283271,-0.238103,0.222992,-0.370524,-0.003091,93.75,0.419843,8.0060,0.5942
1179,0.001041,0.231576,991.53,940.89,2109.38,0.574263,0.117647,-0.113347,0.169309,-0.156135,0.497712,-0.242068,-0.155471,93.75,0.431898,7.1249,0.5564
1184,0.001070,0.168105,957.66,950.32,2203.12,0.529268,0.047059,0.127987,0.244329,-0.398099,0.595889,-0.441919,-0.128187,93.75,0.457194,7.5701,0.6157
1189,0.001112,0.160396,1101.44,1017.51,2625.00,0.564180,0.047059,0.081396,0.079719,-0.714833,0.841156,-0.490398,0.202961,93.75,0.442352,7.4114,0.5558
1195,0.000993,0.128241,1085.71,1017.31,2625.00,0.473765,0.047059,0.099463,0.064818,-0.782040,0.999415,-0.598825,0.217169,750.00,0.492906,8.4578,0.5678
1200,0.001066,0.170805,996.83,899.43,2109.38,0.490804,0.098039,-0.095356,0.026720,-0.514959,1.092677,-0.456301,-0.052780,750.00,0.487824,8.2623,0.5548
1205,0.000905,0.214925,982.33,869.50,1921.88,0.512315,0.058824,-0.087770,0.033572,-0.632809,0.997304,-0.118566,-0.191731,750.00,0.345004,5.9865,0.5320
1211,0.000937,0.182709,972.07,809.95,1781.25,0.505536,0.094118,-0.382540,-0.044642,-0.240880,0.939083,0.044174,-0.315195,656.25,0.338649,5.7247,0.4805
1216,0.000896,0.267016,1009.62,827.25,1875.00,0.584745,0.058824,-0.702627,-0.301015,0.161939,0.862611,0.249725,-0.270634,750.00,0.324739,4.8885,0.3796
1221,0.000606,0.161504,1000.26,836.25,1968.75,0.591722,0.047059,-0.566926,-0.221266,0.042201,0.798993,0.120157,-0.173160,656.25,0.317709,5.4969,0.4091
1227,0.000509,0.155400,1055.30,810.01,2015.62,0.607145,0.105882,-1.083187,-0.541541,0.266673,0.897867,0.477012,-0.016824,656.25,0.262239,5.0383,0.2607
1232,0.000782,0.110020,1125.63,921.44,2343.75,0.679798,0.094118,-0.925483,-0.362258,0.358624,0.460307,0.331727,0.137083,375.00,0.202792,5.6889,0.2935
1237,0.000766,0.342295,1151.87,1050.04,2531.25,0.644702,0.094118,-0.361895,-0.103770,0.250354,-0.016247,-0.006464,0.238021,375.00,0.271809,6.5813,0.4137
1243,0.001002,0.240687,1155.20,1043.82,2390.62,0.623079,0.066667,-0.411146,-0.063519,0.391797,-0.296568,0.116954,0.262482,375.00,0.324173,7.2213,0.3948
1248,0.000582,0.249373,1058.44,1058.50,2437.50,0.618204,0.082353,-0.100836,0.144472,0.301550,-0.252765,-0.196214,0.103792,375.00,0.355162,6.9118,0.5170
1253,0.000759,0.171742,1051.45,1035.35,2390.62,0.616250,0.086275,-0.129323,-0.082587,0.377183,-0.102707,-0.117353,0.054787,93.75,0.308163,6.1608,0.4813
1259,0.000586,0.179366,1046.54,1004.03,2203.12,0.610534,0.090196,-0.276494,0.227149,0.045174,0.050455,0.037148,-0.083432,281.25,0.213598,4.9844,0.4996
1264,0.000754,0.225331,935.83,1022.55,2203.12,0.532740,0.078431,0.060578,0.355396,0.228591,-0.131566,-0.326450,-0.186549,93.75,0.287165,6.8388,0.6141
1269,0.000634,0.171395,1072.20,1098.50,2718.75,0.633735,0.043137,-0.082901,0.387932,-0.053685,-0.104944,-0.212342,0.065939,93.75,0.304944,8.1841,0.5562
1275,0.000509,0.222506,951.71,1088.66,2437.50,0.535757,0.082353,0.351343,0.723112,-0.383383,-0.298427,-0.406816,0.014171,93.75,0.338024,8.9280,0.6756
1280,0.000527,0.137244,963.69,1043.24,2296.88,0.571845,0.058824,0.110959,0.410500,-0.227339,0.144803,-0.359296,-0.079627,93.75,0.293202,9.4821,0.6178
1285,0.000653,0.217393,944.12,1053.90,2250.00,0.530319,0.031373,0.286791,0.478633,-0.033365,-0.254417,-0.337300,-0.140342,93.75,0.279115,9.7045,0.6506
1291,0.000583,0.257723,1063.81,1070.55,2671.88,0.619646,0.094118,0.060755,0.452091,0.008688,-0.323766,-0.209346,0.011579,140.62,0.253522,7.8331,0.5879
1296,0.000342,0.316195,984.45,987.14,2296.88,0.616469,0.125490,-0.530089,0.422579,0.545850,-0.151476,-0.283874,-0.002989,281.25,0.244899,6.3500,0.5224
1301,0.000344,0.103281,1114.43,1029.47,2437.50,0.666752,0.066667,-0.624658,0.170859,0.483849,-0.091302,-0.162068,0.223319,234.38,0.195291,6.1930,0.4360
1307,0.000304,0.083571,1182.47,1027.22,2531.25,0.675162,0.105882,-0.835465,0.115441,0.483034,-0.070241,-0.000144,0.307374,281.25,0.134241,5.8705,0.3743
1312,0.000204,0.223019,1154.06,989.46,2484.38,0.678502,0.168627,-0.893253,0.223869,0.404236,-0.109446,0.177764,0.196830,234.38,0.126998,5.9336,0.3724
1317,0.000212,0.135717,1231.49,1050.42,2625.00,0.729512,0.223529,-0.625833,0.253976,0.105054,-0.151886,0.102771,0.315919,234.38,0.098506,5.3868,0.4024
1323,0.000264,0.163246,1304.14,1056.68,2718.75,0.706392,0.156863,-0.999374,-0.161454,0.407304,0.125946,0.219428,0.408151,375.00,0.062912,4.1686,0.2902
1328,0.000267,0.259143,1154.79,1094.33,2671.88,0.656491,0.129412,-0.410569,0.103439,0.447491,-0.204539,-0.180470,0.244648,328.12,0.090944,6.0862,0.4537
1333,0.000193,0.196865,1036.18,1050.25,2531.25,0.620315,0.121569,-0.226642,0.251752,0.332228,-0.078593,-0.343620,0.064875,93.75,0.091807,6.2772,0.5379
1339,0.000141,0.135062,975.33,1018.08,2343.75,0.593983,0.254902,-0.070982,0.373570,0.264925,-0.214189,-0.317751,-0.035572,93.75,0.083239,5.9639,0.5813
1344,0.000125,0.158751,1242.07,1059.04,2671.88,0.730575,0.274510,-0.566293,-0.201314,0.294352,0.156141,0.000523,0.316589,328.12,0.069161,6.0575,0.3676
1349,0.000168,0.164413,1338.82,1062.33,2765.62,0.798467,0.192157,-0.829496,-0.191274,0.140671,0.187898,0.243051,0.449150,328.12,0.039663,4.7169,0.2981
1355,0.000164,0.221353,1140.47,1028.24,2531.25,0.671859,0.235294,-1.059185,-0.027536,0.608984,0.165798,0.066131,0.245808,375.00,0.048813,5.7349,0.3320
1360,0.000193,0.239000,1151.73,1018.36,2531.25,0.641817,0.215686,-1.023636,-0.241987,0.693910,0.254010,-0.045137,0.362837,375.00,0.067609,7.5086,0.3118
1365,0.000165,0.300346,1056.34,1024.04,2531.25,0.609100,0.262745,-0.554043,0.366030,0.504762,-0.158239,-0.361906,0.203396,328.12,0.058987,6.2088,0.4963
1371,0.000138,0.168027,1256.71,1096.41,2765.62,0.714148,0.419608,-0.714280,0.240500,0.282469,-0.240027,-0.047924,0.479262,328.12,0.053989,5.9628,0.3888
1376,0.000137,0.088343,1349.64,1107.40,2859.38,0.758273,0.364706,-1.004518,0.104463,0.410450,-0.212940,0.148596,0.553948,234.38,0.028966,4.2277,0.3097
1381,0.000151,0.138339,1506.32,1037.27,2859.38,0.791997,0.301961,-1.163559,-0.597789,0.283573,0.118555,0.519238,0.839983,328.12,0.018940,3.5584,0.1736
1387,0.000156,0.286233,1370.06,1069.29,2718.75,0.725204,0.388235,-1.181066,-0.288423,0.486496,0.218970,0.149543,0.614480,328.12,0.030635,5.3752,0.2466
1392,0.000172,0.196297,1275.10,1076.15,2718.75,0.697227,0.407843,-0.746666,-0.071517,0.372216,-0.013404,0.128417,0.330956,281.25,0.025713,4.6902,0.3455
1397,0.000170,0.188870,1350.34,1049.65,2718.75,0.744629,0.384314,-0.821001,-0.123821,0.244785,0.042271,0.168700,0.489065,328.12,0.023093,4.4781,0.3097
1403,0.000157,0.231297,1426.25,1026.96,2718.75,0.793788,0.325490,-0.985801,-0.354123,0.158812,0.220788,0.292089,0.668237,375.00,0.024937,4.4544,0.2405
1408,0.000291,0.306436,1512.67,1068.71,2953.12,0.810910,0.192157,-0.924654,-0.696644,0.053118,0.332827,0.408737,0.826617,421.88,0.020386,3.2359,0.1934
1413,0.000280,0.475057,1036.44,1078.30,2484.38,0.586162,0.105882,-0.216666,0.544183,0.181364,-0.219782,-0.369551,0.080452,187.50,0.066867,6.7958,0.5765
1419,0.000762,0.441548,775.23,867.08,1734.38,0.493866,0.039216,-0.054086,0.702444,0.346975,-0.196890,-0.253703,-0.544739,234.38,0.137080,8.7038,0.6734
1424,0.000682,0.475325,657.55,749.17,1406.25,0.426300,0.050980,0.240729,0.784253,0.317366,-0.190283,-0.235491,-0.916574,93.75,0.249626,8.5361,0.7481
1429,0.000577,0.209531,584.02,718.57,1218.75,0.358438,0.078431,0.537715,0.945239,0.128742,-0.152746,-0.440487,-1.018464,140.62,0.358602,11.6923,0.8132
1435,0.000527,0.297071,681.10,779.34,1312.50,0.425580,0.058824,0.077152,0.602323,0.536929,-0.033995,-0.437138,-0.745271,93.75,0.258323,7.9960,0.7173
1440,0.000411,0.198764,757.06,786.18,1359.38,0.450739,0.086275,-0.234409,0.294075,0.572621,0.462880,-0.478590,-0.616578,281.25,0.201575,6.5063,0.6405
1445,0.000470,0.132640,763.61,774.32,1359.38,0.431565,0.043137,-0.378738,0.134849,0.729819,0.454919,-0.293594,-0.647255,375.00,0.157954,5.9753,0.5862
1451,0.000482,0.187022,727.08,765.54,1406.25,0.433194,0.050980,-0.360699,0.333894,0.858788,0.161934,-0.291721,-0.702195,328.12,0.191967,7.6658,0.6186
1456,0.000367,0.208406,687.10,710.04,1218.75,0.382862,0.062745,-0.447233,0.461784,0.775151,0.422757,-0.375385,-0.837075,234.38,0.169003,6.8483,0.6487
1461,0.000281,0.162956,778.93,769.95,1500.00,0.444369,0.078431,-0.433427,0.336958,0.552357,0.297863,-0.149211,-0.604539,234.38,0.167636,6.8162,0.5814
1467,0.000416,0.129854,778.56,763.07,1359.38,0.469467,0.047059,-0.435085,0.184224,0.678100,0.345538,-0.053205,-0.719573,421.88,0.136609,6.2592,0.5649
1472,0.000362,0.233389,976.72,930.19,2062.50,0.601190,0.070588,-0.629194,0.055695,0.448882,0.375506,-0.032614,-0.218275,328.12,0.130839,6.2095,0.4598
1477,0.000303,0.293471,1049.23,950.47,2343.75,0.585176,0.090196,-1.234625,0.020327,0.649286,0.564569,0.000971,-0.000528,281.25,0.136317,5.3922,0.3527
1483,0.000188,0.167482,1101.07,928.19,2343.75,0.614402,0.113725,-1.317643,-0.280117,0.574344,0.816225,0.070690,0.136502,515.62,0.125001,5.3709,0.2885
1488,0.000295,0.148541,1104.66,939.67,2437.50,0.651088,0.094118,-1.104575,-0.271955,0.474616,0.633779,0.077101,0.191034,468.75,0.081913,4.2877,0.3053
1493,0.000232,0.146462,1046.58,928.57,2343.75,0.639006,0.094118,-0.832697,-0.031232,0.364210,0.499913,-0.044294,0.044099,562.50,0.073122,4.0219,0.3937
1499,0.000216,0.191626,1031.79,905.16,2296.88,0.629183,0.125490,-0.896014,0.032261,0.267954,0.596057,-0.051347,0.051088,234.38,0.087413,5.1646,0.3937
1504,0.000175,0.162101,984.62,888.51,2203.12,0.615605,0.090196,-0.627142,0.094611,0.320651,0.363613,-0.053563,-0.098170,234.38,0.074964,5.1931,0.4525
1509,0.000181,0.170806,962.47,847.81,2109.38,0.562669,0.113725,-0.620676,-0.169804,0.331833,0.725973,-0.102992,-0.164334,562.50,0.084560,6.7259,0.4350
1515,0.000151,0.191041,1042.56,896.57,2250.00,0.642936,0.105882,-0.751826,-0.112214,0.295187,0.564113,0.038184,-0.033444,562.50,0.054244,4.5235,0.3931
1520,0.000119,0.200930,1057.38,922.52,2250.00,0.645823,0.231373,-1.450998,0.187947,0.565426,0.409840,0.147363,0.140422,234.38,0.060406,5.8217,0.3153
1525,0.000137,0.159065,1083.20,969.97,2343.75,0.640060,0.160784,-0.568510,0.281088,0.120282,0.092664,-0.002333,0.076808,234.38,0.061160,6.7750,0.4549
1531,0.000102,0.231045,1088.65,929.73,2296.88,0.680045,0.290196,-0.985645,0.102775,0.422006,0.284187,0.227343,-0.050668,281.25,0.053784,6.0577,0.3706
1536,0.000111,0.138556,1125.51,956.05,2437.50,0.708987,0.192157,-1.057411,0.121571,0.300594,0.370067,0.177530,0.087648,234.38,0.037461,4.7544,0.3542
1541,0.000097,0.176460,1222.23,1017.11,2578.12,0.677322,0.215686,-0.930182,-0.073125,0.416336,0.029300,0.238698,0.318974,375.00,0.036834,5.6961,0.3142
1547,0.000078,0.175028,1219.53,1026.15,2578.12,0.669676,0.294118,-1.268761,-0.025501,0.749494,-0.196901,0.353100,0.388568,328.12,0.040397,6.7458,0.2654
1552,0.000087,0.175571,1372.05,1067.96,2718.75,0.726215,0.227451,-0.906132,-0.092909,0.342346,-0.114441,0.199106,0.572031,281.25,0.020378,3.8858,0.2921
1557,0.000090,0.196123,1356.98,1060.73,2578.12,0.659215,0.223529,-1.351115,0.118935,0.545873,-0.090435,0.047108,0.729632,281.25,0.033498,6.9594,0.2681
1563,0.000084,0.209620,1355.22,1067.07,2671.88,0.712379,0.274510,-1.257529,0.176507,0.523369,-0.233277,0.119873,0.671058,281.25,0.039087,7.7181,0.2817
1568,0.000085,0.234609,1379.65,1055.75,2671.88,0.742406,0.227451,-1.566135,0.049275,0.588794,0.127031,0.030665,0.770368,281.25,0.027296,4.9438,0.2389
1573,0.000085,0.210622,1371.26,1029.11,2578.12,0.747107,0.239216,-1.686604,-0.445614,0.552443,0.475263,0.368184,0.736328,328.12,0.025785,4.7582,0.1654
1579,0.000067,0.245906,1424.23,1055.33,2812.50,0.787218,0.309804,-1.335502,-0.630100,0.406332,0.501699,0.385511,0.672058,328.12,0.026827,4.8050,0.1807
1584,0.000077,0.130382,1330.22,1048.91,2671.88,0.764989,0.207843,-0.965079,-0.403332,0.371255,0.462939,-0.032737,0.566955,468.75,0.021778,4.5740,0.2786
1589,0.000082,0.206596,1139.14,1011.25,2531.25,0.657239,0.243137,-0.738957,-0.082106,0.434509,0.328724,-0.130409,0.188240,234.38,0.018126,3.9701,0.3919
1595,0.000076,0.223527,1150.46,975.00,2531.25,0.706211,0.266667,-0.851868,-0.198369,0.413430,0.287039,0.233855,0.115914,421.88,0.022208,4.8712,0.3318
1600,0.000064,0.200531,1234.50,983.97,2578.12,0.691010,0.290196,-1.154764,-0.589038,0.574632,0.422998,0.381136,0.365035,375.00,0.025691,5.6280,0.2236
1605,0.000078,0.235654,1324.97,1012.36,2625.00,0.783702,0.235294,-1.415698,-0.281424,0.447534,0.399247,0.339284,0.511055,328.12,0.020743,4.4747,0.2186
1611,0.000103,0.188177,1397.71,1034.45,2765.62,0.710404,0.117647,-1.917537,-0.455076,0.643574,0.475077,0.525819,0.728142,328.12,0.027273,6.1990,0.1402
1616,0.000071,0.295071,1199.38,1047.28,2718.75,0.658613,0.235294,-1.310276,0.020564,0.692768,0.095543,0.134678,0.366724,328.12,0.041464,8.6041,0.2900
1621,0.000065,0.251026,1103.20,1028.32,2437.50,0.688640,0.329412,-0.752018,0.151223,0.519666,0.092283,-0.189846,0.178690,281.25,0.036218,7.0124,0.4268
1627,0.000081,0.107412,1242.04,1064.45,2578.12,0.720033,0.231373,-0.750867,0.021749,0.363097,0.056939,-0.095340,0.404421,328.12,0.017272,4.2481,0.3731
1632,0.000093,0.245065,1185.02,1001.60,2437.50,0.710401,0.176471,-1.288985,0.270880,0.561400,-0.095784,0.285773,0.266716,281.25,0.026256,6.0138,0.3132
1637,0.000076,0.205176,1124.07,1006.67,2578.12,0.592457,0.262745,-1.652282,0.388423,0.833766,0.078848,0.146784,0.204463,281.25,0.043542,10.2172,0.3084
1643,0.000078,0.246683,1262.67,1056.06,2812.50,0.683561,0.317647,-1.729403,0.281507,0.722529,0.062902,0.164605,0.497861,281.25,0.043896,9.5876,0.2582
1648,0.000089,0.181014,1352.70,1077.37,2812.50,0.725098,0.231373,-1.056106,0.144984,0.301322,0.009038,0.095673,0.505089,281.25,0.035986,8.3791,0.3195
1653,0.000076,0.285833,1228.17,1024.49,2718.75,0.673383,0.239216,-1.397360,-0.185646,0.647190,0.360913,0.176689,0.398212,328.12,0.027997,5.9748,0.2537
1659,0.000079,0.259847,1255.92,993.07,2625.00,0.699342,0.301961,-1.456268,-0.463460,0.670758,0.499161,0.423767,0.326041,328.12,0.030898,6.0287,0.2084
1664,0.000072,0.223250,1308.83,1013.38,2671.88,0.709928,0.243137,-1.212087,-0.290877,0.387488,0.392086,0.320390,0.403002,328.12,0.026914,4.9759,0.2473
1669,0.000091,0.173769,1450.78,1073.90,2812.50,0.788672,0.211765,-0.938205,-0.301213,0.143683,0.148887,0.296775,0.650074,328.12,0.027051,5.4199,0.2510
1675,0.000081,0.236324,1252.78,1025.67,2625.00,0.717060,0.274510,-1.269263,-0.083243,0.522545,0.226042,0.156788,0.447131,328.12,0.032854,6.1700,0.2732
1680,0.000078,0.205426,1378.98,1022.58,2718.75,0.757385,0.352941,-1.382536,-0.313247,0.446853,0.219763,0.427168,0.601999,328.12,0.027335,5.4471,0.2038
1685,0.000130,0.212376,1398.66,996.29,2718.75,0.786700,0.262745,-0.996464,-0.632100,0.267507,0.244487,0.547061,0.569510,375.00,0.024286,4.8373,0.2022
1691,0.000573,0.499352,2023.63,1048.22,3234.38,0.837304,0.192157,-1.478262,-0.776215,-0.211371,0.070797,0.862189,1.532861,3187.50,0.023311,2.7385,0.0891
1696,0.000459,0.630828,2131.77,1013.60,3281.25,0.813861,0.184314,-1.166733,-1.034746,-0.736799,0.173546,1.064216,1.700517,3234.38,0.068774,3.1406,0.0771
1701,0.000329,0.296021,2086.21,1042.11,3187.50,0.759938,0.180392,-1.645744,-0.829449,-0.080273,-0.014302,0.907499,1.662268,3187.50,0.105045,3.8087,0.0743
1707,0.000464,0.238992,1912.49,1052.10,3140.62,0.786206,0.125490,-1.686350,-0.530698,0.185791,-0.256252,0.772725,1.514784,281.25,0.088994,3.3221,0.0952
1712,0.000366,0.244214,1633.84,1064.59,3046.88,0.783116,0.109804,-1.788672,-0.405283,0.496388,-0.165327,0.761785,1.101109,328.12,0.137768,4.8816,0.1163
1717,0.000164,0.190064,1590.19,1130.57,3140.62,0.672009,0.188235,-1.524605,-0.657824,0.615703,-0.134853,0.677786,1.023792,328.12,0.169761,6.5596,0.1254
1723,0.000181,0.083660,1683.47,1129.16,3140.62,0.712034,0.172549,-1.581757,-0.771179,0.568267,-0.120006,0.777200,1.127475,328.12,0.104545,5.6099,0.1063
1728,0.000206,0.177842,1829.67,1050.57,3140.62,0.778220,0.188235,-1.608068,-0.670344,-0.037828,0.066988,0.924364,1.324889,2015.62,0.039406,3.1972,0.0942
1733,0.000139,0.250163,1870.10,1090.45,3234.38,0.810130,0.156863,-1.241302,-0.588656,-0.191011,-0.061781,0.790683,1.292068,2015.62,0.040137,2.8005,0.1239
1739,0.000151,0.124345,1744.79,1117.84,3187.50,0.779250,0.196078,-0.856741,-0.399295,-0.133992,-0.189095,0.514195,1.064928,328.12,0.037153,3.2521,0.1950
1744,0.000121,0.210197,1664.90,1169.09,3187.50,0.750008,0.172549,-0.749085,-0.102200,0.036464,-0.362644,0.228037,0.949427,3187.50,0.043468,4.2405,0.2661
1749,0.000108,0.160335,1647.12,1158.81,3187.50,0.756328,0.235294,-1.259320,-0.063403,0.256017,-0.152768,0.303592,0.915881,281.25,0.039743,4.4993,0.2191
1755,0.000100,0.183060,1626.10,1157.96,3093.75,0.711362,0.215686,-1.382653,0.022444,0.362516,-0.229068,0.225017,1.001745,281.25,0.035544,4.4450,0.2153
1760,0.000104,0.184268,1682.27,1097.64,3093.75,0.769109,0.152941,-1.430587,-0.387056,0.266222,-0.147370,0.617968,1.080823,234.38,0.027153,3.7920,0.1470
1765,0.000107,0.225341,1515.87,1120.81,3093.75,0.749538,0.101961,-1.234696,-0.289688,0.401042,-0.260691,0.588921,0.795111,328.12,0.037000,5.3010,0.1894
1771,0.000102,0.188687,1369.81,1131.23,3093.75,0.667213,0.160784,-0.905809,-0.291833,0.508821,-0.192204,0.306217,0.574808,328.12,0.051674,7.8522,0.2613
1776,0.000091,0.226613,1267.98,1063.62,2671.88,0.677548,0.160784,-1.295582,-0.103842,0.681129,0.016399,0.216113,0.485784,328.12,0.054773,8.4906,0.2591
1781,0.000104,0.155704,1302.44,1055.14,2671.88,0.720305,0.164706,-1.606124,-0.073700,0.702094,0.182957,0.182556,0.612218,328.12,0.042006,6.9460,0.2249
1787,0.000086,0.255201,1256.45,1013.03,2578.12,0.687782,0.223529,-1.520783,-0.028591,0.614999,0.225301,0.249340,0.459734,328.12,0.030905,4.9172,0.2443
1792,0.000070,0.192719,1399.24,1079.91,2906.25,0.753746,0.278431,-1.229258,-0.504663,0.630971,0.094431,0.334553,0.673964,375.00,0.032515,5.8202,0.2024
1797,0.000087,0.181820,1259.40,1059.39,2765.62,0.672686,0.184314,-0.853066,0.102479,0.505342,-0.384046,0.288350,0.340942,375.00,0.027749,5.7674,0.3340
1803,0.000088,0.196572,1382.35,1112.56,2953.12,0.719588,0.282353,-1.086104,0.071838,0.483672,-0.208997,0.161652,0.577939,281.25,0.031454,6.9255,0.2938
1808,0.000089,0.259485,1272.34,1071.83,2718.75,0.676337,0.145098,-1.411149,0.072299,0.719449,-0.157904,0.244991,0.532315,328.12,0.041204,8.3233,0.2577
1813,0.000087,0.153637,1203.12,1025.64,2531.25,0.669673,0.160784,-1.124936,-0.298928,0.755074,0.023763,0.189894,0.455132,328.12,0.044137,9.8350,0.2622
1819,0.000113,0.229630,1165.42,1001.58,2531.25,0.637102,0.094118,-1.754064,0.349587,0.920895,-0.254015,0.273448,0.464148,328.12,0.044338,10.4817,0.2552
1824,0.000072,0.266849,1066.32,1003.33,2484.38,0.636324,0.290196,-1.313646,0.244087,0.905509,0.084126,-0.116869,0.196793,281.25,0.053033,10.5511,0.3601
1829,0.000053,0.202262,1090.28,994.32,2437.50,0.628165,0.313726,-1.184244,0.079907,0.751895,0.259857,-0.128821,0.221408,281.25,0.036909,6.8079,0.3547
1835,0.000122,0.104295,1299.64,1054.61,2718.75,0.753545,0.082353,-0.934694,-0.079506,0.340963,0.139702,0.009642,0.523894,281.25,0.016597,4.0758,0.3156
1840,0.000103,0.362417,1037.13,1005.85,2390.62,0.640617,0.168627,-0.743712,0.446280,0.568594,-0.155186,-0.143114,0.027137,281.25,0.039539,7.2659,0.4773
1845,0.000087,0.162207,1034.01,993.68,2437.50,0.605323,0.200000,-0.997127,0.520342,0.703590,-0.249254,-0.129382,0.151830,281.25,0.054823,10.2004,0.4379
1851,0.000088,0.170377,1126.67,1013.12,2531.25,0.634466,0.203922,-1.147137,0.343550,0.732683,-0.318956,0.061196,0.328664,281.25,0.047199,9.4564,0.3551
1856,0.000110,0.246415,1041.89,975.33,2343.75,0.639254,0.137255,-0.980328,0.479998,0.591545,-0.078721,-0.088511,0.076017,234.38,0.041071,8.5338,0.4393
1861,0.000073,0.228262,1090.73,1046.37,2625.00,0.567489,0.243137,-1.430866,0.397169,0.924590,0.118136,-0.337108,0.328079,281.25,0.046614,9.7741,0.3746
1867,0.000075,0.189765,1173.95,1063.64,2718.75,0.642184,0.192157,-1.367192,-0.074583,0.929787,0.124508,-0.079182,0.466662,328.12,0.050047,10.8214,0.2861
1872,0.000082,0.179139,1393.49,1092.99,2812.50,0.721368,0.168627,-1.568690,-0.367324,0.722225,0.165781,0.234830,0.813178,328.12,0.036320,8.7997,0.1836
1877,0.000097,0.273127,1208.73,1024.55,2625.00,0.701636,0.113725,-1.035617,-0.285167,0.570235,0.266772,-0.003675,0.487454,328.12,0.032070,7.1754,0.2886
1883,0.000099,0.262632,1199.34,1011.40,2531.25,0.678533,0.172549,-1.285706,-0.108883,0.697883,0.190384,0.004299,0.502023,328.12,0.048474,9.5910,0.2788
1888,0.000081,0.200086,1140.11,1048.82,2625.00,0.644063,0.192157,-0.996614,0.282568,0.720526,-0.224090,-0.044535,0.262145,281.25,0.049141,9.7116,0.3856
1893,0.000100,0.165640,1194.84,1053.47,2625.00,0.674810,0.156863,-1.325294,0.369121,0.616873,-0.003125,-0.015672,0.358097,281.25,0.048045,9.9863,0.3431
1899,0.000074,0.164200,1060.57,1010.02,2390.62,0.588187,0.227451,-1.025568,0.496293,0.602746,0.042766,-0.300280,0.184043,281.25,0.045187,10.3050,0.4486
1904,0.000071,0.232722,1046.73,1004.54,2437.50,0.588115,0.282353,-1.288222,0.310547,0.843992,0.140632,-0.227652,0.220703,328.12,0.034913,7.6055,0.3810
1909,0.000095,0.130353,1169.65,1022.77,2671.88,0.659177,0.137255,-1.294881,-0.263322,0.779731,0.319771,0.030146,0.428557,328.12,0.034597,9.2558,0.2673
1915,0.000077,0.281142,1072.44,977.51,2484.38,0.631523,0.203922,-1.354792,0.204533,0.757990,0.264218,-0.035709,0.163760,328.12,0.037910,8.8312,0.3454
1920,0.000058,0.232530,1086.04,976.42,2437.50,0.617919,0.337255,-1.128260,0.242611,0.644741,0.229422,-0.040670,0.052157,281.25,0.038612,8.3087,0.3897
1925,0.000082,0.155341,1180.38,1034.22,2671.88,0.671754,0.247059,-1.252532,0.115473,0.716551,0.163932,-0.142516,0.399095,375.00,0.021850,5.9575,0.3325
1931,0.000078,0.214983,1229.15,1074.25,2671.88,0.600922,0.215686,-1.803495,0.073011,0.951405,0.180459,-0.081306,0.679926,328.12,0.025994,7.2455,0.2378
1936,0.000080,0.236450,1121.27,1034.56,2578.12,0.577178,0.145098,-1.946457,0.351460,1.051101,-0.035763,0.083854,0.495805,328.12,0.042458,11.4672,0.2521
1941,0.000070,0.177508,1100.36,1016.66,2531.25,0.583824,0.266667,-1.123698,-0.187445,0.960779,-0.019584,-0.052679,0.422628,328.12,0.038469,11.6985,0.3014
1947,0.000082,0.184039,1182.09,1076.11,2718.75,0.544784,0.200000,-1.049969,-0.441504,1.042208,-0.011943,-0.157763,0.618971,328.12,0.038294,11.9286,0.2736
1952,0.000082,0.310286,1204.25,1090.13,2765.62,0.626794,0.203922,-1.143647,0.273536,0.737962,-0.193869,-0.177218,0.503235,328.12,0.033968,8.8605,0.3548
1957,0.000074,0.266650,1187.30,1051.18,2671.88,0.653069,0.211765,-1.919322,0.481745,0.837829,-0.041700,0.182400,0.459047,281.25,0.036542,8.8882,0.2612
1963,0.000071,0.213973,1145.81,1082.30,2718.75,0.603077,0.247059,-1.250103,0.307585,0.915917,-0.377895,-0.035059,0.439553,328.12,0.031680,8.1969,0.3377
1968,0.000078,0.208669,1191.94,1058.41,2671.88,0.685457,0.184314,-1.084665,0.081661,0.727804,-0.032290,-0.034045,0.341532,328.12,0.026683,7.0758,0.3418
1973,0.000083,0.266715,1198.41,1021.30,2531.25,0.743180,0.149020,-1.345897,0.159581,0.587185,0.226908,0.017727,0.354496,281.25,0.035129,7.9694,0.3145
1979,0.000085,0.177938,1187.58,1050.36,2578.12,0.636627,0.164706,-1.716399,0.238286,0.893940,-0.011855,0.071304,0.524725,281.25,0.040145,10.1919,0.2617
1984,0.000071,0.223533,1157.93,1013.95,2484.38,0.653456,0.180392,-1.197567,0.274104,0.704394,-0.192879,0.117085,0.294863,281.25,0.041459,9.9508,0.3390
1989,0.000074,0.166845,1127.71,1039.72,2578.12,0.597587,0.219608,-0.978146,0.116957,0.775503,-0.181896,-0.068244,0.335827,328.12,0.036468,9.7851,0.3625
1995,0.000080,0.244803,1054.59,1025.69,2578.12,0.599677,0.133333,-0.799182,0.378616,0.653107,-0.121028,-0.109716,-0.001795,281.25,0.035450,9.6089,0.4614
2000,0.000079,0.168792,1067.99,1061.29,2671.88,0.591559,0.149020,-0.663637,0.221905,0.674580,-0.076612,-0.270088,0.113851,281.25,0.033544,8.9029,0.4644
2005,0.000059,0.171430,1086.87,1044.46,2531.25,0.562168,0.305882,-0.972180,-0.056775,0.888862,0.078738,-0.244356,0.305709,328.12,0.042303,12.4085,0.3670
2011,0.000087,0.218383,1189.24,1040.14,2671.88,0.647210,0.184314,-1.637014,-0.185205,0.996408,0.189053,0.077370,0.559385,328.12,0.037656,10.7243,0.2263
2016,0.000075,0.228973,1119.89,1011.80,2531.25,0.632206,0.164706,-1.644612,0.168541,0.865213,0.280372,-0.082573,0.413059,328.12,0.036418,9.4976,0.2884
2021,0.000071,0.177746,1091.10,1022.79,2578.12,0.602163,0.270588,-1.927678,0.348839,0.951000,0.303365,-0.042956,0.367430,328.12,0.037670,9.9105,0.2786
2027,0.000077,0.225765,1133.99,1004.15,2531.25,0.621998,0.227451,-1.243415,0.013203,0.734310,0.110586,0.105031,0.280283,328.12,0.025413,6.7315,0.3084
2032,0.000083,0.246098,1177.44,1055.02,2671.88,0.633273,0.168627,-1.106910,0.101133,0.725779,-0.014920,-0.076232,0.371150,281.25,0.025306,6.7997,0.3429
2037,0.000077,0.269000,1142.76,1051.39,2531.25,0.667546,0.188235,-1.236671,0.390845,0.740934,-0.030045,-0.238506,0.373442,281.25,0.037431,8.9597,0.3798
2043,0.000077,0.165551,1157.02,1021.09,2484.38,0.655159,0.258824,-1.357213,0.300705,0.742718,-0.072306,0.003904,0.382189,281.25,0.039900,10.2557,0.3271
2048,0.000086,0.204427,1234.51,1062.57,2718.75,0.665711,0.168627,-1.690990,-0.038074,0.809880,0.385573,0.081616,0.451994,328.12,0.036360,9.4520,0.2439
2053,0.000083,0.225192,1091.46,1029.98,2531.25,0.587874,0.211765,-1.236715,0.208898,0.796016,0.067817,-0.019697,0.183680,281.25,0.035412,8.3660,0.3553
2059,0.000049,0.209466,1119.94,1028.64,2625.00,0.587141,0.411765,-1.527468,0.077625,1.038327,-0.202553,0.169631,0.444440,328.12,0.040715,10.7674,0.2627
2064,0.000071,0.146025,1256.24,1076.73,2765.62,0.666694,0.301961,-1.559388,-0.218846,0.983753,0.109558,0.023010,0.661911,375.00,0.027172,8.4441,0.2259
2069,0.000076,0.175711,1319.04,1093.03,2812.50,0.703528,0.262745,-1.762926,-0.011196,0.810869,0.246421,0.005885,0.710950,328.12,0.022419,7.4987,0.2235
2075,0.000088,0.258016,1326.84,1100.10,2812.50,0.710651,0.160784,-1.496483,0.281125,0.675836,-0.160256,0.098040,0.601739,281.25,0.033989,10.0382,0.2774
2080,0.000083,0.240250,1139.54,1058.08,2671.88,0.592880,0.172549,-1.307635,0.455416,0.862943,-0.189195,-0.142183,0.320653,281.25,0.045435,12.0515,0.3739
2085,0.000089,0.198430,1062.18,1056.02,2625.00,0.584958,0.180392,-1.141355,0.463624,0.880634,-0.081474,-0.290686,0.169257,281.25,0.043155,10.5184,0.4309
2091,0.000077,0.212604,1038.71,1025.96,2437.50,0.546454,0.200000,-1.248215,0.359183,0.950862,-0.299409,-0.027384,0.264965,328.12,0.043855,11.2111,0.3628
2096,0.000111,0.221012,1077.58,1033.69,2531.25,0.576693,0.105882,-1.141661,0.514886,0.785254,-0.298629,-0.112739,0.252890,281.25,0.046726,12.3420,0.4053
2101,0.000097,0.265221,1043.63,1009.64,2390.62,0.585229,0.152941,-1.434402,0.650923,0.810581,-0.057025,-0.168564,0.198488,281.25,0.057514,13.1706,0.3997
2107,0.000064,0.162296,1031.53,1007.18,2390.62,0.550714,0.266667,-1.190377,0.642809,0.963930,-0.358682,-0.342399,0.284719,281.25,0.056102,13.2301,0.4391
2112,0.000092,0.250155,1058.21,1011.34,2437.50,0.589881,0.192157,-0.975353,0.483840,0.693886,-0.208337,-0.212934,0.218897,281.25,0.033337,7.8348,0.4381
2117,0.000066,0.172276,1042.96,1044.84,2578.12,0.609117,0.352941,-0.359429,0.447714,0.521314,-0.349167,-0.442631,0.182198,281.25,0.031038,7.2933,0.5435
2123,0.000080,0.157978,1103.60,1081.09,2718.75,0.622465,0.215686,-0.513588,0.357534,0.593400,-0.335400,-0.285603,0.183657,234.38,0.026288,6.8273,0.4932
2128,0.000095,0.227813,1161.74,1003.41,2437.50,0.645194,0.156863,-1.619279,0.295388,0.755835,-0.018608,0.338847,0.247818,281.25,0.030585,8.0774,0.2778
2133,0.000083,0.289915,1097.21,996.19,2484.38,0.580844,0.235294,-1.580821,0.158432,0.942724,-0.152037,0.303148,0.328554,328.12,0.042591,10.6486,0.2637
2139,0.000087,0.226550,970.72,967.33,2296.88,0.530142,0.172549,-0.960604,0.266415,0.916817,-0.333562,-0.020044,0.130980,328.12,0.042691,10.4567,0.4007
2144,0.000067,0.289569,1018.69,1008.74,2437.50,0.605861,0.313726,-0.679702,0.345322,0.675388,-0.209652,-0.269904,0.138547,328.12,0.038017,7.7733,0.4746
2149,0.000087,0.170428,1175.55,1062.10,2578.12,0.649411,0.184314,-1.054940,0.005162,0.813655,-0.154332,-0.121290,0.511746,375.00,0.032966,7.7626,0.3274
2155,0.000073,0.182966,1133.69,1030.50,2484.38,0.645711,0.235294,-1.303034,0.345663,0.845763,-0.382321,0.074003,0.419926,234.38,0.026530,6.6206,0.3261
2160,0.000084,0.232011,1169.52,1054.28,2625.00,0.673094,0.192157,-1.394247,0.374673,0.759888,-0.159631,0.043439,0.375879,281.25,0.033012,7.7870,0.3275
2165,0.000098,0.200871,1286.44,1083.69,2765.62,0.675838,0.149020,-1.546996,-0.043562,0.797269,-0.020446,0.172671,0.641063,328.12,0.031484,7.7051,0.2311
2171,0.000069,0.289384,1116.41,1017.76,2531.25,0.586809,0.250980,-1.744109,0.224760,0.951416,0.256394,-0.034245,0.345783,328.12,0.041720,9.6009,0.2859
2176,0.000069,0.210833,1149.35,1026.72,2578.12,0.630559,0.325490,-1.962160,0.314103,1.027446,0.054283,0.087868,0.478463,281.25,0.038715,8.3824,0.2484
2181,0.000084,0.211475,1265.02,1003.21,2578.12,0.722925,0.203922,-1.420364,-0.091426,0.469874,0.350224,0.234740,0.456952,234.38,0.020179,4.6599,0.2494
2187,0.000067,0.197124,1168.90,1054.13,2625.00,0.622644,0.239216,-0.701378,0.156253,0.538494,-0.099779,-0.165029,0.271439,281.25,0.022869,5.7276,0.4193
2192,0.000078,0.194512,1136.57,1063.38,2625.00,0.657729,0.235294,-0.758816,0.233812,0.541041,-0.074788,-0.195388,0.254139,281.25,0.027527,7.2498,0.4275
2197,0.000061,0.241890,1211.18,1054.53,2718.75,0.678726,0.266667,-1.614721,0.176347,0.740500,0.180386,0.088999,0.428489,281.25,0.027421,6.7372,0.2733
2203,0.000084,0.221423,1236.62,1100.58,2812.50,0.658733,0.203922,-0.949664,-0.015344,0.701051,-0.074124,-0.107441,0.445521,375.00,0.026633,6.5739,0.3426
2208,0.000069,0.130606,1245.01,1100.86,2765.62,0.657551,0.219608,-0.731101,0.088332,0.624909,-0.313090,-0.158773,0.489724,328.12,0.030800,8.5282,0.3806
2213,0.000082,0.281602,1138.99,1077.95,2671.88,0.583636,0.168627,-1.241015,0.484296,0.816723,-0.288797,-0.166816,0.395609,328.12,0.035859,9.2089,0.3792
2219,0.000080,0.153479,1222.19,1074.91,2765.62,0.658988,0.149020,-0.939282,0.116324,0.745595,-0.418561,0.001598,0.494326,328.12,0.038072,10.8465,0.3409
2224,0.000074,0.204194,1081.21,1033.14,2531.25,0.622954,0.247059,-1.078714,0.234299,0.919290,-0.303493,-0.048564,0.277184,328.12,0.044337,11.9548,0.3690
2229,0.000081,0.164448,1094.49,1037.29,2531.25,0.571082,0.200000,-0.602960,0.139303,0.788321,-0.444867,-0.231879,0.352082,328.12,0.041432,12.0057,0.4275
2235,0.000089,0.264886,1121.02,1091.88,2578.12,0.547807,0.149020,-0.434018,0.374899,0.647486,-0.405933,-0.565822,0.383389,281.25,0.032108,8.7779,0.5154
2240,0.000064,0.262071,1120.51,1073.37,2625.00,0.587625,0.290196,-1.156110,0.300044,0.934275,-0.177414,-0.306120,0.405324,328.12,0.038317,9.8988,0.3828
2245,0.000059,0.207311,1020.44,976.24,2343.75,0.578692,0.305882,-1.157516,0.138614,0.956383,-0.041361,-0.078032,0.181912,375.00,0.033273,9.7881,0.3632
2251,0.000059,0.176425,1306.14,1064.24,2671.88,0.684261,0.352941,-1.053807,-0.307069,0.763072,-0.084559,-0.027577,0.709942,375.00,0.023424,7.7965,0.2647
2256,0.000051,0.229893,1438.99,1056.50,2671.88,0.745661,0.403922,-0.994663,-0.397471,0.414782,0.060384,0.133320,0.783649,328.12,0.016563,5.4393,0.2397
2261,0.000049,0.146855,1507.22,1064.20,2859.38,0.787259,0.388235,-1.211607,-0.512922,0.352138,0.216100,0.355165,0.801124,375.00,0.009667,3.8494,0.1915
2267,0.000056,0.207604,1603.86,1060.34,2859.38,0.817565,0.274510,-0.899775,-0.571542,0.064843,-0.112297,0.530467,0.988305,328.12,0.008385,3.5283,0.1832
2272,0.000051,0.305212,1357.81,1094.58,2812.50,0.733896,0.345098,-0.767354,-0.086109,0.269033,-0.176112,0.169561,0.590981,328.12,0.014896,5.5033,0.3085
2277,0.000049,0.186227,1390.55,1051.14,2671.88,0.756614,0.345098,-1.090920,-0.108680,0.335203,-0.021104,0.185925,0.699577,328.12,0.012848,4.7189,0.2607
2283,0.000058,0.210176,1501.69,1023.08,2718.75,0.849990,0.317647,-1.171563,-0.222258,0.124130,-0.040885,0.443520,0.867055,421.88,0.008353,3.0236,0.2055
2288,0.000069,0.234189,1500.41,1096.60,2859.38,0.762505,0.282353,-1.253631,0.045164,0.238691,-0.134054,0.232938,0.870893,328.12,0.012368,4.5080,0.2394
2293,0.000075,0.315290,1301.33,1113.68,2812.50,0.730134,0.298039,-0.576403,0.110948,0.282532,-0.052922,-0.248949,0.484794,281.25,0.018119,5.4659,0.4132
2299,0.000068,0.277552,1037.10,1018.47,2484.38,0.617212,0.223529,-0.483182,0.267997,0.414194,0.129056,-0.382864,0.054801,234.38,0.020467,5.5038,0.5141
2304,0.000077,0.190244,1012.68,1040.47,2484.38,0.577780,0.215686,-0.451344,0.498436,0.423259,0.002828,-0.519994,0.046814,234.38,0.029059,7.5718,0.5647
2309,0.000078,0.253854,1074.82,1025.14,2437.50,0.609267,0.203922,-0.615952,0.342422,0.534204,-0.037523,-0.436147,0.212997,281.25,0.036968,10.1118,0.4937
2315,0.000092,0.247159,1086.40,1019.35,2484.38,0.583559,0.113725,-1.015089,0.310038,0.866989,-0.316561,-0.171535,0.326157,328.12,0.039776,10.9785,0.3942
2320,0.000087,0.246984,1015.23,987.88,2296.88,0.555335,0.125490,-0.801387,0.107937,0.914072,-0.138424,-0.301299,0.219100,328.12,0.047995,12.2220,0.4242
2325,0.000078,0.217977,975.44,962.54,2109.38,0.555134,0.215686,-0.583577,0.102546,0.671312,0.082885,-0.267987,-0.005177,328.12,0.045248,10.9487,0.4740
2331,0.000064,0.208466,1090.34,991.07,2390.62,0.639327,0.243137,-1.022347,0.158404,0.741446,-0.146873,0.058952,0.210420,328.12,0.041984,10.2882,0.3620
2336,0.000088,0.139310,1172.07,1018.60,2437.50,0.672425,0.149020,-1.420577,-0.052921,0.785165,0.249962,0.051486,0.386886,328.12,0.033368,9.6162,0.2777
2341,0.000077,0.217588,1070.80,999.84,2390.62,0.622673,0.196078,-1.539620,0.253851,0.908647,0.267388,-0.175796,0.285528,281.25,0.034510,9.5029,0.3323
2347,0.000065,0.202298,1044.80,984.76,2437.50,0.565664,0.239216,-2.139433,0.340489,1.219394,0.183268,-0.033841,0.430125,328.12,0.044239,12.4546,0.2502
2352,0.000076,0.128403,1155.02,1019.17,2625.00,0.605850,0.211765,-1.961420,0.019868,1.051563,0.128380,0.277000,0.484610,328.12,0.041214,13.3525,0.2056
2357,0.000075,0.227339,1150.36,1005.39,2531.25,0.636287,0.215686,-1.942644,-0.284388,1.145416,0.154870,0.371450,0.555298,328.12,0.030260,9.7190,0.1712
2363,0.000078,0.289152,1190.04,1022.73,2718.75,0.644753,0.262745,-1.528669,-0.396106,1.002268,0.214648,0.224695,0.483163,375.00,0.038508,10.3426,0.2114
2368,0.000068,0.269045,1063.53,1000.05,2531.25,0.585048,0.250980,-1.418860,0.130017,0.903143,0.229599,-0.126115,0.282217,328.12,0.028065,7.1830,0.3268
2373,0.000083,0.231242,1129.91,1034.83,2625.00,0.673344,0.192157,-1.092117,0.354931,0.526369,-0.025083,0.000298,0.235602,281.25,0.032636,7.8641,0.3807
2379,0.000081,0.161588,1221.73,1094.05,2765.62,0.664748,0.160784,-1.172864,0.204632,0.692672,-0.171529,-0.057219,0.504306,328.12,0.034557,9.3469,0.3301
2384,0.000070,0.265114,1204.18,1097.86,2765.62,0.639803,0.266667,-1.169261,0.248936,0.752732,-0.079972,-0.188740,0.436305,281.25,0.041143,9.9055,0.3580
2389,0.000070,0.174573,1129.04,1023.07,2531.25,0.660069,0.258824,-0.909087,0.199726,0.567985,0.048799,-0.154629,0.247206,281.25,0.035777,8.6815,0.4011
2395,0.000073,0.177686,1251.67,1076.74,2718.75,0.643365,0.207843,-1.223922,0.062902,0.682712,0.015760,-0.128173,0.590719,328.12,0.030757,9.1123,0.3075
2400,0.000088,0.235838,1180.61,1073.97,2718.75,0.629278,0.254902,-1.200719,0.179537,0.840873,-0.341428,0.015393,0.506345,328.12,0.034737,10.2125,0.3162
2405,0.000094,0.328708,994.97,1003.55,2296.88,0.578903,0.149020,-0.809199,0.560987,0.682267,-0.215738,-0.333090,0.114772,281.25,0.040110,9.9853,0.4963
2411,0.000073,0.216455,1046.91,1036.19,2484.38,0.569217,0.188235,-0.970877,0.329911,0.873426,-0.184584,-0.364001,0.316123,328.12,0.042016,10.4165,0.4264
2416,0.000074,0.166045,1105.34,1038.89,2578.12,0.572118,0.227451,-1.656765,0.191166,1.078588,-0.033431,-0.073025,0.493469,328.12,0.046100,12.4414,0.2803
2421,0.000088,0.230837,1287.99,1103.07,2718.75,0.681925,0.156863,-1.209268,-0.334084,0.791398,0.068178,-0.001757,0.685535,328.12,0.034714,9.0746,0.2472
2427,0.000079,0.325183,999.39,1013.69,2390.62,0.580428,0.184314,-0.677615,0.259639,0.658664,0.161132,-0.424899,0.023078,328.12,0.032636,7.3664,0.4980
2432,0.000066,0.140824,953.04,957.25,2203.12,0.573683,0.243137,-0.533036,0.299516,0.689229,-0.109714,-0.234549,-0.111448,281.25,0.038193,9.7719,0.5141
2437,0.000072,0.198525,1044.00,985.79,2296.88,0.593126,0.243137,-0.991467,0.053157,0.849323,-0.146273,0.077737,0.157522,328.12,0.032691,9.8104,0.3574
2443,0.000082,0.254060,1128.05,996.21,2484.38,0.625122,0.168627,-1.918068,-0.076202,1.150561,0.203521,0.137264,0.502923,375.00,0.033682,10.1290,0.2113
2448,0.000081,0.264291,1070.22,1027.92,2484.38,0.565868,0.172549,-1.394969,0.161269,1.111044,0.024391,-0.235099,0.333364,328.12,0.041337,12.2089,0.3394
2453,0.000077,0.218943,1154.14,1038.49,2531.25,0.619485,0.211765,-1.253567,-0.117879,0.868953,0.140563,-0.020494,0.382424,328.12,0.044715,11.8845,0.2959
2459,0.000083,0.223007,1283.12,1101.16,2812.50,0.714740,0.180392,-1.240247,-0.200372,0.751742,0.112037,0.013247,0.563592,328.12,0.040257,9.6271,0.2672
2464,0.000088,0.159755,1180.65,1088.99,2718.75,0.640750,0.176471,-0.977740,-0.239403,0.881653,-0.080407,-0.026499,0.442399,328.12,0.039780,10.5198,0.3065
2469,0.000067,0.222280,1044.77,1031.37,2531.25,0.587923,0.282353,-1.008904,0.195696,0.925488,-0.104695,-0.238210,0.230625,328.12,0.046099,11.6242,0.4006
2475,0.000080,0.164098,1130.36,1063.01,2718.75,0.561624,0.243137,-0.859990,0.030716,0.796979,0.034464,-0.348999,0.346829,328.12,0.037745,10.1501,0.3981
2480,0.000074,0.263610,1171.67,1042.58,2625.00,0.665739,0.250980,-1.006015,0.139603,0.528401,0.137789,-0.117856,0.318079,281.25,0.031560,7.5942,0.3697
2485,0.000084,0.244769,1104.30,992.21,2390.62,0.684909,0.192157,-0.857694,0.209174,0.467942,0.113859,-0.067702,0.134420,281.25,0.033558,7.3838,0.4115
2491,0.000088,0.210786,1152.25,1007.35,2531.25,0.639010,0.129412,-1.104868,0.028488,0.644821,0.014930,0.047758,0.368872,328.12,0.026465,6.5669,0.3216
2496,0.000059,0.361290,1001.19,968.46,2343.75,0.627410,0.266667,-0.425747,-0.018612,0.470300,0.208503,-0.270766,0.036322,375.00,0.032860,6.0871,0.4738
2501,0.000062,0.135172,1063.57,1027.27,2531.25,0.620234,0.282353,-0.558026,0.247440,0.560185,-0.010384,-0.416119,0.176905,281.25,0.027032,6.6777,0.4911
2507,0.000066,0.176019,1338.19,1121.57,2812.50,0.670916,0.298039,-1.031460,0.040848,0.552961,0.025585,-0.236702,0.648767,328.12,0.022724,6.6603,0.3315
2512,0.000063,0.191732,1173.52,1059.72,2578.12,0.648891,0.231373,-1.014921,0.034689,0.738459,-0.025705,-0.141914,0.409391,328.12,0.027335,7.9255,0.3489
2517,0.000071,0.205430,1201.07,1035.77,2578.12,0.661805,0.305882,-0.713900,0.177687,0.421148,-0.268215,-0.039357,0.422638,328.12,0.024537,7.8078,0.3870
2523,0.000071,0.267235,1207.37,1083.88,2671.88,0.656490,0.243137,-0.606984,0.070654,0.480577,-0.120945,-0.247613,0.424311,328.12,0.027877,7.9900,0.4118
2528,0.000069,0.202700,1208.92,1081.16,2625.00,0.658721,0.223529,-1.073076,0.019974,0.704723,0.063454,-0.182892,0.467817,328.12,0.029314,8.3215,0.3387
2533,0.000071,0.296412,1188.29,1075.40,2531.25,0.665534,0.215686,-0.888607,0.199068,0.603897,-0.092379,-0.215795,0.393815,281.25,0.025282,6.4471,0.3932
2539,0.000071,0.199218,1144.21,1065.54,2531.25,0.675009,0.247059,-0.664174,0.005589,0.597875,-0.122746,-0.168021,0.351478,328.12,0.027695,7.6809,0.3963
2544,0.000091,0.213217,1280.93,1084.71,2625.00,0.669220,0.160784,-1.029208,-0.025686,0.780457,-0.341718,-0.056928,0.673082,328.12,0.036999,10.3128,0.3025
2549,0.000074,0.205460,1151.61,1067.02,2484.38,0.558422,0.196078,-1.040517,0.139091,0.952823,-0.395715,-0.226754,0.571074,328.12,0.043210,11.3392,0.3491
2555,0.000081,0.216997,1185.56,1098.89,2765.62,0.647091,0.180392,-0.955867,0.133217,0.747864,-0.207786,-0.197706,0.480277,328.12,0.039470,9.9121,0.3653
2560,0.000083,0.290462,1171.50,1046.57,2718.75,0.643583,0.168627,-1.777400,0.248487,0.845984,0.275628,-0.000607,0.407908,281.25,0.034602,8.0954,0.2753
2565,0.000061,0.170037,1095.35,1025.18,2578.12,0.621067,0.266667,-1.379494,0.207098,0.903204,0.047250,-0.150973,0.372914,328.12,0.034334,8.6518,0.3324
2571,0.000082,0.228352,1170.52,1060.80,2625.00,0.655982,0.149020,-1.088622,0.317598,0.752247,-0.171050,-0.257752,0.447580,281.25,0.028527,7.2681,0.3822
2576,0.000089,0.175781,1144.46,1074.17,2671.88,0.667464,0.203922,-0.734926,0.427717,0.541202,-0.337607,-0.128074,0.231688,234.38,0.031750,8.7916,0.4488
2581,0.000067,0.215119,993.50,983.56,2343.75,0.543059,0.309804,-1.057485,0.560783,0.740859,-0.089185,-0.093687,-0.061286,281.25,0.044373,12.1280,0.4574
2587,0.000063,0.135698,1091.12,1034.48,2578.12,0.601409,0.243137,-1.251390,0.566398,0.769385,-0.220502,-0.024384,0.160495,281.25,0.039193,11.1617,0.3988
2592,0.000063,0.190122,1236.34,1081.07,2671.88,0.706932,0.278431,-0.939218,0.325071,0.519161,-0.352421,0.144383,0.303024,281.25,0.029044,8.7857,0.3703
2597,0.000067,0.216513,1267.13,1096.45,2718.75,0.761693,0.262745,-0.586589,0.198223,0.365720,-0.419718,0.116909,0.325455,281.25,0.026827,7.2736,0.3976
2603,0.000061,0.184555,1191.17,1036.95,2578.12,0.689369,0.333333,-1.034104,0.148700,0.610307,-0.104985,0.168283,0.211800,281.25,0.024471,7.1121,0.3469
2608,0.000081,0.178581,1316.09,1069.56,2765.62,0.741314,0.149020,-1.095483,-0.080327,0.459201,0.143828,0.125056,0.447725,234.38,0.013260,4.0277,0.2944
2613,0.000085,0.296435,1135.30,1029.43,2671.88,0.685757,0.192157,-1.051044,0.211396,0.553163,0.147624,-0.075544,0.214405,281.25,0.022277,5.2280,0.3801
2619,0.000088,0.246034,1091.63,1039.58,2625.00,0.618464,0.168627,-1.091561,0.223455,0.844993,-0.204469,-0.059045,0.286627,328.12,0.039118,9.4586,0.3664
2624,0.000087,0.173075,1040.44,1018.57,2484.38,0.558068,0.149020,-1.248322,0.526152,0.970026,-0.248596,-0.295555,0.296296,281.25,0.040832,11.2226,0.4106
2629,0.000089,0.194156,1033.13,1028.09,2484.38,0.596489,0.176471,-1.190070,0.508074,0.933827,-0.139811,-0.315677,0.203655,281.25,0.045751,11.0630,0.4292
2635,0.000076,0.224163,1083.08,1026.29,2578.12,0.610943,0.196078,-1.378156,0.167498,1.000083,-0.136930,0.002645,0.344859,328.12,0.049659,12.3970,0.3145
2640,0.000083,0.159944,1110.19,1038.37,2578.12,0.618623,0.207843,-0.847407,0.108860,0.757230,-0.133884,-0.165545,0.280745,328.12,0.047255,11.7620,0.3949
2645,0.000077,0.167215,1138.35,1047.92,2578.12,0.604945,0.219608,-0.943203,-0.245076,0.871331,-0.013472,-0.036613,0.367031,328.12,0.042476,11.0645,0.3188
2651,0.000073,0.266395,1152.84,1063.12,2671.88,0.667141,0.200000,-0.825231,-0.004908,0.663812,0.065811,-0.172138,0.272654,328.12,0.034664,8.0906,0.3857
2656,0.000072,0.093015,1163.37,1073.17,2671.88,0.620195,0.180392,-0.983732,0.126732,0.771074,0.085321,-0.361265,0.361869,281.25,0.030521,8.1422,0.3944
2661,0.000070,0.220522,1189.57,1055.85,2718.75,0.625804,0.160784,-1.443929,0.020652,0.975961,-0.083104,-0.001220,0.531640,328.12,0.035611,10.5514,0.2735
2667,0.000087,0.165187,1202.59,1043.57,2671.88,0.622925,0.184314,-1.472562,0.074829,0.867174,-0.049200,0.122966,0.456793,328.12,0.037138,11.3124,0.2712
2672,0.000065,0.248068,1082.94,999.39,2437.50,0.602283,0.188235,-1.893996,0.360618,0.993102,0.120492,0.121760,0.298023,328.12,0.038875,10.8315,0.2736
2677,0.000083,0.164229,1105.22,997.28,2437.50,0.640840,0.203922,-1.254925,0.291478,0.863258,-0.250584,0.140588,0.210185,328.12,0.037546,10.3544,0.3414
2683,0.000078,0.216211,1051.95,1009.77,2484.38,0.591164,0.262745,-1.111468,0.243206,0.849084,-0.156117,-0.067713,0.243011,328.12,0.034595,9.9753,0.3724
2688,0.000077,0.275703,1036.95,996.77,2437.50,0.571008,0.188235,-1.501505,0.474118,0.920620,0.032722,-0.197349,0.271394,281.25,0.037389,9.7045,0.3657
2693,0.000069,0.219487,1121.27,1006.64,2578.12,0.639071,0.258824,-1.434582,0.095941,0.828112,0.256325,0.001665,0.252538,281.25,0.034310,8.6550,0.3108
2699,0.000083,0.231190,1210.07,1012.82,2437.50,0.625805,0.219608,-1.793388,-0.119560,0.925076,0.044801,0.347360,0.595709,328.12,0.031406,8.4521,0.1934
2704,0.000075,0.193817,1226.42,1057.46,2531.25,0.632116,0.207843,-1.704562,0.194430,0.908420,-0.158312,0.150314,0.609710,328.12,0.034744,9.8755,0.2432
2709,0.000077,0.216865,1213.67,1077.32,2671.88,0.605031,0.447059,-1.655728,0.140174,1.007670,-0.091247,-0.030756,0.629887,328.12,0.038224,11.1808,0.2578
2715,0.000074,0.196808,1280.60,1080.11,2859.38,0.688740,0.443137,-1.765634,0.064332,0.839729,0.154384,0.104857,0.602331,328.12,0.025260,7.9809,0.2307
2720,0.000083,0.208349,1429.11,1072.22,2906.25,0.823941,0.364706,-1.235476,-0.286577,0.369694,0.228679,0.264670,0.659009,375.00,0.011795,3.9745,0.2274
2725,0.000067,0.258941,1259.61,1075.17,2671.88,0.710653,0.392157,-0.962576,0.015025,0.542659,-0.031944,-0.007223,0.444060,281.25,0.019759,6.7276,0.3335
2731,0.000069,0.189128,1200.89,1047.19,2671.88,0.699370,0.345098,-1.141984,0.105016,0.614540,0.066779,0.010664,0.344987,281.25,0.021387,6.7895,0.3326
2736,0.000078,0.219925,1345.27,1097.44,2906.25,0.756560,0.290196,-1.285520,0.055049,0.469879,0.099499,0.107070,0.554021,281.25,0.017833,5.5687,0.2797
2741,0.000098,0.346377,1120.65,1038.21,2531.25,0.655306,0.152941,-0.801706,0.278693,0.534528,-0.001542,-0.212127,0.202155,281.25,0.030011,7.4127,0.4362
2747,0.000075,0.224557,1048.08,1010.01,2437.50,0.596823,0.223529,-0.753480,0.300552,0.730946,-0.198993,-0.235397,0.156372,281.25,0.040171,10.1380,0.4534
2752,0.000083,0.201124,1223.31,1084.24,2765.62,0.638464,0.172549,-1.633715,0.149222,0.912426,-0.041987,0.019464,0.594589,328.12,0.047128,11.9091,0.2594
2757,0.000079,0.184774,1244.23,1036.23,2671.88,0.666151,0.239216,-1.872514,-0.236980,0.867951,0.447812,0.189967,0.603763,328.12,0.044779,11.0822,0.1898
2763,0.000082,0.116678,1191.01,1061.53,2671.88,0.623574,0.211765,-1.712855,0.049243,0.948787,0.172191,0.056367,0.486265,328.12,0.043506,11.9599,0.2492
2768,0.000065,0.210606,1215.44,1120.18,2765.62,0.600985,0.203922,-1.237408,0.310929,0.846343,-0.106169,-0.285564,0.471869,281.25,0.041890,11.3693,0.3644
2773,0.000081,0.203484,1132.31,1063.15,2625.00,0.570610,0.192157,-1.030824,0.292927,0.770492,-0.101990,-0.279246,0.348641,281.25,0.033513,9.1111,0.4004
2779,0.000081,0.206623,1140.67,1064.17,2484.38,0.606151,0.188235,-1.196736,0.199359,0.903721,-0.397069,0.089967,0.400760,328.12,0.034836,10.2059,0.3221
2784,0.000093,0.254750,1107.76,1082.34,2531.25,0.621284,0.129412,-1.016168,0.452419,0.868528,-0.524141,-0.127352,0.346714,281.25,0.035914,9.6510,0.4033
2789,0.000079,0.248873,1086.71,1056.16,2484.38,0.592026,0.219608,-0.917399,0.083889,0.946074,-0.130994,-0.394905,0.413337,328.12,0.045050,11.8258,0.3951
2795,0.000064,0.174190,959.69,991.49,2343.75,0.517639,0.294118,-0.624659,0.241844,0.920899,-0.114902,-0.628755,0.205574,328.12,0.045444,11.2690,0.5050
2800,0.000081,0.149402,1089.30,1072.00,2578.12,0.561252,0.172549,-0.850956,-0.013718,0.947983,-0.091314,-0.420964,0.428969,328.12,0.032878,10.2650,0.3926
2805,0.000102,0.283949,1160.79,1052.10,2531.25,0.626559,0.152941,-1.528561,0.341696,0.881890,-0.209728,-0.001465,0.516167,328.12,0.031847,8.5342,0.2993
2811,0.000062,0.279981,1221.73,1063.63,2625.00,0.626251,0.313726,-1.382807,-0.053604,0.933498,-0.283153,0.145676,0.640390,328.12,0.041486,9.1575,0.2476
2816,0.000074,0.242771,1414.53,1129.35,2859.38,0.676158,0.274510,-1.313385,0.046432,0.740898,-0.305196,-0.051035,0.882286,328.12,0.035832,7.0846,0.2594
2821,0.000059,0.095242,1514.98,1066.35,2812.50,0.727304,0.329412,-1.123238,-0.217427,0.468805,-0.291836,0.276408,0.887287,328.12,0.023383,6.1183,0.2223
2827,0.000090,0.210144,1519.68,1070.74,2859.38,0.742993,0.160784,-1.550637,-0.615673,0.732908,0.080568,0.385738,0.967095,328.12,0.020444,5.7754,0.1468
2832,0.000087,0.327430,1369.20,1126.78,2812.50,0.732616,0.168627,-0.985445,0.030201,0.554741,-0.155846,-0.069485,0.625833,328.12,0.028267,6.6513,0.3196
2837,0.000079,0.218962,1207.71,1100.00,2671.88,0.634787,0.254902,-0.978851,0.370753,0.652351,-0.427185,-0.076111,0.459043,281.25,0.041789,9.3095,0.3786
2843,0.000077,0.277549,1263.63,1069.33,2671.88,0.636952,0.250980,-1.784072,0.140178,0.864674,-0.079361,0.181111,0.677470,328.12,0.035243,7.9168,0.2225
2848,0.000071,0.216528,1276.76,1074.27,2718.75,0.725881,0.203922,-1.179682,0.171324,0.552021,-0.047755,0.027874,0.476218,281.25,0.030314,6.3325,0.3195
2853,0.000087,0.160335,1277.29,1093.87,2765.62,0.695312,0.168627,-1.092856,-0.100266,0.745899,0.017345,-0.189360,0.619236,375.00,0.028829,7.2476,0.3076
2859,0.000083,0.257996,1057.67,1039.94,2531.25,0.582569,0.200000,-0.917817,0.100987,0.806775,0.237159,-0.516501,0.289398,375.00,0.033308,8.1958,0.4268
2864,0.000088,0.200863,993.43,1034.28,2437.50,0.541859,0.223529,-0.953598,0.415652,0.793792,0.198394,-0.597601,0.143359,234.38,0.033481,7.7633,0.4895
2869,0.000091,0.243330,1014.86,1030.06,2437.50,0.533676,0.152941,-0.818692,0.378210,0.839981,-0.045348,-0.569319,0.215169,281.25,0.038309,9.1288,0.4892
2875,0.000088,0.309480,1201.67,1006.34,2484.38,0.679401,0.188235,-1.470039,0.062578,0.727211,0.247075,-0.071394,0.504570,281.25,0.039189,7.9707,0.2849
2880,0.000071,0.182041,1173.64,1058.74,2578.12,0.609485,0.219608,-2.090710,0.275800,1.120534,0.027911,0.087290,0.579175,328.12,0.043781,10.6156,0.2243
2885,0.000100,0.126935,1164.66,1102.63,2765.62,0.609759,0.113725,-1.410513,0.249637,0.950109,-0.147444,-0.084564,0.442775,328.12,0.042330,12.5530,0.3187
2891,0.000086,0.280061,1069.25,1077.28,2625.00,0.557992,0.172549,-1.322492,0.553212,0.983786,-0.270499,-0.219798,0.275792,281.25,0.046190,12.3213,0.3983
2896,0.000086,0.228349,1053.76,1066.27,2578.12,0.547408,0.196078,-0.980664,0.441726,0.905005,-0.238414,-0.374484,0.246830,281.25,0.047194,11.1057,0.4488
2901,0.000082,0.180176,1240.53,1093.57,2812.50,0.659890,0.192157,-1.095373,-0.053679,0.777294,-0.054565,-0.055837,0.482160,328.12,0.047904,11.4924,0.3127
2907,0.000084,0.176323,1175.20,1083.37,2671.88,0.580949,0.141176,-0.825389,-0.091244,0.868398,-0.350735,-0.010576,0.409547,328.12,0.046750,12.1741,0.3412
2912,0.000088,0.168433,1078.22,1033.34,2531.25,0.615679,0.172549,-0.737019,-0.020030,0.751394,-0.140917,-0.056349,0.202921,328.12,0.040296,10.7224,0.3889
2917,0.000092,0.281411,976.69,948.33,2343.75,0.612135,0.152941,-0.778476,0.200413,0.687690,-0.056935,-0.099288,0.046595,375.00,0.033126,7.2727,0.4347
2923,0.000075,0.197407,951.81,958.85,2296.88,0.514901,0.231373,-1.005287,0.473456,0.912409,-0.286662,-0.240376,0.146460,328.12,0.045308,10.9354,0.4455
2928,0.000071,0.074118,1088.27,1040.96,2531.25,0.560269,0.196078,-1.041940,0.369545,0.825812,-0.267313,-0.201399,0.315295,328.12,0.043085,12.2088,0.4030
2933,0.000064,0.194042,1127.78,1015.02,2531.25,0.585342,0.258824,-1.124549,0.035633,0.808317,-0.101764,-0.030694,0.413057,328.12,0.038581,11.6960,0.3240
2939,0.000062,0.198499,1111.34,989.03,2531.25,0.608288,0.282353,-0.919143,-0.102351,0.639938,0.092918,-0.029293,0.317931,328.12,0.028792,8.4804,0.3418
2944,0.000059,0.203566,1219.74,1011.58,2484.38,0.606790,0.305882,-0.781075,-0.456203,0.664718,0.019037,0.035190,0.518334,375.00,0.029124,9.9223,0.2900
2949,0.000079,0.162804,1270.01,1045.95,2671.88,0.721298,0.207843,-0.759696,-0.282436,0.631117,-0.304384,0.149530,0.565867,375.00,0.026761,9.5263,0.2934
2955,0.000081,0.285888,1183.57,1016.48,2484.38,0.609941,0.149020,-1.301251,-0.053729,0.915825,-0.122222,-0.010222,0.571598,375.00,0.029585,9.1522,0.2772
2960,0.000079,0.279874,1176.35,1026.06,2484.38,0.604216,0.211765,-1.399685,0.036511,0.918670,-0.183635,0.066935,0.561205,328.12,0.040980,11.1500,0.2698
2965,0.000089,0.243015,1174.78,1071.52,2531.25,0.651854,0.105882,-0.980716,0.248252,0.745432,-0.305439,-0.134743,0.427213,328.12,0.039515,10.0503,0.3746
2971,0.000069,0.207873,1202.76,1074.04,2671.88,0.638908,0.192157,-1.374264,-0.006297,0.944284,-0.203396,0.084940,0.554732,328.12,0.043355,11.0077,0.2670
2976,0.000078,0.206210,1218.35,1026.17,2625.00,0.672381,0.258824,-1.948879,-0.101153,0.935772,0.319458,0.209224,0.585576,328.12,0.039670,10.0458,0.1943
2981,0.000085,0.153082,1219.66,1056.46,2625.00,0.594819,0.184314,-1.789637,-0.109517,1.052214,0.041736,0.101484,0.703718,328.12,0.039412,11.1354,0.2055
2987,0.000071,0.192971,1261.36,1093.76,2718.75,0.606085,0.282353,-1.432400,0.089908,0.985436,-0.500677,0.071395,0.786339,328.12,0.041061,11.8486,0.2497
2992,0.000064,0.241280,1153.77,1078.86,2625.00,0.657753,0.325490,-0.644116,0.303710,0.633764,-0.475357,-0.247401,0.429399,328.12,0.037911,9.7474,0.4351
2997,0.000071,0.186629,1136.05,1058.19,2578.12,0.632528,0.400000,-0.623014,-0.124847,0.581191,0.041820,-0.181700,0.306551,328.12,0.027712,7.9348,0.3926
3003,0.000094,0.183981,1261.64,1064.04,2765.62,0.705122,0.145098,-1.681956,0.050245,0.692187,0.357667,0.012982,0.568876,468.75,0.012842,4.3662,0.2485
3008,0.000091,0.342875,1175.01,1057.12,2578.12,0.658013,0.156863,-1.109303,0.349223,0.633874,-0.093643,-0.176978,0.396828,281.25,0.028535,7.0400,0.3799
3013,0.000062,0.249888,1108.47,1063.93,2578.12,0.619573,0.337255,-0.988899,0.307479,0.894906,-0.359184,-0.209437,0.355135,281.25,0.040580,9.1107,0.3981
3019,0.000099,0.225640,1137.68,1045.82,2625.00,0.656816,0.149020,-0.770541,0.058985,0.713827,-0.262506,-0.040970,0.301206,375.00,0.027017,6.0987,0.3809
3024,0.000082,0.183901,1127.98,1075.12,2671.88,0.607669,0.239216,-1.013714,0.396040,0.730325,-0.326148,-0.126176,0.339671,281.25,0.031099,6.9968,0.3976
3029,0.000070,0.185768,1027.41,1038.50,2531.25,0.549313,0.223529,-0.809276,0.501512,0.776601,-0.244089,-0.432147,0.207399,281.25,0.040175,9.5626,0.4896
3035,0.000065,0.213832,1062.86,1003.36,2390.62,0.645314,0.278431,-0.854748,0.350788,0.623859,0.034401,-0.310086,0.155787,281.25,0.029330,6.9676,0.4564
3040,0.000074,0.145023,1192.02,1057.41,2718.75,0.648047,0.176471,-1.193973,-0.004267,0.688788,0.272167,-0.153785,0.391070,328.12,0.023439,6.8447,0.3279
3045,0.000075,0.250436,1227.16,1071.69,2812.50,0.628891,0.200000,-2.019454,-0.351805,1.119482,0.458089,0.147453,0.646234,375.00,0.030434,8.8920,0.1704
3051,0.000078,0.150574,1084.49,1030.65,2390.62,0.550458,0.188235,-1.140115,-0.191351,1.023066,0.235455,-0.317410,0.390356,375.00,0.034594,10.3477,0.3313
3056,0.000070,0.309654,1059.97,1060.03,2531.25,0.560587,0.313726,-0.869183,0.299794,0.882251,-0.234500,-0.317593,0.239230,328.12,0.030436,8.8733,0.4389
3061,0.000074,0.183303,1245.07,1129.36,2859.38,0.640179,0.176471,-1.174026,0.274716,0.751921,-0.168529,-0.099337,0.415256,281.25,0.032014,8.8536,0.3526
3067,0.000076,0.294528,1269.78,1097.31,2812.50,0.645793,0.160784,-1.149405,-0.387691,0.851228,0.106316,0.023894,0.555659,328.12,0.031954,8.3065,0.2576
3072,0.000072,0.192308,1092.64,1034.65,2484.38,0.627430,0.258824,-0.817905,0.163445,0.710157,-0.148723,-0.140040,0.233066,328.12,0.029094,8.0396,0.4076
3077,0.000060,0.240946,1111.35,1037.27,2578.12,0.586398,0.321569,-1.306017,0.053158,0.918186,-0.039064,0.058357,0.315381,328.12,0.034357,9.6482,0.3072
3083,0.000088,0.149155,1154.61,1020.39,2484.38,0.597380,0.156863,-1.020494,-0.442057,0.797279,0.123480,0.061258,0.480536,328.12,0.029923,9.8405,0.2685
3088,0.000071,0.288945,1102.00,1069.46,2578.12,0.591361,0.235294,-0.863856,0.167522,0.798267,-0.101878,-0.287497,0.287441,328.12,0.035375,10.2224,0.4138
3093,0.000065,0.175521,1138.14,1103.21,2812.50,0.584319,0.282353,-1.027244,0.353856,0.924621,-0.396363,-0.290761,0.435889,328.12,0.038256,10.8948,0.3991
3099,0.000082,0.166565,1283.07,1096.58,2859.38,0.670042,0.203922,-1.546808,-0.009248,0.882990,-0.095310,0.126730,0.641644,328.12,0.035269,11.1912,0.2383
3104,0.000081,0.226454,1210.78,1066.32,2671.88,0.657035,0.247059,-1.023622,0.053167,0.638844,-0.019746,-0.147773,0.499131,328.12,0.031616,9.0979,0.3405
3109,0.000076,0.381432,1063.55,1032.81,2531.25,0.640527,0.227451,-0.740197,0.408729,0.537707,-0.035290,-0.334223,0.163275,281.25,0.029099,6.3338,0.4799
3115,0.000066,0.202000,1187.94,1012.38,2531.25,0.746709,0.239216,-1.137995,0.124584,0.550975,0.067842,0.103536,0.291054,234.38,0.028425,5.9572,0.3309
3120,0.000072,0.163631,1223.77,1078.52,2765.62,0.689760,0.192157,-0.998784,0.010368,0.720156,-0.221719,0.024714,0.465265,328.12,0.029789,8.2329,0.3232
3125,0.000079,0.201110,1364.31,1130.79,2812.50,0.659239,0.227451,-1.031313,-0.338550,0.755883,-0.083918,-0.082806,0.780704,328.12,0.037213,11.5070,0.2623
3131,0.000081,0.231921,1166.22,1050.83,2625.00,0.625381,0.176471,-0.953214,-0.286049,0.840952,0.068282,-0.145447,0.475477,328.12,0.037958,10.4255,0.3133
3136,0.000104,0.293634,1170.37,1031.93,2671.88,0.659929,0.129412,-1.308206,0.016055,0.726606,0.336008,-0.119353,0.348889,328.12,0.035681,8.5697,0.3185
3141,0.000082,0.254306,1203.58,1072.63,2718.75,0.633457,0.125490,-1.791439,0.510607,0.884105,-0.064654,-0.171473,0.632854,281.25,0.050714,11.2720,0.2950
3147,0.000083,0.120877,1149.75,1085.25,2671.88,0.594522,0.164706,-1.892622,0.597812,1.028766,-0.179459,-0.106577,0.552078,281.25,0.049155,11.5823,0.2952
3152,0.000080,0.132005,1061.55,1021.38,2625.00,0.562066,0.133333,-1.749413,0.257431,1.058720,0.246018,-0.150188,0.337430,328.12,0.044038,12.2109,0.3016
3157,0.000073,0.229588,958.63,934.28,2296.88,0.509742,0.243137,-2.004663,0.091103,1.320663,0.208203,0.106046,0.278648,328.12,0.042756,12.9708,0.2406
3163,0.000078,0.221631,1077.64,1016.41,2437.50,0.580535,0.243137,-1.877113,0.271994,1.125815,0.077492,-0.047474,0.449286,328.12,0.041169,11.6400,0.2683
3168,0.000084,0.182893,1255.11,1076.07,2765.62,0.656470,0.164706,-2.336753,0.190217,1.016413,0.242110,0.132445,0.755567,328.12,0.034367,9.4189,0.1799
3173,0.000074,0.326794,1170.71,1048.38,2671.88,0.696190,0.172549,-1.187950,0.106053,0.670706,0.214542,-0.067100,0.263749,281.25,0.031915,6.8658,0.3454
3179,0.000070,0.105425,1230.95,1054.60,2718.75,0.700337,0.200000,-1.298002,-0.084621,0.632198,0.339270,0.059011,0.352144,281.25,0.030325,6.6876,0.2897
3184,0.000089,0.144559,1194.60,1075.19,2718.75,0.666939,0.137255,-1.257630,0.013139,0.837442,-0.037684,-0.022748,0.467484,328.12,0.034691,9.0964,0.3006
3189,0.000084,0.209383,1172.32,1029.11,2531.25,0.670292,0.141176,-0.902066,0.147069,0.611830,-0.224591,0.115435,0.252322,328.12,0.035677,9.3384,0.3632
3195,0.000074,0.192803,991.98,980.87,2250.00,0.564390,0.227451,-0.951093,0.397512,0.907536,-0.332146,-0.125659,0.103853,328.12,0.042955,11.2745,0.4339
3200,0.000073,0.250070,1130.38,1045.44,2625.00,0.620577,0.227451,-1.058408,-0.038885,0.901693,-0.169930,0.036817,0.328714,328.12,0.037614,9.5700,0.3249
3205,0.000059,0.227799,1237.36,1068.90,2718.75,0.737458,0.352941,-0.885493,-0.188175,0.593522,0.115878,-0.014403,0.378672,328.12,0.029754,6.8517,0.3276
3211,0.000078,0.127305,1234.65,1097.65,2765.62,0.624913,0.176471,-1.138911,0.122825,0.775626,-0.053577,-0.263127,0.557165,328.12,0.021253,6.0373,0.3418
3216,0.000080,0.244332,1113.72,1063.99,2671.88,0.639107,0.227451,-0.745385,0.332750,0.526658,-0.041438,-0.351627,0.279043,328.12,0.024557,6.8779,0.4576
3221,0.000071,0.269913,1150.25,1031.89,2578.12,0.631261,0.227451,-1.187649,0.096661,0.843804,-0.147862,-0.001052,0.396100,328.12,0.039786,10.6540,0.3223
3227,0.000079,0.138793,1210.02,1018.16,2531.25,0.648201,0.180392,-1.770471,-0.002876,0.962333,-0.009033,0.234095,0.585951,328.12,0.043608,12.3422,0.2147
3232,0.000077,0.165503,1233.69,1042.75,2625.00,0.631494,0.145098,-1.336818,-0.255514,0.914115,-0.168539,0.238028,0.608728,328.12,0.041057,12.2375,0.2280
3237,0.000082,0.223470,1125.81,1025.16,2578.12,0.604180,0.176471,-1.066316,0.024395,0.835529,-0.246999,0.064172,0.389222,328.12,0.039060,10.6242,0.3213
3243,0.000085,0.307126,1007.54,1044.09,2531.25,0.558220,0.152941,-0.635527,0.401965,0.737554,-0.125569,-0.539292,0.160868,281.25,0.030786,7.6557,0.5181
3248,0.000087,0.238567,1089.49,1042.51,2531.25,0.604440,0.192157,-1.091527,0.045044,0.864036,-0.089171,-0.078934,0.350552,375.00,0.035390,8.9051,0.3410
3253,0.000074,0.148858,967.67,991.95,2390.62,0.544174,0.219608,-0.757002,0.204631,0.933002,-0.302705,-0.212923,0.134997,375.00,0.042538,10.9797,0.4410
3259,0.000067,0.214868,1105.47,1079.35,2671.88,0.600645,0.341176,-0.962082,0.119398,0.875771,-0.177347,-0.231947,0.376206,328.12,0.039537,10.5864,0.3791
3264,0.000086,0.162446,1227.81,1081.83,2765.62,0.583761,0.164706,-1.367370,-0.012113,0.752653,0.040599,-0.001931,0.588161,328.12,0.033416,10.5025,0.2723
3269,0.000081,0.272067,1078.82,1018.10,2531.25,0.636196,0.219608,-0.981418,0.248982,0.685877,-0.016268,-0.108083,0.170910,281.25,0.033261,8.8632,0.4019
3275,0.000064,0.216469,1102.24,1045.24,2484.38,0.592462,0.227451,-1.188251,0.166578,1.004756,-0.346062,-0.037378,0.400358,328.12,0.042591,11.3665,0.3335
3280,0.000058,0.177685,1262.77,1093.58,2765.62,0.671322,0.392157,-1.388598,-0.111237,0.951513,-0.100106,0.028725,0.619704,375.00,0.030591,8.7860,0.2546
3285,0.000075,0.200214,1373.10,1087.13,2812.50,0.733115,0.207843,-1.539125,-0.182386,0.762334,0.064331,0.211918,0.682929,421.88,0.020107,6.3211,0.2128
3291,0.000085,0.249515,1230.14,1061.56,2718.75,0.666571,0.180392,-1.209164,0.034501,0.803460,-0.126310,0.021564,0.475949,281.25,0.024013,7.0905,0.3024
3296,0.000094,0.315086,1090.87,988.28,2437.50,0.628584,0.168627,-1.084789,0.239035,0.685712,0.084734,-0.054045,0.129354,281.25,0.035379,8.0696,0.3869
3301,0.000092,0.194671,1076.34,1026.29,2437.50,0.583753,0.152941,-0.963981,0.320802,0.799788,-0.256125,-0.145768,0.245286,281.25,0.045852,11.0719,0.4082
3307,0.000080,0.153638,1085.09,1062.64,2484.38,0.548681,0.243137,-0.900235,0.455247,0.824474,-0.372381,-0.284197,0.277092,281.25,0.051768,13.7996,0.4455
3312,0.000076,0.226555,1114.64,1044.38,2531.25,0.563423,0.231373,-1.338328,0.361494,1.000108,-0.313068,-0.151886,0.441680,328.12,0.045183,11.7620,0.3468
3317,0.000079,0.245131,1213.54,1042.82,2578.12,0.655017,0.188235,-1.982588,0.353396,0.886505,0.104521,0.095092,0.543074,281.25,0.040443,9.7881,0.2435
3323,0.000083,0.172646,1120.49,1022.21,2578.12,0.666149,0.121569,-1.166643,0.327511,0.705043,-0.067126,-0.040623,0.241839,281.25,0.035431,8.2443,0.3728
3328,0.000073,0.199559,1133.35,1037.17,2625.00,0.586549,0.196078,-1.023788,0.030805,0.886988,-0.180454,-0.132291,0.418740,328.12,0.043077,12.0822,0.3453
3333,0.000068,0.191697,1150.28,1061.91,2625.00,0.569218,0.258824,-1.216970,0.267733,0.904462,-0.202687,-0.256610,0.504074,328.12,0.038435,10.4766,0.3547
3339,0.000069,0.254820,1357.26,1107.62,2859.38,0.708317,0.321569,-1.332621,-0.089000,0.777121,-0.046969,-0.055915,0.747386,375.00,0.028882,7.8874,0.2580
3344,0.000076,0.220354,1346.09,1068.87,2718.75,0.713952,0.223529,-1.400172,-0.663719,0.830581,0.171600,0.302866,0.758843,375.00,0.030911,8.4955,0.1732
3349,0.000077,0.235414,1203.85,1020.76,2484.38,0.677356,0.172549,-1.151128,-0.344237,0.764711,0.250856,-0.075539,0.555337,328.12,0.034881,9.5900,0.2714
3355,0.000091,0.172741,1125.29,1035.66,2531.25,0.630597,0.145098,-0.886737,-0.095190,0.792918,-0.242019,0.064492,0.366535,328.12,0.041667,12.2105,0.3304
3360,0.000070,0.265323,1099.16,1045.78,2625.00,0.595783,0.266667,-1.645442,0.255391,0.949253,0.113169,-0.026724,0.354354,328.12,0.044945,11.6226,0.2976
3365,0.000064,0.157216,1097.83,1061.55,2578.12,0.613700,0.301961,-1.188007,0.254988,0.895279,-0.132549,-0.150232,0.320521,328.12,0.044363,11.4822,0.3655
3371,0.000078,0.185363,1237.29,1079.25,2859.38,0.645313,0.223529,-1.222155,-0.123811,0.732979,0.122963,-0.035273,0.525297,328.12,0.032674,9.2547,0.2854
3376,0.000063,0.291603,1202.24,1068.13,2765.62,0.715808,0.274510,-1.359759,0.236691,0.666243,0.100894,-0.017559,0.373488,281.25,0.028217,6.8871,0.3231
3381,0.000077,0.169360,1266.09,1099.52,2765.62,0.665942,0.223529,-1.228092,0.041949,0.712869,-0.042067,-0.030585,0.545925,328.12,0.026060,7.2201,0.2993
3387,0.000070,0.232321,1187.92,1043.69,2671.88,0.694419,0.219608,-0.731677,-0.073459,0.400100,0.133309,-0.024795,0.296522,328.12,0.029232,7.3972,0.3686
3392,0.000084,0.158344,1149.74,1063.99,2671.88,0.654852,0.164706,-0.596021,0.060031,0.573848,-0.204964,-0.088737,0.255845,328.12,0.031965,8.7099,0.4130
3397,0.000143,0.314441,1093.12,1075.14,2625.00,0.617607,0.078431,-0.293582,0.514289,0.253097,-0.439844,-0.182292,0.148331,140.62,0.033052,7.6680,0.5318
3403,0.000112,0.305303,882.86,982.73,2156.25,0.532530,0.109804,0.107940,0.679489,-0.037608,-0.134863,-0.338727,-0.276231,140.62,0.062265,11.5685,0.6685
3408,0.000082,0.177248,830.85,992.77,2109.38,0.497737,0.215686,0.243348,0.914378,-0.065049,-0.423025,-0.445760,-0.223893,140.62,0.071603,13.6467,0.7138
3413,0.000092,0.255889,962.12,991.28,2343.75,0.597820,0.129412,0.065557,0.472929,-0.013943,-0.142666,-0.309589,-0.072287,140.62,0.051125,9.2840,0.6131
3419,0.000074,0.178572,1073.71,1025.48,2437.50,0.629104,0.223529,-0.405973,0.316937,0.487643,-0.296778,-0.322238,0.220408,375.00,0.024655,5.3156,0.5016
3424,0.000090,0.175969,1097.34,1027.15,2578.12,0.634695,0.219608,-0.546398,0.371060,0.620687,-0.498158,-0.107273,0.160082,281.25,0.036761,8.2095,0.4715
3429,0.000059,0.207836,975.98,1004.74,2484.38,0.528580,0.333333,-0.545406,0.543175,0.670747,-0.306294,-0.400555,0.038333,281.25,0.037189,8.6635,0.5449
3435,0.000069,0.178140,1159.26,1052.04,2531.25,0.603523,0.274510,-0.963695,0.167535,0.657930,-0.134873,-0.154162,0.427265,328.12,0.028297,7.1583,0.3694
3440,0.000089,0.212121,1388.47,1043.37,2765.62,0.788587,0.141176,-1.201357,-0.692543,0.578603,0.215091,0.369855,0.730352,328.12,0.024256,6.6490,0.1829
3445,0.000087,0.284690,1175.50,1039.38,2625.00,0.647775,0.203922,-1.278328,-0.051023,0.921401,-0.178394,0.071290,0.515055,328.12,0.037343,9.2050,0.2773
3451,0.000089,0.258489,1144.48,1026.22,2484.38,0.649221,0.160784,-0.949062,0.001365,0.620466,-0.028866,0.112644,0.243454,328.12,0.041997,9.0821,0.3426
3456,0.000076,0.152150,1078.54,1040.27,2578.12,0.594744,0.196078,-1.147366,0.214526,0.881750,-0.204346,-0.023208,0.278642,328.12,0.043312,10.4859,0.3557
3461,0.000109,0.248425,1154.42,1063.48,2765.62,0.607463,0.160784,-1.550387,0.376213,0.912309,0.050702,-0.139671,0.350834,281.25,0.039064,10.2026,0.3334
3467,0.000083,0.345365,971.14,978.99,2250.00,0.597029,0.207843,-1.092951,0.463189,0.824998,0.020843,-0.141711,-0.074368,234.38,0.042180,8.9862,0.4485
3472,0.000099,0.221767,1006.85,1054.44,2578.12,0.543311,0.172549,-0.677597,0.595574,0.702277,-0.240713,-0.453465,0.073924,234.38,0.043949,8.8020,0.5371
3477,0.000112,0.270915,938.31,975.75,2437.50,0.557802,0.168627,-0.324800,0.354809,0.452516,0.136841,-0.472335,-0.147031,234.38,0.030805,5.7533,0.5805
3483,0.000097,0.218274,945.94,961.10,2250.00,0.517235,0.176471,-0.377418,0.134961,0.597698,-0.000084,-0.240105,-0.115052,375.00,0.042478,7.8456,0.5141
3488,0.000070,0.206080,1150.26,1021.00,2578.12,0.637848,0.266667,-0.966557,-0.298643,0.773757,0.117678,0.026660,0.347106,328.12,0.047762,8.5865,0.3059
3493,0.000085,0.157542,1153.59,1008.61,2625.00,0.619008,0.219608,-0.782207,-0.108743,0.546745,0.166978,-0.095197,0.272423,375.00,0.034006,6.7691,0.3696
3499,0.000090,0.195339,1188.68,988.85,2531.25,0.617777,0.223529,-1.064634,-0.371385,0.758515,0.199222,0.114719,0.363562,375.00,0.032610,7.4160,0.2774
3504,0.000066,0.229299,1117.20,976.76,2531.25,0.625496,0.274510,-1.005239,-0.297211,0.785385,0.302392,0.005975,0.208696,375.00,0.027304,5.9356,0.3190
3509,0.000070,0.207790,1128.75,980.84,2437.50,0.631514,0.266667,-0.883351,0.061042,0.565567,-0.046962,0.108526,0.195178,328.12,0.030096,6.3326,0.3629
3515,0.000092,0.170557,1289.54,1026.66,2718.75,0.697377,0.196078,-1.255028,0.214252,0.336565,0.041575,0.258592,0.404045,234.38,0.020346,5.0940,0.2991
3520,0.000073,0.304232,1032.78,1019.31,2531.25,0.576650,0.254902,-0.600635,0.462989,0.491890,-0.080600,-0.265674,-0.007970,234.38,0.032856,7.3700,0.5170
3525,0.000083,0.257958,1081.75,1020.48,2578.12,0.626491,0.254902,-0.643372,0.058756,0.509195,0.189646,-0.203304,0.089077,234.38,0.025219,5.3288,0.4415
3531,0.000074,0.199157,1337.72,1072.91,2765.62,0.662549,0.239216,-1.407877,0.044554,0.563363,0.084211,0.101662,0.614086,562.50,0.020038,4.2835,0.2612
3536,0.000088,0.167863,1430.87,1088.94,2812.50,0.618237,0.192157,-1.558780,0.003359,0.568569,0.129818,0.020507,0.836526,281.25,0.024766,5.7259,0.2304
3541,0.000078,0.293149,1271.14,1089.33,2765.62,0.661740,0.215686,-1.096577,0.323250,0.543049,-0.257138,-0.089709,0.577126,234.38,0.025933,5.9308,0.3474
3547,0.000085,0.217939,1092.92,995.81,2484.38,0.633313,0.239216,-0.908316,0.152316,0.640759,-0.097180,0.046259,0.166164,421.88,0.036099,8.2413,0.3813
3552,0.000105,0.259510,1205.88,1012.59,2718.75,0.594071,0.164706,-1.122532,-0.418882,0.730827,0.407042,0.012568,0.390977,421.88,0.031163,6.7477,0.2744
3557,0.000085,0.271233,1224.56,1022.74,2671.88,0.592713,0.215686,-1.703425,-0.228419,0.842196,0.570209,-0.002117,0.521556,468.75,0.031610,5.9267,0.2269
3563,0.000108,0.224431,1192.34,1045.09,2765.62,0.600073,0.164706,-1.555602,0.087786,0.875669,0.118877,0.023548,0.449721,421.88,0.042081,7.9133,0.2748
3568,0.000069,0.211780,1074.90,1016.42,2578.12,0.588269,0.337255,-0.866035,0.141686,0.824758,-0.229662,-0.138353,0.267606,375.00,0.039627,7.1696,0.3949
3573,0.000104,0.099522,1210.32,1087.20,2812.50,0.613447,0.129412,-0.880299,0.195942,0.742122,-0.431783,-0.082187,0.456206,375.00,0.035886,7.9371,0.3707
3579,0.000086,0.255763,1177.83,1073.61,2812.50,0.642373,0.145098,-1.312253,0.227796,0.858187,-0.006794,-0.166085,0.399148,281.25,0.036049,8.3553,0.3410
3584,0.000065,0.228849,1050.32,1018.83,2531.25,0.583715,0.270588,-1.179292,0.386966,0.837402,-0.032444,-0.176216,0.163585,281.25,0.046692,9.7118,0.4038
3589,0.000064,0.198278,1228.99,1091.33,2812.50,0.624672,0.325490,-1.699648,0.240075,0.977924,-0.243690,0.093940,0.631398,375.00,0.027827,6.8314,0.2512
3595,0.000073,0.191781,1360.92,1085.48,2812.50,0.721571,0.305882,-0.954755,-0.440814,0.619496,-0.112301,0.180974,0.707400,375.00,0.029061,8.1210,0.2420
3600,0.000086,0.220973,1378.07,1077.65,2765.62,0.730603,0.223529,-1.232837,-0.511097,0.631666,0.192107,0.215446,0.704715,328.12,0.025808,7.6177,0.2088
3605,0.000075,0.281432,1142.44,1016.97,2578.12,0.654628,0.227451,-0.924819,-0.038504,0.711078,-0.027272,0.037324,0.242192,328.12,0.032355,8.0046,0.3495
3611,0.000065,0.291802,880.77,931.82,2015.62,0.525513,0.313726,-0.197832,0.460633,0.470868,-0.231550,-0.265348,-0.236771,234.38,0.025415,5.7927,0.5945
3616,0.000059,0.119603,1126.23,1065.27,2578.12,0.667776,0.419608,-0.222696,0.219755,0.332197,-0.391381,-0.209250,0.271374,375.00,0.021550,5.9348,0.4919
3621,0.000054,0.185891,1186.13,1035.82,2671.88,0.645485,0.352941,-1.015165,-0.195107,0.814712,0.059589,-0.052149,0.388121,375.00,0.021807,7.5845,0.3158
3627,0.000075,0.217103,1408.26,1079.25,2765.62,0.712873,0.227451,-1.001038,-0.600543,0.579535,0.257019,-0.049138,0.814162,375.00,0.017859,6.5998,0.2345
3632,0.000061,0.309225,1231.77,1051.75,2625.00,0.659925,0.329412,-1.274200,-0.135103,0.847943,0.064640,-0.150205,0.646925,328.12,0.025453,7.9475,0.2783
3637,0.000075,0.235784,1211.80,1079.76,2718.75,0.669614,0.211765,-0.841683,0.087795,0.677830,-0.186597,-0.189277,0.451933,328.12,0.024754,7.4441,0.3756
3643,0.000082,0.199817,1096.61,1018.86,2437.50,0.646342,0.184314,-0.771534,0.107808,0.643308,-0.026199,-0.248666,0.295283,328.12,0.023846,6.7741,0.4121
3648,0.000073,0.276877,988.75,962.22,2250.00,0.551394,0.258824,-0.897586,0.462444,0.665932,0.016159,-0.378524,0.131575,281.25,0.032974,7.7487,0.4765
3653,0.000072,0.208558,1089.36,1010.94,2343.75,0.605651,0.227451,-0.883272,0.128273,0.714868,-0.219230,-0.007081,0.266443,328.12,0.030143,7.8003,0.3759
3659,0.000060,0.214065,1234.04,1031.67,2718.75,0.672982,0.301961,-1.256060,-0.594568,0.894521,0.200144,0.183544,0.572422,375.00,0.036919,10.6012,0.2136
3664,0.000072,0.165083,1236.81,1019.08,2484.38,0.658967,0.254902,-1.319134,-0.616813,0.974795,0.004417,0.288399,0.668337,375.00,0.030864,9.8175,0.1906
3669,0.000090,0.241693,1271.00,1097.85,2718.75,0.673962,0.137255,-1.258875,-0.002713,0.882545,-0.328367,0.079532,0.627877,328.12,0.032822,10.4460,0.2720
3675,0.000077,0.280841,1258.26,1106.26,2812.50,0.669944,0.211765,-1.427990,0.243682,0.826090,-0.156821,0.056574,0.458466,281.25,0.039999,10.7181,0.2995
3680,0.000070,0.211145,1230.54,1080.53,2765.62,0.644558,0.184314,-1.817083,0.322966,0.988952,-0.215892,0.151835,0.569222,328.12,0.040668,10.3826,0.2483
3685,0.000063,0.195683,1239.52,1077.09,2812.50,0.650210,0.254902,-1.679610,-0.111231,1.048887,-0.163069,0.237723,0.667300,328.12,0.032469,9.2588,0.2062
3691,0.000075,0.155048,1294.72,1109.85,2906.25,0.628904,0.219608,-1.721655,-0.066334,1.054477,-0.144019,0.105070,0.772460,328.12,0.033765,10.4887,0.2087
3696,0.000079,0.220397,1239.04,1042.93,2671.88,0.658830,0.145098,-1.596757,-0.174897,0.918414,0.092514,0.184644,0.576083,328.12,0.033781,9.5411,0.2199
3701,0.000076,0.305804,1088.77,950.70,2250.00,0.638113,0.152941,-1.272226,0.018546,0.717690,0.332485,0.071996,0.131509,281.25,0.031234,7.2896,0.3255
3707,0.000076,0.191725,1115.94,1027.49,2531.25,0.618122,0.203922,-1.054979,-0.003615,0.869684,-0.030703,-0.126395,0.346007,328.12,0.037329,10.1234,0.3454
3712,0.000083,0.170635,1181.08,1051.78,2578.12,0.608889,0.156863,-0.939183,-0.387641,0.881728,-0.029118,-0.102413,0.576624,328.12,0.036181,11.1528,0.2889
3717,0.000061,0.253101,1025.07,1031.69,2531.25,0.522792,0.301961,-0.681807,0.281821,0.839433,-0.323164,-0.373275,0.256994,328.12,0.040747,11.4795,0.4646
3723,0.000069,0.185823,1143.80,1059.10,2625.00,0.595285,0.321569,-1.009952,0.148112,0.862942,-0.202074,-0.322555,0.523528,328.12,0.034899,9.9567,0.3702
3728,0.000077,0.192405,1198.18,1043.68,2625.00,0.678619,0.180392,-1.032525,0.041337,0.587024,0.100767,-0.229838,0.533236,328.12,0.030505,8.1849,0.3436
3733,0.000070,0.102020,1127.94,1037.51,2578.12,0.622004,0.258824,-1.181338,-0.075561,0.844067,0.192117,-0.215647,0.436362,328.12,0.035056,10.4770,0.3233
3739,0.000096,0.156979,1188.39,1048.96,2578.12,0.629063,0.129412,-1.451066,-0.276711,1.022949,0.229551,-0.071126,0.546401,328.12,0.039097,12.2680,0.2495
3744,0.000066,0.256075,966.65,955.31,2250.00,0.533253,0.313726,-1.569582,0.408074,1.173427,-0.117693,-0.055981,0.161754,328.12,0.043254,12.2153,0.3467
3749,0.000088,0.251500,916.93,910.86,2109.38,0.561690,0.164706,-1.189502,0.544751,0.834975,0.033822,-0.180717,-0.043329,328.12,0.037056,9.5901,0.4476
3755,0.000101,0.150506,942.55,912.87,2109.38,0.542406,0.160784,-1.102250,0.355606,0.750602,0.023460,0.022094,-0.049512,328.12,0.036716,10.2390,0.4111
3760,0.000111,0.379827,1026.49,939.89,2203.12,0.593322,0.117647,-0.771867,0.307838,0.590893,-0.161530,0.095888,-0.061222,281.25,0.040984,8.2331,0.4380
3765,0.000159,0.319721,1043.48,906.10,2203.12,0.628498,0.074510,-0.855051,0.147542,0.500814,-0.029607,0.306520,-0.070219,375.00,0.036349,5.6919,0.3842
3771,0.000103,0.280188,998.97,883.91,1968.75,0.589742,0.156863,-1.179384,0.307551,0.693799,0.020593,0.342032,-0.184591,281.25,0.061355,8.1757,0.3741
3776,0.000146,0.234485,1025.29,931.76,2203.12,0.595640,0.121569,-1.049342,0.473061,0.601620,-0.123464,0.174600,-0.076476,234.38,0.057324,7.4123,0.4165
3781,0.000203,0.252849,1108.90,961.66,2484.38,0.646465,0.086275,-0.782809,0.130128,0.484496,-0.036095,0.078229,0.126051,234.38,0.053413,6.7072,0.3945
3787,0.000126,0.278350,970.27,936.58,2250.00,0.577182,0.172549,-0.654364,0.560299,0.395153,-0.238616,0.023106,-0.085579,187.50,0.075273,8.2300,0.4961
3792,0.000216,0.239270,860.98,918.54,2015.62,0.525657,0.113725,-0.039513,0.604470,0.287455,-0.247386,-0.282664,-0.322362,140.62,0.078516,8.4309,0.6422
3797,0.000590,0.247235,870.46,931.32,2062.50,0.503515,0.007843,0.458827,0.526223,-0.371432,-0.183675,-0.099298,-0.330644,140.62,0.109896,12.4401,0.6698
3803,0.000599,0.531851,635.84,809.73,1312.50,0.400202,0.011765,0.582182,0.900329,0.075381,-0.391857,-0.410918,-0.755118,140.62,0.233765,13.1123,0.7899
3808,0.000433,0.319998,585.29,749.76,1218.75,0.361947,0.031373,0.654849,0.864288,0.128499,-0.111990,-0.607981,-0.927664,140.62,0.330633,13.2895,0.8216
3813,0.000379,0.136292,574.05,748.04,1171.88,0.324728,0.031373,0.682813,1.002617,0.017614,-0.101849,-0.708263,-0.892933,140.62,0.332099,15.6394,0.8380
3819,0.000463,0.143890,710.78,809.68,1640.62,0.479373,0.023529,0.438444,0.630894,0.133931,-0.085892,-0.447197,-0.670181,140.62,0.249063,12.4774,0.7490
3824,0.000521,0.124107,682.33,824.64,1546.88,0.397476,0.007843,0.520832,0.815242,-0.075677,-0.044052,-0.559138,-0.657208,140.62,0.264758,15.0304,0.7818
3829,0.000473,0.282014,776.51,883.43,1828.12,0.528912,0.015686,0.376492,0.722046,-0.201554,-0.036228,-0.395578,-0.465178,140.62,0.311296,13.5036,0.7270
3835,0.000582,0.130709,655.39,817.07,1359.38,0.389565,0.007843,0.462010,0.964844,-0.078874,-0.289828,-0.382235,-0.675917,140.62,0.316016,15.3391,0.7760
3840,0.000559,0.314581,674.89,806.52,1406.25,0.416946,0.023529,0.396637,0.747496,0.234648,-0.169727,-0.413675,-0.795379,140.62,0.306613,12.8464,0.7643
3845,0.000521,0.162930,682.04,812.03,1359.38,0.442441,0.015686,0.426260,0.659010,0.143317,0.070663,-0.552221,-0.747029,140.62,0.302362,11.6238,0.7671
3851,0.000591,0.152950,600.42,772.84,1171.88,0.360710,0.015686,0.653593,0.993631,-0.093506,-0.205688,-0.535675,-0.812355,140.62,0.347160,16.3278,0.8172
3856,0.000664,0.216884,693.05,816.80,1546.88,0.459670,0.011765,0.483318,0.768264,0.017994,-0.151766,-0.462350,-0.655461,140.62,0.368270,14.9103,0.7658
3861,0.000516,0.116167,526.44,712.31,1078.12,0.292717,0.015686,0.818705,1.163217,-0.176342,-0.255247,-0.630329,-0.920004,140.62,0.410619,19.3319,0.8540
3867,0.000516,0.197743,570.88,784.97,1078.12,0.354359,0.023529,0.827534,1.026532,-0.144135,-0.252462,-0.687568,-0.769901,140.62,0.378414,17.4523,0.8397
3872,0.000548,0.213394,756.92,855.51,1687.50,0.510326,0.015686,0.415160,0.702156,-0.156395,0.060544,-0.407122,-0.614343,140.62,0.330512,14.5010,0.7445
3877,0.000675,0.137351,607.16,783.27,1265.62,0.332155,0.015686,0.668466,1.021336,-0.157701,-0.169678,-0.501013,-0.861409,140.62,0.355767,17.0991,0.8214
3883,0.000906,0.293337,692.01,820.46,1546.88,0.474338,0.003922,0.462106,0.792117,0.078548,-0.147873,-0.424207,-0.760690,140.62,0.409035,15.1423,0.7720
3888,0.000869,0.208478,507.75,729.75,1031.25,0.276004,0.015686,0.891403,1.279212,-0.060297,-0.494508,-0.705228,-0.910581,140.62,0.520889,19.5086,0.8691
3893,0.000782,0.286685,588.35,796.85,1359.38,0.357156,0.023529,0.788631,0.983006,0.003719,-0.392625,-0.613266,-0.769466,140.62,0.520521,15.7310,0.8288
3899,0.000880,0.148086,681.75,829.53,1546.88,0.471850,0.003922,0.536158,0.773042,0.079401,-0.195271,-0.525671,-0.667659,140.62,0.502304,13.8779,0.7775
3904,0.000908,0.130819,505.07,712.59,1031.25,0.294256,0.015686,0.851498,1.262144,0.042728,-0.506141,-0.715810,-0.934418,140.62,0.551774,19.1843,0.8678
3909,0.000960,0.187859,491.67,707.11,984.38,0.318844,0.003922,0.956232,1.185216,0.175619,-0.545088,-0.792686,-0.979293,140.62,0.552418,18.7355,0.8762
3915,0.001015,0.166986,396.22,647.24,609.38,0.222929,0.011765,1.274553,1.584134,-0.048543,-0.843961,-0.969724,-0.996459,140.62,0.621231,23.2057,0.9178
3920,0.000982,0.225944,343.80,597.84,421.88,0.178899,0.015686,1.494774,1.547552,0.100465,-0.899390,-0.925652,-1.317748,140.62,0.569950,20.5071,0.9336
3925,0.001042,0.124094,380.11,649.02,562.50,0.221134,0.011765,1.374980,1.455164,0.122138,-0.842636,-0.954767,-1.154881,93.75,0.616744,20.0723,0.9220
3931,0.001003,0.193356,368.77,635.79,421.88,0.194029,0.003922,1.424143,1.707559,-0.021883,-1.048740,-1.066930,-0.994149,140.62,0.690588,24.5539,0.9306
3936,0.000957,0.163392,399.40,657.83,562.50,0.238296,0.015686,1.302791,1.460421,0.130516,-0.808305,-1.024587,-1.060835,140.62,0.671353,22.5982,0.9187
3941,0.000984,0.152757,450.70,689.23,890.62,0.265000,0.011765,1.090951,1.425416,-0.034060,-0.811570,-0.639235,-1.031500,140.62,0.672037,21.5460,0.8903
3947,0.000852,0.230981,610.27,792.52,1406.25,0.423799,0.031373,0.702176,1.006854,0.074583,-0.531786,-0.403365,-0.848462,140.62,0.631653,17.3090,0.8146
3952,0.000883,0.118101,531.13,739.69,1125.00,0.294928,0.031373,0.826889,1.202790,-0.048905,-0.511404,-0.578715,-0.890656,140.62,0.624366,19.2202,0.8519
3957,0.000801,0.225487,700.52,832.89,1593.75,0.493655,0.015686,0.506372,0.801375,-0.078399,-0.151446,-0.445162,-0.632740,140.62,0.599206,15.7589,0.7672
3963,0.000914,0.068906,536.87,733.24,1125.00,0.336756,0.019608,0.842495,1.197758,-0.280018,-0.242664,-0.661321,-0.856249,140.62,0.595400,20.2910,0.8556
3968,0.000811,0.027481,428.06,630.14,750.00,0.239826,0.023529,1.102965,1.445872,-0.257002,-0.263324,-0.927665,-1.100846,140.62,0.596569,23.2549,0.9079
3973,0.000862,0.220016,518.88,736.34,1125.00,0.325830,0.011765,0.954856,1.175932,-0.054874,-0.419700,-0.737413,-0.918802,140.62,0.580142,19.9189,0.8692
3979,0.000869,0.098689,446.02,671.47,750.00,0.230004,0.015686,1.087110,1.424854,-0.207175,-0.362659,-0.887022,-1.055109,140.62,0.577995,22.0347,0.9027
3984,0.000771,0.247937,504.45,709.58,1031.25,0.314258,0.023529,1.017946,1.169493,-0.219144,-0.288440,-0.647182,-1.032673,140.62,0.536739,18.3672,0.8737
3989,0.000861,0.192225,622.18,779.88,1265.62,0.405271,0.003922,0.702827,0.900797,-0.181617,-0.016926,-0.626752,-0.778329,140.62,0.532675,15.3818,0.8182
3995,0.000838,0.121102,527.88,719.74,1078.12,0.277046,0.007843,0.853996,1.229828,-0.219000,-0.279978,-0.634736,-0.950109,140.62,0.554764,19.5163,0.8623
4000,0.000927,0.180567,534.06,733.82,1265.62,0.322250,0.011765,0.901846,1.155150,0.032898,-0.505800,-0.591441,-0.992652,140.62,0.548947,18.8778,0.8606
4005,0.001003,0.151875,483.22,689.37,1031.25,0.265738,0.003922,1.034298,1.346999,-0.228089,-0.585718,-0.515556,-1.051935,140.62,0.593327,21.2965,0.8781
4011,0.001068,0.247832,427.72,648.00,796.88,0.243598,0.015686,1.231651,1.258811,-0.043450,-0.565430,-0.676229,-1.205354,93.75,0.552761,18.5073,0.8990
4016,0.001077,0.157966,399.70,624.67,750.00,0.222389,0.011765,1.228202,1.345106,0.100208,-0.390748,-0.998625,-1.284142,93.75,0.623255,18.3453,0.9189
4021,0.000962,0.178824,366.92,597.35,515.62,0.179382,0.011765,1.295623,1.602478,0.064002,-0.542725,-1.180462,-1.238917,140.62,0.719169,23.2152,0.9345
4027,0.000851,0.176264,446.05,689.57,796.88,0.277272,0.007843,1.154870,1.311824,0.090864,-0.663307,-0.856481,-1.037770,140.62,0.654904,20.5058,0.8985
4032,0.000984,0.134550,477.11,703.30,890.62,0.278540,0.007843,1.004581,1.310357,-0.012106,-0.580132,-0.718032,-1.004668,140.62,0.608569,19.4887,0.8828
4037,0.001044,0.265988,637.38,807.59,1500.00,0.433307,0.007843,0.642273,0.891592,0.157108,-0.414629,-0.486253,-0.790091,140.62,0.545962,15.1942,0.8030
4043,0.001025,0.205467,511.33,727.06,1078.12,0.265565,0.015686,0.882414,1.233183,-0.032854,-0.460413,-0.656584,-0.965746,140.62,0.632038,18.1533,0.8663
4048,0.000857,0.309860,664.86,826.59,1546.88,0.449837,0.007843,0.612650,0.769712,0.011269,-0.194310,-0.476297,-0.723024,93.75,0.599855,13.7607,0.7843
4053,0.000898,0.034304,696.02,852.63,1640.62,0.463272,0.011765,0.550444,0.732378,0.068560,-0.219730,-0.442313,-0.689338,93.75,0.539552,13.1011,0.7698
4059,0.000688,0.158446,534.85,749.10,1171.88,0.317299,0.031373,0.811923,1.211289,-0.061002,-0.392879,-0.624134,-0.945197,140.62,0.587804,19.5062,0.8577
4064,0.000599,0.055100,511.72,748.62,1031.25,0.326702,0.031373,0.993040,1.266607,-0.209854,-0.436004,-0.818510,-0.795279,140.62,0.547738,21.7307,0.8740
4069,0.000526,0.095034,465.39,709.30,796.88,0.264591,0.015686,1.026232,1.383974,-0.176740,-0.546050,-0.872529,-0.814887,140.62,0.436106,22.1152,0.8858
4075,0.000491,0.106924,507.15,726.92,937.50,0.289033,0.015686,0.797177,1.321197,0.028204,-0.533518,-0.716070,-0.896989,140.62,0.365217,21.2896,0.8660
4080,0.000538,0.070919,475.59,716.66,750.00,0.259604,0.007843,0.818162,1.426873,0.220858,-0.682442,-0.897197,-0.886255,140.62,0.304120,19.3889,0.8823
4085,0.000284,0.221903,512.91,741.76,890.62,0.275521,0.039216,0.348717,1.435131,0.555663,-0.763688,-0.834145,-0.741678,187.50,0.341164,22.3390,0.8429
4091,0.000100,0.147961,529.63,744.83,937.50,0.297738,0.125490,0.337605,1.297480,0.565887,-0.537756,-0.856181,-0.807035,187.50,0.272844,16.8121,0.8388
4096,0.000156,0.079688,673.96,862.27,1734.38,0.423675,0.133333,0.316065,0.931333,0.332725,-0.362208,-0.793764,-0.424151,187.50,0.110634,11.2016,0.7743
4101,0.000247,0.078516,853.10,954.91,2156.25,0.498585,0.074510,-0.174903,0.605263,0.585770,-0.289733,-0.625061,-0.101336,187.50,0.050256,8.2388,0.6407
4107,0.000457,0.393341,692.33,899.60,1640.62,0.384870,0.023529,0.272009,0.973894,0.540960,-0.616613,-0.780691,-0.389559,140.62,0.100649,12.9051,0.7700
4112,0.000216,0.458589,462.85,739.16,609.38,0.233617,0.101961,0.871942,1.515463,0.558102,-0.978379,-1.259387,-0.707740,140.62,0.197834,16.3719,0.8982
4117,0.000144,0.153563,459.05,711.63,609.38,0.237348,0.094118,0.698192,1.450419,0.614562,-0.659940,-1.290718,-0.812514,187.50,0.201829,15.6218,0.8934
4123,0.000653,0.233196,713.91,828.23,1687.50,0.432995,0.015686,-0.172919,0.720900,0.629250,-0.229919,-0.499038,-0.448274,187.50,0.097535,10.2678,0.6787
4128,0.000704,0.501955,628.43,793.79,1406.25,0.415537,0.015686,0.466823,0.916846,0.071793,-0.191152,-0.565832,-0.698478,140.62,0.221805,12.1100,0.7898
4133,0.000742,0.312002,479.83,741.91,843.75,0.286299,0.003922,1.079228,1.353597,-0.267173,-0.450758,-0.974858,-0.740036,140.62,0.447171,19.8340,0.8883
4139,0.000859,0.086338,437.60,742.50,609.38,0.232843,0.003922,1.325804,1.573039,-0.270918,-0.817858,-1.151244,-0.658823,140.62,0.508933,25.2785,0.9133
4144,0.000640,0.217892,421.86,749.45,562.50,0.218142,0.023529,1.446603,1.540763,-0.073611,-0.882907,-1.393733,-0.637114,140.62,0.517794,22.6847,0.9248
4149,0.000802,0.290383,598.94,823.07,1359.38,0.388734,0.031373,0.761921,1.118898,-0.115352,-0.431757,-0.749462,-0.584247,140.62,0.449095,15.6296,0.8330
4155,0.000881,0.330945,726.63,834.60,1687.50,0.504210,0.003922,0.201506,0.713280,0.183143,-0.099238,-0.471965,-0.526725,93.75,0.406537,10.7026,0.7225
4160,0.000460,0.154581,574.34,794.37,1218.75,0.328848,0.023529,0.719404,1.144273,-0.109228,-0.340007,-0.779684,-0.634758,140.62,0.461047,14.4690,0.8374
4165,0.000670,0.166340,682.07,855.83,1687.50,0.454791,0.003922,0.474077,0.912206,-0.155231,-0.270205,-0.405650,-0.555198,93.75,0.372956,12.9359,0.7638
4171,0.000603,0.089179,543.92,782.62,1125.00,0.346552,0.039216,0.887518,1.098649,-0.086427,-0.465706,-0.695299,-0.738734,93.75,0.351240,15.1689,0.8468
4176,0.000348,0.121334,477.03,742.66,796.88,0.246945,0.019608,1.109002,1.330670,0.018405,-0.625139,-1.129455,-0.703483,140.62,0.368467,19.0667,0.8944
4181,0.000257,0.218420,558.68,778.85,1171.88,0.358766,0.070588,0.821621,0.920656,0.106647,-0.283112,-0.891116,-0.674697,93.75,0.303637,15.6362,0.8394
4187,0.000369,0.040374,600.16,790.26,1218.75,0.363735,0.027451,0.759794,0.792681,-0.047251,-0.057697,-0.771291,-0.676236,93.75,0.211582,15.4889,0.8176
4192,0.000150,0.211789,682.45,841.39,1500.00,0.416285,0.094118,0.427976,0.665778,0.164246,-0.117279,-0.611622,-0.529099,93.75,0.172798,12.5288,0.7535
4197,0.000287,0.170865,761.07,896.06,1921.88,0.473702,0.058824,0.469984,0.614551,-0.150090,-0.179460,-0.420033,-0.334953,93.75,0.155833,10.9142,0.7150
4203,0.000405,0.164358,865.06,944.73,2062.50,0.530667,0.039216,0.173133,0.481810,0.001811,-0.049604,-0.343791,-0.263358,93.75,0.114829,8.8977,0.6527
4208,0.000532,0.422176,867.34,914.64,1968.75,0.612296,0.027451,-0.167442,0.481868,0.255628,-0.044169,-0.228277,-0.297607,187.50,0.164715,7.3964,0.6035
4213,0.000429,0.210293,634.86,830.42,1453.12,0.333187,0.011765,0.606423,0.926548,-0.038708,-0.288314,-0.620697,-0.585253,140.62,0.222695,10.9522,0.7973
4219,0.000523,0.320859,754.26,859.25,1734.38,0.538930,0.011765,0.164018,0.482739,0.267442,-0.077810,-0.308322,-0.528066,187.50,0.144036,5.8172,0.6773
4224,0.000556,0.068828,579.10,791.53,1265.62,0.372858,0.011765,0.710667,0.792082,0.166112,-0.312041,-0.567796,-0.789024,234.38,0.126117,6.8534,0.8069
4229,0.000476,0.272658,389.50,665.15,703.12,0.215684,0.039216,1.412655,1.445267,-0.347917,-0.680857,-0.877877,-0.951270,93.75,0.339765,19.9947,0.9124
4235,0.000619,0.203510,503.29,745.94,1125.00,0.308671,0.011765,0.881619,1.074824,0.090968,-0.531739,-0.647832,-0.867840,93.75,0.332716,18.6994,0.8502
4240,0.000480,0.221362,488.88,760.13,984.38,0.294189,0.015686,1.070528,1.172392,-0.090805,-0.535928,-0.841121,-0.775066,93.75,0.347329,16.7970,0.8732
4245,0.000646,0.216614,680.37,866.21,1640.62,0.463071,0.019608,0.593058,0.810881,-0.228504,-0.219699,-0.382482,-0.573254,93.75,0.348983,15.6892,0.7649
4251,0.000369,0.181058,528.78,778.55,1218.75,0.291289,0.023529,1.002239,1.141074,-0.261509,-0.560448,-0.594387,-0.726969,93.75,0.344777,15.7610,0.8497
4256,0.000583,0.338066,739.42,864.35,1734.38,0.491078,0.011765,0.327609,0.619178,0.105104,-0.209766,-0.289965,-0.552160,93.75,0.236923,9.3313,0.7098
4261,0.000455,0.118858,786.92,879.59,1828.12,0.546797,0.047059,0.118918,0.487517,0.283239,-0.138499,-0.257050,-0.494124,234.38,0.164858,6.1569,0.6635
4267,0.000410,0.231999,579.56,812.34,1312.50,0.316228,0.035294,0.812371,1.013601,-0.081708,-0.416028,-0.629303,-0.698932,93.75,0.281885,12.9810,0.8288
4272,0.000296,0.221204,773.41,890.29,1781.25,0.553940,0.070588,0.231115,0.609123,0.078351,-0.150504,-0.286328,-0.481758,93.75,0.245172,11.5658,0.6909
4277,0.000368,0.126546,627.73,847.64,1500.00,0.413740,0.019608,0.819250,0.948447,-0.202881,-0.419582,-0.545501,-0.599735,93.75,0.215901,14.4955,0.8110
4283,0.000352,0.132704,687.76,852.84,1640.62,0.456870,0.035294,0.608528,0.876135,-0.135276,-0.328848,-0.421498,-0.599040,140.62,0.190181,13.2404,0.7777
4288,0.000314,0.429202,853.72,888.02,1875.00,0.609411,0.031373,-0.167507,0.442414,0.254043,-0.037912,-0.098731,-0.392307,93.75,0.150327,7.2854,0.5946
4293,0.000305,0.124252,676.01,847.84,1640.62,0.411443,0.050980,0.556259,0.818981,-0.007292,-0.371467,-0.435169,-0.561313,93.75,0.169128,10.8795,0.7660
4299,0.000254,0.186664,796.46,918.96,1921.88,0.560492,0.094118,0.256324,0.599242,0.021637,-0.179381,-0.348879,-0.348942,93.75,0.171281,11.9617,0.6850
4304,0.000289,0.150927,681.65,894.30,1734.38,0.407781,0.035294,0.737710,0.872044,-0.293257,-0.368456,-0.526857,-0.421185,93.75,0.162490,13.3694,0.7823
4309,0.000116,0.254352,785.90,891.28,1921.88,0.532985,0.180392,0.187170,0.561410,0.072096,-0.123843,-0.275283,-0.421548,93.75,0.137952,10.6994,0.6732
4315,0.000246,0.083946,649.39,825.86,1546.88,0.421977,0.058824,0.518672,0.729528,0.234398,-0.449495,-0.450591,-0.582511,93.75,0.114921,11.1245,0.7578
4320,0.000157,0.102968,650.87,860.13,1593.75,0.408322,0.109804,0.668955,0.858324,0.081505,-0.578421,-0.565507,-0.464855,93.75,0.112188,13.0636,0.7822
4325,0.000286,0.259084,765.48,891.92,1734.38,0.522366,0.011765,0.231483,0.557526,0.212792,-0.304811,-0.268753,-0.428236,93.75,0.098223,9.4125,0.6777
4331,0.000185,0.192390,683.69,870.25,1593.75,0.428874,0.117647,0.528375,0.806893,0.047042,-0.318012,-0.522209,-0.542089,93.75,0.112913,10.4750,0.7685
4336,0.000160,0.285109,811.41,900.19,1875.00,0.553694,0.035294,-0.075910,0.529815,0.297261,0.027384,-0.356323,-0.422227,93.75,0.106026,8.0552,0.6494
4341,0.000123,0.060749,735.87,890.18,1687.50,0.464405,0.062745,0.339242,0.701738,0.077272,-0.137246,-0.453823,-0.527184,93.75,0.085138,9.7374,0.7332
4347,0.000089,0.144704,809.21,932.91,1734.38,0.493178,0.219608,0.145423,0.506835,0.311250,-0.219382,-0.321289,-0.422837,93.75,0.064157,8.9174,0.6678
4352,0.000109,0.080793,956.99,1008.29,2250.00,0.601186,0.105882,0.086575,0.362561,0.290890,-0.417314,-0.219480,-0.103231,93.75,0.044838,8.1113,0.5953
4357,0.000092,0.142480,872.59,976.64,2109.38,0.543301,0.176471,0.098609,0.469180,0.420275,-0.405912,-0.397843,-0.184309,93.75,0.045941,9.1264,0.6399
4363,0.000064,0.168101,870.64,970.89,2015.62,0.559994,0.262745,0.207800,0.491111,0.165622,-0.283611,-0.278539,-0.302383,93.75,0.045528,9.0792,0.6547
4368,0.000068,0.114934,986.71,1057.25,2578.12,0.584239,0.258824,-0.057718,0.344409,0.380826,-0.219951,-0.419070,-0.028498,93.75,0.025202,5.9266,0.5908
4373,0.000062,0.170086,1265.36,1120.92,2765.62,0.654859,0.345098,-0.479873,-0.050288,0.326968,0.070751,-0.360434,0.492878,375.00,0.017387,5.2464,0.4179
4379,0.000084,0.266024,1340.69,1084.80,2765.62,0.748699,0.227451,-0.937584,-0.095571,0.242076,0.262733,-0.026541,0.554887,281.25,0.014745,3.8019,0.3142
4384,0.000108,0.260127,1108.07,1037.26,2625.00,0.667200,0.172549,-0.580258,0.190490,0.395143,0.060308,-0.176352,0.110670,281.25,0.020160,5.0921,0.4596
4389,0.000081,0.259101,909.81,948.42,2062.50,0.551465,0.278431,-0.672114,0.498265,0.621789,-0.064326,-0.205426,-0.178189,187.50,0.034495,7.4857,0.5262
4395,0.000073,0.209604,885.01,975.84,2156.25,0.532222,0.266667,-0.222279,0.582063,0.425265,-0.194472,-0.428164,-0.162413,234.38,0.036288,7.3489,0.6166
4400,0.000085,0.155829,1009.56,996.04,2296.88,0.631158,0.239216,-0.241483,0.142489,0.226637,0.153039,-0.306710,0.026029,93.75,0.025938,6.3872,0.5227
4405,0.000093,0.237172,1186.70,1101.80,2718.75,0.684952,0.211765,-0.351682,0.236544,0.371454,-0.252649,-0.261158,0.257492,281.25,0.022605,5.6798,0.4861
4411,0.000066,0.259896,1067.92,1038.03,2625.00,0.617317,0.349020,-0.587785,0.397044,0.512538,-0.240158,-0.152232,0.070592,281.25,0.035910,8.3356,0.4864
4416,0.000078,0.193183,1075.04,1053.17,2718.75,0.589739,0.227451,-0.740377,0.509082,0.526798,-0.252609,-0.165046,0.122153,234.38,0.027184,6.9253,0.4765
4421,0.000071,0.204566,1132.59,1095.41,2765.62,0.602317,0.243137,-0.122795,0.191092,0.143892,-0.183769,-0.245517,0.217097,140.62,0.019554,5.6644,0.5121
4427,0.000065,0.234441,1015.01,993.62,2343.75,0.612562,0.282353,-0.303169,0.076925,0.329429,0.176363,-0.286115,0.006568,93.75,0.021539,5.7699,0.5067
4432,0.000066,0.210002,1104.65,1029.18,2437.50,0.682991,0.301961,-0.494323,0.109639,0.464001,-0.244714,0.014321,0.151075,328.12,0.021941,5.6898,0.4317
4437,0.000073,0.124972,1231.87,1055.78,2625.00,0.676930,0.254902,-0.816103,-0.059276,0.488839,-0.114877,0.166463,0.334956,328.12,0.022621,6.5838,0.3344
4443,0.000082,0.197446,1221.50,1040.16,2531.25,0.660182,0.176471,-1.303613,-0.140914,0.692343,0.068183,0.258791,0.425210,328.12,0.026976,8.6365,0.2565
4448,0.000065,0.317043,1058.97,1029.60,2390.62,0.575582,0.239216,-0.594337,0.263704,0.626862,-0.340735,-0.092998,0.137501,328.12,0.032849,8.4722,0.4532
4453,0.000069,0.203670,1070.18,1014.85,2343.75,0.615261,0.286275,-0.356789,0.185545,0.263969,-0.091487,-0.067046,0.065808,328.12,0.027720,7.1981,0.4788
4459,0.000062,0.225610,1144.77,1013.65,2484.38,0.688706,0.258824,-0.615822,-0.062511,0.347908,0.096032,-0.012144,0.246538,328.12,0.022541,5.6846,0.3878
4464,0.000066,0.148278,1362.10,1029.97,2625.00,0.791339,0.223529,-1.621549,-0.131090,0.494797,0.151522,0.447426,0.658895,328.12,0.020914,5.8569,0.1932
4469,0.000053,0.228442,1299.11,1041.35,2718.75,0.731427,0.329412,-1.381298,-0.339854,0.621025,0.156794,0.417606,0.525725,328.12,0.026564,7.4412,0.2088
4475,0.000069,0.181350,1403.26,1086.19,2812.50,0.723465,0.270588,-1.170612,-0.349363,0.521918,0.081972,0.232130,0.683954,375.00,0.016953,5.0365,0.2283
4480,0.000096,0.230328,1440.01,1034.50,2578.12,0.753569,0.227451,-1.319015,-0.249296,0.555228,-0.158122,0.344809,0.826396,375.00,0.017872,5.0308,0.2027
4485,0.000137,0.395117,1422.88,1002.05,2578.12,0.694887,0.168627,-0.971824,-0.355576,0.438684,-0.317959,0.446737,0.759939,375.00,0.027324,5.0635,0.2198
4491,0.000124,0.401214,1614.08,1018.39,2671.88,0.725205,0.180392,-0.559863,-0.282807,-0.176434,-0.482901,0.454876,1.047128,2578.12,0.028869,3.6472,0.2364
4496,0.000151,0.226247,1616.90,1002.22,2625.00,0.686643,0.098039,-0.786328,-0.154450,-0.148690,-0.395763,0.510544,0.974686,2625.00,0.034736,3.8425,0.2292
4501,0.000272,0.235166,1438.55,1027.09,2625.00,0.675001,0.039216,-0.823486,0.295854,-0.052419,-0.557140,0.495255,0.641936,234.38,0.057863,6.6697,0.3031
4507,0.000433,0.337620,1086.51,1034.82,2531.25,0.577345,0.015686,-0.622064,0.706228,0.485664,-0.797006,0.124250,0.102927,234.38,0.118849,11.1809,0.4821
4512,0.000423,0.407937,784.62,933.09,1921.88,0.425644,0.023529,-0.183959,0.997557,0.665759,-0.913149,-0.305441,-0.260769,187.50,0.178886,12.5542,0.6659
4517,0.000495,0.268683,719.25,883.25,1687.50,0.403678,0.023529,-0.393520,1.039429,0.809580,-0.667492,-0.476805,-0.311191,187.50,0.252439,14.5204,0.6719
4523,0.000522,0.193357,695.35,867.53,1734.38,0.343302,0.031373,-0.569289,1.029419,1.050464,-0.506127,-0.849738,-0.154729,187.50,0.271618,15.4700,0.6753
4528,0.000550,0.156250,617.94,801.06,1218.75,0.282847,0.007843,-0.385448,1.210773,1.076360,-0.533364,-1.084392,-0.283929,187.50,0.316746,17.1461,0.7497
4533,0.000514,0.123829,599.49,777.35,1359.38,0.283358,0.031373,-0.275782,1.246237,0.950426,-0.644026,-0.818893,-0.457962,187.50,0.348035,18.7720,0.7547
4539,0.000565,0.126179,621.68,799.74,1359.38,0.293816,0.015686,-0.515348,1.170379,1.009877,-0.436766,-0.744979,-0.483162,187.50,0.329340,17.6477,0.7194
4544,0.000605,0.117393,614.96,809.15,1312.50,0.317541,0.015686,-0.515011,1.287170,0.946185,-0.492870,-0.751543,-0.473931,187.50,0.338670,18.8045,0.7308
4549,0.000678,0.179067,594.02,768.35,1218.75,0.326503,0.023529,-0.575021,1.234738,0.854229,-0.105245,-0.734263,-0.674439,187.50,0.369047,18.9565,0.7377
4555,0.000798,0.218637,635.40,790.71,1359.38,0.359984,0.015686,-0.731355,1.215770,0.896887,-0.272292,-0.580467,-0.528542,187.50,0.409078,17.5867,0.6893
4560,0.000830,0.187399,680.98,813.59,1500.00,0.417461,0.031373,-0.642845,1.091738,0.696831,-0.300018,-0.353506,-0.492200,187.50,0.467094,17.2600,0.6564
4565,0.000705,0.081367,548.44,717.61,1031.25,0.307762,0.015686,-0.242239,1.289386,0.835804,-0.448753,-0.656663,-0.777534,187.50,0.506220,19.7392,0.7757
4571,0.000704,0.034610,501.24,678.28,750.00,0.238423,0.015686,-0.241664,1.474404,1.035666,-0.748700,-0.687453,-0.832253,187.50,0.482244,21.2842,0.7984
4576,0.000634,0.064403,531.64,707.57,984.38,0.273011,0.007843,-0.286582,1.371079,1.001859,-0.728678,-0.651535,-0.706143,187.50,0.447005,20.4815,0.7723
4581,0.000656,0.188960,575.17,716.83,1125.00,0.320120,0.007843,-0.726613,1.240103,1.019896,-0.177370,-0.610632,-0.745383,187.50,0.409646,16.9074,0.7180
4587,0.000662,0.039095,596.63,782.57,1125.00,0.314670,0.015686,-0.770510,1.330575,1.059154,-0.342939,-0.734110,-0.542170,187.50,0.395914,18.2498,0.7147
4592,0.000681,0.140897,554.95,754.73,843.75,0.267646,0.007843,-0.361575,1.330147,1.085311,-0.549876,-0.927379,-0.576628,187.50,0.415873,19.4109,0.7749
4597,0.000676,0.123260,579.73,764.54,1031.25,0.297386,0.015686,-0.518796,1.298111,1.045294,-0.453835,-0.885447,-0.485327,187.50,0.418470,18.7442,0.7456
4603,0.000685,0.137167,552.04,727.82,843.75,0.270777,0.007843,-0.249661,1.224732,0.961285,-0.426460,-0.807090,-0.702806,187.50,0.428174,18.3394,0.7760
4608,0.000674,0.111998,603.37,761.02,1171.88,0.304426,0.023529,-0.568875,1.202372,0.973616,-0.326188,-0.755704,-0.525222,187.50,0.424400,17.9887,0.7226
4613,0.000656,0.099917,569.12,728.39,890.62,0.281784,0.015686,-0.504722,1.270427,1.013696,-0.267398,-0.919305,-0.592696,187.50,0.442624,18.5463,0.7575
4619,0.000627,0.058433,554.51,745.56,843.75,0.258595,0.007843,-0.264225,1.366286,0.943241,-0.565271,-0.893383,-0.586647,187.50,0.446404,21.0291,0.7843
4624,0.000594,0.077507,550.77,730.98,843.75,0.267773,0.007843,-0.302869,1.328341,0.909312,-0.447695,-0.888387,-0.598701,187.50,0.423667,20.6166,0.7784
4629,0.000539,0.092544,610.29,804.01,1125.00,0.309462,0.015686,-0.262110,1.229031,0.715704,-0.271059,-0.977269,-0.434298,187.50,0.405700,20.1277,0.7666
4635,0.000482,0.048865,612.83,798.89,1031.25,0.278208,0.039216,-0.255564,1.211874,0.697411,-0.105960,-1.100355,-0.447404,187.50,0.374748,19.8295,0.7777
4640,0.000512,0.105259,612.29,761.68,1171.88,0.308231,0.047059,-0.380300,1.128575,0.759359,-0.135113,-0.767874,-0.604646,187.50,0.334881,18.0697,0.7428
4645,0.000392,0.123255,593.97,747.34,1125.00,0.290647,0.031373,-0.220799,1.073475,0.828523,-0.213384,-0.737681,-0.730134,187.50,0.315032,17.3018,0.7614
4651,0.000318,0.082004,604.54,764.34,1125.00,0.321199,0.070588,-0.055939,1.011201,0.778689,-0.237860,-0.831347,-0.664744,187.50,0.263269,14.9606,0.7731
4656,0.000337,0.107574,655.62,811.25,1218.75,0.312449,0.058824,-0.356511,0.833685,1.105650,-0.266414,-0.941325,-0.375084,375.00,0.167591,11.4658,0.7103
4661,0.000337,0.099036,670.04,815.33,1265.62,0.341618,0.015686,-0.304979,0.726069,1.131482,-0.220841,-0.945595,-0.386135,375.00,0.156942,11.8623,0.7061
4667,0.000317,0.237671,642.27,822.61,1265.62,0.329081,0.039216,-0.169326,1.049748,0.829463,-0.356477,-0.878260,-0.475147,187.50,0.196928,14.8462,0.7534
4672,0.000256,0.092155,674.72,857.33,1687.50,0.355934,0.039216,-0.120201,1.106539,0.412434,-0.260174,-0.724487,-0.414111,187.50,0.217464,18.4077,0.7432
4677,0.000174,0.116320,651.23,807.69,1359.38,0.369943,0.070588,-0.147555,1.011827,0.518327,-0.174919,-0.769158,-0.438522,187.50,0.185481,17.0648,0.7381
4683,0.000064,0.053716,677.30,847.28,1640.62,0.396909,0.329412,0.004719,0.963409,0.442641,-0.272422,-0.660256,-0.478092,187.50,0.134694,15.3127,0.7414
4688,0.000077,0.102418,811.35,945.15,2015.62,0.487938,0.176471,-0.064630,0.700159,0.390345,-0.235415,-0.549392,-0.241068,187.50,0.064040,9.6216,0.6711
4693,0.000057,0.129384,1094.64,1010.01,2484.38,0.654409,0.392157,-0.853153,0.106936,0.581276,0.091664,-0.180633,0.253911,328.12,0.029825,7.1179,0.3990
4699,0.000087,0.138237,1179.10,986.89,2484.38,0.712627,0.196078,-1.642887,-0.001575,0.712389,0.246064,0.310432,0.375575,375.00,0.020822,5.5739,0.2377
4704,0.000091,0.272871,1026.89,1036.92,2437.50,0.604088,0.149020,-0.318010,0.541576,0.366884,-0.498152,-0.226999,0.134700,234.38,0.029114,7.8175,0.5394
4709,0.000092,0.246824,1072.60,1119.94,2718.75,0.549639,0.164706,-0.220267,0.775915,0.204675,-0.835235,-0.225493,0.300407,187.50,0.043884,11.7810,0.5598
4715,0.000109,0.252770,1004.04,1045.09,2484.38,0.612080,0.156863,-0.686962,0.605896,0.509577,-0.336287,-0.242170,0.149946,187.50,0.046783,10.7305,0.5014
4720,0.000078,0.212616,924.41,996.24,2250.00,0.554283,0.196078,-0.574702,0.606270,0.496201,-0.148551,-0.327612,-0.051604,187.50,0.052880,10.9761,0.5512
4725,0.000079,0.136906,1031.30,1065.17,2531.25,0.543371,0.180392,-0.937404,0.652486,0.587189,-0.234923,-0.267726,0.200378,187.50,0.046017,10.3588,0.4728
4731,0.000056,0.189924,1083.00,1072.43,2671.88,0.588346,0.376471,-0.545925,0.379493,0.589851,-0.373166,-0.312785,0.262531,375.00,0.025915,6.3585,0.4855
4736,0.000155,0.156974,1209.93,1093.40,2671.88,0.620061,0.149020,-0.632351,0.021011,0.719513,-0.380474,-0.251849,0.524149,375.00,0.028399,7.8422,0.3913
4741,0.000191,0.453501,924.54,1041.04,2437.50,0.503073,0.031373,-0.085990,0.711805,0.383677,-0.465588,-0.587290,0.043385,234.38,0.043893,8.6264,0.6422
4747,0.000370,0.443353,750.34,921.85,1781.25,0.426594,0.039216,-0.028267,0.860886,0.559949,-0.523303,-0.505798,-0.363467,234.38,0.092420,10.8886,0.7008
4752,0.000430,0.408820,687.00,825.08,1500.00,0.429106,0.031373,-0.118729,0.948797,0.610961,-0.312858,-0.482041,-0.646130,234.38,0.164231,12.2768,0.7269
4757,0.000479,0.270683,574.62,758.30,1031.25,0.316781,0.039216,0.229972,1.180608,0.447705,-0.250333,-0.852753,-0.755200,187.50,0.261569,16.5836,0.8190
4763,0.000437,0.174710,530.68,684.46,937.50,0.287922,0.027451,-0.053567,1.193195,0.657004,-0.012650,-0.847848,-0.936135,187.50,0.311213,19.2091,0.8118
4768,0.000285,0.180152,529.04,682.47,984.38,0.292550,0.047059,0.072734,1.058826,0.751129,-0.175583,-0.727782,-0.979325,187.50,0.269043,15.5416,0.8052
4773,0.000197,0.211580,579.44,678.98,984.38,0.324087,0.058824,-0.130131,0.759543,0.920175,0.100568,-0.693595,-0.956558,187.50,0.148637,9.5761,0.7576
4779,0.000191,0.242111,802.34,796.03,1640.62,0.492352,0.094118,-0.527677,0.307452,0.526264,0.569261,-0.323581,-0.551718,187.50,0.103199,7.5199,0.5812
4784,0.000436,0.115159,845.89,856.58,1828.12,0.495808,0.047059,-0.501933,0.341000,0.435892,0.496292,-0.418177,-0.353076,187.50,0.105746,8.7394,0.5757
4789,0.000487,0.413939,570.63,699.03,937.50,0.306478,0.007843,-0.108291,0.955035,0.893745,-0.000589,-0.890058,-0.849842,187.50,0.177480,11.4104,0.7847
4795,0.000301,0.214581,477.51,606.10,796.88,0.242616,0.047059,0.307023,1.138347,0.865706,-0.164859,-0.949440,-1.196777,187.50,0.245893,13.6087,0.8576
4800,0.000580,0.100111,493.05,611.48,843.75,0.226889,0.023529,0.225792,1.156625,0.645286,0.210666,-1.088381,-1.149989,187.50,0.248006,15.5577,0.8594
4805,0.000447,0.198358,469.20,595.73,703.12,0.230609,0.043137,0.273243,1.257900,0.676360,0.081420,-1.135617,-1.153307,187.50,0.292841,15.9710,0.8710
4811,0.000580,0.139486,539.33,678.20,890.62,0.297426,0.035294,-0.051669,1.201159,0.600774,0.072258,-0.862894,-0.959627,187.50,0.337542,18.5600,0.8155
4816,0.000649,0.204684,667.33,798.14,1265.62,0.382399,0.015686,0.042799,0.986137,0.062301,0.037560,-0.415980,-0.712818,187.50,0.333913,17.3176,0.7463
4821,0.000727,0.180136,611.49,730.52,1171.88,0.345059,0.023529,0.168152,0.978040,0.096384,0.015922,-0.314191,-0.944308,187.50,0.363940,16.6001,0.7689
4827,0.000778,0.191927,501.60,614.69,937.50,0.245090,0.007843,0.301020,1.109100,0.403995,0.132454,-0.610247,-1.336322,187.50,0.409104,16.6112,0.8427
4832,0.000740,0.157792,461.63,577.53,843.75,0.223928,0.007843,0.410662,1.240181,0.529619,-0.160302,-0.486176,-1.533984,187.50,0.463175,17.7208,0.8624
4837,0.000770,0.166111,494.21,654.92,937.50,0.265576,0.007843,0.267618,1.280692,0.468249,-0.243080,-0.645550,-1.127929,187.50,0.516397,20.3320,0.8404
4843,0.000845,0.170180,635.39,800.84,1312.50,0.392644,0.015686,0.263408,1.101155,-0.046258,-0.248262,-0.327850,-0.742193,187.50,0.499004,19.1209,0.7716
4848,0.000915,0.089127,518.13,713.49,1031.25,0.293711,0.015686,0.596668,1.339604,-0.084531,-0.247049,-0.745456,-0.859235,187.50,0.500866,20.8210,0.8545
4853,0.000965,0.153505,422.12,611.85,609.38,0.191848,0.007843,0.660496,1.500055,0.236179,-0.100952,-1.186610,-1.109169,187.50,0.568943,23.8408,0.9028
4859,0.001038,0.145672,402.02,586.20,562.50,0.192336,0.015686,0.758954,1.562197,0.180271,-0.052494,-1.232151,-1.216777,187.50,0.619874,23.8731,0.9157
4864,0.001180,0.198642,454.79,652.08,796.88,0.247921,0.011765,0.580405,1.472760,0.283260,-0.448872,-0.859399,-1.028154,187.50,0.670872,22.7273,0.8776
4869,0.001262,0.264186,555.14,745.68,1171.88,0.349815,0.007843,0.591269,1.239376,-0.013207,-0.326980,-0.679840,-0.810616,140.62,0.662963,18.7856,0.8403
4875,0.001238,0.134437,409.74,625.47,609.38,0.216598,0.007843,0.930856,1.629323,0.074600,-0.559327,-1.018604,-1.056848,187.50,0.730024,22.7698,0.9103
4880,0.001081,0.068137,342.30,525.11,375.00,0.157511,0.003922,1.098126,1.811824,0.262914,-0.659406,-1.218269,-1.295188,187.50,0.758279,23.9001,0.9377
4885,0.000872,0.207032,399.74,612.87,562.50,0.229846,0.003922,1.094672,1.564841,0.125888,-0.773211,-0.867450,-1.144740,140.62,0.792347,22.9397,0.9118
4891,0.000625,0.051380,423.84,669.71,703.12,0.218890,0.015686,1.131851,1.535491,-0.058697,-0.812203,-0.838288,-0.958154,140.62,0.651734,22.7240,0.9031
4896,0.000778,0.273469,571.69,777.39,1265.62,0.376001,0.015686,0.657927,1.070555,0.275343,-0.556775,-0.647100,-0.799951,140.62,0.389314,13.0563,0.8303
4901,0.001121,0.130809,551.96,777.08,1171.88,0.337627,0.007843,0.836034,1.053811,0.079534,-0.452456,-0.696799,-0.820125,93.75,0.463123,16.2329,0.8460
4907,0.000817,0.348687,654.64,821.50,1453.12,0.444282,0.011765,0.611880,0.726946,0.111670,-0.195416,-0.528283,-0.726797,93.75,0.585768,14.1119,0.7853
4912,0.000685,0.065935,625.93,819.36,1453.12,0.413620,0.023529,0.692689,0.784558,0.124142,-0.381043,-0.469162,-0.751184,93.75,0.613631,15.2010,0.7939
4917,0.000879,0.138179,599.94,809.07,1359.38,0.344862,0.015686,0.731867,0.942387,0.062366,-0.382719,-0.625270,-0.728632,93.75,0.488856,15.0455,0.8197
4923,0.000957,0.330516,778.74,875.57,1734.38,0.564792,0.011765,0.103894,0.588482,0.251927,-0.105636,-0.335500,-0.503168,93.75,0.445820,10.1320,0.6826
4928,0.000620,0.153997,582.30,779.82,1312.50,0.289599,0.007843,0.675631,1.060370,-0.034193,-0.280422,-0.654340,-0.767045,140.62,0.482807,13.6432,0.8290
4933,0.000717,0.374711,761.73,861.87,1734.38,0.524592,0.003922,0.180611,0.558749,0.214925,-0.069313,-0.304673,-0.580299,93.75,0.370819,8.7855,0.6926
4939,0.000564,0.064145,782.70,878.90,1781.25,0.517822,0.015686,0.104383,0.364107,0.397448,-0.032118,-0.306524,-0.527295,93.75,0.307972,8.1292,0.6573
4944,0.000544,0.235603,614.61,806.05,1312.50,0.303861,0.031373,0.636377,0.854100,0.089682,-0.212782,-0.665814,-0.701562,93.75,0.345767,12.2150,0.8067
4949,0.000429,0.288354,811.18,870.33,1875.00,0.581557,0.011765,-0.031140,0.453864,0.326889,-0.029746,-0.296987,-0.422880,93.75,0.295492,8.9703,0.6391
4955,0.000282,0.078717,666.87,821.51,1500.00,0.389221,0.015686,0.461747,0.785573,0.080050,-0.129097,-0.572869,-0.625406,93.75,0.227007,9.9047,0.7726
4960,0.000401,0.202307,796.72,837.75,1781.25,0.538159,0.019608,-0.156960,0.458437,0.312966,0.157434,-0.305479,-0.466397,187.50,0.157745,7.6048,0.6310
4965,0.000450,0.132603,664.45,807.12,1453.12,0.421006,0.019608,0.517477,0.729651,0.016681,-0.013344,-0.603392,-0.647074,140.62,0.178054,11.3117,0.7771
4971,0.000320,0.153206,640.10,822.15,1453.12,0.405816,0.070588,0.717245,0.900475,-0.195109,-0.161744,-0.628511,-0.632356,140.62,0.231087,13.8841,0.8083
4976,0.000348,0.329930,812.61,902.43,1921.88,0.576055,0.098039,0.184719,0.532515,0.074323,-0.122728,-0.285230,-0.383599,93.75,0.212976,10.1045,0.6666
4981,0.000237,0.079166,680.74,845.61,1593.75,0.404738,0.011765,0.489909,0.720799,0.103253,-0.145072,-0.554939,-0.613950,93.75,0.172218,10.2942,0.7667
4987,0.000270,0.221610,823.32,868.31,1828.12,0.571195,0.031373,-0.066848,0.343767,0.282283,0.117598,-0.260254,-0.416547,187.50,0.114874,6.7143,0.6170
4992,0.000417,0.048099,703.36,848.89,1640.62,0.418963,0.003922,0.261415,0.668964,0.296292,-0.148495,-0.537807,-0.540369,187.50,0.128595,9.6234,0.7319
4997,0.000368,0.229959,737.55,876.42,1687.50,0.461798,0.039216,0.228580,0.553581,0.323931,-0.215006,-0.427700,-0.463386,187.50,0.131472,8.5964,0.6978
5003,0.000430,0.284616,709.98,852.98,1546.88,0.490716,0.035294,0.368525,0.523953,0.237956,-0.082109,-0.434668,-0.613657,93.75,0.199445,9.9585,0.7252
5008,0.000288,0.193798,568.55,801.72,1265.62,0.327835,0.039216,0.828821,1.049349,-0.122755,-0.347002,-0.662486,-0.745927,93.75,0.243901,14.8844,0.8380
5013,0.000361,0.149469,697.05,845.12,1734.38,0.469666,0.027451,0.505461,0.770086,-0.120167,-0.190071,-0.362219,-0.603089,93.75,0.221409,14.4667,0.7541
5019,0.000336,0.088996,586.02,818.84,1453.12,0.353422,0.039216,0.882069,1.029858,-0.296706,-0.377283,-0.574618,-0.663320,93.75,0.208110,15.7112,0.8285
5024,0.000245,0.242612,723.78,879.54,1734.38,0.480363,0.039216,0.448864,0.716750,-0.006377,-0.229855,-0.352088,-0.577294,93.75,0.194278,13.5084,0.7403
5029,0.000293,0.214959,778.54,885.40,1781.25,0.532384,0.019608,0.246575,0.416017,0.205783,-0.127077,-0.221057,-0.520241,93.75,0.166484,10.0605,0.6686
5035,0.000166,0.168009,694.46,883.28,1687.50,0.414257,0.070588,0.642571,0.857069,-0.173892,-0.401313,-0.445286,-0.479149,93.75,0.159104,13.0954,0.7707
5040,0.000180,0.200848,864.01,952.92,2062.50,0.601319,0.066667,0.210335,0.580154,-0.027532,-0.270072,-0.246829,-0.246055,93.75,0.126484,10.4392,0.6551
5045,0.000105,0.040649,800.86,973.33,2015.62,0.514537,0.188235,0.577375,0.750238,-0.247249,-0.483342,-0.351888,-0.245135,93.75,0.100314,11.7535,0.7236
5051,0.000084,0.073100,918.18,1053.80,2390.62,0.516956,0.239216,0.712525,0.843223,-0.706492,-0.667003,-0.238163,0.055910,140.62,0.085140,16.0511,0.7045
5056,0.000076,0.141118,1110.41,1097.09,2578.12,0.606028,0.254902,0.456861,0.622188,-0.752714,-0.489133,-0.192957,0.355756,140.62,0.053271,11.5053,0.6126
5061,0.000101,0.216890,1216.34,1077.98,2625.00,0.704129,0.192157,0.088245,0.144407,-0.551269,-0.118133,0.048412,0.388337,93.75,0.023255,5.8252,0.4745
5067,0.000117,0.351273,1117.66,959.50,2296.88,0.663908,0.243137,0.025813,0.017789,-0.342328,-0.168902,0.414311,0.053315,93.75,0.029688,5.9832,0.4472
5072,0.000105,0.369526,1067.86,893.14,2062.50,0.648463,0.176471,-0.290950,-0.037813,-0.029203,0.152909,0.364012,-0.158954,93.75,0.040009,5.6899,0.4337
5077,0.000124,0.203180,1135.76,975.13,2437.50,0.667520,0.152941,-0.418867,-0.002801,0.024813,0.193911,0.190124,0.012820,93.75,0.041345,5.6292,0.4226
5083,0.000123,0.266535,1098.62,922.94,2062.50,0.644673,0.129412,-0.200997,0.017813,-0.256262,0.175608,0.404315,-0.140478,93.75,0.039594,5.0127,0.4444
5088,0.000413,0.318175,1039.33,858.72,1921.88,0.607978,0.023529,-0.497364,-0.001476,0.252863,0.105314,0.431516,-0.290853,234.38,0.040991,4.3411,0.4207
5093,0.000738,0.509046,706.56,797.20,1546.88,0.456332,0.003922,0.209228,0.682708,0.230421,-0.047848,-0.293975,-0.780535,140.62,0.146352,8.5039,0.7277
5099,0.000858,0.339435,584.71,798.42,1359.38,0.361826,0.035294,0.857030,1.097943,-0.168094,-0.520223,-0.505993,-0.760661,140.62,0.360442,17.4503,0.8335
5104,0.000698,0.289461,526.01,734.58,1171.88,0.323909,0.011765,0.997995,1.182176,-0.322481,-0.390476,-0.541495,-0.925718,140.62,0.518149,19.0240,0.8610
5109,0.000935,0.182026,577.91,745.82,1218.75,0.313326,0.023529,0.812615,1.137088,-0.418783,-0.321160,-0.269841,-0.939918,140.62,0.524437,18.2189,0.8292
5115,0.000822,0.334449,656.10,819.44,1406.25,0.439311,0.003922,0.599190,0.776413,0.090357,-0.295730,-0.347368,-0.822862,140.62,0.428065,12.4340,0.7812
5120,0.000679,0.121919,556.35,756.05,1078.12,0.338398,0.031373,0.792120,0.870606,0.120923,-0.103435,-0.665791,-1.014422,93.75,0.519517,15.6234,0.8418
5125,0.000592,0.191875,518.82,716.58,984.38,0.306451,0.050980,0.767818,1.140771,0.036815,-0.183014,-0.694640,-1.067749,140.62,0.462215,15.7041,0.8624
5131,0.000727,0.197965,638.42,764.95,1125.00,0.393275,0.011765,0.401955,0.810179,0.114882,0.055737,-0.473808,-0.908945,140.62,0.353593,12.2514,0.7854
5136,0.000680,0.160533,567.33,666.44,1031.25,0.276073,0.019608,0.591985,0.900594,-0.168794,0.376351,-0.455596,-1.244540,140.62,0.366493,12.9325,0.8315
5141,0.000661,0.181984,521.37,654.52,937.50,0.265585,0.007843,0.748132,0.883480,0.136955,0.302565,-0.734800,-1.336332,93.75,0.385287,14.1011,0.8643
5147,0.000668,0.223271,601.21,730.67,1125.00,0.348823,0.007843,0.551282,0.887176,-0.146044,0.205058,-0.538484,-0.958988,140.62,0.385943,13.1554,0.8127
5152,0.000853,0.284267,668.31,768.96,1218.75,0.422419,0.011765,0.268854,0.583588,0.303859,0.302697,-0.639669,-0.819328,93.75,0.353985,9.8477,0.7606
5157,0.000609,0.168320,571.08,721.29,1031.25,0.328597,0.007843,0.669939,0.924440,-0.166500,0.214766,-0.623807,-1.018838,140.62,0.445021,13.8346,0.8346
5163,0.000627,0.121248,686.14,790.06,1453.12,0.419847,0.015686,0.458282,0.821300,-0.229503,0.031552,-0.348237,-0.733394,140.62,0.409270,13.4111,0.7651
5168,0.000590,0.367148,855.45,841.37,1781.25,0.600173,0.019608,-0.066190,0.339075,0.088367,0.233072,-0.119809,-0.474517,93.75,0.325083,7.8992,0.6067
5173,0.000592,0.077469,727.25,823.51,1593.75,0.440041,0.015686,0.341090,0.716905,-0.096689,0.034102,-0.366795,-0.628612,93.75,0.301330,10.1517,0.7363
5179,0.000813,0.311581,823.00,888.79,1828.12,0.534683,0.023529,0.052942,0.463415,0.218940,0.007211,-0.256909,-0.485599,93.75,0.290252,8.7459,0.6524
5184,0.000895,0.210277,774.02,873.12,1734.38,0.520537,0.011765,0.174398,0.559481,0.274787,-0.212382,-0.244916,-0.551369,93.75,0.361237,9.2869,0.6825
5189,0.000822,0.233601,575.87,779.81,1312.50,0.335593,0.031373,0.699833,1.067389,-0.034527,-0.340923,-0.594419,-0.797354,140.62,0.454679,13.7076,0.8291
5195,0.000902,0.251679,673.80,843.67,1640.62,0.462171,0.003922,0.502938,0.841053,0.003403,-0.282288,-0.454340,-0.610766,93.75,0.493239,13.5035,0.7693
5200,0.000772,0.132221,530.32,728.13,1031.25,0.313125,0.011765,0.850072,1.111989,-0.252581,-0.127385,-0.638935,-0.943160,93.75,0.515695,15.4018,0.8547
5205,0.000617,0.144312,555.69,777.28,1078.12,0.336555,0.031373,0.827441,0.930910,-0.067242,-0.160725,-0.599870,-0.930514,93.75,0.515342,17.4127,0.8381
5211,0.000724,0.178775,640.02,812.72,1453.12,0.427724,0.011765,0.566603,0.696720,0.079983,-0.189459,-0.419189,-0.734658,93.75,0.450488,14.2430,0.7700
5216,0.000541,0.147003,522.30,730.99,1031.25,0.302406,0.011765,0.855001,1.072759,-0.117780,-0.240387,-0.663523,-0.906070,93.75,0.431314,16.6616,0.8518
5221,0.000561,0.097715,519.91,809.23,984.38,0.313130,0.019608,0.978237,1.120141,0.057379,-0.476278,-0.925059,-0.754421,93.75,0.409149,18.5816,0.8686
5227,0.000522,0.151675,502.32,782.21,984.38,0.289824,0.015686,1.059830,1.208939,-0.013896,-0.572324,-0.920558,-0.761992,93.75,0.333334,16.8277,0.8782
5232,0.000450,0.110354,523.59,761.85,1125.00,0.297019,0.019608,0.999819,1.239951,-0.109531,-0.553385,-0.793495,-0.783360,140.62,0.367678,21.8152,0.8708
5237,0.000260,0.107264,630.19,866.64,1640.62,0.377515,0.058824,0.882839,1.075629,-0.210007,-0.554182,-0.725146,-0.469134,140.62,0.299630,18.6077,0.8287
5243,0.000173,0.263710,684.97,905.44,1921.88,0.397782,0.098039,0.777158,0.851069,-0.010713,-0.380062,-0.943061,-0.294391,93.75,0.203261,13.5949,0.8073
5248,0.000192,0.244372,829.57,895.73,2015.62,0.521896,0.180392,0.064040,0.280424,0.354794,0.141253,-0.559374,-0.281137,140.62,0.088136,6.4042,0.6439
5253,0.000240,0.064876,846.97,882.90,1968.75,0.537442,0.066667,-0.030786,0.259982,0.293889,0.061525,-0.259121,-0.325490,375.00,0.066564,6.0385,0.6003
5259,0.000283,0.204901,758.68,864.12,1921.88,0.431022,0.043137,0.246083,0.486121,0.258665,-0.183395,-0.447934,-0.359539,93.75,0.109136,10.0833,0.6835
5264,0.000289,0.274646,789.97,927.28,1921.88,0.510140,0.054902,0.482573,0.635786,-0.025187,-0.454843,-0.250856,-0.387473,93.75,0.140820,11.6450,0.7065
5269,0.000483,0.335978,855.17,959.21,2015.62,0.518658,0.011765,0.127244,0.466898,0.246946,-0.222613,-0.270211,-0.348265,93.75,0.116857,7.6905,0.6471
5275,0.000482,0.320135,778.09,902.91,1828.12,0.503305,0.039216,0.119071,0.506200,0.413647,-0.219610,-0.399339,-0.419969,187.50,0.124518,5.7758,0.6731
5280,0.000570,0.241956,617.40,831.65,1453.12,0.378056,0.003922,0.686915,0.875457,0.051172,-0.354658,-0.593399,-0.665487,93.75,0.243764,11.4510,0.8039
5285,0.000565,0.308017,722.81,852.56,1546.88,0.485523,0.031373,0.107955,0.640554,0.408132,-0.232118,-0.373415,-0.551108,93.75,0.264069,10.1880,0.6977
5291,0.000549,0.195197,644.84,856.67,1593.75,0.365854,0.011765,0.780086,0.922857,-0.172827,-0.511632,-0.513706,-0.504780,93.75,0.313352,13.9111,0.7959
5296,0.000380,0.252760,681.98,841.09,1593.75,0.468592,0.039216,0.444125,0.678119,0.185683,-0.287401,-0.385495,-0.635030,93.75,0.326636,13.0154,0.7449
5301,0.000437,0.093870,610.27,832.70,1546.88,0.392504,0.043137,0.831806,0.910356,-0.104692,-0.475304,-0.477837,-0.684328,93.75,0.301379,15.6294,0.8103
5307,0.000270,0.122144,701.19,914.19,1734.38,0.415869,0.047059,0.733253,0.848624,-0.084643,-0.623659,-0.407431,-0.466144,93.75,0.254758,16.2988,0.7734
5312,0.000355,0.290380,760.96,902.58,1687.50,0.511084,0.019608,0.360151,0.509201,0.179042,-0.307982,-0.225809,-0.514605,234.38,0.103730,5.4530,0.6910
5317,0.000263,0.147278,748.37,918.23,1781.25,0.446739,0.054902,0.568877,0.698619,-0.094469,-0.500381,-0.299215,-0.373431,93.75,0.169792,11.2501,0.7251
5323,0.000220,0.316264,885.47,938.24,2015.62,0.579626,0.035294,-0.202293,0.520743,0.377901,-0.257590,-0.177310,-0.261450,187.50,0.120331,6.8026,0.5935
5328,0.000152,0.072439,827.78,940.14,2015.62,0.520442,0.125490,0.207821,0.648551,0.119439,-0.344900,-0.323042,-0.307868,93.75,0.098044,7.5664,0.6778
5333,0.000127,0.129489,922.46,956.90,2109.38,0.597537,0.164706,-0.036789,0.428666,0.244660,-0.419009,-0.057624,-0.159903,93.75,0.060641,5.9735,0.5756
5339,0.000171,0.117134,1067.07,1021.61,2437.50,0.604484,0.043137,-0.371078,0.328084,0.402986,-0.461869,0.016637,0.085240,281.25,0.063857,7.6036,0.4819
5344,0.000138,0.259249,1010.97,1027.51,2343.75,0.610321,0.129412,0.012354,0.307636,0.168329,-0.273750,-0.203331,-0.011239,93.75,0.057091,6.4860,0.5664
5349,0.000180,0.185029,999.67,1008.17,2296.88,0.572352,0.078431,-0.214358,0.464242,0.421080,-0.479431,-0.231822,0.040288,281.25,0.055255,6.3570,0.5550
5355,0.000219,0.233238,1025.28,993.64,2250.00,0.612894,0.066667,-0.127190,0.218174,0.315927,-0.308589,-0.087813,-0.010508,281.25,0.051346,5.6625,0.5236
5360,0.000175,0.285185,946.64,965.58,2062.50,0.605822,0.105882,-0.143699,0.363770,0.327551,-0.291232,0.007035,-0.263426,234.38,0.070593,5.9329,0.5593
5365,0.000173,0.173284,920.70,1021.49,2156.25,0.520941,0.058824,0.165425,0.471158,0.380584,-0.502549,-0.313789,-0.200829,93.75,0.087271,8.5525,0.6401
5371,0.000118,0.177932,935.17,1033.60,2250.00,0.538567,0.286275,0.160537,0.621607,0.071182,-0.363900,-0.386115,-0.103311,140.62,0.085371,9.4461,0.6538
5376,0.000206,0.228396,1023.64,1018.96,2390.62,0.610238,0.058824,-0.061820,0.300273,-0.032321,-0.075969,-0.124550,-0.005614,187.50,0.058853,6.6383,0.5459
5381,0.000119,0.245030,929.11,1019.81,2250.00,0.535973,0.129412,0.056851,0.593105,0.212513,-0.537323,-0.255732,-0.069415,140.62,0.061875,6.4207,0.6195
5387,0.000185,0.149573,1063.59,1109.93,2625.00,0.572291,0.121569,0.140040,0.402674,0.201638,-0.611492,-0.341345,0.208484,93.75,0.058610,7.0179,0.5837
5392,0.000177,0.208854,1042.58,1046.04,2484.38,0.560353,0.125490,-0.147395,0.225025,0.512104,-0.582197,-0.253058,0.245520,328.12,0.063142,7.9113,0.5106
5397,0.000107,0.305520,860.61,982.75,2296.88,0.505862,0.215686,0.100799,0.677923,0.460488,-0.819921,-0.326023,-0.093266,187.50,0.070523,7.0119,0.6454
5403,0.000197,0.141307,1045.04,1042.60,2437.50,0.652281,0.078431,-0.042992,0.361317,0.021148,-0.349668,-0.033907,0.044100,187.50,0.057327,6.7789,0.5384
5408,0.000139,0.196539,935.97,1003.22,2250.00,0.579519,0.156863,0.046786,0.538585,0.174026,-0.387765,-0.242098,-0.129534,140.62,0.059317,6.4957,0.6174
5413,0.000193,0.234935,986.14,983.80,2250.00,0.632623,0.090196,-0.355014,0.362070,0.299778,-0.043648,-0.197836,-0.065349,281.25,0.054320,5.2553,0.5337
5419,0.000231,0.162925,1024.40,1050.95,2531.25,0.605687,0.050980,-0.014723,0.299467,0.286479,-0.274423,-0.440776,0.143977,328.12,0.043729,4.7866,0.5722
5424,0.000145,0.343807,901.80,977.11,2343.75,0.541433,0.188235,-0.255336,0.543660,0.565945,-0.398984,-0.356440,-0.098845,234.38,0.087118,7.2856,0.5919
5429,0.000222,0.141083,946.04,983.23,2296.88,0.549833,0.137255,-0.078057,0.385958,0.306287,-0.324027,-0.093142,-0.197018,234.38,0.062785,5.7313,0.5742
5435,0.000194,0.147330,912.59,966.53,2203.12,0.566602,0.113725,-0.039631,0.388846,0.423163,-0.401150,-0.278997,-0.092232,281.25,0.055033,5.4151,0.5891
5440,0.000160,0.264840,991.70,1009.14,2296.88,0.611310,0.105882,-0.443342,0.486412,0.572151,-0.582178,-0.116449,0.083404,281.25,0.097090,8.3055,0.5095
5445,0.000219,0.120730,1098.86,1082.73,2625.00,0.622261,0.113725,-0.056144,0.322016,0.276434,-0.578009,-0.164395,0.200097,234.38,0.060586,6.3843,0.5287
5451,0.000199,0.288301,1033.60,1039.27,2484.38,0.598836,0.113725,-0.325925,0.436175,0.374080,-0.262627,-0.290066,0.068363,234.38,0.078054,7.2682,0.5414
5456,0.000184,0.196118,1042.62,1035.11,2390.62,0.584313,0.149020,-0.491054,0.352602,0.575060,-0.317735,-0.228990,0.110116,281.25,0.098341,8.5263,0.4976
5461,0.000217,0.207316,972.17,1040.98,2437.50,0.593291,0.149020,0.139681,0.332789,0.322930,-0.405450,-0.436952,0.047004,93.75,0.067325,6.5845,0.6062
5467,0.000196,0.258709,982.12,1053.93,2484.38,0.579733,0.113725,-0.132996,0.484523,0.331155,-0.221822,-0.561564,0.100704,93.75,0.071991,6.7107,0.6002
5472,0.000227,0.245815,967.32,1027.08,2343.75,0.572940,0.105882,0.105221,0.466932,0.239674,-0.282127,-0.575390,0.045689,93.75,0.092381,7.9226,0.6344
5477,0.000148,0.201591,972.69,1010.60,2343.75,0.584321,0.215686,0.041100,0.539848,0.204791,-0.374392,-0.453116,0.041768,93.75,0.097158,8.0916,0.6216
5483,0.000247,0.225869,1066.87,1009.17,2250.00,0.618061,0.129412,0.005904,0.192776,0.190376,-0.526989,0.097924,0.040009,93.75,0.075120,6.9896,0.5076
5488,0.000209,0.285935,1038.36,1042.79,2437.50,0.601413,0.141176,-0.123349,0.367850,0.305062,-0.511830,-0.032504,-0.005229,281.25,0.069451,5.5463,0.5352
5493,0.000180,0.215208,1078.49,1012.06,2390.62,0.656350,0.235294,-0.541824,0.281531,0.429014,-0.331449,0.092205,0.070523,281.25,0.089526,6.4235,0.4473
5499,0.000206,0.166784,1254.27,1030.31,2578.12,0.696638,0.133333,-0.673451,-0.199556,0.299827,-0.096070,0.292714,0.376536,328.12,0.055400,4.6244,0.3162
5504,0.000137,0.231032,1249.62,1045.98,2625.00,0.717595,0.282353,-0.662376,0.127114,0.235055,-0.222057,0.159171,0.363092,234.38,0.066290,5.0438,0.3708
5509,0.000177,0.110432,1212.45,1051.63,2578.12,0.749045,0.152941,-0.491506,0.187637,0.170507,-0.209853,0.052148,0.291067,234.38,0.062143,5.4249,0.4198
5515,0.000158,0.140619,1280.47,1068.41,2671.88,0.728651,0.243137,-0.819111,0.023785,0.240942,0.052523,0.112025,0.389834,234.38,0.049335,4.8033,0.3433
5520,0.000186,0.248792,1384.24,1089.37,2859.38,0.735638,0.152941,-1.288869,-0.121369,0.333848,0.219259,0.293256,0.563875,328.12,0.062588,5.6298,0.2435
5525,0.000170,0.223749,1276.32,1084.07,2812.50,0.738521,0.235294,-0.898211,0.013841,0.223386,0.193128,0.121573,0.346284,328.12,0.055365,4.4627,0.3371
5531,0.000224,0.157321,1395.15,1083.43,2859.38,0.784072,0.207843,-1.127349,-0.044022,0.142604,0.193879,0.222941,0.611947,281.25,0.041471,3.7123,0.2683
5536,0.000283,0.323712,1521.46,1087.91,2859.38,0.826165,0.247059,-0.538922,-0.307267,-0.153448,-0.162530,0.363743,0.798425,375.00,0.040585,3.1724,0.2681
5541,0.000329,0.324209,1693.20,1075.38,3093.75,0.856872,0.192157,-1.028891,-0.418426,-0.323959,0.174546,0.565188,1.031541,656.25,0.038496,2.4168,0.1792
5547,0.000301,0.323743,1918.77,1084.46,3234.38,0.829810,0.203922,-1.701454,-0.673448,-0.072373,0.247813,0.749768,1.449694,3234.38,0.051142,2.5300,0.0922
5552,0.000352,0.210697,1788.62,1065.93,3187.50,0.830995,0.149020,-1.693300,-0.461815,0.074675,0.018913,0.821007,1.240520,328.12,0.057468,2.6250,0.1083
5557,0.000359,0.252436,1651.28,1062.72,3046.88,0.732790,0.121569,-1.380741,-0.755533,0.294465,0.041789,0.690130,1.109890,328.12,0.097042,4.4790,0.1226
5563,0.000253,0.233674,1538.12,1107.31,3046.88,0.704960,0.180392,-1.663128,-0.461535,0.668144,-0.101516,0.552839,1.005195,328.12,0.153693,6.7846,0.1369
5568,0.000255,0.116711,1478.19,1079.44,2859.38,0.738719,0.290196,-1.440857,-0.407584,0.600078,-0.112900,0.452778,0.908485,328.12,0.142632,7.6394,0.1673
5573,0.000250,0.270444,1677.02,1093.06,3000.00,0.769482,0.184314,-1.634564,-0.363967,0.147909,0.133779,0.631837,1.085006,328.12,0.083231,4.9513,0.1350
5579,0.000221,0.224339,1688.65,1083.86,3093.75,0.811220,0.227451,-1.252194,-0.289308,-0.111823,0.034838,0.587384,1.031101,328.12,0.055457,3.2369,0.1708
5584,0.000220,0.169283,1573.19,1062.70,2906.25,0.846722,0.270588,-1.288817,-0.046901,-0.068923,0.084119,0.509129,0.811393,234.38,0.059486,3.7447,0.2095
5589,0.000255,0.150690,1676.25,1045.04,2953.12,0.850936,0.192157,-1.244305,-0.153499,-0.194271,-0.078053,0.665492,1.004634,234.38,0.038106,2.8151,0.1774
5595,0.000214,0.281052,1595.27,1073.69,2953.12,0.871811,0.227451,-1.107390,-0.290459,0.010357,-0.044328,0.489381,0.942439,328.12,0.046508,2.8653,0.1955
5600,0.000234,0.219698,1519.38,1080.22,2859.38,0.845965,0.196078,-0.716891,-0.167925,-0.210340,-0.059402,0.366738,0.787820,187.50,0.051274,3.0008,0.2651
5605,0.000191,0.154456,1581.53,1058.93,3000.00,0.801727,0.270588,-0.844911,0.009957,-0.220684,-0.496879,0.693496,0.859021,187.50,0.052624,3.5675,0.2326
5611,0.000214,0.195119,1562.98,1071.95,2953.12,0.761847,0.227451,-0.931018,-0.062337,-0.130924,-0.338486,0.624960,0.837805,187.50,0.051510,3.8919,0.2265
5616,0.000210,0.218728,1757.83,1077.48,3093.75,0.803112,0.266667,-1.537313,-0.480335,0.048644,-0.033777,0.853686,1.149094,1171.88,0.042679,3.3213,0.1181
5621,0.000188,0.219265,1740.48,1012.47,3046.88,0.787915,0.219608,-1.336132,-0.708940,-0.334001,0.021256,1.213876,1.143942,1218.75,0.063439,5.1379,0.0996
5627,0.000193,0.239572,1586.47,994.28,2812.50,0.845383,0.239216,-1.264968,-0.532088,-0.044059,-0.058180,0.972834,0.926462,1218.75,0.047540,3.6356,0.1361
5632,0.000219,0.257488,1675.64,1125.71,3093.75,0.854212,0.266667,-1.139610,-0.299168,0.056504,0.112766,0.244803,1.024706,281.25,0.041932,3.0884,0.2052
5637,0.000186,0.204054,1734.90,1120.69,3093.75,0.815852,0.376471,-0.778358,-0.149694,-0.278021,0.002901,0.251392,0.951780,234.38,0.038674,3.0887,0.2562
5643,0.000190,0.194633,1589.81,1160.16,3140.62,0.790711,0.247059,-0.622033,0.142614,-0.248257,-0.282058,0.264822,0.744912,234.38,0.048747,4.0344,0.3220
5648,0.000189,0.229540,1504.39,1058.06,2859.38,0.827006,0.294118,-1.148369,-0.134759,0.042156,0.011946,0.529884,0.699142,234.38,0.038909,3.6230,0.2217
5653,0.000195,0.270164,1613.90,1013.36,2906.25,0.829737,0.278431,-1.483667,-0.441397,-0.169214,0.340213,0.810850,0.943214,984.38,0.036723,3.1175,0.1371
5659,0.000200,0.248869,1594.09,1036.30,2859.38,0.903486,0.223529,-0.964278,-0.336382,-0.280104,0.161530,0.552592,0.866643,984.38,0.031984,2.4494,0.2042
5664,0.000199,0.201553,1616.43,1069.21,2906.25,0.822604,0.258824,-0.914681,-0.551360,0.001859,0.072272,0.460119,0.931790,328.12,0.041940,3.2432,0.1933
5669,0.000245,0.255927,1673.29,1066.44,3046.88,0.789836,0.254902,-1.181225,-0.590153,-0.142677,0.240332,0.662129,1.011593,656.25,0.036181,2.6656,0.1515
5675,0.000271,0.212396,1690.00,1038.25,3046.88,0.794536,0.168627,-1.679756,-0.648992,-0.432516,0.811231,0.802996,1.147037,656.25,0.058513,4.2556,0.1053
5680,0.000421,0.289020,1537.28,1055.45,2953.12,0.819392,0.133333,-1.555432,-0.247714,-0.120418,0.544770,0.525113,0.853682,656.25,0.062316,3.5071,0.1692
5685,0.000555,0.363606,1256.06,1040.27,2671.88,0.740958,0.105882,-1.452912,0.334841,0.349399,0.223932,0.143687,0.401052,234.38,0.146597,6.9316,0.3033
5691,0.000603,0.342115,953.44,949.32,2250.00,0.560897,0.070588,-1.319108,0.615917,0.784541,0.201226,-0.255064,-0.027513,234.38,0.277896,10.0076,0.4476
5696,0.000539,0.240920,919.88,925.27,2156.25,0.546521,0.054902,-1.084087,0.612922,0.695479,0.176448,-0.200579,-0.200183,234.38,0.319215,10.6265,0.4912
5701,0.000520,0.211824,955.86,867.77,2015.62,0.592039,0.070588,-0.905432,0.370478,0.549144,0.222008,0.030326,-0.266522,234.38,0.291042,9.3149,0.4627
5707,0.000559,0.173021,971.92,911.58,2062.50,0.537349,0.043137,-1.387176,0.563255,0.678042,0.061652,0.141157,-0.056929,234.38,0.302802,10.4258,0.3884
5712,0.000759,0.298024,1067.42,936.74,2156.25,0.621348,0.050980,-1.976652,0.389158,0.844105,0.377848,0.278311,0.087230,234.38,0.259503,7.6221,0.2736
5717,0.000753,0.279426,998.80,885.27,1921.88,0.607813,0.054902,-1.435491,0.015558,0.827497,0.648602,0.160076,-0.216242,468.75,0.270363,6.5248,0.3358
5723,0.000703,0.220239,948.38,880.56,1921.88,0.506198,0.043137,-1.353584,0.056246,0.871498,0.602170,0.035614,-0.211943,468.75,0.371013,9.5613,0.3634
5728,0.000733,0.264848,915.08,800.15,1734.38,0.520338,0.043137,-2.074369,0.104469,1.024291,0.968812,0.181842,-0.205046,468.75,0.361980,8.6243,0.2742
5733,0.000623,0.163011,881.09,773.91,1593.75,0.459695,0.027451,-1.681943,-0.024537,1.069054,0.793220,0.180019,-0.335813,468.75,0.376679,9.7999,0.3153
5739,0.000651,0.182284,901.69,772.28,1687.50,0.482492,0.023529,-1.162460,-0.497187,0.926655,0.924572,0.108953,-0.300533,468.75,0.374244,10.4945,0.3243
5744,0.000577,0.177708,860.26,801.22,1687.50,0.410113,0.027451,-1.076380,-0.248597,1.070618,0.600180,0.022857,-0.368678,421.88,0.345293,11.1612,0.3800
5749,0.000426,0.155763,901.35,814.22,1687.50,0.463751,0.062745,-1.342388,-0.096256,0.981445,0.557667,0.159420,-0.259889,421.88,0.354981,11.5157,0.3387
5755,0.000537,0.257370,956.69,843.66,1968.75,0.554567,0.054902,-1.352014,0.013002,0.699595,0.775068,0.020363,-0.156014,468.75,0.205940,6.5361,0.3540
5760,0.000655,0.223909,1019.11,900.32,2203.12,0.625273,0.015686,-1.156666,0.291942,0.347491,0.456411,0.102226,-0.041404,187.50,0.238630,7.9355,0.3863
5765,0.000632,0.177357,919.96,861.00,1921.88,0.522932,0.039216,-1.113565,0.493664,0.505031,0.333137,0.020784,-0.239052,187.50,0.303107,9.8807,0.4500
5771,0.000398,0.192289,864.04,860.34,1921.88,0.486443,0.062745,-0.959485,0.447649,0.718742,0.142138,-0.113932,-0.235112,187.50,0.302648,9.7286,0.4797
5776,0.000556,0.171528,876.27,865.32,1828.12,0.531077,0.031373,-0.988601,0.269584,0.787866,0.270231,-0.090329,-0.248751,375.00,0.268384,8.6513,0.4527
5781,0.000485,0.171602,833.51,821.79,1781.25,0.469022,0.031373,-0.744929,0.121888,0.866807,0.378187,-0.200055,-0.421898,375.00,0.287531,10.7235,0.4999
5787,0.000459,0.113235,813.88,808.46,1734.38,0.438366,0.058824,-0.638575,0.032771,0.938593,0.249677,-0.176221,-0.406245,375.00,0.310213,12.6182,0.4971
5792,0.000470,0.135265,781.84,784.72,1687.50,0.408964,0.031373,-0.572883,0.164184,0.887015,0.200884,-0.172319,-0.506882,375.00,0.261915,11.4282,0.5338
5797,0.000402,0.245832,790.33,846.02,1828.12,0.429259,0.062745,-0.447051,0.462382,0.639726,0.051856,-0.252533,-0.454380,187.50,0.207632,9.2727,0.5893
5803,0.000339,0.211561,828.30,896.79,1921.88,0.542672,0.086275,-0.262512,0.653225,0.237520,0.015659,-0.296178,-0.347714,187.50,0.270786,12.0909,0.6265
5808,0.000388,0.067111,936.48,958.06,2156.25,0.572647,0.062745,-0.281074,0.728012,-0.116276,-0.142591,-0.077807,-0.110264,187.50,0.257137,14.1570,0.5787
5813,0.000458,0.149789,892.65,956.57,2062.50,0.500730,0.058824,-0.247241,0.651192,0.148287,-0.080551,-0.321284,-0.150402,187.50,0.231488,13.7211,0.6077
5819,0.000426,0.176787,764.11,877.46,1781.25,0.414810,0.047059,-0.116519,0.775009,0.324413,-0.125925,-0.479404,-0.377574,187.50,0.244509,13.8180,0.6809
5824,0.000455,0.127622,700.99,821.55,1593.75,0.390455,0.070588,-0.151740,0.809071,0.517396,-0.237249,-0.418494,-0.518985,187.50,0.253897,14.0992,0.6894
5829,0.000469,0.166361,735.85,842.24,1687.50,0.411348,0.023529,-0.154678,0.710558,0.508260,-0.142422,-0.425500,-0.496218,187.50,0.241500,12.7961,0.6767
5835,0.000540,0.155429,704.91,828.19,1687.50,0.380775,0.023529,0.115092,0.808107,0.573587,-0.676171,-0.274118,-0.546497,187.50,0.246059,12.8119,0.7051
5840,0.000433,0.150581,651.42,807.27,1593.75,0.337664,0.015686,0.251495,0.947029,0.634281,-0.899620,-0.297813,-0.635373,187.50,0.267343,13.0090,0.7438
5845,0.000343,0.132450,710.99,837.13,1640.62,0.426102,0.027451,-0.017182,0.855219,0.564391,-0.690166,-0.232364,-0.479898,187.50,0.264788,13.4233,0.6846
5851,0.000228,0.098470,781.80,884.88,1734.38,0.448320,0.086275,-0.299141,0.720815,0.601614,-0.385363,-0.328589,-0.309336,187.50,0.208231,12.8444,0.6294
5856,0.000213,0.155446,854.74,927.50,1828.12,0.491585,0.086275,-0.139986,0.445413,0.474381,-0.127875,-0.307195,-0.344738,140.62,0.117099,8.2737,0.6174
5861,0.000194,0.179808,952.62,981.15,2390.62,0.514958,0.125490,-0.272101,0.505622,0.465167,-0.341719,-0.259808,-0.097161,140.62,0.082360,6.5185,0.5733
5867,0.000207,0.196290,1115.95,1055.14,2578.12,0.650646,0.133333,-0.503775,0.553210,0.120595,-0.382593,-0.002455,0.215018,187.50,0.110774,10.3970,0.4796
5872,0.000211,0.252257,1091.17,1021.09,2437.50,0.642322,0.141176,-0.514286,0.481664,0.193871,-0.368171,0.087116,0.119805,187.50,0.103237,9.3615,0.4701
5877,0.000157,0.218545,1036.33,984.51,2343.75,0.624248,0.211765,-0.494091,0.347771,0.325642,-0.210766,0.026101,0.005342,140.62,0.082658,6.7390,0.4778
5883,0.000140,0.193990,1044.87,973.82,2203.12,0.622064,0.149020,-0.256067,0.100223,0.090792,0.061758,0.015993,-0.012699,140.62,0.078251,6.7576,0.4801
5888,0.000155,0.166282,1117.95,1026.87,2484.38,0.667213,0.152941,-0.513408,0.223546,0.243680,-0.083986,0.027130,0.103036,281.25,0.054044,5.5124,0.4477
5893,0.000178,0.207502,1219.00,1022.25,2531.25,0.707058,0.149020,-0.910268,0.060641,0.483887,-0.106623,0.185203,0.287158,281.25,0.059389,6.2439,0.3405
5899,0.000170,0.311883,1258.35,1044.11,2578.12,0.727689,0.196078,-0.452015,0.056797,0.094002,-0.196293,0.189583,0.307926,328.12,0.052279,4.6474,0.3902
5904,0.000155,0.189788,1321.38,1076.43,2718.75,0.738815,0.188235,-0.463846,0.015616,0.101842,-0.252530,0.155194,0.443722,140.62,0.060363,5.3576,0.3720
5909,0.000187,0.242202,1360.93,1078.28,2812.50,0.755381,0.152941,-0.919039,-0.041185,0.139368,0.075295,0.148170,0.597391,187.50,0.052109,4.6405,0.2988
5915,0.000215,0.210124,1321.69,1093.02,2765.62,0.672446,0.133333,-0.591547,0.360452,-0.164671,-0.158464,0.109583,0.444647,187.50,0.070491,6.7641,0.4031
5920,0.000202,0.277175,1214.45,1062.94,2718.75,0.660528,0.098039,-0.548189,0.233428,0.185368,-0.137602,-0.002503,0.269500,140.62,0.077414,6.6090,0.4278
5925,0.000213,0.146822,1077.85,1038.31,2578.12,0.582245,0.125490,-0.514402,0.361554,0.427825,-0.124190,-0.295330,0.144542,140.62,0.078082,6.5996,0.4997
5931,0.000270,0.254911,1209.80,1097.65,2718.75,0.642394,0.078431,-0.500459,0.069371,0.472139,-0.175373,-0.245682,0.380005,140.62,0.077252,6.2732,0.4298
5936,0.000436,0.324557,1095.61,1053.19,2625.00,0.638412,0.062745,-0.663002,0.359677,0.421838,0.048676,-0.314390,0.147200,140.62,0.094687,6.1514,0.4830
5941,0.000494,0.339278,831.40,958.01,2109.38,0.448216,0.101961,-0.829849,0.842552,0.825400,-0.172948,-0.487741,-0.177413,187.50,0.214050,11.6719,0.5839
5947,0.000523,0.234465,769.76,902.00,1828.12,0.456265,0.047059,-0.439222,0.818283,0.658977,-0.270725,-0.468419,-0.298894,187.50,0.279885,13.4534,0.6395
5952,0.000467,0.191026,666.21,783.89,1359.38,0.382244,0.023529,-0.065515,0.807630,0.552195,-0.198868,-0.439718,-0.655725,187.50,0.291465,12.7996,0.7148
5957,0.000677,0.165936,733.72,811.88,1500.00,0.419371,0.031373,-0.359267,0.611492,0.702272,0.023023,-0.465863,-0.511657,187.50,0.222728,10.1383,0.6491
5963,0.000635,0.301717,801.40,840.92,1687.50,0.484041,0.039216,-0.323879,0.357060,0.790918,-0.135178,-0.283324,-0.405598,375.00,0.257031,10.1652,0.5893
5968,0.000464,0.241221,649.78,778.20,1359.38,0.355236,0.039216,-0.134558,0.786474,0.891557,-0.344105,-0.669801,-0.529567,375.00,0.271250,9.5399,0.7162
5973,0.000516,0.101107,626.21,797.87,1125.00,0.347314,0.050980,0.040123,0.896411,0.732207,-0.239618,-0.824403,-0.604719,187.50,0.324787,13.5810,0.7655
5979,0.000533,0.134941,635.92,783.93,1312.50,0.362704,0.047059,0.187502,0.927170,0.542243,-0.309936,-0.631649,-0.715330,140.62,0.280693,12.7736,0.7740
5984,0.000607,0.263981,632.22,774.18,1265.62,0.373683,0.039216,0.298739,0.806995,0.660177,-0.425988,-0.544812,-0.795111,140.62,0.257576,10.7747,0.7726
5989,0.000627,0.156404,647.78,757.72,1312.50,0.397948,0.015686,0.266344,0.848271,0.551233,-0.411294,-0.348686,-0.905868,140.62,0.259106,11.0384,0.7658
5995,0.000692,0.275688,579.57,735.70,1078.12,0.340948,0.062745,0.368956,0.945426,0.510940,-0.387821,-0.547690,-0.889811,140.62,0.362255,13.7707,0.7983
6000,0.000815,0.253043,670.39,805.56,1359.38,0.421198,0.078431,0.420466,0.712595,0.102498,-0.096090,-0.460610,-0.678859,140.62,0.456267,15.1658,0.7570
6005,0.000883,0.203741,561.82,742.39,984.38,0.322696,0.027451,0.439792,1.014633,0.424922,-0.246025,-0.705080,-0.928242,140.62,0.469403,15.4357,0.8240
6011,0.000983,0.146185,532.00,734.32,984.38,0.307560,0.019608,0.593154,1.148991,0.428157,-0.302739,-0.859926,-1.007636,140.62,0.496986,17.3378,0.8587
6016,0.000903,0.211160,465.11,678.83,703.12,0.258655,0.015686,0.830301,1.237818,0.348455,-0.271475,-1.021757,-1.123342,140.62,0.581533,17.6941,0.8915
6021,0.000917,0.179371,463.01,648.53,750.00,0.246197,0.003922,0.733027,1.216668,0.562854,-0.376600,-0.988743,-1.147205,140.62,0.620919,16.8930,0.8852
6027,0.000789,0.169380,582.51,765.56,1125.00,0.365520,0.015686,0.662905,0.946960,0.211196,-0.223852,-0.689557,-0.907653,140.62,0.598309,15.9623,0.8325
6032,0.000831,0.112886,530.96,766.70,937.50,0.306640,0.035294,0.710051,1.172240,0.530563,-0.561431,-1.059352,-0.792071,140.62,0.507081,14.9246,0.8661
6037,0.000638,0.174683,555.14,787.64,984.38,0.317045,0.011765,0.599172,1.108911,0.625721,-0.464357,-1.074489,-0.794959,93.75,0.347073,11.8086,0.8568
6043,0.000466,0.109014,528.39,774.55,984.38,0.310061,0.070588,0.765026,1.093268,0.498811,-0.512878,-1.043996,-0.800229,93.75,0.397508,14.0640,0.8643
6048,0.000299,0.163026,643.68,859.60,1593.75,0.399137,0.113725,0.637249,1.026299,0.133992,-0.515805,-0.708777,-0.572958,140.62,0.331414,13.4943,0.8135
6053,0.000515,0.206920,878.14,937.18,2156.25,0.584230,0.109804,0.056465,0.604860,-0.093199,-0.014704,-0.377743,-0.175678,187.50,0.212058,9.6071,0.6473
6059,0.000449,0.162307,843.54,971.49,2203.12,0.508391,0.054902,0.286243,0.681976,-0.013508,-0.251790,-0.501606,-0.201315,93.75,0.192362,9.1665,0.6975
6064,0.000461,0.288167,820.23,964.57,2062.50,0.504124,0.027451,0.442586,0.671157,0.181298,-0.671766,-0.325489,-0.297786,93.75,0.260723,11.2726,0.7044
6069,0.000493,0.154372,742.54,912.23,1875.00,0.490299,0.047059,0.526695,0.840373,-0.062598,-0.457867,-0.395721,-0.450882,140.62,0.282304,14.6497,0.7515
6075,0.000295,0.189758,715.10,875.10,1781.25,0.444052,0.133333,0.472992,0.919921,-0.047849,-0.402023,-0.438601,-0.504440,140.62,0.298530,15.1169,0.7628
6080,0.000171,0.269435,803.87,881.64,1921.88,0.513230,0.184314,0.132221,0.609645,0.250564,-0.154863,-0.442771,-0.394795,140.62,0.202376,8.9614,0.6878
6085,0.000306,0.061448,879.66,950.59,2203.12,0.529841,0.070588,0.102214,0.417641,0.137024,0.036905,-0.441591,-0.252194,93.75,0.111760,7.6502,0.6472
6091,0.000404,0.286718,1028.63,989.05,2296.88,0.681551,0.035294,-0.314178,0.316200,-0.025371,0.126469,-0.016231,-0.086889,187.50,0.111062,6.4175,0.5131
6096,0.000147,0.257973,963.63,1023.33,2390.62,0.598443,0.152941,0.091621,0.526376,0.045297,-0.317594,-0.318815,-0.026886,140.62,0.167405,8.2390,0.6182
6101,0.000324,0.165930,1125.50,1067.01,2531.25,0.698907,0.086275,-0.040306,0.147008,0.028654,-0.197815,-0.154108,0.216566,140.62,0.106528,5.7546,0.5055
6107,0.000231,0.148156,1078.57,1059.75,2531.25,0.646752,0.050980,-0.219769,0.303157,0.190283,-0.061402,-0.412664,0.200395,281.25,0.085039,5.2523,0.5369
6112,0.000279,0.224739,902.71,978.86,2250.00,0.570718,0.066667,0.010130,0.383691,0.411198,-0.179441,-0.472876,-0.152703,93.75,0.116979,6.9398,0.6247
6117,0.000258,0.064596,864.02,970.25,2109.38,0.486606,0.086275,-0.016243,0.444883,0.511982,-0.271832,-0.383042,-0.285749,93.75,0.108281,8.4221,0.6338
6123,0.000434,0.258013,885.62,945.06,1968.75,0.536254,0.015686,-0.214367,0.251929,0.701971,-0.144984,-0.312949,-0.281599,375.00,0.108579,7.1248,0.5784
6128,0.000395,0.293312,816.71,880.58,1828.12,0.528084,0.039216,-0.215827,0.321310,0.674136,-0.017959,-0.323212,-0.438449,281.25,0.129319,6.5213,0.6067
6133,0.000418,0.202741,770.25,858.90,1734.38,0.471443,0.039216,-0.043868,0.360254,0.767959,-0.158556,-0.514810,-0.410979,375.00,0.157388,6.9476,0.6505
6139,0.000381,0.097707,785.28,862.30,1734.38,0.476942,0.039216,-0.052073,0.322341,0.741370,-0.138902,-0.455042,-0.417694,375.00,0.192921,9.4165,0.6391
6144,0.000423,0.159133,795.34,893.50,1875.00,0.478686,0.007843,-0.193549,0.431129,0.882556,-0.359115,-0.465268,-0.295754,375.00,0.184332,8.5777,0.6223
6149,0.000355,0.143654,734.99,858.23,1781.25,0.416721,0.023529,0.223852,0.519276,0.568339,-0.274479,-0.607846,-0.429142,375.00,0.178629,9.9144,0.7089
6155,0.000337,0.234812,693.65,806.11,1546.88,0.409950,0.066667,0.046764,0.460090,0.846937,-0.152080,-0.663886,-0.537824,375.00,0.161556,7.9914,0.7015
6160,0.000265,0.094008,783.21,882.19,1828.12,0.492232,0.035294,-0.078111,0.522173,0.687935,-0.198794,-0.507405,-0.425798,375.00,0.126599,7.7011,0.6657
6165,0.000252,0.173649,739.75,866.91,1687.50,0.433097,0.058824,-0.286167,0.819334,0.803643,-0.448647,-0.490046,-0.398118,234.38,0.136601,9.1087,0.6705
6171,0.000177,0.113900,693.60,799.84,1546.88,0.401087,0.121569,-0.193983,0.723548,0.821926,-0.229951,-0.586466,-0.535075,281.25,0.105214,8.2736,0.6954
6176,0.000196,0.177673,779.14,873.49,1828.12,0.474830,0.066667,-0.415615,0.647951,0.771399,-0.227292,-0.361606,-0.414836,281.25,0.087290,8.1453,0.6235
6181,0.000139,0.150778,768.86,876.67,1828.12,0.456344,0.137255,-0.126033,0.483433,0.765378,-0.192565,-0.495887,-0.434327,281.25,0.075938,7.4851,0.6556
6187,0.000152,0.161778,776.95,888.59,1828.12,0.453702,0.129412,-0.202147,0.487382,0.655759,0.111131,-0.646968,-0.405158,375.00,0.065799,7.2799,0.6612
6192,0.000139,0.152737,943.31,956.90,2250.00,0.538386,0.039216,-0.718737,0.090113,0.738489,0.270977,-0.306987,-0.073854,375.00,0.064155,7.8439,0.4691
6197,0.000122,0.263752,1001.19,959.32,2296.88,0.635474,0.105882,-0.554052,0.095059,0.554846,0.092075,-0.076547,-0.111382,328.12,0.058186,6.2130,0.4662
6203,0.000096,0.056127,996.98,977.08,2250.00,0.618855,0.184314,-0.420101,0.369063,0.451880,-0.071556,-0.232447,-0.096839,281.25,0.060331,8.6086,0.5347
6208,0.000121,0.187362,966.57,946.43,2109.38,0.582908,0.098039,-0.735860,0.359664,0.669480,-0.104163,-0.078741,-0.110381,281.25,0.043843,6.6710,0.4766
6213,0.000106,0.193110,1014.65,1007.47,2296.88,0.637879,0.090196,-0.458275,0.233414,0.551586,-0.087035,-0.307957,0.068267,375.00,0.047475,7.2000,0.5019
6219,0.000076,0.171620,1052.28,1039.33,2484.38,0.593894,0.235294,-0.641041,0.066887,0.710528,-0.000050,-0.338690,0.202365,328.12,0.052301,8.5995,0.4455
6224,0.000083,0.203990,1136.61,1037.11,2578.12,0.659205,0.227451,-0.678045,0.261903,0.385914,-0.000587,-0.201867,0.232682,281.25,0.042513,7.9911,0.4444
6229,0.000112,0.217842,1156.31,1041.52,2625.00,0.710560,0.219608,-0.650279,0.102337,0.400835,0.009552,-0.080241,0.217797,281.25,0.027210,5.3704,0.4151
6235,0.000157,0.336518,1268.38,983.11,2625.00,0.695304,0.098039,-1.035126,-0.039790,0.169533,-0.029342,0.685740,0.248985,1218.75,0.027720,4.5218,0.2680
6240,0.000122,0.354870,1208.79,821.64,2015.62,0.589578,0.168627,-0.873220,-0.100879,-0.168052,-0.056676,1.141799,0.057030,1218.75,0.059112,7.7945,0.2523
6245,0.000194,0.303268,1281.31,834.40,2250.00,0.620056,0.133333,-1.102092,-0.459362,0.124899,0.019920,1.246123,0.170512,1171.88,0.050322,5.4640,0.1841
6251,0.000194,0.335279,1157.39,848.03,1968.75,0.617969,0.133333,-1.083376,-0.271368,0.196890,0.429395,0.872708,-0.144249,1265.62,0.039910,3.5481,0.2608
6256,0.000172,0.314345,1197.09,787.66,1921.88,0.622040,0.090196,-1.145793,-0.291158,-0.043097,0.538433,1.044712,-0.103096,1265.62,0.062522,4.5615,0.2334
6261,0.000212,0.154067,1287.67,811.98,2062.50,0.669592,0.101961,-1.694752,-0.405288,0.002651,0.684368,1.205072,0.207948,1312.50,0.054153,4.4014,0.1472
6267,0.000336,0.305144,1216.28,811.51,1968.75,0.622687,0.086275,-1.002230,-0.645906,0.106688,0.511306,1.043989,-0.013847,1312.50,0.061251,4.4111,0.2077
6272,0.000504,0.342023,944.31,822.40,1687.50,0.517446,0.011765,-0.139563,0.263318,-0.034957,-0.010257,0.419222,-0.497764,140.62,0.121023,6.7937,0.5253
6277,0.001184,0.314226,823.12,867.85,1781.25,0.511268,0.015686,0.420787,0.674025,-0.404602,-0.259101,0.098822,-0.529931,140.62,0.253830,12.0382,0.6820
6283,0.000979,0.481320,685.33,827.55,1453.12,0.423907,0.003922,0.557614,0.755561,0.028861,-0.368131,-0.131060,-0.842846,93.75,0.459395,12.1790,0.7583
6288,0.000939,0.265319,655.50,787.94,1359.38,0.415084,0.031373,0.576809,0.700993,0.026334,-0.139332,-0.193200,-0.971603,93.75,0.642291,13.2883,0.7723
6293,0.001091,0.150492,601.26,757.84,1218.75,0.346527,0.003922,0.669842,0.889167,0.009624,-0.235238,-0.335884,-0.997511,93.75,0.616659,14.5702,0.8094
6299,0.001057,0.174853,659.03,853.54,1406.25,0.417549,0.015686,0.624739,0.836996,0.110233,-0.388374,-0.507875,-0.675719,93.75,0.622018,14.3152,0.7896
6304,0.000913,0.209518,670.66,855.19,1500.00,0.410859,0.015686,0.577421,0.947314,-0.044673,-0.358188,-0.484224,-0.637651,140.62,0.584009,12.5584,0.7897
6309,0.001168,0.367300,863.52,911.20,1921.88,0.587229,0.023529,-0.007571,0.458951,0.248713,-0.090897,-0.200944,-0.408253,93.75,0.478702,7.9913,0.6296
6315,0.001313,0.112741,747.77,821.09,1593.75,0.467067,0.019608,0.176677,0.484275,0.206557,0.187061,-0.341274,-0.713295,93.75,0.545039,9.2127,0.7022
6320,0.001312,0.237636,576.96,749.66,1078.12,0.344204,0.003922,0.731887,1.037761,-0.243792,-0.000199,-0.502104,-1.023553,140.62,0.763006,15.9799,0.8386
6325,0.001353,0.104345,507.55,717.60,937.50,0.233932,0.023529,1.060248,1.305928,-0.666304,0.106900,-0.708678,-1.098094,140.62,0.905852,22.6836,0.8896
6331,0.001208,0.339235,627.61,767.14,1218.75,0.405009,0.007843,0.581011,0.897064,-0.143147,0.053174,-0.546990,-0.841114,140.62,0.794354,14.1541,0.8074
6336,0.001382,0.388445,774.94,842.73,1734.38,0.485855,0.007843,0.076326,0.456226,0.332308,0.144017,-0.460742,-0.548136,93.75,0.644123,8.6719,0.6837
6341,0.001821,0.079789,725.58,819.76,1546.88,0.465136,0.003922,0.204393,0.561766,0.252556,0.096785,-0.464435,-0.651065,93.75,0.700429,9.8449,0.7193
6347,0.001629,0.299571,619.26,759.46,1125.00,0.337747,0.015686,0.582235,0.962858,-0.312527,0.125294,-0.466635,-0.891225,140.62,0.855858,12.9300,0.8102
6352,0.001724,0.270532,671.66,771.60,1453.12,0.449666,0.003922,0.442227,0.699102,0.031366,0.025796,-0.389944,-0.808547,93.75,0.954532,12.0581,0.7631
6357,0.001983,0.103829,527.58,711.11,1031.25,0.336697,0.003922,0.790677,1.019095,-0.054372,-0.033536,-0.645969,-1.075895,93.75,1.050683,15.4880,0.8539
6363,0.001609,0.082168,405.65,631.92,703.12,0.229964,0.007843,1.130194,1.244577,0.246107,-0.139126,-1.144503,-1.337249,93.75,1.155736,19.6696,0.9190
6368,0.001754,0.267314,574.32,785.67,1218.75,0.386881,0.015686,0.790712,1.018174,-0.078804,-0.268588,-0.662043,-0.799451,93.75,1.063564,14.6736,0.8369
6373,0.001635,0.371175,795.78,879.54,1828.12,0.544769,0.015686,0.174823,0.448601,0.249164,-0.051376,-0.287974,-0.533239,93.75,0.990189,10.3138,0.6731
6379,0.001956,0.069135,796.87,876.92,1781.25,0.535306,0.011765,0.231853,0.513137,0.106776,-0.123266,-0.192808,-0.535692,93.75,0.988422,10.9130,0.6763
6384,0.001501,0.243688,583.61,769.75,1265.62,0.324966,0.007843,0.718183,1.086395,-0.201458,-0.269979,-0.511064,-0.822077,140.62,1.011661,14.8740,0.8276
6389,0.001620,0.222269,647.76,819.33,1500.00,0.461348,0.003922,0.577413,0.853422,0.023030,-0.277669,-0.464507,-0.711690,93.75,0.994349,13.8917,0.7864
6395,0.001719,0.038678,494.21,711.68,984.38,0.313660,0.003922,0.933658,1.158015,-0.063400,-0.264571,-0.775867,-0.987835,93.75,0.999477,17.1347,0.8730
6400,0.001174,0.137525,454.14,690.75,890.62,0.269945,0.003922,1.034813,1.130116,0.172876,-0.428476,-0.786595,-1.122735,93.75,1.047600,19.5042,0.8846
6405,0.001361,0.150260,549.35,784.83,1218.75,0.383380,0.011765,0.864385,0.907431,0.123250,-0.459036,-0.583513,-0.852517,93.75,0.999436,16.9229,0.8326
6411,0.000882,0.100512,445.68,687.71,937.50,0.272451,0.019608,1.100781,1.260550,-0.008965,-0.579692,-0.680634,-1.092038,93.75,0.859014,18.9009,0.8877
6416,0.000752,0.041160,415.11,653.20,843.75,0.227207,0.039216,1.137516,1.355609,0.084018,-0.672604,-0.831196,-1.073343,93.75,0.700121,20.2337,0.9001
6421,0.000513,0.063256,456.30,702.06,937.50,0.266777,0.035294,1.161204,1.272716,-0.313966,-0.471691,-0.704954,-0.943309,93.75,0.558748,19.0181,0.8850
6427,0.000277,0.163536,622.56,798.67,1312.50,0.403931,0.054902,0.670050,0.870165,-0.139221,-0.187535,-0.358440,-0.855019,93.75,0.413058,15.3586,0.7985
6432,0.000356,0.091988,671.22,817.07,1359.38,0.398682,0.011765,0.567951,0.668887,-0.139986,0.153735,-0.507329,-0.743259,93.75,0.253967,12.5189,0.7762
6437,0.000298,0.175854,839.13,834.92,1734.38,0.539603,0.047059,0.046973,0.214133,-0.084917,0.482092,-0.241537,-0.416744,93.75,0.173298,9.7590,0.6129
6443,0.000482,0.204627,758.70,834.68,1500.00,0.460345,0.035294,0.275417,0.419562,-0.010268,0.463109,-0.551006,-0.596814,93.75,0.166495,9.2359,0.7153
6448,0.000381,0.235411,711.45,798.82,1265.62,0.427058,0.011765,0.215703,0.597976,0.166308,0.432798,-0.607905,-0.804879,140.62,0.188386,9.0355,0.7527
6453,0.000472,0.265508,714.60,792.56,1406.25,0.427612,0.035294,-0.105412,0.528345,0.505020,0.332162,-0.413224,-0.846891,93.75,0.193909,8.1463,0.6988
6459,0.000448,0.159520,645.73,731.86,1218.75,0.379624,0.027451,0.268094,0.635804,0.219103,0.392896,-0.472866,-1.043031,93.75,0.191548,8.3946,0.7703
6464,0.000585,0.227283,692.34,772.26,1359.38,0.414398,0.003922,-0.017532,0.492349,0.519219,0.336542,-0.520961,-0.809617,234.38,0.151519,6.1823,0.7115
6469,0.000520,0.164160,593.75,747.71,1125.00,0.345373,0.023529,0.549561,0.702606,0.320783,0.195176,-0.813536,-0.954590,93.75,0.255972,11.1773,0.8191
6475,0.000532,0.233540,520.77,698.52,937.50,0.301227,0.043137,0.829980,0.994546,-0.108702,0.125941,-0.723946,-1.117819,93.75,0.331328,14.3753,0.8621
6480,0.000574,0.130539,620.08,797.66,1500.00,0.377694,0.015686,0.569059,0.799109,0.116889,-0.271786,-0.366833,-0.846438,93.75,0.322478,15.5290,0.7843
6485,0.000522,0.178505,506.39,720.25,1031.25,0.290512,0.066667,0.915319,1.058467,0.014570,-0.224425,-0.738856,-1.025074,93.75,0.336082,15.3547,0.8663
6491,0.000494,0.102994,505.68,709.70,843.75,0.313611,0.011765,0.749812,0.978740,0.312576,-0.192548,-0.886225,-0.962354,93.75,0.334403,16.5399,0.8568
6496,0.000427,0.158396,487.46,691.98,796.88,0.277653,0.035294,0.926970,1.047504,0.085282,-0.079264,-0.899933,-1.080560,93.75,0.319913,15.4929,0.8784
6501,0.000244,0.113553,556.80,725.52,984.38,0.314353,0.031373,0.684221,0.857255,0.275081,0.041300,-0.866464,-0.991394,93.75,0.280020,14.6775,0.8455
6507,0.000288,0.099049,627.20,802.33,1359.38,0.353161,0.054902,0.640905,0.813025,0.059292,-0.017416,-0.712484,-0.783320,140.62,0.188591,12.0859,0.8138
6512,0.000398,0.184303,740.06,833.41,1546.88,0.442234,0.015686,0.115506,0.529336,0.341919,0.204721,-0.556841,-0.634641,140.62,0.168215,11.7483,0.7147
6517,0.000757,0.276011,752.08,852.66,1500.00,0.475310,0.019608,0.181331,0.550647,0.321067,0.110883,-0.554588,-0.609341,140.62,0.206286,11.1517,0.7207
6523,0.000305,0.312743,535.15,769.48,937.50,0.313550,0.043137,0.751620,1.166714,0.210572,-0.376785,-0.911765,-0.840357,140.62,0.338026,15.6206,0.8624
6528,0.000369,0.210591,488.32,760.73,843.75,0.287921,0.039216,0.916499,1.205860,0.437716,-0.760363,-0.966555,-0.833157,93.75,0.288305,13.1693,0.8766
6533,0.000520,0.113657,632.64,834.85,1546.88,0.413731,0.019608,0.550307,0.767500,0.262455,-0.505394,-0.403530,-0.671339,187.50,0.121836,6.9402,0.7679
6539,0.000325,0.245591,569.50,800.74,1312.50,0.341798,0.047059,0.796882,1.100538,-0.017248,-0.588903,-0.585684,-0.705586,93.75,0.224663,12.8247,0.8312
6544,0.000541,0.249967,717.20,853.85,1687.50,0.495741,0.019608,0.247920,0.757568,0.176231,-0.231526,-0.352893,-0.597301,93.75,0.230016,11.5093,0.7267
6549,0.000141,0.146277,551.26,777.53,1265.62,0.332985,0.090196,0.885311,1.099153,-0.110202,-0.530443,-0.566518,-0.777303,93.75,0.251012,14.4113,0.8408
6555,0.000241,0.107981,604.84,807.04,1406.25,0.395517,0.078431,0.770416,0.936967,-0.011826,-0.536272,-0.362282,-0.797003,93.75,0.205047,13.2377,0.8074
6560,0.000307,0.033261,673.36,887.11,1640.62,0.431269,0.027451,0.583209,0.774587,0.100995,-0.483056,-0.458693,-0.517041,93.75,0.110836,10.7441,0.7626
6565,0.000103,0.226323,626.66,888.20,1640.62,0.389332,0.168627,0.926564,1.044969,-0.201141,-0.646181,-0.697485,-0.426726,140.62,0.144026,13.9192,0.8246
6571,0.000155,0.219496,803.51,941.47,1921.88,0.525882,0.098039,0.347378,0.652604,0.005708,-0.279383,-0.373472,-0.352835,93.75,0.106107,10.2145,0.7033
6576,0.000077,0.086432,802.15,926.68,1921.88,0.508482,0.227451,0.094821,0.667630,0.303789,-0.233375,-0.479688,-0.353177,93.75,0.062323,8.1598,0.6895
6581,0.000113,0.129774,1012.19,1075.73,2578.12,0.602474,0.188235,0.209933,0.582019,-0.176949,-0.258489,-0.466621,0.110108,140.62,0.054761,9.8094,0.6397
6587,0.000088,0.238134,1077.47,1031.32,2531.25,0.618288,0.219608,-0.350616,0.192912,0.389298,-0.069097,-0.219636,0.057137,140.62,0.028722,5.6093,0.5006
6592,0.000088,0.276548,1056.68,988.98,2343.75,0.644320,0.196078,-0.444345,0.245486,0.217228,0.097021,-0.076810,-0.038579,281.25,0.046683,7.7579,0.4896
6597,0.000106,0.161709,1198.01,1037.09,2578.12,0.714530,0.137255,-0.715667,0.131353,0.402180,-0.159803,0.040278,0.301658,281.25,0.043748,8.0364,0.3862
6603,0.000097,0.229972,1263.59,1027.06,2625.00,0.717234,0.196078,-0.931130,-0.369629,0.603024,-0.006994,0.217149,0.487580,328.12,0.044890,8.1421,0.2684
6608,0.000086,0.315255,1184.87,1021.78,2578.12,0.670124,0.239216,-0.555096,-0.401022,0.329628,0.399195,-0.108747,0.336041,375.00,0.034140,5.4704,0.3562
6613,0.000150,0.184673,1217.80,1087.80,2718.75,0.672927,0.086275,-0.472083,-0.062199,0.335543,0.133978,-0.304238,0.368998,93.75,0.026673,4.4848,0.4257
6619,0.000480,0.394093,1113.68,1048.24,2578.12,0.640430,0.023529,-0.153523,0.289727,0.060932,-0.146779,-0.167551,0.117194,93.75,0.052330,6.3291,0.5233
6624,0.000922,0.560459,761.94,908.60,1921.88,0.497227,0.011765,0.376553,0.790685,-0.018795,-0.321579,-0.464152,-0.362711,93.75,0.181157,9.9016,0.7305
6629,0.000368,0.356728,560.60,812.87,1218.75,0.321568,0.023529,0.886509,1.222930,-0.222739,-0.372469,-0.940027,-0.574205,140.62,0.412241,16.6039,0.8596
6635,0.000820,0.258355,631.94,847.60,1453.12,0.412572,0.003922,0.692556,0.937953,-0.041501,-0.324273,-0.719995,-0.544740,93.75,0.421404,14.2425,0.8096
6640,0.000367,0.031480,549.05,797.79,1171.88,0.319368,0.027451,0.928572,1.074262,-0.121292,-0.303597,-0.951609,-0.626336,93.75,0.420623,17.0320,0.8570
6645,0.000537,0.210635,639.73,835.24,1453.12,0.419080,0.027451,0.680280,0.786328,-0.077740,-0.044539,-0.667292,-0.677036,93.75,0.328137,12.6015,0.8031
6651,0.000463,0.132485,742.41,877.67,1734.38,0.487911,0.007843,0.264513,0.597717,0.122608,-0.112226,-0.428743,-0.443869,140.62,0.181171,7.7549,0.7042
6656,0.000390,0.219033,532.75,781.65,1171.88,0.332651,0.011765,0.901539,1.139752,-0.076514,-0.502908,-0.772640,-0.689229,140.62,0.283119,13.9960,0.8522
6661,0.000461,0.075205,528.76,793.60,1078.12,0.305511,0.019608,0.965275,1.175548,0.293264,-0.857960,-0.803283,-0.772844,93.75,0.254757,17.7990,0.8651
6667,0.000513,0.372810,759.94,871.92,1781.25,0.522278,0.070588,0.385137,0.663164,0.055249,-0.276918,-0.323897,-0.502734,93.75,0.207143,10.5241,0.7186
6672,0.000585,0.419846,899.17,914.04,2015.62,0.641213,0.019608,-0.124783,0.441101,0.040612,0.005787,-0.091841,-0.270877,187.50,0.219143,7.3186,0.5841
6677,0.000546,0.184691,637.62,847.77,1500.00,0.374324,0.011765,0.659942,0.909950,-0.101844,-0.366105,-0.557288,-0.544655,93.75,0.272564,10.7373,0.7918
6683,0.000326,0.212624,723.96,861.88,1687.50,0.480591,0.125490,0.349003,0.610047,0.084998,-0.280652,-0.249250,-0.514146,93.75,0.234669,9.6458,0.7029
6688,0.000328,0.077723,719.88,845.06,1687.50,0.477794,0.003922,0.331369,0.541083,0.128160,-0.096523,-0.375882,-0.528208,93.75,0.206021,9.4252,0.7085
6693,0.000234,0.105725,596.90,804.95,1312.50,0.366370,0.066667,0.569686,0.854511,0.331261,-0.378658,-0.732114,-0.644687,93.75,0.185275,11.0287,0.8023
6699,0.000289,0.110554,669.90,838.05,1406.25,0.429495,0.086275,0.336333,0.647852,0.377998,-0.183371,-0.533108,-0.645703,187.50,0.116752,8.5593,0.7468
6704,0.000211,0.109114,657.04,832.02,1406.25,0.407674,0.129412,0.360214,0.712789,0.484928,-0.387476,-0.556145,-0.614310,93.75,0.101501,7.6666,0.7543
6709,0.000191,0.220829,847.24,906.37,1875.00,0.554140,0.070588,0.031528,0.281510,0.236798,0.016083,-0.198198,-0.367721,187.50,0.069237,5.2204,0.6081
6715,0.000284,0.072944,791.26,914.62,1921.88,0.536417,0.094118,0.278953,0.484456,0.133755,-0.134361,-0.366556,-0.396248,93.75,0.102838,9.5159,0.6820
6720,0.000398,0.326548,611.86,830.03,1406.25,0.348358,0.035294,0.593278,0.994628,0.322463,-0.529287,-0.945439,-0.435642,140.62,0.145291,13.2601,0.8153
6725,0.000347,0.214779,604.21,845.83,1406.25,0.344997,0.047059,0.690752,1.110262,0.238982,-0.576193,-0.974163,-0.489640,140.62,0.213933,18.5275,0.8365
6731,0.000299,0.230607,597.91,810.78,1453.12,0.340440,0.066667,0.628539,1.169451,0.008987,-0.412012,-0.674291,-0.720674,140.62,0.231254,18.1558,0.8315
6736,0.000213,0.259104,651.66,781.08,1500.00,0.390499,0.094118,0.393584,0.829066,0.380687,-0.255239,-0.513914,-0.834184,140.62,0.200236,14.0028,0.7834
6741,0.000143,0.049520,621.21,794.49,1406.25,0.385063,0.129412,0.603046,0.902265,0.171861,-0.326235,-0.573995,-0.776943,140.62,0.161765,14.4435,0.8066
6747,0.000319,0.199220,831.26,924.84,2015.62,0.552028,0.054902,0.295245,0.661716,-0.071660,-0.234750,-0.321978,-0.328573,93.75,0.098628,9.9707,0.6908
6752,0.000213,0.386194,909.96,919.81,2109.38,0.635088,0.078431,-0.181616,0.481511,0.124858,-0.052554,-0.128097,-0.244103,187.50,0.104998,6.7223,0.5832
6757,0.000129,0.117997,768.03,895.75,1921.88,0.485104,0.094118,0.155739,0.871755,0.048442,-0.309991,-0.434772,-0.331173,187.50,0.148608,12.5224,0.7103
6763,0.000114,0.049244,847.03,945.03,2109.38,0.525673,0.152941,-0.416070,0.849568,0.383811,-0.281389,-0.383348,-0.152572,187.50,0.099874,13.2772,0.6189
6768,0.000098,0.124848,1001.52,1007.45,2390.62,0.571072,0.188235,-1.056677,0.610717,0.711336,-0.182695,-0.156792,0.074110,234.38,0.059971,10.7764,0.4547
6773,0.000090,0.191210,1055.66,1004.22,2343.75,0.635617,0.192157,-0.982323,0.386529,0.666716,0.015982,-0.196097,0.109193,234.38,0.046542,8.7000,0.4367
6779,0.000108,0.234002,1059.66,1035.55,2531.25,0.623599,0.200000,-0.724561,0.339343,0.460848,0.019855,-0.238631,0.143145,234.38,0.039890,7.3162,0.4638
6784,0.000087,0.252469,1018.61,1064.40,2625.00,0.543199,0.231373,-0.121427,0.413815,0.281931,-0.225767,-0.412700,0.064149,328.12,0.033783,6.2531,0.5794
6789,0.000120,0.245114,1024.26,1052.16,2578.12,0.599811,0.160784,-0.052549,0.405233,0.108231,-0.012948,-0.447912,-0.000054,93.75,0.036729,6.6481,0.5988
6795,0.000062,0.176865,1086.49,1069.70,2671.88,0.636794,0.278431,-0.192650,0.298152,0.362153,-0.296947,-0.363114,0.192407,93.75,0.035985,6.6005,0.5345
6800,0.000089,0.219420,1031.93,1059.08,2578.12,0.611312,0.223529,-0.206710,0.429489,0.377970,-0.319544,-0.403175,0.121968,328.12,0.035225,6.1300,0.5627
6805,0.000075,0.104140,1031.90,1001.14,2390.62,0.626057,0.243137,-0.604964,0.112424,0.476129,0.245131,-0.302605,0.073885,328.12,0.031499,7.2087,0.4671
6811,0.000082,0.166663,980.32,960.46,2250.00,0.591073,0.250980,-1.030555,0.296094,0.788909,0.124538,-0.183006,0.004021,328.12,0.033125,8.2759,0.4310
6816,0.000070,0.202306,1046.41,957.05,2390.62,0.645446,0.290196,-0.653429,-0.060369,0.584911,0.260127,-0.206204,0.074963,328.12,0.030791,7.9910,0.4277
6821,0.000085,0.196037,1055.02,1005.22,2484.38,0.594088,0.113725,-0.816685,0.144598,0.701658,0.071279,-0.242845,0.141995,328.12,0.034090,8.8727,0.4291
6827,0.000087,0.208947,1220.23,1029.22,2578.12,0.671046,0.223529,-1.433419,-0.116251,0.861465,-0.064927,0.215560,0.537571,328.12,0.042272,11.2932,0.2402
6832,0.000096,0.193300,1154.60,1008.82,2484.38,0.610660,0.184314,-1.461113,-0.224567,0.975647,0.044652,0.216397,0.448985,328.12,0.047420,11.9469,0.2359
6837,0.000077,0.324743,1125.32,1025.51,2531.25,0.647395,0.282353,-0.792070,-0.390016,0.781898,0.037774,0.055351,0.307064,375.00,0.041999,9.1133,0.3160
6843,0.000069,0.247952,1127.55,937.45,2296.88,0.676834,0.282353,-1.074353,-0.695348,0.711118,0.468353,0.410544,0.179686,375.00,0.038554,7.4218,0.2351
6848,0.000077,0.120588,1219.39,981.92,2531.25,0.690264,0.227451,-0.884563,-0.400941,0.432414,0.276610,0.240178,0.336300,328.12,0.026553,6.9143,0.2827
6853,0.000098,0.265243,1216.00,1040.31,2625.00,0.682514,0.184314,-0.570808,-0.079782,0.330077,0.039691,-0.122633,0.403455,328.12,0.024457,5.8438,0.3856
6859,0.000081,0.285046,1149.10,1096.95,2718.75,0.648424,0.286275,-0.775464,0.141726,0.619014,0.096213,-0.359882,0.278393,281.25,0.038209,8.0548,0.4314
6864,0.000113,0.183458,1143.58,1108.34,2671.88,0.628944,0.160784,-1.024697,0.285163,0.734238,0.044449,-0.366947,0.327796,281.25,0.041879,8.7876,0.4133
6869,0.000158,0.239313,1095.49,1060.03,2531.25,0.610336,0.098039,-0.972600,0.603493,0.567441,-0.179797,-0.254905,0.236370,281.25,0.045203,9.3486,0.4563
6875,0.000094,0.342487,968.79,1048.87,2437.50,0.510587,0.168627,-0.783761,0.839669,0.747158,-0.492712,-0.434430,0.124077,234.38,0.065318,10.0085,0.5457
6880,0.000108,0.179178,953.63,1036.89,2484.38,0.532135,0.176471,-0.526292,0.619040,0.719121,-0.303981,-0.591571,0.083683,328.12,0.051668,8.3604,0.5745
6885,0.000084,0.128006,986.71,1018.95,2343.75,0.565396,0.184314,-0.907284,0.578084,0.807439,-0.159154,-0.426336,0.107250,234.38,0.042203,8.4258,0.4987
6891,0.000099,0.163459,1005.22,998.26,2296.88,0.553694,0.176471,-1.367451,0.431170,0.817072,0.241053,-0.300801,0.178958,234.38,0.046951,10.2228,0.3996
6896,0.000075,0.221012,1005.33,995.62,2343.75,0.575448,0.219608,-1.216468,0.560553,0.784687,-0.079495,-0.160220,0.110943,234.38,0.040358,9.1229,0.4247
6901,0.000078,0.227749,1068.14,1017.75,2531.25,0.569143,0.192157,-1.133057,0.116531,0.914690,-0.018346,-0.122622,0.242802,328.12,0.031904,7.2896,0.3616
6907,0.000079,0.201032,1137.47,1029.83,2625.00,0.661847,0.203922,-1.004443,0.118733,0.646732,0.051438,-0.121233,0.308775,328.12,0.024259,5.4711,0.3690
6912,0.000093,0.219810,1197.26,1040.44,2671.88,0.667308,0.141176,-1.338893,0.154108,0.810455,-0.083111,-0.025643,0.483084,328.12,0.035097,7.8489,0.3055
6917,0.000060,0.180950,1060.50,1006.57,2437.50,0.603121,0.352941,-1.261980,0.247592,0.839179,0.150645,-0.281029,0.305594,328.12,0.041467,9.3536,0.3730
6923,0.000082,0.149676,1124.46,1038.05,2578.12,0.631399,0.168627,-1.306335,0.245511,0.824087,0.155432,-0.282556,0.363864,281.25,0.028892,7.2915,0.3610
6928,0.000099,0.202306,1262.87,1070.05,2671.88,0.639448,0.121569,-1.555887,-0.098767,0.749228,0.379463,-0.103823,0.629785,328.12,0.022868,5.9396,0.2516
6933,0.000091,0.275483,1151.73,1020.77,2484.38,0.625592,0.113725,-1.829541,-0.068908,1.023771,0.332275,-0.042741,0.585144,328.12,0.048088,10.6933,0.2279
6939,0.000070,0.151497,1206.21,1105.97,2765.62,0.600442,0.250980,-1.806372,0.250733,1.030344,0.040065,-0.108085,0.593315,328.12,0.048403,11.3141,0.2649
6944,0.000061,0.240036,1233.22,1095.58,2718.75,0.677810,0.341176,-0.984152,0.090088,0.567657,0.102109,-0.210578,0.434878,328.12,0.032676,7.6194,0.3637
6949,0.000095,0.179771,1266.15,1086.02,2718.75,0.685083,0.180392,-0.519632,-0.130075,0.396944,-0.182544,-0.066506,0.501813,328.12,0.025165,6.6451,0.3676
6955,0.000073,0.272878,1075.31,1033.80,2531.25,0.586053,0.254902,-0.890442,0.331352,0.665343,-0.033895,-0.296524,0.224166,328.12,0.030461,7.7142,0.4395
6960,0.000066,0.270828,1108.84,1048.59,2625.00,0.622558,0.235294,-0.923958,0.436946,0.566408,-0.032933,-0.313376,0.266913,281.25,0.041381,8.8468,0.4452
6965,0.000089,0.130360,1279.19,1076.41,2718.75,0.729989,0.192157,-0.763348,0.039772,0.383446,-0.089991,0.013162,0.416958,281.25,0.028288,7.3855,0.3597
6971,0.000083,0.250994,1128.08,1023.47,2484.38,0.661623,0.207843,-0.691155,0.165977,0.358289,-0.048483,0.069039,0.146335,281.25,0.027888,6.6259,0.4085
6976,0.000095,0.301706,1066.40,928.06,2343.75,0.627362,0.121569,-1.241015,0.109744,0.648082,0.266256,0.123249,0.093683,281.25,0.035922,7.4245,0.3376
6981,0.000063,0.219345,1025.77,981.59,2390.62,0.603698,0.313726,-1.062522,0.260722,0.867002,-0.133760,-0.148377,0.216934,281.25,0.040737,9.1428,0.3929
6987,0.000089,0.234596,1376.44,1097.86,2718.75,0.724157,0.243137,-0.944348,0.159478,0.571277,-0.514213,-0.046871,0.774676,281.25,0.029264,6.0692,0.3194
6992,0.000099,0.253672,1764.15,1012.37,2812.50,0.752783,0.192157,-1.698595,-0.540921,0.391305,-0.096214,0.557865,1.386558,2484.38,0.024216,5.1328,0.1099
6997,0.000164,0.333062,1648.69,1027.06,2671.88,0.674736,0.066667,-1.636843,-0.389069,0.342326,-0.018366,0.469540,1.232412,2484.38,0.029650,4.6952,0.1342
7003,0.000245,0.343672,1386.42,1059.34,2578.12,0.676160,0.094118,-1.483890,0.240502,0.464464,-0.222289,0.282966,0.718247,234.38,0.052441,6.2161,0.2456
7008,0.000365,0.368310,943.12,953.74,2156.25,0.552844,0.086275,-0.616198,0.592934,0.554170,-0.266086,-0.146706,-0.118114,234.38,0.107426,10.2671,0.5302
7013,0.000369,0.374110,733.99,809.05,1687.50,0.442356,0.058824,-0.280686,0.661754,0.705358,0.043501,-0.542517,-0.587410,234.38,0.160544,10.6820,0.6804
7019,0.000517,0.263512,660.29,791.63,1593.75,0.369687,0.039216,-0.274573,0.884727,0.785486,-0.190420,-0.574872,-0.630348,187.50,0.187256,11.5412,0.7125
7024,0.000528,0.207454,631.84,779.38,1500.00,0.318738,0.023529,-0.471216,0.964966,0.937090,-0.274080,-0.663760,-0.493000,187.50,0.264770,15.7031,0.6954
7029,0.000481,0.244846,596.52,764.41,937.50,0.287797,0.015686,-0.416717,1.078685,1.040043,-0.150253,-1.026242,-0.525517,187.50,0.311314,15.1065,0.7515
7035,0.000351,0.095969,669.71,820.33,1687.50,0.322690,0.035294,-0.521782,1.045987,0.792303,-0.166763,-0.749090,-0.400655,187.50,0.322465,16.7540,0.6978
7040,0.000311,0.167099,729.78,844.98,1875.00,0.369145,0.047059,-0.404973,0.850173,0.613229,0.056617,-0.712729,-0.402319,187.50,0.257947,13.5549,0.6857
7045,0.000386,0.163125,783.82,853.69,1875.00,0.391414,0.031373,-0.205045,0.462489,0.541834,0.269549,-0.677015,-0.391812,140.62,0.162568,10.1973,0.6600
7051,0.000380,0.221559,682.32,793.02,1640.62,0.373998,0.047059,-0.126431,0.695078,0.808642,-0.120648,-0.669445,-0.587197,140.62,0.155615,9.2097,0.7135
7056,0.000458,0.202174,692.94,798.82,1593.75,0.360045,0.031373,-0.237972,0.442323,0.892297,0.044037,-0.652695,-0.487990,375.00,0.191793,10.9925,0.6621
7061,0.000504,0.179214,651.66,799.17,1453.12,0.355940,0.047059,-0.048379,0.776899,0.770691,-0.252752,-0.622588,-0.623871,187.50,0.204888,11.2355,0.7286
7067,0.000469,0.209348,681.02,836.68,1640.62,0.375722,0.047059,-0.115358,0.891080,0.639865,-0.250245,-0.672426,-0.492917,187.50,0.284189,14.8534,0.7252
7072,0.000471,0.084153,676.76,846.91,1687.50,0.340229,0.011765,-0.076873,1.005308,0.489261,-0.296229,-0.629124,-0.492342,187.50,0.308370,17.6116,0.7359
7077,0.000493,0.141920,685.38,845.65,1687.50,0.357748,0.047059,-0.063989,0.983340,0.511806,-0.392674,-0.517684,-0.520798,187.50,0.291338,17.1450,0.7269
7083,0.000546,0.140691,658.07,816.94,1734.38,0.343375,0.023529,0.164587,1.043167,0.480008,-0.683639,-0.388327,-0.615795,187.50,0.287951,16.3515,0.7514
7088,0.000534,0.166756,674.18,844.61,1781.25,0.372911,0.015686,0.237281,1.019436,0.407446,-0.692913,-0.501785,-0.469465,187.50,0.289805,15.4662,0.7529
7093,0.000526,0.135636,599.25,784.85,1265.62,0.327645,0.031373,0.267088,1.061796,0.420652,-0.323966,-0.778360,-0.647212,187.50,0.317235,16.0488,0.7985
7099,0.000629,0.144057,576.97,759.16,1078.12,0.307256,0.019608,0.144749,1.056824,0.447404,-0.073329,-0.814983,-0.760664,187.50,0.356144,17.7182,0.8004
7104,0.000617,0.097949,590.80,774.10,1078.12,0.279699,0.027451,0.121101,1.055272,0.442108,-0.029284,-0.866379,-0.722818,187.50,0.381862,18.7258,0.7994
7109,0.000642,0.134312,575.75,752.87,1078.12,0.258425,0.007843,0.193915,1.063520,0.512029,-0.091596,-0.964013,-0.713855,187.50,0.378253,17.0531,0.8127
7115,0.000727,0.163176,559.05,750.45,1078.12,0.282415,0.023529,0.435726,1.087992,0.452837,-0.241675,-1.051443,-0.683439,187.50,0.366837,16.0194,0.8361
7120,0.000755,0.183162,557.28,720.69,1078.12,0.299512,0.003922,0.272051,1.029149,0.579536,-0.226743,-0.775613,-0.878381,187.50,0.395299,15.1694,0.8142
7125,0.000732,0.228321,590.05,756.99,1453.12,0.295079,0.015686,0.391279,0.958008,0.474114,-0.218117,-0.721270,-0.884014,140.62,0.423837,15.2541,0.8142
7131,0.000676,0.098613,629.26,792.07,1687.50,0.311105,0.047059,0.341878,0.883800,0.472581,-0.292282,-0.665811,-0.740167,140.62,0.399348,14.6238,0.7885
7136,0.000618,0.206602,632.90,775.26,1593.75,0.356614,0.035294,0.107350,0.899580,0.547729,-0.225397,-0.641308,-0.687954,187.50,0.376036,13.0803,0.7628
7141,0.000557,0.173894,655.08,759.83,1593.75,0.397654,0.039216,0.207713,0.891850,0.292150,-0.220958,-0.318670,-0.852085,140.62,0.395302,13.2820,0.7568
7147,0.000545,0.117608,635.38,796.24,1453.12,0.362478,0.031373,0.251421,0.836716,0.566869,-0.287238,-0.719565,-0.648203,140.62,0.354887,13.2233,0.7735
7152,0.000410,0.093712,686.47,862.19,1734.38,0.414999,0.047059,0.316533,0.828184,0.467609,-0.379005,-0.756191,-0.477130,140.62,0.316389,13.1123,0.7666
7157,0.000348,0.067634,686.01,860.01,1734.38,0.399277,0.047059,0.319706,0.844234,0.469975,-0.358621,-0.789734,-0.485561,140.62,0.266080,13.0128,0.7720
7163,0.000225,0.101626,703.41,876.66,1828.12,0.384025,0.133333,0.229194,0.956161,0.604065,-0.844009,-0.597122,-0.348289,140.62,0.190470,12.0443,0.7437
7168,0.000211,0.208924,732.12,904.81,1921.88,0.404387,0.023529,0.029540,0.856863,0.758722,-0.491907,-0.849316,-0.303903,281.25,0.121833,8.7493,0.7349
7173,0.000175,0.106844,828.16,940.40,2156.25,0.490086,0.121569,-0.004409,0.575317,0.587512,-0.336807,-0.576904,-0.244708,328.12,0.099673,9.1306,0.6674
7179,0.000207,0.142765,863.43,958.68,2203.12,0.547324,0.058824,0.241929,0.558624,0.167255,-0.262094,-0.455222,-0.250492,140.62,0.100479,10.1684,0.6799
7184,0.000208,0.136311,823.63,930.53,1968.75,0.504946,0.125490,0.156794,0.563449,0.459830,-0.412282,-0.448500,-0.319291,140.62,0.094787,9.7463,0.6779
7189,0.000176,0.167134,766.85,916.53,1921.88,0.395353,0.098039,-0.050313,0.731978,0.673109,-0.491414,-0.571015,-0.292346,140.62,0.091971,10.5046,0.6841
7195,0.000150,0.195258,695.05,864.70,1687.50,0.384780,0.109804,0.124586,0.873113,0.711455,-0.661505,-0.547642,-0.500008,140.62,0.085727,9.9434,0.7355
7200,0.000132,0.165301,836.32,939.02,2250.00,0.441869,0.141176,-0.131356,0.583340,0.796827,-0.600542,-0.554958,-0.093311,328.12,0.087756,12.3302,0.6342
7205,0.000110,0.161478,907.23,971.32,2250.00,0.521718,0.160784,-0.410705,0.566958,0.821374,-0.531104,-0.506252,0.059729,328.12,0.073736,10.3233,0.5748
7211,0.000081,0.194605,1076.61,1050.74,2484.38,0.570489,0.219608,-0.547503,0.260325,0.626127,-0.194311,-0.313150,0.168511,281.25,0.058332,9.1205,0.4822
7216,0.000077,0.149513,1203.95,1068.91,2718.75,0.644637,0.274510,-1.376128,0.200961,0.819588,-0.030660,-0.067417,0.453657,281.25,0.045026,9.0421,0.3142
7221,0.000086,0.151142,1306.50,1104.67,2812.50,0.704585,0.219608,-0.986783,0.329242,0.507493,-0.336603,-0.037324,0.523974,281.25,0.035372,8.4564,0.3608
7227,0.000062,0.227149,1142.67,1087.09,2625.00,0.614912,0.298039,-0.545557,0.350646,0.542174,-0.421521,-0.221036,0.295293,281.25,0.034479,7.2529,0.4664
7232,0.000081,0.171521,1274.01,1066.28,2671.88,0.764250,0.262745,-0.837595,0.048870,0.291002,0.030742,0.030561,0.436420,281.25,0.021232,4.6732,0.3480
7237,0.000067,0.121088,1190.43,1059.97,2625.00,0.699227,0.227451,-0.691172,-0.063975,0.470749,-0.067012,-0.041456,0.392864,375.00,0.021884,5.8178,0.3651
7243,0.000061,0.273762,1130.67,1078.50,2671.88,0.620077,0.329412,-0.248075,0.150316,0.207572,-0.103116,-0.243853,0.237157,328.12,0.020491,5.1510,0.4886
7248,0.000093,0.246489,1227.58,1071.87,2718.75,0.698150,0.152941,-0.822290,0.103625,0.344824,0.135351,0.001114,0.237377,281.25,0.017588,4.5097,0.3826
7253,0.000118,0.242003,1156.04,1038.97,2578.12,0.609535,0.133333,-1.095446,0.297923,0.708932,-0.101498,-0.127713,0.317802,281.25,0.032287,8.0796,0.3790
7259,0.000085,0.367038,941.57,935.41,2156.25,0.537102,0.227451,-0.996818,0.676190,0.674733,-0.015574,-0.303988,-0.034542,234.38,0.047298,9.1192,0.5022
7264,0.000073,0.152913,965.55,986.87,2296.88,0.568989,0.274510,-0.746325,0.650487,0.570794,-0.027418,-0.332634,-0.114905,234.38,0.048076,9.2574,0.5438
7269,0.000077,0.181557,1250.84,1058.63,2718.75,0.735351,0.243137,-0.954286,0.214697,0.462095,-0.017556,-0.135586,0.430635,281.25,0.038219,8.3236,0.3735
7275,0.000106,0.205070,1226.48,1070.05,2671.88,0.697275,0.113725,-1.150253,0.178982,0.613032,0.059159,-0.199252,0.498333,281.25,0.027595,6.3569,0.3463
7280,0.000167,0.246327,1029.58,1078.03,2578.12,0.571752,0.117647,-0.361863,0.467186,0.558517,-0.369064,-0.523092,0.228316,187.50,0.031548,6.7636,0.5498
7285,0.000548,0.409501,863.72,989.24,2343.75,0.508347,0.062745,0.386527,0.616825,0.109382,-0.276823,-0.732194,-0.103716,140.62,0.065926,11.1194,0.7150
7291,0.000507,0.628723,583.18,789.42,1171.88,0.354727,0.011765,0.526669,1.081735,0.396766,-0.504341,-0.866619,-0.634210,140.62,0.201533,13.3212,0.8256
7296,0.000479,0.349004,590.78,793.57,1265.62,0.364983,0.027451,0.625298,0.995149,0.296108,-0.405750,-0.825278,-0.685526,140.62,0.310465,13.9736,0.8272
7301,0.000491,0.109225,538.43,714.30,843.75,0.281823,0.007843,0.760131,0.982140,0.322927,0.098211,-1.184302,-0.979108,140.62,0.288460,15.1687,0.8758
7307,0.000300,0.196774,546.09,745.73,890.62,0.283579,0.035294,0.662477,1.150572,0.210575,0.141050,-1.294369,-0.870304,140.62,0.306244,16.5653,0.8796
7312,0.000360,0.080641,618.53,798.57,937.50,0.314133,0.027451,0.533003,1.058867,0.043440,0.268187,-1.194579,-0.708919,140.62,0.269520,16.6295,0.8517
7317,0.000532,0.169867,648.69,758.41,1031.25,0.343397,0.023529,0.490633,0.825563,-0.050876,0.463098,-0.919016,-0.809404,140.62,0.233398,14.4456,0.8209
7323,0.000727,0.368911,703.40,793.25,1406.25,0.421639,0.047059,0.283416,0.620264,0.210064,0.161423,-0.512771,-0.762395,140.62,0.243108,10.5275,0.7483
7328,0.000608,0.354157,797.60,850.76,1687.50,0.546791,0.007843,-0.023859,0.609158,0.244940,0.067318,-0.340512,-0.557045,140.62,0.330949,10.0174,0.6773
7333,0.000565,0.149210,602.33,775.46,1171.88,0.318261,0.023529,0.369691,1.021651,0.267814,-0.152211,-0.665799,-0.841147,140.62,0.402389,14.0292,0.8099
7339,0.000653,0.185413,794.91,896.63,1781.25,0.547445,0.011765,0.314331,0.679297,-0.005680,-0.176707,-0.297070,-0.514171,140.62,0.382971,14.0628,0.7114
7344,0.000582,0.100615,620.15,805.86,1265.62,0.398030,0.015686,0.694330,0.981078,-0.302324,-0.092315,-0.542340,-0.738429,140.62,0.396776,18.2722,0.8143
7349,0.000865,0.173300,454.98,659.03,796.88,0.252080,0.011765,1.032932,1.246768,-0.127514,-0.092173,-0.939209,-1.120804,140.62,0.447560,21.2705,0.8975
7355,0.000742,0.187967,442.13,637.40,703.12,0.230161,0.023529,0.998854,1.324578,0.123289,-0.043038,-1.219132,-1.184552,140.62,0.491998,20.5543,0.9140
7360,0.000776,0.228236,487.96,679.43,843.75,0.287971,0.007843,0.865494,1.088878,0.239825,-0.096539,-0.994976,-1.102682,140.62,0.501646,17.5648,0.8835
7365,0.000889,0.067979,514.27,724.60,1031.25,0.318595,0.015686,0.980900,1.170974,-0.224393,-0.301788,-0.759393,-0.866301,140.62,0.524225,20.6334,0.8686
7371,0.000714,0.102764,410.72,643.75,703.12,0.193477,0.031373,1.174450,1.486069,-0.094204,-0.546944,-0.922050,-1.097322,140.62,0.556067,23.7262,0.9121
7376,0.000648,0.236508,437.47,656.21,890.62,0.255596,0.011765,1.073212,1.275480,0.300372,-0.665553,-0.814753,-1.168758,140.62,0.508578,19.5469,0.8972
7381,0.000457,0.101472,391.25,595.15,609.38,0.195114,0.011765,1.122077,1.436237,0.217932,-0.446988,-1.001795,-1.327462,140.62,0.456364,20.2031,0.9201
7387,0.000217,0.126784,462.26,676.32,796.88,0.279676,0.082353,0.960048,1.237658,0.323830,-0.463339,-1.009033,-1.049163,140.62,0.321381,16.9348,0.8936
7392,0.000232,0.089001,543.97,758.93,1078.12,0.314798,0.047059,0.777838,1.012582,0.455734,-0.652049,-0.814834,-0.779270,140.62,0.195833,13.6642,0.8445
7397,0.000101,0.098121,625.46,802.86,1265.62,0.370261,0.129412,0.275384,0.926202,0.673051,-0.533397,-0.728812,-0.612429,93.75,0.093583,9.3394,0.7810
7403,0.000130,0.145997,649.30,815.82,1406.25,0.385109,0.223529,0.024649,0.894615,0.769209,-0.416769,-0.695086,-0.576618,234.38,0.080999,10.3037,0.7494
7408,0.000115,0.155281,844.10,906.58,2156.25,0.511233,0.129412,-0.103163,0.473977,0.574909,-0.264042,-0.422596,-0.259085,140.62,0.046735,8.0660,0.6286
7413,0.000067,0.242951,841.32,915.22,2109.38,0.499454,0.215686,-0.149261,0.492480,0.587944,-0.221158,-0.557675,-0.152329,328.12,0.049472,7.8279,0.6287
7419,0.000064,0.149895,920.44,953.78,2250.00,0.545607,0.282353,-0.448406,0.273478,0.746414,-0.084714,-0.407640,-0.079134,234.38,0.034125,6.2562,0.5389
7424,0.000083,0.129855,1083.50,993.14,2437.50,0.601382,0.258824,-0.716309,0.157214,0.438013,0.136181,-0.105833,0.090734,468.75,0.022134,5.8750,0.4324
7429,0.000074,0.241719,1098.52,977.76,2484.38,0.654971,0.223529,-0.337448,0.086885,0.176473,-0.006092,-0.017950,0.098132,140.62,0.023017,5.6348,0.4588
7435,0.000074,0.236905,1092.95,1044.24,2578.12,0.638442,0.207843,-0.585629,0.440103,0.499085,-0.350516,-0.252800,0.249757,281.25,0.028503,6.7138,0.4822
7440,0.000093,0.180199,1185.68,1106.39,2765.62,0.639713,0.152941,-1.015803,0.363175,0.756628,-0.257067,-0.262086,0.415153,281.25,0.038875,11.3921,0.4006
7445,0.000083,0.230310,1074.71,1059.56,2625.00,0.595215,0.200000,-0.746111,0.463180,0.681186,-0.358028,-0.172428,0.132200,281.25,0.037092,9.8835,0.4697
7451,0.000095,0.325849,1119.38,1077.55,2625.00,0.636913,0.180392,-0.759781,0.303978,0.700377,-0.379073,-0.142436,0.276933,328.12,0.035366,7.7162,0.4267
7456,0.000165,0.193221,1087.82,1081.96,2531.25,0.563138,0.047059,-0.660734,0.569368,0.718604,-0.768346,-0.068068,0.209175,234.38,0.039543,8.6828,0.4710
7461,0.000476,0.468482,831.94,970.77,2015.62,0.518723,0.015686,0.169135,0.657551,0.292271,-0.458837,-0.351128,-0.308991,234.38,0.062740,8.4859,0.6777
7467,0.000686,0.511944,634.40,838.16,1546.88,0.420579,0.027451,0.529222,1.032678,0.181308,-0.557575,-0.514357,-0.671277,140.62,0.181074,12.1304,0.7980
7472,0.000373,0.330414,512.01,733.52,1078.12,0.294145,0.015686,0.822015,1.299897,-0.005130,-0.562152,-0.706581,-0.848050,140.62,0.343915,17.6662,0.8627
7477,0.000501,0.350371,650.89,817.16,1546.88,0.421347,0.015686,0.567169,0.841660,0.071775,-0.372296,-0.377234,-0.731075,93.75,0.282241,11.6230,0.7788
7483,0.000559,0.151551,713.68,848.98,1593.75,0.483046,0.027451,0.276528,0.612469,0.204455,-0.123033,-0.324162,-0.646257,93.75,0.240661,10.1547,0.7170
7488,0.000178,0.230906,544.84,781.05,1218.75,0.310874,0.023529,0.836444,1.131827,-0.022470,-0.476023,-0.708225,-0.761553,140.62,0.275430,12.9800,0.8480
7493,0.000392,0.126722,768.96,926.12,1921.88,0.506903,0.003922,0.558769,0.840319,-0.451236,-0.323807,-0.287047,-0.336999,93.75,0.220681,13.7145,0.7333
7499,0.000296,0.110872,650.21,874.62,1687.50,0.382109,0.050980,0.630759,0.944442,0.155800,-0.589529,-0.623296,-0.518175,93.75,0.176198,12.7247,0.7955
7504,0.000226,0.216659,644.70,827.74,1640.62,0.390752,0.031373,0.516299,0.959648,0.340787,-0.567045,-0.563212,-0.686476,140.62,0.161570,12.0651,0.7962
7509,0.000109,0.189716,773.61,870.14,1828.12,0.492824,0.105882,0.038063,0.619159,0.558453,-0.255013,-0.504280,-0.456382,281.25,0.126873,9.8040,0.6919
7515,0.000122,0.155118,747.64,849.23,1781.25,0.452710,0.125490,-0.350358,0.749740,0.793122,-0.247888,-0.531978,-0.412638,234.38,0.077244,8.3325,0.6620
7520,0.000215,0.137369,838.95,898.63,1968.75,0.552394,0.027451,-0.302505,0.477963,0.439679,-0.022008,-0.243325,-0.349803,187.50,0.050376,7.0671,0.5949
7525,0.000143,0.303574,656.51,852.37,1500.00,0.397452,0.121569,0.330293,0.968030,0.311277,-0.393041,-0.658060,-0.558498,140.62,0.081201,10.0768,0.7786
7531,0.000087,0.085605,714.05,917.83,1921.88,0.425675,0.207843,0.363302,0.925009,0.314897,-0.524852,-0.714732,-0.363624,93.75,0.076093,10.9243,0.7655
7536,0.000068,0.101374,836.64,1006.96,2296.88,0.514392,0.329412,0.388627,0.864258,0.092874,-0.730315,-0.549176,-0.066269,93.75,0.056260,9.7400,0.7179
7541,0.000090,0.134365,1125.34,1113.87,2578.12,0.673457,0.156863,0.011257,0.387318,-0.071828,-0.329803,-0.237990,0.241046,93.75,0.029818,6.7705,0.5493
7547,0.000100,0.213942,1169.50,1122.83,2765.62,0.651684,0.172549,-0.305521,0.305884,0.313060,-0.344700,-0.235481,0.266758,234.38,0.026818,6.0076,0.4961
7552,0.000092,0.277428,1061.79,1028.37,2390.62,0.648782,0.188235,-0.140115,0.379308,0.211789,-0.250342,-0.301870,0.101228,93.75,0.032699,6.2577,0.5548
7557,0.000096,0.307579,1035.41,932.80,2203.12,0.680242,0.145098,-0.437096,-0.037349,0.342338,0.109826,-0.023668,0.045947,375.00,0.033111,5.0925,0.4382
7563,0.000075,0.136358,969.27,961.00,2250.00,0.585604,0.274510,-0.606654,0.217539,0.644037,0.025764,-0.272577,-0.008108,328.12,0.034814,6.5214,0.4864
7568,0.000076,0.269784,1148.05,991.07,2437.50,0.711518,0.270588,-0.712819,-0.308524,0.539119,0.242707,0.101037,0.138479,375.00,0.028481,5.0758,0.3474
7573,0.000088,0.139299,1248.81,1041.49,2625.00,0.679925,0.231373,-0.645845,-0.252073,0.345779,0.154567,0.038308,0.359263,468.75,0.021218,4.5041,0.3435
7579,0.000082,0.247814,1281.84,1082.77,2625.00,0.698979,0.231373,-0.320983,0.066973,0.224285,-0.396408,-0.118365,0.544498,375.00,0.021461,4.4280,0.4158
7584,0.000114,0.265327,1423.84,1132.93,2812.50,0.705487,0.192157,-0.429331,-0.043437,0.203749,-0.298820,-0.154342,0.722182,328.12,0.030259,5.4074,0.3728
7589,0.000192,0.284623,1330.67,1085.71,2671.88,0.713346,0.094118,-0.562482,-0.158507,0.255515,0.082008,-0.105382,0.488847,140.62,0.029884,4.4536,0.3653
7595,0.000518,0.439002,1053.88,979.11,2390.62,0.667018,0.015686,-0.262156,0.157113,0.209014,0.015542,-0.060341,-0.059171,93.75,0.059157,5.7097,0.5018
7600,0.000917,0.536121,730.09,848.88,1734.38,0.507886,0.011765,0.352909,0.652967,0.093340,-0.180135,-0.272483,-0.646599,93.75,0.208037,9.5129,0.7236
7605,0.000682,0.319453,515.69,760.09,1125.00,0.284897,0.011765,0.916142,1.284515,-0.091115,-0.656283,-0.653357,-0.799901,140.62,0.411339,16.1863,0.8614
7611,0.000779,0.265796,541.45,770.77,1265.62,0.355783,0.003922,0.824163,1.110349,0.026696,-0.580309,-0.565753,-0.815147,93.75,0.468123,16.4964,0.8399
7616,0.000483,0.114022,491.13,738.34,1031.25,0.278710,0.031373,1.039764,1.177538,-0.174321,-0.407748,-0.760593,-0.874638,93.75,0.464479,17.3202,0.8728
7621,0.000422,0.301116,695.45,835.68,1593.75,0.471127,0.070588,0.394735,0.692689,0.138846,-0.118160,-0.462174,-0.645935,93.75,0.349950,11.2715,0.7498
7627,0.000269,0.075779,775.74,883.74,1875.00,0.502503,0.043137,0.065467,0.560373,0.380776,-0.286955,-0.281239,-0.438423,234.38,0.207985,8.4713,0.6621
7632,0.000254,0.125643,650.17,834.90,1546.88,0.396851,0.047059,0.343320,0.814216,0.556736,-0.679480,-0.491842,-0.542950,234.38,0.163654,9.4584,0.7495
7637,0.000165,0.152271,716.25,854.64,1734.38,0.413669,0.109804,-0.145725,0.732875,1.009022,-0.688802,-0.510197,-0.397174,281.25,0.123810,10.5289,0.6786
7643,0.000177,0.118320,683.09,818.05,1593.75,0.409048,0.078431,0.019647,0.749444,0.789124,-0.418559,-0.550135,-0.589520,375.00,0.075261,7.8708,0.7220
7648,0.000194,0.267083,754.20,859.76,1640.62,0.442421,0.090196,0.167959,0.338821,0.412099,0.045332,-0.451384,-0.512827,93.75,0.083381,9.0576,0.6760
7653,0.000138,0.210782,682.40,879.92,1640.62,0.405726,0.117647,0.486932,0.771844,0.310780,-0.369535,-0.768827,-0.431194,93.75,0.088793,9.5481,0.7737
7659,0.000104,0.177407,858.03,965.06,2296.88,0.512390,0.219608,0.199514,0.422001,0.509738,-0.372025,-0.652341,-0.106887,140.62,0.072847,9.7466,0.6660
7664,0.000196,0.173407,940.54,1000.36,2296.88,0.566985,0.058824,0.074680,0.279799,0.350503,-0.010988,-0.631769,-0.062223,93.75,0.056996,8.1009,0.6281
7669,0.000104,0.231967,847.53,988.72,2156.25,0.516386,0.149020,0.312367,0.629405,0.132612,-0.316344,-0.540407,-0.217633,93.75,0.071660,9.8526,0.7005
7675,0.000106,0.304686,843.10,941.36,1828.12,0.513395,0.168627,-0.001005,0.486585,0.358248,-0.204770,-0.284838,-0.354220,93.75,0.063149,6.9642,0.6370
7680,0.000098,0.101473,1062.46,1020.26,2296.88,0.600765,0.200000,-0.068414,0.274520,0.058439,-0.322990,-0.007454,0.065900,93.75,0.043628,6.5986,0.5184
7685,0.000075,0.182436,1159.95,1035.40,2390.62,0.644158,0.282353,-0.295536,0.303153,-0.094065,-0.199442,0.005355,0.280535,93.75,0.034487,6.1907,0.4653
7691,0.000075,0.225320,1148.15,1004.86,2390.62,0.727124,0.266667,-0.460185,0.115917,0.015570,0.115421,0.026520,0.186758,281.25,0.024097,4.4053,0.4308
7696,0.000078,0.151389,1209.37,1023.63,2484.38,0.727780,0.254902,-0.612173,0.003712,0.299622,-0.079972,0.131447,0.257364,281.25,0.022646,4.6114,0.3779
7701,0.000072,0.165311,1264.29,1065.30,2671.88,0.753758,0.274510,-0.452413,0.173178,0.079255,-0.154266,-0.032634,0.386879,93.75,0.022619,4.8406,0.4215
7707,0.000076,0.160821,1264.87,1077.63,2718.75,0.710537,0.282353,-0.269300,-0.001496,0.044964,-0.044046,-0.222792,0.492671,93.75,0.022774,5.2712,0.4328
7712,0.000066,0.239999,1313.31,1042.56,2578.12,0.719154,0.290196,-0.422230,-0.145971,0.047707,-0.034853,0.075943,0.479404,375.00,0.021717,4.9191,0.3631
7717,0.000069,0.206832,1425.38,1088.58,2812.50,0.724775,0.376471,-0.499631,-0.128235,0.096917,-0.192044,0.129920,0.593073,421.88,0.020824,4.7006,0.3373
7723,0.000064,0.236791,1459.96,1083.78,2906.25,0.776613,0.329412,-0.541297,-0.350542,-0.035090,0.110766,0.249228,0.566937,93.75,0.014796,3.6355,0.2986
7728,0.000075,0.237287,1461.47,1059.70,2906.25,0.853974,0.203922,-1.032322,-0.371801,0.080805,0.296150,0.399221,0.627947,281.25,0.015838,3.6338,0.2287
7733,0.000071,0.238687,1321.92,1052.52,2718.75,0.707791,0.227451,-1.508309,-0.416334,0.719419,0.301009,0.320810,0.583405,328.12,0.024561,5.9525,0.1955
7739,0.000147,0.251810,1231.44,1076.89,2671.88,0.692706,0.066667,-0.580499,0.005103,0.358871,-0.102994,0.070220,0.249298,328.12,0.025051,5.7458,0.3900
7744,0.000253,0.373240,1006.38,1061.13,2390.62,0.585970,0.070588,0.202938,0.634548,-0.047145,-0.653723,-0.162569,0.025950,140.62,0.060776,11.3187,0.6194
7749,0.000639,0.593003,841.34,930.55,1921.88,0.554851,0.015686,0.123983,0.564227,0.106616,-0.115858,-0.279850,-0.399119,93.75,0.099460,7.8036,0.6645
7755,0.000886,0.508871,763.32,879.45,1734.38,0.541334,0.003922,0.189046,0.710841,0.154858,-0.179975,-0.343781,-0.530989,93.75,0.232632,8.9705,0.7083
7760,0.000614,0.270214,577.05,784.73,1218.75,0.323448,0.031373,0.710005,1.118349,-0.012781,-0.398013,-0.673217,-0.744343,140.62,0.423776,15.1754,0.8352
7765,0.000926,0.342348,708.18,850.53,1640.62,0.506882,0.003922,0.415337,0.705699,0.114446,-0.205117,-0.393986,-0.636379,93.75,0.447510,12.0253,0.7457
7771,0.000727,0.080407,517.42,746.72,1031.25,0.338138,0.027451,0.885370,1.098497,0.069879,-0.434711,-0.690808,-0.928226,93.75,0.500315,16.5561,0.8583
7776,0.000718,0.149145,430.86,666.04,796.88,0.257160,0.003922,1.106668,1.192171,0.195557,-0.516854,-0.841342,-1.136200,93.75,0.511400,18.8570,0.8946
7781,0.000780,0.212676,587.44,792.84,1359.38,0.400608,0.011765,0.680952,0.820121,0.137815,-0.328491,-0.516260,-0.794137,93.75,0.445200,15.4509,0.8031
7787,0.000468,0.236191,500.73,721.22,984.38,0.286080,0.039216,0.880715,1.104023,0.174546,-0.438745,-0.781781,-0.938757,93.75,0.442244,15.0499,0.8644
7792,0.000471,0.177671,707.87,862.06,1734.38,0.498244,0.011765,0.469950,0.736610,0.083835,-0.385249,-0.360069,-0.545077,93.75,0.377782,12.7930,0.7419
7797,0.000171,0.031984,599.23,781.47,1312.50,0.351076,0.062745,0.652421,0.778293,0.238494,-0.234493,-0.654944,-0.779771,93.75,0.293258,13.1430,0.8073
7803,0.000453,0.161719,751.17,831.73,1640.62,0.507476,0.058824,0.307181,0.549445,-0.067516,0.046695,-0.238387,-0.597418,93.75,0.218268,11.2847,0.6998
7808,0.000434,0.155374,654.77,817.96,1453.12,0.377302,0.027451,0.486106,0.631767,0.209743,-0.184944,-0.499952,-0.642720,93.75,0.169836,9.5286,0.7559
7813,0.000567,0.243981,774.76,873.31,1828.12,0.543018,0.011765,0.179810,0.458577,0.240991,-0.226005,-0.226547,-0.426826,187.50,0.148461,7.1184,0.6561
7819,0.000514,0.208481,543.07,763.70,1171.88,0.347165,0.011765,0.745757,0.911957,0.483080,-0.633757,-0.689243,-0.817795,93.75,0.247522,12.4885,0.8295
7824,0.000530,0.192293,439.43,693.45,515.62,0.243072,0.015686,1.154474,1.331757,0.647221,-1.208135,-1.110080,-0.815237,93.75,0.315536,16.5965,0.9008
7829,0.000652,0.125300,431.82,687.79,468.75,0.219452,0.003922,1.090693,1.456995,0.584532,-1.016886,-1.185608,-0.929726,140.62,0.344357,19.2380,0.9115
7835,0.000491,0.296738,584.30,779.33,1265.62,0.374413,0.007843,0.617617,0.964618,0.369188,-0.471033,-0.645659,-0.834731,140.62,0.312651,13.1553,0.8222
7840,0.000427,0.385996,745.55,838.07,1640.62,0.505613,0.011765,-0.012515,0.523706,0.513647,-0.143602,-0.293457,-0.587778,93.75,0.216586,6.6279,0.6673
7845,0.000477,0.015542,807.00,904.10,1875.00,0.516573,0.031373,0.149990,0.390410,0.331023,-0.152687,-0.272411,-0.446326,93.75,0.193788,8.1467,0.6524
7851,0.000351,0.239987,638.51,858.94,1500.00,0.370598,0.019608,0.591673,0.929837,0.200244,-0.506036,-0.656516,-0.559201,93.75,0.242455,11.7394,0.7972
7856,0.000233,0.220613,794.11,894.41,1875.00,0.550341,0.054902,0.009361,0.622662,0.281109,-0.167526,-0.276788,-0.468818,93.75,0.199700,9.1433,0.6657
7861,0.000253,0.051271,731.04,882.10,1781.25,0.473263,0.043137,0.464261,0.723524,-0.015082,-0.307684,-0.322340,-0.542680,93.75,0.155427,11.2763,0.7362
7867,0.000226,0.164640,749.35,865.84,1640.62,0.458761,0.050980,0.250259,0.643063,0.173490,-0.203715,-0.156095,-0.707001,93.75,0.131374,11.3438,0.7065
7872,0.000146,0.082863,693.65,903.11,1734.38,0.445740,0.129412,0.607046,0.747324,0.093394,-0.610775,-0.357559,-0.479430,93.75,0.126211,13.0697,0.7494
7877,0.000185,0.152377,673.22,946.73,1921.88,0.397270,0.066667,0.817752,0.985799,-0.074144,-0.746744,-0.694222,-0.288440,93.75,0.118057,15.3864,0.8011
7883,0.000199,0.139336,795.10,992.95,2015.62,0.487017,0.019608,0.564337,0.671847,-0.208520,-0.304974,-0.484320,-0.238369,93.75,0.103830,15.2458,0.7270
7888,0.000176,0.264422,735.12,955.27,1828.12,0.446351,0.105882,0.816262,0.967143,-0.436234,-0.757507,-0.280246,-0.309416,93.75,0.112785,14.3095,0.7661
7893,0.000159,0.184892,950.93,1087.29,2484.38,0.536152,0.082353,0.494463,0.705563,-0.302600,-0.784729,-0.201469,0.088772,93.75,0.108163,13.9331,0.6584
7899,0.000133,0.242915,947.97,1126.90,2671.88,0.503712,0.164706,0.630166,0.672010,0.002111,-1.006976,-0.451134,0.153823,93.75,0.089903,11.1115,0.6899
7904,0.000100,0.141664,967.79,1059.64,2484.38,0.572705,0.180392,0.235409,0.539589,0.187213,-0.533127,-0.474440,0.045356,140.62,0.068219,9.7715,0.6461
7909,0.000094,0.247728,1006.64,1027.45,2390.62,0.639302,0.239216,0.005306,0.336823,-0.007092,-0.066743,-0.271999,0.003704,93.75,0.053375,8.1803,0.5757
7915,0.000102,0.156630,1129.28,1104.72,2718.75,0.632020,0.231373,-0.021930,0.388612,-0.199391,-0.134143,-0.098160,0.065011,93.75,0.039077,7.0153,0.5498
7920,0.000081,0.237141,1220.65,1108.90,2765.62,0.727259,0.266667,-0.501601,0.185060,0.252995,-0.165773,-0.133708,0.363029,187.50,0.032251,5.7590,0.4322
7925,0.000087,0.211920,1044.23,1034.71,2437.50,0.600925,0.200000,-0.140716,0.405213,0.241024,-0.370764,-0.318579,0.183822,93.75,0.032128,5.7818,0.5497
7931,0.000075,0.194065,1193.63,1068.66,2625.00,0.722626,0.294118,-0.317177,0.141810,0.211331,-0.237167,-0.107259,0.308463,93.75,0.030529,5.6413,0.4531
7936,0.000085,0.136789,1260.98,1126.63,2765.62,0.721997,0.145098,-0.375097,0.049162,0.260252,-0.356203,0.036197,0.385688,93.75,0.022188,5.0220,0.4076
7941,0.000077,0.222484,1056.33,1061.37,2531.25,0.618238,0.196078,-0.419931,0.146992,0.573810,-0.080382,-0.360859,0.140370,328.12,0.033510,7.6569,0.4934
7947,0.000087,0.177414,1106.30,1053.44,2484.38,0.596979,0.203922,-0.628709,-0.041993,0.759784,-0.172497,-0.302035,0.385449,328.12,0.035398,8.8334,0.4068
7952,0.000087,0.196033,1105.80,1082.32,2718.75,0.601464,0.180392,-1.082465,0.171587,0.901121,-0.040025,-0.333317,0.383101,328.12,0.034359,7.9174,0.3822
7957,0.000077,0.237526,1084.07,1070.16,2671.88,0.605184,0.239216,-0.781638,0.207043,0.695614,0.092878,-0.409787,0.195889,281.25,0.033358,7.3533,0.4550
7963,0.000092,0.203773,1189.85,1068.30,2625.00,0.695078,0.164706,-0.727801,-0.145878,0.611247,0.059502,-0.190610,0.393538,328.12,0.038125,8.7199,0.3686
7968,0.000076,0.183605,1177.81,1088.74,2671.88,0.620338,0.219608,-1.101331,0.013948,0.921295,-0.195154,-0.160105,0.521348,328.12,0.039420,9.1127,0.3264
7973,0.000078,0.284079,1127.00,1021.57,2531.25,0.652390,0.164706,-1.274536,0.168665,0.766950,0.095425,-0.055750,0.299246,281.25,0.030974,6.2272,0.3374
7979,0.000116,0.173788,1167.61,1021.32,2625.00,0.646612,0.105882,-1.129519,-0.113982,0.693655,0.081069,0.095976,0.372801,375.00,0.033946,7.7851,0.2981
7984,0.000098,0.268499,998.88,951.49,2156.25,0.582806,0.203922,-0.755267,0.157032,0.699296,-0.092081,0.030607,-0.039587,328.12,0.042624,8.3630,0.4269
7989,0.000115,0.329413,923.47,867.24,1968.75,0.595757,0.117647,-0.656098,0.278923,0.443385,0.287966,-0.007089,-0.347087,281.25,0.046293,7.3027,0.4971
7995,0.000099,0.214546,1016.26,860.33,2015.62,0.587269,0.156863,-1.181832,0.042083,0.463332,0.780005,-0.020750,-0.082837,281.25,0.033887,5.4667,0.3733
8000,0.000106,0.219789,1091.90,863.27,2203.12,0.570369,0.125490,-1.715278,-0.431973,0.570535,1.192117,0.151906,0.232694,796.88,0.033817,5.3586,0.2200
8005,0.000098,0.206613,1039.02,874.77,2109.38,0.543521,0.180392,-1.598208,-0.196086,0.683232,0.918563,0.070421,0.122078,750.00,0.034533,5.8988,0.2702
8011,0.000098,0.223869,1060.19,844.51,2062.50,0.609883,0.133333,-1.643994,-0.230959,0.564773,1.013206,0.224414,0.072560,421.88,0.032996,4.8612,0.2524
8016,0.000086,0.200032,1136.18,930.88,2390.62,0.643392,0.156863,-1.232727,-0.437802,0.477379,0.748785,0.231960,0.212405,328.12,0.032552,5.5752,0.2578
8021,0.000082,0.187136,1073.75,927.39,2203.12,0.647574,0.231373,-0.992684,-0.067301,0.410541,0.488436,0.179306,-0.018298,328.12,0.031821,5.5845,0.3519
8027,0.000073,0.138898,1112.47,931.59,2296.88,0.663035,0.184314,-1.057502,0.113706,0.289653,0.476182,0.149939,0.028023,234.38,0.024524,5.0159,0.3633
8032,0.000085,0.210813,1064.12,936.72,2250.00,0.648371,0.196078,-1.207675,0.066911,0.481391,0.515114,0.109990,0.034269,234.38,0.027156,5.5823,0.3447
8037,0.000073,0.147329,1056.31,957.79,2250.00,0.649213,0.294118,-1.036096,0.090064,0.487626,0.508310,-0.066580,0.016677,234.38,0.026453,5.3718,0.3898
8043,0.000096,0.171787,1168.58,984.21,2578.12,0.696947,0.200000,-1.177142,-0.163391,0.410701,0.546285,0.154999,0.228548,281.25,0.024058,5.0035,0.2969
8048,0.000078,0.253497,1092.16,1003.27,2531.25,0.662205,0.239216,-0.777681,0.121995,0.357510,0.251371,-0.005076,0.051881,281.25,0.028964,5.6218,0.4131
8053,0.000069,0.159985,1148.20,1052.99,2578.12,0.656735,0.298039,-0.637214,0.117059,0.491705,-0.247418,0.012931,0.262937,328.12,0.037763,8.3006,0.4018
8059,0.000083,0.109205,1311.61,1082.72,2765.62,0.713840,0.278431,-0.848383,-0.043416,0.447330,-0.276122,0.172179,0.548410,328.12,0.036403,10.0442,0.3087
8064,0.000060,0.264916,1176.62,1054.52,2625.00,0.675526,0.431373,-1.199965,0.197737,0.700403,-0.022111,-0.078770,0.402704,328.12,0.033377,7.9223,0.3400
8069,0.000084,0.189931,1226.15,1054.00,2671.88,0.727663,0.211765,-0.989607,0.002981,0.508399,0.053834,0.086382,0.338009,281.25,0.021385,5.1609,0.3306
8075,0.000087,0.211368,1207.60,1018.08,2531.25,0.725550,0.184314,-1.082955,-0.036389,0.465210,0.131827,0.234729,0.287579,328.12,0.021010,4.7070,0.3056
8080,0.000065,0.193312,1109.66,987.28,2343.75,0.613590,0.274510,-1.128579,-0.012043,0.791010,-0.219767,0.290114,0.279263,328.12,0.033958,8.3405,0.2984
8085,0.000076,0.224860,1151.31,1043.72,2671.88,0.615389,0.235294,-1.211775,0.209136,0.844733,-0.274217,0.096599,0.335524,328.12,0.032533,8.2507,0.3280
8091,0.000069,0.140946,1300.55,1066.73,2718.75,0.713770,0.250980,-1.384200,0.056926,0.656218,-0.053530,0.225422,0.499165,281.25,0.031778,8.9603,0.2639
8096,0.000084,0.268467,1161.37,1049.73,2578.12,0.615763,0.180392,-0.782763,0.147300,0.738007,-0.528769,0.023107,0.403116,328.12,0.028133,7.9312,0.3703
8101,0.000078,0.219182,1224.28,1088.94,2671.88,0.636341,0.211765,-0.697744,-0.154315,0.806527,-0.499583,0.006407,0.538708,375.00,0.038943,10.7273,0.3321
8107,0.000076,0.281111,1244.20,1091.28,2765.62,0.638615,0.266667,-1.322546,-0.491639,0.910497,0.316726,-0.052049,0.639011,375.00,0.042050,9.6554,0.2314
8112,0.000094,0.195136,1211.36,1032.15,2578.12,0.698078,0.160784,-1.450971,-0.369137,0.807374,0.409250,0.077616,0.525868,328.12,0.034623,8.2728,0.2294
8117,0.000092,0.270164,1196.82,1055.40,2625.00,0.710088,0.200000,-1.270530,0.155142,0.705251,0.008074,-0.003747,0.405811,328.12,0.038107,8.2209,0.3189
8123,0.000059,0.211007,1258.46,1078.77,2765.62,0.711640,0.309804,-1.151396,0.223769,0.493741,0.088014,-0.159751,0.505624,281.25,0.043723,9.0404,0.3460
8128,0.000081,0.171837,1130.29,1028.18,2531.25,0.669613,0.270588,-0.812869,0.254221,0.309922,0.247282,-0.268685,0.270130,281.25,0.031074,6.7082,0.4304
8133,0.000089,0.200831,1267.08,1057.06,2671.88,0.736306,0.211765,-1.118334,-0.075511,0.569195,0.074857,0.078943,0.470852,328.12,0.030142,7.6735,0.2949
8139,0.000084,0.287926,1116.00,965.31,2343.75,0.644354,0.207843,-1.393575,0.185057,0.612355,0.272143,0.215812,0.108206,281.25,0.040368,8.3276,0.3173
8144,0.000073,0.142163,1094.80,1007.16,2343.75,0.594842,0.290196,-1.034483,0.214888,0.702534,-0.006845,0.130819,-0.006912,281.25,0.045349,10.3109,0.3842
8149,0.000072,0.184313,1097.01,1021.92,2437.50,0.623899,0.219608,-0.987790,0.171753,0.771720,-0.072963,-0.034104,0.151382,328.12,0.036161,8.7503,0.3854
8155,0.000079,0.146476,1237.15,1032.67,2625.00,0.712066,0.207843,-1.168467,-0.393868,0.673440,0.278536,0.115118,0.495241,328.12,0.035019,9.3788,0.2523
8160,0.000069,0.227610,1233.88,1044.21,2671.88,0.702022,0.270588,-1.042932,-0.088643,0.632692,-0.060082,0.065829,0.493135,328.12,0.034146,8.1935,0.3004
8165,0.000078,0.211438,1234.45,1046.67,2578.12,0.731040,0.262745,-0.732714,0.001945,0.434957,-0.049090,-0.049915,0.394817,328.12,0.026303,6.3391,0.3687
8171,0.000085,0.247961,1258.40,1059.23,2625.00,0.704169,0.250980,-1.198857,-0.048001,0.599422,0.091812,0.143834,0.411789,375.00,0.024974,5.9020,0.2888
8176,0.000091,0.253300,1038.80,1040.96,2437.50,0.578198,0.192157,-0.620522,0.444737,0.638329,-0.443014,-0.041929,0.022400,281.25,0.035897,8.3077,0.4805
8181,0.000071,0.213403,1079.53,1040.89,2437.50,0.641287,0.239216,-0.616538,0.460402,0.476041,-0.240798,-0.165696,0.086589,281.25,0.041363,9.6793,0.4904
8187,0.000085,0.145686,1119.88,1090.33,2578.12,0.581286,0.219608,-0.806010,0.525494,0.613246,-0.279329,-0.342497,0.289094,281.25,0.039200,9.8042,0.4716
8192,0.000078,0.224467,1135.21,1090.15,2625.00,0.579785,0.266667,-0.547098,0.234919,0.671846,-0.362991,-0.368115,0.371439,328.12,0.035090,8.8797,0.4606
8197,0.000087,0.188123,1156.91,1070.03,2531.25,0.638778,0.239216,-0.555685,0.137934,0.557241,-0.168598,-0.266540,0.295647,328.12,0.030373,7.5783,0.4444
8203,0.000084,0.232510,1142.01,1027.54,2484.38,0.622182,0.270588,-0.815613,-0.027977,0.713969,-0.214623,0.010875,0.333370,328.12,0.031151,7.3908,0.3557
8208,0.000094,0.283858,1062.59,983.83,2390.62,0.646556,0.196078,-0.805074,0.110384,0.631709,0.041464,-0.131578,0.153095,375.00,0.031885,6.5611,0.4114
8213,0.000105,0.242624,1138.49,1021.55,2671.88,0.659818,0.203922,-0.993277,0.071227,0.618759,0.197865,-0.139750,0.245177,281.25,0.031630,6.4784,0.3743
8219,0.000113,0.239273,1081.91,1026.84,2625.00,0.604789,0.196078,-0.701216,0.193440,0.548606,0.030322,-0.186145,0.114994,328.12,0.034311,6.6455,0.4456
8224,0.000096,0.279783,1138.26,1024.50,2578.12,0.635229,0.282353,-0.775765,-0.237197,0.561394,0.235540,-0.076171,0.292201,375.00,0.044744,7.3962,0.3510
8229,0.000114,0.213321,1183.82,1023.46,2578.12,0.653917,0.211765,-1.923304,0.060980,0.844136,0.407509,0.073638,0.537039,328.12,0.035299,6.2176,0.2250
8235,0.000098,0.149805,1197.39,1029.95,2578.12,0.697548,0.266667,-1.519023,-0.060507,0.715194,0.312848,0.115595,0.435893,328.12,0.035393,6.6680,0.2563
8240,0.000083,0.243398,1176.73,1037.68,2625.00,0.615192,0.294118,-1.081327,-0.155712,0.775365,-0.037987,0.039560,0.460102,375.00,0.041119,8.0001,0.2956
8245,0.000084,0.248904,1288.95,1065.36,2671.88,0.721945,0.231373,-0.924900,0.019305,0.454422,-0.063122,-0.024813,0.539107,421.88,0.027109,5.0049,0.3296
8251,0.000073,0.110390,1342.74,1090.94,2859.38,0.724347,0.294118,-0.970249,-0.083818,0.338244,0.273913,-0.149456,0.591366,234.38,0.022544,5.0117,0.3213
8256,0.000068,0.206695,1264.25,1065.17,2718.75,0.721963,0.290196,-0.780120,0.127652,0.322820,-0.042263,-0.105143,0.477054,234.38,0.020004,4.6356,0.3747
8261,0.000075,0.216458,1479.98,1091.75,2859.38,0.780154,0.329412,-1.125221,-0.354082,0.506262,-0.151320,0.237463,0.886899,375.00,0.023903,6.0951,0.2139
8267,0.000067,0.229514,1398.86,1102.88,2859.38,0.753634,0.294118,-1.217062,-0.233570,0.531451,0.055389,0.124025,0.739767,328.12,0.026490,6.5721,0.2392
8272,0.000091,0.181900,1374.05,1066.74,2718.75,0.775515,0.176471,-1.036381,-0.139359,0.315843,0.065811,0.107309,0.686779,328.12,0.022940,5.8977,0.2719
8277,0.000102,0.223725,1235.91,1090.36,2671.88,0.624169,0.188235,-0.868682,0.232317,0.597775,-0.274813,-0.169081,0.482486,281.25,0.031127,7.8292,0.3835
8283,0.000082,0.333946,1047.52,1051.17,2531.25,0.603199,0.294118,-0.762363,0.510294,0.646046,-0.075119,-0.506850,0.187992,234.38,0.041488,8.2753,0.5083
8288,0.000073,0.140660,1057.14,1037.36,2531.25,0.600308,0.282353,-0.955100,0.483419,0.650625,-0.023625,-0.334725,0.179406,281.25,0.038299,8.1770,0.4605
8293,0.000059,0.206861,1234.94,1065.31,2765.62,0.695972,0.364706,-1.014799,0.050646,0.572737,0.096104,-0.225088,0.520396,328.12,0.025622,6.1158,0.3476
8299,0.000066,0.179976,1509.85,1096.28,2859.38,0.817600,0.333333,-1.065879,-0.318797,0.401334,0.077516,0.026256,0.879569,328.12,0.014603,3.9415,0.2414
8304,0.000101,0.168410,1695.23,1173.81,3140.62,0.762518,0.141176,-0.975942,-0.196499,0.356055,-0.278936,-0.027970,1.123292,328.12,0.012957,3.7676,0.2434
8309,0.000083,0.331903,1374.01,1180.61,2953.12,0.666273,0.266667,-1.000790,0.216048,0.691513,-0.222150,-0.406517,0.721895,281.25,0.031779,7.0355,0.3659
8315,0.000099,0.271506,1263.32,1092.28,2671.88,0.692817,0.207843,-1.072997,0.209720,0.694012,-0.175482,-0.178204,0.522950,281.25,0.038789,7.6607,0.3534
8320,0.000087,0.212939,1354.73,1108.73,2765.62,0.731629,0.247059,-1.203531,0.072699,0.623813,-0.180454,0.024224,0.663249,281.25,0.034607,6.6123,0.2872
8325,0.000081,0.249599,1462.73,1119.96,2953.12,0.767801,0.250980,-1.176008,-0.296531,0.314512,0.345262,0.028516,0.784250,328.12,0.034875,6.1142,0.2418
8331,0.000080,0.165136,1390.98,1086.42,2765.62,0.720605,0.266667,-1.211318,-0.208856,0.563734,0.087548,0.036131,0.732762,328.12,0.031376,6.0621,0.2508
8336,0.000076,0.245774,1393.51,1059.97,2718.75,0.756616,0.286275,-1.082343,-0.430619,0.237290,0.488832,0.084023,0.702817,328.12,0.018345,3.5393,0.2405
8341,0.000090,0.154724,1512.30,1080.31,2859.38,0.791347,0.270588,-1.115426,-0.448429,-0.117749,0.608876,0.205706,0.867022,562.50,0.018656,3.9093,0.2111
8347,0.000093,0.247945,1540.95,1063.01,2859.38,0.819058,0.290196,-1.106981,-0.543217,0.028017,0.468137,0.270231,0.883812,375.00,0.013830,2.7242,0.1975
8352,0.000097,0.265187,1548.00,1098.05,2953.12,0.805577,0.258824,-1.283192,-0.316843,0.179542,0.485659,0.033176,0.901658,281.25,0.016621,2.7777,0.2197
8357,0.000107,0.201296,1513.28,1176.00,3140.62,0.710601,0.215686,-1.529849,-0.056253,0.497561,0.256140,-0.062294,0.894696,328.12,0.029767,5.5001,0.2298
8363,0.000105,0.234449,1352.18,1102.65,2812.50,0.718043,0.270588,-1.932630,0.324656,0.654399,0.166571,0.050015,0.736990,281.25,0.040498,7.3713,0.2319
8368,0.000099,0.183249,1484.38,1126.31,2953.12,0.757594,0.349020,-1.711215,0.068056,0.426386,0.192188,0.161095,0.863491,281.25,0.038681,6.8547,0.2085
8373,0.000102,0.234450,1484.98,1144.09,3000.00,0.789277,0.278431,-1.220482,0.057941,0.311171,-0.098893,0.178770,0.771493,281.25,0.029728,4.8721,0.2580
8379,0.000116,0.114312,1539.41,1113.83,3000.00,0.787439,0.298039,-1.599475,-0.076732,0.370021,0.115237,0.298609,0.892340,234.38,0.022041,4.4435,0.1925
8384,0.000101,0.263691,1488.14,1095.96,3000.00,0.765735,0.247059,-1.756284,-0.228366,0.518429,0.097735,0.456460,0.912025,328.12,0.028142,5.4159,0.1576
8389,0.000085,0.200863,1439.28,1099.18,2953.12,0.794091,0.317647,-1.821500,0.024685,0.517192,0.203029,0.284390,0.792204,281.25,0.024384,4.6180,0.1921
8395,0.000094,0.141917,1357.30,1104.69,2953.12,0.701028,0.270588,-1.892515,-0.039075,0.775642,0.281068,0.161543,0.713339,421.88,0.026482,5.7473,0.1973
8400,0.000096,0.308277,1742.67,1197.50,3234.38,0.759570,0.286275,-1.506333,-0.412721,0.357533,0.185940,0.248124,1.127457,421.88,0.019692,4.0737,0.1615
8405,0.000100,0.222479,1681.31,1224.13,3234.38,0.733739,0.286275,-1.503486,-0.261016,0.414974,0.297152,-0.011978,1.064356,421.88,0.019600,3.6128,0.1965
8411,0.000073,0.155725,1584.93,1195.40,3234.38,0.709079,0.360784,-1.687315,-0.505715,0.730892,0.237458,0.168581,1.056097,421.88,0.025434,5.1354,0.1533
8416,0.000082,0.120098,1701.71,1188.30,3281.25,0.768986,0.337255,-1.991732,-0.452222,0.619005,0.174333,0.426592,1.224026,328.12,0.017852,4.3482,0.1143
8421,0.000077,0.144690,1498.15,1176.22,3093.75,0.702380,0.427451,-1.677852,-0.034560,0.678522,-0.126290,0.254545,0.905637,328.12,0.017014,4.5750,0.1921
8427,0.000082,0.142437,1514.15,1141.78,3046.88,0.745558,0.294118,-1.593577,-0.195412,0.502859,0.149653,0.251296,0.885181,328.12,0.014135,4.2052,0.1880
8432,0.000094,0.309683,1597.20,1215.17,3187.50,0.731238,0.301961,-1.461744,-0.063297,0.414527,0.187124,0.023701,0.899688,281.25,0.018619,4.5449,0.2272
8437,0.000075,0.275128,1535.47,1196.27,3187.50,0.726055,0.341176,-1.523234,0.014754,0.547538,-0.004478,0.056540,0.908879,328.12,0.025064,5.2123,0.2250
8443,0.000086,0.164284,1472.59,1173.55,3140.62,0.718591,0.235294,-1.137659,0.022928,0.377633,0.060759,-0.101023,0.777361,375.00,0.022649,5.0038,0.2900
8448,0.000081,0.211524,1398.51,1192.01,3093.75,0.647065,0.254902,-0.698498,0.070768,0.650299,-0.533549,-0.265360,0.776339,328.12,0.027459,6.5511,0.3614
8453,0.000096,0.269016,1433.24,1169.40,2906.25,0.713661,0.203922,-0.932093,0.069406,0.637309,-0.229046,-0.398381,0.852804,328.12,0.035286,8.0960,0.3411
8459,0.000089,0.278704,1532.54,1221.53,3140.62,0.689102,0.266667,-1.345508,-0.102664,0.706180,-0.031776,-0.213001,0.986770,328.12,0.038951,8.3078,0.2477
8464,0.000151,0.191009,1528.65,1200.93,3093.75,0.702727,0.117647,-1.342367,-0.437214,0.701442,0.184305,-0.073396,0.967232,328.12,0.035546,7.2876,0.2081
8469,0.000275,0.381392,1168.82,1161.65,2859.38,0.572448,0.031373,-0.403036,0.605949,0.437738,-0.386355,-0.674281,0.419984,234.38,0.044876,7.1791,0.5569
8475,0.000533,0.447309,808.89,941.39,2062.50,0.482561,0.023529,-0.389636,0.963655,0.620008,-0.582789,-0.409848,-0.201390,234.38,0.127454,12.7995,0.6440
8480,0.000526,0.424229,703.64,825.91,1640.62,0.446401,0.007843,-0.618752,1.062192,0.785914,-0.403816,-0.319269,-0.506268,234.38,0.263228,15.4622,0.6535
8485,0.000598,0.193933,555.21,758.98,1078.12,0.301786,0.023529,-0.282614,1.448915,0.848275,-0.716424,-0.658930,-0.639222,187.50,0.325497,20.3749,0.7742
8491,0.000744,0.120089,546.47,783.63,937.50,0.273746,0.007843,-0.143122,1.527130,0.788824,-0.775749,-0.873267,-0.523816,187.50,0.387025,25.1981,0.8007
8496,0.000739,0.217756,487.51,714.05,656.25,0.246999,0.007843,-0.091785,1.625095,0.901871,-0.684824,-1.051532,-0.698827,187.50,0.445403,24.1516,0.8378
8501,0.000778,0.183064,453.01,654.14,515.62,0.203820,0.031373,-0.109871,1.619102,1.042870,-0.603616,-1.067974,-0.880511,187.50,0.490383,23.6331,0.8493
8507,0.000933,0.185768,533.12,752.61,937.50,0.256106,0.023529,-0.426715,1.520987,1.047536,-0.745776,-0.741377,-0.654656,187.50,0.495782,21.5123,0.7765
8512,0.000892,0.211527,461.79,648.25,515.62,0.206106,0.015686,-0.099232,1.517811,1.072205,-0.650529,-0.966015,-0.874239,187.50,0.575457,22.0495,0.8361
8517,0.000889,0.138299,495.00,663.54,750.00,0.234787,0.007843,-0.426146,1.477347,1.066357,-0.334197,-0.952182,-0.831178,187.50,0.587153,21.1918,0.8049
8523,0.000935,0.062816,499.03,669.15,796.88,0.223085,0.015686,-0.264765,1.472803,1.008287,-0.191253,-1.209584,-0.815488,187.50,0.587292,21.8331,0.8343
8528,0.000842,0.121585,465.95,623.99,750.00,0.203634,0.015686,-0.030504,1.490306,1.033390,-0.309331,-1.250790,-0.933071,187.50,0.604980,21.6008,0.8608
8533,0.000774,0.082534,493.03,636.09,750.00,0.222787,0.047059,-0.193089,1.381110,0.984688,-0.113363,-1.087616,-0.971729,187.50,0.576836,20.3769,0.8353
8539,0.000671,0.078643,502.82,644.82,796.88,0.234251,0.054902,-0.048442,1.304833,0.859033,-0.085703,-1.060141,-0.969578,187.50,0.535093,20.2085,0.8380
8544,0.000587,0.043383,515.00,650.95,796.88,0.259971,0.039216,-0.139874,1.275364,0.919293,-0.269117,-0.901142,-0.884524,187.50,0.474723,19.3967,0.8116
8549,0.000465,0.088201,551.27,691.98,843.75,0.284854,0.047059,-0.165120,1.149114,0.956623,-0.311712,-0.846115,-0.782790,187.50,0.383194,16.6893,0.7869
8555,0.000394,0.128291,587.12,729.12,937.50,0.301382,0.031373,0.002013,0.922825,0.964831,-0.321091,-0.836794,-0.731785,187.50,0.263284,12.9471,0.7767
8560,0.000397,0.076029,626.94,732.16,1031.25,0.293894,0.039216,-0.206036,0.593391,1.155208,-0.123365,-0.662054,-0.757143,375.00,0.254456,15.3291,0.7116
8565,0.000455,0.137098,790.73,845.42,1640.62,0.402790,0.082353,-0.507345,0.054491,1.066127,0.053660,-0.348206,-0.318727,375.00,0.244688,15.2944,0.5267
8571,0.000497,0.267383,775.32,879.26,1828.12,0.436811,0.031373,-0.313868,0.581645,0.810167,-0.212920,-0.588504,-0.276519,375.00,0.207200,11.1651,0.6379
8576,0.000618,0.184325,690.03,842.77,1406.25,0.371086,0.023529,-0.083398,0.818245,0.627503,-0.096241,-0.850821,-0.415289,187.50,0.253554,13.5199,0.7312
8581,0.000602,0.200827,658.39,848.72,1359.38,0.361400,0.054902,0.174626,0.935167,0.419874,-0.114354,-0.903017,-0.512296,187.50,0.314186,14.8121,0.7795
8587,0.000609,0.151220,575.69,799.92,984.38,0.308437,0.039216,0.382076,1.173412,0.508602,-0.428091,-0.987332,-0.648667,187.50,0.383736,17.3798,0.8314
8592,0.000642,0.083808,566.35,804.34,1031.25,0.304003,0.031373,0.417069,1.267502,0.393873,-0.547727,-0.982987,-0.547731,187.50,0.422236,20.1626,0.8331
8597,0.000648,0.097540,550.98,785.99,984.38,0.290378,0.023529,0.526806,1.334433,0.055528,-0.343270,-0.941969,-0.631528,187.50,0.424421,21.1436,0.8478
8603,0.000624,0.139980,630.63,831.46,1312.50,0.364434,0.015686,0.193913,1.209112,0.105042,-0.246989,-0.709005,-0.552073,187.50,0.431165,21.4053,0.7912
8608,0.000538,0.085688,618.06,815.53,1265.62,0.322446,0.023529,0.205621,1.241050,0.142151,-0.193486,-0.809466,-0.585870,187.50,0.428939,21.2441,0.8055
8613,0.000456,0.131871,589.49,791.66,937.50,0.306322,0.039216,0.240400,1.178373,0.315542,0.002427,-1.041526,-0.695216,187.50,0.385947,19.2587,0.8289
8619,0.000407,0.121482,608.56,787.32,1078.12,0.332885,0.086275,0.036288,1.064348,0.551664,-0.068099,-0.937999,-0.646202,187.50,0.318270,17.2352,0.7929
8624,0.000369,0.138884,686.05,817.29,1546.88,0.374935,0.094118,-0.345656,0.872134,0.662044,-0.057649,-0.603170,-0.527704,187.50,0.255180,14.7499,0.6961
8629,0.000382,0.130985,736.34,867.60,1640.62,0.401011,0.105882,-0.239336,0.718320,0.668527,-0.151456,-0.568316,-0.427738,187.50,0.204406,11.9507,0.6765
8635,0.000424,0.186837,809.09,870.58,1828.12,0.467262,0.062745,-0.450388,0.428099,0.651949,0.119860,-0.467693,-0.281828,375.00,0.169393,9.5985,0.5899
8640,0.000424,0.104959,783.25,855.20,1687.50,0.420969,0.054902,-0.524610,0.473559,0.757229,0.159592,-0.573249,-0.292520,375.00,0.185795,10.3882,0.6005
8645,0.000462,0.138259,720.97,834.46,1406.25,0.344584,0.101961,-0.439663,0.626797,0.877472,0.180116,-0.950119,-0.294601,187.50,0.197755,10.7830,0.6717
8651,0.000473,0.115472,646.88,790.96,1125.00,0.338770,0.062745,-0.113092,0.794196,0.829078,0.001260,-1.014898,-0.496544,187.50,0.227121,12.1141,0.7496
8656,0.000503,0.098490,631.85,759.42,1125.00,0.292765,0.117647,-0.237155,0.837687,0.887496,-0.054614,-0.880819,-0.552594,187.50,0.249432,13.1771,0.7344
8661,0.000679,0.087285,623.98,740.52,890.62,0.307775,0.066667,-0.208394,0.819298,0.852086,0.143809,-0.964293,-0.642506,187.50,0.257272,13.1028,0.7519
8667,0.000721,0.198428,570.85,716.80,750.00,0.260589,0.023529,0.200956,0.936661,0.766035,0.048727,-1.146124,-0.806254,187.50,0.274973,12.8979,0.8242
8672,0.000542,0.205861,502.98,674.78,703.12,0.218434,0.047059,0.422126,1.141768,0.933604,-0.236749,-1.396861,-0.863887,187.50,0.326581,13.4961,0.8713
8677,0.000353,0.126052,527.87,740.07,703.12,0.243714,0.023529,0.499259,1.080028,0.867999,-0.422250,-1.299600,-0.725436,140.62,0.343416,13.8710,0.8584
8683,0.000365,0.086455,562.27,779.60,843.75,0.297200,0.015686,0.358133,1.034032,0.743142,-0.352730,-1.092575,-0.690002,187.50,0.272965,13.3299,0.8302
8688,0.000283,0.074678,702.57,878.09,1593.75,0.409990,0.007843,-0.047447,0.859106,0.510597,-0.127581,-0.810021,-0.384655,187.50,0.237085,15.3952,0.7317
8693,0.000120,0.087317,739.99,887.57,1781.25,0.409093,0.149020,-0.186935,0.829672,0.606532,-0.246931,-0.710772,-0.291566,187.50,0.186381,14.0820,0.6948
8699,0.000126,0.117252,770.96,882.56,1734.38,0.418742,0.109804,-0.430841,0.750181,0.757598,-0.186962,-0.574431,-0.315546,187.50,0.106744,10.1416,0.6467
8704,0.000126,0.163782,1064.75,976.24,2390.62,0.651102,0.145098,-0.696500,0.172263,0.557181,-0.021301,-0.084825,0.073181,328.12,0.054522,7.1471,0.4363
8709,0.000096,0.156360,1046.69,1039.54,2531.25,0.594872,0.164706,-0.585148,0.416691,0.645062,-0.288770,-0.286077,0.098241,328.12,0.054767,7.3781,0.5024
8715,0.000133,0.106653,1130.20,1080.09,2625.00,0.625289,0.125490,-0.266374,0.324687,0.344486,-0.546993,-0.131850,0.276043,328.12,0.052161,8.9335,0.4893
8720,0.000115,0.247384,1137.97,1067.71,2578.12,0.652142,0.172549,-0.818843,0.467623,0.566799,-0.479615,-0.101257,0.365295,281.25,0.047378,7.5864,0.4237
8725,0.000098,0.221905,1078.83,1034.79,2531.25,0.599984,0.200000,-1.108608,0.528298,0.710681,-0.120990,-0.251395,0.242013,281.25,0.060439,9.2611,0.4291
8731,0.000086,0.235259,1110.67,1002.33,2390.62,0.649290,0.215686,-1.235352,0.190897,0.647744,0.341109,-0.211316,0.266919,281.25,0.044315,7.1156,0.3659
8736,0.000112,0.182813,1171.62,1019.42,2484.38,0.635760,0.129412,-1.748728,0.321576,0.744357,0.173582,0.023799,0.485413,234.38,0.037258,6.6216,0.2752
8741,0.000104,0.261517,1178.31,1011.92,2531.25,0.702228,0.149020,-1.076474,-0.087052,0.654464,0.082684,0.067793,0.358586,375.00,0.045580,7.5581,0.3111
8747,0.000067,0.158026,1125.76,984.13,2437.50,0.662426,0.270588,-0.997135,-0.322130,0.754959,0.080987,0.190104,0.293216,375.00,0.049349,8.4420,0.2888
8752,0.000093,0.210537,1279.54,1008.81,2625.00,0.752710,0.168627,-1.310468,-0.404401,0.573874,0.275642,0.412977,0.452376,375.00,0.026271,4.4222,0.2158
8757,0.000088,0.166116,1387.97,1069.14,2906.25,0.722707,0.188235,-1.547639,-0.003121,0.606305,-0.035836,0.378710,0.601582,281.25,0.034483,6.7115,0.2200
8763,0.000090,0.224735,1190.24,1012.50,2625.00,0.701411,0.215686,-1.560861,0.149362,0.661661,0.212394,0.246816,0.290627,328.12,0.036003,7.0438,0.2740
8768,0.000099,0.207682,1225.85,1003.93,2625.00,0.717235,0.129412,-1.913756,0.132602,0.606262,0.428378,0.344897,0.401617,281.25,0.031039,5.8063,0.2203
8773,0.000073,0.264046,1120.17,1050.17,2531.25,0.664552,0.243137,-0.861836,0.544293,0.509863,-0.322890,-0.011309,0.141879,281.25,0.043411,8.1215,0.4442
8779,0.000063,0.178217,1203.65,1065.22,2718.75,0.689792,0.333333,-0.915290,0.298794,0.364221,-0.064055,-0.013834,0.330164,281.25,0.034652,7.1302,0.3855
8784,0.000091,0.201495,1407.69,1045.32,2812.50,0.805763,0.117647,-1.610789,-0.126638,0.372341,0.295724,0.411757,0.657604,281.25,0.022935,5.0921,0.1973
8789,0.000105,0.209064,1341.32,1046.66,2671.88,0.774267,0.121569,-1.185146,-0.045696,0.372454,0.041598,0.231950,0.584841,281.25,0.032055,6.6075,0.2643
8795,0.000081,0.299900,1174.77,1036.52,2625.00,0.672904,0.298039,-0.908954,0.193707,0.558183,-0.220614,0.090757,0.286920,328.12,0.046674,8.1952,0.3667
8800,0.000070,0.136072,1151.93,1051.86,2578.12,0.677519,0.282353,-0.847268,0.188729,0.600021,-0.189627,0.012285,0.235859,328.12,0.034559,6.5803,0.3886
8805,0.000079,0.194795,1198.28,1082.31,2718.75,0.690773,0.180392,-0.975997,0.255665,0.474858,0.177471,-0.227611,0.295613,234.38,0.029430,5.9678,0.4027
8811,0.000090,0.229341,1267.30,1043.94,2625.00,0.728995,0.176471,-1.215509,-0.062466,0.631144,0.007491,0.202008,0.437331,375.00,0.025550,5.3346,0.2771
8816,0.000063,0.214152,1222.68,1024.50,2531.25,0.710237,0.337255,-1.054744,-0.147761,0.632553,0.120157,0.073671,0.376125,328.12,0.035369,7.0493,0.3045
8821,0.000075,0.159469,1339.32,1097.77,2859.38,0.727720,0.243137,-0.874075,-0.299036,0.530214,0.100252,-0.045549,0.588193,328.12,0.026600,6.0651,0.2978
8827,0.000066,0.173684,1336.60,1090.01,2812.50,0.696490,0.282353,-1.531607,-0.210077,0.701353,0.332779,-0.006511,0.714065,328.12,0.021866,5.1371,0.2271
8832,0.000074,0.238911,1307.00,1046.91,2718.75,0.720326,0.235294,-1.003592,-0.164582,0.281779,0.318017,0.022909,0.545468,328.12,0.021286,4.9086,0.2956
8837,0.000082,0.179271,1223.82,1008.55,2531.25,0.709993,0.270588,-0.855167,-0.109286,0.276354,0.297537,0.008121,0.382441,328.12,0.019516,4.7932,0.3368
8843,0.000082,0.269691,1138.18,1000.32,2437.50,0.668000,0.184314,-0.665740,0.211926,0.343093,-0.116276,0.047598,0.179399,234.38,0.025615,5.7735,0.4157
8848,0.000077,0.271252,1111.75,981.72,2437.50,0.695900,0.282353,-0.790825,0.286608,0.322903,-0.004205,0.086990,0.098527,281.25,0.031232,6.0038,0.4146
8853,0.000068,0.167388,1192.94,1032.26,2531.25,0.672616,0.266667,-0.717726,-0.037317,0.405329,-0.027612,0.006506,0.370820,328.12,0.028022,5.9305,0.3621
8859,0.000085,0.204277,1410.72,1040.83,2765.62,0.796706,0.227451,-1.033163,-0.748660,0.402488,0.243018,0.488043,0.648273,328.12,0.023594,5.4927,0.1886
8864,0.000087,0.256781,1273.08,1017.81,2671.88,0.758666,0.172549,-1.493636,-0.217266,0.552863,0.363728,0.307460,0.486850,328.12,0.025579,5.3770,0.2222
8869,0.000090,0.289478,1228.25,1009.96,2578.12,0.701152,0.192157,-2.003044,0.239298,0.716842,0.356556,0.178815,0.511532,281.25,0.038297,7.1757,0.2267
8875,0.000082,0.172250,1309.62,1063.01,2718.75,0.748951,0.176471,-1.518776,0.273397,0.581551,-0.006930,0.150318,0.520441,281.25,0.045192,8.9078,0.2773
8880,0.000108,0.188609,1257.66,1015.50,2625.00,0.709424,0.145098,-1.351529,0.061866,0.556630,0.032949,0.333295,0.366790,281.25,0.043959,8.8847,0.2700
8885,0.000081,0.184167,1198.69,1043.91,2671.88,0.656756,0.219608,-1.692189,0.475471,0.760074,-0.161000,0.256924,0.360720,281.25,0.053542,11.0825,0.2855
8891,0.000087,0.211206,1205.55,1018.95,2625.00,0.692798,0.203922,-1.650465,0.325404,0.698284,-0.037226,0.231250,0.432753,281.25,0.045176,8.6468,0.2700
8896,0.000084,0.240714,1198.11,967.73,2484.38,0.693474,0.254902,-1.657824,-0.062017,0.598882,0.357553,0.279601,0.483804,328.12,0.037105,7.2597,0.2242
8901,0.000063,0.224729,1195.48,1013.64,2671.88,0.719929,0.301961,-1.278174,-0.108532,0.615761,0.124751,0.319972,0.326221,375.00,0.029576,6.0021,0.2657
8907,0.000087,0.131324,1336.56,1061.11,2765.62,0.763724,0.192157,-1.429243,-0.016546,0.525683,0.035866,0.323262,0.560978,328.12,0.023182,5.7107,0.2378
8912,0.000081,0.284731,1323.71,1012.99,2531.25,0.758213,0.250980,-0.980571,0.130146,0.112289,-0.088690,0.260791,0.566035,187.50,0.022029,4.7949,0.3018
8917,0.000078,0.232179,1364.44,1024.70,2671.88,0.760909,0.274510,-1.296749,0.073878,0.199454,0.005923,0.351283,0.666211,187.50,0.027226,5.1632,0.2460
8923,0.000094,0.263130,1391.04,1031.60,2765.62,0.818081,0.196078,-1.061876,-0.267924,0.064615,0.285702,0.434903,0.544580,187.50,0.022487,3.8112,0.2396
8928,0.000086,0.230448,1322.63,1071.34,2718.75,0.741581,0.227451,-1.212615,-0.106335,0.617209,-0.033178,0.150829,0.584091,328.12,0.022823,4.3298,0.2637
8933,0.000075,0.214120,1315.95,1043.31,2625.00,0.672886,0.305882,-1.649397,-0.030211,0.789577,-0.108708,0.367429,0.631308,328.12,0.038186,8.1152,0.2076
8939,0.000066,0.255659,1405.44,1067.67,2812.50,0.763223,0.333333,-1.467659,-0.275991,0.495088,0.214346,0.365340,0.668877,328.12,0.026216,5.1706,0.1996
8944,0.000080,0.156557,1539.52,1100.48,2953.12,0.811029,0.290196,-0.983123,-0.161260,0.069902,0.096147,0.186849,0.791486,375.00,0.014872,3.2659,0.2570
8949,0.000092,0.210168,1423.96,1121.72,2859.38,0.743625,0.180392,-0.989559,-0.027876,0.452104,0.096668,-0.196553,0.665214,281.25,0.022574,5.2236,0.3223
8955,0.000063,0.274816,1318.78,1136.34,2812.50,0.724687,0.352941,-0.698592,0.116331,0.405051,-0.071440,-0.280784,0.529433,281.25,0.030519,5.9681,0.3976
8960,0.000080,0.159002,1339.83,1088.82,2812.50,0.789232,0.219608,-0.604752,-0.112123,0.179579,0.038344,-0.049541,0.548493,328.12,0.019790,4.2281,0.3525
8965,0.000086,0.240257,1417.16,1066.63,2812.50,0.768663,0.180392,-0.819231,-0.628013,0.361148,0.095270,0.306005,0.684820,375.00,0.022886,5.3166,0.2281
8971,0.000084,0.289028,1344.29,1064.20,2765.62,0.767775,0.258824,-1.103209,-0.391859,0.549952,0.058210,0.264374,0.622531,375.00,0.030765,6.0630,0.2331
8976,0.000079,0.246456,1427.35,1101.31,2812.50,0.714292,0.243137,-1.322654,-0.196432,0.619080,-0.034528,0.194822,0.739712,328.12,0.030870,6.1323,0.2267
8981,0.000072,0.237467,1588.93,1111.97,2906.25,0.793873,0.294118,-1.096408,-0.038053,0.243846,-0.216558,0.141916,0.965257,328.12,0.023858,4.9798,0.2459
8987,0.000088,0.253935,1337.24,1094.33,2765.62,0.733997,0.168627,-0.811725,0.236570,0.267883,-0.083165,-0.169276,0.559713,234.38,0.025272,4.8768,0.3816
8992,0.000102,0.213252,1287.42,1039.19,2718.75,0.756666,0.156863,-1.058853,-0.005313,0.456644,0.106005,0.052710,0.448807,281.25,0.029995,5.8164,0.3137
8997,0.000070,0.231339,1225.77,1058.24,2765.62,0.694146,0.294118,-1.239734,0.085890,0.634174,0.040389,0.005409,0.473873,328.12,0.042415,7.8318,0.3065
9003,0.000071,0.126028,1371.61,1074.41,2765.62,0.671310,0.341176,-1.967918,0.122036,0.771184,0.045626,0.223153,0.805921,328.12,0.035828,7.8958,0.1919
9008,0.000073,0.254049,1408.01,1056.24,2718.75,0.731088,0.317647,-1.696550,-0.400065,0.654085,0.339835,0.283177,0.819517,375.00,0.019420,4.4555,0.1680
9013,0.000061,0.202747,1433.75,1104.76,2765.62,0.737517,0.341176,-0.985191,-0.184217,0.473858,-0.039910,-0.004304,0.739763,421.88,0.023877,5.6560,0.2784
9019,0.000068,0.171398,1458.03,1109.32,2765.62,0.739859,0.329412,-1.046071,-0.348050,0.559628,-0.188519,0.219452,0.803560,375.00,0.018338,5.1609,0.2300
9024,0.000099,0.303906,1437.70,1103.37,2859.38,0.748451,0.192157,-0.904918,-0.295604,0.248257,0.212353,0.073040,0.666871,468.75,0.012769,3.2849,0.2748
9029,0.000066,0.355356,1142.07,1032.41,2625.00,0.681899,0.345098,-0.741676,0.122507,0.450530,0.111928,-0.157497,0.214208,281.25,0.022406,4.1641,0.4163
9035,0.000074,0.135278,1110.54,992.37,2484.38,0.636777,0.266667,-0.925738,0.114147,0.548529,0.021631,-0.031396,0.272827,328.12,0.026127,5.6863,0.3713
9040,0.000076,0.214877,1110.10,953.03,2437.50,0.640605,0.243137,-0.994231,-0.218027,0.527719,0.442645,0.008780,0.233115,375.00,0.025200,6.4480,0.3258
9045,0.000078,0.271691,1097.24,1013.45,2437.50,0.603762,0.211765,-0.777411,-0.118250,0.760243,0.088298,-0.222794,0.269913,375.00,0.026804,6.4946,0.3843
9051,0.000070,0.286884,1216.20,1095.28,2765.62,0.696176,0.282353,-0.561097,0.140964,0.413212,-0.099385,-0.243511,0.349816,281.25,0.024024,5.2848,0.4346
9056,0.000087,0.190753,1318.73,1089.98,2812.50,0.737498,0.200000,-0.909228,0.032978,0.302092,-0.047840,0.095614,0.526383,234.38,0.021806,5.0202,0.3210
9061,0.000068,0.264352,1187.97,1023.85,2578.12,0.647055,0.286275,-0.918993,-0.071873,0.537493,0.096524,-0.048299,0.405149,328.12,0.027836,6.4272,0.3376
9067,0.000075,0.252647,1208.73,1000.62,2578.12,0.713389,0.247059,-1.057926,-0.328428,0.461830,0.562523,-0.080815,0.442816,375.00,0.024425,5.1399,0.2944
9072,0.000079,0.117311,1345.68,1101.97,2812.50,0.707235,0.192157,-0.913422,-0.370522,0.575955,0.235848,-0.188164,0.660303,328.12,0.025380,6.5710,0.2936
9077,0.000075,0.220370,1250.65,1063.44,2718.75,0.685150,0.239216,-1.421858,-0.050042,0.915744,-0.241508,0.184925,0.612736,328.12,0.035633,9.5480,0.2433
9083,0.000070,0.248878,1210.08,1050.11,2671.88,0.655393,0.254902,-1.542058,0.443852,0.777287,-0.284659,0.157979,0.447600,281.25,0.036632,10.0916,0.2990
9088,0.000078,0.261501,1201.67,1084.23,2718.75,0.664222,0.172549,-1.000056,0.464046,0.525392,-0.305691,-0.079943,0.396252,281.25,0.032416,7.9231,0.3950
9093,0.000083,0.259277,1198.10,1048.71,2578.12,0.691102,0.223529,-1.038895,-0.169477,0.740169,-0.071955,0.088270,0.451887,328.12,0.030178,7.8407,0.2944
9099,0.000075,0.221397,1118.46,1041.19,2484.38,0.648862,0.247059,-0.753962,0.046136,0.765682,-0.335988,-0.061292,0.339424,328.12,0.035506,8.5794,0.3792
9104,0.000101,0.301714,1373.79,1154.38,2859.38,0.673190,0.211765,-1.020031,0.422081,0.509518,-0.495548,-0.114625,0.698602,281.25,0.034572,7.9412,0.3564
9109,0.000094,0.251163,1454.03,1186.44,2906.25,0.676087,0.168627,-0.644503,0.472518,0.483751,-0.700089,-0.438642,0.826967,281.25,0.041171,8.5864,0.4304
9115,0.000085,0.237343,1264.69,1134.27,2765.62,0.633664,0.152941,-0.813246,0.496441,0.556598,-0.401822,-0.367002,0.529033,281.25,0.051810,9.7351,0.4404
9120,0.000066,0.174713,1321.06,1109.58,2671.88,0.681806,0.337255,-1.740538,0.317387,0.839376,-0.023612,-0.104548,0.711934,281.25,0.040804,8.2836,0.2660
9125,0.000069,0.215860,1515.72,1180.20,3093.75,0.687547,0.262745,-2.020098,-0.204415,0.914948,0.041075,0.174680,1.093811,375.00,0.029152,7.0288,0.1485
9131,0.000107,0.177549,1592.38,1135.28,2953.12,0.772912,0.105882,-1.575280,-0.424577,0.642323,0.034281,0.220498,1.102756,375.00,0.024697,6.5873,0.1596
9136,0.000099,0.378332,1194.69,1059.32,2671.88,0.624116,0.203922,-0.965511,0.258563,0.622921,-0.260024,-0.066799,0.410849,328.12,0.037127,7.9023,0.3716
9141,0.000073,0.288697,1115.85,1035.85,2437.50,0.637478,0.223529,-0.441571,0.232550,0.418416,-0.221365,-0.197411,0.209380,328.12,0.041511,7.0598,0.4724
9147,0.000089,0.174315,1268.29,1101.48,2718.75,0.734082,0.152941,-0.459883,0.075416,0.192861,-0.184033,-0.052631,0.428272,328.12,0.034092,6.0509,0.4061
9152,0.000090,0.191093,1267.91,1099.15,2671.88,0.702989,0.168627,-0.893454,-0.097775,0.625874,-0.071615,-0.084625,0.521594,328.12,0.029664,6.1167,0.3287
9157,0.000077,0.223633,1134.95,1080.29,2625.00,0.625771,0.274510,-0.393576,0.169692,0.510466,-0.348478,-0.200443,0.262340,375.00,0.034485,7.0535,0.4643
9163,0.000076,0.189145,1140.48,1102.35,2671.88,0.606484,0.254902,-0.454953,0.004897,0.620240,-0.289920,-0.156213,0.275950,375.00,0.030099,6.9796,0.4293
9168,0.000084,0.275514,1214.00,1087.67,2671.88,0.672337,0.145098,-1.130475,0.181909,0.653671,-0.017075,-0.096369,0.408338,375.00,0.023946,5.7556,0.3474
9173,0.000088,0.238447,1161.55,1011.26,2484.38,0.702954,0.188235,-1.177164,0.064817,0.499723,0.268852,0.011495,0.332278,375.00,0.025249,5.0221,0.3256
9179,0.000076,0.222450,1150.41,1020.55,2531.25,0.622073,0.247059,-0.814661,0.109624,0.483435,-0.058028,-0.073415,0.353044,328.12,0.028664,6.0824,0.3793
9184,0.000097,0.246194,1057.15,967.46,2437.50,0.638414,0.176471,-0.718651,0.182436,0.466174,-0.000154,-0.013780,0.083977,281.25,0.025762,5.0526,0.4248
9189,0.000081,0.197525,1092.36,1022.21,2484.38,0.630767,0.250980,-0.656449,0.077725,0.556474,-0.086128,-0.043034,0.151412,328.12,0.032827,7.0253,0.4149
9195,0.000136,0.264067,1012.20,995.55,2296.88,0.635914,0.062745,-0.115323,0.206617,0.163732,-0.037795,-0.106882,-0.110350,93.75,0.033006,6.1511,0.5385
9200,0.000241,0.263886,977.60,1016.30,2343.75,0.591109,0.058824,0.277629,0.397821,-0.352237,-0.041359,-0.194073,-0.087783,93.75,0.059683,10.5145,0.6174
9205,0.000331,0.352019,862.08,1035.63,2343.75,0.472627,0.047059,0.696582,0.918744,-0.648467,-0.494529,-0.453056,-0.019274,140.62,0.113796,16.1293,0.7396
9211,0.000452,0.337034,645.17,939.24,1734.38,0.360517,0.019608,1.216407,1.317612,-0.831122,-1.025560,-0.504890,-0.172446,140.62,0.194169,20.9947,0.8328
9216,0.000399,0.432213,664.06,849.61,1593.75,0.425298,0.039216,0.625182,1.019897,-0.130522,-0.477951,-0.486420,-0.550186,140.62,0.228520,14.9274,0.7926
9221,0.000516,0.440118,791.54,874.55,1781.25,0.529623,0.019608,0.155823,0.513867,0.207858,-0.140097,-0.239923,-0.497529,93.75,0.199319,8.7184,0.6690
9227,0.000496,0.106293,821.60,924.62,1875.00,0.564745,0.047059,0.198138,0.489282,0.122584,-0.162269,-0.215115,-0.432618,93.75,0.220799,9.0144,0.6610
9232,0.000325,0.246210,605.85,821.26,1406.25,0.339536,0.011765,0.696092,0.990988,-0.082528,-0.344790,-0.601105,-0.658656,93.75,0.256803,11.6530,0.8136
9237,0.000339,0.293276,838.06,889.79,1921.88,0.598157,0.031373,-0.133726,0.506475,0.231367,-0.021495,-0.213642,-0.368980,187.50,0.184958,7.6028,0.6172
9243,0.000225,0.066032,754.03,890.00,1828.12,0.478871,0.066667,0.289188,0.734468,0.104360,-0.223048,-0.462103,-0.442864,93.75,0.140545,8.7110,0.7240
9248,0.000334,0.225425,764.49,871.39,1781.25,0.515599,0.039216,0.030113,0.603278,0.468254,-0.181884,-0.459758,-0.460004,93.75,0.115641,7.1412,0.6849
9253,0.000208,0.044238,673.19,874.49,1687.50,0.428917,0.062745,0.405523,0.856390,0.430549,-0.521283,-0.675719,-0.495460,93.75,0.119374,9.3015,0.7715
9259,0.000169,0.100244,666.75,892.69,1640.62,0.388331,0.117647,0.503966,0.882076,0.465260,-0.631765,-0.775943,-0.443595,93.75,0.130858,10.9607,0.7863
9264,0.000233,0.148914,834.20,948.72,2062.50,0.522670,0.058824,0.239456,0.322910,0.336619,-0.211361,-0.453391,-0.234233,281.25,0.055889,5.4920,0.6514
9269,0.000165,0.238344,708.92,895.63,1781.25,0.429746,0.050980,0.418416,0.797692,0.283734,-0.492384,-0.490381,-0.517076,93.75,0.093596,10.0690,0.7525
9275,0.000086,0.146409,780.76,977.72,1875.00,0.450661,0.211765,0.605709,0.939592,-0.034880,-0.895900,-0.278831,-0.335690,140.62,0.117768,14.2450,0.7465
9280,0.000086,0.124810,1055.07,1071.74,2578.12,0.598784,0.262745,0.329479,0.733958,-0.210317,-0.981037,0.021797,0.106119,140.62,0.071566,10.5058,0.6149
9285,0.000124,0.184767,1243.13,1042.31,2578.12,0.766360,0.090196,-0.230129,0.138149,-0.191773,-0.215929,0.221275,0.278407,93.75,0.036451,6.5894,0.4266
9291,0.000093,0.211923,1046.24,1029.43,2343.75,0.656446,0.227451,0.127205,0.367973,-0.165701,-0.224542,-0.131422,0.026489,93.75,0.046852,7.9803,0.5745
9296,0.000165,0.168201,1074.06,1079.41,2484.38,0.610678,0.192157,0.282065,0.468271,-0.126365,-0.604654,-0.182758,0.163442,93.75,0.052824,9.3552,0.5950
9301,0.000142,0.227300,1021.04,1060.20,2437.50,0.613176,0.149020,0.152885,0.452604,0.010762,-0.441113,-0.241320,0.066182,93.75,0.060850,9.7638,0.5964
9307,0.000081,0.300177,809.23,1009.28,2250.00,0.496351,0.211765,0.642074,0.734566,-0.147558,-0.617398,-0.479787,-0.131897,93.75,0.083436,11.5729,0.7299
9312,0.000076,0.154386,922.06,1042.95,2390.62,0.535622,0.301961,0.338503,0.567102,0.035382,-0.545534,-0.385592,-0.009861,93.75,0.057244,9.6575,0.6571
9317,0.000108,0.202825,1260.57,1129.32,2765.62,0.717110,0.129412,-0.450872,0.211847,0.261540,-0.283975,-0.233015,0.494475,234.38,0.030248,6.2089,0.4378
9323,0.000070,0.232201,1122.20,1061.71,2578.12,0.641694,0.262745,-0.753403,0.397421,0.549345,-0.311406,-0.160505,0.278549,281.25,0.036205,6.5150,0.4410
9328,0.000084,0.130239,1253.26,1096.61,2765.62,0.673330,0.235294,-1.185290,0.135494,0.693003,-0.148519,-0.008988,0.514299,328.12,0.036552,7.8800,0.3148
9333,0.000075,0.278085,1351.99,1138.21,2906.25,0.726127,0.239216,-0.496624,-0.061958,0.356806,-0.281758,-0.140745,0.624280,328.12,0.025175,5.2468,0.3726
9339,0.000076,0.219803,1321.48,1120.26,2859.38,0.732360,0.270588,-0.762361,0.037198,0.359610,-0.020663,-0.134622,0.520839,375.00,0.027483,5.4755,0.3645
9344,0.000095,0.165539,1414.23,1139.83,2906.25,0.687068,0.133333,-0.887821,-0.101423,0.444088,-0.068774,-0.125727,0.739659,375.00,0.024367,5.6776,0.3097
9349,0.000094,0.228230,1272.20,1124.32,2765.62,0.618128,0.219608,-0.499201,0.104551,0.570734,-0.443045,-0.349242,0.616204,328.12,0.033932,7.3119,0.4180
9355,0.000087,0.265779,1070.02,1017.59,2484.38,0.624797,0.227451,-0.441267,0.117061,0.518163,-0.123680,-0.268708,0.198430,328.12,0.046633,9.0544,0.4683
9360,0.000103,0.167692,1098.31,1064.02,2578.12,0.637574,0.207843,-0.585111,0.340693,0.574773,-0.315560,-0.268221,0.253427,328.12,0.040369,7.7702,0.4713
9365,0.000104,0.265123,1153.27,1005.10,2484.38,0.672219,0.129412,-0.718608,0.229325,0.232141,-0.281614,0.349317,0.189440,328.12,0.031829,5.8759,0.3743
9371,0.000135,0.306449,1135.99,868.49,2109.38,0.600728,0.105882,-1.638937,0.281249,0.451267,-0.023167,0.873910,0.055678,281.25,0.038905,6.2902,0.2417
9376,0.000102,0.218242,1073.71,822.02,1968.75,0.552880,0.200000,-1.760028,0.130113,0.440530,0.494039,0.712252,-0.016905,281.25,0.042777,6.4849,0.2382
9381,0.000115,0.272880,1020.11,809.26,1921.88,0.520870,0.188235,-1.461246,-0.010118,0.449370,0.676735,0.461407,-0.116147,750.00,0.035628,4.8338,0.2873
9387,0.000114,0.216135,1155.30,830.89,2062.50,0.617280,0.172549,-1.466176,-0.298159,0.302307,0.554604,0.861998,0.045425,1265.62,0.034396,4.7745,0.2082
9392,0.000096,0.221717,1270.45,913.70,2578.12,0.671487,0.215686,-1.668763,-0.574981,0.398874,0.577050,0.923686,0.344134,328.12,0.034732,4.7712,0.1473
9397,0.000107,0.234227,1157.22,913.05,2296.88,0.651057,0.156863,-1.571782,-0.080253,0.560467,0.320606,0.664125,0.106838,328.12,0.029519,4.1024,0.2294
9403,0.000113,0.209559,1280.77,933.59,2531.25,0.702773,0.188235,-1.600903,-0.207314,0.269385,0.435925,0.764985,0.337920,281.25,0.025804,3.6373,0.1891
9408,0.000129,0.239605,1274.86,905.84,2484.38,0.712991,0.172549,-1.516092,-0.364049,0.395332,0.227875,0.910104,0.346830,421.88,0.028950,3.6546,0.1724
9413,0.000116,0.241756,1273.38,954.22,2578.12,0.678333,0.184314,-1.265096,-0.187055,0.364732,0.120815,0.718025,0.248581,421.88,0.036117,4.4322,0.2298
9419,0.000122,0.237180,1308.85,956.75,2578.12,0.720442,0.152941,-1.025901,-0.267811,0.156521,0.203377,0.733488,0.200327,468.75,0.039728,4.6471,0.2472
9424,0.000105,0.174808,1182.71,951.33,2250.00,0.693666,0.231373,-1.258078,0.051216,0.388270,0.121897,0.579399,0.117295,187.50,0.035148,4.4033,0.2785
9429,0.000115,0.195495,1124.93,961.01,2343.75,0.670766,0.176471,-0.828416,-0.121119,0.346807,0.268246,0.295530,0.038951,515.62,0.032129,4.1846,0.3448
9435,0.000121,0.145732,1199.64,996.91,2625.00,0.727506,0.152941,-0.717898,0.049838,0.138813,0.073923,0.326651,0.128672,234.38,0.031925,4.4919,0.3632
9440,0.000105,0.208734,1084.35,960.69,2250.00,0.641820,0.250980,-0.768976,0.410560,0.156701,-0.163439,0.357084,0.008070,187.50,0.053657,7.9207,0.4105
9445,0.000116,0.217830,1076.81,989.11,2343.75,0.660746,0.188235,-0.853248,0.268001,0.361450,0.063723,0.019406,0.140668,187.50,0.044930,6.7223,0.4079
9451,0.000138,0.239821,1076.17,949.80,2296.88,0.667750,0.180392,-0.924966,0.038014,0.407959,0.270548,0.206395,0.002051,328.12,0.035606,4.8697,0.3664
9456,0.000111,0.294061,1092.68,942.04,2296.88,0.630076,0.192157,-0.411509,0.282990,-0.335553,0.169244,0.381746,-0.086918,187.50,0.049953,6.5190,0.4473
9461,0.000109,0.211207,1034.10,909.82,2250.00,0.615901,0.203922,-0.517959,0.367966,-0.230190,0.334411,0.160584,-0.114813,187.50,0.051005,6.4446,0.4755
9467,0.000149,0.170881,1087.49,940.15,2484.38,0.611470,0.172549,-0.882950,0.133395,0.189183,0.428914,0.127739,0.003720,234.38,0.039888,5.8174,0.3916
9472,0.000104,0.252631,1128.19,962.70,2484.38,0.638377,0.270588,-0.894017,0.118254,0.208735,0.377010,0.122913,0.067104,281.25,0.042737,5.4621,0.3816
9477,0.000094,0.229672,1215.14,983.11,2625.00,0.652055,0.294118,-0.996964,0.116429,-0.161350,0.562387,0.267882,0.211616,703.12,0.035127,4.4223,0.3363
9483,0.000133,0.145524,1384.09,1041.30,2765.62,0.714759,0.180392,-0.654102,-0.232832,-0.737267,0.682686,0.405467,0.536047,703.12,0.032928,5.0338,0.2861
9488,0.000150,0.305305,1276.98,990.93,2625.00,0.735361,0.176471,-0.386966,-0.022077,-0.778233,0.522500,0.296348,0.368428,750.00,0.036178,4.6874,0.3689
9493,0.000149,0.325835,1235.67,963.47,2484.38,0.670467,0.243137,-0.929776,-0.049059,-0.021323,0.529877,0.184921,0.285360,796.88,0.043810,4.7423,0.3264
9499,0.000179,0.216357,1188.80,961.73,2531.25,0.619156,0.145098,-0.944257,0.014168,0.012552,0.650532,0.042462,0.224542,796.88,0.050057,5.1096,0.3547
9504,0.000168,0.257404,1160.28,944.11,2484.38,0.681611,0.121569,-1.362495,0.001403,0.273141,0.645943,0.187675,0.254331,187.50,0.047541,4.2983,0.2887
9509,0.000237,0.178426,1137.95,967.40,2437.50,0.628231,0.066667,-0.763093,0.180595,-0.036822,0.532508,-0.084202,0.171012,140.62,0.053380,5.2165,0.4171
9515,0.000748,0.372686,928.00,958.62,2203.12,0.587089,0.023529,0.108198,0.418978,-0.073748,0.084085,-0.306832,-0.230681,140.62,0.111797,8.1780,0.6300
9520,0.001088,0.520164,753.64,909.46,1828.12,0.503500,0.011765,0.328247,0.843514,0.009789,-0.227853,-0.482946,-0.470751,140.62,0.313084,11.7529,0.7432
9525,0.000687,0.269724,513.62,758.31,984.38,0.280524,0.011765,0.841918,1.305170,-0.164840,-0.394337,-0.719313,-0.868598,140.62,0.574993,19.7155,0.8662
9531,0.000868,0.274217,484.57,686.93,937.50,0.274872,0.007843,0.919295,1.138962,0.021819,-0.154877,-0.803530,-1.121670,140.62,0.495066,15.2165,0.8799
9536,0.000824,0.167121,575.54,754.45,1171.88,0.358841,0.011765,0.731337,0.939090,-0.083927,-0.052088,-0.616268,-0.918144,93.75,0.486519,14.9536,0.8324
9541,0.000998,0.201397,576.24,754.34,1031.25,0.329801,0.023529,0.685796,1.036741,-0.212563,0.143074,-0.817794,-0.835254,140.62,0.516246,15.9981,0.8439
9547,0.000926,0.299758,679.96,838.05,1359.38,0.443688,0.015686,0.592546,0.677073,0.054996,0.169860,-0.829435,-0.665040,140.62,0.498506,12.5144,0.7993
9552,0.000839,0.169086,557.34,734.33,984.38,0.303234,0.023529,0.716219,1.035976,-0.085883,0.151050,-0.849720,-0.967642,140.62,0.549513,14.0079,0.8563
9557,0.000959,0.244496,671.85,786.84,1359.38,0.402441,0.023529,0.393129,0.671756,0.050647,0.165497,-0.440021,-0.841008,93.75,0.517939,12.2199,0.7637
9563,0.000878,0.149823,702.53,833.31,1546.88,0.467196,0.003922,0.533835,0.666209,-0.154838,-0.071631,-0.262385,-0.711190,93.75,0.541577,12.7683,0.7478
9568,0.000864,0.180098,611.06,801.22,1312.50,0.361729,0.007843,0.689981,1.007213,-0.093287,-0.241409,-0.623755,-0.738742,140.62,0.527152,15.2945,0.8220
9573,0.001247,0.317104,696.93,838.45,1500.00,0.481614,0.003922,0.414760,0.649543,0.221333,0.024612,-0.656089,-0.654158,93.75,0.520273,11.7222,0.7663
9579,0.001181,0.159316,512.48,730.47,984.38,0.327087,0.011765,0.907205,1.136814,-0.062690,-0.243418,-0.780621,-0.957290,93.75,0.619494,16.3799,0.8689
9584,0.000939,0.144147,354.35,566.52,609.38,0.191077,0.031373,1.369475,1.413307,0.090932,-0.464032,-1.040807,-1.368875,93.75,0.735896,21.8296,0.9306
9589,0.001261,0.176226,338.98,564.72,562.50,0.175187,0.011765,1.499550,1.616293,-0.346703,-0.265306,-1.252094,-1.251741,140.62,0.714490,21.9666,0.9432
9595,0.001260,0.165301,452.91,689.22,843.75,0.269278,0.015686,1.138166,1.334749,-0.211771,-0.349679,-0.916241,-0.995224,140.62,0.737760,21.0833,0.8995
9600,0.001132,0.360678,557.70,771.95,1171.88,0.378203,0.015686,0.817259,0.919032,0.146305,-0.251803,-0.753911,-0.876882,93.75,0.750158,16.2154,0.8434
9605,0.001311,0.124965,491.68,742.57,937.50,0.277750,0.011765,1.014851,1.180259,-0.050395,-0.435811,-0.800607,-0.908297,93.75,0.778577,17.7022,0.8757
9611,0.001206,0.201739,641.08,826.58,1453.12,0.459030,0.007843,0.638599,0.852569,0.030296,-0.304837,-0.506379,-0.710249,93.75,0.777042,15.2392,0.7948
9616,0.000955,0.150568,525.36,738.80,1125.00,0.273840,0.007843,0.847429,1.146034,-0.052014,-0.340700,-0.703584,-0.897165,140.62,0.696362,14.7317,0.8578
9621,0.001133,0.361987,757.41,866.58,1734.38,0.524494,0.015686,0.234977,0.597536,0.187975,-0.105107,-0.349499,-0.565882,93.75,0.596940,10.2623,0.7056
9627,0.001076,0.024053,749.88,879.18,1781.25,0.497488,0.011765,0.330681,0.597770,0.166048,-0.220055,-0.340611,-0.533832,93.75,0.581945,11.0978,0.7112
9632,0.000904,0.248593,597.66,788.50,1312.50,0.319927,0.015686,0.685894,0.990633,-0.020254,-0.319493,-0.560863,-0.775917,93.75,0.589043,13.0902,0.8186
9637,0.001103,0.321907,790.49,858.88,1734.38,0.574751,0.003922,0.076466,0.521199,0.235332,-0.035933,-0.254692,-0.542373,93.75,0.563816,9.6836,0.6676
9643,0.000595,0.090184,602.85,782.91,1312.50,0.340929,0.039216,0.644088,0.954502,0.018546,-0.267732,-0.562069,-0.787335,93.75,0.533820,12.6969,0.8137
9648,0.000598,0.268757,725.77,864.32,1640.62,0.491138,0.047059,0.298057,0.639458,0.250700,-0.208164,-0.382528,-0.597522,93.75,0.420221,9.5190,0.7229
9653,0.000514,0.049945,842.32,895.97,1828.12,0.566086,0.027451,-0.022976,0.312355,0.301692,0.041870,-0.189419,-0.443523,93.75,0.258062,7.0795,0.6133
9659,0.000468,0.212932,662.12,811.93,1406.25,0.375481,0.019608,0.520713,0.751309,-0.120804,0.058767,-0.506831,-0.703154,93.75,0.285625,10.3999,0.7757
9664,0.000522,0.200821,845.41,872.10,1828.12,0.598421,0.015686,-0.077141,0.460612,0.019560,0.116253,-0.056246,-0.463038,93.75,0.236515,8.6512,0.6110
9669,0.000579,0.189228,636.22,783.22,1312.50,0.414276,0.019608,0.636460,0.825699,-0.252639,0.088018,-0.471706,-0.825834,140.62,0.277103,12.3950,0.7990
9675,0.000536,0.160387,611.92,783.15,1218.75,0.401662,0.003922,0.622193,0.822168,0.061373,-0.027238,-0.670106,-0.808390,93.75,0.294290,12.2983,0.8118
9680,0.000711,0.371661,791.56,867.69,1734.38,0.544190,0.011765,-0.132253,0.409533,0.470349,0.012118,-0.305950,-0.453797,93.75,0.263492,8.4827,0.6268
9685,0.000923,0.216236,623.96,804.39,1312.50,0.329660,0.003922,0.557219,0.748509,0.213826,-0.141299,-0.691885,-0.686369,93.75,0.319213,11.0911,0.7928
9691,0.000772,0.368646,724.44,854.40,1640.62,0.510010,0.015686,0.146939,0.585069,0.489506,-0.193060,-0.535898,-0.492556,93.75,0.395048,9.3317,0.7069
9696,0.000920,0.145478,601.61,794.85,1312.50,0.323940,0.011765,0.680584,0.875662,0.121531,-0.325557,-0.617182,-0.735038,93.75,0.447961,12.5292,0.8106
9701,0.000672,0.295536,758.71,857.75,1734.38,0.546555,0.015686,0.139213,0.518487,0.305541,-0.140674,-0.281113,-0.541454,93.75,0.453959,10.1235,0.6770
9707,0.000861,0.107633,585.21,792.22,1312.50,0.308240,0.011765,0.763442,0.956011,0.008602,-0.362944,-0.594394,-0.770717,93.75,0.459742,13.7625,0.8238
9712,0.000782,0.258399,710.02,846.53,1640.62,0.510059,0.003922,0.355004,0.596054,0.178305,-0.173277,-0.383823,-0.572264,93.75,0.449367,12.4061,0.7218
9717,0.000407,0.132998,519.58,756.71,1125.00,0.327013,0.062745,0.962677,0.941276,0.151296,-0.450209,-0.735021,-0.870019,93.75,0.493613,16.9960,0.8525
9723,0.000435,0.188019,395.59,651.94,656.25,0.222758,0.023529,1.298418,1.427120,-0.039439,-0.583334,-1.032391,-1.070373,140.62,0.363524,17.1167,0.9179
9728,0.000379,0.162886,539.62,784.18,1031.25,0.320337,0.011765,0.665687,1.179175,0.096734,-0.350566,-0.836647,-0.754383,187.50,0.261649,15.8700,0.8479
9733,0.000231,0.141032,570.35,785.52,1171.88,0.339834,0.117647,0.587029,1.110138,0.187924,-0.371853,-0.774547,-0.738690,140.62,0.224484,14.3531,0.8327
9739,0.000394,0.263845,778.05,869.82,1734.38,0.505621,0.027451,0.078791,0.529315,0.179852,0.039148,-0.323771,-0.503335,187.50,0.142518,8.6766,0.6721
9744,0.000229,0.174690,813.29,900.86,1828.12,0.561198,0.031373,0.274468,0.395929,0.105654,-0.071375,-0.261895,-0.442781,140.62,0.159114,8.8146,0.6654
9749,0.000528,0.134799,680.21,865.80,1640.62,0.369054,0.011765,0.638998,0.777577,-0.049379,-0.319451,-0.500297,-0.547447,93.75,0.177086,12.3118,0.7742
9755,0.000484,0.334867,740.52,844.19,1640.62,0.523604,0.031373,0.234313,0.611688,0.144311,-0.116944,-0.271994,-0.601373,93.75,0.202978,9.8370,0.7026
9760,0.000351,0.194622,545.16,764.95,1218.75,0.317741,0.035294,0.807889,1.108911,-0.075067,-0.402609,-0.635699,-0.803424,140.62,0.271501,14.0720,0.8426
9765,0.000408,0.212415,697.88,845.73,1546.88,0.479632,0.031373,0.213094,0.750894,0.184073,-0.147099,-0.442959,-0.558004,93.75,0.214674,11.1609,0.7276
9771,0.000338,0.139561,565.11,804.93,1265.62,0.335563,0.027451,0.829322,1.110806,-0.127532,-0.469034,-0.681816,-0.661746,140.62,0.215320,14.1294,0.8378
9776,0.000114,0.073358,589.84,846.28,1359.38,0.351580,0.200000,0.958638,1.232889,-0.389233,-0.652983,-0.596221,-0.553090,140.62,0.245470,20.2709,0.8416
9781,0.000134,0.274160,805.34,919.09,1921.88,0.557081,0.145098,0.218678,0.709163,-0.031139,-0.248414,-0.273165,-0.375122,140.62,0.123090,9.9322,0.6874
9787,0.000113,0.027634,879.69,963.79,2156.25,0.523138,0.145098,0.214376,0.467793,0.020148,-0.192515,-0.348136,-0.161667,140.62,0.056225,8.2519,0.6447
9792,0.000164,0.148914,899.15,1024.83,2296.88,0.560210,0.062745,0.285466,0.505646,0.125784,-0.418746,-0.450639,-0.047512,93.75,0.057919,10.2287,0.6558
9797,0.000115,0.249298,772.56,965.94,1968.75,0.469644,0.152941,0.336959,0.858497,0.215891,-0.531831,-0.595923,-0.283595,187.50,0.061479,9.8113,0.7384
9803,0.000096,0.223610,737.27,904.55,1734.38,0.455293,0.223529,0.174190,0.839404,0.341294,-0.351046,-0.480428,-0.523414,140.62,0.055166,8.4151,0.7328
9808,0.000064,0.210176,938.21,926.62,2062.50,0.573821,0.325490,-0.498244,0.324892,0.537695,-0.094219,-0.035207,-0.234920,281.25,0.053248,9.2891,0.5121
9813,0.000108,0.207451,1123.75,1023.90,2531.25,0.664884,0.152941,-0.683345,0.255273,0.464605,-0.204050,-0.136288,0.303805,281.25,0.031018,6.3564,0.4261
9819,0.000094,0.218489,1093.93,1028.12,2578.12,0.649127,0.192157,-0.683733,0.307569,0.463530,-0.025910,-0.298993,0.237538,281.25,0.027017,4.9695,0.4607
9824,0.000684,0.411290,963.23,1019.50,2343.75,0.628493,0.003922,0.013327,0.421456,0.138733,-0.242868,-0.282211,-0.048437,93.75,0.060746,7.6061,0.5945
9829,0.001044,0.602284,608.38,828.50,1406.25,0.398778,0.003922,0.771506,0.891188,0.006264,-0.492696,-0.452917,-0.723344,93.75,0.256434,13.2916,0.8053
9835,0.000725,0.351202,434.67,714.77,750.00,0.263053,0.023529,1.206495,1.312601,0.103293,-0.759944,-0.961534,-0.900911,93.75,0.503828,18.1374,0.8994
9840,0.000913,0.231815,513.27,748.72,1078.12,0.339659,0.019608,0.934622,1.219686,-0.133387,-0.481550,-0.673944,-0.865428,93.75,0.510895,15.4240,0.8638
9845,0.000626,0.319651,730.89,855.14,1640.62,0.528745,0.023529,0.234057,0.675499,0.138507,-0.144537,-0.327013,-0.576513,93.75,0.466639,11.7204,0.7123
9851,0.000723,0.126589,585.36,793.28,1312.50,0.305934,0.011765,0.774480,1.008694,-0.160467,-0.337696,-0.554547,-0.730464,93.75,0.417180,13.0795,0.8226
9856,0.000542,0.297724,809.83,865.78,1781.25,0.562124,0.039216,-0.026097,0.516121,0.150455,-0.023163,-0.117110,-0.500207,93.75,0.353345,9.9723,0.6350
9861,0.000416,0.157501,609.62,814.09,1406.25,0.414674,0.019608,0.771819,0.956162,-0.188758,-0.323838,-0.472069,-0.743317,93.75,0.361117,13.4848,0.8133
9867,0.000519,0.092037,648.94,849.94,1546.88,0.423247,0.039216,0.617252,0.828350,0.105687,-0.399773,-0.513150,-0.638366,93.75,0.272413,12.5688,0.7856
9872,0.000595,0.366451,817.34,882.24,1828.12,0.585705,0.011765,-0.075243,0.399465,0.376691,-0.046664,-0.217291,-0.436959,234.38,0.177695,6.0222,0.6199
9877,0.000724,0.214160,593.32,801.86,1312.50,0.377118,0.003922,0.749263,0.937750,0.104579,-0.402465,-0.612835,-0.776292,93.75,0.299272,12.9294,0.8232
9883,0.000822,0.178600,377.47,631.79,468.75,0.205712,0.011765,1.425427,1.547506,0.063506,-0.919505,-1.108005,-1.008930,140.62,0.399237,21.9204,0.9272
9888,0.000701,0.234091,336.64,572.80,421.88,0.185928,0.011765,1.458263,1.576783,0.180148,-0.794267,-1.138936,-1.281990,93.75,0.463633,20.5609,0.9387
9893,0.000513,0.308455,522.26,761.94,1125.00,0.349143,0.031373,0.902854,0.993657,0.111822,-0.460293,-0.665749,-0.882291,93.75,0.449080,16.5505,0.8484
9899,0.000744,0.297531,741.87,879.27,1734.38,0.539273,0.011765,0.331480,0.490950,0.171979,-0.186787,-0.305139,-0.502483,187.50,0.188114,5.7124,0.6932
9904,0.000456,0.164630,551.14,776.16,1218.75,0.280544,0.031373,0.826145,1.002746,-0.026267,-0.422832,-0.626372,-0.753419,93.75,0.353791,13.1830,0.8326
9909,0.000621,0.264724,736.86,858.44,1687.50,0.527270,0.019608,0.157275,0.635897,0.275825,-0.212286,-0.319134,-0.537577,93.75,0.307272,10.2693,0.6953
9915,0.000531,0.117194,611.52,809.62,1406.25,0.326741,0.003922,0.648977,0.882704,0.004788,-0.286446,-0.585248,-0.664775,93.75,0.283193,11.8142,0.8007
9920,0.000702,0.344157,792.93,887.06,1828.12,0.577106,0.011765,0.102458,0.461879,0.212294,-0.047098,-0.290199,-0.439334,234.38,0.177535,5.7927,0.6563
9925,0.000535,0.108766,588.07,800.42,1359.38,0.387731,0.015686,0.702098,0.801986,0.199971,-0.370578,-0.558372,-0.775105,93.75,0.318007,13.1667,0.8051
9931,0.000297,0.258206,402.29,679.26,609.38,0.228761,0.039216,1.349311,1.459115,-0.254824,-0.710859,-0.914744,-0.927998,93.75,0.373115,18.6069,0.9110
9936,0.000154,0.163978,584.22,800.25,1265.62,0.393325,0.109804,0.808945,1.035623,-0.111844,-0.302077,-0.723819,-0.706827,140.62,0.267724,15.5435,0.8372
9941,0.000270,0.039076,684.70,910.99,1687.50,0.436675,0.078431,0.520111,0.879970,0.068693,-0.336622,-0.719722,-0.412430,93.75,0.131927,13.0532,0.7801
9947,0.000408,0.175977,668.10,915.59,1734.38,0.397082,0.015686,0.819672,1.061190,-0.140656,-0.717716,-0.650845,-0.371646,93.75,0.127590,14.2077,0.8103
9952,0.000343,0.341817,478.72,723.21,843.75,0.268348,0.039216,0.847210,1.404081,0.280960,-0.958841,-0.791261,-0.782148,140.62,0.200834,16.6837,0.8713
9957,0.000179,0.190970,511.83,733.42,1125.00,0.297568,0.007843,0.519814,1.327033,0.363751,-0.913955,-0.491251,-0.805392,187.50,0.225638,19.2691,0.8280
9963,0.000085,0.154316,562.52,840.32,1312.50,0.313627,0.211765,0.835939,1.234997,0.058036,-0.864632,-0.672570,-0.591769,140.62,0.129835,12.3799,0.8413
9968,0.000293,0.128984,876.46,1060.18,2390.62,0.523976,0.019608,0.638777,0.645253,-0.062631,-0.658975,-0.499001,-0.063423,93.75,0.084787,12.5485,0.7157
9973,0.000128,0.339306,811.37,976.34,1968.75,0.514513,0.156863,0.292287,0.872959,-0.003770,-0.514765,-0.318673,-0.328039,187.50,0.087849,9.8403,0.7122
9979,0.000175,0.152894,678.28,931.87,1687.50,0.382266,0.035294,0.547460,1.117575,0.016865,-0.788594,-0.458406,-0.434900,187.50,0.122904,13.5431,0.7823
9984,0.000086,0.095860,864.82,987.23,2109.38,0.538280,0.203922,-0.071992,0.900481,0.055848,-0.500046,-0.233067,-0.151224,187.50,0.093124,14.6349,0.6471
9989,0.000107,0.275939,835.43,982.47,2203.12,0.492780,0.145098,0.277936,0.685791,0.151654,-0.484590,-0.573152,-0.057638,187.50,0.063880,9.2918,0.6894
9995,0.000497,0.227846,990.06,1020.62,2390.62,0.609689,0.023529,-0.058280,0.281342,0.264558,-0.183796,-0.407106,0.103283,375.00,0.034323,4.9338,0.5655
10000,0.000813,0.586720,651.92,854.60,1734.38,0.417386,0.003922,0.628265,0.901042,0.010775,-0.438819,-0.626486,-0.474776,93.75,0.177643,10.9012,0.7884
10005,0.000811,0.353822,437.63,721.05,656.25,0.228308,0.023529,1.268204,1.582932,-0.292321,-0.846033,-0.978030,-0.734753,140.62,0.429330,22.3523,0.9074
10011,0.000608,0.352198,591.86,801.46,1359.38,0.397067,0.047059,0.681628,1.134301,-0.055429,-0.423036,-0.612462,-0.725003,140.62,0.482235,16.3481,0.8287
10016,0.000772,0.381986,782.59,882.07,1781.25,0.564906,0.003922,0.090502,0.639485,0.236939,-0.141833,-0.334845,-0.490247,93.75,0.385552,9.7194,0.6851
10021,0.000464,0.084279,601.76,804.96,1406.25,0.307940,0.047059,0.673370,0.997386,-0.017216,-0.318172,-0.621390,-0.713978,93.75,0.371003,12.6218,0.8180
10027,0.000569,0.243644,736.47,846.49,1687.50,0.529545,0.043137,0.157271,0.646632,0.232145,-0.098503,-0.375247,-0.562298,93.75,0.338459,10.4480,0.7049
10032,0.000242,0.079554,604.31,807.53,1406.25,0.361971,0.117647,0.669922,0.930540,-0.035847,-0.255727,-0.605776,-0.703111,93.75,0.280189,11.9703,0.8107
10037,0.000331,0.167045,706.26,841.80,1546.88,0.469652,0.054902,0.255306,0.628580,0.294318,-0.159056,-0.331901,-0.687248,93.75,0.158694,7.7971,0.7214
10043,0.000296,0.023930,699.59,840.31,1593.75,0.418928,0.027451,0.098841,0.665447,0.438683,-0.204681,-0.418118,-0.580173,187.50,0.132388,10.0762,0.7071
10048,0.000143,0.264937,605.24,835.62,1453.12,0.385820,0.078431,0.668297,1.025273,0.240004,-0.712855,-0.699510,-0.521209,140.62,0.161388,11.7267,0.8111
10053,0.000292,0.103969,835.96,972.53,2062.50,0.555008,0.035294,0.380638,0.720586,-0.223662,-0.415251,-0.233266,-0.229045,93.75,0.131536,13.0751,0.6861
10059,0.000163,0.166700,723.76,965.16,1921.88,0.423078,0.047059,0.743291,0.914209,-0.281094,-0.565619,-0.483024,-0.327764,93.75,0.126950,13.3348,0.7745
10064,0.000204,0.233720,722.84,871.51,1687.50,0.493305,0.058824,0.357722,0.724816,0.172544,-0.393788,-0.310121,-0.551173,93.75,0.124690,11.6770,0.7255
10069,0.000140,0.080136,774.26,943.00,1921.88,0.458995,0.188235,0.509969,0.812111,-0.133786,-0.437135,-0.383256,-0.367904,93.75,0.097423,12.2147,0.7382
10075,0.000130,0.222973,791.17,977.27,2062.50,0.462346,0.121569,0.326560,0.797531,0.259123,-0.473259,-0.598186,-0.311769,140.62,0.076043,9.9194,0.7344
10080,0.000145,0.209792,885.62,963.65,2203.12,0.549420,0.094118,-0.225514,0.535327,0.494388,-0.282194,-0.367626,-0.154382,281.25,0.052085,6.6370,0.6025
10085,0.000108,0.163470,819.60,956.45,2062.50,0.499743,0.160784,0.270226,0.695723,0.072657,-0.345487,-0.424244,-0.268875,140.62,0.064362,10.0993,0.6963
10091,0.000096,0.126199,947.66,1059.43,2484.38,0.506098,0.247059,0.411945,0.691939,-0.176414,-0.471648,-0.442675,-0.013146,140.62,0.070669,14.4149,0.6856
10096,0.000134,0.167190,1089.10,1139.30,2718.75,0.608698,0.133333,0.387006,0.558177,-0.213113,-0.644529,-0.350426,0.262885,140.62,0.043448,9.2976,0.6263
10101,0.000103,0.352323,1010.55,1069.05,2484.38,0.585892,0.200000,-0.102840,0.469686,0.396003,-0.603159,-0.265791,0.106100,93.75,0.039091,6.8469,0.5654
10107,0.000108,0.185813,953.68,1013.03,2296.88,0.535865,0.168627,-0.075802,0.504249,0.272635,-0.486802,-0.179237,-0.035043,187.50,0.047044,8.1362,0.5797
10112,0.000090,0.186725,978.02,1022.16,2343.75,0.576742,0.258824,-0.276983,0.773446,0.239684,-0.467260,-0.263886,-0.005001,234.38,0.047088,9.3562,0.5945
10117,0.000084,0.213069,1201.62,1150.70,2718.75,0.638516,0.329412,-0.075219,0.497965,-0.124104,-0.479171,-0.227099,0.407627,93.75,0.032100,7.3570,0.5302
10123,0.000108,0.204726,1251.16,1159.07,2671.88,0.658765,0.282353,0.060097,0.368783,-0.256261,-0.444883,-0.216687,0.488950,93.75,0.029304,6.5974,0.5196
10128,0.000097,0.278511,1247.50,1062.03,2671.88,0.732456,0.290196,-0.549141,0.229488,0.053463,-0.067781,-0.033680,0.367653,93.75,0.025239,5.0512,0.4190
10133,0.000094,0.194046,1181.60,1062.42,2718.75,0.692248,0.215686,-0.356230,0.164543,0.046145,-0.078035,-0.004465,0.228042,187.50,0.024421,5.0169,0.4483
10139,0.000101,0.193349,1187.22,1058.87,2718.75,0.667420,0.176471,-1.189162,0.100960,0.595057,0.077318,0.090426,0.325399,281.25,0.021007,4.7894,0.3204
10144,0.000092,0.249390,1183.88,1032.89,2531.25,0.666195,0.254902,-1.669986,0.373677,0.818234,-0.190687,0.328923,0.339840,281.25,0.041234,9.0581,0.2724
10149,0.000072,0.253071,1298.11,1054.90,2671.88,0.680952,0.360784,-1.679070,0.050999,0.802637,-0.070381,0.321759,0.574056,281.25,0.040290,7.9430,0.2206
10155,0.000093,0.197669,1418.55,1076.42,2812.50,0.738242,0.219608,-1.349003,-0.072822,0.514072,-0.103847,0.228823,0.782776,328.12,0.026193,5.6944,0.2285
10160,0.000077,0.217618,1352.98,1108.21,2859.38,0.694775,0.313726,-0.920171,0.284775,0.384997,-0.493135,0.103119,0.640414,234.38,0.021924,4.8184,0.3342
10165,0.000118,0.269062,1311.07,1071.02,2765.62,0.722690,0.156863,-0.843258,0.200079,0.280098,-0.175668,0.085910,0.452838,281.25,0.035080,7.1366,0.3564
10171,0.000096,0.296854,1139.77,1031.27,2484.38,0.642515,0.200000,-0.609697,0.351469,0.288773,-0.183037,-0.025574,0.178066,281.25,0.038103,6.4475,0.4488
10176,0.000101,0.197687,1252.88,1095.37,2718.75,0.695579,0.227451,-0.858800,0.310591,0.400567,-0.178491,-0.061784,0.387918,234.38,0.043322,7.2516,0.3924
10181,0.000067,0.244264,1323.33,1086.32,2812.50,0.720867,0.341176,-1.348426,0.116394,0.421010,0.263036,0.007469,0.540517,281.25,0.040146,6.4616,0.2911
10187,0.000087,0.160371,1361.13,1003.15,2625.00,0.760733,0.231373,-1.389526,-0.239765,0.178947,0.438098,0.401307,0.610938,281.25,0.022468,4.2089,0.2107
10192,0.000111,0.204044,1516.05,1040.06,2906.25,0.800341,0.243137,-1.399594,-0.475681,0.066774,0.444066,0.580083,0.784353,1078.12,0.012987,2.6939,0.1652
10197,0.000108,0.316246,1241.71,1024.86,2671.88,0.695078,0.172549,-1.363010,0.080081,0.412905,0.237160,0.275892,0.356971,281.25,0.032881,5.3569,0.2773
10203,0.000096,0.213340,1225.79,1009.73,2625.00,0.713020,0.243137,-1.349304,0.064676,0.382556,0.356691,0.214523,0.330858,281.25,0.042960,7.0443,0.2860
10208,0.000108,0.232360,1267.61,1020.67,2625.00,0.721744,0.207843,-0.978019,0.018288,0.248433,0.221130,0.061734,0.428435,328.12,0.038022,5.7706,0.3263
10213,0.000087,0.188840,1325.64,1052.25,2718.75,0.732268,0.321569,-1.060517,0.033518,0.413690,-0.127791,0.147508,0.593592,328.12,0.041330,6.5266,0.2923
10219,0.000080,0.171477,1433.99,1066.45,2812.50,0.739485,0.290196,-1.547624,0.025824,0.457716,-0.037818,0.318522,0.783380,281.25,0.031684,5.3342,0.2122
10224,0.000089,0.237554,1543.58,1125.52,3046.88,0.771745,0.337255,-0.761824,-0.070870,-0.116894,-0.017837,0.169072,0.798353,187.50,0.017176,3.2194,0.2890
10229,0.000123,0.259182,1574.55,1152.94,3000.00,0.753804,0.137255,-0.851029,-0.057146,0.073663,0.109327,-0.110163,0.835347,281.25,0.019231,3.7425,0.3065
10235,0.000125,0.359190,1303.18,1063.53,2812.50,0.738718,0.196078,-1.465870,0.111865,0.508467,0.324707,-0.030094,0.550927,281.25,0.040089,5.8231,0.2814
10240,0.000105,0.250050,1277.55,987.66,2390.62,0.728457,0.207843,-1.639339,0.258314,0.460034,0.013892,0.382316,0.524782,234.38,0.053159,6.9444,0.2416
10245,0.000181,0.222855,1464.03,1075.99,2765.62,0.715408,0.113725,-1.085971,0.329521,0.103012,-0.317284,0.185143,0.785580,234.38,0.053654,7.0951,0.2966
10251,0.000271,0.341064,1438.36,1070.70,2625.00,0.752149,0.047059,-1.077213,0.244459,0.296652,-0.319709,0.219962,0.635850,234.38,0.064083,6.6629,0.3006
10256,0.000464,0.411573,1206.81,1025.56,2484.38,0.615618,0.062745,-0.781247,0.542443,0.341462,-0.592049,0.101913,0.387478,234.38,0.135199,9.1876,0.4100
10261,0.000476,0.332744,973.60,970.99,2343.75,0.571968,0.019608,-0.754679,0.666658,0.686817,-0.478772,-0.180741,0.060717,234.38,0.226150,11.5883,0.5040
10267,0.000335,0.212277,903.32,951.83,2203.12,0.524882,0.031373,-0.659566,0.876334,0.572766,-0.554481,-0.242738,0.007685,234.38,0.263138,12.7919,0.5562
10272,0.000559,0.171798,914.99,915.70,2109.38,0.513117,0.007843,-0.647803,0.754047,0.349581,-0.311380,-0.032558,-0.111887,187.50,0.249189,12.1501,0.5313
10277,0.000592,0.202039,766.79,892.42,1968.75,0.425186,0.031373,-0.407332,0.886479,0.660419,-0.511685,-0.373585,-0.254295,187.50,0.280705,13.4048,0.6350
10283,0.000405,0.170740,721.99,872.16,1828.12,0.359692,0.007843,-0.252395,0.983607,0.686411,-0.672399,-0.479322,-0.265903,187.50,0.338066,15.6406,0.6766
10288,0.000444,0.130315,687.86,830.02,1734.38,0.377901,0.070588,-0.414118,0.944377,0.837095,-0.404103,-0.626804,-0.336447,187.50,0.297430,14.5804,0.6785
10293,0.000360,0.110512,807.47,900.76,2062.50,0.444802,0.047059,-0.495278,0.736388,0.735450,-0.454243,-0.484156,-0.038161,187.50,0.237234,12.8026,0.5943
10299,0.000425,0.155907,858.14,907.75,2109.38,0.482702,0.039216,-0.623197,0.528746,0.725180,-0.178849,-0.402367,-0.049513,187.50,0.201944,10.1203,0.5446
10304,0.000280,0.148119,832.73,909.33,2156.25,0.442552,0.109804,-0.413073,0.474764,0.821719,-0.421082,-0.425516,-0.036811,375.00,0.205121,10.9134,0.5651
10309,0.000324,0.127067,747.11,853.95,1828.12,0.405392,0.070588,-0.333613,0.608391,0.927784,-0.444592,-0.510443,-0.247528,375.00,0.191192,10.1423,0.6263
10315,0.000393,0.104804,808.01,856.48,1921.88,0.500631,0.062745,-0.406381,0.328633,0.805879,-0.009253,-0.430290,-0.288589,375.00,0.162382,10.5783,0.5795
10320,0.000427,0.178571,803.06,895.02,2062.50,0.445146,0.039216,-0.308570,0.543216,0.874926,-0.200151,-0.755594,-0.153828,375.00,0.170502,10.3618,0.6392
10325,0.000322,0.237987,795.08,874.24,2062.50,0.433658,0.074510,-0.692093,0.554716,0.918521,-0.027651,-0.712059,-0.041434,375.00,0.178968,9.9831,0.5764
10331,0.000483,0.102042,695.14,782.55,1500.00,0.401750,0.039216,-0.677383,0.606226,1.056354,0.005397,-0.657426,-0.333168,375.00,0.194840,11.1549,0.6129
10336,0.000298,0.219120,625.03,748.82,1171.88,0.320013,0.133333,-0.097431,0.734255,0.944989,-0.252854,-0.744274,-0.584684,187.50,0.191225,10.0816,0.7277
10341,0.000582,0.163424,734.58,853.71,1921.88,0.417843,0.015686,-0.061188,0.677895,0.511884,-0.107207,-0.710752,-0.310633,187.50,0.212821,11.4796,0.6940
10347,0.000633,0.154089,665.05,807.64,1500.00,0.379993,0.031373,0.133605,0.802366,0.532789,-0.368857,-0.672870,-0.427032,187.50,0.252537,13.2626,0.7346
10352,0.000805,0.289225,555.13,749.32,1078.12,0.289228,0.003922,0.477838,1.074559,0.404956,-0.413122,-0.876433,-0.667799,140.62,0.369113,16.1199,0.8247
10357,0.000962,0.175849,538.73,789.15,890.62,0.286044,0.007843,0.651485,1.233772,0.231409,-0.402259,-1.085297,-0.629111,140.62,0.465083,19.3528,0.8581
10363,0.001023,0.172570,499.62,716.31,703.12,0.249736,0.007843,0.562146,1.248153,0.391634,-0.069592,-1.292019,-0.840322,140.62,0.513139,19.0842,0.8778
10368,0.001015,0.234083,481.65,662.44,656.25,0.237016,0.023529,0.485839,1.191261,0.433180,-0.002474,-1.080539,-1.027267,187.50,0.603253,17.6736,0.8690
10373,0.000814,0.174886,486.87,681.78,703.12,0.259940,0.007843,0.390404,1.284704,0.639699,-0.372286,-1.017956,-0.924565,187.50,0.657155,18.5865,0.8592
10379,0.001026,0.163742,576.75,735.20,1218.75,0.350858,0.015686,0.412458,1.044085,0.305494,-0.194596,-0.692095,-0.875345,140.62,0.545427,15.7058,0.8194
10384,0.001086,0.056278,562.78,744.78,1218.75,0.339694,0.015686,0.522772,1.141843,0.299923,-0.456765,-0.676867,-0.830905,140.62,0.551045,17.6694,0.8301
10389,0.001015,0.191960,481.21,690.08,796.88,0.240499,0.007843,0.563114,1.415837,0.377640,-0.572566,-0.924518,-0.859507,187.50,0.638714,20.0755,0.8678
10395,0.001218,0.173577,492.41,680.96,843.75,0.273815,0.011765,0.612204,1.301822,0.245691,-0.471373,-0.789737,-0.898607,140.62,0.673754,18.9236,0.8583
10400,0.001143,0.115743,459.91,649.08,656.25,0.229657,0.007843,0.693963,1.311530,0.465350,-0.518722,-0.987117,-0.965003,140.62,0.704738,19.2285,0.8786
10405,0.001091,0.139269,531.73,727.32,1078.12,0.311227,0.047059,0.551285,1.185223,0.211259,-0.287262,-0.735777,-0.924727,140.62,0.720933,18.6066,0.8453
10411,0.001169,0.078695,497.10,693.25,843.75,0.280068,0.007843,0.665136,1.215523,0.292548,-0.430358,-0.797803,-0.945045,140.62,0.728782,19.4712,0.8596
10416,0.000701,0.141262,458.31,649.45,656.25,0.228537,0.015686,0.694023,1.336163,0.543909,-0.713328,-0.973901,-0.886866,140.62,0.676068,18.1863,0.8750
10421,0.000528,0.112211,486.25,670.24,843.75,0.278188,0.031373,0.613876,1.234913,0.502447,-0.593615,-0.764365,-0.993256,140.62,0.543818,16.6829,0.8585
10427,0.000414,0.031992,517.61,723.47,937.50,0.285892,0.023529,0.504542,1.212332,0.530931,-0.635955,-0.785555,-0.826295,187.50,0.352802,16.6104,0.8408
10432,0.000450,0.132045,549.00,734.98,1031.25,0.294583,0.047059,0.179642,1.185311,0.749263,-0.724792,-0.765339,-0.624086,187.50,0.333760,17.6402,0.7985
10437,0.000410,0.079838,574.19,752.23,1125.00,0.314165,0.003922,0.137030,1.101648,0.595931,-0.439345,-0.757366,-0.637897,187.50,0.291043,16.9927,0.7887
10443,0.000317,0.203125,661.11,813.71,1312.50,0.358051,0.019608,0.199252,0.919912,0.254193,-0.140432,-0.622318,-0.610607,140.62,0.229404,14.5695,0.7642
10448,0.000231,0.190450,699.25,837.76,1500.00,0.442295,0.094118,0.105741,0.828423,0.234043,0.011698,-0.560300,-0.619606,187.50,0.201365,12.8499,0.7421
10453,0.000181,0.127767,779.12,858.37,1781.25,0.468905,0.086275,-0.079201,0.666512,0.266140,-0.131375,-0.269591,-0.452486,187.50,0.152254,12.1082,0.6581
10459,0.000169,0.164318,840.81,891.17,2015.62,0.538405,0.105882,-0.043659,0.560964,0.133611,-0.067635,-0.264902,-0.318379,187.50,0.110287,9.4312,0.6342
10464,0.000129,0.146598,969.70,1005.07,2343.75,0.604797,0.172549,-0.215155,0.325868,0.288635,0.067521,-0.462156,-0.004713,140.62,0.082867,8.4076,0.5717
10469,0.000113,0.180872,1017.11,1027.61,2437.50,0.609167,0.196078,-0.213315,0.342750,0.260276,0.011182,-0.325068,-0.075824,140.62,0.063712,7.1971,0.5659
10475,0.000111,0.082950,976.89,934.78,2203.12,0.624892,0.188235,-0.416222,0.248703,0.363919,0.223163,-0.209300,-0.210263,281.25,0.048099,6.5333,0.5315
10480,0.000103,0.175624,1005.19,957.02,2390.62,0.587137,0.196078,-0.510094,0.042975,0.502823,0.232226,-0.277540,0.009610,328.12,0.051341,8.0265,0.4751
10485,0.000095,0.184070,1088.78,1027.64,2531.25,0.646602,0.266667,-0.479869,0.133665,0.442340,-0.028339,-0.262769,0.194973,328.12,0.043452,6.7993,0.4653
10491,0.000098,0.171405,1131.38,1088.30,2578.12,0.631041,0.223529,-0.342562,0.342145,0.327797,-0.466244,-0.124864,0.263727,234.38,0.033660,5.9203,0.4826
10496,0.000122,0.237724,1219.52,1085.61,2765.62,0.701059,0.066667,-0.841419,0.205782,0.462284,-0.079496,-0.142913,0.395762,328.12,0.033728,6.0292,0.3907
10501,0.000079,0.173197,1068.20,1064.95,2578.12,0.587736,0.243137,-0.653311,0.473839,0.513136,-0.108139,-0.483468,0.257945,187.50,0.038397,6.4511,0.5058
10507,0.000099,0.186009,1146.89,1077.92,2625.00,0.650977,0.137255,-0.819257,0.343292,0.480542,-0.023689,-0.318915,0.338027,234.38,0.039093,6.6767,0.4384
10512,0.000094,0.217749,1235.23,1063.50,2671.88,0.633327,0.196078,-0.458222,-0.002272,0.268414,0.015030,-0.183704,0.360754,234.38,0.026554,4.9221,0.4210
10517,0.000074,0.239028,1121.89,1006.21,2531.25,0.658365,0.317647,-0.709138,0.139308,0.475411,0.017286,-0.117824,0.194956,281.25,0.036608,6.4994,0.4198
10523,0.000077,0.148078,1235.74,1027.98,2671.88,0.727011,0.262745,-1.181845,-0.216258,0.563521,0.286897,0.075337,0.472350,328.12,0.030851,6.3883,0.2743
10528,0.000221,0.215427,1332.05,1076.13,2812.50,0.774732,0.058824,-0.746655,-0.233087,0.200509,0.164896,0.115798,0.498539,375.00,0.024832,5.3417,0.3107
10533,0.000278,0.474936,897.25,995.50,2203.12,0.536445,0.109804,-0.128639,0.609599,0.309229,-0.216927,-0.467725,-0.105538,140.62,0.062892,8.0411,0.6288
10539,0.000851,0.425180,686.82,845.46,1593.75,0.407962,0.027451,0.366687,0.935973,0.169534,-0.292360,-0.646449,-0.533385,140.62,0.163898,13.7796,0.7758
10544,0.000646,0.495448,486.03,687.78,843.75,0.257592,0.007843,0.769477,1.322118,0.148223,-0.194232,-1.024965,-1.020621,140.62,0.364676,17.1586,0.8878
10549,0.000696,0.265273,511.45,710.84,984.38,0.302616,0.007843,0.883687,1.225604,-0.327706,-0.090248,-0.748997,-0.942338,140.62,0.494475,19.2181,0.8699
10555,0.000723,0.229611,674.81,793.88,1406.25,0.455185,0.015686,0.442767,0.773955,0.027283,-0.076270,-0.431124,-0.736610,140.62,0.465820,16.4066,0.7671
10560,0.000657,0.142685,527.34,681.43,937.50,0.302501,0.015686,0.513653,1.058631,0.407499,-0.074587,-0.850661,-1.054535,140.62,0.442532,16.1196,0.8505
10565,0.000548,0.117498,500.45,678.94,843.75,0.285834,0.003922,0.708511,1.177549,0.332635,-0.072249,-1.034578,-1.111866,140.62,0.440717,16.9248,0.8825
10571,0.000472,0.111640,525.87,684.63,843.75,0.293964,0.011765,0.624406,1.040505,0.283379,0.077211,-1.036078,-0.989423,140.62,0.386366,16.6103,0.8636
10576,0.000434,0.093282,497.24,653.77,796.88,0.251468,0.031373,0.714577,1.055127,0.383824,0.071965,-1.132997,-1.092497,140.62,0.339754,16.9283,0.8805
10581,0.000557,0.156155,493.44,660.60,796.88,0.251830,0.015686,0.680636,1.119381,0.389593,0.221735,-1.396456,-1.014888,140.62,0.297699,15.5312,0.8915
10587,0.000475,0.173833,542.26,663.01,843.75,0.272145,0.050980,0.352080,1.074211,0.329042,0.377955,-1.105188,-1.028099,140.62,0.269819,13.7990,0.8557
10592,0.000460,0.232354,535.30,683.47,890.62,0.271306,0.031373,0.461359,1.101645,0.487062,0.087875,-0.964414,-1.173527,140.62,0.290478,13.8906,0.8642
10597,0.000728,0.189142,618.02,757.58,1078.12,0.372319,0.007843,0.329520,0.848832,0.321030,0.080990,-0.630861,-0.949511,140.62,0.308349,13.5720,0.7989
10603,0.000524,0.323576,667.50,768.04,1312.50,0.445613,0.031373,0.298975,0.696292,0.245289,0.030332,-0.423784,-0.847104,140.62,0.368614,11.6790,0.7564
10608,0.000490,0.102384,579.98,700.12,984.38,0.300013,0.043137,0.244378,0.859276,0.623547,-0.017875,-0.751439,-0.957888,140.62,0.315945,11.6834,0.8032
10613,0.000567,0.199650,779.90,839.60,1687.50,0.517966,0.003922,-0.141612,0.693837,0.363906,-0.072195,-0.320602,-0.523333,140.62,0.252861,10.6969,0.6678
10619,0.000586,0.208426,604.03,739.66,1125.00,0.361704,0.023529,0.311930,1.001466,0.221638,-0.051137,-0.606827,-0.877070,140.62,0.313688,13.2247,0.8020
10624,0.000608,0.120791,497.68,652.61,843.75,0.253682,0.007843,0.564469,1.142405,0.434048,0.021431,-1.075016,-1.087337,140.62,0.367919,16.6359,0.8738
10629,0.000621,0.148970,496.60,636.05,843.75,0.246998,0.011765,0.497192,1.061836,0.499337,0.213393,-1.030093,-1.241666,140.62,0.372916,16.1506,0.8716
10635,0.000722,0.091803,484.42,645.70,796.88,0.250366,0.015686,0.576943,1.122004,0.402945,0.169354,-1.040005,-1.231241,140.62,0.385222,18.0108,0.8792
10640,0.000679,0.164990,523.77,684.13,890.62,0.278658,0.011765,0.664122,1.096369,-0.013435,0.248557,-0.934987,-1.060626,140.62,0.433537,19.0837,0.8674
10645,0.000648,0.194218,504.67,657.66,890.62,0.273248,0.015686,0.696542,1.113835,0.184626,0.174031,-1.037995,-1.131039,140.62,0.466564,18.0104,0.8797
10651,0.000674,0.099507,486.72,661.28,843.75,0.258140,0.023529,0.757934,1.188679,0.115794,0.224576,-1.136645,-1.150338,140.62,0.464543,19.2686,0.8925
10656,0.000673,0.071639,477.86,679.17,843.75,0.245033,0.011765,0.871185,1.208634,-0.081959,0.074390,-0.970552,-1.101698,140.62,0.461118,20.7821,0.8886
10661,0.000696,0.163999,452.37,642.32,750.00,0.229534,0.031373,0.770220,1.207341,0.261340,0.047887,-1.057594,-1.229195,140.62,0.440031,19.1339,0.8940
10667,0.000687,0.149995,434.63,614.61,796.88,0.221361,0.023529,0.860159,1.226613,0.341942,-0.078787,-1.041386,-1.308540,140.62,0.452621,18.4273,0.9019
10672,0.000673,0.156336,525.83,709.22,937.50,0.303648,0.015686,0.690788,1.090557,0.046727,0.065323,-0.886773,-1.006622,140.62,0.455750,18.7168,0.8626
10677,0.000727,0.216590,684.20,864.02,1546.88,0.425375,0.027451,0.705673,0.978604,-0.491335,-0.087903,-0.567629,-0.537410,140.62,0.466168,17.8459,0.8013
10683,0.000763,0.132855,601.63,800.11,1218.75,0.358892,0.023529,0.662375,1.034365,0.057686,-0.251542,-0.748599,-0.754286,140.62,0.476107,19.0612,0.8320
10688,0.000836,0.196407,514.49,743.02,890.62,0.281286,0.011765,0.796752,1.257418,-0.103004,-0.194158,-0.924971,-0.832037,140.62,0.499356,20.4010,0.8705
10693,0.000846,0.169026,506.91,728.63,890.62,0.293917,0.015686,0.887452,1.299366,-0.284753,-0.215732,-0.852662,-0.833672,140.62,0.544044,21.0550,0.8740
10699,0.000859,0.146697,444.62,650.93,796.88,0.242243,0.023529,0.916875,1.361223,0.012341,-0.219225,-1.011865,-1.059349,140.62,0.561744,21.1608,0.8980
10704,0.000759,0.223113,506.34,731.75,937.50,0.309656,0.007843,1.022600,1.240137,-0.352213,-0.180827,-0.827744,-0.901952,140.62,0.583746,19.8954,0.8804
10709,0.000598,0.154145,576.94,777.44,1171.88,0.378150,0.015686,0.749405,1.046779,-0.071434,-0.272405,-0.611734,-0.840612,140.62,0.542745,17.6669,0.8354
10715,0.000478,0.084876,522.92,727.81,984.38,0.299558,0.019608,0.639481,1.233992,0.112871,-0.384301,-0.693809,-0.908234,140.62,0.437551,19.1028,0.8504
10720,0.000435,0.117308,562.75,742.69,1078.12,0.342483,0.015686,0.567302,1.140647,0.214532,-0.300341,-0.709674,-0.912466,140.62,0.359720,18.3461,0.8409
10725,0.000648,0.065296,539.06,733.87,1078.12,0.313405,0.011765,0.655441,1.174803,0.218445,-0.449276,-0.633514,-0.965900,140.62,0.328055,18.7763,0.8475
10731,0.000518,0.247673,609.07,771.54,1406.25,0.402284,0.019608,0.676490,0.976960,-0.137319,-0.301127,-0.384387,-0.830617,140.62,0.356972,16.7892,0.8076
10736,0.000681,0.157343,567.17,766.79,1265.62,0.347264,0.031373,0.803367,1.038359,0.134065,-0.571145,-0.600506,-0.804140,140.62,0.350051,16.6199,0.8352
10741,0.000844,0.171639,492.69,719.54,937.50,0.288975,0.027451,0.942192,1.282593,0.123900,-0.675876,-0.755240,-0.917568,140.62,0.403043,19.7894,0.8753
10747,0.000748,0.266495,465.68,693.09,937.50,0.286852,0.015686,1.028966,1.304943,0.297653,-0.898570,-0.734893,-0.998098,140.62,0.473099,19.4119,0.8843
10752,0.001015,0.179646,359.96,582.77,375.00,0.186183,0.003922,1.272467,1.670447,0.200076,-0.927691,-1.047881,-1.167418,140.62,0.570784,23.5212,0.9295
10757,0.000811,0.138860,372.73,628.02,421.88,0.188001,0.003922,1.304117,1.678852,0.140899,-0.848969,-1.313972,-0.960927,140.62,0.614099,23.0421,0.9327
10763,0.000719,0.224259,413.64,666.56,703.12,0.253715,0.039216,1.271308,1.368048,0.055189,-0.625368,-0.986538,-1.082640,140.62,0.538756,20.2678,0.9133
10768,0.000506,0.190142,496.46,705.80,1031.25,0.310333,0.023529,0.948419,1.259896,-0.124649,-0.494415,-0.626855,-0.962396,140.62,0.478984,18.0303,0.8698
10773,0.000601,0.330111,708.23,817.14,1593.75,0.506231,0.011765,0.311788,0.694037,0.179945,-0.186962,-0.320472,-0.678336,93.75,0.338851,10.5792,0.7315
10779,0.000710,0.022601,606.86,777.04,1359.38,0.384469,0.011765,0.639956,0.990841,0.029416,-0.331354,-0.509941,-0.818918,93.75,0.315560,14.8870,0.8145
10784,0.000688,0.259206,547.03,771.83,1171.88,0.334202,0.027451,0.901585,0.917678,0.046050,-0.397367,-0.635927,-0.832020,93.75,0.395398,17.4640,0.8380
10789,0.000595,0.241212,638.15,837.02,1546.88,0.449402,0.019608,0.716715,0.773051,-0.022198,-0.294854,-0.532822,-0.639892,93.75,0.449609,15.4705,0.7910
10795,0.000622,0.144692,482.75,729.57,984.38,0.296304,0.011765,1.000216,1.278961,-0.040852,-0.608817,-0.732304,-0.897204,93.75,0.411966,17.6938,0.8759
10800,0.000478,0.063202,474.19,750.31,984.38,0.297623,0.023529,1.113990,1.253476,-0.224976,-0.549070,-0.730075,-0.863345,93.75,0.385324,21.0403,0.8787
10805,0.000742,0.154193,490.31,736.71,1078.12,0.304375,0.015686,1.047814,1.206821,-0.235031,-0.467830,-0.668778,-0.882995,93.75,0.369424,18.2020,0.8703
10811,0.000755,0.269587,633.30,809.45,1453.12,0.446460,0.011765,0.557530,0.940003,0.025358,-0.301150,-0.473077,-0.748665,93.75,0.378819,14.1803,0.7957
10816,0.000700,0.191762,528.27,746.12,1125.00,0.283251,0.007843,0.794238,1.206274,0.054487,-0.477250,-0.694319,-0.883430,140.62,0.428324,15.6457,0.8568
10821,0.000526,0.383439,749.16,870.44,1734.38,0.502141,0.039216,0.353008,0.582863,0.169837,-0.175591,-0.344423,-0.585693,93.75,0.394252,11.4569,0.7177
10827,0.000627,0.101990,799.20,897.53,1828.12,0.552964,0.003922,0.158435,0.509891,0.247997,-0.167123,-0.269630,-0.479570,93.75,0.362311,10.2268,0.6701
10832,0.000684,0.147897,607.64,811.28,1406.25,0.406752,0.023529,0.644528,1.012862,0.002114,-0.405555,-0.542290,-0.711659,93.75,0.334537,13.5819,0.8109
10837,0.000503,0.111466,489.00,723.60,1031.25,0.318676,0.011765,0.868997,1.205041,0.122546,-0.616673,-0.558994,-1.020917,93.75,0.364291,17.4135,0.8614
10843,0.000715,0.125941,406.50,675.04,703.12,0.229250,0.011765,1.217010,1.459453,-0.028842,-0.827957,-0.822992,-0.996672,93.75,0.373446,18.1563,0.9045
10848,0.000618,0.170330,491.66,747.89,984.38,0.296189,0.023529,0.973552,1.199273,0.122712,-0.655951,-0.808926,-0.830660,93.75,0.387338,19.6896,0.8706
10853,0.000558,0.267448,519.41,744.89,1171.88,0.341243,0.031373,0.941037,0.948464,0.149007,-0.510130,-0.655868,-0.872510,93.75,0.424147,17.2938,0.8467
10859,0.000627,0.132851,467.05,701.83,937.50,0.269262,0.003922,1.051660,1.171088,0.011566,-0.442618,-0.795436,-0.996260,93.75,0.407009,19.1039,0.8816
10864,0.000612,0.181654,559.74,737.91,1171.88,0.368992,0.015686,0.723877,0.860401,0.165271,-0.120390,-0.649985,-0.979174,93.75,0.387583,16.5585,0.8330
10869,0.000399,0.151572,505.97,718.48,1031.25,0.288265,0.047059,0.883514,1.104116,0.006230,-0.363752,-0.611013,-1.019094,93.75,0.363873,15.7083,0.8592
10875,0.000466,0.258373,675.79,805.51,1546.88,0.459546,0.011765,0.384353,0.698878,0.249134,-0.249023,-0.295694,-0.787647,93.75,0.288737,11.1962,0.7471
10880,0.000398,0.050859,609.87,770.35,1312.50,0.397207,0.023529,0.506652,0.718870,0.233500,-0.092636,-0.496152,-0.870234,93.75,0.236425,12.6854,0.7852
10885,0.000438,0.256261,662.81,828.35,1453.12,0.431125,0.007843,0.584380,0.828305,-0.076849,-0.200519,-0.451499,-0.683819,93.75,0.247690,12.3471,0.7814
10891,0.000464,0.317120,843.40,883.92,1781.25,0.580056,0.035294,-0.022353,0.414029,0.271592,-0.034510,-0.130990,-0.497769,93.75,0.233654,9.0671,0.6249
10896,0.000334,0.123217,663.86,805.50,1406.25,0.431455,0.050980,0.495745,0.777446,0.044404,-0.079748,-0.428655,-0.809191,140.62,0.245701,12.6054,0.7783
10901,0.000285,0.079094,612.29,764.93,1265.62,0.362570,0.015686,0.569631,0.919694,-0.084554,0.005592,-0.574876,-0.835486,140.62,0.236179,14.1935,0.8100
10907,0.000336,0.255185,827.40,873.44,1921.88,0.560258,0.027451,0.032726,0.510414,0.032109,0.018468,-0.206889,-0.386829,93.75,0.170474,9.7456,0.6384
10912,0.000251,0.131587,689.38,868.06,1593.75,0.441462,0.047059,0.571912,0.748870,-0.141748,-0.078847,-0.585516,-0.514670,93.75,0.176675,12.2890,0.7704
10917,0.000342,0.132542,657.96,815.15,1265.62,0.383003,0.003922,0.557876,0.774474,-0.152254,0.208693,-0.720453,-0.668336,93.75,0.180602,14.4610,0.7959
10923,0.000323,0.211737,664.84,805.14,1312.50,0.403719,0.015686,0.598194,0.704830,-0.329209,0.309095,-0.632206,-0.650705,93.75,0.181786,12.7500,0.7846
10928,0.000369,0.259493,744.60,840.04,1593.75,0.498377,0.035294,0.312268,0.516139,-0.127940,0.161674,-0.281174,-0.580968,93.75,0.194895,11.5850,0.6996
10933,0.000284,0.151038,661.02,815.33,1406.25,0.393409,0.062745,0.694448,0.827218,-0.527084,0.125609,-0.475998,-0.644192,93.75,0.202800,13.2163,0.7893
10939,0.000305,0.281581,827.87,876.59,1875.00,0.501805,0.027451,0.276271,0.526544,-0.310153,0.049516,-0.135636,-0.406541,93.75,0.158573,9.5465,0.6621
10944,0.000347,0.210963,939.11,883.54,1968.75,0.610656,0.054902,-0.049402,0.186676,-0.234622,0.369093,0.004061,-0.275806,234.38,0.077958,4.1320,0.5509
10949,0.000388,0.223627,752.28,844.28,1593.75,0.444195,0.011765,0.370661,0.568364,-0.266581,0.253606,-0.369669,-0.556381,93.75,0.157352,9.0270,0.7176
10955,0.000340,0.297459,931.63,924.81,2062.50,0.621114,0.023529,-0.170551,0.365571,-0.115837,0.364799,-0.220207,-0.223774,93.75,0.154007,7.0117,0.5792
10960,0.000494,0.149095,714.53,854.83,1593.75,0.445711,0.011765,0.562338,0.708771,-0.334898,0.101435,-0.473400,-0.564247,93.75,0.195174,11.3082,0.7603
10965,0.000406,0.269482,652.57,812.37,1359.38,0.406099,0.039216,0.397291,0.686626,0.244089,0.024918,-0.645629,-0.707294,93.75,0.214164,11.1839,0.7718
10971,0.000626,0.221841,753.59,851.59,1687.50,0.512846,0.003922,0.222250,0.487600,0.005173,0.148529,-0.337435,-0.526118,187.50,0.147975,6.2987,0.6871
10976,0.000507,0.251191,673.66,831.53,1500.00,0.412217,0.007843,0.502827,0.810804,-0.149548,-0.079325,-0.448221,-0.636536,93.75,0.269089,10.9196,0.7684
10981,0.000662,0.342237,830.95,879.52,1828.12,0.592411,0.003922,-0.136030,0.466694,0.195202,0.083653,-0.149119,-0.460400,93.75,0.266685,7.9710,0.6154
10987,0.000592,0.156510,622.11,798.94,1312.50,0.415557,0.019608,0.652694,0.845679,-0.083121,-0.133009,-0.468335,-0.813908,93.75,0.322537,12.5474,0.8006
10992,0.000526,0.088002,514.64,713.87,1078.12,0.299055,0.015686,0.920249,1.162677,-0.220371,-0.250130,-0.590926,-1.021499,93.75,0.336015,16.6472,0.8639
10997,0.000623,0.275136,604.95,819.92,1312.50,0.411994,0.019608,0.700259,0.849529,0.003116,-0.327357,-0.512942,-0.712605,93.75,0.349818,15.8042,0.8002
11003,0.000501,0.167143,536.97,802.55,1125.00,0.319520,0.007843,0.958273,1.091035,-0.186804,-0.308448,-0.814486,-0.739571,93.75,0.363288,16.1143,0.8584
11008,0.000632,0.180223,717.10,901.30,1781.25,0.478055,0.027451,0.516768,0.820648,-0.177846,-0.284732,-0.420114,-0.454725,93.75,0.339840,15.0550,0.7514
11013,0.000410,0.194714,514.63,736.07,1031.25,0.285763,0.007843,0.848538,1.047106,0.060701,-0.269837,-0.782779,-0.903729,93.75,0.332862,14.0285,0.8571
11019,0.000464,0.188324,698.23,843.60,1593.75,0.494764,0.011765,0.336647,0.709245,0.066753,-0.006847,-0.521912,-0.583885,93.75,0.294949,11.8580,0.7457
11024,0.000195,0.082661,559.48,782.09,1171.88,0.336960,0.039216,0.723339,1.018228,0.109619,-0.296127,-0.796073,-0.758987,93.75,0.244781,12.2435,0.8387
11029,0.000440,0.122826,702.58,875.84,1593.75,0.468865,0.047059,0.500532,0.641305,0.046984,-0.172792,-0.515980,-0.500049,93.75,0.138774,9.0488,0.7463
11035,0.000295,0.125866,641.42,834.51,1406.25,0.410129,0.011765,0.444524,0.746438,0.455913,-0.466914,-0.484873,-0.695088,234.38,0.105658,7.4574,0.7659
11040,0.000386,0.243165,493.42,791.98,937.50,0.285817,0.019608,1.029855,1.284822,0.252332,-0.987737,-0.884993,-0.694278,93.75,0.208548,14.3453,0.8751
11045,0.000371,0.076919,567.87,886.36,1406.25,0.316032,0.011765,1.003770,1.116093,-0.078848,-0.783094,-0.790240,-0.467682,93.75,0.218752,20.1792,0.8441
11051,0.000392,0.292458,503.91,812.79,937.50,0.288001,0.031373,1.109825,1.348269,-0.017912,-0.835501,-0.973684,-0.630998,93.75,0.224350,16.6314,0.8841
11056,0.000362,0.240580,627.49,829.69,1453.12,0.404086,0.019608,0.648271,0.968788,0.165218,-0.482514,-0.645694,-0.654069,93.75,0.204676,13.0780,0.8113
11061,0.000331,0.375183,782.91,869.21,1781.25,0.545876,0.054902,-0.082741,0.534738,0.428721,-0.111551,-0.309443,-0.459725,93.75,0.177157,8.6648,0.6481
11067,0.000361,0.124147,680.46,870.37,1640.62,0.370140,0.011765,0.564577,0.831066,-0.009839,-0.289435,-0.601504,-0.494865,93.75,0.175206,11.6178,0.7766
11072,0.000251,0.282911,804.06,922.91,2015.62,0.551875,0.054902,0.050196,0.585737,0.328464,-0.223386,-0.415044,-0.325968,93.75,0.173896,9.9884,0.6656
11077,0.000327,0.130851,651.94,874.36,1640.62,0.397593,0.043137,0.750685,0.900010,-0.129413,-0.467202,-0.552800,-0.501279,93.75,0.180030,13.7056,0.7945
11083,0.000171,0.197848,713.95,871.30,1781.25,0.460541,0.039216,0.429705,0.694035,0.093499,-0.279208,-0.396679,-0.541353,93.75,0.168737,13.1033,0.7371
11088,0.000169,0.142371,680.50,856.16,1593.75,0.430047,0.043137,0.486984,0.671968,0.225857,-0.308806,-0.511609,-0.564393,93.75,0.145577,11.4947,0.7535
11093,0.000070,0.036357,751.30,948.40,2015.62,0.463705,0.262745,0.500832,0.701424,0.191083,-0.436083,-0.667639,-0.289618,93.75,0.102795,12.7505,0.7464
11099,0.000122,0.116551,793.67,990.17,2250.00,0.453925,0.145098,0.373774,0.851047,0.274928,-0.475113,-0.843638,-0.180999,93.75,0.057049,9.9151,0.7549
11104,0.000129,0.203571,872.84,949.12,2203.12,0.542126,0.121569,-0.283831,0.391224,0.632116,-0.043837,-0.486857,-0.208815,234.38,0.034810,6.8666,0.5991
11109,0.000168,0.314369,887.49,972.98,2203.12,0.563219,0.160784,-0.504739,0.712380,0.681687,-0.370758,-0.413683,-0.104886,234.38,0.057021,8.6436,0.5898
11115,0.000181,0.240691,837.33,951.94,2062.50,0.525195,0.050980,-0.033869,0.667646,0.412324,-0.553849,-0.321997,-0.170254,187.50,0.061269,9.5104,0.6371
11120,0.000448,0.335762,597.92,820.34,1453.12,0.345976,0.011765,0.594769,1.011048,0.338323,-0.573019,-0.711506,-0.659615,93.75,0.087655,11.2440,0.8158
11125,0.000568,0.361691,482.69,794.09,890.62,0.280751,0.019608,1.080121,1.279988,-0.043096,-0.643484,-0.985401,-0.688129,93.75,0.187045,17.6737,0.8826
11131,0.000515,0.374194,401.64,728.47,562.50,0.203894,0.027451,1.421205,1.585563,-0.211479,-0.896541,-1.117242,-0.781505,93.75,0.305125,19.3612,0.9208
11136,0.000535,0.174972,441.34,767.05,703.12,0.256030,0.015686,1.331606,1.369593,-0.153670,-0.827775,-0.961024,-0.758730,93.75,0.363591,22.8471,0.9012
11141,0.000469,0.188208,442.01,705.31,843.75,0.260469,0.027451,1.173191,1.301134,-0.057286,-0.685731,-0.847420,-0.883888,93.75,0.348924,19.1752,0.8912
11147,0.000479,0.312940,629.40,800.21,1453.12,0.401873,0.023529,0.598820,0.776286,0.170997,-0.344624,-0.508555,-0.692925,93.75,0.276318,12.8530,0.7839
11152,0.000417,0.246866,756.42,856.39,1734.38,0.535363,0.019608,0.140577,0.582609,0.206954,-0.157174,-0.272051,-0.500914,187.50,0.199158,7.8799,0.6788
11157,0.000586,0.145905,610.54,828.48,1453.12,0.342252,0.019608,0.659354,0.987688,-0.023201,-0.426112,-0.599321,-0.598409,187.50,0.210291,10.4079,0.8057
11163,0.000586,0.227118,757.62,901.62,1781.25,0.541376,0.019608,0.352607,0.631074,-0.085732,-0.147191,-0.357406,-0.393353,93.75,0.215375,9.8136,0.7042
11168,0.000464,0.229205,487.11,742.40,937.50,0.289654,0.019608,0.980580,1.177616,0.106466,-0.669105,-0.825293,-0.770263,93.75,0.317458,13.9306,0.8673
11173,0.000588,0.231236,649.52,841.14,1546.88,0.425132,0.047059,0.639076,0.713648,-0.001831,-0.316755,-0.424309,-0.609830,93.75,0.264457,12.4131,0.7674
11179,0.000552,0.315956,810.83,902.75,1875.00,0.569725,0.019608,0.137729,0.506514,0.072826,-0.055407,-0.227702,-0.433961,234.38,0.198643,6.9708,0.6577
11184,0.000601,0.215585,547.07,769.48,1171.88,0.363633,0.019608,0.693115,1.091246,0.295171,-0.554231,-0.695274,-0.830028,93.75,0.313176,11.9770,0.8395
11189,0.000319,0.031788,435.41,710.89,515.62,0.231514,0.050980,1.167938,1.448275,0.584982,-1.158187,-1.223244,-0.819763,140.62,0.295047,17.8835,0.9113
11195,0.000361,0.194125,534.74,777.21,1125.00,0.312218,0.070588,0.830722,1.189583,0.384473,-0.904431,-0.817006,-0.683341,140.62,0.241006,13.9645,0.8533
11200,0.000478,0.327455,768.67,872.41,1781.25,0.489052,0.027451,0.110249,0.532496,0.391575,-0.243633,-0.281480,-0.509206,93.75,0.122161,6.7321,0.6719
11205,0.000342,0.269459,759.29,822.28,1687.50,0.490307,0.090196,-0.345777,0.603272,0.652787,-0.085844,-0.212223,-0.612215,281.25,0.205516,8.9679,0.6320
11211,0.000455,0.102690,619.14,795.63,1359.38,0.362184,0.031373,0.320397,0.901081,0.575794,-0.487079,-0.501374,-0.808818,234.38,0.209435,11.9506,0.7800
11216,0.000262,0.204818,708.59,846.43,1640.62,0.468786,0.098039,-0.093359,0.772477,0.627262,-0.297664,-0.404464,-0.604252,234.38,0.215716,11.3219,0.6993
11221,0.000393,0.104018,588.86,792.30,1218.75,0.358420,0.121569,0.259711,0.986758,0.729997,-0.575383,-0.690746,-0.710336,234.38,0.188074,10.8713,0.7898
11227,0.000357,0.112707,655.04,824.89,1500.00,0.399568,0.023529,0.353260,0.714158,0.467177,-0.437375,-0.478639,-0.618581,281.25,0.098846,7.0302,0.7469
11232,0.000274,0.271399,700.67,853.63,1640.62,0.442324,0.082353,0.098746,0.819373,0.537565,-0.575799,-0.330698,-0.549187,234.38,0.169226,9.4485,0.7107
11237,0.000352,0.127935,654.99,871.07,1546.88,0.392894,0.090196,0.408705,0.859114,0.436485,-0.437538,-0.778718,-0.488048,187.50,0.133783,8.1558,0.7803
11243,0.000352,0.146142,830.86,949.12,2156.25,0.537882,0.031373,0.268735,0.534246,-0.044592,-0.018137,-0.510975,-0.229277,187.50,0.121074,8.2257,0.6839
11248,0.000214,0.271584,601.08,829.00,1500.00,0.369013,0.035294,0.606714,1.018711,0.321548,-0.653345,-0.738115,-0.555513,93.75,0.166065,10.2496,0.8115
11253,0.000410,0.127079,677.76,895.07,1687.50,0.419978,0.019608,0.655001,0.685066,0.138022,-0.512546,-0.549432,-0.416111,187.50,0.085124,6.8236,0.7600
11259,0.000352,0.247280,654.09,902.88,1687.50,0.403969,0.066667,0.759365,1.003553,0.220130,-0.942803,-0.646727,-0.393519,93.75,0.182742,12.9994,0.8024
11264,0.000375,0.152130,699.24,905.97,1781.25,0.430193,0.039216,0.549746,0.879450,0.342508,-0.668751,-0.657530,-0.445424,93.75,0.182323,13.2340,0.7801
11269,0.000233,0.368184,728.83,887.51,1734.38,0.481094,0.082353,0.150766,0.679265,0.478685,-0.340531,-0.502473,-0.465711,234.38,0.144135,8.1777,0.7108
11275,0.000352,0.109795,644.71,866.45,1593.75,0.401212,0.129412,0.496637,0.882680,0.327265,-0.489000,-0.692034,-0.525547,93.75,0.142355,9.1665,0.7856
11280,0.000349,0.111852,788.84,939.03,1968.75,0.528889,0.066667,0.333408,0.586252,0.106551,-0.326691,-0.373195,-0.326326,140.62,0.104842,8.0226,0.6920
11285,0.000178,0.292638,600.24,843.20,1406.25,0.361238,0.113725,0.620919,1.100770,0.342504,-0.832069,-0.672197,-0.559928,140.62,0.168106,10.7202,0.8141
11291,0.000330,0.197042,780.96,918.58,1875.00,0.488455,0.113725,0.354654,0.649964,-0.037178,-0.291508,-0.285794,-0.390137,93.75,0.110405,8.5133,0.6985
11296,0.000298,0.238271,944.94,946.93,2109.38,0.611047,0.054902,-0.196304,0.215591,0.142701,0.127631,-0.086026,-0.203593,187.50,0.095069,6.4305,0.5385
11301,0.000208,0.299125,633.90,838.27,1453.12,0.401099,0.152941,0.441271,0.861335,0.385116,-0.365665,-0.677701,-0.644355,187.50,0.136486,8.5098,0.7879
11307,0.000474,0.078954,616.94,777.30,1312.50,0.407266,0.019608,0.480525,0.656953,0.285810,-0.129043,-0.471233,-0.823012,187.50,0.093068,7.2222,0.7713
11312,0.000222,0.307738,503.04,739.50,890.62,0.286027,0.047059,0.689569,1.131821,0.540007,-0.513708,-0.990441,-0.857248,93.75,0.173688,10.6988,0.8623
11317,0.000242,0.147612,680.87,880.83,1640.62,0.411930,0.109804,0.334274,0.738979,0.373748,-0.166082,-0.761302,-0.519617,93.75,0.142530,9.2639,0.7644
11323,0.000301,0.102486,835.13,916.90,1968.75,0.504638,0.054902,-0.143548,0.317013,0.553545,-0.008806,-0.361697,-0.356507,328.12,0.083517,6.9597,0.6096
11328,0.000271,0.306212,722.15,860.59,1640.62,0.401020,0.054902,-0.422257,0.792818,0.913573,-0.330725,-0.520137,-0.433272,281.25,0.120957,8.8709,0.6597
11333,0.000210,0.268401,836.70,898.22,1921.88,0.552526,0.000000,-0.385817,0.472228,0.456555,0.016819,-0.251188,-0.308597,187.50,0.130654,8.8099,0.5801
11339,0.000284,0.188540,693.34,875.61,1687.50,0.435986,0.090196,0.392610,0.824944,0.284947,-0.385556,-0.589653,-0.527293,93.75,0.118502,9.7901,0.7626
11344,0.000348,0.095902,630.72,897.52,1546.88,0.347374,0.015686,0.686736,1.165423,0.566789,-1.135170,-0.905945,-0.377834,93.75,0.136771,13.3818,0.8275
11349,0.000337,0.393710,749.49,881.47,1828.12,0.480475,0.047059,0.212155,0.727128,0.478843,-0.476724,-0.466929,-0.474472,234.38,0.132880,9.1983,0.7192
11355,0.000248,0.376742,883.99,892.53,1968.75,0.607674,0.074510,-0.438796,0.459064,0.471142,-0.069953,-0.122256,-0.299201,234.38,0.172187,8.4366,0.5550
11360,0.000399,0.022734,783.78,903.30,1828.12,0.485822,0.019608,-0.074802,0.649273,0.522325,-0.288130,-0.371445,-0.437221,234.38,0.141990,10.3659,0.6663
11365,0.000364,0.168791,625.83,819.64,1453.12,0.405148,0.039216,0.446558,0.891083,0.473199,-0.518231,-0.610698,-0.681911,93.75,0.143782,10.3514,0.7884
11371,0.000221,0.297765,699.07,804.71,1500.00,0.478813,0.082353,0.028230,0.711681,0.526560,-0.207620,-0.355968,-0.702883,234.38,0.172537,9.2053,0.7108
11376,0.000137,0.042959,652.62,827.50,1500.00,0.398765,0.105882,0.306975,0.915631,0.478880,-0.472309,-0.619626,-0.609550,234.38,0.131668,9.6248,0.7731
11381,0.000084,0.141984,817.11,926.74,2062.50,0.472246,0.243137,0.072970,0.702198,0.606859,-0.640319,-0.502546,-0.239163,281.25,0.095458,10.8164,0.6810
11387,0.000081,0.107915,919.97,977.86,2250.00,0.537386,0.203922,-0.160118,0.488726,0.537999,-0.433461,-0.364712,-0.068434,281.25,0.064574,10.4216,0.5941
11392,0.000094,0.134627,1103.83,1046.04,2531.25,0.581798,0.160784,-0.634285,0.191063,0.710008,-0.311693,-0.203539,0.248446,328.12,0.038230,8.1777,0.4393
11397,0.000146,0.190200,1135.13,1052.23,2578.12,0.647963,0.125490,-0.838194,0.150503,0.729766,-0.281063,-0.087148,0.326135,328.12,0.040988,8.3371,0.3862
11403,0.000227,0.377643,1005.31,1031.88,2531.25,0.594855,0.074510,-0.388859,0.724490,0.431863,-0.543693,-0.338637,0.114835,234.38,0.060847,10.1093,0.5695
11408,0.000245,0.281879,758.00,885.46,1875.00,0.463555,0.058824,-0.355476,0.910140,0.749540,-0.345951,-0.573539,-0.384713,234.38,0.108246,15.1432,0.6806
11413,0.000348,0.358523,762.07,869.07,1781.25,0.442522,0.023529,-1.079625,1.042000,0.956292,-0.214598,-0.298554,-0.405515,234.38,0.161780,16.0920,0.5825
11419,0.000563,0.282261,696.85,855.29,1593.75,0.396979,0.023529,-0.548191,1.134422,0.721958,-0.476565,-0.351433,-0.480189,234.38,0.205865,17.9680,0.6702
11424,0.000576,0.358296,614.01,764.72,1265.62,0.360237,0.007843,-0.272575,1.184186,0.625768,-0.389188,-0.413977,-0.734215,187.50,0.310220,17.8572,0.7369
11429,0.000840,0.128968,535.93,734.67,1125.00,0.282087,0.015686,0.058015,1.416172,0.537038,-0.702112,-0.534691,-0.774422,187.50,0.400586,24.2678,0.8009
11435,0.000673,0.260402,482.48,683.74,843.75,0.244466,0.015686,0.185961,1.503969,0.663087,-0.684809,-0.731951,-0.936257,187.50,0.487375,23.3691,0.8428
11440,0.000792,0.115607,526.97,724.18,984.38,0.286754,0.023529,-0.013055,1.419169,0.656701,-0.590304,-0.714693,-0.757818,187.50,0.520472,23.2610,0.8083
11445,0.001013,0.193292,565.76,739.34,1078.12,0.305066,0.023529,-0.432454,1.320877,0.882623,-0.438450,-0.602612,-0.729985,187.50,0.477796,19.5633,0.7522
11451,0.001091,0.292120,624.36,787.21,1312.50,0.388375,0.007843,-0.498944,1.155456,0.787976,-0.188931,-0.545052,-0.710505,234.38,0.547684,16.6172,0.7223
11456,0.001128,0.178793,507.55,678.51,843.75,0.269270,0.015686,-0.280379,1.364924,0.912136,-0.310334,-0.760467,-0.925880,187.50,0.640144,18.8922,0.7999
11461,0.000590,0.278083,581.05,704.10,1031.25,0.308478,0.062745,-1.102641,1.211733,1.132377,0.115281,-0.649893,-0.706858,234.38,0.688767,17.3602,0.6754
11467,0.000511,0.189833,706.78,779.61,1312.50,0.429271,0.023529,-0.988795,0.743899,0.913197,0.432965,-0.521169,-0.580098,234.38,0.484999,12.5783,0.6054
11472,0.000522,0.035051,676.46,769.79,1218.75,0.378727,0.007843,-0.967626,0.787461,0.997924,0.388717,-0.599128,-0.607347,234.38,0.339676,13.4223,0.6255
11477,0.000505,0.147799,613.84,721.67,1125.00,0.336495,0.027451,-0.877455,0.981762,1.127234,0.158035,-0.615896,-0.773678,234.38,0.341196,15.4076,0.6785
11483,0.000625,0.165475,586.20,723.08,1078.12,0.290225,0.039216,-0.822945,1.160986,1.122302,-0.130973,-0.539612,-0.789756,234.38,0.308829,16.4984,0.6971
11488,0.000705,0.148046,580.94,757.36,1125.00,0.313147,0.015686,-0.479100,1.282301,0.891132,-0.386941,-0.586885,-0.720507,187.50,0.352510,19.2681,0.7418
11493,0.000575,0.186507,571.35,737.80,1265.62,0.330581,0.027451,-0.419629,1.334699,0.896831,-0.578862,-0.481259,-0.751780,187.50,0.383954,18.9230,0.7454
11499,0.000456,0.160553,546.68,695.48,984.38,0.306800,0.039216,-0.508568,1.322590,1.007766,-0.384703,-0.593795,-0.843290,234.38,0.396127,18.1765,0.7550
11504,0.000299,0.232603,655.96,741.42,1312.50,0.403113,0.050980,-0.679117,0.882789,0.944644,0.049727,-0.422733,-0.775308,234.38,0.329649,14.0223,0.6684
11509,0.000193,0.051659,667.05,805.95,1406.25,0.395415,0.101961,-0.262144,0.830056,0.756979,-0.072264,-0.579504,-0.673123,234.38,0.218080,13.0657,0.7131
11515,0.000236,0.108829,766.90,878.29,1781.25,0.454770,0.058824,-0.647536,0.758867,0.827090,0.169454,-0.751412,-0.356464,234.38,0.155859,12.1052,0.6479
11520,0.000302,0.127885,835.60,911.89,2062.50,0.505972,0.015686,-0.722969,0.620856,0.835681,0.059330,-0.511553,-0.281345,234.38,0.131222,11.6516,0.5855
11525,0.000205,0.289102,702.41,893.56,1687.50,0.395982,0.047059,-0.128214,0.996008,0.680256,-0.401663,-0.767833,-0.378554,234.38,0.145265,12.4242,0.7325
11531,0.000209,0.073268,746.33,906.50,1781.25,0.429589,0.082353,-0.331096,0.931753,0.621385,-0.167259,-0.707158,-0.347624,234.38,0.138198,14.1746,0.6959
11536,0.000179,0.115558,818.95,967.96,2109.38,0.470060,0.039216,-0.454605,0.965653,0.642636,-0.428959,-0.547854,-0.176870,234.38,0.128617,14.9574,0.6497
11541,0.000189,0.203075,825.21,934.71,2109.38,0.472614,0.090196,-0.232162,0.799173,0.697893,-0.514064,-0.476649,-0.274190,234.38,0.114105,13.6999,0.6590
11547,0.000090,0.221103,854.68,961.96,2296.88,0.486037,0.227451,-0.340242,0.937352,0.456411,-0.472064,-0.453305,-0.128152,234.38,0.105304,12.7243,0.6432
11552,0.000121,0.106443,925.03,997.02,2343.75,0.543011,0.137255,-0.333007,0.764189,0.419549,-0.416646,-0.385595,-0.048491,234.38,0.075070,10.9287,0.6065
11557,0.000114,0.218279,1051.24,959.18,2296.88,0.622652,0.098039,-1.347200,0.327677,0.810949,0.079797,0.042383,0.086395,234.38,0.052118,9.5098,0.3603
11563,0.000108,0.245978,901.11,909.99,2015.62,0.513116,0.117647,-1.421937,0.643785,0.929285,0.079032,-0.094621,-0.135544,281.25,0.060194,10.6285,0.4319
11568,0.000065,0.278008,941.60,912.21,2015.62,0.562446,0.298039,-0.993527,0.240072,0.737306,0.181537,-0.009314,-0.156075,328.12,0.049275,7.7437,0.4270
11573,0.000065,0.131784,1055.41,1023.63,2625.00,0.608119,0.262745,-0.911289,0.353773,0.648715,-0.015414,-0.165471,0.089686,281.25,0.034348,7.1642,0.4401
11579,0.000110,0.157095,1348.59,1045.29,2765.62,0.787557,0.176471,-1.461161,-0.190693,0.448826,0.324668,0.368042,0.510318,468.75,0.015088,3.7215,0.2201
11584,0.000136,0.383689,1099.54,1032.48,2484.38,0.670296,0.090196,-0.644917,0.242299,0.482465,-0.043534,-0.168294,0.131981,234.38,0.030057,5.4760,0.4543
11589,0.000137,0.265510,932.34,957.42,2203.12,0.542994,0.086275,-0.775307,0.649563,0.689502,-0.229033,-0.291569,-0.043156,234.38,0.065703,10.9587,0.5261
11595,0.000181,0.164564,889.86,924.28,2062.50,0.519825,0.047059,-0.504637,0.782727,0.654173,-0.562348,-0.145263,-0.224651,234.38,0.082408,14.2864,0.5803
11600,0.000085,0.232488,834.08,922.48,1968.75,0.477843,0.239216,-0.612570,0.879879,0.711388,-0.473254,-0.211370,-0.294071,234.38,0.091218,13.3437,0.5954
11605,0.000078,0.278150,883.80,947.29,2062.50,0.518132,0.309804,-0.347206,0.572641,0.629507,-0.398226,-0.194252,-0.262465,281.25,0.054874,7.1299,0.5845
11611,0.000078,0.174965,1267.77,1031.33,2625.00,0.728284,0.231373,-0.805892,-0.119590,0.336709,0.192091,0.028101,0.368582,281.25,0.026994,5.0065,0.3405
11616,0.000123,0.220183,1415.39,1063.57,2718.75,0.753372,0.137255,-0.909992,-0.170800,0.245961,0.086958,0.170835,0.577039,281.25,0.030358,6.0251,0.2861
11621,0.000174,0.274403,1255.06,1090.93,2625.00,0.650171,0.054902,-0.934287,0.472319,0.364469,-0.251592,-0.068506,0.417597,281.25,0.052076,8.9455,0.4000
11627,0.000144,0.327316,986.62,986.32,2343.75,0.569784,0.090196,-1.234400,0.773824,0.786949,-0.257351,-0.112703,0.043680,281.25,0.077696,11.0178,0.4512
11632,0.000109,0.261971,891.02,918.19,1921.88,0.478402,0.180392,-0.956137,0.525900,0.889829,-0.128398,-0.075453,-0.255741,281.25,0.090590,11.4204,0.4876
11637,0.000066,0.117055,1041.14,967.57,2390.62,0.616857,0.254902,-0.996004,0.247824,0.768156,-0.111295,0.076952,0.014368,281.25,0.067045,10.6186,0.3966
11643,0.000104,0.168762,1170.72,1005.74,2578.12,0.677655,0.145098,-0.837118,0.166302,0.440696,-0.201661,0.168162,0.263618,234.38,0.033273,6.3016,0.3656
11648,0.000064,0.161460,1122.01,980.19,2531.25,0.675010,0.333333,-0.786342,0.194099,0.417446,-0.018170,0.080077,0.112889,328.12,0.029793,5.6765,0.4031
11653,0.000091,0.200093,1128.56,1022.97,2578.12,0.638041,0.168627,-0.391320,0.170244,0.271110,-0.014217,-0.246995,0.211179,281.25,0.029885,5.7909,0.4769
11659,0.000149,0.203505,1247.32,1097.64,2718.75,0.716575,0.094118,-0.289598,0.084395,0.118782,-0.181015,-0.130883,0.398320,140.62,0.026830,5.2973,0.4412
11664,0.000103,0.389175,1021.12,1071.78,2578.12,0.600872,0.168627,0.064801,0.565096,0.109288,-0.528096,-0.366242,0.155152,187.50,0.046490,6.4697,0.6036
11669,0.000082,0.173040,967.94,1000.88,2250.00,0.583411,0.207843,-0.288882,0.589209,0.325730,-0.354033,-0.202867,-0.069157,234.38,0.054157,8.1894,0.5711
11675,0.000061,0.191633,1117.60,1011.42,2531.25,0.678105,0.301961,-0.689070,0.200114,0.379058,-0.055050,-0.024098,0.189045,281.25,0.029276,5.5560,0.4190
11680,0.000067,0.140527,1223.20,1036.72,2578.12,0.712087,0.278431,-0.689598,-0.030500,0.359461,-0.033050,0.070064,0.323622,468.75,0.017901,3.9133,0.3643
11685,0.000184,0.272250,1403.51,1050.24,2765.62,0.790338,0.078431,-0.898277,-0.030868,0.152817,-0.090233,0.304776,0.561784,234.38,0.022682,4.9058,0.2895
11691,0.000168,0.462901,986.78,1002.73,2484.38,0.588149,0.066667,-0.287629,0.612901,0.313439,-0.391842,-0.212941,-0.033929,234.38,0.058221,7.5348,0.5710
11696,0.000099,0.198257,848.43,925.81,1968.75,0.522740,0.160784,-0.075515,0.716886,0.404552,-0.491215,-0.190757,-0.363950,234.38,0.077596,9.4625,0.6452
11701,0.000088,0.207788,878.84,967.55,2203.12,0.537847,0.196078,-0.120665,0.628338,0.355097,-0.205549,-0.485988,-0.171232,187.50,0.051344,6.7707,0.6416
11707,0.000112,0.150343,1038.76,985.38,2343.75,0.637137,0.180392,-0.479067,0.288064,0.423236,-0.142796,-0.065186,-0.024250,328.12,0.036014,5.8334,0.4873
11712,0.000104,0.205291,1141.50,978.44,2390.62,0.644720,0.137255,-0.614080,0.122706,0.341558,-0.206956,0.303908,0.052864,375.00,0.035583,5.5937,0.3955
11717,0.000137,0.207872,1075.69,1011.21,2484.38,0.642493,0.137255,-0.656448,0.346761,0.380442,0.060072,-0.147317,0.016490,281.25,0.036659,6.1128,0.4777
11723,0.000144,0.282321,1021.55,1026.79,2437.50,0.579131,0.090196,-0.908153,0.598189,0.545625,-0.145852,-0.147036,0.057226,234.38,0.062358,10.2045,0.4725
11728,0.000126,0.267540,979.40,993.11,2390.62,0.548814,0.074510,-1.136876,0.488094,0.830108,-0.041477,-0.102930,-0.036920,281.25,0.084258,12.2971,0.4367
11733,0.000076,0.117891,976.10,987.68,2250.00,0.568460,0.301961,-1.361233,0.611593,0.871508,0.038532,-0.146560,-0.013840,281.25,0.079736,12.4805,0.4269
11739,0.000099,0.245459,1139.39,1026.08,2484.38,0.664865,0.192157,-1.534040,0.165067,0.824521,0.096210,0.079091,0.369152,281.25,0.039268,6.4719,0.2873
11744,0.000075,0.186568,1228.51,1051.39,2812.50,0.649808,0.243137,-1.058067,-0.091916,0.591736,0.110116,0.006025,0.442107,375.00,0.035870,6.5891,0.3102
11749,0.000080,0.173191,1139.34,1036.88,2671.88,0.668303,0.215686,-0.886985,0.048495,0.567928,0.103499,-0.050726,0.217789,375.00,0.034642,6.9173,0.3769
11755,0.000121,0.198384,1153.08,1004.28,2437.50,0.645687,0.101961,-0.908527,-0.002059,0.659497,-0.190670,0.120583,0.321178,375.00,0.036846,7.9607,0.3371
11760,0.000156,0.346867,1093.31,1002.20,2390.62,0.665359,0.078431,-0.950156,0.379805,0.604038,-0.312510,0.054914,0.223909,234.38,0.043621,7.2652,0.3954
11765,0.000066,0.259175,1031.02,1030.10,2484.38,0.619680,0.298039,-0.695052,0.586680,0.618918,-0.324706,-0.225196,0.039356,281.25,0.071158,10.6533,0.5097
11771,0.000104,0.152239,1064.50,1046.05,2531.25,0.567430,0.129412,-0.689332,0.620717,0.544066,-0.254781,-0.416228,0.195557,281.25,0.057363,9.3941,0.5190
11776,0.000134,0.101784,1207.64,1087.34,2625.00,0.642769,0.168627,-0.821261,0.482405,0.565284,-0.377285,-0.283956,0.434814,281.25,0.048849,9.9097,0.4391
11781,0.000157,0.267091,1075.75,1047.31,2484.38,0.595450,0.086275,-0.993014,0.698697,0.681304,-0.357858,-0.173399,0.144269,234.38,0.062340,10.9855,0.4669
11787,0.000141,0.256385,985.93,987.60,2250.00,0.584656,0.105882,-1.008581,0.648135,0.676510,-0.123600,-0.135041,-0.057423,234.38,0.076613,11.2273,0.4790
11792,0.000079,0.277116,955.12,935.10,2109.38,0.589290,0.262745,-0.939245,0.395819,0.728967,0.084395,-0.123751,-0.146187,281.25,0.078110,9.6679,0.4659
11797,0.000115,0.145232,970.13,970.00,2250.00,0.598732,0.164706,-0.615706,0.338932,0.623134,-0.052531,-0.253495,-0.040336,328.12,0.043089,6.4498,0.5021
11803,0.000083,0.139907,1149.48,1042.50,2625.00,0.661750,0.176471,-1.019435,0.244964,0.552826,-0.119861,0.041797,0.299709,375.00,0.032581,6.0699,0.3640
11808,0.000090,0.260040,1136.20,995.02,2390.62,0.667150,0.200000,-1.734966,0.008489,0.865637,0.330705,0.108539,0.421595,375.00,0.039768,6.6535,0.2445
11813,0.000130,0.152372,1170.65,1019.67,2578.12,0.705357,0.176471,-1.098984,0.116013,0.586323,0.011725,0.069652,0.315272,281.25,0.029030,5.5196,0.3354
11819,0.000185,0.300259,1075.55,1020.50,2390.62,0.653101,0.074510,-0.757881,0.474224,0.583371,-0.268248,-0.069392,0.037929,281.25,0.054615,9.1866,0.4685
11824,0.000129,0.311181,887.22,926.59,2062.50,0.547398,0.137255,-0.564930,0.764283,0.580835,-0.464414,-0.102728,-0.213047,234.38,0.079655,10.2716,0.5640
11829,0.000101,0.287877,903.80,920.89,2062.50,0.560375,0.258824,-0.359054,0.450282,0.448139,-0.124809,-0.178955,-0.235602,281.25,0.071899,7.9884,0.5629
11835,0.000089,0.131535,1238.49,1063.11,2718.75,0.704783,0.262745,-0.678013,0.098371,0.285621,-0.042520,0.023551,0.312991,281.25,0.048768,6.7214,0.3874
11840,0.000098,0.155330,1322.23,1077.56,2765.62,0.765007,0.270588,-0.627823,0.198294,0.094291,-0.308683,0.179599,0.464322,281.25,0.026187,4.1914,0.3689
11845,0.000135,0.157979,1248.43,1049.86,2625.00,0.710806,0.168627,-0.684872,0.064933,0.325896,-0.401227,0.238529,0.456742,234.38,0.026564,4.9748,0.3413
11851,0.000169,0.284509,1165.28,1097.75,2671.88,0.668516,0.129412,-0.844004,0.443534,0.560995,-0.374228,-0.100919,0.314621,234.38,0.049265,8.0671,0.4238
11856,0.000113,0.377500,1126.44,1099.67,2765.62,0.617102,0.254902,-0.690620,0.352896,0.677270,-0.277949,-0.252455,0.190859,281.25,0.072033,8.5079,0.4655
11861,0.000139,0.137016,1051.31,997.73,2390.62,0.643220,0.203922,-0.579951,0.182644,0.554934,-0.130977,-0.003667,-0.022984,281.25,0.068102,8.3327,0.4538
11867,0.000094,0.155515,1042.92,944.31,2250.00,0.641665,0.215686,-0.800011,0.322592,0.522304,-0.219606,0.207881,-0.033160,281.25,0.054279,7.4329,0.4192
11872,0.000095,0.171947,1109.84,987.20,2390.62,0.660553,0.274510,-0.698371,0.222589,0.453315,-0.218653,0.185221,0.055900,328.12,0.033551,5.2288,0.4113
11877,0.000115,0.201136,1287.60,1043.54,2718.75,0.714474,0.266667,-0.737967,-0.232903,0.454118,-0.017832,0.135798,0.398786,421.88,0.029431,4.8619,0.3202
11883,0.000111,0.258501,1280.81,1099.59,2812.50,0.713019,0.250980,-0.574980,0.207076,0.286118,-0.312743,-0.007452,0.401982,281.25,0.035831,5.4590,0.4058
11888,0.000122,0.189559,1167.49,1077.73,2718.75,0.712499,0.129412,-0.241109,0.329891,0.147727,-0.271091,-0.148421,0.183002,234.38,0.036703,6.1576,0.5068
11893,0.000117,0.255112,1016.21,1037.15,2437.50,0.584217,0.200000,-0.525470,0.541229,0.539407,-0.316061,-0.344444,0.105340,234.38,0.044618,7.0905,0.5318
11899,0.000090,0.221592,1098.85,1004.08,2437.50,0.643777,0.282353,-1.034873,0.277312,0.600463,-0.064282,0.077957,0.143424,281.25,0.059073,9.6537,0.3800
11904,0.000086,0.208369,1196.52,1051.88,2718.75,0.667083,0.266667,-0.811723,0.241521,0.339680,0.003089,-0.054308,0.281739,281.25,0.042287,7.0088,0.4016
11909,0.000096,0.211619,1306.16,1048.55,2671.88,0.781462,0.258824,-0.766353,0.082873,0.117817,-0.044065,0.123655,0.486072,281.25,0.025461,4.5677,0.3438
11915,0.000169,0.270973,1238.51,1055.34,2625.00,0.751252,0.113725,-0.843383,-0.011620,0.333526,0.137691,-0.031241,0.415027,234.38,0.029836,4.8204,0.3499
11920,0.000149,0.324473,973.70,1023.89,2437.50,0.590451,0.090196,-0.311248,0.464913,0.534538,-0.324337,-0.347773,-0.016093,234.38,0.047032,6.0005,0.5643
11925,0.000109,0.209024,920.33,964.47,2203.12,0.568717,0.196078,-0.288571,0.536214,0.531103,-0.315646,-0.299037,-0.164061,281.25,0.075442,9.3428,0.5879
11931,0.000072,0.160779,1084.22,1060.95,2578.12,0.638765,0.349020,-0.664069,0.501057,0.560580,-0.399438,-0.221468,0.223339,281.25,0.059766,8.2973,0.4794
11936,0.000085,0.108947,1259.48,1110.77,2812.50,0.705615,0.301961,-0.683030,0.271548,0.354362,-0.301252,-0.098497,0.456869,281.25,0.024863,4.9847,0.4049
11941,0.000073,0.194222,1451.98,1117.95,2859.38,0.757506,0.360784,-0.675380,0.018315,-0.023558,-0.014942,-0.031058,0.726625,187.50,0.015948,3.3935,0.3371
11947,0.000143,0.215684,1509.67,1090.06,2859.38,0.776998,0.160784,-0.977200,-0.165431,-0.049559,0.191506,0.189751,0.810933,281.25,0.014989,3.2305,0.2551
11952,0.000094,0.371608,1186.35,1075.85,2671.88,0.636546,0.278431,-0.870406,0.271289,0.584119,-0.301335,-0.010719,0.327051,328.12,0.034785,5.8071,0.3875
11957,0.000104,0.258529,1085.19,1028.42,2625.00,0.610301,0.188235,-0.841937,0.444247,0.654140,-0.383765,-0.116517,0.243831,281.25,0.042957,6.3788,0.4347
11963,0.000111,0.252783,1174.68,1015.10,2578.12,0.696038,0.180392,-0.689868,-0.148327,0.397336,0.321460,-0.210407,0.329806,375.00,0.029085,4.3139,0.3825
11968,0.000135,0.177708,1204.16,1023.08,2578.12,0.729562,0.098039,-0.452852,-0.039243,0.111972,0.194252,-0.133359,0.319229,375.00,0.028279,3.8990,0.4161
11973,0.000105,0.265795,1150.71,1034.40,2484.38,0.634683,0.203922,-1.243735,0.378410,0.600597,-0.084143,0.087803,0.261069,234.38,0.044893,6.5805,0.3527
11979,0.000135,0.258686,1272.05,1142.72,2812.50,0.688811,0.086275,-0.598924,0.395258,0.187740,-0.291657,-0.077221,0.384804,187.50,0.046141,6.7250,0.4364
11984,0.000089,0.237763,1205.38,1112.53,2765.62,0.653197,0.247059,-1.042207,0.482711,0.590175,-0.351369,-0.095364,0.416054,281.25,0.049922,7.0557,0.3917
11989,0.000085,0.203507,1079.96,1019.13,2437.50,0.644448,0.196078,-0.757800,0.244870,0.558512,-0.087670,-0.152354,0.194442,328.12,0.046079,6.7153,0.4311
11995,0.000091,0.128896,1252.00,1030.94,2718.75,0.706284,0.243137,-0.866096,-0.164431,0.374329,0.194584,0.087059,0.374554,328.12,0.024757,4.5164,0.3217
12000,0.000092,0.220074,1262.23,1045.39,2671.88,0.719456,0.243137,-1.001737,0.148429,0.417086,-0.065942,0.039719,0.462445,281.25,0.032177,5.7133,0.3368
12005,0.000116,0.179324,1238.64,1054.08,2671.88,0.719021,0.152941,-1.089188,0.100073,0.442403,0.061802,0.063807,0.421104,234.38,0.033364,6.5251,0.3237
12011,0.000282,0.319489,1020.63,1025.62,2390.62,0.563537,0.031373,-0.084290,0.516006,0.383785,-0.795570,-0.164723,0.144792,140.62,0.043354,7.8002,0.5562
12016,0.000645,0.551282,706.87,857.59,1640.62,0.459947,0.015686,0.323415,0.691695,0.214356,-0.282936,-0.377153,-0.569377,140.62,0.097179,8.3949,0.7273
12021,0.000965,0.519836,571.05,749.96,1171.88,0.360359,0.019608,0.457895,0.884814,0.328310,-0.171157,-0.561214,-0.938648,187.50,0.254403,10.7446,0.8055
12027,0.000485,0.304177,439.24,712.52,750.00,0.261196,0.023529,1.239063,1.405617,-0.255995,-0.676247,-0.786741,-0.925697,140.62,0.473311,18.1438,0.8983
12032,0.000564,0.051371,405.72,699.65,468.75,0.207397,0.011765,1.472828,1.702439,-0.054300,-1.489909,-0.789028,-0.842030,140.62,0.483578,23.8649,0.9171
12037,0.000232,0.207342,556.90,782.37,1265.62,0.343709,0.070588,0.775162,1.241881,0.080405,-0.635616,-0.666600,-0.795232,140.62,0.357823,17.9417,0.8506
12043,0.000170,0.288448,812.78,898.21,1828.12,0.573159,0.066667,0.080222,0.650717,0.178055,-0.151540,-0.275650,-0.481804,93.75,0.172035,7.8301,0.6779
12048,0.000106,0.038863,904.54,915.93,1968.75,0.551569,0.200000,-0.156311,0.335537,0.433675,-0.121643,-0.121305,-0.369953,281.25,0.085495,7.0938,0.5830
12053,0.000213,0.163292,968.36,942.66,2109.38,0.558564,0.062745,-0.521547,0.287197,0.547476,0.000902,-0.166023,-0.148004,328.12,0.064014,6.9342,0.5100
12059,0.000111,0.224660,842.08,930.14,2015.62,0.532048,0.125490,0.127003,0.663667,0.098067,-0.244437,-0.298316,-0.345984,187.50,0.067208,7.9371,0.6721
12064,0.000183,0.134265,790.90,945.43,2062.50,0.484949,0.047059,0.338517,0.867570,0.227173,-0.804624,-0.389205,-0.239430,140.62,0.078118,9.7634,0.7145
12069,0.000224,0.119973,801.44,964.00,1921.88,0.422488,0.066667,0.320549,0.878134,0.496302,-1.185890,-0.269429,-0.239666,93.75,0.079113,10.7743,0.7014
12075,0.000166,0.304291,729.49,937.54,1828.12,0.453439,0.105882,0.740169,0.911972,-0.156402,-0.804711,-0.338545,-0.352481,93.75,0.113529,13.1351,0.7634
12080,0.000112,0.194735,793.43,952.71,1921.88,0.473653,0.168627,0.612807,0.586717,-0.256633,-0.160613,-0.418984,-0.363295,93.75,0.106393,12.5057,0.7293
12085,0.000128,0.303872,1013.52,942.32,2250.00,0.635762,0.149020,-0.233490,0.241647,-0.090690,0.064686,0.120040,-0.102192,93.75,0.049231,5.4708,0.4988
12091,0.000167,0.170162,1072.90,901.22,2203.12,0.618442,0.121569,-0.612474,0.182184,0.011046,0.105675,0.440464,-0.126896,187.50,0.039620,5.1090,0.4081
12096,0.000154,0.320139,1045.44,925.74,2156.25,0.666490,0.094118,-0.670156,0.220639,0.241028,0.028086,0.349884,-0.169481,187.50,0.049109,4.8409,0.4219
12101,0.000186,0.226164,970.21,884.87,1968.75,0.570076,0.101961,-0.148461,0.120424,-0.074771,0.200028,0.219071,-0.316291,93.75,0.054515,5.6160,0.5086
12107,0.000136,0.239118,927.05,829.07,1781.25,0.544404,0.133333,-0.286660,0.075096,0.050101,0.403024,0.147190,-0.388752,93.75,0.062790,5.5487,0.5037
12112,0.000142,0.129663,997.69,858.37,1968.75,0.593456,0.101961,-0.384305,0.076626,-0.151478,0.375437,0.294878,-0.211158,187.50,0.045139,4.1800,0.4512
12117,0.000140,0.161313,1047.38,829.23,1968.75,0.580686,0.094118,-1.048554,-0.073486,0.338622,0.346303,0.597858,-0.160742,750.00,0.041079,4.5100,0.3144
12123,0.000156,0.274944,921.51,859.76,1828.12,0.583021,0.070588,-0.320467,0.134827,0.410554,0.085738,0.143708,-0.454360,281.25,0.054192,6.0923,0.5156
12128,0.000368,0.226561,945.82,878.96,1875.00,0.570401,0.050980,-0.181865,0.324426,0.177930,-0.128466,0.289349,-0.481374,93.75,0.066044,7.4261,0.5417
12133,0.000783,0.401426,820.18,896.81,1828.12,0.513881,0.015686,0.450598,0.458565,-0.207284,-0.144926,-0.084374,-0.472580,93.75,0.146889,11.8854,0.6755
12139,0.001121,0.529309,643.96,804.56,1359.38,0.423254,0.007843,0.600848,0.797212,0.022076,-0.284705,-0.392099,-0.743333,93.75,0.324701,12.7514,0.7802
12144,0.000754,0.424714,578.10,750.02,1218.75,0.335793,0.023529,0.684728,1.095267,-0.087149,-0.371938,-0.347411,-0.973497,140.62,0.563492,14.6067,0.8250
12149,0.001054,0.273483,750.69,845.05,1593.75,0.523507,0.011765,0.350808,0.698348,0.010990,-0.125951,-0.244170,-0.690025,140.62,0.511984,10.7122,0.7294
12155,0.000835,0.062331,620.63,769.56,1265.62,0.373233,0.015686,0.638075,1.029787,-0.244224,-0.096252,-0.434403,-0.892982,140.62,0.541525,15.6394,0.8172
12160,0.000518,0.181735,481.95,649.17,984.38,0.246014,0.011765,1.026808,1.100232,-0.209514,-0.040693,-0.509465,-1.367368,140.62,0.554604,17.3040,0.8810
12165,0.000503,0.141079,500.79,656.45,843.75,0.270256,0.039216,0.836953,1.080534,-0.149366,0.179033,-0.664638,-1.282516,140.62,0.473657,16.5566,0.8735
12171,0.000871,0.131367,661.97,728.28,1218.75,0.380165,0.003922,0.318917,0.848904,-0.232853,0.372109,-0.310260,-0.996817,140.62,0.372891,16.2335,0.7751
12176,0.000733,0.248196,590.88,675.01,1171.88,0.324158,0.027451,0.525545,1.009097,-0.399202,0.301937,-0.275943,-1.161434,140.62,0.419531,15.0763,0.8155
12181,0.000403,0.193321,586.04,664.31,1078.12,0.302848,0.015686,0.329394,1.036073,-0.168580,0.265306,-0.273123,-1.189072,187.50,0.450513,14.7539,0.8044
12187,0.000555,0.144175,742.02,770.52,1453.12,0.463226,0.023529,-0.135065,0.756515,-0.094598,0.275946,-0.078202,-0.724596,187.50,0.379299,13.6918,0.6709
12192,0.000669,0.078975,620.31,690.46,1125.00,0.345629,0.003922,0.189460,0.872312,0.012047,0.148715,-0.198964,-1.023571,187.50,0.299096,14.2670,0.7581
12197,0.000733,0.203781,533.81,636.10,1078.12,0.279321,0.019608,0.606690,1.100665,-0.267527,0.103507,-0.321221,-1.222114,140.62,0.386394,16.8528,0.8355
12203,0.000997,0.176492,496.32,606.05,1031.25,0.242509,0.007843,0.496721,1.286422,-0.074741,0.065964,-0.377420,-1.396946,187.50,0.437517,19.4965,0.8555
12208,0.001263,0.180703,432.76,586.02,796.88,0.216756,0.007843,0.769550,1.448928,-0.171037,-0.063837,-0.685344,-1.298261,187.50,0.520593,21.0981,0.8910
12213,0.001312,0.282341,348.67,527.24,609.38,0.152813,0.007843,1.172154,1.732463,-0.186275,-0.371767,-0.905537,-1.441037,140.62,0.726467,23.2654,0.9325
12219,0.000836,0.255556,433.46,631.18,843.75,0.241717,0.015686,0.811639,1.444355,0.119807,-0.542407,-0.619660,-1.213733,140.62,0.812271,20.0171,0.8854
12224,0.000779,0.281369,628.50,797.82,1359.38,0.386859,0.015686,0.479535,0.944090,0.105383,-0.235299,-0.510650,-0.783058,140.62,0.665411,15.5227,0.7955
12229,0.000632,0.113417,763.66,841.63,1687.50,0.487163,0.031373,0.204977,0.632048,0.264492,-0.184464,-0.235880,-0.681172,140.62,0.462609,12.4504,0.7062
12235,0.000760,0.167715,602.80,776.64,1312.50,0.324020,0.023529,0.453405,1.061495,0.240418,-0.438567,-0.496969,-0.819783,140.62,0.438151,14.4639,0.8047
12240,0.000796,0.211870,757.40,861.93,1687.50,0.533281,0.023529,0.259379,0.680215,0.250219,-0.208123,-0.380714,-0.600975,140.62,0.430615,13.1398,0.7233
12245,0.001012,0.191606,530.74,745.98,1078.12,0.323028,0.003922,0.820851,1.210356,-0.002666,-0.462722,-0.664593,-0.901226,140.62,0.535170,19.0852,0.8580
12251,0.000797,0.148063,468.74,707.23,937.50,0.266047,0.007843,1.114710,1.348290,-0.402925,-0.362434,-0.764810,-0.932832,140.62,0.624290,22.7081,0.8890
12256,0.000766,0.171989,580.80,774.42,1218.75,0.369831,0.019608,0.771130,1.074199,-0.088510,-0.324484,-0.589651,-0.842683,140.62,0.609126,20.1578,0.8374
12261,0.000995,0.070957,476.47,705.51,937.50,0.253540,0.011765,1.050334,1.378394,-0.186856,-0.504758,-0.809550,-0.927565,140.62,0.604868,23.0328,0.8892
12267,0.000586,0.164588,545.99,746.12,1125.00,0.352019,0.023529,0.785393,1.204759,-0.064742,-0.424627,-0.673523,-0.827259,140.62,0.611037,20.3835,0.8514
12272,0.000630,0.033072,452.59,695.07,843.75,0.260290,0.015686,1.082873,1.443704,-0.105625,-0.672704,-0.841855,-0.906393,140.62,0.536340,22.9811,0.8945
12277,0.000580,0.210752,605.20,802.12,1312.50,0.375128,0.023529,0.672714,1.018999,-0.029142,-0.254074,-0.637604,-0.770893,140.62,0.424609,18.0097,0.8249
12283,0.000615,0.313814,771.31,866.57,1687.50,0.538982,0.007843,0.175364,0.615557,0.244643,-0.008911,-0.442778,-0.583874,140.62,0.362464,11.8044,0.7128
12288,0.000448,0.151433,682.84,832.54,1546.88,0.360918,0.023529,0.238258,0.908870,0.211716,-0.270536,-0.456730,-0.631577,140.62,0.321250,13.3967,0.7536
12293,0.000648,0.338983,860.78,894.00,1921.88,0.601185,0.003922,-0.075575,0.506414,0.308923,-0.050479,-0.285734,-0.403549,140.62,0.298715,9.7794,0.6365
12299,0.000626,0.145995,667.08,848.78,1500.00,0.439142,0.031373,0.527039,0.920491,0.047790,-0.294533,-0.602763,-0.598024,140.62,0.353490,14.9875,0.7899
12304,0.000707,0.159778,600.30,807.00,1312.50,0.377197,0.031373,0.837537,1.022369,-0.300552,-0.186090,-0.634306,-0.738958,140.62,0.400377,17.5029,0.8343
12309,0.000735,0.317302,734.32,839.41,1687.50,0.511788,0.023529,0.303727,0.694342,0.190895,-0.110969,-0.404255,-0.673741,140.62,0.405959,13.6135,0.7385
12315,0.000709,0.172678,513.82,717.23,1031.25,0.309289,0.019608,0.691578,1.243119,0.249841,-0.518208,-0.698286,-0.968045,140.62,0.473472,17.6763,0.8582
12320,0.000726,0.078926,437.74,660.12,562.50,0.226784,0.015686,1.003757,1.391445,0.404638,-0.659966,-1.014875,-1.124999,140.62,0.491062,22.5676,0.9062
12325,0.000507,0.204991,386.10,614.48,515.62,0.187725,0.015686,1.027472,1.569196,0.435592,-0.751774,-1.066750,-1.213736,140.62,0.439598,18.5386,0.9197
12331,0.000401,0.087983,446.94,664.32,609.38,0.239399,0.023529,0.571033,1.456427,0.454188,-0.599476,-0.841578,-1.040595,187.50,0.420591,21.6528,0.8760
12336,0.000394,0.143313,618.98,793.07,1406.25,0.384837,0.031373,0.294811,1.028487,0.146011,-0.238869,-0.511868,-0.718572,187.50,0.285781,16.3727,0.7819
12341,0.000255,0.347966,822.69,884.99,1875.00,0.571387,0.050980,0.044375,0.472988,0.178844,-0.001460,-0.258602,-0.436144,140.62,0.226184,10.2017,0.6470
12347,0.000334,0.079850,736.70,844.09,1687.50,0.443975,0.019608,0.157957,0.621609,0.215626,-0.138194,-0.269326,-0.587672,187.50,0.163005,9.6281,0.6939
12352,0.000332,0.099575,651.38,846.26,1500.00,0.394613,0.039216,0.246443,1.042966,0.256824,-0.357077,-0.594887,-0.594270,187.50,0.173021,14.5035,0.7754
12357,0.000322,0.195449,651.27,897.06,1500.00,0.356685,0.047059,0.685378,1.168273,-0.273485,-0.249758,-0.910994,-0.419415,140.62,0.214671,19.3486,0.8309
12363,0.000248,0.210660,645.96,849.14,1546.88,0.395377,0.094118,0.418907,1.120864,-0.022458,-0.346898,-0.625409,-0.545006,187.50,0.192270,15.9049,0.7950
12368,0.000210,0.272055,794.13,867.73,1734.38,0.536555,0.098039,-0.046573,0.634270,0.040442,0.058820,-0.221060,-0.465900,187.50,0.153336,11.7659,0.6541
12373,0.000189,0.103758,748.30,911.80,1828.12,0.459172,0.129412,0.363347,0.798514,0.011785,-0.242839,-0.507164,-0.423644,140.62,0.137680,13.7777,0.7401
12379,0.000092,0.113101,700.74,906.81,1875.00,0.407800,0.207843,0.458234,1.046837,0.115047,-0.675817,-0.577095,-0.367206,140.62,0.119699,14.0528,0.7729
12384,0.000159,0.163170,860.79,997.91,2296.88,0.482808,0.121569,0.343649,0.767339,0.158979,-0.629116,-0.614628,-0.026224,93.75,0.060780,8.6750,0.7060
12389,0.000096,0.191414,957.95,1036.47,2343.75,0.550380,0.164706,0.062816,0.661772,0.308975,-0.508439,-0.580860,0.055736,93.75,0.048157,6.8130,0.6513
12395,0.000089,0.179213,960.12,1041.74,2390.62,0.572418,0.282353,0.130942,0.488183,0.104827,-0.271588,-0.469629,0.017264,93.75,0.049542,7.3403,0.6308
12400,0.000213,0.150096,1201.99,1054.89,2625.00,0.661397,0.058824,-0.459244,0.175659,0.125607,-0.261468,0.073804,0.345643,234.38,0.030446,5.7531,0.4130
12405,0.000119,0.424381,940.40,991.87,2296.88,0.524331,0.164706,-0.139960,0.678566,0.248201,-0.633437,-0.076359,-0.077011,187.50,0.064812,8.1756,0.5856
12411,0.000115,0.285819,928.36,933.25,2156.25,0.611207,0.149020,-0.182887,0.546888,0.323183,-0.432315,-0.062769,-0.192100,140.62,0.080512,8.0664,0.5767
12416,0.000145,0.048595,941.42,969.85,2296.88,0.531969,0.129412,0.072402,0.540367,0.101135,-0.336452,-0.253371,-0.124081,140.62,0.063757,9.3762,0.6213
12421,0.000143,0.185486,1033.67,1015.95,2484.38,0.653407,0.094118,0.023864,0.458155,-0.162045,-0.019856,-0.186828,-0.113291,140.62,0.061522,9.8868,0.5965
12427,0.000139,0.291329,930.64,1047.71,2390.62,0.551963,0.168627,0.329261,0.818206,-0.166765,-0.639553,-0.295058,-0.046090,140.62,0.080795,11.5173,0.6779
12432,0.000139,0.235147,969.05,1070.16,2484.38,0.557886,0.133333,0.278019,0.723109,0.315277,-0.993814,-0.477738,0.155147,93.75,0.063513,8.7730,0.6597
12437,0.000103,0.211092,1079.39,1094.76,2718.75,0.576682,0.184314,-0.296236,0.595253,0.500727,-0.619388,-0.444064,0.263707,234.38,0.052655,6.9501,0.5596
12443,0.000072,0.132699,1042.87,1026.00,2390.62,0.607152,0.325490,-0.684237,0.315952,0.618889,-0.190656,-0.234783,0.174835,234.38,0.040773,6.9508,0.4615
12448,0.000097,0.230541,1156.78,1056.06,2484.38,0.647385,0.270588,-0.689030,0.448881,0.321343,-0.226390,-0.018258,0.163454,234.38,0.031543,6.3425,0.4520
12453,0.000140,0.221477,1282.44,1092.26,2812.50,0.739620,0.164706,-0.481507,0.033581,0.123414,0.010908,-0.023474,0.337078,140.62,0.027597,5.4938,0.4059
12459,0.000533,0.446166,1034.32,1022.38,2343.75,0.633702,0.031373,0.109491,0.244120,0.054682,-0.221284,-0.110770,-0.076238,93.75,0.062004,7.9946,0.5672
12464,0.000724,0.557855,673.26,843.39,1546.88,0.448125,0.007843,0.574394,0.877782,-0.017311,-0.395537,-0.395026,-0.644302,140.62,0.201694,12.0663,0.7766
12469,0.000547,0.338504,566.21,799.87,1312.50,0.358875,0.023529,0.884482,1.157708,-0.236084,-0.455644,-0.659672,-0.690790,140.62,0.370856,16.1542,0.8451
12475,0.000507,0.383444,734.30,870.12,1734.38,0.474085,0.023529,0.418578,0.663979,0.100753,-0.207666,-0.411556,-0.564089,93.75,0.341245,11.0599,0.7367
12480,0.000625,0.141072,809.71,878.65,1828.12,0.543365,0.011765,-0.064714,0.482020,0.317073,-0.077108,-0.229371,-0.427900,93.75,0.265763,8.8467,0.6312
12485,0.000588,0.225572,620.65,813.65,1406.25,0.405072,0.011765,0.669363,1.044284,-0.094031,-0.454377,-0.504141,-0.661097,140.62,0.323335,14.5009,0.8084
12491,0.000402,0.106335,465.61,736.13,937.50,0.261387,0.015686,1.301083,1.438712,-0.350318,-0.915563,-0.775911,-0.698002,140.62,0.381741,22.5972,0.8916
12496,0.000512,0.189390,586.85,832.44,1406.25,0.367975,0.011765,0.926917,1.069003,-0.225920,-0.488882,-0.653947,-0.627172,93.75,0.310374,16.8572,0.8373
12501,0.000401,0.303643,748.51,908.50,1781.25,0.520979,0.019608,0.385018,0.644107,0.193259,-0.241349,-0.477840,-0.503196,93.75,0.293669,12.7264,0.7321
12507,0.000129,0.089890,599.52,848.42,1359.38,0.357841,0.113725,0.865702,1.029316,-0.096006,-0.515553,-0.654221,-0.629239,93.75,0.256760,14.7025,0.8305
12512,0.000281,0.131707,680.64,869.46,1593.75,0.422328,0.019608,0.603577,0.780098,0.072794,-0.483869,-0.372566,-0.600034,93.75,0.143061,10.4146,0.7646
12517,0.000133,0.091265,851.73,996.87,2156.25,0.529272,0.149020,0.414822,0.586379,-0.086071,-0.380134,-0.299655,-0.235341,140.62,0.085490,7.7058,0.6831
12523,0.000231,0.110043,778.59,981.35,2015.62,0.480487,0.054902,0.551492,0.846576,-0.162756,-0.454676,-0.510188,-0.270448,93.75,0.103151,10.6404,0.7483
12528,0.000142,0.202337,874.40,976.21,2250.00,0.498282,0.074510,0.066285,0.807705,0.239995,-0.537083,-0.509032,-0.067869,234.38,0.083785,9.4493,0.6738
12533,0.000433,0.181760,757.77,912.59,1968.75,0.446392,0.019608,0.280950,0.876736,0.320884,-0.575415,-0.561909,-0.341246,140.62,0.103249,11.3579,0.7370
12539,0.000205,0.373428,660.74,846.71,1640.62,0.398953,0.113725,0.550222,0.992156,0.207634,-0.672179,-0.527770,-0.550063,140.62,0.154864,11.7052,0.7875
12544,0.000228,0.125171,589.10,837.52,1406.25,0.375632,0.149020,0.798596,1.093429,0.144347,-0.692664,-0.754048,-0.589661,140.62,0.170423,13.1804,0.8345
12549,0.000411,0.059495,738.65,955.91,1921.88,0.454184,0.047059,0.532969,0.878486,-0.001648,-0.473333,-0.618903,-0.317571,93.75,0.147780,16.6167,0.7639
12555,0.000452,0.337154,617.90,913.92,1640.62,0.337928,0.039216,1.026470,1.328123,-0.646674,-0.771827,-0.594537,-0.341553,140.62,0.200061,17.7744,0.8383
12560,0.000441,0.298042,579.58,835.73,1359.38,0.335564,0.031373,0.794046,1.345267,-0.288087,-0.633857,-0.611382,-0.605987,140.62,0.264940,19.1614,0.8427
12565,0.000525,0.281076,608.22,809.62,1359.38,0.362739,0.031373,0.418717,1.095951,0.069099,-0.385453,-0.484125,-0.714190,187.50,0.275032,16.8573,0.7952
12571,0.000308,0.279981,578.44,793.63,1265.62,0.373313,0.039216,0.746981,1.050529,-0.101315,-0.411107,-0.601779,-0.683308,140.62,0.291711,15.3974,0.8237
12576,0.000361,0.074053,565.77,822.35,1265.62,0.321514,0.054902,0.786766,1.233800,-0.033580,-0.695378,-0.720497,-0.571112,140.62,0.255266,17.5811,0.8397
12581,0.000396,0.094467,651.62,868.54,1593.75,0.374176,0.003922,0.648265,1.226790,-0.331319,-0.630844,-0.460389,-0.452502,140.62,0.202189,19.3754,0.8012
12587,0.000220,0.237048,583.70,817.47,1359.38,0.344484,0.054902,0.593026,1.303285,-0.047073,-0.589396,-0.624883,-0.634959,187.50,0.223030,18.2083,0.8289
12592,0.000279,0.210453,665.34,836.22,1500.00,0.402597,0.054902,0.079883,1.042695,0.287275,-0.355635,-0.330467,-0.723751,187.50,0.203133,15.8697,0.7481
12597,0.000137,0.178315,663.56,871.62,1687.50,0.406642,0.184314,0.643861,0.939468,-0.015545,-0.535201,-0.501881,-0.530702,140.62,0.141644,13.1343,0.7872
12603,0.000106,0.098841,722.62,962.03,1968.75,0.436019,0.172549,0.788821,0.956039,-0.247758,-0.620381,-0.643714,-0.233008,93.75,0.111382,12.7758,0.7876
12608,0.000134,0.155553,1012.20,1071.07,2531.25,0.596416,0.180392,0.005257,0.462422,0.127985,-0.258879,-0.451510,0.114727,93.75,0.046723,8.1619,0.5992
12613,0.000118,0.266274,987.83,1050.13,2390.62,0.564214,0.125490,-0.116614,0.447512,0.510295,-0.336333,-0.528461,0.023601,140.62,0.040355,6.9872,0.6030
12619,0.000103,0.281806,923.12,994.02,2343.75,0.554804,0.172549,-0.122108,0.529933,0.288859,-0.021889,-0.652924,-0.021870,140.62,0.052398,7.7729,0.6321
12624,0.000072,0.191846,966.22,965.02,2250.00,0.604328,0.356863,-0.203174,0.214937,0.374333,0.008249,-0.381417,-0.012929,140.62,0.046999,6.9889,0.5506
12629,0.000090,0.125820,1086.74,1023.33,2437.50,0.646552,0.141176,-0.024298,0.054601,0.173349,-0.186681,-0.232090,0.215119,93.75,0.033786,6.7992,0.5059
12635,0.000071,0.226554,1192.88,1084.38,2671.88,0.714288,0.325490,-0.471595,0.171544,0.221822,0.033472,-0.199987,0.244745,281.25,0.018846,4.1044,0.4570
12640,0.000099,0.234796,1171.29,1055.31,2718.75,0.653003,0.196078,-0.646561,-0.043294,0.348460,0.323548,-0.315308,0.333154,375.00,0.028655,6.1959,0.4124
12645,0.000089,0.257746,1206.46,1017.85,2578.12,0.722334,0.239216,-1.040369,-0.201837,0.527600,0.331498,-0.008405,0.391513,375.00,0.030846,5.8187,0.3073
12651,0.000085,0.238509,1217.66,1077.31,2671.88,0.715099,0.254902,-1.058700,0.183100,0.405811,0.130493,-0.012016,0.351311,187.50,0.032186,5.7043,0.3526
12656,0.000088,0.112289,1292.66,1107.45,2718.75,0.727355,0.235294,-0.877867,0.284271,0.256936,-0.182083,0.014207,0.504537,187.50,0.029184,6.4038,0.3644
12661,0.000105,0.232476,1169.70,1045.74,2578.12,0.694418,0.117647,-0.566784,0.342631,0.415853,-0.354870,-0.104381,0.267550,281.25,0.033755,7.7010,0.4517
12667,0.000112,0.240331,1020.61,1026.35,2578.12,0.611811,0.105882,-0.534006,0.436670,0.573665,-0.256150,-0.247107,0.026928,281.25,0.045938,9.5579,0.5154
12672,0.000065,0.230054,1022.13,1012.71,2437.50,0.580475,0.317647,-0.812404,0.312242,0.779315,-0.279985,-0.099426,0.100258,328.12,0.051557,9.9052,0.4377
12677,0.000099,0.177430,1169.12,1054.73,2718.75,0.680364,0.180392,-1.051916,0.207635,0.552148,-0.076398,0.065325,0.303206,328.12,0.037940,7.7123,0.3529
12683,0.000098,0.155538,1234.51,1081.09,2718.75,0.698667,0.176471,-1.548842,0.298368,0.624619,0.076545,0.069585,0.479726,281.25,0.029661,6.5936,0.2891
12688,0.000119,0.248604,1019.74,999.13,2250.00,0.588334,0.196078,-0.795248,0.336435,0.589715,0.049777,-0.197638,0.016959,234.38,0.034532,7.2177,0.4653
12693,0.000090,0.306423,966.17,949.35,2156.25,0.583148,0.364706,-0.677874,0.122923,0.759466,-0.021460,-0.209028,0.025975,375.00,0.042458,7.5330,0.4536
12699,0.000112,0.200407,1047.95,981.56,2390.62,0.635307,0.200000,-0.901843,0.195874,0.644459,0.044495,-0.049317,0.066331,375.00,0.032320,5.5789,0.4106
12704,0.000095,0.144160,1184.63,1021.02,2437.50,0.698521,0.203922,-1.300885,0.238806,0.665582,-0.000129,0.025664,0.370962,234.38,0.037298,7.4054,0.3253
12709,0.000113,0.233575,1123.67,992.54,2343.75,0.658237,0.219608,-0.709665,0.241497,0.427518,-0.090566,-0.030590,0.161805,281.25,0.036827,6.9932,0.4256
12715,0.000083,0.296887,991.17,1030.12,2437.50,0.599846,0.211765,-0.134462,0.403147,0.206089,0.045749,-0.473621,-0.046902,140.62,0.034469,5.8799,0.5974
12720,0.000100,0.170546,1009.50,1033.74,2437.50,0.581175,0.164706,-0.122427,0.238913,0.464052,-0.184849,-0.385242,-0.010447,140.62,0.035498,7.1666,0.5637
12725,0.000078,0.259499,931.76,924.51,2062.50,0.564029,0.250980,-0.712980,0.347677,0.603695,0.215831,-0.216806,-0.237417,421.88,0.032168,6.2217,0.5111
12731,0.000107,0.189767,1037.78,997.77,2343.75,0.631188,0.172549,-0.613415,0.098727,0.553737,0.123796,-0.237413,0.074569,421.88,0.025218,5.0777,0.4561
12736,0.000078,0.249947,1160.60,1058.61,2578.12,0.672125,0.219608,-0.543616,0.109532,0.366546,-0.010610,-0.227685,0.305833,468.75,0.024445,4.4852,0.4363
12741,0.000125,0.179491,1048.40,1040.85,2437.50,0.637827,0.168627,-0.370822,0.248713,0.492850,-0.169678,-0.331834,0.130770,421.88,0.033223,6.0365,0.5099
12747,0.000095,0.193597,895.03,973.82,2296.88,0.531128,0.231373,-0.216008,0.496368,0.651248,-0.536700,-0.377541,-0.017367,187.50,0.036935,6.5974,0.5836
12752,0.000106,0.246128,947.28,1029.25,2390.62,0.548484,0.149020,-0.117922,0.606546,0.418553,-0.408873,-0.497100,-0.001204,234.38,0.041439,7.0149,0.6209
12757,0.000092,0.204685,1044.17,1054.23,2578.12,0.588381,0.211765,-0.394445,0.387790,0.635927,-0.333334,-0.464734,0.168796,281.25,0.043399,9.0025,0.5361
12763,0.000088,0.211005,1042.01,995.48,2390.62,0.623641,0.223529,-0.431160,0.054477,0.655244,-0.254337,-0.149683,0.125458,328.12,0.046573,9.8579,0.4561
12768,0.000117,0.226638,1158.18,1001.96,2437.50,0.665131,0.121569,-0.705306,-0.043132,0.558076,-0.214288,0.119270,0.285379,375.00,0.036306,7.2410,0.3597
12773,0.000075,0.239637,1100.97,1067.60,2578.12,0.629595,0.247059,-0.877984,0.333153,0.644380,-0.282954,-0.117250,0.300656,234.38,0.036501,6.9745,0.4100
12779,0.000115,0.220227,1028.67,1043.55,2531.25,0.617595,0.172549,-0.792863,0.419138,0.631827,-0.049131,-0.231472,0.022501,234.38,0.040103,7.3968,0.4794
12784,0.000113,0.232310,1149.89,1093.76,2671.88,0.659924,0.196078,-0.498890,0.049637,0.519733,-0.189241,-0.172653,0.291415,328.12,0.035923,6.3978,0.4295
12789,0.000150,0.298999,1106.75,1100.64,2625.00,0.616168,0.090196,0.055376,0.256447,0.218643,-0.569988,-0.208317,0.247838,328.12,0.045313,6.9826,0.5340
12795,0.000181,0.288475,1064.97,1052.06,2437.50,0.599792,0.070588,-0.191518,0.468381,0.275252,-0.506892,-0.128329,0.083105,281.25,0.055775,7.3018,0.5402
12800,0.000395,0.251164,1010.05,1007.90,2390.62,0.569074,0.027451,-0.426893,0.643757,0.349228,-0.511568,-0.117507,0.062982,234.38,0.099931,11.8210,0.5339
12805,0.000421,0.414956,700.68,888.91,1875.00,0.397470,0.031373,0.106175,1.104051,0.629784,-0.821542,-0.697329,-0.321139,234.38,0.179685,14.3206,0.7529
12811,0.000284,0.253239,645.09,875.42,1687.50,0.325960,0.043137,0.148046,1.319420,0.661271,-1.025581,-0.753649,-0.349507,234.38,0.241698,15.8661,0.7834
12816,0.000321,0.130492,730.54,892.80,1921.88,0.399609,0.031373,-0.341752,1.097108,0.819534,-0.653645,-0.646642,-0.274603,234.38,0.213395,16.2439,0.6981
12821,0.000444,0.237304,735.93,895.92,1968.75,0.418422,0.015686,-0.367869,0.923086,0.651404,-0.144482,-0.831615,-0.230524,187.50,0.187605,15.0019,0.6918
12827,0.000456,0.256019,643.94,834.40,1593.75,0.340439,0.031373,-0.114673,1.134052,0.491600,-0.236492,-0.806553,-0.467934,187.50,0.267994,18.6358,0.7590
12832,0.000219,0.174366,591.12,773.32,1312.50,0.330038,0.090196,0.109253,1.151305,0.529052,-0.409662,-0.642491,-0.737456,187.50,0.284231,17.6837,0.7892
12837,0.000146,0.154737,661.94,845.22,1640.62,0.377823,0.141176,0.260266,0.968874,0.470318,-0.575447,-0.554268,-0.569743,187.50,0.184028,13.1860,0.7643
12843,0.000353,0.104826,833.01,922.39,1968.75,0.480223,0.039216,-0.448845,0.620964,0.597836,-0.154674,-0.373453,-0.241828,187.50,0.113534,10.5305,0.5972
12848,0.000192,0.246973,625.55,776.49,1171.88,0.335519,0.078431,-0.290412,0.941191,0.950966,-0.179753,-0.776634,-0.645359,187.50,0.132571,10.3028,0.7382
12853,0.000291,0.097393,650.97,785.07,1312.50,0.378823,0.062745,-0.253597,0.876451,0.800651,-0.138334,-0.626764,-0.658406,187.50,0.130789,11.1303,0.7219
12859,0.000410,0.216241,629.66,797.11,1406.25,0.364875,0.007843,0.270543,0.907959,0.342549,-0.078881,-0.831203,-0.610968,187.50,0.141758,12.7599,0.7876
12864,0.000213,0.361815,577.15,769.46,937.50,0.292332,0.070588,0.231119,1.086355,0.744323,-0.381829,-1.095930,-0.584038,187.50,0.201269,13.2202,0.8174
12869,0.000335,0.149756,707.73,842.59,1640.62,0.411474,0.047059,-0.262658,0.775120,0.707602,-0.019776,-0.754397,-0.445891,187.50,0.171354,12.0291,0.7019
12875,0.000245,0.193574,811.49,902.32,1921.88,0.505696,0.078431,0.051611,0.603779,0.274528,-0.089604,-0.456709,-0.383604,140.62,0.121431,9.2102,0.6787
12880,0.000298,0.216655,669.05,809.77,1593.75,0.384782,0.054902,0.066261,0.851450,0.715291,-0.447052,-0.639888,-0.546063,140.62,0.133218,9.6595,0.7411
12885,0.000394,0.147600,765.16,842.70,1781.25,0.455606,0.054902,-0.239022,0.626785,0.671229,-0.459217,-0.234596,-0.365178,187.50,0.136179,10.3216,0.6210
12891,0.000487,0.251696,684.64,813.85,1640.62,0.396407,0.039216,0.024543,0.782684,0.551072,-0.244837,-0.648649,-0.464814,187.50,0.186870,12.5724,0.7232
12896,0.000343,0.229213,586.79,782.19,984.38,0.313518,0.054902,0.218430,1.084671,0.666913,-0.277098,-1.102234,-0.590682,187.50,0.257549,14.9852,0.8173
12901,0.000521,0.136701,597.87,780.79,1078.12,0.326791,0.023529,0.057482,1.083543,0.552304,-0.224070,-0.841755,-0.627503,187.50,0.276159,17.1624,0.7867
12907,0.000627,0.202062,757.61,918.49,1968.75,0.415707,0.015686,0.172104,0.967923,-0.047471,-0.288152,-0.548879,-0.255526,187.50,0.278176,16.4084,0.7256
12912,0.000495,0.226829,550.94,783.06,1031.25,0.308822,0.047059,0.615215,1.257704,0.114833,-0.422469,-0.933345,-0.631937,140.62,0.332758,17.6638,0.8480
12917,0.000375,0.104952,493.29,742.04,750.00,0.271557,0.070588,0.701746,1.372170,0.190563,-0.358935,-1.117477,-0.788066,140.62,0.339893,19.6248,0.8797
12923,0.000361,0.196091,511.22,732.23,984.38,0.277769,0.047059,0.720669,1.204997,0.132487,-0.343997,-0.897451,-0.816707,140.62,0.261582,16.6819,0.8606
12928,0.000155,0.212186,554.21,761.64,1171.88,0.324598,0.180392,0.414340,1.102690,0.427618,-0.505870,-0.749471,-0.689308,187.50,0.217748,16.1360,0.8143
12933,0.000130,0.085643,593.25,810.75,1406.25,0.371080,0.109804,0.474831,1.062737,0.294968,-0.511650,-0.660656,-0.660231,187.50,0.146215,13.1030,0.8068
12939,0.000224,0.205613,931.99,933.69,2109.38,0.622220,0.094118,-0.343835,0.435530,0.243835,-0.059200,-0.098410,-0.177921,187.50,0.069878,8.0669,0.5459
12944,0.000231,0.226868,733.68,906.43,1875.00,0.457035,0.086275,0.432839,0.814234,0.038267,-0.530095,-0.375345,-0.379900,140.62,0.090896,10.4893,0.7313
12949,0.000112,0.207689,710.70,873.00,1781.25,0.441643,0.078431,0.517377,0.978110,-0.267924,-0.487989,-0.340166,-0.399406,140.62,0.130024,14.4742,0.7535
12955,0.000154,0.130281,777.14,925.71,2015.62,0.443338,0.152941,0.116763,1.003359,0.089347,-0.611532,-0.301930,-0.296007,187.50,0.084875,12.2574,0.7025
12960,0.000147,0.330132,916.01,989.60,2203.12,0.539835,0.176471,-0.560131,0.631075,0.690281,-0.293855,-0.358369,-0.109002,281.25,0.064417,9.7892,0.5669
12965,0.000094,0.259598,838.57,924.72,1875.00,0.512751,0.176471,-0.569931,0.640156,0.753237,-0.174577,-0.338943,-0.309940,281.25,0.082265,10.0160,0.5889
12971,0.000070,0.068113,921.09,1005.22,2484.38,0.500099,0.294118,-0.262524,0.550846,0.622517,-0.231126,-0.591996,-0.087716,281.25,0.051024,8.9726,0.6187
12976,0.000111,0.185081,1056.77,1041.15,2531.25,0.630547,0.086275,-0.111526,0.145289,0.288530,-0.056499,-0.295290,0.029496,93.75,0.029535,6.3883,0.5374
12981,0.000111,0.297292,996.72,1025.40,2484.38,0.584359,0.184314,-0.328653,0.467262,0.566502,-0.330320,-0.411820,0.037029,281.25,0.041480,7.8879,0.5638
12987,0.000094,0.229562,1069.25,1026.12,2437.50,0.672016,0.149020,-0.494310,0.359445,0.515335,-0.266604,-0.241926,0.128059,281.25,0.055999,8.8883,0.4974
12992,0.000088,0.097510,1065.18,1051.01,2484.38,0.614051,0.168627,-0.454688,0.405641,0.516031,-0.271477,-0.337284,0.141777,281.25,0.033167,6.6899,0.5183
12997,0.000066,0.150828,1009.63,1045.10,2437.50,0.591005,0.254902,-0.516312,0.499405,0.609249,-0.321248,-0.358891,0.087797,234.38,0.036629,7.6991,0.5317
13003,0.000083,0.124103,1153.06,1082.12,2671.88,0.619714,0.247059,-1.101436,0.393526,0.718758,-0.134887,-0.200149,0.324188,234.38,0.033358,8.2715,0.3975
13008,0.000084,0.276637,1154.81,1071.31,2671.88,0.683474,0.231373,-0.948864,0.324497,0.507056,0.046093,-0.207337,0.278554,187.50,0.024962,5.5705,0.4139
13013,0.000093,0.247720,1075.02,1030.94,2578.12,0.622876,0.152941,-0.408657,0.118211,0.320963,0.266358,-0.452657,0.155782,421.88,0.027837,5.9295,0.5008
13019,0.000080,0.290232,1082.95,1048.22,2625.00,0.611012,0.168627,-0.684181,0.255214,0.630779,-0.172599,-0.313683,0.284469,375.00,0.027654,5.9332,0.4502
13024,0.000086,0.191513,1088.39,1069.24,2671.88,0.614411,0.235294,-0.656595,0.399477,0.592182,-0.186720,-0.384630,0.236286,281.25,0.034246,7.3089,0.4864
13029,0.000087,0.281991,1173.21,1028.51,2578.12,0.671468,0.196078,-1.000245,0.090275,0.539497,0.159095,-0.083933,0.295311,234.38,0.026918,5.6761,0.3634
13035,0.000112,0.246858,1057.58,991.72,2437.50,0.648021,0.211765,-0.546644,0.137121,0.418132,0.240535,-0.270311,0.021166,234.38,0.025008,4.6284,0.4800
13040,0.000109,0.228774,936.36,961.59,2109.38,0.564663,0.168627,-0.298484,0.499993,0.239743,0.195745,-0.396624,-0.240372,140.62,0.035814,6.7142,0.6033
13045,0.000091,0.275244,893.01,922.70,2015.62,0.547526,0.223529,-0.151915,0.401252,0.148840,0.113078,-0.277315,-0.233940,140.62,0.043368,7.0324,0.5939
13051,0.000072,0.198465,1084.57,1051.76,2484.38,0.664382,0.270588,-0.331209,0.382192,0.240461,-0.136061,-0.299620,0.144237,281.25,0.034642,6.1463,0.5258
13056,0.000079,0.156600,1242.87,1090.94,2859.38,0.661713,0.247059,-0.658957,0.303259,0.181696,0.063376,-0.188335,0.298961,281.25,0.031928,6.6830,0.4420
13061,0.000098,0.219342,1236.24,1081.96,2765.62,0.698014,0.188235,-0.504627,-0.034607,0.273567,0.111939,-0.137297,0.291025,281.25,0.017634,3.7254,0.4142
13067,0.000091,0.260585,1134.69,1089.60,2625.00,0.611312,0.168627,-0.497319,-0.097993,0.621367,-0.027762,-0.285415,0.287122,328.12,0.032076,6.5449,0.4259
13072,0.000222,0.231749,1032.62,1025.49,2484.38,0.610075,0.047059,-0.373806,0.274478,0.541842,-0.303501,-0.227343,0.088330,328.12,0.042107,8.0899,0.5050
13077,0.000430,0.456208,774.05,952.74,1968.75,0.448052,0.039216,0.350092,0.884712,0.346025,-0.763233,-0.513525,-0.304072,140.62,0.081619,10.5503,0.7362
13083,0.000446,0.443272,572.68,792.06,1265.62,0.341223,0.019608,0.694193,1.116786,0.324734,-0.541963,-0.794250,-0.799500,140.62,0.185404,14.1727,0.8458
13088,0.000611,0.303611,523.31,738.24,984.38,0.299978,0.039216,0.660742,1.231512,0.113124,-0.294706,-0.861240,-0.849431,140.62,0.268448,15.9967,0.8583
13093,0.000730,0.220777,653.91,819.32,1359.38,0.386075,0.007843,0.125321,1.092714,0.124854,-0.183768,-0.528654,-0.630467,187.50,0.311496,18.1652,0.7665
13099,0.000753,0.349834,503.92,680.54,796.88,0.267538,0.003922,0.542566,1.235338,0.308527,-0.042407,-0.950374,-1.093651,187.50,0.381251,15.5799,0.8711
13104,0.000824,0.241185,544.94,682.31,937.50,0.289262,0.007843,0.710800,1.065007,-0.089650,0.179240,-0.728054,-1.137344,140.62,0.502279,19.0392,0.8606
13109,0.000811,0.175817,551.71,704.68,984.38,0.308677,0.015686,0.756121,1.120430,-0.448187,0.216767,-0.578485,-1.066648,140.62,0.552306,18.8464,0.8533
13115,0.000808,0.186227,519.85,679.86,937.50,0.272423,0.015686,0.563215,1.115727,0.161442,0.097216,-0.808605,-1.128994,140.62,0.540135,17.9327,0.8592
13120,0.000489,0.188809,593.59,736.88,1171.88,0.359088,0.070588,0.598782,0.964449,-0.100920,-0.066695,-0.461511,-0.934105,140.62,0.520073,16.8552,0.8145
13125,0.000494,0.076993,550.98,695.36,1031.25,0.319584,0.003922,0.628659,0.995368,-0.019100,-0.062549,-0.475468,-1.066910,140.62,0.409282,16.6784,0.8297
13131,0.000453,0.103930,585.20,747.18,1031.25,0.342049,0.043137,0.590274,0.899782,0.094161,-0.060500,-0.566052,-0.957665,140.62,0.324373,15.6160,0.8186
13136,0.000688,0.153919,646.00,802.10,1171.88,0.382532,0.015686,0.549626,0.798903,-0.030778,0.127074,-0.657326,-0.787498,140.62,0.314530,15.4397,0.8017
13141,0.000882,0.176925,587.77,797.33,1171.88,0.363936,0.003922,0.733251,1.018921,-0.079183,-0.308377,-0.611657,-0.752956,140.62,0.372233,18.8621,0.8261
13147,0.000850,0.301298,477.22,736.30,984.38,0.292043,0.007843,1.107559,1.306516,-0.158829,-0.679880,-0.770143,-0.805223,140.62,0.502997,20.2178,0.8802
13152,0.001018,0.178935,465.92,722.56,937.50,0.268955,0.019608,1.079099,1.413032,-0.169446,-0.718264,-0.757769,-0.846653,140.62,0.589011,21.4830,0.8858
13157,0.000981,0.230554,487.34,721.25,1031.25,0.302382,0.019608,1.007814,1.199263,0.153338,-0.710268,-0.729031,-0.921116,140.62,0.546759,18.1972,0.8731
13163,0.000966,0.136756,436.11,723.77,703.12,0.254208,0.023529,1.256060,1.378999,0.049398,-0.763930,-1.048030,-0.872497,93.75,0.590747,19.2765,0.9070
13168,0.000884,0.232123,485.89,749.66,984.38,0.286824,0.015686,1.086608,1.403216,-0.098043,-0.818355,-0.763468,-0.809959,140.62,0.661146,20.8421,0.8841
13173,0.000683,0.249705,650.00,835.43,1546.88,0.449764,0.015686,0.659019,0.925759,0.089430,-0.482279,-0.481023,-0.710906,140.62,0.553751,15.3285,0.8003
13179,0.000763,0.094188,574.63,823.17,1359.38,0.325813,0.015686,0.872015,1.126233,-0.002148,-0.670003,-0.652430,-0.673666,93.75,0.483056,15.5073,0.8405
13184,0.000903,0.172116,678.71,820.50,1546.88,0.433727,0.011765,0.555398,0.834172,-0.065785,-0.227808,-0.331662,-0.764315,93.75,0.435028,13.9399,0.7760
13189,0.000775,0.188403,573.51,813.04,1312.50,0.337878,0.007843,0.959593,1.274394,-0.550491,-0.461118,-0.559179,-0.663199,140.62,0.544084,20.7814,0.8492
13195,0.001044,0.155544,500.12,757.68,1031.25,0.302517,0.011765,1.051678,1.316817,-0.223974,-0.642661,-0.688625,-0.813235,140.62,0.532106,19.4371,0.8738
13200,0.001107,0.307104,581.73,802.31,1265.62,0.378023,0.007843,0.778503,0.974694,0.054098,-0.415757,-0.584508,-0.807029,93.75,0.556784,15.9360,0.8281
13205,0.001000,0.255970,607.46,808.88,1359.38,0.389360,0.015686,0.683834,1.049026,-0.104919,-0.305465,-0.591765,-0.730710,140.62,0.622985,15.2287,0.8217
13211,0.000993,0.390488,785.86,875.21,1781.25,0.525872,0.007843,0.183439,0.539101,0.203188,-0.057263,-0.336338,-0.532126,93.75,0.548215,9.7113,0.6890
13216,0.001359,0.063861,751.29,871.72,1781.25,0.494261,0.011765,0.264085,0.568317,0.233066,-0.162045,-0.347951,-0.555471,93.75,0.607212,11.3768,0.7043
13221,0.001237,0.262890,554.50,779.55,1218.75,0.334391,0.031373,0.863382,1.122033,-0.115936,-0.450276,-0.684473,-0.734730,93.75,0.690036,16.0806,0.8458
13227,0.001350,0.223346,573.13,773.33,1265.62,0.396240,0.019608,0.792278,0.915401,0.013654,-0.354710,-0.560075,-0.806547,93.75,0.807120,16.6919,0.8231
13232,0.001162,0.108328,419.91,670.98,750.00,0.256692,0.011765,1.217643,1.361595,-0.117669,-0.602105,-0.844671,-1.014793,93.75,0.843290,19.6153,0.9020
13237,0.000946,0.065158,348.03,615.89,468.75,0.185665,0.031373,1.380559,1.512140,0.194856,-0.722890,-1.214577,-1.150087,93.75,0.825735,22.8454,0.9327
13243,0.000867,0.137942,435.34,709.71,750.00,0.271555,0.003922,1.210034,1.320049,-0.046744,-0.581661,-0.974090,-0.927588,93.75,0.713210,19.1990,0.9017
13248,0.000514,0.240968,645.28,854.09,1453.12,0.445550,0.015686,0.608221,0.799409,0.180691,-0.313392,-0.612937,-0.661992,93.75,0.572526,14.4591,0.7927
13253,0.000569,0.052859,665.64,895.97,1546.88,0.408799,0.027451,0.711001,0.728089,0.052195,-0.432739,-0.507770,-0.550775,93.75,0.428885,14.3657,0.7771
13259,0.000366,0.140689,602.50,848.16,1406.25,0.357541,0.047059,0.863122,0.957599,-0.071662,-0.526840,-0.577339,-0.644880,93.75,0.353465,16.0331,0.8208
13264,0.000672,0.253611,660.23,831.39,1406.25,0.430619,0.003922,0.334109,0.687064,0.348821,-0.149357,-0.496650,-0.723988,93.75,0.251462,10.5370,0.7542
13269,0.000606,0.171793,572.62,833.15,1171.88,0.346279,0.027451,0.855817,0.957587,0.134465,-0.385223,-0.886237,-0.676409,93.75,0.305577,14.6407,0.8440
13275,0.000501,0.193697,594.96,844.37,1359.38,0.362950,0.015686,0.898992,1.050466,-0.159681,-0.424681,-0.789849,-0.575248,93.75,0.345385,15.6910,0.8399
13280,0.000701,0.343817,746.78,921.92,1921.88,0.504048,0.011765,0.449266,0.658745,-0.156841,-0.096872,-0.502208,-0.352092,93.75,0.302691,11.5755,0.7273
13285,0.000491,0.220066,639.49,866.41,1500.00,0.374407,0.023529,0.680442,0.890981,0.027492,-0.406479,-0.664519,-0.527917,93.75,0.331639,11.7138,0.7993
13291,0.000714,0.240966,818.55,888.36,1828.12,0.567077,0.003922,0.076900,0.468855,0.100118,-0.037629,-0.189696,-0.418549,93.75,0.305737,9.5329,0.6404
13296,0.000380,0.126837,627.36,833.30,1406.25,0.365584,0.062745,0.629124,0.956297,0.069328,-0.440347,-0.591163,-0.623239,93.75,0.306336,11.4081,0.8022
13301,0.000449,0.245721,693.15,846.67,1593.75,0.462517,0.003922,0.292279,0.718445,0.420244,-0.354694,-0.535567,-0.540706,93.75,0.229104,8.3367,0.7395
13307,0.000354,0.045570,783.57,899.31,1921.88,0.518809,0.015686,0.123127,0.511050,0.356855,-0.171620,-0.441155,-0.378257,234.38,0.134085,6.1357,0.6741
13312,0.000331,0.212160,637.31,853.52,1500.00,0.391748,0.019608,0.661537,0.884495,0.096459,-0.427385,-0.671016,-0.544090,93.75,0.202251,11.4101,0.7991
13317,0.000279,0.232734,781.76,867.25,1828.12,0.535742,0.062745,0.008245,0.632529,0.270573,-0.110669,-0.312512,-0.488165,93.75,0.179578,10.5665,0.6728
13323,0.000412,0.153135,706.07,905.13,1781.25,0.442343,0.035294,0.711063,0.809276,-0.281100,-0.361381,-0.465984,-0.411873,93.75,0.183432,13.7222,0.7684
13328,0.000354,0.234761,735.78,917.25,1875.00,0.473151,0.054902,0.536006,0.747807,0.001517,-0.444569,-0.473047,-0.367714,93.75,0.196709,13.7609,0.7431
13333,0.000318,0.200562,789.64,952.36,2015.62,0.542866,0.035294,0.447214,0.632554,-0.003830,-0.356189,-0.420206,-0.299543,93.75,0.212664,12.1155,0.7109
13339,0.000240,0.119406,632.60,889.10,1640.62,0.406163,0.062745,0.867937,1.011620,-0.098094,-0.698943,-0.651516,-0.431002,93.75,0.215581,15.2368,0.8147
13344,0.000180,0.090570,636.08,890.90,1781.25,0.346761,0.090196,0.937427,1.221242,-0.191604,-0.991023,-0.641004,-0.335038,140.62,0.184638,19.0475,0.8274
13349,0.000103,0.168332,771.87,928.54,2015.62,0.476891,0.109804,0.503212,0.887483,0.117233,-0.828611,-0.416321,-0.262995,140.62,0.118479,13.6623,0.7379
13355,0.000120,0.221556,872.72,915.84,2015.62,0.549869,0.184314,-0.142762,0.555292,0.394074,-0.457297,-0.095695,-0.253613,187.50,0.056354,6.5108,0.5941
13360,0.000121,0.065651,894.52,992.91,2250.00,0.566429,0.141176,0.139503,0.606590,0.110666,-0.457654,-0.306524,-0.092580,187.50,0.051751,7.8491,0.6394
13365,0.000137,0.114303,1025.98,1056.90,2390.62,0.620285,0.105882,0.128259,0.324423,-0.216583,-0.183560,-0.130018,0.077478,187.50,0.032837,6.2015,0.5628
13371,0.000080,0.237202,926.83,1011.66,2203.12,0.582362,0.200000,0.274270,0.487787,-0.001291,-0.557054,-0.065607,-0.138105,93.75,0.057954,9.6630,0.6184
13376,0.000069,0.142701,905.07,1021.19,2296.88,0.567390,0.290196,0.214252,0.746689,0.219270,-0.748242,-0.422414,-0.009555,93.75,0.052274,9.4716,0.6674
13381,0.000081,0.108261,1009.41,1057.67,2531.25,0.583732,0.254902,0.077063,0.588974,0.332725,-0.711472,-0.446198,0.158908,93.75,0.035764,8.7095,0.6170
13387,0.000082,0.180646,1064.06,1022.08,2437.50,0.655393,0.156863,-0.267491,0.287653,0.295246,-0.204813,-0.063336,-0.047260,234.38,0.024155,6.0338,0.5163
13392,0.000085,0.302168,1127.43,1016.69,2390.62,0.648880,0.207843,-0.950193,0.422534,0.445221,-0.144171,0.109143,0.117465,234.38,0.035709,8.1534,0.4068
13397,0.000095,0.274795,1150.26,1010.42,2437.50,0.690433,0.180392,-0.705346,0.135332,0.400881,0.008304,-0.032475,0.193305,234.38,0.033002,6.2050,0.4096
13403,0.000134,0.185845,1186.84,1045.68,2531.25,0.670491,0.121569,-0.789391,0.136623,0.455723,-0.094965,0.012010,0.279998,234.38,0.030166,5.9202,0.3841
13408,0.000153,0.315946,929.20,979.34,2156.25,0.521799,0.070588,-0.635663,0.522002,0.832397,-0.251008,-0.335347,-0.132382,281.25,0.055135,9.2458,0.5441
13413,0.000086,0.241405,912.44,992.35,2250.00,0.516551,0.160784,-0.942209,0.883370,0.853023,-0.361956,-0.451937,0.019708,234.38,0.074364,12.5777,0.5465
13419,0.000105,0.124860,1013.07,1047.98,2437.50,0.541287,0.129412,-0.774897,0.790568,0.685236,-0.450211,-0.378106,0.127409,234.38,0.065292,11.9100,0.5332
13424,0.000148,0.119627,1023.96,1023.56,2343.75,0.567180,0.070588,-0.781537,0.684253,0.578603,-0.251143,-0.299719,0.069544,234.38,0.058343,13.0827,0.5166
13429,0.000165,0.304109,810.60,896.86,1968.75,0.498797,0.105882,-0.986394,0.859644,0.861882,-0.167799,-0.320320,-0.247012,234.38,0.070379,12.7625,0.5549
13435,0.000167,0.288790,765.11,894.08,1734.38,0.443069,0.105882,-0.192763,0.750366,0.732190,-0.294867,-0.531934,-0.462991,281.25,0.071754,10.9599,0.6849
13440,0.000183,0.273167,733.15,881.82,1687.50,0.461609,0.098039,-0.094475,0.831779,0.587390,-0.331498,-0.523592,-0.469605,234.38,0.086175,10.8474,0.7038
13445,0.000209,0.254906,753.89,876.36,1734.38,0.443759,0.054902,-0.100252,0.598568,0.726521,-0.158697,-0.626167,-0.439974,281.25,0.089471,10.2657,0.6862
13451,0.000114,0.151471,711.59,881.88,1734.38,0.437041,0.152941,0.250413,0.722394,0.517318,-0.222787,-0.757795,-0.509543,93.75,0.083123,9.5300,0.7540
13456,0.000210,0.165644,707.16,938.06,1875.00,0.412705,0.058824,0.451161,0.940786,0.268386,-0.456304,-0.822750,-0.381279,93.75,0.089188,11.8240,0.7855
13461,0.000513,0.140294,764.49,988.63,2015.62,0.472318,0.023529,0.559050,0.926031,-0.036757,-0.467036,-0.659827,-0.321462,93.75,0.110499,15.5170,0.7744
13467,0.000636,0.582400,601.07,814.65,1406.25,0.403829,0.011765,0.696019,0.948663,0.118807,-0.471618,-0.512809,-0.779061,93.75,0.214234,12.9335,0.8128
13472,0.000386,0.399658,670.21,839.55,1546.88,0.475695,0.082353,0.495285,0.667807,0.242758,-0.301091,-0.384841,-0.719919,93.75,0.315849,12.1100,0.7566
13477,0.000548,0.045273,530.03,753.04,1125.00,0.343079,0.047059,0.801804,0.810598,0.294448,-0.389391,-0.624214,-0.893244,93.75,0.304428,14.8261,0.8271
13483,0.000339,0.157467,452.18,685.57,796.88,0.265014,0.039216,0.941967,1.156982,0.299484,-0.477753,-0.914340,-1.006340,93.75,0.284842,15.6703,0.8818
13488,0.000511,0.231330,562.46,750.57,984.38,0.349846,0.027451,0.417159,0.882639,0.617861,-0.214823,-0.879517,-0.823317,93.75,0.210536,10.4920,0.8178
13493,0.000416,0.083200,479.97,685.91,796.88,0.282727,0.027451,0.764641,1.046514,0.667684,-0.366297,-1.060424,-1.052117,93.75,0.219768,13.0123,0.8767
13499,0.000416,0.278690,589.81,775.48,1218.75,0.381070,0.031373,0.562982,0.960245,0.247111,-0.250891,-0.677673,-0.841773,140.62,0.229240,11.3354,0.8207
13504,0.000490,0.289050,811.18,880.91,1781.25,0.582205,0.058824,0.027999,0.481272,0.103109,0.095307,-0.259930,-0.447758,187.50,0.199506,8.2203,0.6476
13509,0.000273,0.170915,616.78,809.25,1406.25,0.332112,0.035294,0.575168,0.927341,-0.078760,-0.174707,-0.575231,-0.673811,187.50,0.229830,10.8293,0.7983
13515,0.000326,0.261401,872.18,900.74,1968.75,0.619809,0.023529,-0.042688,0.398283,0.000401,0.172500,-0.181627,-0.346870,187.50,0.152611,6.8638,0.6087
13520,0.000322,0.069826,760.40,884.09,1781.25,0.472086,0.031373,0.226471,0.665344,0.154133,-0.087435,-0.486196,-0.472316,93.75,0.132295,8.6013,0.7161
13525,0.000266,0.219035,786.99,910.84,1875.00,0.543854,0.082353,0.030362,0.673490,0.510078,-0.401832,-0.376608,-0.435489,234.38,0.151443,9.1259,0.6809
13531,0.000213,0.023148,676.42,858.18,1593.75,0.396261,0.082353,0.036543,0.930585,0.711440,-0.572871,-0.587201,-0.518494,234.38,0.152561,12.8977,0.7382
13536,0.000125,0.214615,649.78,807.80,1359.38,0.386837,0.098039,0.131825,0.890429,0.694859,-0.499552,-0.487855,-0.729706,281.25,0.127131,12.2116,0.7540
13541,0.000169,0.144859,790.47,886.62,1640.62,0.455689,0.094118,0.059849,0.601561,0.450894,-0.357480,-0.213634,-0.541191,281.25,0.097269,10.6665,0.6700
13547,0.000431,0.219770,928.34,889.00,1921.88,0.550869,0.027451,-0.266126,0.462543,0.149083,-0.020675,0.061641,-0.386465,93.75,0.065463,7.1876,0.5648
13552,0.000704,0.465984,752.34,883.19,1781.25,0.459933,0.023529,0.649455,0.858493,-0.607861,-0.359646,-0.113320,-0.427122,140.62,0.182081,13.3333,0.7358
13557,0.000544,0.389762,547.17,750.02,1265.62,0.307837,0.007843,0.788797,1.340434,-0.030849,-0.994076,-0.259418,-0.844888,140.62,0.349886,19.0169,0.8343
13563,0.000638,0.224707,560.76,761.29,1312.50,0.328655,0.027451,0.630701,1.282646,0.003498,-0.720927,-0.417622,-0.778297,140.62,0.410676,19.2624,0.8256
13568,0.000716,0.164069,556.09,720.44,1218.75,0.305740,0.039216,0.630341,1.122045,0.007910,-0.417204,-0.503655,-0.839438,140.62,0.406081,18.4442,0.8246
13573,0.000747,0.229121,543.36,678.34,984.38,0.292761,0.015686,0.438025,0.902514,0.564634,-0.184666,-0.749372,-0.971135,140.62,0.385978,15.8705,0.8221
13579,0.000737,0.302916,516.64,637.72,890.62,0.287271,0.031373,0.360494,0.996845,0.598249,0.113709,-0.815016,-1.254281,140.62,0.426510,13.4805,0.8473
13584,0.000783,0.119997,562.85,671.34,984.38,0.322147,0.035294,0.132360,0.958140,0.547206,0.086646,-0.711461,-1.012891,187.50,0.432465,14.4443,0.8034
13589,0.000578,0.184844,673.22,787.26,1453.12,0.406117,0.015686,0.207435,0.794510,0.179617,-0.028896,-0.470134,-0.682532,140.62,0.391855,13.2287,0.7460
13595,0.000621,0.112674,597.35,757.11,1125.00,0.357398,0.015686,0.504267,0.934350,0.135568,-0.058917,-0.725545,-0.789722,140.62,0.402551,13.8462,0.8141
13600,0.000755,0.074342,536.75,669.57,890.62,0.288655,0.015686,0.350168,1.008794,0.457688,0.055872,-0.822942,-1.049580,187.50,0.366690,14.5782,0.8342
13605,0.000701,0.236083,487.62,620.97,750.00,0.247396,0.003922,0.386142,1.112907,0.613934,0.103948,-0.915107,-1.301826,187.50,0.430867,14.7196,0.8651
13611,0.000712,0.074272,567.64,708.77,1031.25,0.322099,0.015686,0.164293,1.053465,0.398069,-0.004140,-0.602591,-1.009096,187.50,0.429895,16.6411,0.8045
13616,0.000685,0.153040,582.82,743.24,1078.12,0.356222,0.007843,0.281672,1.076111,0.337698,-0.148785,-0.712377,-0.834320,187.50,0.387008,15.1635,0.8103
13621,0.000642,0.095989,554.04,699.28,937.50,0.309675,0.007843,0.351174,1.102638,0.261501,0.080068,-0.801570,-0.993811,140.62,0.389325,15.4750,0.8354
13627,0.000618,0.146261,554.91,677.71,937.50,0.298711,0.011765,0.341392,1.032681,0.254905,0.165205,-0.672037,-1.122146,187.50,0.393789,15.2088,0.8298
13632,0.000689,0.100754,561.60,663.26,1125.00,0.290819,0.015686,0.208097,1.006234,0.376322,0.164126,-0.549635,-1.205144,187.50,0.388766,16.0949,0.8153
13637,0.000642,0.140556,531.33,656.21,984.38,0.266295,0.007843,0.251183,1.123086,0.458288,-0.114799,-0.590430,-1.127329,187.50,0.386913,16.5283,0.8243
13643,0.000678,0.207996,495.07,627.10,796.88,0.270750,0.015686,0.503115,1.122406,0.371616,-0.000702,-0.776680,-1.219756,140.62,0.378288,15.6225,0.8595
13648,0.000624,0.174759,477.19,600.43,750.00,0.235814,0.007843,0.380709,1.162610,0.474177,0.324683,-0.998087,-1.344092,187.50,0.400066,17.5854,0.8747
13653,0.000646,0.097154,511.30,656.39,796.88,0.265009,0.011765,0.384893,1.161169,0.289893,0.277414,-0.914343,-1.199027,187.50,0.408556,17.6592,0.8617
13659,0.000439,0.141802,592.48,766.82,1125.00,0.337217,0.015686,0.581098,1.125604,-0.371542,0.179961,-0.715315,-0.799807,140.62,0.400072,18.0073,0.8335
13664,0.000262,0.065725,558.76,764.90,1171.88,0.314358,0.054902,0.687161,1.241945,-0.208380,-0.301808,-0.635065,-0.783853,140.62,0.330623,19.1653,0.8421
13669,0.000185,0.109740,626.11,805.47,1546.88,0.374770,0.023529,0.410281,1.034287,-0.029167,-0.107492,-0.531453,-0.776456,187.50,0.227501,15.7478,0.7984
13675,0.000213,0.076832,694.91,859.18,1687.50,0.437325,0.047059,0.248192,0.897825,-0.025386,-0.077829,-0.518287,-0.524514,187.50,0.153198,15.7358,0.7492
13680,0.000190,0.120710,765.49,903.07,1921.88,0.450916,0.054902,0.187721,0.892860,-0.072692,-0.270560,-0.390719,-0.346610,187.50,0.109262,12.7735,0.7128
13685,0.000163,0.190492,777.18,894.41,1734.38,0.458611,0.121569,0.125432,0.711562,0.141001,-0.187234,-0.292450,-0.498311,140.62,0.112364,12.4413,0.6929
13691,0.000212,0.141606,754.38,898.48,1734.38,0.450487,0.094118,-0.087085,0.831237,0.506071,-0.250020,-0.575619,-0.424583,187.50,0.089127,10.7394,0.7052
13696,0.000135,0.195606,727.56,856.85,1640.62,0.450951,0.098039,-0.110426,0.743322,0.613519,-0.121953,-0.535826,-0.588636,140.62,0.081590,9.5732,0.7065
13701,0.000110,0.166762,671.25,843.05,1640.62,0.380374,0.160784,0.041914,0.968092,0.625143,-0.332289,-0.748601,-0.554260,187.50,0.078618,9.6352,0.7607
13707,0.000102,0.194007,861.59,933.97,2156.25,0.507198,0.149020,-0.356244,0.440750,0.704697,-0.060256,-0.604659,-0.124289,281.25,0.059838,9.0318,0.6003
13712,0.000092,0.115233,928.60,953.51,2203.12,0.584349,0.164706,-0.216562,0.285794,0.516287,-0.099218,-0.386168,-0.100132,281.25,0.045213,8.2776,0.5690
13717,0.000081,0.165090,929.04,934.25,2156.25,0.525739,0.172549,-0.637343,0.192316,0.775284,0.140919,-0.446177,-0.024998,328.12,0.040447,8.5013,0.5033
13723,0.000074,0.245330,983.94,939.09,2250.00,0.570021,0.305882,-1.205052,0.273716,0.754333,0.445068,-0.330535,0.062472,281.25,0.032688,6.6107,0.4178
13728,0.000078,0.139085,988.07,947.67,2203.12,0.577476,0.207843,-0.779000,0.052290,0.490147,0.481980,-0.274687,0.029270,234.38,0.025986,6.0568,0.4401
13733,0.000070,0.270366,979.81,998.50,2343.75,0.587230,0.247059,-0.308437,0.463203,0.261690,-0.076180,-0.325183,-0.015093,187.50,0.025479,6.2105,0.5616
13739,0.000063,0.188978,1047.80,1048.75,2437.50,0.634619,0.258824,-0.186487,0.497708,0.277943,-0.460529,-0.285385,0.156749,281.25,0.025705,6.7864,0.5548
13744,0.000057,0.197223,1147.57,1058.96,2578.12,0.645121,0.356863,-1.006215,0.376341,0.664680,-0.243133,-0.189873,0.398201,234.38,0.024446,6.7561,0.3967
13749,0.000075,0.210131,1279.50,1048.46,2671.88,0.692957,0.211765,-1.344939,-0.101581,0.688110,0.307758,-0.195164,0.645818,234.38,0.016069,4.8994,0.2792
13755,0.000066,0.270712,1233.14,1105.25,2765.62,0.637681,0.250980,-0.576888,-0.049606,0.594451,-0.082373,-0.371354,0.485770,281.25,0.018618,5.1627,0.4084
13760,0.000098,0.216743,1249.10,1075.29,2765.62,0.710527,0.176471,-0.557669,-0.241411,0.430860,-0.072599,0.022626,0.418191,328.12,0.020518,5.1044,0.3498
13765,0.000066,0.264429,1090.35,1017.23,2484.38,0.650301,0.270588,-0.466405,-0.144847,0.589902,-0.177243,0.042866,0.155728,375.00,0.031916,7.1431,0.4001
13771,0.000096,0.202836,1010.76,998.99,2343.75,0.637523,0.152941,-0.461529,0.236156,0.617032,-0.287935,-0.127324,0.023599,375.00,0.028739,5.9703,0.4848
13776,0.000080,0.238929,1050.56,1002.73,2390.62,0.605352,0.207843,-0.888805,0.484259,0.493163,-0.167872,0.022444,0.056812,234.38,0.041272,8.9075,0.4398
13781,0.000075,0.157244,1178.94,1083.33,2765.62,0.625564,0.160784,-1.288894,0.497639,0.559294,-0.228725,0.092338,0.368349,234.38,0.042055,9.7480,0.3484
13787,0.000103,0.268122,1192.00,1107.06,2765.62,0.642433,0.117647,-0.881132,0.416936,0.488590,-0.284107,0.020591,0.239123,281.25,0.033991,8.2049,0.4105
13792,0.000095,0.241456,1018.77,1049.02,2531.25,0.594749,0.164706,-0.453419,0.427141,0.438299,-0.133642,-0.153301,-0.125077,281.25,0.043733,9.5040,0.5315
13797,0.000105,0.251555,865.01,921.52,1921.88,0.498744,0.121569,-0.586452,0.543950,0.639745,0.071175,-0.313461,-0.354955,234.38,0.041488,8.2358,0.5776
13803,0.000068,0.204285,884.99,978.75,2109.38,0.477107,0.196078,-0.388937,0.491776,0.756924,-0.160540,-0.520411,-0.178811,281.25,0.046255,9.2327,0.5989
13808,0.000108,0.176077,1065.43,1041.76,2484.38,0.621739,0.066667,-0.841016,0.355240,0.669761,-0.096963,-0.208515,0.121495,281.25,0.041612,8.7096,0.4503
13813,0.000089,0.246166,1027.11,1004.46,2390.62,0.630293,0.192157,-0.866558,0.318174,0.582101,0.194248,-0.270627,0.042663,281.25,0.036488,6.6075,0.4600
13819,0.000094,0.141213,939.20,998.03,2296.88,0.550291,0.149020,-0.581866,0.539215,0.680132,-0.220994,-0.328712,-0.087773,281.25,0.047748,10.7468,0.5466
13824,0.000062,0.241400,917.62,971.48,2203.12,0.536321,0.294118,-0.331818,0.368785,0.746383,-0.333916,-0.407419,-0.042015,328.12,0.037751,9.1353,0.5605
13829,0.000065,0.273758,995.92,961.10,2296.88,0.605756,0.274510,-0.558036,0.192907,0.553753,0.023290,-0.252978,0.041065,421.88,0.027136,6.0073,0.4809
13835,0.000103,0.138892,1139.47,1023.31,2625.00,0.632319,0.156863,-0.764323,-0.087481,0.557451,0.250227,-0.289304,0.333430,421.88,0.022367,5.8379,0.3898
13840,0.000144,0.348276,1060.78,993.46,2531.25,0.561691,0.098039,-1.304366,0.202686,0.845999,0.229711,-0.206291,0.232260,328.12,0.032052,7.2700,0.3627
13845,0.000090,0.406894,779.36,903.38,1875.00,0.462361,0.184314,-0.187431,0.763860,0.664952,-0.430590,-0.461889,-0.348902,234.38,0.055434,9.2264,0.6668
13851,0.000105,0.166144,807.31,890.44,1828.12,0.483896,0.125490,-0.134505,0.662689,0.385415,-0.050634,-0.386124,-0.476841,281.25,0.051104,8.4588,0.6672
13856,0.000083,0.179159,999.91,1006.15,2390.62,0.595169,0.243137,-0.430681,0.320876,0.591202,-0.080770,-0.465169,0.064542,281.25,0.048560,10.0166,0.5363
13861,0.000095,0.203101,934.48,1026.27,2390.62,0.530059,0.105882,-0.169894,0.560636,0.568494,-0.396997,-0.561786,-0.000452,281.25,0.045373,8.9868,0.6169
13867,0.000096,0.101772,938.83,998.19,2296.88,0.535828,0.188235,-0.234920,0.646698,0.401437,-0.399658,-0.368017,-0.045539,281.25,0.038802,9.0081,0.6017
13872,0.000082,0.228242,907.19,991.83,2296.88,0.525115,0.247059,-0.422902,0.619606,0.653050,-0.121936,-0.632298,-0.095518,234.38,0.044193,9.2218,0.6136
13877,0.000097,0.208064,873.04,922.70,2062.50,0.506102,0.101961,-0.491654,0.514301,0.623008,0.156810,-0.600852,-0.201612,281.25,0.034379,7.2953,0.6017
13883,0.000130,0.202111,885.25,945.13,2109.38,0.495691,0.168627,-0.364209,0.571635,0.670808,-0.238497,-0.566694,-0.073042,281.25,0.046108,10.1390,0.6043
13888,0.000128,0.329643,851.76,964.93,2203.12,0.505856,0.078431,-0.081037,0.686793,0.641930,-0.485841,-0.637644,-0.124201,281.25,0.058577,9.8072,0.6646
13893,0.000119,0.188925,871.80,942.59,2250.00,0.524534,0.168627,-0.138264,0.579425,0.427169,-0.172158,-0.551120,-0.145052,281.25,0.055511,9.0653,0.6385
13899,0.000107,0.227851,802.02,928.06,2109.38,0.474976,0.141176,-0.148236,0.661640,0.697466,-0.251651,-0.712962,-0.246256,281.25,0.049075,8.6139,0.6762
13904,0.000119,0.281156,858.76,1002.67,2250.00,0.493316,0.070588,0.341407,0.508361,0.348691,-0.674916,-0.433848,-0.089695,93.75,0.050768,9.2956,0.6652
13909,0.000070,0.209974,903.36,989.21,2343.75,0.563879,0.207843,0.141683,0.402702,0.340973,-0.461907,-0.398456,-0.024996,140.62,0.038150,6.6644,0.6187
13915,0.000074,0.142009,925.12,1000.28,2343.75,0.563800,0.243137,-0.038588,0.431959,0.261764,-0.121822,-0.441554,-0.091760,140.62,0.036064,7.0826,0.6138
13920,0.000100,0.284609,1148.93,987.62,2484.38,0.729019,0.137255,-0.668266,-0.287026,0.301858,0.350521,0.152430,0.150483,421.88,0.024606,4.8956,0.3477
13925,0.000099,0.233957,1074.75,974.57,2296.88,0.598374,0.160784,-0.981764,-0.108016,0.730286,0.127627,0.069809,0.162059,375.00,0.034626,7.0644,0.3406
13931,0.000159,0.298222,1035.93,972.16,2250.00,0.627874,0.125490,-0.806628,0.184481,0.588851,0.058285,-0.028301,0.003312,234.38,0.036437,6.2245,0.4259
13936,0.000138,0.327605,812.99,959.51,2062.50,0.490727,0.184314,-0.023874,0.785002,0.492396,-0.494073,-0.523794,-0.235656,234.38,0.064430,9.3274,0.6814
13941,0.000173,0.231964,830.23,943.66,2062.50,0.511784,0.105882,0.034931,0.694402,0.490629,-0.401513,-0.486438,-0.332010,281.25,0.065754,9.3116,0.6844
13947,0.000116,0.261391,858.61,896.95,1828.12,0.539207,0.164706,-0.030972,0.508243,0.147645,0.110335,-0.333462,-0.401789,140.62,0.063975,7.9600,0.6471
13952,0.000134,0.183784,882.01,960.10,2203.12,0.485298,0.105882,0.163346,0.565495,0.129318,0.076304,-0.733692,-0.200772,93.75,0.057875,8.0609,0.6967
13957,0.000160,0.218672,914.22,864.77,1921.88,0.508241,0.094118,-0.176202,0.334970,-0.017573,0.679552,-0.514228,-0.306518,796.88,0.050199,7.1857,0.6200
13963,0.000159,0.239618,855.42,849.27,1734.38,0.455209,0.086275,-0.123156,0.161105,0.200053,0.731430,-0.578664,-0.390769,750.00,0.063860,8.1826,0.6233
13968,0.000134,0.201439,847.83,838.58,1734.38,0.489150,0.160784,-0.433858,0.307012,0.398129,0.572602,-0.450179,-0.393706,750.00,0.062875,7.5121,0.5887
13973,0.000156,0.187863,899.74,859.56,1781.25,0.495373,0.121569,-0.367869,0.155339,0.193962,0.593333,-0.278488,-0.296277,796.88,0.052259,6.1435,0.5452
13979,0.000211,0.232646,817.43,836.52,1593.75,0.488044,0.054902,-0.265062,0.441927,0.227459,0.417791,-0.329909,-0.492207,234.38,0.063964,7.0870,0.6223
13984,0.000225,0.199968,823.55,860.41,1687.50,0.489056,0.129412,-0.523395,0.509397,0.522117,0.374173,-0.409187,-0.473106,234.38,0.100408,10.5174,0.6069
13989,0.000296,0.228912,795.50,911.37,1734.38,0.471104,0.070588,-0.407768,0.745359,0.615183,0.082384,-0.581626,-0.453532,234.38,0.115437,11.0748,0.6652
13995,0.000362,0.335544,890.39,976.89,2109.38,0.519945,0.050980,-0.282571,0.647194,0.527080,-0.199951,-0.405265,-0.286488,281.25,0.143028,10.5486,0.6291
14000,0.000502,0.330622,929.91,950.18,2062.50,0.576542,0.023529,-0.670606,0.503374,0.610101,0.051132,-0.221887,-0.272114,281.25,0.191747,9.7342,0.5408
14005,0.000369,0.249312,856.58,977.56,1875.00,0.434133,0.027451,-0.275715,0.715053,0.392122,0.043995,-0.479814,-0.395639,234.38,0.210796,9.9583,0.6587
14011,0.000515,0.198460,817.50,905.85,1359.38,0.401197,0.023529,-0.439376,0.567342,0.676609,0.228271,-0.503997,-0.528849,234.38,0.214875,9.7851,0.6412
14016,0.000459,0.286298,834.72,857.94,1546.88,0.487595,0.019608,-0.624485,0.658411,0.438825,0.075495,0.008902,-0.557148,234.38,0.262257,11.7036,0.5723
14021,0.000471,0.249965,900.13,858.69,1781.25,0.557676,0.039216,-0.927544,0.551565,0.444926,0.231178,0.134959,-0.435085,234.38,0.293105,10.5955,0.4905
14027,0.000434,0.131864,898.35,897.49,1687.50,0.495551,0.035294,-1.026103,0.540198,0.610310,0.331574,-0.029128,-0.426851,234.38,0.277010,10.7766,0.4963
14032,0.000529,0.247948,907.07,920.20,1734.38,0.435456,0.027451,-0.882472,0.508552,0.463900,0.367432,-0.046306,-0.411105,234.38,0.239959,9.0092,0.5104
14037,0.000658,0.227774,1017.52,948.38,2062.50,0.563744,0.043137,-0.761703,0.279099,0.268742,0.315973,0.190305,-0.292416,234.38,0.226076,7.9592,0.4526
14043,0.000570,0.328562,998.99,863.15,1640.62,0.482403,0.050980,-1.152546,0.211493,0.206632,0.645158,0.470387,-0.381125,234.38,0.237897,6.2957,0.3740
14048,0.000729,0.291996,1117.67,808.61,1875.00,0.571325,0.047059,-2.133343,-0.022069,0.329909,0.967475,0.912449,-0.054421,234.38,0.207068,4.6687,0.1814
14053,0.000842,0.200463,1157.65,841.34,2062.50,0.621448,0.035294,-1.444741,-0.217424,0.095765,0.788327,0.792213,-0.014141,234.38,0.193425,4.1980,0.2279
14059,0.000977,0.237370,1010.84,815.40,1500.00,0.458897,0.039216,-1.048470,0.103359,0.075869,0.600705,0.661591,-0.393055,234.38,0.236836,4.8323,0.3528
14064,0.000658,0.276938,1005.80,768.59,1593.75,0.508496,0.031373,-1.436077,0.079952,0.074081,0.976334,0.596570,-0.290860,750.00,0.381596,7.1489,0.3035
14069,0.000740,0.149593,915.75,712.91,1359.38,0.471160,0.039216,-1.059410,0.088577,0.126260,1.056816,0.396509,-0.608752,796.88,0.379118,7.3985,0.4063
14075,0.000993,0.109416,927.06,765.26,1500.00,0.489417,0.039216,-0.847018,0.193042,0.066485,0.825915,0.278305,-0.516729,750.00,0.369054,8.7287,0.4482
14080,0.000886,0.206310,867.49,698.26,1312.50,0.398969,0.035294,-0.860974,0.157234,0.171577,1.042153,0.241020,-0.751010,750.00,0.451904,10.0078,0.4758
14085,0.001079,0.305665,873.19,641.39,1312.50,0.418775,0.035294,-0.737979,-0.069984,0.159150,1.115498,0.480838,-0.947523,750.00,0.358213,6.4567,0.4574
14091,0.001126,0.286912,871.48,646.57,1265.62,0.411278,0.054902,-1.213897,0.092202,0.313068,1.063969,0.653759,-0.909100,234.38,0.324459,5.0638,0.3934
14096,0.001102,0.235212,920.65,673.96,1265.62,0.396531,0.070588,-1.326921,0.090991,0.098555,1.066857,0.788179,-0.717661,234.38,0.346591,5.2932,0.3423
14101,0.001247,0.210848,923.14,667.73,1265.62,0.380911,0.043137,-1.136158,0.016934,0.132394,1.018653,0.784182,-0.816005,234.38,0.349122,4.7124,0.3673
14107,0.001081,0.195759,976.61,676.26,1359.38,0.441003,0.047059,-1.295739,0.057878,-0.107742,1.004893,0.917430,-0.576719,1265.62,0.357126,4.9320,0.3123
14112,0.001344,0.273647,1111.08,752.10,1828.12,0.585136,0.054902,-1.560734,-0.048122,-0.016509,0.832369,0.954874,-0.161877,1265.62,0.361279,4.7114,0.2313
14117,0.001332,0.200869,1073.30,698.48,1453.12,0.472433,0.050980,-1.925931,-0.039494,0.179600,0.978480,1.115755,-0.308410,1265.62,0.514211,6.6467,0.2000
14123,0.000980,0.218334,1079.30,696.69,1359.38,0.425421,0.039216,-1.916124,-0.080626,0.036041,1.054488,1.136932,-0.230711,1265.62,0.587438,8.4979,0.1898
14128,0.000873,0.219936,1099.85,732.33,1687.50,0.539063,0.050980,-2.155278,-0.126649,0.178040,1.121859,1.098277,-0.116249,1265.62,0.495213,6.6800,0.1636
14133,0.000621,0.081322,1222.46,856.80,2250.00,0.555246,0.074510,-1.989174,-0.329076,0.051128,1.054627,0.978706,0.233789,1265.62,0.378670,5.7776,0.1461
14139,0.000530,0.168182,1387.62,971.07,2812.50,0.684365,0.066667,-1.949437,-0.497734,0.114064,0.901352,0.848364,0.583391,1265.62,0.277409,4.7019,0.1257
14144,0.000644,0.060086,1340.08,1026.94,2812.50,0.648694,0.047059,-1.818412,-0.202657,0.322269,0.678291,0.506247,0.514262,1265.62,0.207428,4.6546,0.1793
14149,0.000832,0.218404,1238.19,914.49,2484.38,0.636171,0.054902,-1.971623,-0.255025,0.228844,0.949425,0.634988,0.413391,234.38,0.164920,3.8788,0.1628
14155,0.000870,0.305960,1237.16,869.42,2343.75,0.719174,0.047059,-1.545779,-0.312061,0.012250,0.856838,0.785347,0.203406,796.88,0.208918,3.9013,0.1941
14160,0.000853,0.238856,1194.41,878.97,2343.75,0.609637,0.043137,-1.356002,-0.161610,-0.036371,0.763271,0.707551,0.083161,843.75,0.317759,5.8502,0.2397
14165,0.000767,0.153892,1113.16,802.82,1828.12,0.501595,0.039216,-1.516897,-0.176740,0.001576,0.975414,0.797597,-0.080950,843.75,0.343242,5.9916,0.2306
14171,0.000730,0.201057,1076.78,762.64,1593.75,0.528703,0.054902,-1.962082,-0.121622,0.243256,1.104489,0.905010,-0.169052,796.88,0.274133,4.7707,0.1963
14176,0.000683,0.141825,1040.99,753.27,1546.88,0.440185,0.070588,-1.586986,-0.089557,0.097285,1.053087,0.786894,-0.260724,843.75,0.202537,4.3546,0.2495
14181,0.000736,0.214766,998.90,765.88,1500.00,0.508320,0.043137,-1.127620,0.039999,-0.061311,0.896671,0.626461,-0.374201,703.12,0.226734,4.8625,0.3385
14187,0.000942,0.221066,1067.72,791.03,1687.50,0.544837,0.050980,-1.212054,-0.159395,-0.178138,0.954214,0.806129,-0.210755,703.12,0.246185,5.0622,0.2722
14192,0.000750,0.294082,1052.44,804.65,1828.12,0.602855,0.015686,-1.286029,-0.060721,0.101887,0.861666,0.572165,-0.188967,703.12,0.242663,4.3050,0.2963
14197,0.000868,0.201088,888.81,690.53,1359.38,0.465476,0.015686,-1.579258,0.302956,0.333586,1.075511,0.468263,-0.601057,234.38,0.321783,6.0883,0.3608
14203,0.000814,0.172891,747.20,694.18,1265.62,0.370004,0.011765,-0.524884,0.677491,0.060761,0.728413,-0.009679,-0.932101,187.50,0.429915,10.1277,0.6335
14208,0.000789,0.130624,802.93,775.69,1500.00,0.470537,0.023529,-0.601099,0.716571,-0.010406,0.483592,0.020928,-0.609587,187.50,0.490485,12.2563,0.5871
14213,0.000549,0.142138,705.63,739.56,1312.50,0.354908,0.023529,-0.242027,0.896694,0.116571,0.120608,-0.021230,-0.870617,187.50,0.507952,15.1531,0.6842
14219,0.000296,0.137707,705.66,680.76,1265.62,0.353590,0.156863,-0.096513,0.802675,-0.069417,0.451944,0.033564,-1.122253,187.50,0.365009,11.6989,0.7104
14224,0.000275,0.130099,844.78,739.49,1359.38,0.456088,0.062745,-0.286906,0.336904,-0.237337,0.745262,0.181134,-0.739057,187.50,0.171618,6.8774,0.5754
14229,0.000419,0.168739,994.62,815.38,1828.12,0.593190,0.050980,-0.567934,-0.025640,0.026267,0.666427,0.251725,-0.350843,796.88,0.105706,5.1575,0.4385
14235,0.000488,0.237769,843.78,803.54,1546.88,0.468839,0.011765,-0.550607,0.564952,0.069981,0.517681,-0.052331,-0.549676,234.38,0.157534,8.3682,0.5764
14240,0.000349,0.226735,710.33,783.43,1312.50,0.402823,0.117647,-0.349618,0.947532,0.156445,0.199431,-0.167684,-0.786107,187.50,0.288688,15.2679,0.6848
14245,0.000126,0.127853,744.36,869.06,1687.50,0.458905,0.133333,-0.052419,0.973311,0.039074,-0.207188,-0.224016,-0.528761,187.50,0.269550,15.2156,0.6978
14251,0.000128,0.115870,865.75,905.02,1968.75,0.528587,0.156863,-0.183892,0.714226,-0.068748,0.073659,-0.219300,-0.315944,187.50,0.128208,10.0604,0.6301
14256,0.000113,0.166434,1205.25,968.05,2484.38,0.720614,0.137255,-0.765437,0.165154,-0.255814,0.437342,0.180225,0.238532,750.00,0.045360,4.7845,0.3753
14261,0.000129,0.206958,1371.69,943.73,2531.25,0.771363,0.200000,-0.966526,-0.232882,-0.384344,0.518945,0.576151,0.488657,750.00,0.038185,4.2486,0.2438
14267,0.000088,0.245936,1444.42,1055.13,2906.25,0.784103,0.235294,-1.334631,0.031839,-0.127933,0.320056,0.560883,0.549786,234.38,0.039057,4.4344,0.2303
14272,0.000138,0.160452,1467.36,1075.38,3000.00,0.751372,0.086275,-1.453380,0.041749,-0.090661,0.333524,0.472476,0.696293,187.50,0.032272,4.0746,0.2158
14277,0.000078,0.223183,1286.05,1065.72,2718.75,0.737234,0.254902,-0.663620,0.139674,-0.058543,0.068944,0.136569,0.376976,187.50,0.037485,4.7147,0.3731
14283,0.000081,0.196006,1271.50,1101.23,2812.50,0.749381,0.231373,-0.461762,0.141882,0.001624,-0.026110,-0.013155,0.357521,187.50,0.037676,4.7124,0.4177
14288,0.000107,0.091068,1406.56,1079.54,2859.38,0.764980,0.168627,-0.943779,-0.107798,0.154307,0.088641,0.274650,0.533980,281.25,0.020337,3.5106,0.2829
14293,0.000138,0.260050,1145.71,1024.69,2531.25,0.644970,0.145098,-1.144633,0.205925,0.592829,0.022027,0.046071,0.277781,328.12,0.032118,5.6205,0.3472
14299,0.000100,0.253363,1063.33,1022.23,2437.50,0.602085,0.219608,-1.336535,0.528970,0.787941,-0.178915,-0.054749,0.253288,328.12,0.048151,7.1913,0.3768
14304,0.000089,0.176841,1091.72,1057.05,2531.25,0.626231,0.231373,-1.092445,0.653051,0.575605,-0.254385,-0.133537,0.251711,234.38,0.063879,10.4542,0.4308
14309,0.000139,0.156926,1205.70,1094.67,2765.62,0.697058,0.054902,-1.118635,0.434510,0.415237,-0.122649,-0.001469,0.393006,187.50,0.042966,8.1277,0.3687
14315,0.000095,0.249908,1104.57,1080.72,2718.75,0.618197,0.180392,-0.822651,0.531746,0.545407,-0.274879,-0.247346,0.267722,187.50,0.053531,9.1671,0.4612
14320,0.000101,0.192239,987.81,1022.37,2390.62,0.574577,0.200000,-0.662740,0.584346,0.463062,-0.103868,-0.268355,-0.012444,187.50,0.054474,8.7419,0.5253
14325,0.000080,0.233946,1011.07,936.17,2250.00,0.612743,0.290196,-1.000153,0.199739,0.558201,0.154974,0.126898,-0.039659,328.12,0.045149,7.5440,0.3908
14331,0.000092,0.124306,1179.35,968.20,2390.62,0.700012,0.247059,-1.340224,-0.036492,0.603986,0.118213,0.255466,0.399051,328.12,0.038613,7.7663,0.2659
14336,0.000084,0.179921,1262.27,1083.51,2812.50,0.710730,0.200000,-0.789366,-0.077504,0.400937,0.025121,-0.024141,0.464952,375.00,0.028897,6.8360,0.3421
14341,0.000122,0.325206,1209.93,1026.81,2625.00,0.678392,0.168627,-1.086528,-0.040443,0.467689,0.118567,0.242128,0.298586,375.00,0.033883,5.9958,0.3028
14347,0.000106,0.208283,1257.56,1028.29,2671.88,0.725824,0.243137,-1.230677,-0.245952,0.522386,0.251804,0.271475,0.430965,375.00,0.037987,6.3293,0.2517
14352,0.000237,0.339750,1129.70,1031.27,2625.00,0.661634,0.050980,-0.787010,0.131086,0.525367,0.050161,-0.106344,0.186741,234.38,0.040133,5.2864,0.4090
14357,0.000786,0.420254,850.26,940.92,1875.00,0.514873,0.023529,0.148711,0.535926,0.090596,-0.135650,-0.228356,-0.411226,93.75,0.091854,8.4895,0.6597
14363,0.000834,0.612597,735.59,874.44,1734.38,0.481996,0.015686,0.359780,0.642236,0.170198,-0.201713,-0.402683,-0.567817,93.75,0.273575,10.2841,0.7283
14368,0.001005,0.397711,803.85,903.08,1875.00,0.577052,0.011765,0.337414,0.506307,0.120468,-0.195671,-0.326108,-0.442409,93.75,0.482288,11.1282,0.6913
14373,0.000598,0.163103,583.72,786.98,1312.50,0.344520,0.039216,0.818606,0.998035,-0.159918,-0.299645,-0.587327,-0.769750,93.75,0.555694,15.2925,0.8302
14379,0.000830,0.216734,629.82,818.09,1359.38,0.431401,0.011765,0.540798,0.773855,0.191657,-0.158795,-0.727904,-0.619612,93.75,0.490871,13.0924,0.7910
14384,0.000437,0.062818,526.93,762.88,1031.25,0.325003,0.019608,0.894382,0.991673,0.039758,-0.239242,-0.887298,-0.799272,93.75,0.447923,16.0788,0.8565
14389,0.000714,0.137510,463.46,691.53,796.88,0.255145,0.015686,0.953290,1.211905,0.277977,-0.379053,-1.055603,-1.008516,93.75,0.374006,15.9576,0.8923
14395,0.000329,0.176304,480.55,686.55,937.50,0.271426,0.054902,0.795470,1.095882,0.475941,-0.392743,-0.885922,-1.088627,93.75,0.341602,14.6042,0.8736
14400,0.000651,0.273815,660.03,823.66,1406.25,0.418207,0.003922,0.494826,0.690579,0.114348,-0.219316,-0.342705,-0.737732,234.38,0.190174,7.8009,0.7564
14405,0.000722,0.276406,874.64,885.11,1875.00,0.602366,0.007843,0.107713,0.316936,-0.068197,0.011280,0.045287,-0.413020,140.62,0.177776,6.0625,0.5978
14411,0.000434,0.251594,594.76,793.39,1218.75,0.349350,0.027451,0.746200,0.939615,-0.172454,-0.254332,-0.480169,-0.778861,93.75,0.354473,12.0679,0.8134
14416,0.000330,0.198968,695.15,838.07,1500.00,0.467618,0.023529,0.347456,0.725575,0.120319,-0.069846,-0.555660,-0.567843,93.75,0.310764,10.6233,0.7499
14421,0.000268,0.033237,704.15,863.38,1546.88,0.442695,0.054902,0.405409,0.668408,0.270102,-0.175389,-0.565637,-0.602893,93.75,0.201284,10.5735,0.7542
14427,0.000130,0.182682,809.11,896.39,1828.12,0.531286,0.215686,-0.160454,0.575718,0.431075,-0.021591,-0.384444,-0.440304,234.38,0.135337,7.5665,0.6502
14432,0.000385,0.047516,910.06,904.08,2062.50,0.578666,0.027451,-0.453438,0.424223,0.297954,0.206953,-0.201005,-0.274688,234.38,0.084971,6.7175,0.5556
14437,0.000506,0.312030,772.38,909.26,1828.12,0.485886,0.027451,0.233592,0.643886,0.133129,-0.083307,-0.466158,-0.461142,140.62,0.116001,7.6148,0.7114
14443,0.000472,0.364145,819.97,920.52,1875.00,0.571862,0.047059,-0.066820,0.577581,0.206922,0.077385,-0.410822,-0.384246,187.50,0.206285,8.6815,0.6577
14448,0.000472,0.198278,599.09,824.60,1359.38,0.384234,0.019608,0.722718,0.912128,0.008436,-0.203500,-0.720569,-0.719212,93.75,0.243347,12.1476,0.8231
14453,0.000468,0.202892,654.96,833.75,1593.75,0.435598,0.039216,0.520385,0.701252,0.189333,-0.325577,-0.428578,-0.656814,234.38,0.130084,6.5718,0.7602
14459,0.000563,0.323897,787.29,879.03,1828.12,0.562356,0.019608,0.013151,0.471090,0.346604,-0.102417,-0.246078,-0.482350,234.38,0.182768,6.5594,0.6471
14464,0.000201,0.176634,603.07,814.54,1406.25,0.351011,0.121569,0.726633,0.923490,-0.037978,-0.291044,-0.628069,-0.693032,93.75,0.271132,12.4793,0.8154
14469,0.000157,0.172103,738.82,874.62,1734.38,0.512301,0.149020,0.496521,0.614083,-0.082384,-0.108258,-0.392148,-0.527814,140.62,0.215153,10.7739,0.7341
14475,0.000198,0.002706,802.81,887.76,1875.00,0.515524,0.047059,0.135000,0.472918,0.135439,-0.029268,-0.294101,-0.419988,140.62,0.094301,9.1087,0.6595
14480,0.000219,0.177164,779.33,914.86,1875.00,0.470519,0.062745,-0.025217,0.902655,0.392259,-0.545066,-0.407751,-0.316880,187.50,0.096204,12.6355,0.6902
14485,0.000090,0.214809,750.94,927.93,1968.75,0.445343,0.219608,0.227273,1.100748,0.030070,-0.686810,-0.415761,-0.255520,187.50,0.131311,16.7860,0.7310
14491,0.000127,0.127463,763.11,920.33,2015.62,0.445099,0.156863,0.114172,1.010854,0.167265,-0.543407,-0.523379,-0.225506,187.50,0.102367,14.7733,0.7185
14496,0.000140,0.118861,845.18,925.56,2109.38,0.513575,0.156863,-0.005185,0.729194,0.163100,-0.323972,-0.303273,-0.259865,187.50,0.059031,9.5922,0.6556
14501,0.000179,0.225978,822.75,943.86,2062.50,0.500181,0.070588,0.011018,0.766338,0.376356,-0.386736,-0.400769,-0.366206,234.38,0.070320,12.2224,0.6840
14507,0.000169,0.232979,785.95,980.50,2109.38,0.452908,0.082353,0.059878,0.950349,0.339649,-0.443645,-0.736581,-0.169649,187.50,0.074606,11.3210,0.7228
14512,0.000123,0.270083,710.77,952.68,2015.62,0.420235,0.137255,0.602842,1.043620,-0.160970,-0.465651,-0.807861,-0.211978,187.50,0.093091,12.7126,0.7914
14517,0.000079,0.127147,841.34,979.84,2203.12,0.524216,0.223529,0.198267,0.667464,-0.001395,-0.301224,-0.420973,-0.142140,187.50,0.068576,11.0329,0.6714
14523,0.000089,0.278927,921.52,909.11,2062.50,0.595716,0.145098,-0.490079,0.257991,0.439897,0.211267,-0.190745,-0.228331,187.50,0.035739,5.5896,0.5234
14528,0.000312,0.209257,1039.75,969.18,2390.62,0.645153,0.015686,-0.555330,-0.023179,0.422806,0.341011,-0.169369,-0.015938,328.12,0.026413,4.3274,0.4510
14533,0.000760,0.525424,728.88,881.23,1687.50,0.483901,0.003922,0.473665,0.748471,-0.122212,-0.118941,-0.520255,-0.460728,93.75,0.113457,10.2014,0.7506
14539,0.000879,0.446068,480.33,733.82,937.50,0.289861,0.003922,1.124767,1.197955,-0.304771,-0.324883,-0.819631,-0.873438,93.75,0.308860,17.3773,0.8816
14544,0.000721,0.427289,540.43,763.86,1171.88,0.358564,0.031373,0.899018,0.955190,0.064325,-0.316193,-0.753191,-0.849149,93.75,0.474099,15.6423,0.8492
14549,0.000960,0.380879,690.42,831.14,1593.75,0.488700,0.003922,0.295104,0.615295,0.265591,-0.079699,-0.503335,-0.592957,93.75,0.433680,10.4091,0.7317
14555,0.000466,0.191348,582.82,762.07,1218.75,0.301264,0.023529,0.706972,0.945404,-0.164795,0.004929,-0.670536,-0.821975,93.75,0.453631,12.1522,0.8281
14560,0.000782,0.291519,809.10,872.74,1828.12,0.580228,0.003922,0.055520,0.470894,0.149338,-0.010675,-0.198380,-0.466698,93.75,0.376037,8.8993,0.6447
14565,0.000500,0.092670,641.63,780.17,1312.50,0.382795,0.003922,0.435327,0.642579,0.220036,-0.017275,-0.525027,-0.755639,93.75,0.303039,9.2946,0.7648
14571,0.000644,0.202504,702.74,794.89,1500.00,0.480572,0.031373,0.033227,0.405544,0.563263,0.103583,-0.502304,-0.603314,375.00,0.221062,6.4861,0.6840
14576,0.000768,0.071451,599.36,709.29,984.38,0.350740,0.050980,0.284715,0.570436,0.618995,0.167394,-0.716304,-0.925236,234.38,0.191417,6.8681,0.7770
14581,0.000759,0.233085,447.82,573.81,750.00,0.227217,0.003922,0.785357,0.929309,0.765321,0.152112,-1.206302,-1.425797,93.75,0.372655,12.9017,0.8978
14587,0.000773,0.175837,401.51,518.20,703.12,0.173007,0.019608,0.899182,1.230091,0.648479,0.151293,-1.269504,-1.659540,140.62,0.416968,14.4697,0.9262
14592,0.000854,0.235932,541.16,707.80,984.38,0.340690,0.003922,0.641337,0.839878,0.413358,-0.094393,-0.765773,-1.034406,93.75,0.421780,12.4322,0.8376
14597,0.000643,0.334768,697.13,821.98,1546.88,0.482242,0.007843,0.037177,0.579772,0.513766,0.003032,-0.474208,-0.659538,93.75,0.380678,8.9532,0.7059
14603,0.000655,0.139874,564.04,720.65,984.38,0.364016,0.058824,0.583622,0.807489,0.294499,0.142641,-0.785563,-1.042688,93.75,0.400139,12.0698,0.8334
14608,0.000474,0.108978,485.72,615.98,890.62,0.250899,0.062745,0.623726,0.940256,0.554630,0.251651,-1.022193,-1.348069,93.75,0.342425,12.6830,0.8773
14613,0.000601,0.192156,524.77,691.09,890.62,0.303607,0.019608,0.397787,0.815715,0.894076,-0.110256,-1.008996,-0.988327,281.25,0.230412,8.3701,0.8328
14619,0.000460,0.186400,588.59,742.55,1078.12,0.351930,0.098039,0.481093,0.708210,0.452584,-0.025749,-0.746469,-0.869669,93.75,0.245310,9.8280,0.8026
14624,0.000346,0.318652,757.59,802.90,1593.75,0.515978,0.031373,-0.274320,0.445037,0.565915,0.198907,-0.353444,-0.582096,328.12,0.194153,6.2482,0.6349
14629,0.000485,0.055995,677.97,740.85,1265.62,0.409176,0.062745,-0.050628,0.504602,0.639311,0.282572,-0.622629,-0.753228,375.00,0.157204,7.2219,0.7140
14635,0.000406,0.185683,678.79,789.16,1359.38,0.423377,0.031373,-0.158419,0.613798,0.772475,-0.075463,-0.498156,-0.654236,281.25,0.164354,8.0029,0.6908
14640,0.000563,0.204305,620.52,705.47,984.38,0.349893,0.007843,0.041355,0.541602,0.770377,0.226548,-0.629928,-0.949955,281.25,0.182344,8.0087,0.7468
14645,0.000463,0.245355,600.54,696.88,937.50,0.340889,0.086275,0.141146,0.613628,0.766910,0.291698,-0.866673,-0.946709,375.00,0.188069,7.2835,0.7831
14651,0.000652,0.215907,706.01,806.75,1500.00,0.456755,0.003922,-0.194869,0.597401,0.765253,-0.068582,-0.532242,-0.566962,328.12,0.218227,8.0744,0.6794
14656,0.000658,0.218831,654.17,744.25,1218.75,0.379416,0.027451,0.086878,0.546503,0.644905,0.154143,-0.636982,-0.795447,375.00,0.218366,7.6561,0.7375
14661,0.000411,0.323914,756.45,816.73,1546.88,0.507816,0.090196,-0.333479,0.412892,0.726510,0.049900,-0.296195,-0.559628,281.25,0.286475,7.6176,0.6148
14667,0.000671,0.029270,644.25,766.97,1265.62,0.410497,0.023529,0.140762,0.534921,0.688648,-0.024509,-0.558965,-0.780857,281.25,0.224834,8.9965,0.7326
14672,0.000400,0.266800,458.13,646.81,750.00,0.247301,0.031373,0.701168,1.092942,0.725590,-0.164814,-1.210114,-1.144771,93.75,0.263725,10.9558,0.8884
14677,0.000741,0.158898,558.77,733.66,937.50,0.341775,0.011765,0.295881,0.924365,0.828154,-0.313190,-0.846266,-0.888945,281.25,0.212016,8.7502,0.8142
14683,0.000390,0.179283,453.97,593.11,750.00,0.233646,0.058824,0.603941,1.094573,0.805427,0.027464,-1.200866,-1.330538,93.75,0.234737,9.5028,0.8923
14688,0.000568,0.130893,429.53,565.31,703.12,0.213407,0.027451,0.678430,1.211730,0.798642,0.058144,-1.300605,-1.446341,140.62,0.282822,11.9739,0.9104
14693,0.000346,0.105383,435.59,575.53,703.12,0.208146,0.090196,0.657509,1.191903,0.885065,0.147440,-1.532531,-1.349386,93.75,0.252719,10.8580,0.9142
14699,0.000488,0.190431,529.19,643.01,890.62,0.286987,0.062745,0.387356,0.842623,0.669456,0.130854,-0.812179,-1.218111,93.75,0.169110,8.1714,0.8362
14704,0.000519,0.260905,708.29,739.09,1312.50,0.447496,0.101961,0.024544,0.457286,0.235376,0.433062,-0.302057,-0.848211,187.50,0.154643,7.0823,0.6934
14709,0.000352,0.278855,561.68,681.24,890.62,0.302869,0.027451,0.329992,0.906020,0.462402,0.320776,-0.990644,-1.028545,187.50,0.222706,8.6274,0.8358
14715,0.000470,0.125516,729.94,821.90,1406.25,0.469811,0.031373,0.030327,0.494089,0.325101,0.321523,-0.648594,-0.522446,93.75,0.190064,8.7502,0.7001
14720,0.000339,0.201177,609.09,754.87,1125.00,0.316639,0.062745,0.329330,0.834535,0.405318,0.093107,-0.831213,-0.831076,140.62,0.175745,8.2893,0.8043
14725,0.000315,0.230094,789.55,826.73,1640.62,0.538419,0.039216,-0.156392,0.465201,0.457510,0.105169,-0.319047,-0.552442,93.75,0.142259,6.2963,0.6434
14731,0.000139,0.092826,716.56,760.07,1359.38,0.430745,0.094118,-0.257240,0.306795,0.887103,0.069392,-0.409821,-0.596228,375.00,0.164758,10.1757,0.6290
14736,0.000141,0.059332,685.59,732.28,1218.75,0.363755,0.058824,-0.964923,0.460497,1.289068,0.230585,-0.523240,-0.491986,375.00,0.130282,11.6277,0.5635
14741,0.000130,0.080377,858.38,877.50,1921.88,0.476623,0.137255,-1.271831,0.433235,1.078904,0.217489,-0.281075,-0.176723,375.00,0.079510,11.3013,0.4525
14747,0.000119,0.227762,899.35,928.77,2203.12,0.464873,0.164706,-1.051901,0.212799,1.113758,0.244270,-0.522842,0.003916,375.00,0.069816,10.3813,0.4601
14752,0.000123,0.166922,944.86,951.35,2296.88,0.525111,0.101961,-0.726314,0.222384,0.776100,0.113909,-0.443481,0.057403,375.00,0.056622,10.0195,0.4853
14757,0.000145,0.329852,798.37,895.10,2015.62,0.466270,0.090196,-0.221935,0.694255,0.571960,-0.195149,-0.568936,-0.280193,234.38,0.052898,8.1849,0.6594
14763,0.000119,0.238177,773.96,890.81,1875.00,0.469604,0.113725,-0.289976,0.656477,0.850657,-0.495395,-0.368924,-0.352838,234.38,0.055060,8.4488,0.6328
14768,0.000130,0.159648,809.63,918.04,1921.88,0.486371,0.160784,-0.100395,0.355714,0.676459,-0.201370,-0.472975,-0.257432,328.12,0.055632,8.9232,0.6208
14773,0.000082,0.224091,759.49,898.78,1875.00,0.478687,0.262745,0.288227,0.605921,0.233362,-0.259384,-0.464381,-0.403745,93.75,0.050462,8.0778,0.7071
14779,0.000090,0.203621,905.17,950.87,2343.75,0.555700,0.200000,-0.175435,0.477319,0.322243,-0.118972,-0.325109,-0.180046,93.75,0.037919,6.8400,0.5995
14784,0.000086,0.127071,991.23,971.48,2484.38,0.613292,0.176471,-0.256650,0.190241,0.330681,0.146841,-0.319257,-0.091856,93.75,0.027271,5.8703,0.5430
14789,0.000087,0.244009,1043.83,1051.70,2531.25,0.599752,0.239216,-0.121467,0.250349,0.485423,-0.249337,-0.495926,0.130959,93.75,0.030670,6.3954,0.5614
14795,0.000089,0.181766,1005.32,1006.51,2390.62,0.601258,0.274510,-0.333849,0.397518,0.462375,-0.246605,-0.202256,-0.077181,281.25,0.030900,6.9880,0.5428
14800,0.000067,0.256834,923.63,994.34,2250.00,0.544509,0.301961,-0.351500,0.632684,0.587287,-0.317264,-0.506912,-0.044296,281.25,0.036110,7.6490,0.6026
14805,0.000111,0.203171,1164.66,1106.81,2765.62,0.658044,0.164706,-0.320824,0.279716,0.275464,-0.041622,-0.469317,0.276583,281.25,0.026851,6.3589,0.5189
14811,0.000132,0.257795,1071.54,1025.67,2578.12,0.591300,0.090196,-0.794612,0.057284,0.761223,-0.070250,-0.159844,0.206200,328.12,0.040778,8.9513,0.4033
14816,0.000127,0.311180,910.23,976.88,2250.00,0.522622,0.137255,-0.797829,0.614803,0.850371,-0.216457,-0.398233,-0.052655,281.25,0.060634,10.3321,0.5334
14821,0.000093,0.194832,856.61,964.41,2156.25,0.469431,0.200000,-0.241563,0.715558,0.624118,-0.255570,-0.658900,-0.183643,281.25,0.067096,11.8928,0.6589
14827,0.000091,0.196690,896.57,923.95,2156.25,0.545020,0.219608,-0.536515,0.553859,0.680305,-0.314030,-0.217826,-0.165793,281.25,0.063993,11.3662,0.5500
14832,0.000077,0.232624,1123.22,963.94,2343.75,0.664498,0.266667,-1.116641,0.328020,0.646882,-0.417704,0.398346,0.161097,281.25,0.042439,7.9008,0.3376
14837,0.000093,0.237715,1256.58,969.19,2437.50,0.724383,0.219608,-1.094510,0.254362,0.098424,-0.093541,0.412506,0.422759,234.38,0.030841,6.1073,0.3020
14843,0.000114,0.316419,1420.93,963.91,2578.12,0.733106,0.200000,-1.189528,-0.130967,-0.282310,0.418634,0.470698,0.713472,187.50,0.029455,4.8179,0.2223
14848,0.000119,0.304267,1302.17,951.27,2437.50,0.703088,0.141176,-0.967757,0.003648,-0.120760,0.291462,0.413741,0.379667,187.50,0.028725,3.8551,0.2934
14853,0.000124,0.237034,1282.47,958.24,2437.50,0.746944,0.196078,-0.836014,-0.180851,0.071885,0.126114,0.446361,0.372504,234.38,0.031416,3.8241,0.2854
14859,0.000121,0.207895,1341.23,981.79,2531.25,0.730910,0.141176,-0.681067,-0.218144,0.020185,-0.019875,0.477713,0.421186,328.12,0.034750,4.1113,0.2892
14864,0.000153,0.256788,1325.91,976.08,2531.25,0.755717,0.133333,-0.939258,-0.283227,0.214129,0.047654,0.468862,0.491841,328.12,0.042600,4.6983,0.2513
14869,0.000458,0.286598,1216.60,1016.63,2578.12,0.684388,0.015686,-0.915753,0.145626,0.315078,-0.177411,0.216789,0.415671,187.50,0.068482,6.4066,0.3315
14875,0.000373,0.479014,894.86,920.77,2109.38,0.571801,0.050980,-0.344074,0.648058,0.386025,-0.377156,-0.194293,-0.118560,187.50,0.158644,8.3573,0.5765
14880,0.001095,0.274980,856.09,900.71,2062.50,0.512489,0.007843,-0.189492,0.594825,0.491285,-0.305137,-0.345567,-0.245914,234.38,0.208039,9.5482,0.6221
14885,0.001079,0.403729,681.43,797.50,1687.50,0.398146,0.007843,-0.114083,0.917418,0.464376,-0.223824,-0.524592,-0.519294,187.50,0.393730,11.3393,0.7158
14891,0.001161,0.274690,660.87,776.93,1453.12,0.372797,0.015686,-0.063928,0.987848,0.241436,-0.034092,-0.518023,-0.613240,187.50,0.696317,16.5426,0.7364
14896,0.000907,0.216823,792.10,856.42,1875.00,0.448982,0.015686,-0.308579,0.757596,0.237400,0.033515,-0.370685,-0.349246,187.50,0.713263,14.7451,0.6421
14901,0.001027,0.277177,875.15,876.97,2015.62,0.502484,0.015686,-0.484341,0.557978,0.518145,-0.247691,-0.166018,-0.178073,187.50,0.547523,9.7507,0.5520
14907,0.001012,0.221437,1053.21,909.09,2343.75,0.470302,0.031373,-0.960122,-0.007338,0.625515,0.166623,0.015076,0.160248,375.00,0.500071,9.3560,0.3609
14912,0.001031,0.171998,1065.57,862.14,2250.00,0.477451,0.031373,-1.257568,-0.214419,0.647666,0.499073,0.189698,0.135549,375.00,0.511395,8.8190,0.2893
14917,0.001220,0.172735,1039.46,803.64,2062.50,0.444476,0.031373,-1.777912,-0.444156,0.847194,0.781915,0.479664,0.113294,375.00,0.530837,8.8947,0.1966
14923,0.001350,0.205201,976.55,748.86,1875.00,0.450962,0.039216,-2.167983,-0.447994,0.959204,1.048216,0.653843,-0.045286,375.00,0.532478,8.2602,0.1663
14928,0.001437,0.204850,928.35,741.77,1875.00,0.438822,0.039216,-1.319801,-0.353292,0.660103,0.919568,0.394545,-0.301123,562.50,0.573964,8.2919,0.2925
14933,0.001572,0.163753,925.79,744.05,1875.00,0.414864,0.031373,-1.242520,-0.246844,0.542771,0.873623,0.280119,-0.207149,562.50,0.688744,9.0160,0.3141
14939,0.001546,0.178181,947.70,719.11,1781.25,0.405097,0.023529,-1.622477,-0.242282,0.483640,1.113823,0.426131,-0.158836,562.50,0.762598,9.0295,0.2562
14944,0.001446,0.139956,911.74,681.61,1734.38,0.358016,0.039216,-1.276519,-0.116005,0.328563,1.102707,0.451818,-0.490565,562.50,0.753441,8.4459,0.3370
14949,0.001315,0.117938,940.69,707.50,1781.25,0.412158,0.023529,-1.432308,-0.032737,0.274502,1.063618,0.430036,-0.303111,562.50,0.606230,6.7069,0.3109
14955,0.000925,0.107531,998.89,752.78,1875.00,0.390089,0.023529,-1.255319,0.068288,0.065523,0.890562,0.426467,-0.195521,187.50,0.494035,5.8340,0.3298
14960,0.000917,0.073618,971.99,767.50,1875.00,0.481260,0.031373,-1.019699,0.083796,0.097264,0.756396,0.319410,-0.237168,187.50,0.434053,5.8794,0.3754
14965,0.000976,0.123694,976.45,758.94,1875.00,0.520312,0.023529,-1.199812,-0.080150,0.404912,0.617328,0.493028,-0.235306,375.00,0.388959,6.4452,0.3167
14971,0.001146,0.148499,971.72,721.81,1687.50,0.417171,0.027451,-1.150318,-0.360693,0.593645,0.703120,0.623058,-0.408812,375.00,0.450003,8.0383,0.2968
14976,0.001245,0.224149,927.18,678.65,1640.62,0.404030,0.035294,-1.071944,-0.552716,0.646006,0.956333,0.552610,-0.530287,375.00,0.497571,7.8412,0.3050
14981,0.001211,0.176277,913.90,671.72,1687.50,0.371347,0.023529,-1.384737,-0.916168,0.842887,1.261901,0.560064,-0.363945,375.00,0.514953,7.9459,0.2230
14987,0.001217,0.153747,884.47,681.23,1687.50,0.366532,0.054902,-1.311010,-0.488207,0.737216,1.130683,0.422593,-0.491275,562.50,0.592345,8.8138,0.2962
14992,0.001257,0.141489,890.97,677.84,1640.62,0.397364,0.047059,-1.391896,-0.341098,0.697703,1.091524,0.462229,-0.518462,562.50,0.588911,8.4190,0.3019
14997,0.001232,0.115564,847.38,669.77,1640.62,0.376052,0.023529,-1.354898,-0.204299,0.765805,1.102285,0.328630,-0.637523,562.50,0.530112,7.9468,0.3486
15003,0.001274,0.120964,824.01,684.60,1546.88,0.396653,0.023529,-1.253439,-0.134421,0.809717,1.113244,0.159074,-0.694175,515.62,0.560868,8.9802,0.3950
15008,0.001267,0.107782,762.10,635.16,1265.62,0.347740,0.023529,-1.367339,-0.082164,0.902360,1.276155,-0.048696,-0.680316,562.50,0.674294,11.7961,0.4109
15013,0.001115,0.067334,741.88,592.53,1265.62,0.310919,0.023529,-1.298764,-0.071635,0.910117,1.310079,0.018572,-0.868370,562.50,0.703569,12.1761,0.4353
15019,0.001037,0.104620,759.96,614.67,1312.50,0.329098,0.027451,-1.385343,-0.079448,0.973905,1.260402,0.065376,-0.834893,515.62,0.617056,11.2825,0.4140
15024,0.000984,0.078043,778.66,675.56,1500.00,0.334075,0.023529,-1.204075,-0.116559,0.917874,1.078396,-0.098875,-0.576762,515.62,0.532772,10.8926,0.4201
15029,0.000956,0.118037,767.74,697.87,1500.00,0.390121,0.031373,-0.956542,0.024316,0.878264,0.913658,-0.221252,-0.638443,515.62,0.481408,9.8317,0.4909
15035,0.001004,0.101627,744.08,681.19,1265.62,0.356433,0.023529,-0.983047,0.060835,0.862538,0.997675,-0.223757,-0.714243,562.50,0.476907,10.3505,0.5020
15040,0.001005,0.111103,689.26,648.91,1031.25,0.314525,0.031373,-0.926894,0.200511,0.962982,1.059594,-0.488956,-0.807237,562.50,0.490872,10.3149,0.5707
15045,0.000892,0.075900,686.01,618.39,1078.12,0.299642,0.019608,-1.169910,0.214554,0.985302,1.143214,-0.411131,-0.762030,562.50,0.497981,11.2050,0.5272
15051,0.000891,0.100337,714.47,649.43,1078.12,0.339502,0.023529,-1.547036,0.171656,1.096366,1.164749,-0.301904,-0.583831,515.62,0.431522,10.2282,0.4391
15056,0.000941,0.115736,742.06,731.75,1406.25,0.382279,0.023529,-1.211200,0.348169,0.957033,0.865014,-0.467790,-0.491225,515.62,0.378556,9.1729,0.5120
15061,0.000966,0.184173,760.11,767.94,1734.38,0.351727,0.007843,-1.122400,0.456871,0.819982,0.710934,-0.481851,-0.383536,187.50,0.377104,8.6658,0.5250
15067,0.000795,0.172949,654.31,726.06,1078.12,0.310134,0.035294,-0.959642,0.841466,0.979030,0.570771,-0.827734,-0.603891,234.38,0.462133,11.1533,0.6585
15072,0.000324,0.103704,549.25,666.26,703.12,0.245390,0.027451,-0.504014,1.073589,1.076755,0.138621,-0.993204,-0.791746,234.38,0.465158,13.5524,0.7645
15077,0.000447,0.164699,605.32,707.85,984.38,0.326521,0.011765,-0.628004,0.852084,1.058415,0.323087,-0.884879,-0.720702,187.50,0.316896,10.5835,0.7140
15083,0.000553,0.069180,729.65,816.63,1593.75,0.433571,0.023529,-0.759513,0.718107,0.845351,0.304729,-0.696013,-0.412661,187.50,0.236041,11.2267,0.6303
15088,0.000256,0.221652,684.82,839.34,1500.00,0.370621,0.125490,-0.607612,1.096945,0.880733,0.041258,-1.030021,-0.381303,234.38,0.282535,13.9542,0.7212
15093,0.000303,0.188513,729.82,833.72,1687.50,0.430766,0.031373,-0.738538,0.842705,0.916318,0.210666,-0.890533,-0.340618,234.38,0.192660,9.5917,0.6610
15099,0.000445,0.075726,739.82,850.82,1968.75,0.365365,0.023529,-0.400718,0.728880,0.742130,0.196549,-1.012755,-0.254087,187.50,0.117760,8.0536,0.6894
15104,0.000263,0.268427,623.25,764.79,1218.75,0.336793,0.066667,-0.358130,1.014941,0.732650,0.046460,-0.784273,-0.651648,187.50,0.203254,13.2430,0.7401
15109,0.000116,0.152299,673.82,792.19,1593.75,0.364714,0.196078,-0.574278,1.033269,0.790660,-0.145743,-0.567133,-0.536775,234.38,0.209634,15.5520,0.6860
15115,0.000086,0.118111,756.58,873.28,1828.12,0.452419,0.270588,-0.569718,0.833473,0.872890,-0.350270,-0.453086,-0.333289,234.38,0.117517,12.1440,0.6283
15120,0.000102,0.162804,1044.56,996.23,2437.50,0.549013,0.215686,-1.043539,0.221528,0.577318,0.217493,-0.097853,0.125054,234.38,0.045215,6.8070,0.3954
15125,0.000137,0.233777,1098.45,1003.60,2531.25,0.587132,0.109804,-1.023500,0.217064,0.693064,0.005939,-0.105017,0.212450,234.38,0.044071,7.7169,0.3877
15131,0.000169,0.254187,1035.16,992.30,2390.62,0.564905,0.125490,-0.940908,0.575310,0.561603,-0.274454,-0.060113,0.138563,234.38,0.061130,10.3115,0.4447
15136,0.000129,0.256170,974.57,998.60,2390.62,0.553330,0.176471,-0.759497,0.827869,0.364493,-0.453212,-0.134088,0.154436,234.38,0.080718,12.9948,0.5060
15141,0.000130,0.250970,848.24,968.58,2203.12,0.501271,0.101961,-0.372047,0.889271,0.528285,-0.305372,-0.630737,-0.109399,234.38,0.082626,11.3853,0.6522
15147,0.000128,0.192307,918.03,972.20,2156.25,0.542030,0.156863,-0.624709,0.593971,0.687695,-0.089037,-0.490382,-0.077538,281.25,0.062713,9.7444,0.5667
15152,0.000105,0.218508,967.70,1007.48,2250.00,0.565965,0.278431,-0.768681,0.632583,0.600709,-0.282970,-0.166148,-0.015492,234.38,0.053724,8.4647,0.5057
15157,0.000091,0.178545,992.75,1003.60,2296.88,0.600726,0.258824,-0.441539,0.512769,0.402347,-0.423689,-0.073996,0.024107,187.50,0.060792,9.7004,0.5151
15163,0.000089,0.141694,1078.41,1015.11,2484.38,0.643873,0.250980,-0.924109,0.379103,0.418213,0.007077,-0.044756,0.164472,187.50,0.044829,8.5131,0.4177
15168,0.000079,0.187617,1099.63,1074.43,2671.88,0.640475,0.223529,-0.648850,0.416251,0.458666,-0.106136,-0.340188,0.220258,187.50,0.034056,6.3908,0.4859
15173,0.000090,0.223073,1223.47,1071.78,2718.75,0.638887,0.278431,-0.818669,-0.043614,0.657352,-0.092129,-0.148657,0.445717,375.00,0.030527,6.7063,0.3590
15179,0.000100,0.223186,1320.52,1084.60,2765.62,0.712772,0.196078,-1.185636,0.004795,0.671528,-0.080401,-0.043618,0.633333,421.88,0.029598,6.3105,0.2921
15184,0.000097,0.257909,1138.78,1047.80,2578.12,0.606142,0.188235,-0.950102,0.244379,0.706064,-0.176455,-0.102132,0.278245,281.25,0.033945,6.4386,0.3915
15189,0.000083,0.214952,1081.01,1013.69,2531.25,0.677469,0.219608,-0.750650,0.190378,0.506209,0.033663,-0.105404,0.125805,234.38,0.030662,5.5643,0.4279
15195,0.000096,0.198980,1132.21,1054.01,2671.88,0.619799,0.219608,-1.006637,0.031323,0.802179,-0.028851,-0.113025,0.315012,328.12,0.037684,7.8161,0.3569
15200,0.000072,0.227345,1303.72,1137.20,2953.12,0.710015,0.227451,-1.112711,0.067876,0.474142,0.127031,-0.100907,0.544569,281.25,0.035082,7.1459,0.3221
15205,0.000067,0.235455,1287.46,1177.56,3000.00,0.658271,0.278431,-0.702848,0.405855,0.342722,-0.316966,-0.189417,0.460655,234.38,0.031601,6.2406,0.4294
15211,0.000102,0.222656,1471.40,1094.83,3000.00,0.796792,0.211765,-1.004769,0.061032,-0.010108,-0.024045,0.336408,0.641481,281.25,0.018192,3.9525,0.2767
15216,0.000084,0.246940,1324.94,1112.97,2953.12,0.706717,0.239216,-1.126097,-0.036659,0.589425,-0.057685,0.076233,0.554784,375.00,0.028861,5.5107,0.2897
15221,0.000093,0.209317,1261.32,1058.92,2812.50,0.673449,0.160784,-1.500005,-0.013376,0.799804,-0.091100,0.359848,0.444829,375.00,0.034652,6.7342,0.2388
15227,0.000080,0.235447,1258.00,1016.48,2671.88,0.662631,0.278431,-1.797183,0.096096,0.750065,0.046203,0.433295,0.471524,281.25,0.035663,7.0111,0.2137
15232,0.000073,0.182060,1296.59,1080.36,2812.50,0.681936,0.258824,-1.202348,0.025194,0.631925,-0.130394,0.183661,0.491961,328.12,0.037056,7.4070,0.2837
15237,0.000076,0.199916,1521.87,1158.98,3046.88,0.751792,0.211765,-1.324242,-0.271304,0.630086,0.185054,-0.185678,0.966085,328.12,0.029971,6.6230,0.2336
15243,0.000075,0.184953,1441.03,1114.75,2953.12,0.732932,0.294118,-1.560147,-0.398460,0.725784,0.237204,0.107235,0.888383,375.00,0.027391,6.2382,0.1859
15248,0.000106,0.222852,1352.12,1043.46,2812.50,0.779804,0.176471,-1.510678,-0.385000,0.617342,0.286126,0.370956,0.621255,375.00,0.026584,5.6349,0.1909
15253,0.000078,0.275810,1132.42,1006.83,2484.38,0.650907,0.266667,-1.063696,0.146545,0.601171,0.054510,0.101850,0.159620,281.25,0.034339,6.5903,0.3568
15259,0.000076,0.186260,1163.90,1003.93,2484.38,0.649600,0.290196,-1.126819,0.243890,0.444452,0.066850,0.156824,0.214804,281.25,0.035747,7.2864,0.3481
15264,0.000083,0.207893,1280.17,1039.17,2718.75,0.761300,0.266667,-0.688144,-0.073453,0.132987,0.069661,0.167667,0.391283,328.12,0.022404,4.7850,0.3407
15269,0.000121,0.220570,1196.28,1052.47,2859.38,0.693661,0.113725,-0.763146,0.072564,0.231457,0.219326,0.010919,0.228880,234.38,0.023513,4.9121,0.3858
15275,0.000071,0.309305,1073.73,986.53,2343.75,0.640401,0.278431,-1.116211,0.436082,0.388334,0.067073,0.149911,0.074813,234.38,0.045147,8.1065,0.3888
15280,0.000080,0.208011,1185.40,1082.07,2765.62,0.645740,0.223529,-1.153907,0.364050,0.542455,0.048575,-0.132357,0.331184,234.38,0.040262,6.6467,0.3789
15285,0.000080,0.159845,1401.50,1140.86,2953.12,0.713603,0.235294,-1.110099,0.036021,0.506812,-0.067995,-0.006388,0.641648,281.25,0.026777,5.7781,0.2985
15291,0.000094,0.249608,1265.19,1023.58,2578.12,0.773217,0.164706,-0.892770,-0.113993,0.469081,-0.129297,0.300634,0.366343,281.25,0.024057,5.0965,0.3022
15296,0.000080,0.186559,1258.09,1011.75,2531.25,0.721526,0.160784,-1.292170,-0.341888,0.822663,-0.058429,0.328063,0.541760,328.12,0.033740,7.2490,0.2224
15301,0.000094,0.186787,1265.94,1039.42,2671.88,0.725662,0.192157,-1.402563,-0.405929,0.811191,0.072192,0.350219,0.574890,328.12,0.040032,8.7157,0.2031
15307,0.000086,0.209809,1091.48,975.67,2437.50,0.640022,0.290196,-1.156053,-0.203378,0.782307,0.201855,0.182086,0.193183,375.00,0.038412,8.0732,0.2958
15312,0.000076,0.274681,1092.20,999.74,2531.25,0.662343,0.258824,-0.902131,0.162205,0.589378,0.075987,-0.059406,0.133969,328.12,0.032282,5.7775,0.3996
15317,0.000075,0.148530,1238.53,1052.37,2718.75,0.730148,0.231373,-0.607745,0.020890,0.289953,-0.094506,0.018263,0.373145,328.12,0.025431,5.2095,0.3801
15323,0.000092,0.163010,1349.65,1047.41,2671.88,0.713579,0.192157,-1.381683,-0.325947,0.603329,0.125040,0.325598,0.653663,328.12,0.033198,8.3163,0.2069
15328,0.000094,0.247404,1212.63,1049.59,2625.00,0.634057,0.156863,-1.102762,-0.174894,0.761486,0.014452,0.003737,0.497981,328.12,0.042785,10.0935,0.2912
15333,0.000084,0.276225,1139.56,1015.44,2625.00,0.623496,0.235294,-1.455591,0.018773,0.800433,0.324472,-0.131537,0.443451,328.12,0.045685,8.9601,0.2943
15339,0.000106,0.171843,1271.27,1040.50,2765.62,0.674280,0.168627,-1.553982,-0.449975,0.702768,0.501520,0.102688,0.696981,328.12,0.037412,7.6337,0.1975
15344,0.000105,0.275617,1228.07,1014.90,2765.62,0.649917,0.172549,-1.281506,-0.245561,0.709452,0.103445,0.328428,0.385743,328.12,0.047697,9.4486,0.2459
15349,0.000077,0.279469,1023.10,981.34,2343.75,0.610788,0.270588,-0.922776,0.281109,0.706342,-0.039622,-0.007333,-0.017719,328.12,0.043024,7.2711,0.4235
15355,0.000109,0.230736,1045.80,1006.78,2390.62,0.627970,0.137255,-0.433879,0.284181,0.252600,0.114731,-0.176868,-0.040764,234.38,0.035410,6.8115,0.5085
15360,0.000100,0.271462,1064.42,1024.90,2437.50,0.632451,0.145098,-0.595639,0.257667,0.542655,-0.010164,-0.305424,0.110906,281.25,0.036545,6.6516,0.4821
15365,0.000074,0.198098,1081.02,1024.24,2437.50,0.608337,0.266667,-0.972645,0.209851,0.711430,-0.060912,-0.111368,0.223644,328.12,0.047922,9.6729,0.3923
15371,0.000075,0.226628,1138.99,1031.47,2578.12,0.654774,0.243137,-1.396733,0.292012,0.824468,-0.164803,0.056279,0.388775,328.12,0.029896,6.4215,0.3154
15376,0.000086,0.139795,1156.28,1042.08,2625.00,0.668046,0.168627,-1.059891,0.363813,0.550188,-0.200515,0.012714,0.333692,234.38,0.027486,6.4820,0.3726
15381,0.000083,0.263824,1161.08,1036.71,2531.25,0.649072,0.168627,-1.304213,0.324946,0.683012,-0.238034,0.228148,0.306141,281.25,0.037517,8.5684,0.3193
15387,0.000096,0.173789,1076.64,1028.06,2531.25,0.596915,0.164706,-0.658295,0.484663,0.514692,-0.407223,-0.063118,0.129281,281.25,0.041533,9.6871,0.4701
15392,0.000086,0.246045,1120.93,1072.91,2671.88,0.617313,0.188235,-0.786064,0.335536,0.629935,-0.159236,-0.316174,0.296002,281.25,0.039320,8.4167,0.4464
15397,0.000068,0.282598,987.08,958.16,2296.88,0.587421,0.290196,-0.913290,0.306201,0.668887,0.135261,-0.216851,0.019791,234.38,0.031482,6.1865,0.4489
15403,0.000094,0.097741,1076.84,1014.79,2531.25,0.603117,0.164706,-0.525515,0.156403,0.556518,-0.048034,-0.326463,0.187090,375.00,0.026659,6.2687,0.4713
15408,0.000066,0.272318,1069.58,1022.87,2578.12,0.595705,0.349020,-0.796845,0.234081,0.685665,0.085761,-0.384338,0.175677,328.12,0.028157,6.1117,0.4559
15413,0.000094,0.181287,1241.39,1081.12,2812.50,0.689313,0.156863,-1.073301,0.038226,0.604776,0.015126,0.004236,0.410938,328.12,0.024467,5.4710,0.3263
15419,0.000078,0.219822,1212.71,1052.70,2578.12,0.703903,0.219608,-1.505294,0.333575,0.665168,0.016926,0.090772,0.398853,281.25,0.034813,7.9112,0.3035
15424,0.000091,0.217328,1221.58,1064.03,2578.12,0.668946,0.184314,-1.376589,0.220330,0.795270,-0.157855,0.015988,0.502854,328.12,0.041265,9.3439,0.3021
15429,0.000057,0.179730,1354.49,1120.12,2765.62,0.659013,0.341176,-1.818340,0.229830,0.892859,-0.171559,0.021702,0.845506,328.12,0.041978,9.4333,0.2266
15435,0.000062,0.165014,1263.92,1075.98,2671.88,0.696256,0.282353,-1.383008,0.360291,0.699519,-0.265124,0.002552,0.585771,281.25,0.031348,7.6076,0.3088
15440,0.000080,0.180191,1290.66,1091.25,2906.25,0.682221,0.266667,-1.018468,-0.037368,0.507994,0.148153,-0.081159,0.480848,328.12,0.016862,5.3966,0.3257
15445,0.000080,0.378159,1256.01,1062.87,2812.50,0.687227,0.184314,-1.562043,0.293984,0.527469,0.172956,0.102704,0.464930,234.38,0.026374,6.2515,0.2854
15451,0.000088,0.233162,1209.55,1062.05,2671.88,0.720287,0.164706,-1.168740,0.252117,0.571609,-0.071155,0.078031,0.338135,281.25,0.030537,6.5463,0.3393
15456,0.000069,0.209639,1076.98,1009.30,2390.62,0.610709,0.278431,-1.016017,0.276381,0.780770,-0.153126,-0.181812,0.293803,281.25,0.037669,8.6706,0.3951
15461,0.000090,0.191180,1155.67,1033.28,2531.25,0.657559,0.203922,-1.479613,0.151709,0.868346,0.047475,0.014616,0.397467,328.12,0.024603,5.9434,0.2953
15467,0.000087,0.155847,1042.74,971.66,2203.12,0.573829,0.149020,-1.652762,0.177264,1.040721,0.117251,0.113849,0.203675,328.12,0.030870,8.0393,0.2898
15472,0.000065,0.256393,1014.43,988.57,2343.75,0.587681,0.294118,-1.278520,0.341813,0.954282,-0.014538,-0.131545,0.128507,281.25,0.044006,11.0532,0.3854
15477,0.000082,0.193980,1109.30,1020.08,2484.38,0.673870,0.180392,-1.037745,0.160794,0.675156,0.127442,-0.142890,0.217244,281.25,0.035927,8.8628,0.3833
15483,0.000083,0.222419,1173.89,994.69,2484.38,0.655950,0.223529,-1.334609,-0.192556,0.750394,0.171116,0.228680,0.376974,281.25,0.026758,7.0305,0.2561
15488,0.000076,0.311679,992.80,906.89,2203.12,0.612742,0.274510,-1.072566,0.159355,0.674207,0.353557,-0.075175,-0.039377,281.25,0.035387,7.2161,0.4015
15493,0.000090,0.126039,1017.39,980.70,2296.88,0.620027,0.180392,-0.764807,0.181067,0.723565,0.046311,-0.194621,0.008482,328.12,0.034197,8.5865,0.4505
15499,0.000068,0.253299,1128.86,1036.57,2671.88,0.663738,0.298039,-0.968514,-0.204368,0.806546,0.065307,0.003765,0.297265,375.00,0.032676,8.1461,0.3237
15504,0.000077,0.307142,1117.30,981.85,2531.25,0.695546,0.278431,-1.111340,0.034627,0.651802,0.275196,0.015640,0.134076,421.88,0.028561,5.7985,0.3513
15509,0.000085,0.149596,1046.57,1005.63,2531.25,0.601572,0.121569,-0.666126,0.403795,0.603567,-0.147931,-0.276084,0.082780,281.25,0.032027,7.9389,0.4914
15515,0.000084,0.193941,1040.45,1003.80,2484.38,0.593994,0.184314,-0.773372,0.233663,0.711536,-0.136022,-0.166154,0.130349,328.12,0.036231,9.8049,0.4373
15520,0.000073,0.213390,1030.84,971.65,2296.88,0.567584,0.243137,-1.007295,-0.005679,0.906333,-0.022405,0.063641,0.065404,328.12,0.045501,11.5726,0.3610
15525,0.000061,0.218292,1072.64,993.06,2390.62,0.626106,0.282353,-1.027837,0.116818,0.828009,-0.062699,0.046315,0.099394,328.12,0.036212,9.1308,0.3709
15531,0.000077,0.123232,1142.18,1044.30,2625.00,0.647928,0.231373,-0.706944,-0.040590,0.598129,0.017909,-0.092132,0.223628,328.12,0.031898,9.3109,0.3919
15536,0.000056,0.219651,1222.43,1083.33,2718.75,0.650180,0.380392,-1.238215,0.224658,0.682315,-0.050773,-0.161888,0.543904,328.12,0.031113,9.0072,0.3323
15541,0.000086,0.195247,1376.93,1119.55,2765.62,0.675803,0.156863,-1.441740,0.117972,0.631623,-0.025187,-0.051772,0.769104,328.12,0.024472,7.1689,0.2649
15547,0.000081,0.194744,1249.28,1111.54,2765.62,0.620227,0.184314,-2.011179,0.322483,1.097574,-0.214811,0.049418,0.756518,328.12,0.034337,10.0538,0.2232
15552,0.000066,0.225371,1144.55,1057.90,2625.00,0.564936,0.266667,-1.832748,0.130123,1.093774,0.159647,-0.101043,0.550246,328.12,0.045189,13.1382,0.2543
15557,0.000081,0.189233,1128.49,1037.89,2578.12,0.611640,0.176471,-1.212656,-0.058072,0.822977,0.132624,-0.032717,0.347845,328.12,0.041221,11.5718,0.3115
15563,0.000073,0.141548,1137.26,1020.35,2484.38,0.581002,0.188235,-1.169085,-0.133261,0.885827,-0.167614,0.160085,0.424048,328.12,0.040366,11.8401,0.2802
15568,0.000079,0.167540,1102.24,1001.53,2437.50,0.566670,0.223529,-1.349792,0.001888,1.000176,-0.191962,0.124772,0.414918,328.12,0.040866,11.5308,0.2801
15573,0.000082,0.287601,1160.14,1011.54,2437.50,0.662192,0.180392,-1.010934,0.043272,0.576769,0.047304,0.004339,0.339250,328.12,0.031908,8.1233,0.3417
15579,0.000058,0.289759,1109.54,958.58,2343.75,0.677458,0.317647,-0.942451,0.071858,0.472208,0.267437,-0.045128,0.176076,281.25,0.027157,5.7201,0.3774
15584,0.000064,0.122186,1095.93,983.72,2296.88,0.650765,0.235294,-0.933481,-0.072796,0.640435,0.183721,-0.068855,0.250976,328.12,0.023822,5.8325,0.3557
15589,0.000082,0.205561,1243.54,1101.51,2765.62,0.704096,0.168627,-0.752097,0.178369,0.376633,-0.168514,0.015538,0.350074,281.25,0.021741,5.8396,0.3847
15595,0.000087,0.210791,1227.06,1085.93,2765.62,0.667443,0.219608,-1.245034,0.306861,0.667226,-0.209838,0.079678,0.401106,328.12,0.032190,8.3592,0.3297
15600,0.000095,0.224585,1103.67,1041.42,2531.25,0.616057,0.121569,-1.193506,0.371729,0.867991,-0.218251,-0.128248,0.300285,281.25,0.044346,11.1602,0.3783
15605,0.000076,0.178258,1114.33,1044.01,2531.25,0.624105,0.211765,-1.022862,0.337830,0.718047,-0.224393,-0.075702,0.267079,281.25,0.043350,10.4926,0.3922
15611,0.000079,0.245948,1080.32,1027.87,2531.25,0.578188,0.243137,-1.416308,0.283487,0.919730,-0.086047,-0.063424,0.362564,328.12,0.046361,11.1804,0.3283
15616,0.000081,0.148967,1118.72,1049.34,2671.88,0.566082,0.188235,-1.202491,0.142518,0.912820,-0.075015,-0.226506,0.448673,328.12,0.044189,11.2151,0.3450
15621,0.000088,0.210910,1158.77,1042.54,2671.88,0.580064,0.192157,-1.023110,-0.060466,0.738179,0.213038,-0.357051,0.489410,328.12,0.038678,9.8312,0.3525
15627,0.000098,0.219050,1082.34,1035.90,2578.12,0.544079,0.129412,-1.042237,0.253671,0.874577,-0.139916,-0.400393,0.454298,328.12,0.034562,8.7440,0.3962
15632,0.000099,0.282987,981.45,1010.83,2343.75,0.519597,0.149020,-0.796920,0.572210,0.780924,-0.297731,-0.442778,0.184295,375.00,0.035688,7.7206,0.5042
15637,0.000086,0.273795,1124.16,1083.54,2625.00,0.587006,0.164706,-0.987555,0.498404,0.878468,-0.581192,-0.186569,0.378444,281.25,0.048376,10.2556,0.4157
15643,0.000082,0.172939,1323.51,1096.39,2718.75,0.685569,0.247059,-1.554470,0.247577,0.855230,-0.402391,0.091074,0.762979,328.12,0.050546,11.1442,0.2534
15648,0.000081,0.128195,1337.40,1072.86,2765.62,0.726455,0.270588,-1.443733,0.158829,0.745269,-0.341527,0.215389,0.665774,328.12,0.043192,9.9499,0.2529
15653,0.000086,0.216457,1419.83,1123.19,2812.50,0.652123,0.188235,-1.129493,0.157661,0.783232,-0.811753,0.174376,0.825977,328.12,0.039186,9.0263,0.2717
15659,0.000072,0.278718,1621.40,1141.13,2953.12,0.675489,0.250980,-1.309111,-0.517892,0.808794,-0.516440,0.287572,1.247077,375.00,0.037915,7.9112,0.1570
15664,0.000069,0.164083,1485.64,1124.21,2859.38,0.638262,0.215686,-1.109669,-0.168496,0.810629,-0.762948,0.258472,0.972012,328.12,0.033928,7.9364,0.2220
15669,0.000082,0.295793,1803.66,1094.10,3000.00,0.747458,0.133333,-1.721840,-0.343744,0.468373,-0.154090,0.417748,1.333554,281.25,0.016611,3.7609,0.1292
15675,0.000086,0.279271,1630.21,1089.38,2812.50,0.751167,0.286275,-1.250428,-0.252402,0.371955,-0.010057,0.113952,1.026978,281.25,0.022421,4.4165,0.2105
15680,0.000073,0.257904,1578.32,1152.58,2765.62,0.652715,0.262745,-0.879319,0.173436,0.410341,-0.382414,-0.320288,0.998245,281.25,0.029275,5.3751,0.3336
15685,0.000083,0.168423,1767.62,1111.26,2812.50,0.728720,0.258824,-1.194442,-0.063159,0.194538,-0.211513,-0.008373,1.282948,2671.88,0.019525,4.1510,0.2199
15691,0.000104,0.249257,1788.48,1089.24,2859.38,0.734590,0.180392,-1.191599,-0.504266,0.217495,-0.005675,0.186046,1.298002,2625.00,0.023653,4.6361,0.1694
15696,0.000092,0.350216,1453.00,1087.85,2812.50,0.751731,0.215686,-0.942545,-0.314978,0.378208,0.086643,0.040198,0.752475,375.00,0.027657,4.0581,0.2640
15701,0.000090,0.207928,1605.65,1105.42,2812.50,0.738601,0.239216,-0.936939,-0.326124,0.319313,-0.226165,0.189050,0.980864,328.12,0.030766,4.6946,0.2286
15707,0.000083,0.199577,1816.12,1088.36,2859.38,0.658518,0.231373,-0.970341,-0.112291,0.189568,-0.583350,0.163524,1.312888,281.25,0.026450,4.5844,0.2176
15712,0.000081,0.187080,1764.66,1079.82,2812.50,0.748495,0.239216,-1.411436,0.018735,0.327855,-0.368183,0.162530,1.270499,281.25,0.029374,5.0989,0.1958
15717,0.000095,0.144298,1722.73,1126.08,2859.38,0.713232,0.168627,-1.368777,0.095047,0.428402,-0.280348,-0.080181,1.205858,281.25,0.027210,5.0686,0.2315
15723,0.000087,0.263985,1754.42,1131.92,3000.00,0.731605,0.223529,-1.030514,-0.337925,0.385097,-0.241720,0.026552,1.198511,328.12,0.026993,4.6087,0.2147
15728,0.000075,0.212100,1810.78,1119.51,2953.12,0.674415,0.223529,-0.886734,-0.033265,0.306012,-0.673581,-0.043166,1.330734,2578.12,0.026655,4.4347,0.2490
15733,0.000078,0.175620,1885.54,1060.45,2953.12,0.675607,0.254902,-1.273825,-0.295467,0.246591,-0.378526,0.218379,1.482849,2531.25,0.028459,5.4574,0.1631
15739,0.000072,0.196615,1701.07,1113.02,2859.38,0.684935,0.250980,-1.566278,-0.265650,0.549867,-0.161384,0.154769,1.288676,375.00,0.021370,4.3819,0.1628
15744,0.000070,0.197356,1659.89,1087.42,2765.62,0.644060,0.294118,-1.994159,-0.018008,0.628223,-0.090700,0.211509,1.263136,328.12,0.023239,5.1339,0.1489
15749,0.000087,0.225647,1643.56,1093.15,2906.25,0.718679,0.223529,-1.229440,-0.366629,0.368820,0.080276,0.130916,1.016058,468.75,0.018250,4.4300,0.2024
15755,0.000078,0.323528,1488.85,1115.39,2859.38,0.763258,0.176471,-1.359361,-0.051203,0.491017,0.166991,-0.057153,0.809708,281.25,0.023125,4.1898,0.2532
15760,0.000089,0.172198,1440.01,1091.03,2812.50,0.692524,0.200000,-1.664473,0.101113,0.614615,-0.016507,0.146154,0.819097,281.25,0.032779,6.8412,0.2202
15765,0.000071,0.207118,1430.11,1116.38,2812.50,0.675311,0.262745,-1.535947,0.297687,0.645053,-0.302509,0.121164,0.774552,281.25,0.037857,8.2854,0.2560
15771,0.000092,0.245261,1535.82,1139.36,2906.25,0.662729,0.211765,-1.260587,0.036889,0.613689,-0.408172,0.071070,0.947108,328.12,0.035878,7.4120,0.2458
15776,0.000063,0.225018,1692.86,1117.56,2906.25,0.696307,0.274510,-1.258773,-0.367309,0.613172,-0.413329,0.151939,1.274302,328.12,0.033405,6.7396,0.1786
15781,0.000083,0.220970,1777.76,1128.69,2953.12,0.720987,0.215686,-1.105881,-0.178657,0.389620,-0.499019,0.094642,1.299295,328.12,0.027614,5.3678,0.2076
15787,0.000087,0.170005,1605.13,1130.80,2906.25,0.698645,0.223529,-1.145123,-0.033550,0.447222,-0.276798,-0.003572,1.011819,328.12,0.028036,5.7824,0.2510
15792,0.000066,0.218015,1601.48,1144.06,2859.38,0.622787,0.345098,-0.920918,-0.046238,0.407726,-0.149896,-0.329767,1.039095,328.12,0.030946,5.6789,0.3019
15797,0.000091,0.176385,1643.03,1142.96,2906.25,0.676787,0.215686,-0.949643,-0.324133,0.439660,-0.173807,-0.092615,1.100541,328.12,0.022576,4.8080,0.2422
15803,0.000075,0.298880,1548.44,1162.29,2859.38,0.684606,0.219608,-0.693514,0.124666,0.225013,-0.310163,-0.224931,0.878928,281.25,0.021671,4.0802,0.3517
15808,0.000063,0.217104,1683.42,1135.18,2953.12,0.763506,0.321569,-1.061314,-0.085166,0.141318,-0.136616,0.089364,1.052414,2625.00,0.024275,4.4117,0.2416
15813,0.000078,0.152170,1995.90,1061.64,3093.75,0.747916,0.298039,-1.269245,-0.499946,-0.110427,0.153612,0.182821,1.543185,2625.00,0.022606,5.2001,0.1484
15819,0.000074,0.273366,1818.08,1138.54,3046.88,0.722194,0.258824,-0.773520,-0.311582,0.112293,-0.131878,-0.150281,1.254969,2578.12,0.017552,3.8498,0.2507
15824,0.000102,0.274412,1819.07,1163.97,3140.62,0.744702,0.200000,-0.712200,-0.364060,0.203593,-0.372649,0.036343,1.208974,2578.12,0.020691,3.9420,0.2385
15829,0.000118,0.262421,1746.16,1150.52,2953.12,0.755316,0.133333,-0.984656,-0.050581,0.311689,-0.412807,-0.017433,1.153787,2578.12,0.022107,3.6024,0.2524
15835,0.000082,0.276556,1586.78,1144.69,2859.38,0.684225,0.231373,-1.061043,0.313083,0.429145,-0.526840,-0.177783,1.023438,234.38,0.037582,5.4183,0.3107
15840,0.000085,0.176046,1582.86,1179.98,2953.12,0.644109,0.176471,-0.880175,0.331266,0.516923,-0.582261,-0.438696,1.052943,234.38,0.038060,5.6175,0.3586
15845,0.000099,0.153255,1738.88,1166.32,3046.88,0.712348,0.176471,-1.008443,0.098398,0.280242,-0.421400,-0.091307,1.142511,234.38,0.023699,4.1513,0.2728
15851,0.000086,0.260047,1834.36,1169.55,3046.88,0.658472,0.200000,-0.523607,-0.031254,0.076119,-0.619012,-0.282423,1.380176,2578.12,0.023331,3.8401,0.3044
15856,0.000098,0.215774,1955.28,1124.57,3000.00,0.661870,0.188235,-0.451121,-0.086420,-0.116575,-0.628536,-0.212817,1.495470,2578.12,0.030511,4.8471,0.2870
15861,0.000086,0.215054,1781.25,1148.16,3000.00,0.721818,0.231373,-0.557426,-0.119898,0.005182,-0.283669,-0.243785,1.199597,2625.00,0.024764,3.8653,0.3065
15867,0.000080,0.201668,1827.76,1188.61,3046.88,0.658859,0.200000,-0.670928,0.043282,0.135005,-0.658415,-0.125323,1.276381,328.12,0.024474,4.1896,0.2912
15872,0.000086,0.204056,1883.22,1165.61,3000.00,0.628903,0.215686,-1.805413,0.116470,0.527160,-0.439622,0.152555,1.448852,281.25,0.027170,5.0871,0.1618
15877,0.000076,0.192092,1883.15,1128.21,3000.00,0.690796,0.313726,-1.674489,-0.329903,0.518468,-0.208849,0.214161,1.480612,328.12,0.026790,5.2946,0.1359
15883,0.000101,0.207547,1851.22,1099.39,2953.12,0.698695,0.196078,-1.077363,-0.390478,0.308223,-0.484441,0.313322,1.330738,2812.50,0.016381,3.3243,0.1742
15888,0.000113,0.310983,1878.77,1133.47,3000.00,0.655706,0.196078,-0.660297,-0.149620,0.021199,-0.583404,0.010294,1.361828,2578.12,0.024504,4.1200,0.2514
15893,0.000091,0.291495,2006.74,1122.46,3046.88,0.612974,0.207843,-0.644405,0.036720,-0.215070,-0.520224,-0.200733,1.543714,2578.12,0.038024,5.6149,0.2738
15899,0.000092,0.201402,2119.99,1044.38,3046.88,0.699856,0.207843,-1.241095,-0.269555,-0.037691,-0.231436,0.087567,1.692211,2578.12,0.038500,5.7892,0.1618
15904,0.000072,0.184467,1943.38,1142.54,3093.75,0.716413,0.274510,-2.052718,0.130375,0.358335,-0.018733,0.025243,1.557499,2578.12,0.028285,4.4930,0.1477
15909,0.000061,0.127077,1808.77,1184.34,3140.62,0.723973,0.286275,-1.300124,0.044803,0.248011,-0.168931,-0.080634,1.256875,234.38,0.021364,4.0130,0.2287
15915,0.000077,0.166455,1755.65,1146.97,3093.75,0.746134,0.211765,-0.849538,-0.366900,0.007781,-0.087599,0.182133,1.114123,3093.75,0.011910,2.8110,0.2216
15920,0.000105,0.238915,1900.60,1163.56,3093.75,0.733929,0.152941,-1.638351,-0.060956,0.228381,0.037302,0.010952,1.422672,234.38,0.015912,3.5214,0.1727
15925,0.000081,0.329789,1748.05,1233.07,3140.62,0.628876,0.262745,-0.937410,0.188564,0.327495,-0.185174,-0.609296,1.215823,234.38,0.025503,4.4758,0.3368
15931,0.000093,0.215894,1928.91,1186.47,3093.75,0.595414,0.196078,-0.921962,0.262725,0.136606,-0.509063,-0.407434,1.439127,234.38,0.024711,4.2157,0.3004
15936,0.000081,0.258509,2120.38,1142.21,3187.50,0.673970,0.227451,-0.586934,-0.096134,-0.444228,-0.388259,-0.089758,1.605312,3046.88,0.023997,4.2103,0.2499
15941,0.000090,0.226859,2063.06,1141.63,3187.50,0.703855,0.270588,-1.315808,-0.352957,0.224371,-0.285818,0.130713,1.599498,3000.00,0.021447,3.5609,0.1545
15947,0.000084,0.188300,1935.99,1133.28,3046.88,0.658858,0.180392,-1.175697,-0.248715,0.360077,-0.474591,0.024711,1.514215,2718.75,0.028357,4.9628,0.1852
15952,0.000084,0.172823,1979.79,1084.78,3000.00,0.685554,0.254902,-1.256254,-0.172999,0.087433,-0.400584,0.207924,1.534480,2718.75,0.029590,5.6659,0.1700
15957,0.000085,0.210887,1980.75,1121.92,3093.75,0.684348,0.274510,-0.926816,-0.216372,0.114258,-0.532253,0.055247,1.505934,2718.75,0.024201,4.7144,0.2055
15963,0.000082,0.258766,1812.45,1146.84,3046.88,0.683398,0.286275,-0.990307,-0.395053,0.416736,-0.296049,-0.094997,1.359670,328.12,0.020782,3.9051,0.2100
15968,0.000081,0.209494,1823.56,1158.10,3140.62,0.653187,0.203922,-1.211199,-0.124468,0.317003,-0.137840,-0.124286,1.280790,281.25,0.023181,4.1594,0.2234
15973,0.000090,0.228934,1891.36,1137.57,3093.75,0.715311,0.223529,-0.875643,-0.334540,0.026260,-0.167501,0.009938,1.341488,281.25,0.018473,3.6107,0.2174
15979,0.000079,0.211561,1811.34,1141.49,3000.00,0.714628,0.211765,-0.638720,-0.078099,-0.108279,-0.294598,-0.138674,1.258371,328.12,0.019355,3.5584,0.2853
15984,0.000071,0.207541,1780.06,1171.10,3093.75,0.662178,0.243137,-1.029464,0.118404,0.208589,-0.362111,-0.131801,1.196381,2625.00,0.022897,4.2668,0.2713
15989,0.000095,0.193379,1859.03,1129.39,3046.88,0.675336,0.172549,-1.367537,-0.303140,0.209387,0.121827,-0.007213,1.346677,2671.88,0.019203,3.9707,0.1817
15995,0.000085,0.258408,1634.34,1179.70,2953.12,0.664991,0.258824,-1.427770,0.334945,0.473093,-0.236532,-0.238574,1.094838,281.25,0.032677,6.5370,0.2740
16000,0.000061,0.218872,1393.84,1133.27,2812.50,0.650379,0.321569,-1.169547,0.315482,0.612923,-0.387602,-0.157433,0.786178,281.25,0.037179,7.2478,0.3227
16005,0.000072,0.233314,1399.56,1073.94,2859.38,0.719565,0.247059,-0.934313,-0.344768,0.397443,0.088816,0.158160,0.634662,328.12,0.020568,4.4070,0.2619
16011,0.000069,0.143363,1498.66,1148.81,2906.25,0.724827,0.274510,-1.369550,0.054024,0.537769,-0.118828,0.052360,0.844226,281.25,0.016648,4.3776,0.2486
16016,0.000086,0.265826,1385.86,1149.65,2906.25,0.675580,0.168627,-1.482192,0.200812,0.642256,0.020295,-0.107467,0.726296,328.12,0.024771,6.4545,0.2789
16021,0.000072,0.234057,1303.96,1127.57,2859.38,0.658043,0.219608,-1.018554,0.218096,0.603990,-0.208017,-0.182524,0.587008,328.12,0.032070,7.1725,0.3538
16027,0.000057,0.176261,1359.92,1121.11,2812.50,0.642616,0.345098,-1.006176,-0.133030,0.786770,-0.382128,-0.082989,0.817550,328.12,0.033017,8.0876,0.2815
16032,0.000090,0.108378,1351.35,1102.56,2812.50,0.701279,0.168627,-1.399676,-0.046870,0.791098,-0.102657,0.000473,0.757631,375.00,0.024768,7.1128,0.2493
16037,0.000075,0.247861,1104.29,1021.61,2531.25,0.621945,0.207843,-1.602671,0.306731,0.894676,0.066478,-0.023815,0.358602,328.12,0.029056,7.9425,0.3067
16043,0.000094,0.265290,1057.92,1020.17,2531.25,0.601038,0.180392,-1.148618,0.361961,0.810524,-0.057121,-0.203865,0.237120,281.25,0.033248,8.1406,0.3989
16048,0.000094,0.221048,1096.30,1074.71,2671.88,0.584070,0.129412,-1.156837,0.496147,0.874945,-0.073422,-0.487881,0.347048,281.25,0.038494,8.8492,0.4354
16053,0.000088,0.252303,1122.63,1065.43,2625.00,0.606940,0.200000,-1.509186,0.462186,0.971038,-0.213068,-0.132529,0.421558,281.25,0.047939,10.8267,0.3389
16059,0.000061,0.156142,1092.02,1065.86,2484.38,0.609397,0.305882,-0.739547,0.262959,0.825556,-0.447395,-0.178994,0.277423,328.12,0.049557,11.8394,0.4286
16064,0.000059,0.183805,1225.02,1111.19,2812.50,0.633260,0.345098,-0.731177,-0.124934,0.767209,-0.374842,-0.088200,0.551942,328.12,0.031550,8.6570,0.3408
16069,0.000065,0.176549,1369.74,1107.10,2953.12,0.718713,0.262745,-0.909624,-0.320370,0.457677,-0.011106,0.138748,0.644674,375.00,0.022462,7.2211,0.2676
16075,0.000075,0.245199,1306.33,1113.22,2765.62,0.671478,0.200000,-0.721183,0.085180,0.425499,-0.141073,-0.245324,0.596900,328.12,0.026501,8.6543,0.3790
16080,0.000094,0.253477,1184.81,1082.73,2625.00,0.640824,0.164706,-0.623926,0.164971,0.553531,-0.153846,-0.417769,0.477040,328.12,0.026404,7.4234,0.4356
16085,0.000084,0.339366,1006.66,1031.42,2437.50,0.601382,0.172549,-0.631287,0.461254,0.611869,-0.098799,-0.442998,0.099961,281.25,0.037993,8.4819,0.5216
16091,0.000086,0.186122,1028.67,1026.08,2343.75,0.553355,0.125490,-0.939533,0.502417,0.757734,-0.187882,-0.354844,0.222109,281.25,0.048028,11.3137,0.4620
16096,0.000090,0.159532,1002.82,986.99,2343.75,0.586520,0.176471,-1.007847,0.437889,0.806992,0.049899,-0.386331,0.099397,281.25,0.047825,11.8878,0.4647
16101,0.000063,0.168337,954.66,975.48,2203.12,0.559435,0.305882,-0.793036,0.434053,0.856324,-0.220164,-0.259893,-0.017285,281.25,0.047372,12.0699,0.4898
16107,0.000071,0.192648,1060.32,1030.38,2531.25,0.583999,0.211765,-0.794579,0.189333,0.834524,-0.338420,-0.138283,0.247425,328.12,0.038168,10.4893,0.4116
16112,0.000049,0.161558,1263.50,1090.22,2812.50,0.622217,0.411765,-1.028953,-0.464990,0.867756,-0.053959,0.089082,0.591063,328.12,0.028652,10.1484,0.2522
16117,0.000084,0.337859,1314.87,1111.27,2812.50,0.736361,0.207843,-0.960369,-0.146163,0.498928,0.037746,0.048220,0.521637,328.12,0.020545,6.4216,0.3019
16123,0.000081,0.309555,1116.71,1053.97,2578.12,0.591654,0.207843,-1.351416,0.439348,0.661745,0.224536,-0.294527,0.320313,281.25,0.028152,7.7215,0.3849
16128,0.000070,0.243148,997.13,991.16,2296.88,0.523122,0.239216,-1.032679,0.539691,0.756682,-0.029996,-0.388511,0.154811,281.25,0.034769,8.6243,0.4676
16133,0.000066,0.240359,1168.73,1068.91,2718.75,0.624870,0.243137,-1.169539,0.165643,0.863683,-0.168894,-0.229374,0.538481,328.12,0.031869,8.7172,0.3415
16139,0.000068,0.171254,1284.24,1100.21,2718.75,0.657299,0.274510,-0.731310,0.053421,0.613740,-0.347935,-0.186181,0.598265,328.12,0.030685,9.5598,0.3670
16144,0.000078,0.266440,1166.62,1057.13,2671.88,0.676506,0.168627,-0.538545,0.117275,0.373269,-0.103517,-0.093969,0.245487,328.12,0.027931,7.6856,0.4289
16149,0.000075,0.231386,1078.07,1022.91,2578.12,0.629539,0.203922,-1.005095,0.264637,0.665766,0.229811,-0.297877,0.142760,328.12,0.029279,7.7304,0.4274
16155,0.000084,0.152987,1037.17,1022.84,2531.25,0.562562,0.141176,-0.896644,0.251662,0.867297,-0.020479,-0.362489,0.160654,328.12,0.036967,10.4045,0.4448
16160,0.000083,0.167493,1069.20,1013.68,2484.38,0.592397,0.180392,-0.970638,0.176040,0.900284,-0.120501,-0.192285,0.207100,328.12,0.039639,11.1821,0.4002
16165,0.000098,0.293178,1031.71,1013.13,2484.38,0.592872,0.137255,-1.304523,0.481594,0.921238,0.059216,-0.348063,0.190537,281.25,0.045514,11.3633,0.4176
16171,0.000079,0.167728,945.82,983.82,2296.88,0.519925,0.215686,-0.916046,0.532080,0.973352,-0.224886,-0.515604,0.151103,281.25,0.049297,12.7777,0.4976
16176,0.000094,0.229521,937.78,956.77,2156.25,0.549647,0.145098,-0.731795,0.467004,0.746821,-0.050413,-0.249160,-0.182456,281.25,0.048165,11.7500,0.5208
16181,0.000065,0.174398,1012.79,1048.76,2578.12,0.544487,0.290196,-0.743492,0.479403,0.737027,-0.202064,-0.262947,-0.007928,281.25,0.046165,10.8166,0.5008
16187,0.000087,0.234078,1189.75,1110.90,2812.50,0.627681,0.176471,-1.060879,0.326050,0.780689,-0.199906,-0.309069,0.463114,328.12,0.034915,8.5993,0.3907
16192,0.000076,0.136889,1205.27,1061.63,2625.00,0.603191,0.192157,-1.568847,0.215037,0.846140,-0.060539,0.043054,0.525154,328.12,0.036916,9.5783,0.2767
16197,0.000078,0.168470,1161.79,1046.05,2578.12,0.626846,0.207843,-1.577370,0.261530,0.964571,-0.235478,0.098551,0.488198,328.12,0.042809,11.7082,0.2786
16203,0.000099,0.202240,1177.59,1078.09,2718.75,0.635857,0.152941,-0.887127,0.107891,0.688809,-0.100630,-0.177092,0.368149,328.12,0.041376,10.7611,0.3810
16208,0.000080,0.279227,1054.36,1052.65,2484.38,0.584858,0.215686,-0.871228,0.512747,0.665826,-0.125023,-0.362915,0.180594,281.25,0.047707,10.7970,0.4780
16213,0.000071,0.207311,1112.17,1091.31,2765.62,0.616259,0.235294,-0.839762,0.402364,0.684789,-0.164605,-0.255808,0.173023,281.25,0.044522,10.5798,0.4558
16219,0.000073,0.242777,1173.56,1050.67,2671.88,0.670909,0.211765,-1.516217,0.162984,0.796418,0.216082,0.013996,0.326739,234.38,0.026049,6.3455,0.3001
16224,0.000080,0.142447,1113.76,1000.19,2390.62,0.613155,0.250980,-1.189708,-0.078005,0.843166,0.092551,0.059888,0.272108,421.88,0.030291,8.7635,0.3101
16229,0.000062,0.241110,1051.40,999.30,2390.62,0.626570,0.262745,-1.320485,0.251477,0.812194,0.160065,-0.062967,0.159716,421.88,0.027474,7.2537,0.3583
16235,0.000088,0.250256,1161.21,1073.91,2625.00,0.646956,0.203922,-0.962583,0.249070,0.597605,0.083277,-0.263793,0.296424,234.38,0.023525,5.5285,0.4078
16240,0.000067,0.203897,1145.15,1053.33,2484.38,0.625359,0.282353,-0.799584,0.384012,0.535058,-0.191158,-0.237800,0.309471,281.25,0.030342,7.1501,0.4394
16245,0.000080,0.225248,1204.04,1033.93,2578.12,0.706980,0.188235,-1.147730,0.142878,0.494907,0.079696,0.001580,0.428670,328.12,0.026391,6.1170,0.3279
16251,0.000076,0.216282,1334.98,1107.34,2859.38,0.645297,0.250980,-1.201908,-0.529960,0.892332,-0.051882,0.046204,0.845215,328.12,0.034184,9.3396,0.2122
16256,0.000076,0.218590,1226.13,1102.52,2812.50,0.636263,0.258824,-1.242330,0.091202,0.855973,-0.113084,-0.145713,0.553953,328.12,0.038953,10.5765,0.3144
16261,0.000097,0.214822,1299.47,1137.66,2906.25,0.685794,0.196078,-0.912338,0.185750,0.560191,-0.250759,-0.149244,0.566400,328.12,0.032070,8.4254,0.3608
16267,0.000086,0.300082,1222.89,1118.43,2859.38,0.667911,0.235294,-0.766048,0.297772,0.537977,-0.246311,-0.179291,0.355903,281.25,0.036038,8.0503,0.4201
16272,0.000085,0.240080,1064.71,998.82,2437.50,0.648594,0.243137,-0.551268,0.167897,0.464950,-0.069396,-0.044588,0.032403,281.25,0.036114,7.1357,0.4537
16277,0.000078,0.191883,1283.73,1111.36,2906.25,0.639728,0.247059,-0.728244,-0.333959,0.590495,-0.020000,-0.053444,0.545154,328.12,0.035402,7.7536,0.3150
16283,0.000104,0.191586,1506.28,1186.74,3000.00,0.722988,0.184314,-0.941930,-0.359378,0.526427,0.036821,-0.124199,0.862259,328.12,0.032299,7.2301,0.2651
16288,0.000104,0.238899,1241.08,1169.02,2953.12,0.613125,0.168627,-0.938119,0.379476,0.651487,-0.019335,-0.565264,0.491755,281.25,0.039378,9.0021,0.4397
16293,0.000099,0.274492,1211.53,1135.18,2953.12,0.628581,0.266667,-1.030841,0.418565,0.754093,-0.418297,-0.114255,0.390735,281.25,0.049773,9.9073,0.3907
16299,0.000067,0.253771,1288.01,1087.20,2765.62,0.635927,0.376471,-1.543392,0.259388,0.741461,-0.094835,0.046263,0.591115,281.25,0.035105,6.4463,0.2767
16304,0.000106,0.117762,1315.85,1096.07,2765.62,0.702142,0.239216,-1.427866,0.130049,0.610414,0.104871,0.052063,0.530470,234.38,0.028708,6.3256,0.2809
16309,0.000063,0.227510,1221.63,1095.58,2718.75,0.640365,0.356863,-1.123625,0.007610,0.732734,0.069676,-0.020882,0.334486,375.00,0.029148,6.0394,0.3285
16315,0.000097,0.144433,1386.44,1167.59,3000.00,0.667566,0.188235,-0.974907,-0.147181,0.690029,-0.117808,-0.152859,0.702726,328.12,0.023125,5.5601,0.3024
16320,0.000089,0.183414,1469.84,1170.13,3000.00,0.742355,0.227451,-0.880138,-0.284959,0.532713,-0.132130,0.023021,0.741493,328.12,0.022447,4.8495,0.2759
16325,0.000071,0.170011,1503.72,1183.04,3046.88,0.695158,0.364706,-1.155480,-0.436824,0.687671,-0.106944,0.167028,0.844549,375.00,0.030785,6.9227,0.2138
16331,0.000099,0.205566,1613.70,1205.94,3140.62,0.731923,0.219608,-1.155113,-0.253895,0.435385,-0.000465,0.015530,0.958558,328.12,0.020595,5.3586,0.2330
16336,0.000093,0.265793,1703.30,1230.44,3093.75,0.703023,0.235294,-1.449029,-0.160742,0.587372,0.058903,-0.199518,1.163014,328.12,0.021616,5.1639,0.2164
16341,0.000106,0.308918,1596.82,1220.03,3093.75,0.734068,0.176471,-1.235373,0.090208,0.423542,-0.000475,-0.252104,0.974200,281.25,0.023231,4.2737,0.2822
16347,0.000079,0.250341,1393.81,1175.44,2953.12,0.727829,0.270588,-0.512003,0.079978,0.002014,0.136590,-0.345314,0.638735,187.50,0.024480,4.2918,0.4103
16352,0.000083,0.191979,1471.33,1184.32,3000.00,0.717572,0.227451,-0.748729,0.040039,0.138134,0.029026,-0.106120,0.647650,375.00,0.017794,3.5212,0.3486
16357,0.000092,0.178471,1541.28,1160.79,2953.12,0.708895,0.247059,-1.080231,-0.175480,0.423763,-0.012215,-0.026518,0.870682,375.00,0.023854,5.5238,0.2592
16363,0.000091,0.285068,1439.84,1190.29,3000.00,0.727131,0.262745,-0.774932,-0.114142,0.492764,-0.106940,-0.217512,0.720761,375.00,0.024389,4.7580,0.3327
16368,0.000090,0.178600,1372.81,1206.82,3093.75,0.628667,0.243137,-0.948692,0.292142,0.544147,-0.205267,-0.295183,0.612854,281.25,0.029169,6.4395,0.3806
16373,0.000098,0.215888,1673.64,1229.28,3187.50,0.687116,0.235294,-1.191936,-0.018786,0.372357,-0.268462,0.125020,0.981807,328.12,0.016986,4.2484,0.2389
16379,0.000100,0.232028,1693.54,1203.86,3187.50,0.761400,0.231373,-1.358648,-0.087840,0.382524,-0.228652,0.201713,1.090902,328.12,0.018911,4.0678,0.2027
16384,0.000100,0.284159,1397.41,1116.22,2859.38,0.721407,0.250980,-0.839751,-0.028251,0.352979,-0.208999,-0.035976,0.759998,328.12,0.027854,5.8423,0.3109
16389,0.000086,0.176250,1284.56,1099.63,2765.62,0.709274,0.274510,-0.717288,0.120336,0.337997,-0.247505,0.009962,0.496498,328.12,0.033816,7.3366,0.3655
16395,0.000103,0.215006,1352.92,1097.09,2812.50,0.709525,0.247059,-1.359680,0.115112,0.551477,0.027672,-0.004589,0.670009,328.12,0.032894,7.0542,0.2779
16400,0.000106,0.251282,1635.09,1134.34,3000.00,0.791016,0.231373,-1.071671,-0.098670,0.281158,-0.178152,0.067014,1.000321,281.25,0.022568,4.2471,0.2462
16405,0.000097,0.208039,1687.97,1170.16,3046.88,0.747560,0.239216,-0.945686,0.082972,0.278745,-0.484120,0.029648,1.038441,281.25,0.027090,4.9291,0.2758
16411,0.000119,0.191945,1525.61,1164.29,3000.00,0.717739,0.168627,-0.992493,0.263155,0.213348,-0.364593,0.071489,0.809093,281.25,0.033053,5.8751,0.3090
16416,0.000097,0.148076,1495.50,1158.05,3046.88,0.762805,0.247059,-0.954431,0.191599,0.241685,-0.189419,-0.038123,0.748688,281.25,0.032179,6.4387,0.3237
16421,0.000091,0.282567,1651.36,1175.81,3093.75,0.754539,0.294118,-1.513605,-0.036188,0.521863,-0.069480,0.071272,1.026139,281.25,0.025586,4.4109,0.2102
16427,0.000093,0.181561,1833.81,1190.56,3187.50,0.764012,0.223529,-1.311038,-0.143911,0.082263,0.032975,0.157672,1.182040,234.38,0.021509,4.2139,0.1982
16432,0.000088,0.236712,1771.61,1206.12,3234.38,0.778104,0.294118,-1.748741,0.018365,0.428910,-0.119098,0.193282,1.227281,234.38,0.019170,3.6219,0.1714
16437,0.000084,0.151890,1690.53,1155.86,3093.75,0.782557,0.294118,-1.609886,-0.384515,0.433061,0.057111,0.399326,1.104904,328.12,0.019843,4.1150,0.1481
16443,0.000105,0.214046,1819.44,1132.36,3187.50,0.787428,0.215686,-1.660130,-0.253178,0.201545,0.055375,0.450831,1.205556,281.25,0.014544,3.5841,0.1437
16448,0.000103,0.285000,1636.75,1178.20,3140.62,0.772516,0.192157,-1.128592,-0.089990,0.247610,-0.056092,0.049111,0.977953,375.00,0.017824,3.7395,0.2455
16453,0.000096,0.308973,1508.01,1119.74,2953.12,0.813386,0.227451,-0.873351,-0.447601,0.301176,0.087991,0.116996,0.814788,375.00,0.027884,4.7237,0.2448
16459,0.000088,0.101811,1634.89,1122.53,3000.00,0.816155,0.266667,-0.723171,-0.570055,0.176938,-0.054633,0.209167,0.961755,375.00,0.022057,4.5135,0.2258
16464,0.000089,0.161667,1837.65,1127.69,3046.88,0.784073,0.223529,-0.983885,-0.610723,0.050246,-0.080475,0.343496,1.281341,2953.12,0.015373,3.7505,0.1666
16469,0.000080,0.239239,1811.34,1120.57,3093.75,0.812481,0.254902,-1.134276,-0.250877,0.015023,-0.084757,0.257229,1.197658,3234.38,0.010062,2.5011,0.1947
16475,0.000091,0.178501,1745.53,1134.29,3093.75,0.826535,0.278431,-0.884677,-0.319446,-0.018415,-0.079216,0.204162,1.097592,281.25,0.012300,3.0252,0.2222
16480,0.000082,0.248300,1604.93,1193.59,3046.88,0.727573,0.286275,-0.810015,0.043980,0.191655,-0.294643,-0.037047,0.906070,281.25,0.022692,5.2613,0.3063
16485,0.000087,0.219131,1619.89,1157.14,3046.88,0.793373,0.254902,-1.481174,0.123322,0.266561,0.086267,0.084001,0.921023,281.25,0.023791,5.4286,0.2348
16491,0.000085,0.219264,1677.21,1183.28,3140.62,0.748436,0.262745,-1.658569,0.001177,0.440418,0.082454,0.088706,1.045814,281.25,0.024750,5.7677,0.1985
16496,0.000071,0.232745,1682.37,1161.06,3093.75,0.736870,0.333333,-1.627695,0.069924,0.260158,0.114047,0.118566,1.065000,281.25,0.019591,4.4508,0.2025
16501,0.000081,0.171462,1707.13,1097.54,3046.88,0.791637,0.239216,-1.261050,-0.391525,-0.086640,0.272756,0.375196,1.091264,187.50,0.011394,2.7423,0.1737
16507,0.000091,0.266051,1627.64,1117.79,3000.00,0.805146,0.215686,-0.961159,-0.461398,0.126380,0.033507,0.326167,0.936502,328.12,0.013795,3.1467,0.2071
16512,0.000088,0.240684,1734.87,1174.67,3093.75,0.718736,0.219608,-1.129774,-0.165439,0.384578,-0.406937,0.233864,1.083707,328.12,0.023355,5.3259,0.2131
16517,0.000081,0.213517,1696.14,1168.30,3093.75,0.711533,0.247059,-1.814505,0.132826,0.606512,-0.175313,0.139395,1.111085,281.25,0.031064,7.2888,0.1875
16523,0.000061,0.225354,1490.04,1172.00,3000.00,0.714105,0.345098,-1.305903,0.263034,0.520464,-0.177158,-0.094576,0.794141,281.25,0.030039,7.0253,0.2950
16528,0.000061,0.195254,1511.90,1147.56,3000.00,0.746328,0.301961,-1.477034,0.094608,0.545941,-0.088680,0.023561,0.901604,281.25,0.022186,5.4884,0.2398
16533,0.000083,0.214274,1694.23,1096.08,3046.88,0.791113,0.180392,-1.460465,-0.422040,0.302500,0.207229,0.308620,1.064158,281.25,0.014880,3.9487,0.1642
16539,0.000086,0.276698,1379.18,1125.71,2953.12,0.669714,0.184314,-1.219065,-0.010217,0.693390,-0.060869,-0.044124,0.640886,281.25,0.025498,6.3041,0.2864
16544,0.000086,0.277457,1180.05,1092.11,2765.62,0.627777,0.200000,-0.827620,0.184994,0.727850,-0.260218,-0.172628,0.347623,328.12,0.040539,9.2642,0.3992
16549,0.000086,0.192165,1318.71,1113.73,2859.38,0.731801,0.160784,-0.738699,-0.004866,0.484289,-0.229818,-0.059208,0.548302,328.12,0.040472,9.0789,0.3506
16555,0.000066,0.175279,1208.86,1070.81,2671.88,0.670619,0.286275,-1.326122,0.177003,0.867494,-0.165087,-0.082701,0.529414,328.12,0.042392,10.1098,0.3105
16560,0.000103,0.129231,1261.90,1085.81,2718.75,0.667655,0.156863,-1.343138,-0.010584,0.903363,-0.193513,0.069021,0.574853,328.12,0.040118,10.9085,0.2692
16565,0.000070,0.284771,1032.36,1018.03,2390.62,0.553296,0.290196,-0.583229,0.337245,0.748466,-0.570359,-0.013704,0.081581,328.12,0.040242,9.1103,0.4608
16571,0.000090,0.153150,1090.66,1097.35,2625.00,0.537063,0.160784,-0.571854,0.486421,0.638657,-0.488653,-0.303534,0.238963,281.25,0.039354,9.6091,0.4974
16576,0.000078,0.151002,1200.95,1109.30,2812.50,0.635477,0.266667,-1.379561,0.427255,0.824007,-0.146981,-0.182442,0.457724,281.25,0.041705,11.6139,0.3512
16581,0.000073,0.280562,1256.84,1103.09,2765.62,0.603378,0.227451,-1.599502,0.455647,0.939531,-0.440408,-0.079249,0.723983,328.12,0.039521,9.3081,0.2902
16587,0.000102,0.159113,1295.50,1089.15,2765.62,0.678455,0.137255,-1.151011,-0.247358,0.776672,-0.180281,0.090881,0.711098,328.12,0.033479,9.3153,0.2497
16592,0.000078,0.355112,998.60,1017.16,2484.38,0.582767,0.219608,-0.600594,0.438752,0.655946,-0.272889,-0.340421,0.119205,281.25,0.036577,8.3407,0.5074
16597,0.000059,0.137742,1027.81,1034.31,2484.38,0.594285,0.337255,-0.821752,0.448323,0.768658,-0.189895,-0.347555,0.142219,281.25,0.042469,9.7442,0.4790
16603,0.000082,0.186511,1270.38,1053.36,2765.62,0.701950,0.109804,-1.457463,-0.134573,0.722352,0.244714,0.101086,0.523882,328.12,0.029673,7.8576,0.2482
16608,0.000077,0.208952,1230.04,1112.48,2859.38,0.662788,0.211765,-1.245070,0.292931,0.701674,-0.091621,-0.149761,0.491845,328.12,0.025552,6.6509,0.3436
16613,0.000077,0.207279,1118.16,1079.49,2718.75,0.628934,0.196078,-1.020950,0.389265,0.699663,-0.154608,-0.161885,0.248516,281.25,0.034404,8.1046,0.4112
16619,0.000082,0.200403,1149.06,1041.15,2625.00,0.654476,0.215686,-0.942845,-0.108693,0.825696,-0.243874,-0.000686,0.470402,328.12,0.035905,9.5761,0.3185
16624,0.000075,0.159173,1238.97,1070.17,2671.88,0.632574,0.223529,-1.347076,-0.089447,1.034674,-0.426191,0.101263,0.726777,328.12,0.037850,10.9668,0.2437
16629,0.000072,0.255918,1213.66,1116.04,2812.50,0.643344,0.270588,-1.001571,0.120489,0.884560,-0.422771,-0.097280,0.516574,328.12,0.043122,11.1336,0.3429
16635,0.000081,0.163300,1223.73,1102.47,2812.50,0.611512,0.196078,-0.958240,-0.163069,0.870774,-0.075007,-0.208874,0.534416,328.12,0.033091,9.7139,0.3266
16640,0.000082,0.350404,1098.07,1012.33,2484.38,0.653230,0.184314,-0.796907,0.086924,0.589410,0.212762,-0.249690,0.157502,421.88,0.023928,5.5803,0.4234
16645,0.000101,0.209834,1108.09,1054.27,2531.25,0.593460,0.192157,-0.845050,0.230499,0.751054,-0.322128,-0.148113,0.333739,328.12,0.030022,7.0488,0.4013
16651,0.000063,0.286695,1051.02,1043.42,2531.25,0.616084,0.274510,-0.868268,0.587325,0.714942,-0.332714,-0.281376,0.180090,281.25,0.042532,8.8354,0.4776
16656,0.000088,0.167812,1146.50,1037.93,2531.25,0.676656,0.129412,-1.012098,0.446345,0.522836,-0.189559,-0.024570,0.257048,281.25,0.040357,8.7612,0.4015
16661,0.000069,0.191479,1106.06,1042.69,2484.38,0.608342,0.231373,-0.818391,0.382409,0.739987,-0.401891,-0.238261,0.336148,281.25,0.032910,8.7831,0.4337
16667,0.000063,0.221758,1101.21,1013.95,2484.38,0.615215,0.337255,-1.043674,0.023263,0.818310,-0.188250,0.051592,0.338758,328.12,0.034899,9.3641,0.3306
16672,0.000065,0.141746,1250.12,1037.44,2671.88,0.693751,0.250980,-1.270837,-0.148620,0.705094,-0.119467,0.328432,0.505399,328.12,0.030519,9.4156,0.2448
16677,0.000089,0.141926,1268.00,1071.36,2718.75,0.660889,0.145098,-0.887216,-0.166104,0.570193,-0.166284,0.161094,0.488314,328.12,0.031279,10.6128,0.2991
16683,0.000060,0.317755,1101.73,1041.03,2578.12,0.621316,0.321569,-1.424697,0.150050,0.897806,0.082884,-0.023999,0.317956,328.12,0.038535,10.5205,0.3134
16688,0.000071,0.182219,1187.28,1076.37,2625.00,0.640285,0.172549,-1.361889,-0.052491,0.884621,0.020202,0.070337,0.439219,328.12,0.034518,8.8333,0.2765
16693,0.000075,0.138403,1246.54,1055.01,2718.75,0.649817,0.227451,-1.886174,-0.200835,1.003875,0.230803,0.259561,0.592771,328.12,0.031773,9.6577,0.1870
16699,0.000092,0.262798,1135.13,1042.11,2578.12,0.633093,0.184314,-1.446982,0.114312,0.954394,0.012961,-0.059436,0.424752,328.12,0.039638,11.7391,0.2996
16704,0.000062,0.248522,1077.01,1046.67,2531.25,0.567182,0.270588,-1.234844,0.375403,0.924542,-0.290491,-0.158648,0.384039,328.12,0.038980,10.0437,0.3676
16709,0.000060,0.207986,1066.73,1040.40,2484.38,0.601593,0.313726,-1.036872,0.568847,0.765659,-0.380433,-0.151575,0.234375,281.25,0.032157,8.3015,0.4316
16715,0.000086,0.210197,1380.58,1134.97,2859.38,0.667570,0.184314,-0.911163,0.033831,0.571918,-0.388181,0.032389,0.661205,421.88,0.017664,5.3731,0.3131
16720,0.000093,0.292723,1405.78,1112.09,2812.50,0.668965,0.152941,-1.618044,0.046981,0.747385,-0.135066,0.170937,0.787806,281.25,0.024184,5.8226,0.2201
16725,0.000065,0.221526,1202.95,1114.90,2812.50,0.591298,0.290196,-1.262646,0.288990,0.978444,-0.491565,-0.037549,0.524328,328.12,0.044315,10.7345,0.3251
16731,0.000095,0.171113,1302.20,1184.28,2906.25,0.581976,0.133333,-1.055553,0.242509,0.854101,-0.276887,-0.409813,0.645643,328.12,0.039526,10.1196,0.3718
16736,0.000099,0.288299,1539.31,1224.42,3046.88,0.623338,0.223529,-1.487734,-0.019878,0.751727,-0.039778,-0.167922,0.963583,328.12,0.029045,6.3782,0.2402
16741,0.000074,0.354108,1863.18,1248.41,3187.50,0.653326,0.239216,-1.245484,0.094488,0.420937,-0.277059,-0.254825,1.261943,281.25,0.028603,4.8273,0.2537
16747,0.000073,0.143848,2021.82,1247.11,3328.12,0.654449,0.262745,-0.916512,0.004637,0.093276,-0.235785,-0.360242,1.414628,2953.12,0.024784,4.6780,0.2723
16752,0.000109,0.218489,1915.44,1230.60,3281.25,0.705950,0.172549,-1.066812,-0.330040,0.126193,0.012419,-0.047694,1.305936,3515.62,0.018627,4.1154,0.2096
16757,0.000079,0.318204,1877.10,1240.18,3328.12,0.753177,0.305882,-1.137962,-0.393745,0.208832,0.032327,0.049849,1.240702,2906.25,0.019616,3.2072,0.1961
16763,0.000102,0.141306,2091.82,1211.46,3375.00,0.715443,0.200000,-1.091087,-0.244164,-0.054348,-0.225872,0.086847,1.528623,2906.25,0.022159,3.9287,0.1861
16768,0.000116,0.178684,2075.45,1202.49,3281.25,0.694415,0.262745,-1.475238,-0.352160,0.262799,-0.084302,0.039383,1.609519,3375.00,0.021863,4.0155,0.1495
16773,0.000129,0.294952,2258.28,1152.36,3328.12,0.648135,0.188235,-1.269710,-0.560668,-0.011045,-0.014122,0.024532,1.831012,2953.12,0.027395,4.0538,0.1367
16779,0.000116,0.276168,2373.96,1108.59,3468.75,0.630900,0.219608,-1.175711,-0.523065,0.075108,-0.448913,0.130829,1.941750,3468.75,0.043165,6.1751,0.1317
16784,0.000136,0.202304,2475.60,1060.86,3421.88,0.555036,0.188235,-1.153611,-0.539740,-0.344634,-0.310981,0.264086,2.084881,3421.88,0.046932,6.7738,0.1170
16789,0.000103,0.181126,2322.45,1157.80,3421.88,0.603058,0.184314,-0.668760,-0.358052,-0.472564,-0.150419,-0.155102,1.804896,3421.88,0.048807,7.1372,0.2078
16795,0.000106,0.220114,2191.73,1195.87,3421.88,0.657401,0.262745,-0.837244,-0.177556,-0.088715,-0.372745,-0.169147,1.645407,3468.75,0.035994,5.0300,0.2235
16800,0.000111,0.176516,1975.65,1196.30,3281.25,0.682722,0.200000,-0.877806,-0.072766,0.071943,-0.266645,-0.277467,1.422741,2906.25,0.026190,4.0318,0.2596
16805,0.000085,0.193863,1963.04,1210.68,3234.38,0.686575,0.274510,-1.034598,-0.043357,0.260801,-0.448160,-0.151030,1.416346,2906.25,0.028562,4.4948,0.2366
16811,0.000097,0.175876,2165.39,1188.59,3375.00,0.671510,0.200000,-1.207797,-0.218515,0.145866,-0.391161,0.053390,1.618219,3421.88,0.023162,4.1886,0.1752
16816,0.000103,0.172405,2142.18,1191.80,3375.00,0.684258,0.211765,-1.012513,-0.329036,0.001651,-0.164716,-0.040699,1.545314,2953.12,0.016621,3.2158,0.1942
16821,0.000087,0.274363,2101.70,1160.90,3140.62,0.654592,0.262745,-1.291353,-0.212879,0.172864,-0.287660,0.055638,1.563390,3000.00,0.029818,5.4558,0.1734
16827,0.000099,0.148047,2042.71,1152.92,3140.62,0.708541,0.207843,-1.161920,-0.198572,0.098407,-0.290345,0.043127,1.509305,2953.12,0.030280,6.2143,0.1890
16832,0.000101,0.272317,1733.67,1217.30,3046.88,0.697552,0.164706,-0.863335,0.100257,0.232636,-0.334699,-0.197936,1.063077,281.25,0.025315,4.4641,0.3070
16837,0.000094,0.251691,1771.93,1214.75,3187.50,0.768495,0.152941,-0.914948,-0.171195,0.118254,0.018440,-0.135259,1.084709,328.12,0.020258,3.3547,0.2655
16843,0.000082,0.212256,1610.92,1250.43,3093.75,0.678089,0.152941,-0.366702,0.099489,0.110358,-0.321877,-0.431412,0.910143,140.62,0.028535,4.8956,0.4078
16848,0.000149,0.137405,1396.93,1224.64,3046.88,0.665644,0.070588,-0.293333,0.226802,0.196306,-0.447545,-0.345732,0.663502,140.62,0.037567,7.6238,0.4521
16853,0.000311,0.349993,938.99,1084.72,2578.12,0.524053,0.019608,0.351692,0.612287,-0.009097,-0.402198,-0.533901,-0.018783,140.62,0.070825,11.2446,0.6810
16859,0.000530,0.398697,650.71,924.13,1640.62,0.373953,0.019608,0.855772,1.140202,-0.079716,-0.838743,-0.714517,-0.362998,140.62,0.144180,16.3179,0.8230
16864,0.000746,0.506699,620.81,872.16,1500.00,0.354298,0.007843,0.873217,0.896984,-0.000592,-0.512602,-0.629328,-0.627679,93.75,0.266250,16.3808,0.8196
16869,0.000772,0.381778,631.73,868.68,1453.12,0.433701,0.003922,0.747471,0.952572,0.062394,-0.464242,-0.681133,-0.617063,93.75,0.373828,14.2462,0.8174
16875,0.000678,0.180550,546.08,783.27,1125.00,0.314262,0.015686,0.844407,1.241761,-0.082998,-0.483566,-0.742356,-0.777248,140.62,0.463503,18.5397,0.8585
16880,0.000843,0.331070,662.33,827.00,1453.12,0.470360,0.003922,0.534890,0.813953,0.114389,-0.269641,-0.463023,-0.730568,93.75,0.408179,12.7556,0.7810
16885,0.000928,0.120329,480.37,728.95,984.38,0.281155,0.027451,0.992614,1.278542,0.032027,-0.603977,-0.750319,-0.948887,93.75,0.462767,16.7861,0.8792
16891,0.001011,0.234690,489.52,734.01,1031.25,0.310039,0.019608,0.967900,1.116500,0.145442,-0.535009,-0.725440,-0.969393,93.75,0.559200,19.0299,0.8687
16896,0.000976,0.205285,454.16,694.17,843.75,0.290490,0.015686,1.091735,1.068474,0.218708,-0.466339,-0.895525,-1.017054,93.75,0.634987,18.6918,0.8846
16901,0.001155,0.189036,344.87,572.78,375.00,0.182665,0.003922,1.368192,1.621754,0.281826,-0.852582,-1.228422,-1.190768,140.62,0.633639,21.4240,0.9373
16907,0.000887,0.105153,297.75,538.76,281.25,0.112963,0.007843,1.710344,2.094443,0.458903,-1.812750,-1.426025,-1.024915,140.62,0.729174,27.7875,0.9580
16912,0.001167,0.331536,437.55,660.70,750.00,0.275255,0.015686,1.020440,1.358652,0.119036,-0.624423,-0.840169,-1.033536,140.62,0.623025,17.5562,0.8934
16917,0.001101,0.404677,625.50,799.78,1406.25,0.381155,0.003922,0.511230,0.755615,0.275556,-0.279025,-0.511909,-0.751467,93.75,0.636030,13.6618,0.7799
16923,0.001011,0.181940,695.93,837.83,1593.75,0.493028,0.015686,0.455896,0.578621,0.221741,-0.176293,-0.393827,-0.686138,93.75,0.673757,12.4160,0.7422
16928,0.000588,0.168738,513.26,724.75,1031.25,0.290856,0.031373,0.803167,1.150280,0.140996,-0.426032,-0.721752,-0.946659,140.62,0.571141,13.8443,0.8595
16933,0.000868,0.125273,629.02,797.00,1406.25,0.440370,0.019608,0.392793,0.930517,0.166571,-0.302209,-0.467760,-0.719912,93.75,0.442885,12.5646,0.7782
16939,0.000378,0.087517,485.33,705.56,937.50,0.251610,0.023529,0.770799,1.252362,0.313324,-0.621777,-0.824435,-0.890273,93.75,0.364783,12.3037,0.8663
16944,0.000352,0.227052,667.84,840.87,1593.75,0.439830,0.011765,0.387044,0.816344,0.193484,-0.324534,-0.472635,-0.599702,93.75,0.264944,9.2833,0.7573
16949,0.000321,0.143682,838.95,892.53,1921.88,0.569269,0.070588,0.039010,0.138635,0.409639,0.017376,-0.195632,-0.409027,281.25,0.133121,5.9663,0.5966
16955,0.000361,0.131887,640.85,819.36,1453.12,0.423580,0.050980,0.500857,0.789811,0.363120,-0.418683,-0.543296,-0.691810,93.75,0.180220,11.3350,0.7795
16960,0.000518,0.109403,482.38,739.57,750.00,0.253692,0.019608,0.982112,1.372158,0.650301,-1.052860,-1.216348,-0.735364,140.62,0.180019,16.4638,0.8959
16965,0.000451,0.507849,735.37,849.90,1687.50,0.516724,0.023529,0.316504,0.685548,0.165621,-0.227514,-0.340696,-0.599463,93.75,0.197301,9.4699,0.7253
16971,0.000668,0.440653,889.35,883.53,1921.88,0.611871,0.003922,-0.473902,0.325618,0.454578,0.077920,-0.055316,-0.328899,93.75,0.208649,6.4012,0.5295
16976,0.000500,0.210993,648.17,829.33,1500.00,0.296734,0.031373,0.529832,0.830567,0.069107,-0.252767,-0.538600,-0.638138,93.75,0.267626,10.3027,0.7805
16981,0.000558,0.342090,818.35,903.33,1921.88,0.587859,0.035294,0.016087,0.472535,0.280095,-0.119761,-0.247161,-0.401795,93.75,0.226571,6.9978,0.6385
16987,0.000515,0.033459,698.24,863.01,1687.50,0.413142,0.047059,0.440590,0.616142,0.226055,-0.258934,-0.440321,-0.583532,93.75,0.260487,11.2177,0.7389
16992,0.000653,0.233793,446.95,715.06,843.75,0.269988,0.011765,1.186577,1.227633,-0.134586,-0.569751,-0.792841,-0.917031,93.75,0.352579,19.1256,0.8872
16997,0.000554,0.201980,429.90,672.90,796.88,0.261533,0.023529,0.997890,1.187743,0.270122,-0.416165,-0.903508,-1.136081,93.75,0.378451,18.9676,0.8921
17003,0.000657,0.154589,409.81,669.56,750.00,0.240328,0.019608,1.254970,1.339370,-0.105828,-0.547968,-0.854133,-1.086410,93.75,0.391021,20.2311,0.9061
17008,0.000583,0.223537,505.09,737.05,984.38,0.324783,0.019608,0.918258,1.004158,0.157844,-0.290228,-0.846696,-0.943336,93.75,0.393586,18.7839,0.8649
17013,0.000300,0.167524,439.47,634.05,843.75,0.260516,0.031373,0.974250,1.001575,0.461048,-0.432666,-0.804999,-1.199209,93.75,0.383354,16.5625,0.8797
17019,0.000359,0.154247,396.18,603.42,656.25,0.220015,0.019608,1.125074,1.339827,0.407686,-0.655002,-1.009899,-1.207685,140.62,0.276208,15.6659,0.9122
17024,0.000361,0.065752,493.67,731.49,890.62,0.263787,0.039216,0.862685,1.288475,0.412354,-0.670276,-1.081335,-0.811901,140.62,0.251080,19.8812,0.8831
17029,0.000337,0.217790,598.00,784.58,1359.38,0.375069,0.039216,0.580358,1.016603,0.310320,-0.383929,-0.777161,-0.746191,140.62,0.211316,15.2392,0.8264
17035,0.000654,0.351310,760.08,884.60,1781.25,0.504109,0.023529,0.308486,0.585011,0.215222,-0.184852,-0.426996,-0.496871,93.75,0.193702,10.7201,0.7127
17040,0.000716,0.256313,650.69,844.07,1546.88,0.434901,0.003922,0.516377,0.930921,0.163092,-0.484287,-0.506290,-0.619812,93.75,0.268875,12.0813,0.7836
17045,0.000861,0.346759,670.38,832.31,1500.00,0.454172,0.007843,0.490148,0.861491,0.031641,-0.284190,-0.448005,-0.651085,93.75,0.344000,10.9539,0.7730
17051,0.001111,0.381082,829.24,889.79,1875.00,0.602772,0.011765,0.029419,0.500812,0.204674,-0.082340,-0.217843,-0.434721,93.75,0.431256,9.1036,0.6437
17056,0.000916,0.161838,597.79,783.02,1312.50,0.281846,0.015686,0.646745,0.996066,0.037360,-0.309032,-0.587985,-0.783154,140.62,0.507055,13.0159,0.8186
17061,0.001172,0.303493,711.38,855.99,1640.62,0.513847,0.003922,0.436867,0.665063,0.163775,-0.245685,-0.410004,-0.610016,93.75,0.615416,12.4377,0.7429
17067,0.000959,0.102138,518.54,748.08,1125.00,0.346552,0.003922,0.937395,1.124496,-0.021387,-0.469872,-0.676095,-0.894537,93.75,0.659089,17.0100,0.8601
17072,0.000768,0.087654,390.15,632.92,656.25,0.232511,0.003922,1.271776,1.342938,0.172832,-0.697728,-0.892855,-1.196964,93.75,0.671986,21.1116,0.9131
17077,0.000595,0.150898,536.68,768.09,1218.75,0.374535,0.007843,0.903251,0.944777,0.034181,-0.438371,-0.600473,-0.843365,93.75,0.584795,18.0567,0.8383
17083,0.000646,0.168267,446.24,689.37,937.50,0.261800,0.019608,1.076801,1.300149,-0.080690,-0.495072,-0.777364,-1.023824,140.62,0.426887,16.7409,0.8898
17088,0.000473,0.062462,414.17,634.48,796.88,0.211397,0.023529,1.143270,1.477274,-0.217110,-0.318017,-0.862552,-1.222865,140.62,0.457332,24.8444,0.9132
17093,0.000282,0.080486,460.72,669.27,937.50,0.252258,0.039216,1.022639,1.340147,-0.239657,-0.371411,-0.616201,-1.135517,140.62,0.352167,21.4872,0.8867
17099,0.000114,0.282344,624.41,812.30,1453.12,0.395326,0.125490,0.708902,0.881211,-0.031914,-0.456015,-0.341917,-0.760267,93.75,0.226475,14.0516,0.7935
17104,0.000151,0.075070,767.24,877.73,1828.12,0.486688,0.235294,0.411001,0.538422,-0.009792,-0.120200,-0.313118,-0.506313,93.75,0.127484,11.3956,0.7077
17109,0.000126,0.080165,832.74,922.56,2015.62,0.524609,0.113725,0.169985,0.583797,0.075020,0.011549,-0.452728,-0.387624,140.62,0.067955,9.3899,0.6893
17115,0.000135,0.093752,769.14,896.70,1875.00,0.468135,0.192157,0.214707,0.601035,0.170737,0.041005,-0.547961,-0.479523,93.75,0.062101,10.6980,0.7154
17120,0.000128,0.243320,781.15,916.90,1921.88,0.490244,0.098039,0.156845,0.624861,0.375600,-0.225818,-0.544396,-0.387093,93.75,0.055027,8.7131,0.7019
17125,0.000069,0.188553,828.28,920.14,2109.38,0.511794,0.243137,0.116961,0.377583,0.468475,-0.136126,-0.535070,-0.291822,93.75,0.059414,8.9700,0.6594
17131,0.000075,0.109997,837.84,983.88,2203.12,0.473815,0.239216,0.244368,0.533684,0.383129,-0.263484,-0.723475,-0.174222,93.75,0.046549,8.2359,0.6980
17136,0.000089,0.134983,1054.97,1024.80,2437.50,0.602497,0.141176,-0.327421,0.166631,0.542619,-0.196867,-0.357973,0.173011,93.75,0.022551,5.8314,0.5030
17141,0.000082,0.296180,1053.76,1050.45,2437.50,0.617266,0.176471,-0.522800,0.317885,0.665168,-0.457552,-0.246189,0.243489,328.12,0.036588,8.4592,0.4747
17147,0.000060,0.147864,1002.08,1049.33,2437.50,0.539015,0.301961,-0.541269,0.355053,0.842433,-0.399635,-0.445548,0.188965,328.12,0.039073,9.4807,0.5088
17152,0.000080,0.153425,1131.05,1077.91,2671.88,0.612596,0.219608,-0.930499,0.394710,0.796267,-0.391281,-0.291020,0.421821,281.25,0.030888,8.8414,0.4174
17157,0.000072,0.234153,1195.40,1027.97,2625.00,0.681728,0.243137,-1.552274,0.127321,0.745497,0.116559,0.049164,0.513735,328.12,0.029106,8.0004,0.2701
17163,0.000093,0.200484,1210.86,1052.84,2718.75,0.677454,0.192157,-1.280138,0.219503,0.597596,0.008996,0.053188,0.400855,281.25,0.035106,9.7212,0.3192
17168,0.000082,0.276614,1002.96,957.53,2250.00,0.585293,0.200000,-0.751299,0.194304,0.552567,0.237960,-0.099353,-0.134181,281.25,0.038959,8.9779,0.4597
17173,0.000064,0.175355,921.51,933.27,2015.62,0.551998,0.313726,-0.540453,0.333239,0.637603,0.041873,-0.185061,-0.287201,281.25,0.038182,8.4421,0.5331
17179,0.000056,0.225395,1159.84,1036.44,2671.88,0.689120,0.325490,-0.929922,-0.062014,0.633020,-0.054093,0.094887,0.318122,328.12,0.032300,8.3179,0.3313
17184,0.000075,0.154064,1232.37,1069.90,2671.88,0.709525,0.231373,-0.568916,0.021798,0.362355,-0.195790,0.022676,0.357877,375.00,0.023164,7.2887,0.3861
17189,0.000091,0.219124,1133.73,1048.58,2578.12,0.659149,0.188235,-0.398613,0.120649,0.409882,-0.222379,-0.138770,0.229231,328.12,0.023413,6.9289,0.4541
17195,0.000094,0.280126,1012.24,1015.02,2484.38,0.587258,0.152941,-0.590786,0.269038,0.694716,-0.225245,-0.312764,0.165042,328.12,0.040640,10.0902,0.4783
17200,0.000076,0.265572,1051.53,1034.89,2531.25,0.619249,0.164706,-0.474523,0.255678,0.543343,-0.248840,-0.236201,0.160541,328.12,0.039717,8.1125,0.4821
17205,0.000080,0.231236,1045.64,959.02,2296.88,0.636972,0.180392,-1.077312,0.107815,0.658946,0.241175,-0.007738,0.077115,421.88,0.025175,5.4181,0.3730
17211,0.000084,0.178125,1074.51,954.15,2296.88,0.608705,0.160784,-1.468411,-0.269660,1.045220,0.176636,0.183278,0.332938,375.00,0.032041,8.3529,0.2447
17216,0.000079,0.221660,1131.99,984.19,2390.62,0.633742,0.266667,-1.429994,0.024280,0.834876,0.013813,0.234825,0.322198,328.12,0.040147,10.8518,0.2726
17221,0.000084,0.302263,1087.21,1009.02,2578.12,0.640950,0.160784,-0.780303,0.128870,0.519342,0.189121,-0.157819,0.100788,328.12,0.034781,8.1546,0.4262
17227,0.000088,0.192901,1090.91,1037.36,2531.25,0.586274,0.200000,-0.597370,-0.011112,0.716458,-0.124258,-0.165134,0.181416,328.12,0.041359,10.2276,0.4225
17232,0.000066,0.234198,1103.40,997.53,2437.50,0.651039,0.294118,-0.446517,-0.127526,0.439940,-0.032322,-0.004677,0.171100,328.12,0.039458,8.4859,0.4085
17237,0.000085,0.249304,1159.30,1017.96,2484.38,0.686667,0.196078,-0.578116,0.132052,0.457981,-0.257738,-0.086607,0.332427,375.00,0.028348,6.0148,0.4144
17243,0.000081,0.190524,1303.69,1079.85,2625.00,0.648545,0.254902,-0.832538,0.008560,0.609558,-0.251389,-0.195784,0.661594,375.00,0.028017,6.1633,0.3441
17248,0.000080,0.271682,1414.40,1098.36,2671.88,0.677070,0.215686,-0.923363,0.097776,0.538436,-0.475652,-0.058899,0.821703,375.00,0.024966,4.9459,0.3113
17253,0.000080,0.208823,1464.76,1097.25,2812.50,0.664999,0.262745,-1.705965,0.219398,0.701466,-0.232078,0.043334,0.973845,328.12,0.030845,6.3543,0.2224
17259,0.000065,0.218028,1659.01,1105.19,2953.12,0.725131,0.254902,-1.230602,-0.318320,0.522335,-0.302673,0.108760,1.220498,328.12,0.031552,6.4683,0.1917
17264,0.000079,0.252424,1818.39,1056.75,2953.12,0.708130,0.219608,-1.150122,-0.486719,0.348920,-0.443991,0.311304,1.420607,375.00,0.017852,3.7458,0.1565
17269,0.000086,0.293270,1925.42,958.70,2906.25,0.790627,0.223529,-1.870579,-0.724019,-0.035074,0.217561,0.698479,1.713631,2062.50,0.014612,2.7325,0.0756
17275,0.000090,0.307377,1998.65,849.42,2953.12,0.751052,0.247059,-1.566585,-1.098311,-0.432583,-0.066324,1.304726,1.859077,2062.50,0.016903,2.7181,0.0514
17280,0.000126,0.202587,1945.48,903.75,2906.25,0.733265,0.129412,-1.070949,-0.608896,-0.471369,-0.314814,0.887584,1.578442,2343.75,0.021397,3.5540,0.1118
17285,0.000099,0.329695,1866.74,932.73,2812.50,0.705731,0.211765,-0.763752,-0.290143,-0.610187,-0.404067,0.632180,1.435969,2343.75,0.030587,3.9800,0.1735
17291,0.000116,0.230736,1870.33,902.24,2765.62,0.726579,0.192157,-0.792283,-0.365939,-0.579988,-0.491743,0.812098,1.417854,2250.00,0.032551,3.9546,0.1552
17296,0.000105,0.221658,1918.42,929.37,2859.38,0.750531,0.211765,-0.755344,-0.383069,-0.555945,-0.658518,0.849921,1.502954,2203.12,0.035096,4.2912,0.1486
17301,0.000097,0.171181,1916.13,930.02,2859.38,0.735947,0.239216,-0.917668,-0.695713,-0.244231,-0.500932,0.794425,1.564120,2203.12,0.031431,4.1291,0.1207
17307,0.000111,0.253946,1824.82,948.22,2718.75,0.750628,0.176471,-1.121203,-0.275744,-0.057415,-0.557902,0.619369,1.392894,2250.00,0.025391,3.3646,0.1539
17312,0.000108,0.230619,1805.66,990.35,2953.12,0.707146,0.227451,-1.457347,-0.189977,0.072561,-0.289493,0.559561,1.304694,1921.88,0.023570,3.2047,0.1473
17317,0.000159,0.217638,2001.24,954.96,2953.12,0.730890,0.101961,-1.444923,-0.463976,-0.159686,-0.240647,0.712288,1.596944,2953.12,0.030781,3.9002,0.1082
17323,0.000119,0.341495,2051.27,913.04,2953.12,0.746188,0.196078,-1.458053,-0.516279,-0.276479,-0.412391,0.958613,1.704589,2578.12,0.035238,3.5019,0.0896
17328,0.000099,0.204889,2028.15,886.16,2906.25,0.690776,0.239216,-0.978194,-0.400850,-0.484037,-0.835721,0.958027,1.740775,2625.00,0.038317,3.6000,0.1152
17333,0.000103,0.147601,2136.63,851.04,2906.25,0.691015,0.207843,-0.858377,-0.684289,-0.629500,-0.780106,0.925248,2.027024,2250.00,0.028245,3.6148,0.0956
17339,0.000131,0.232912,2050.26,967.63,3046.88,0.734324,0.141176,-1.151405,-0.310773,-0.116378,-0.734878,0.541255,1.772180,2109.38,0.028283,3.6685,0.1315
17344,0.000120,0.260043,2036.07,915.81,2906.25,0.719550,0.184314,-1.044065,-0.437705,-0.232630,-0.791911,0.774293,1.732017,2671.88,0.025750,2.9517,0.1198
17349,0.000107,0.206366,2098.89,855.74,2953.12,0.666888,0.176471,-1.215024,-0.404363,-0.656074,-0.691010,1.096290,1.870181,2671.88,0.032802,3.9252,0.0917
17355,0.000119,0.208239,1987.86,908.25,2859.38,0.680450,0.196078,-1.749141,-0.111921,-0.063901,-0.726500,0.925831,1.725631,2390.62,0.035047,4.2663,0.0948
17360,0.000098,0.168964,2067.91,937.35,3000.00,0.679217,0.200000,-1.951167,-0.179748,0.057012,-0.565264,0.733300,1.905867,2390.62,0.037479,4.6481,0.0843
17365,0.000116,0.183940,2061.13,895.19,2953.12,0.755910,0.152941,-1.500585,-0.453379,-0.233944,-0.538252,0.892949,1.833209,2390.62,0.023549,2.9867,0.0879
17371,0.000098,0.233445,1912.44,942.63,2953.12,0.715186,0.168627,-1.820057,-0.225121,0.085359,-0.448706,0.899888,1.508638,1828.12,0.025999,3.2899,0.0974
17376,0.000121,0.197166,1923.54,940.02,2953.12,0.652246,0.196078,-1.435107,-0.178446,-0.076745,-0.653196,0.736962,1.606533,2062.50,0.027204,3.5210,0.1215
17381,0.000123,0.233420,1822.98,1018.67,2953.12,0.781928,0.145098,-0.989831,-0.312329,-0.057620,-0.539687,0.589205,1.310262,3000.00,0.022873,2.9410,0.1679
17387,0.000118,0.313474,1932.86,958.71,3000.00,0.668859,0.192157,-1.239546,-0.283282,-0.099799,-0.838814,0.989464,1.471977,1875.00,0.035412,4.0587,0.1200
17392,0.000115,0.215711,1998.53,899.54,2906.25,0.681324,0.203922,-1.173548,-0.466848,-0.444010,-0.775052,1.180098,1.679359,1875.00,0.037065,4.2176,0.0954
17397,0.000102,0.197150,1856.83,947.29,2765.62,0.682057,0.180392,-1.041832,-0.030550,-0.271028,-0.883650,0.826309,1.400752,1875.00,0.031886,3.8132,0.1611
17403,0.000081,0.149607,1917.01,931.74,2906.25,0.682397,0.301961,-1.370974,-0.156275,-0.204886,-0.609782,0.773667,1.568247,2109.38,0.029805,3.9579,0.1262
17408,0.000103,0.216727,1886.23,942.32,2906.25,0.754680,0.156863,-1.209759,-0.513520,-0.150872,-0.397339,0.754271,1.517218,2156.25,0.024905,3.5857,0.1195
17413,0.000084,0.220357,1901.72,973.57,2953.12,0.763096,0.219608,-1.837208,-0.112596,0.146650,-0.427049,0.663550,1.566653,2156.25,0.022537,3.2527,0.1101
17419,0.000102,0.209216,1929.27,1003.22,3000.00,0.776956,0.176471,-1.516668,-0.123567,0.064207,-0.499267,0.615871,1.459424,281.25,0.020149,2.8279,0.1350
17424,0.000106,0.209575,1771.82,1001.82,2812.50,0.769021,0.172549,-0.933029,-0.100165,-0.196795,-0.584152,0.658512,1.155629,281.25,0.019090,2.7133,0.1941
17429,0.000098,0.233905,1926.85,924.47,2859.38,0.705775,0.219608,-1.151098,-0.225619,-0.416754,-0.601461,0.949143,1.445790,1921.88,0.022511,3.0133,0.1317
17435,0.000092,0.232072,1887.14,952.54,2859.38,0.762040,0.207843,-1.100692,-0.483200,-0.187947,-0.495642,0.867993,1.399487,1921.88,0.022972,3.1475,0.1272
17440,0.000113,0.262233,1780.04,995.37,2765.62,0.774258,0.184314,-0.728184,-0.259693,-0.135861,-0.724349,0.589069,1.259018,1968.75,0.024792,3.2083,0.1950
17445,0.000114,0.222341,1761.69,959.50,2812.50,0.769440,0.149020,-1.040066,-0.431219,-0.050184,-0.612573,0.917536,1.216505,1968.75,0.032739,3.9991,0.1415
17451,0.000097,0.157872,1949.34,913.13,2906.25,0.753344,0.250980,-0.911878,-0.551910,-0.542932,-0.563439,0.983372,1.586787,1921.88,0.027667,3.4795,0.1174
17456,0.000097,0.228298,1854.63,957.66,2765.62,0.767604,0.278431,-0.600126,-0.348481,-0.680579,-0.387173,0.605549,1.410810,2203.12,0.029431,3.6841,0.1851
17461,0.000101,0.189710,1811.32,958.29,2718.75,0.704146,0.176471,-0.915542,-0.307394,-0.127024,-0.652691,0.743927,1.258722,2203.12,0.020206,2.8063,0.1662
17467,0.000084,0.225571,1940.32,928.20,2906.25,0.760249,0.231373,-1.767839,-0.520893,0.106137,-0.375260,0.986946,1.570908,1781.25,0.026943,3.5502,0.0814
17472,0.000090,0.122969,1836.98,975.41,2765.62,0.720490,0.247059,-1.260486,-0.176338,-0.008086,-0.639109,0.742580,1.341439,2671.88,0.027591,4.3037,0.1467
17477,0.000084,0.190231,1647.34,1031.29,2718.75,0.711564,0.223529,-1.360680,0.031575,0.380066,-0.579627,0.463797,1.064867,281.25,0.029863,5.3180,0.1933
17483,0.000194,0.282260,1549.70,1028.45,2671.88,0.782529,0.078431,-1.116801,-0.062015,0.238109,-0.404566,0.402669,0.942603,281.25,0.029100,4.5432,0.2206
17488,0.000305,0.416534,1065.20,1009.22,2437.50,0.600587,0.027451,0.056981,0.415743,-0.057125,-0.370813,-0.234090,0.189303,140.62,0.067050,7.2851,0.5643
17493,0.000685,0.346481,759.51,925.78,1968.75,0.454644,0.019608,0.602512,0.811808,-0.120141,-0.420963,-0.571197,-0.302019,93.75,0.149351,12.3482,0.7584
17499,0.000621,0.414487,561.48,771.33,1265.62,0.338997,0.015686,0.746161,1.086574,0.098018,-0.487406,-0.678263,-0.765084,140.62,0.271529,14.0058,0.8373
17504,0.000600,0.249489,489.05,718.48,984.38,0.279636,0.011765,1.039297,1.396911,-0.409820,-0.444425,-0.726821,-0.855142,140.62,0.434580,20.6582,0.8817
17509,0.000457,0.147917,560.00,733.46,1171.88,0.338095,0.015686,0.808411,1.155800,-0.416195,-0.101555,-0.570340,-0.876121,140.62,0.403325,19.0540,0.8462
17515,0.000622,0.380904,693.19,813.22,1546.88,0.475336,0.043137,0.197933,0.728773,0.186304,-0.053398,-0.420562,-0.639050,187.50,0.305233,11.2201,0.7297
17520,0.000464,0.149267,575.65,723.94,1078.12,0.331756,0.035294,0.685605,0.953350,-0.148659,0.092270,-0.677858,-0.904708,140.62,0.300907,12.6647,0.8335
17525,0.000447,0.082830,505.60,682.12,937.50,0.280451,0.047059,1.052062,1.252223,-0.591891,0.051636,-0.824320,-0.939710,140.62,0.344512,20.3680,0.8843
17531,0.000435,0.268132,627.23,754.45,1265.62,0.386126,0.043137,0.572642,0.847806,0.004805,0.006791,-0.519288,-0.912756,140.62,0.249150,12.8687,0.8063
17536,0.000170,0.393961,783.53,807.51,1593.75,0.544402,0.109804,-0.035840,0.342777,0.307475,0.268647,-0.246945,-0.636114,93.75,0.213650,7.8566,0.6445
17541,0.000132,0.027462,722.44,786.46,1406.25,0.446720,0.074510,0.268083,0.456304,0.145134,0.268563,-0.395318,-0.742766,93.75,0.151634,8.6940,0.7173
17547,0.000161,0.072228,736.05,784.63,1453.12,0.399875,0.098039,0.084054,0.522873,0.292770,0.361291,-0.724227,-0.536763,140.62,0.072136,7.9474,0.7179
17552,0.000180,0.204057,811.21,807.34,1687.50,0.465184,0.054902,-0.353463,0.396382,0.599530,0.290994,-0.528342,-0.405100,281.25,0.065608,8.3626,0.6197
17557,0.000186,0.303659,807.72,853.73,1734.38,0.479828,0.058824,-0.104472,0.620124,0.287373,0.075189,-0.407840,-0.470374,281.25,0.072410,7.9012,0.6675
17563,0.000152,0.203098,885.78,944.21,2109.38,0.549773,0.121569,-0.027892,0.509794,0.239812,-0.121106,-0.341483,-0.259125,93.75,0.080037,8.2371,0.6321
17568,0.000110,0.132835,787.65,935.04,1921.88,0.504117,0.156863,0.488372,0.605637,-0.002301,-0.175632,-0.511154,-0.404922,93.75,0.092407,12.1361,0.7320
17573,0.000096,0.172339,824.24,932.68,1921.88,0.495033,0.203922,0.366639,0.480898,0.128138,-0.077206,-0.517808,-0.380662,93.75,0.067923,9.8135,0.7054
17579,0.000139,0.180554,1062.76,974.71,2296.88,0.640439,0.090196,-0.288487,0.263610,0.051081,0.091167,-0.105993,-0.011379,93.75,0.040080,6.6291,0.5116
17584,0.000083,0.332309,974.23,947.91,2062.50,0.583228,0.243137,-0.059714,0.543818,0.037950,-0.477661,0.123917,-0.168310,93.75,0.043888,6.1774,0.5657
17589,0.000080,0.162028,1013.99,935.86,2015.62,0.616212,0.301961,-0.259058,0.352993,0.112154,-0.209893,0.171442,-0.167637,93.75,0.039311,5.5813,0.5113
17595,0.000079,0.142047,1396.21,1031.54,2625.00,0.785054,0.239216,-0.460110,-0.114702,-0.173209,-0.227318,0.535703,0.439637,93.75,0.021915,4.2516,0.3154
17600,0.000090,0.249081,1656.00,1119.33,3140.62,0.820087,0.286275,-0.435613,-0.003556,-0.692863,-0.286592,0.554272,0.864351,140.62,0.021837,4.0287,0.2831
17605,0.000096,0.258312,1743.69,1093.92,3187.50,0.820619,0.219608,-1.121275,-0.158744,-0.356860,-0.033628,0.730654,0.939854,187.50,0.020179,3.2836,0.1861
17611,0.000087,0.232190,1634.13,1156.53,3234.38,0.758768,0.168627,-0.601761,-0.161194,-0.282643,-0.082456,0.377689,0.750365,140.62,0.020929,3.3541,0.2798
17616,0.000115,0.270087,1354.60,1089.18,2671.88,0.731002,0.149020,-0.581487,-0.069152,0.147986,0.004298,0.017138,0.481217,281.25,0.026503,4.1689,0.3602
17621,0.000074,0.213908,1154.14,1065.60,2484.38,0.631992,0.231373,-0.471023,0.342356,0.394101,-0.371137,-0.153399,0.259102,281.25,0.039064,6.5075,0.4707
17627,0.000086,0.252697,1260.21,1103.91,2718.75,0.734625,0.223529,-0.373015,0.222131,0.130411,-0.158805,-0.215437,0.394714,281.25,0.029888,4.5907,0.4588
17632,0.000096,0.203575,1660.58,1156.35,3000.00,0.763088,0.200000,-0.664017,-0.229074,0.163322,-0.218471,-0.041618,0.989856,328.12,0.024156,4.3681,0.2848
17637,0.000089,0.306133,1845.95,1140.67,3000.00,0.684578,0.223529,-1.089392,-0.536436,0.306864,-0.013377,-0.067325,1.399668,2953.12,0.029406,4.8564,0.1856
17643,0.000098,0.223647,1764.45,1182.41,3000.00,0.679870,0.168627,-1.059665,-0.027771,0.322167,-0.100430,-0.334042,1.199740,328.12,0.025939,4.4802,0.2736
17648,0.000185,0.314695,1551.03,1167.29,2953.12,0.762891,0.047059,-0.838772,-0.074717,0.250264,-0.090869,-0.089980,0.844073,375.00,0.022904,3.5091,0.3028
17653,0.000580,0.451137,1216.60,1108.37,2765.62,0.674351,0.031373,-0.115368,0.108191,0.026212,-0.057796,-0.266285,0.305046,93.75,0.059166,5.9246,0.4943
17659,0.000991,0.562285,738.70,910.57,1828.12,0.490831,0.011765,0.407116,0.779287,0.075681,-0.280921,-0.545199,-0.435963,93.75,0.211484,10.0628,0.7472
17664,0.000820,0.356307,479.73,768.70,796.88,0.257109,0.011765,1.028180,1.426118,0.131051,-0.822835,-1.030230,-0.732285,140.62,0.469932,17.2408,0.8917
17669,0.000716,0.179705,448.57,698.34,796.88,0.268730,0.019608,1.125418,1.257712,0.190750,-0.655658,-0.809521,-1.108702,93.75,0.509439,18.5014,0.8957
17675,0.000730,0.263443,601.90,795.93,1406.25,0.396365,0.015686,0.725718,0.986059,0.076628,-0.457828,-0.595263,-0.735315,140.62,0.432721,14.0769,0.8207
17680,0.000579,0.367830,801.07,876.31,1828.12,0.560161,0.023529,0.152246,0.480944,0.333969,-0.215481,-0.271726,-0.479952,93.75,0.387900,9.4506,0.6665
17685,0.000719,0.044174,703.27,854.39,1640.62,0.407789,0.003922,0.362796,0.677873,0.344222,-0.410088,-0.364174,-0.610629,93.75,0.387767,11.8987,0.7326
17691,0.000758,0.228488,481.95,705.78,890.62,0.299664,0.023529,0.908335,1.216573,0.424813,-0.827449,-0.758271,-0.964002,140.62,0.380542,14.8944,0.8725
17696,0.000841,0.110083,398.26,622.20,421.88,0.190387,0.015686,1.132727,1.566530,0.725951,-1.201957,-1.209428,-1.013823,140.62,0.470875,21.5049,0.9214
17701,0.000683,0.274145,553.83,728.34,1125.00,0.349795,0.007843,0.676918,1.052262,0.248814,-0.367583,-0.686400,-0.924011,140.62,0.477476,16.8766,0.8415
17707,0.000279,0.344121,704.81,808.05,1546.88,0.485977,0.050980,0.361714,0.541325,0.285491,-0.039961,-0.414394,-0.734176,93.75,0.393894,10.4106,0.7361
17712,0.000240,0.016441,661.29,813.13,1500.00,0.375581,0.047059,0.512630,0.609399,0.242129,-0.116169,-0.496891,-0.751098,93.75,0.311685,11.9187,0.7658
17717,0.000291,0.086854,640.67,804.69,1453.12,0.374071,0.074510,0.423452,0.641890,0.668781,-0.356643,-0.626687,-0.750794,93.75,0.143822,10.2471,0.7723
17723,0.000267,0.221353,705.71,782.67,1500.00,0.437415,0.062745,-0.256608,0.584565,0.632149,0.120678,-0.386310,-0.694474,187.50,0.104084,8.7672,0.6692
17728,0.000183,0.262075,560.40,750.38,1171.88,0.337467,0.113725,0.425542,1.079855,0.497897,-0.488342,-0.682505,-0.832448,187.50,0.143201,11.3902,0.8191
17733,0.000146,0.038521,596.56,807.78,1546.88,0.357416,0.184314,0.412169,1.103190,0.451249,-0.792969,-0.591702,-0.581938,187.50,0.107321,12.3734,0.7932
17739,0.000145,0.155626,652.21,876.20,1687.50,0.379126,0.101961,0.537611,0.950204,0.493316,-0.928147,-0.656754,-0.396230,93.75,0.079913,10.6758,0.7808
17744,0.000084,0.138252,812.14,992.46,2203.12,0.475056,0.215686,0.340054,0.760613,0.446344,-0.606694,-0.765551,-0.174766,140.62,0.071580,10.7316,0.7351
17749,0.000066,0.203264,897.44,1024.30,2437.50,0.478022,0.282353,-0.186468,0.814945,0.425392,-0.214400,-0.787940,-0.051531,187.50,0.053266,9.5219,0.6757
17755,0.000071,0.128618,1206.87,1142.79,2859.38,0.580243,0.254902,-0.752885,0.448848,0.483487,-0.077944,-0.594007,0.492501,187.50,0.027178,7.2621,0.4747
17760,0.000056,0.212612,1319.31,1163.74,2859.38,0.659702,0.345098,-0.602689,0.303104,0.279449,-0.117941,-0.499533,0.637608,187.50,0.022594,6.4249,0.4455
17765,0.000061,0.231922,1158.33,1119.83,2718.75,0.611266,0.345098,-0.191931,0.209680,0.329934,-0.254549,-0.486150,0.393015,187.50,0.018807,5.0902,0.5139
17771,0.000063,0.159027,1293.17,1128.31,2765.62,0.707036,0.345098,-0.541599,0.059582,0.410049,-0.154990,-0.299772,0.526728,328.12,0.015746,4.8787,0.4123
17776,0.000057,0.198779,1363.41,1091.95,2718.75,0.729027,0.392157,-0.803017,0.151295,0.308103,-0.293219,0.058286,0.578552,281.25,0.016187,5.5425,0.3443
17781,0.000064,0.178942,1313.06,1091.20,2765.62,0.707590,0.294118,-1.044528,0.244282,0.456041,-0.173304,-0.011434,0.528943,281.25,0.016540,5.7756,0.3410
17787,0.000050,0.275039,1289.08,1089.73,2765.62,0.725617,0.329412,-0.751513,-0.068143,0.537804,-0.208931,-0.036206,0.526990,375.00,0.016694,5.1046,0.3418
17792,0.000069,0.172923,1317.15,1103.12,2812.50,0.694410,0.305882,-0.603245,-0.507859,0.509094,-0.020396,0.196771,0.425634,328.12,0.020492,6.7014,0.2959
17797,0.000085,0.193001,1332.34,1089.40,2812.50,0.705251,0.200000,-0.815246,-0.438985,0.631779,-0.122019,0.207418,0.537051,328.12,0.018450,6.3624,0.2691
17803,0.000073,0.311490,1160.48,1050.64,2718.75,0.590190,0.282353,-1.092035,-0.155459,0.917017,0.057212,-0.069441,0.342707,375.00,0.028935,7.7328,0.3186
17808,0.000078,0.269971,1075.26,1035.08,2578.12,0.616221,0.176471,-0.863275,0.312108,0.644858,-0.046146,-0.171779,0.124233,234.38,0.027910,6.5029,0.4374
17813,0.000084,0.124160,1143.04,1081.70,2718.75,0.628275,0.215686,-0.988065,0.406982,0.707448,-0.210654,-0.250115,0.334404,281.25,0.025454,6.6146,0.4176
17819,0.000079,0.239634,1163.23,1084.18,2718.75,0.621072,0.200000,-1.558037,0.314277,0.965656,-0.150720,-0.045008,0.473833,281.25,0.036506,9.3687,0.3023
17824,0.000052,0.251740,1126.70,1046.44,2625.00,0.632399,0.419608,-1.783040,0.520832,0.919988,-0.034009,-0.018999,0.395227,281.25,0.037126,8.9142,0.3059
17829,0.000064,0.128024,1187.08,1036.55,2671.88,0.703754,0.305882,-1.189446,0.187069,0.612741,-0.003570,0.056688,0.336519,281.25,0.020714,6.0775,0.3323
17835,0.000075,0.181093,1320.27,1064.34,2718.75,0.731148,0.270588,-0.767558,-0.398942,0.479532,-0.007999,0.123999,0.570969,375.00,0.017994,6.4791,0.2828
17840,0.000083,0.300921,1175.16,1039.01,2625.00,0.649911,0.121569,-0.849351,-0.270016,0.755174,-0.089524,0.080434,0.373282,375.00,0.028249,8.3129,0.3129
17845,0.000089,0.264445,1088.39,1017.82,2578.12,0.648441,0.192157,-1.145175,0.139287,0.862428,-0.040534,-0.041947,0.225941,328.12,0.036840,9.9300,0.3555
17851,0.000097,0.212834,967.05,984.60,2343.75,0.576945,0.113725,-0.611193,0.400059,0.742467,-0.223749,-0.334867,0.027284,281.25,0.041067,10.7636,0.5121
17856,0.000084,0.257292,903.89,990.87,2296.88,0.538991,0.137255,-0.215425,0.521525,0.662558,-0.219694,-0.648089,-0.100876,281.25,0.046659,10.4540,0.6289
17861,0.000073,0.119452,916.11,1018.01,2343.75,0.518065,0.278431,-0.360803,0.511590,0.803964,-0.279371,-0.553111,-0.122269,281.25,0.049979,11.8994,0.6018
17867,0.000091,0.181393,1205.47,1105.25,2765.62,0.645562,0.176471,-1.161442,0.289100,0.747061,-0.103224,-0.179655,0.408160,281.25,0.038625,10.3861,0.3658
17872,0.000067,0.286561,1193.45,1086.48,2718.75,0.634689,0.333333,-0.919159,0.034878,0.635658,-0.037900,-0.113127,0.399650,328.12,0.034480,8.5452,0.3577
17877,0.000064,0.318991,1158.72,1078.63,2671.88,0.655724,0.258824,-0.580525,0.031612,0.425785,0.041244,-0.165606,0.247488,375.00,0.025326,5.0911,0.4218
17883,0.000084,0.202939,1577.05,1122.28,2953.12,0.780920,0.329412,-0.798522,-0.409371,-0.012448,0.241680,0.121962,0.856698,468.75,0.014561,3.4638,0.2510
17888,0.000100,0.335290,1953.50,1128.52,3046.88,0.706758,0.184314,-0.941770,-0.276572,-0.007281,-0.006627,-0.181224,1.413473,3000.00,0.018815,4.2619,0.2270
17893,0.000102,0.361819,1889.74,1179.41,3046.88,0.672192,0.254902,-0.996703,0.016122,0.334609,-0.552467,-0.190092,1.388531,281.25,0.025597,4.2958,0.2517
17899,0.000102,0.281108,1749.77,1190.21,3093.75,0.711784,0.254902,-1.319414,0.296441,0.331300,-0.591587,0.077174,1.206087,234.38,0.033260,5.2405,0.2399
17904,0.000104,0.287806,2065.10,1139.98,3234.38,0.703332,0.196078,-1.212227,0.189979,-0.069848,-0.607245,0.077245,1.622095,187.50,0.026304,3.6882,0.2041
17909,0.000122,0.207206,2230.77,1060.33,3281.25,0.721408,0.176471,-1.269743,-0.424327,-0.153644,-0.364030,0.369226,1.842520,2578.12,0.030286,4.4061,0.1242
17915,0.000090,0.292690,2218.92,1061.77,3234.38,0.716379,0.270588,-1.345771,-0.432999,0.033213,-0.386730,0.289989,1.842298,2625.00,0.026670,3.3469,0.1240
17920,0.000138,0.192331,2148.22,1092.34,3234.38,0.774309,0.188235,-1.135586,-0.470132,-0.066604,-0.301811,0.324934,1.649199,3281.25,0.023350,3.1251,0.1431
17925,0.000111,0.262361,2163.75,1038.35,3140.62,0.717596,0.215686,-0.980341,-0.860705,-0.178155,0.009283,0.194478,1.815440,2906.25,0.033066,4.3565,0.1273
17931,0.000138,0.262690,2289.49,984.21,3093.75,0.629707,0.152941,-1.062728,-0.587164,-0.238842,-0.175975,0.089559,1.975150,2953.12,0.046905,5.6699,0.1350
17936,0.000110,0.226752,2177.86,1096.60,3140.62,0.731255,0.188235,-0.781969,-0.357039,-0.480074,-0.255550,0.177857,1.696775,2953.12,0.047237,5.9096,0.1814
17941,0.000112,0.186681,2260.26,1027.61,3093.75,0.669947,0.223529,-0.888186,-0.489599,-0.513818,-0.317555,0.272640,1.936518,3000.00,0.040914,5.0564,0.1426
17947,0.000123,0.239436,2056.76,1041.04,3000.00,0.710418,0.196078,-0.868874,-0.205992,-0.148266,-0.478963,0.004109,1.697986,2625.00,0.034502,4.7214,0.1997
17952,0.000126,0.215657,2204.39,1068.15,3140.62,0.644060,0.172549,-1.047122,0.033529,-0.089253,-0.704758,-0.043592,1.851196,2765.62,0.028060,3.8960,0.1961
17957,0.000157,0.241599,2423.58,987.53,3421.88,0.595897,0.164706,-1.839736,-0.325340,-0.068234,-0.242681,0.219507,2.256485,3468.75,0.040691,5.3377,0.0894
17963,0.000134,0.261684,2482.10,931.32,3421.88,0.591222,0.180392,-1.797255,-0.836850,-0.260696,-0.040433,0.510016,2.425217,3468.75,0.049171,5.5243,0.0582
17968,0.000130,0.214301,2430.29,941.96,3375.00,0.638934,0.235294,-1.025821,-0.664896,-0.662291,-0.446827,0.638868,2.160966,2812.50,0.051225,5.9464,0.0958
17973,0.000155,0.157745,2277.79,1022.81,3281.25,0.703778,0.180392,-0.929832,-0.500386,-0.435123,-0.281816,0.270393,1.876764,2812.50,0.046012,5.5532,0.1432
17979,0.000133,0.300743,2144.55,1087.66,3000.00,0.611496,0.188235,-0.555314,-0.196922,-0.426728,-0.548907,0.081488,1.646383,2812.50,0.058355,6.0984,0.2244
17984,0.000122,0.229934,2214.40,1073.17,3187.50,0.722161,0.215686,-0.801789,-0.541960,-0.563982,-0.153557,0.289880,1.771408,2859.38,0.045130,4.6477,0.1541
17989,0.000106,0.131349,2295.08,1019.02,3234.38,0.703914,0.211765,-0.859563,-0.795265,-0.385607,-0.297169,0.396392,1.941214,3000.00,0.038237,4.7070,0.1196
17995,0.000111,0.154272,2278.49,1072.31,3328.12,0.656384,0.196078,-0.872454,-0.259701,-0.293998,-0.628006,0.226995,1.827163,3421.88,0.027815,3.6522,0.1689
18000,0.000096,0.221661,2271.35,1022.88,3234.38,0.693367,0.200000,-1.613269,-0.598594,0.011628,-0.224070,0.458738,1.965568,2953.12,0.028368,3.8932,0.0896
18005,0.000103,0.179986,2266.73,979.48,3234.38,0.752221,0.188235,-1.161050,-0.745223,-0.563928,-0.006492,0.439685,2.037008,2578.12,0.028221,4.3574,0.1005
18011,0.000100,0.177135,2225.25,956.00,3140.62,0.687325,0.203922,-0.623706,-0.645975,-1.128546,-0.098811,0.522062,1.974974,2578.12,0.029673,5.0316,0.1320
18016,0.000111,0.219448,2209.34,973.79,3046.88,0.692238,0.227451,-0.913853,-0.663165,-0.828851,0.136721,0.364980,1.904168,2859.38,0.029564,5.1813,0.1275
18021,0.000122,0.331720,2221.38,1016.37,3140.62,0.680464,0.172549,-1.218735,-0.336660,-0.277950,-0.142155,0.080167,1.895333,2812.50,0.037273,5.4171,0.1461
18027,0.000110,0.282268,2141.32,1089.06,3140.62,0.690908,0.200000,-0.782387,-0.303187,-0.122944,-0.527291,0.016573,1.719235,2812.50,0.034879,4.1397,0.1961
18032,0.000107,0.171030,2173.92,1090.95,3234.38,0.716182,0.149020,-1.052326,-0.430414,-0.045292,-0.287708,0.057707,1.758033,2812.50,0.026040,3.2436,0.1612
18037,0.000076,0.179986,2112.80,1128.43,3234.38,0.698186,0.274510,-1.185059,-0.077455,0.124219,-0.507293,-0.036545,1.682133,3234.38,0.029316,3.8669,0.1894
18043,0.000080,0.158856,2081.21,1113.07,3234.38,0.749556,0.172549,-1.124275,-0.284867,-0.076035,-0.272881,0.137470,1.620589,3281.25,0.026321,4.1655,0.1703
18048,0.000083,0.184494,2083.24,1085.66,3234.38,0.785196,0.239216,-1.907817,-0.524026,0.138487,0.159185,0.490354,1.643818,3281.25,0.020123,3.5349,0.0925
18053,0.000083,0.230000,2034.61,1141.40,3187.50,0.690126,0.200000,-1.494647,-0.267693,0.290193,-0.151583,0.139643,1.484088,2906.25,0.022530,4.0011,0.1554
18059,0.000073,0.238615,1766.35,1186.27,3000.00,0.717895,0.294118,-1.011931,0.146224,0.260728,-0.450184,-0.132278,1.187441,234.38,0.025299,4.6815,0.2768
18064,0.000074,0.123926,1647.22,1180.33,2906.25,0.710182,0.286275,-0.811732,0.135942,0.190197,-0.331411,-0.149376,0.966380,234.38,0.024389,5.0242,0.3216
18069,0.000063,0.180764,1621.77,1166.48,3000.00,0.740381,0.270588,-1.420743,-0.010811,0.487513,0.019125,-0.096962,1.021878,281.25,0.026669,6.2923,0.2354
18075,0.000073,0.174443,1541.24,1126.88,2906.25,0.755661,0.211765,-1.539770,0.186188,0.524459,-0.247069,0.131426,0.944765,281.25,0.022521,5.9098,0.2288
18080,0.000090,0.230589,1561.82,1143.03,2906.25,0.783086,0.180392,-0.889972,-0.117351,0.366636,-0.254978,-0.012542,0.908207,328.12,0.020859,4.9426,0.2786
18085,0.000098,0.281181,1265.18,1088.64,2765.62,0.675584,0.121569,-0.970971,0.172640,0.556061,-0.134207,-0.112244,0.488721,328.12,0.035131,7.3332,0.3572
18091,0.000085,0.191199,1178.11,1074.26,2671.88,0.648027,0.149020,-0.707515,0.105682,0.655555,-0.350462,-0.134543,0.431283,328.12,0.049953,10.8230,0.3895
18096,0.000070,0.136331,1100.49,1072.56,2531.25,0.595752,0.294118,-0.723138,0.322512,0.837164,-0.512206,-0.286364,0.362032,328.12,0.052267,12.1665,0.4407
18101,0.000072,0.155181,1250.19,1120.33,2812.50,0.610152,0.207843,-0.977178,0.055674,0.774039,-0.329138,-0.136865,0.613468,328.12,0.041031,11.0043,0.3320
18107,0.000066,0.212096,1221.94,1094.24,2765.62,0.664561,0.231373,-0.825275,-0.262237,0.714046,0.024473,-0.166387,0.515380,375.00,0.028046,8.1564,0.3278
18112,0.000076,0.226818,1089.69,1027.23,2484.38,0.605002,0.231373,-0.692860,-0.010329,0.666772,0.103627,-0.342956,0.275747,328.12,0.030286,8.4105,0.4212
18117,0.000072,0.159679,1170.85,1043.69,2625.00,0.648072,0.243137,-0.749653,-0.137674,0.709892,-0.195529,-0.022327,0.395290,328.12,0.034790,10.2159,0.3475
18123,0.000072,0.239443,1132.99,1010.70,2578.12,0.599634,0.266667,-1.372943,0.234568,0.838615,-0.192565,0.089198,0.403127,328.12,0.036427,10.1372,0.3068
18128,0.000069,0.181061,1188.33,1047.94,2625.00,0.633411,0.250980,-1.378851,0.115244,0.757319,0.023933,0.020685,0.461671,328.12,0.029793,8.5885,0.2946
18133,0.000070,0.318633,1148.39,1050.42,2578.12,0.659167,0.274510,-1.155781,0.165609,0.629168,0.286648,-0.255774,0.330129,421.88,0.019236,4.8410,0.3700
18139,0.000081,0.199041,1233.33,1067.95,2625.00,0.648789,0.149020,-1.052451,-0.230653,0.746688,0.145618,-0.234406,0.625204,375.00,0.026827,7.3842,0.3022
18144,0.000086,0.251345,1275.77,1104.98,2812.50,0.654623,0.160784,-1.205827,-0.015818,0.919532,-0.490673,0.132017,0.660767,375.00,0.031741,8.4820,0.2675
18149,0.000090,0.323500,1127.86,1082.34,2765.62,0.624022,0.137255,-1.108365,0.441783,0.789264,-0.283865,-0.111907,0.273091,281.25,0.044076,10.1136,0.3980
18155,0.000068,0.167385,1046.88,1010.65,2437.50,0.641987,0.243137,-1.042536,0.576454,0.701831,-0.171001,-0.138811,0.074060,281.25,0.048013,11.4121,0.4500
18160,0.000065,0.192150,1068.70,1007.80,2390.62,0.626057,0.266667,-0.975369,0.476499,0.614595,-0.192376,-0.088625,0.165275,281.25,0.037849,9.3971,0.4286
18165,0.000075,0.211430,1232.84,1070.23,2812.50,0.605644,0.160784,-1.265351,-0.164490,0.826171,0.054081,-0.050729,0.600316,328.12,0.028893,8.5676,0.2710
18171,0.000075,0.178590,1237.61,1084.86,2812.50,0.632306,0.278431,-1.160262,-0.037185,0.837946,-0.209387,-0.003865,0.572755,328.12,0.029964,8.9617,0.2925
18176,0.000077,0.160466,1179.01,1058.34,2718.75,0.657866,0.203922,-0.903946,-0.110999,0.839777,-0.224355,-0.040178,0.439699,328.12,0.034080,9.7782,0.3302
18181,0.000095,0.136108,1137.79,1047.48,2531.25,0.588953,0.145098,-0.844865,-0.073183,0.827911,-0.280210,-0.003503,0.373850,328.12,0.036799,11.1026,0.3443
18187,0.000082,0.272805,1036.99,1016.74,2390.62,0.602665,0.145098,-0.908385,0.251426,0.870338,-0.274044,-0.062137,0.122801,328.12,0.044327,11.2879,0.4112
18192,0.000093,0.267507,956.38,980.39,2250.00,0.583696,0.176471,-0.661797,0.413406,0.691473,-0.148324,-0.261305,-0.033454,281.25,0.040929,9.1312,0.5058
18197,0.000076,0.159729,1040.09,1031.33,2484.38,0.599884,0.133333,-1.018966,0.351280,0.873310,-0.265220,-0.166823,0.226419,328.12,0.039712,9.4901,0.4101
18203,0.000086,0.225806,1009.55,977.95,2250.00,0.607833,0.137255,-1.000628,0.356548,0.766072,-0.023688,-0.194466,0.096161,281.25,0.040745,8.9164,0.4322
18208,0.000082,0.164477,1077.84,1007.52,2437.50,0.596596,0.164706,-1.260209,0.139525,0.963093,-0.155751,0.029827,0.283514,328.12,0.039982,10.0213,0.3281
18213,0.000063,0.199912,1031.58,1008.88,2437.50,0.612917,0.301961,-0.832331,0.306455,0.776583,-0.178002,-0.116154,0.043449,281.25,0.039961,10.0651,0.4436
18219,0.000059,0.147162,1175.95,1082.88,2671.88,0.633890,0.301961,-0.592511,0.053343,0.621682,-0.152647,-0.247160,0.317293,328.12,0.030848,8.8962,0.4244
18224,0.000077,0.243535,1357.84,1073.92,2718.75,0.677987,0.231373,-1.203978,-0.370882,0.678654,0.035689,0.190589,0.669927,328.12,0.021792,6.6940,0.2283
18229,0.000072,0.237988,1275.89,1066.85,2671.88,0.709424,0.227451,-1.270465,-0.157350,0.670602,0.182913,-0.021111,0.595410,328.12,0.027049,7.4823,0.2687
18235,0.000082,0.195797,1209.87,1074.84,2718.75,0.653227,0.160784,-1.210495,-0.264131,0.923383,-0.072665,0.096563,0.527346,328.12,0.035988,10.6281,0.2594
18240,0.000086,0.291990,1080.83,1035.15,2578.12,0.603054,0.156863,-0.796213,0.206848,0.783393,-0.289756,-0.162218,0.257945,328.12,0.042098,11.0769,0.4152
18245,0.000093,0.265581,1094.98,1046.84,2625.00,0.636010,0.137255,-0.888798,0.145458,0.752675,-0.232949,-0.096100,0.319713,328.12,0.035480,7.9458,0.3814
18251,0.000070,0.296146,1068.20,978.03,2343.75,0.658811,0.243137,-0.858452,0.234746,0.593660,-0.072475,-0.035183,0.137705,281.25,0.031868,6.2206,0.4102
18256,0.000075,0.145246,1055.41,988.62,2484.38,0.604945,0.207843,-0.930422,0.223230,0.712936,-0.040248,-0.104426,0.138930,281.25,0.031228,7.0541,0.4083
18261,0.000069,0.151103,1249.41,1110.78,2765.62,0.609922,0.266667,-0.975293,-0.055961,0.699621,-0.157677,-0.096290,0.585599,328.12,0.032357,9.1435,0.3186
18267,0.000076,0.193771,1202.94,1111.08,2765.62,0.618681,0.188235,-1.173360,0.173815,0.803346,-0.126146,-0.174820,0.497165,328.12,0.034340,9.4353,0.3405
18272,0.000080,0.178056,1243.78,1075.85,2718.75,0.621429,0.192157,-1.523992,-0.021337,1.024166,-0.271758,0.132038,0.660882,328.12,0.035630,10.3804,0.2370
18277,0.000078,0.300612,1159.02,1047.14,2625.00,0.616661,0.196078,-1.273041,0.327163,0.799880,-0.160120,-0.057004,0.363123,281.25,0.038251,9.9146,0.3484
18283,0.000098,0.208057,1094.67,1023.44,2531.25,0.591229,0.137255,-1.224156,0.203317,0.813091,0.047354,-0.046447,0.206840,328.12,0.036508,8.8657,0.3565
18288,0.000082,0.211849,1131.23,1077.00,2625.00,0.614709,0.172549,-0.908515,0.073776,0.808200,-0.175881,-0.160453,0.362874,328.12,0.048477,11.5592,0.3732
18293,0.000074,0.192370,1227.69,1108.45,2718.75,0.611357,0.247059,-1.100360,-0.183361,1.049162,-0.249230,-0.208192,0.691983,328.12,0.041080,10.7996,0.2924
18299,0.000091,0.191962,1220.72,1066.77,2625.00,0.654980,0.235294,-1.218434,-0.079725,0.953132,-0.216097,-0.000959,0.562083,328.12,0.032901,8.5890,0.2830
18304,0.000092,0.352123,1112.81,1039.95,2578.12,0.655326,0.168627,-0.847685,0.381526,0.549612,-0.106128,-0.199028,0.221704,281.25,0.033168,7.5609,0.4392
18309,0.000075,0.279825,958.21,968.65,2203.12,0.625303,0.247059,-0.542814,0.386619,0.488038,0.017635,-0.223355,-0.126123,234.38,0.037790,7.0899,0.5241
18315,0.000064,0.199702,1073.27,1027.43,2484.38,0.630852,0.278431,-0.753824,0.189399,0.665983,-0.076359,-0.189576,0.164378,328.12,0.033784,7.6188,0.4330
18320,0.000081,0.141765,1328.87,1067.71,2812.50,0.694651,0.223529,-1.928225,-0.036981,0.782095,0.243886,0.217231,0.721994,328.12,0.032440,9.1392,0.1897
18325,0.000076,0.158812,1220.95,1032.13,2671.88,0.655619,0.254902,-2.158755,0.055737,0.857955,0.444721,0.226347,0.573995,328.12,0.029811,8.5252,0.1897
18331,0.000088,0.277772,1142.84,1002.30,2390.62,0.671315,0.207843,-0.855471,0.185697,0.410298,0.007393,0.107310,0.144774,281.25,0.032003,7.5510,0.3868
18336,0.000075,0.197211,1164.05,1075.18,2671.88,0.643552,0.196078,-0.784276,0.075662,0.551272,0.058437,-0.175984,0.274888,328.12,0.035223,7.7296,0.4004
18341,0.000100,0.224845,1150.83,1060.64,2671.88,0.626694,0.176471,-1.404635,-0.042557,0.883456,0.325278,-0.136722,0.375179,328.12,0.031672,7.0865,0.3009
18347,0.000072,0.291553,1170.54,1075.51,2765.62,0.637221,0.203922,-1.279465,0.170989,0.678635,0.403228,-0.373070,0.399683,281.25,0.027038,5.0155,0.3618
18352,0.000083,0.158955,1160.34,1060.14,2578.12,0.677063,0.203922,-1.240537,0.072185,0.713767,0.189066,-0.122159,0.387680,328.12,0.031759,6.7394,0.3281
18357,0.000075,0.123052,1216.65,1048.40,2671.88,0.683861,0.258824,-1.138645,-0.130495,0.780166,-0.065517,0.100802,0.453690,328.12,0.036234,9.3495,0.2866
18363,0.000075,0.166061,1204.00,1095.01,2812.50,0.671589,0.266667,-0.627418,-0.213053,0.681805,-0.046666,-0.231330,0.436661,328.12,0.040769,10.8763,0.3722
18368,0.000089,0.234582,1201.59,1066.64,2718.75,0.640741,0.137255,-1.123733,-0.097943,0.797551,0.026136,-0.058812,0.456801,328.12,0.037241,9.4158,0.3079
18373,0.000080,0.219614,1105.41,996.81,2390.62,0.604501,0.192157,-1.196657,0.080582,0.775688,0.222164,-0.141875,0.260098,281.25,0.033031,7.9637,0.3504
18379,0.000087,0.219332,1105.73,1045.59,2437.50,0.577387,0.172549,-0.956950,0.113031,0.900229,-0.136549,-0.330597,0.410836,328.12,0.042198,10.8815,0.3865
18384,0.000076,0.247478,1190.76,1045.04,2625.00,0.667306,0.211765,-1.281636,-0.322381,0.926871,0.107115,0.030210,0.539819,328.12,0.037881,9.0494,0.2522
18389,0.000095,0.325337,1041.91,919.69,2343.75,0.598504,0.180392,-1.520188,0.007294,0.801444,0.516743,0.036613,0.158094,281.25,0.029453,5.9210,0.2986
18395,0.000066,0.181003,993.23,954.78,2296.88,0.569579,0.188235,-0.803753,0.200730,0.696823,0.006525,-0.219801,0.119475,328.12,0.036392,8.3995,0.4375
18400,0.000071,0.160294,1024.76,1009.86,2343.75,0.586108,0.211765,-0.610542,0.298358,0.706249,-0.398488,-0.206069,0.210491,328.12,0.042323,10.8271,0.4605
18405,0.000104,0.170211,1284.44,1120.83,2859.38,0.687160,0.121569,-1.005854,-0.184286,0.814268,-0.320483,0.013590,0.682764,328.12,0.036641,11.2360,0.2802
18411,0.000057,0.300635,1033.26,1058.81,2625.00,0.531093,0.337255,-0.469756,0.204343,0.817215,-0.516932,-0.214016,0.179145,328.12,0.042535,10.6143,0.4712
18416,0.000070,0.226183,1089.94,1024.11,2578.12,0.628984,0.219608,-0.473032,0.038212,0.623389,-0.378344,0.014014,0.175761,328.12,0.040043,9.2241,0.4226
18421,0.000074,0.099653,1253.98,1058.42,2765.62,0.664374,0.258824,-0.820257,-0.155377,0.623621,-0.169391,0.021370,0.500034,328.12,0.026327,7.7758,0.3211
18427,0.000107,0.344425,1179.41,1015.94,2531.25,0.666051,0.152941,-1.234241,-0.272270,0.766391,0.371880,-0.008058,0.376298,421.88,0.025569,6.3247,0.2814
18432,0.000066,0.314332,1046.33,970.54,2250.00,0.586864,0.278431,-1.733635,0.254207,1.025008,0.068703,0.160547,0.225172,328.12,0.038876,8.4714,0.2824
18437,0.000090,0.174080,992.96,947.18,2109.38,0.609986,0.156863,-1.186743,0.139273,0.910863,-0.065127,0.169150,0.032586,328.12,0.036251,7.9922,0.3487
18443,0.000209,0.293825,940.76,966.32,2109.38,0.567349,0.086275,0.100474,0.361167,0.111154,-0.258442,-0.058480,-0.255874,140.62,0.033121,7.9371,0.5958
18448,0.000694,0.637325,865.43,905.43,1968.75,0.591493,0.015686,0.087417,0.463729,0.148505,-0.120161,-0.188147,-0.391343,93.75,0.091403,8.3801,0.6377
18453,0.000848,0.575425,732.67,862.91,1687.50,0.521165,0.019608,0.288763,0.804586,0.111601,-0.264248,-0.387793,-0.552909,140.62,0.247870,9.6487,0.7344
18459,0.000546,0.240456,500.54,722.80,1031.25,0.278775,0.031373,0.878652,1.310139,-0.007079,-0.564247,-0.700796,-0.916669,140.62,0.452753,17.3733,0.8702
18464,0.000614,0.320193,611.24,784.63,1359.38,0.390800,0.015686,0.651212,0.821945,0.109296,-0.283107,-0.411178,-0.888169,93.75,0.396793,13.5284,0.8000
18469,0.000832,0.129170,711.22,853.14,1593.75,0.493459,0.011765,0.376662,0.625919,0.102167,-0.165787,-0.320354,-0.618607,93.75,0.363272,12.7866,0.7253
18475,0.000823,0.269819,503.49,716.27,1125.00,0.243364,0.023529,0.836348,1.199459,0.064300,-0.499377,-0.632193,-0.968536,93.75,0.404183,14.6395,0.8604
18480,0.000737,0.243863,636.79,826.98,1500.00,0.445435,0.035294,0.578603,0.870633,0.112515,-0.438088,-0.403666,-0.719997,93.75,0.454852,14.1928,0.7835
18485,0.000831,0.121965,468.52,687.03,937.50,0.282668,0.047059,0.944258,1.207889,0.161865,-0.507379,-0.706818,-1.099815,93.75,0.475836,16.8124,0.8786
18491,0.000506,0.184456,431.83,612.35,796.88,0.238649,0.015686,0.974910,1.079399,0.562122,-0.318499,-0.986085,-1.311846,93.75,0.500108,17.1255,0.8981
18496,0.000624,0.124153,394.85,586.98,515.62,0.207565,0.011765,1.097602,1.305244,0.668377,-0.623166,-1.146092,-1.301966,140.62,0.403720,15.3957,0.9187
18501,0.000327,0.205618,541.21,724.95,1031.25,0.335458,0.011765,0.585054,1.055122,0.509391,-0.493077,-0.766748,-0.889743,140.62,0.359459,14.1527,0.8387
18507,0.000424,0.230013,831.69,905.19,1921.88,0.587374,0.062745,0.020320,0.587668,0.043525,-0.117635,-0.196294,-0.337583,187.50,0.251471,10.4133,0.6390
18512,0.000385,0.083740,661.42,810.36,1453.12,0.434054,0.031373,0.285227,0.839754,0.354293,-0.264747,-0.541031,-0.673495,140.62,0.200222,11.2591,0.7631
18517,0.000222,0.115021,483.77,677.57,750.00,0.267373,0.027451,0.688374,1.228177,0.617566,-0.418887,-1.056181,-1.059048,140.62,0.234744,16.9839,0.8825
18523,0.000206,0.178754,586.70,777.63,1218.75,0.346097,0.070588,0.432212,1.077606,0.469985,-0.474746,-0.663777,-0.841278,140.62,0.172423,12.8797,0.8187
18528,0.000224,0.200239,875.63,933.34,1968.75,0.583249,0.086275,-0.091929,0.488728,0.392879,-0.243080,-0.219420,-0.327178,93.75,0.099608,8.2936,0.6158
18533,0.000290,0.171598,850.52,934.53,2062.50,0.538443,0.058824,0.138922,0.488674,0.215790,-0.214388,-0.318858,-0.310138,93.75,0.113791,9.5108,0.6521
18539,0.000144,0.238442,643.10,860.88,1593.75,0.399529,0.070588,0.689343,0.925127,-0.036264,-0.436842,-0.572269,-0.569095,93.75,0.145163,13.0772,0.7987
18544,0.000156,0.125344,764.21,921.76,1875.00,0.515008,0.137255,0.531231,0.775719,-0.275984,-0.197011,-0.446033,-0.387921,93.75,0.123597,12.9452,0.7447
18549,0.000111,0.048169,757.53,930.99,1921.88,0.481657,0.152941,0.448712,0.777259,0.007819,-0.290975,-0.573912,-0.368904,93.75,0.077910,11.3762,0.7473
18555,0.000112,0.212088,907.04,1028.42,2296.88,0.554520,0.176471,0.037055,0.442328,0.406186,-0.331861,-0.424489,-0.129220,93.75,0.041395,6.5085,0.6263
18560,0.000127,0.292608,1112.67,1068.31,2671.88,0.656122,0.054902,-0.647491,0.083728,0.579250,-0.061248,-0.048080,0.093841,328.12,0.049133,6.9223,0.4244
18565,0.000087,0.182821,921.10,1022.70,2390.62,0.559835,0.235294,0.033440,0.512383,0.383653,-0.382097,-0.433525,-0.113855,93.75,0.039601,6.6414,0.6333
18571,0.000124,0.203400,901.35,979.91,2296.88,0.536194,0.098039,-0.008789,0.478877,0.340020,-0.150152,-0.573532,-0.086425,93.75,0.045539,8.0541,0.6376
18576,0.000095,0.129897,903.48,1001.49,2296.88,0.521958,0.207843,0.171968,0.557822,0.235023,-0.460335,-0.356452,-0.148026,93.75,0.046663,8.3292,0.6496
18581,0.000071,0.203147,933.59,1010.95,2156.25,0.526065,0.317647,0.161546,0.313392,0.190556,-0.259099,-0.238682,-0.167714,93.75,0.038142,7.3930,0.6084
18587,0.000089,0.170214,1022.31,1005.14,2250.00,0.633911,0.258824,-0.208980,-0.205723,0.405341,0.195133,-0.131165,-0.054607,375.00,0.023357,5.1583,0.4714
18592,0.000087,0.261131,1039.88,1043.30,2578.12,0.607025,0.231373,-0.189037,0.392628,0.420931,-0.377099,-0.304919,0.057496,328.12,0.030368,8.0619,0.5561
18597,0.000080,0.212942,1032.09,1009.94,2390.62,0.581863,0.270588,-0.282618,0.388641,0.512416,-0.509068,-0.136003,0.026633,328.12,0.032905,7.8445,0.5269
18603,0.000083,0.207283,1162.24,1069.96,2578.12,0.701873,0.270588,-0.367846,0.208824,0.348341,-0.284196,-0.072733,0.167608,93.75,0.021793,5.2742,0.4683
18608,0.000092,0.225427,1120.34,1063.42,2625.00,0.630605,0.266667,-0.196936,0.239328,0.190565,-0.302411,-0.147341,0.216795,93.75,0.025259,5.6916,0.4966
18613,0.000073,0.198638,1168.80,1059.90,2578.12,0.677597,0.294118,-0.486431,0.116752,0.496728,-0.423129,-0.052640,0.348721,328.12,0.026320,5.9712,0.4175
18619,0.000101,0.252986,1307.26,1100.02,2812.50,0.740635,0.160784,-1.323819,0.288986,0.585700,-0.121338,0.070679,0.499792,281.25,0.033138,7.4991,0.3095
18624,0.000076,0.215513,1270.79,1106.46,2812.50,0.675722,0.282353,-0.756687,0.295045,0.323371,-0.016304,-0.289531,0.444106,281.25,0.036813,7.6737,0.4236
18629,0.000078,0.134914,1162.25,1061.64,2718.75,0.680299,0.286275,-0.770541,0.275795,0.456976,-0.092174,-0.210102,0.340046,281.25,0.034341,8.0589,0.4225
18635,0.000065,0.162934,1274.02,1066.49,2765.62,0.697231,0.274510,-1.931785,0.198282,0.755653,0.280455,0.033537,0.663860,328.12,0.028765,7.5106,0.2287
18640,0.000062,0.138610,1345.07,1111.37,2906.25,0.694685,0.278431,-1.847466,0.123007,0.752771,0.246289,-0.069353,0.794752,328.12,0.025621,7.5131,0.2271
18645,0.000071,0.205705,1287.32,1119.07,2906.25,0.686862,0.270588,-0.813871,0.200864,0.348025,0.068450,-0.324051,0.520583,281.25,0.019955,5.8415,0.4002
18651,0.000086,0.254915,1295.79,1099.42,2812.50,0.689877,0.223529,-0.547157,0.092229,0.104829,0.096565,-0.214237,0.467772,140.62,0.018333,4.7982,0.4124
18656,0.000192,0.258640,1111.33,1087.83,2718.75,0.591094,0.047059,-0.342747,0.326234,0.413397,-0.224255,-0.466575,0.293947,140.62,0.030113,7.4757,0.5195
18661,0.000492,0.481954,739.34,968.50,2203.12,0.380775,0.011765,0.658665,1.064689,-0.001840,-0.791329,-0.799287,-0.130898,140.62,0.094721,15.3833,0.7903
18667,0.000938,0.525100,521.55,824.78,1125.00,0.315740,0.003922,1.223062,1.302585,-0.288626,-0.826528,-0.875574,-0.534919,140.62,0.240478,19.6562,0.8774
18672,0.000726,0.501044,449.83,722.39,796.88,0.267111,0.007843,1.154556,1.294024,0.014332,-0.633061,-0.953398,-0.876451,93.75,0.419785,17.5396,0.8947
18677,0.000717,0.180356,501.10,761.74,1031.25,0.330052,0.007843,1.069307,1.149073,0.037102,-0.588505,-0.843095,-0.823882,93.75,0.498272,18.0251,0.8746
18683,0.000629,0.123718,503.06,741.09,1031.25,0.300090,0.023529,0.978710,1.274309,-0.074053,-0.576642,-0.748718,-0.853606,140.62,0.457547,18.9484,0.8730
18688,0.000850,0.287478,629.20,798.97,1453.12,0.447451,0.023529,0.589843,0.869859,0.143650,-0.359564,-0.479620,-0.764167,93.75,0.390185,13.1751,0.7944
18693,0.000726,0.136695,455.32,692.47,890.62,0.243993,0.011765,1.018297,1.355949,0.085238,-0.693395,-0.761379,-1.004710,93.75,0.420878,16.3780,0.8880
18699,0.000872,0.230772,527.32,781.35,1171.88,0.353470,0.011765,0.932804,1.115930,0.021784,-0.541802,-0.685692,-0.843023,93.75,0.477077,17.9825,0.8568
18704,0.000811,0.132286,411.43,688.45,656.25,0.244221,0.023529,1.251589,1.204007,0.180571,-0.564772,-1.045726,-1.025668,93.75,0.535055,20.7824,0.9058
18709,0.000648,0.292929,541.89,770.13,1218.75,0.368605,0.003922,0.880587,1.119011,-0.007543,-0.511806,-0.673037,-0.807212,93.75,0.503777,15.7663,0.8507
18715,0.000649,0.294548,773.81,877.42,1781.25,0.564138,0.015686,0.252032,0.609774,0.154647,-0.188134,-0.328350,-0.499968,93.75,0.435467,11.1120,0.6995
18720,0.000404,0.062881,606.81,805.51,1406.25,0.378333,0.031373,0.620467,0.983042,0.088292,-0.374717,-0.609985,-0.707100,93.75,0.344804,12.2842,0.8116
18725,0.000599,0.198441,715.73,866.13,1640.62,0.471118,0.027451,0.286847,0.732011,0.193123,-0.235675,-0.380442,-0.595864,93.75,0.251085,10.0540,0.7306
18731,0.000466,0.118333,706.66,858.18,1593.75,0.471780,0.015686,0.360562,0.616403,0.332290,-0.271117,-0.454036,-0.584102,93.75,0.254724,10.0352,0.7325
18736,0.000578,0.162418,517.63,758.43,1078.12,0.328724,0.011765,0.898507,1.205183,0.174553,-0.664547,-0.798266,-0.815428,140.62,0.319602,16.4640,0.8651
18741,0.000540,0.055282,363.57,618.73,375.00,0.180554,0.015686,1.424730,1.724030,0.300131,-1.374710,-1.052840,-1.021341,140.62,0.369406,24.2192,0.9316
18747,0.000606,0.295105,549.19,771.25,1171.88,0.355347,0.015686,0.812014,1.172202,0.008652,-0.478253,-0.691272,-0.823343,140.62,0.331699,16.1950,0.8519
18752,0.000782,0.336934,699.14,841.00,1593.75,0.499441,0.011765,0.389226,0.742177,0.151121,-0.222879,-0.435485,-0.624160,93.75,0.344299,12.4281,0.7494
18757,0.000692,0.168846,528.46,746.89,1125.00,0.286612,0.007843,0.802879,1.223089,0.072151,-0.510021,-0.748494,-0.839605,140.62,0.382316,15.2854,0.8590
18763,0.000830,0.413204,694.20,851.81,1593.75,0.403800,0.023529,0.426665,0.737199,0.159136,-0.262827,-0.432494,-0.627680,93.75,0.394136,11.9235,0.7525
18768,0.000980,0.266245,775.23,871.42,1781.25,0.552664,0.003922,0.216387,0.483067,0.248012,-0.092498,-0.315952,-0.539016,93.75,0.440124,10.1008,0.6851
18773,0.000779,0.169544,571.42,764.67,1218.75,0.380623,0.011765,0.723098,1.034947,0.107677,-0.366014,-0.619568,-0.880142,93.75,0.490347,14.6140,0.8360
18779,0.000690,0.158916,444.97,627.39,843.75,0.276125,0.023529,1.039614,1.040214,0.273678,-0.252566,-0.698131,-1.402809,93.75,0.565009,17.8157,0.8900
18784,0.000549,0.053271,440.04,670.94,796.88,0.250531,0.027451,1.096238,1.211118,0.237422,-0.609369,-0.859216,-1.076194,93.75,0.496011,18.3534,0.8930
18789,0.000435,0.192224,642.09,812.03,1500.00,0.453821,0.062745,0.533052,0.819809,0.221795,-0.321295,-0.550179,-0.703182,93.75,0.386078,14.1205,0.7864
18795,0.000308,0.060626,548.78,775.33,1218.75,0.354641,0.027451,0.881274,1.052405,-0.080321,-0.404143,-0.694731,-0.754484,140.62,0.282933,14.9657,0.8444
18800,0.000215,0.047247,512.51,761.98,937.50,0.291115,0.074510,0.951525,1.289111,0.138542,-0.750854,-0.856670,-0.771655,140.62,0.249359,19.9845,0.8737
18805,0.000218,0.183796,620.13,837.73,1500.00,0.383446,0.086275,0.719550,0.892767,0.314621,-0.503286,-0.776333,-0.647319,93.75,0.145217,13.3542,0.8202
18811,0.000179,0.203572,772.26,913.64,1921.88,0.476835,0.113725,0.289080,0.650937,0.360568,-0.402263,-0.479685,-0.418636,93.75,0.107800,10.7502,0.7149
18816,0.000097,0.278143,927.24,942.36,2203.12,0.627709,0.219608,-0.114449,0.324055,0.294578,-0.114877,-0.214839,-0.174468,328.12,0.081243,6.8992,0.5743
18821,0.000116,0.091304,984.12,1010.33,2437.50,0.596237,0.152941,-0.289856,0.346118,0.493615,-0.283503,-0.306196,0.039822,375.00,0.044071,5.6743,0.5402
18827,0.000080,0.088598,957.87,994.55,2343.75,0.558706,0.235294,-0.323712,0.440295,0.585389,-0.475399,-0.236646,0.010073,328.12,0.040264,7.1590,0.5428
18832,0.000071,0.187542,983.15,960.59,2296.88,0.606404,0.270588,-0.195875,0.009671,0.458001,0.037850,-0.177987,-0.131661,328.12,0.038586,7.3107,0.5154
18837,0.000077,0.145960,1137.58,1079.25,2718.75,0.656592,0.262745,-0.263532,-0.036950,0.254296,0.140335,-0.233894,0.139744,93.75,0.020646,4.8699,0.4742
18843,0.000096,0.309555,1120.62,935.91,2296.88,0.671945,0.137255,-1.245727,-0.283180,0.530584,0.686615,0.206189,0.105518,281.25,0.020077,4.3086,0.2849
18848,0.000089,0.252821,1032.49,961.88,2250.00,0.631053,0.247059,-0.653149,0.022072,0.577417,0.039584,-0.072241,0.086317,328.12,0.035932,8.0230,0.4200
18853,0.000084,0.257487,956.04,1013.28,2343.75,0.575166,0.196078,-0.285743,0.522790,0.613046,-0.490732,-0.434632,0.075271,281.25,0.036405,7.5142,0.5740
18859,0.000063,0.174877,1100.85,1080.11,2578.12,0.649978,0.321569,-0.522202,0.306363,0.503547,-0.151455,-0.376287,0.240035,234.38,0.031336,6.7095,0.4901
18864,0.000076,0.141922,1116.79,1074.93,2625.00,0.623226,0.211765,-0.400958,0.167906,0.538310,-0.221471,-0.316182,0.232396,328.12,0.026402,7.3373,0.4814
18869,0.000070,0.206589,1159.96,1079.73,2671.88,0.645920,0.223529,-0.341098,0.005332,0.424949,-0.202017,-0.230170,0.343004,375.00,0.029223,8.0492,0.4442
18875,0.000067,0.206455,1215.57,1072.42,2765.62,0.697121,0.278431,-0.592481,-0.094935,0.433384,0.111581,-0.223785,0.366236,375.00,0.025494,6.8487,0.3977
18880,0.000081,0.265895,1247.14,1029.14,2625.00,0.743011,0.184314,-0.970482,-0.260356,0.473721,0.124020,0.223839,0.409259,328.12,0.023303,5.6643,0.2825
18885,0.000065,0.212779,1155.39,1056.75,2531.25,0.646309,0.309804,-0.824323,0.334311,0.541843,-0.211013,-0.201719,0.360900,281.25,0.028143,7.0623,0.4196
18891,0.000061,0.193556,1058.80,1030.71,2531.25,0.570052,0.301961,-0.585669,0.189769,0.686224,-0.160329,-0.323756,0.193761,328.12,0.030033,8.8571,0.4668
18896,0.000080,0.144500,1116.52,1005.22,2484.38,0.629605,0.207843,-0.796803,0.118170,0.559057,0.090034,-0.081865,0.111408,281.25,0.023783,8.1354,0.4124
18901,0.000087,0.300273,1093.58,1004.56,2437.50,0.644069,0.149020,-0.963584,0.209278,0.800882,-0.303239,0.068246,0.188416,281.25,0.031974,9.2245,0.3763
18907,0.000071,0.286284,1043.03,1028.42,2484.38,0.612120,0.266667,-0.667425,0.429527,0.609529,-0.219752,-0.215461,0.063585,281.25,0.035765,8.6538,0.4892
18912,0.000065,0.325613,1183.56,1046.86,2625.00,0.706256,0.317647,-0.829481,0.015490,0.453265,0.101989,-0.033959,0.292696,328.12,0.021753,4.2156,0.3690
18917,0.000060,0.093707,1278.40,1087.19,2671.88,0.718705,0.298039,-0.585369,0.096745,0.288786,-0.205886,-0.046902,0.452627,375.00,0.020861,5.3454,0.3900
18923,0.000079,0.197553,1152.83,1031.35,2671.88,0.627303,0.176471,-0.729633,0.260952,0.449401,-0.158347,-0.059918,0.237545,234.38,0.021492,6.2415,0.4199
18928,0.000078,0.266073,1132.99,1031.57,2625.00,0.669467,0.176471,-0.995812,0.305774,0.617869,-0.102956,-0.032213,0.207337,281.25,0.032544,9.2085,0.3935
18933,0.000064,0.234054,1122.11,1031.89,2484.38,0.657648,0.266667,-1.091625,0.381620,0.663712,-0.163284,-0.049918,0.259495,281.25,0.036530,9.3095,0.3870
18939,0.000064,0.214439,1179.46,1062.21,2578.12,0.656935,0.262745,-0.698258,0.192302,0.481149,-0.226588,-0.072076,0.323470,281.25,0.025203,6.1797,0.4064
18944,0.000064,0.159891,1180.95,1048.92,2578.12,0.652717,0.301961,-0.688847,-0.346427,0.630859,0.082044,-0.085948,0.408319,421.88,0.021802,6.3441,0.3365
18949,0.000070,0.253536,1200.05,1064.65,2625.00,0.709836,0.184314,-0.688829,-0.022662,0.330605,0.189374,-0.143045,0.334558,328.12,0.019630,5.3159,0.3890
18955,0.000099,0.195109,1223.09,1061.88,2718.75,0.699744,0.121569,-0.736552,-0.213261,0.596426,-0.143588,-0.010732,0.507708,375.00,0.027266,7.9494,0.3266
18960,0.000080,0.286869,1062.50,995.67,2484.38,0.603373,0.262745,-1.483717,0.139324,1.037052,-0.056931,0.077798,0.286474,328.12,0.036925,9.3830,0.2985
18965,0.000076,0.250891,1039.69,1005.55,2437.50,0.541666,0.258824,-1.047753,0.438188,0.881909,-0.476388,0.011653,0.192392,328.12,0.048519,11.6254,0.3997
18971,0.000077,0.175520,1189.54,1057.61,2765.62,0.654075,0.239216,-0.936257,-0.033648,0.725663,-0.178212,0.076715,0.345738,328.12,0.041077,10.7493,0.3327
18976,0.000083,0.197426,1098.50,996.94,2437.50,0.600292,0.176471,-1.164497,-0.002397,0.767952,0.276706,-0.043480,0.165715,328.12,0.032925,8.9701,0.3442
18981,0.000071,0.207604,1131.13,1046.78,2718.75,0.623704,0.294118,-1.451856,0.241918,0.871318,0.125192,-0.048045,0.261473,281.25,0.040138,10.9017,0.3292
18987,0.000070,0.160136,1273.42,1078.83,2812.50,0.648400,0.231373,-2.047164,0.425934,0.860876,0.071831,0.133629,0.554893,281.25,0.041581,12.0336,0.2396
18992,0.000083,0.175735,1272.65,1086.56,2812.50,0.715733,0.223529,-1.367144,0.229295,0.700864,-0.046445,-0.000658,0.484087,281.25,0.036724,10.7178,0.3078
18997,0.000058,0.212697,1091.65,1050.94,2531.25,0.579894,0.360784,-0.902641,0.338283,0.624972,-0.122702,-0.060439,0.122530,281.25,0.033997,9.8298,0.4223
19003,0.000066,0.297741,1032.61,977.15,2156.25,0.618381,0.337255,-0.720870,0.328950,0.471544,-0.142325,0.147002,-0.084299,234.38,0.024200,6.1226,0.4434
19008,0.000074,0.126556,1210.67,1017.64,2531.25,0.728801,0.294118,-0.936032,0.040904,0.495519,-0.221393,0.322706,0.298295,375.00,0.013359,4.5062,0.3191
19013,0.000068,0.252873,1293.91,1049.43,2625.00,0.700059,0.321569,-1.215819,0.176050,0.530028,-0.213998,0.183911,0.539829,281.25,0.017509,5.5142,0.2928
19019,0.000080,0.212246,1417.88,1074.37,2718.75,0.761660,0.313726,-1.185072,0.235051,0.352344,-0.415862,0.263225,0.750314,234.38,0.021139,6.2136,0.2725
19024,0.000084,0.239133,1385.53,1073.34,2765.62,0.751102,0.250980,-0.934787,-0.000942,0.348186,-0.176975,0.205473,0.559044,234.38,0.016492,4.9798,0.2994
19029,0.000070,0.364451,1098.25,985.60,2390.62,0.667122,0.321569,-0.676074,-0.049283,0.452747,0.025375,0.196941,0.050292,375.00,0.023428,5.3868,0.3808
19035,0.000080,0.204567,1329.17,1062.16,2671.88,0.726181,0.317647,-0.994001,-0.127955,0.428831,-0.113665,0.187819,0.618971,375.00,0.024071,5.6311,0.2760
19040,0.000072,0.149311,1512.79,1043.50,2765.62,0.778459,0.337255,-1.045990,-0.384779,0.187518,-0.114851,0.461608,0.896493,375.00,0.018728,4.8857,0.1987
19045,0.000090,0.242880,1440.09,1072.36,2765.62,0.792605,0.290196,-0.761700,-0.215127,0.132093,-0.097152,0.250996,0.690890,140.62,0.014172,3.6359,0.2770
19051,0.000072,0.229377,1338.35,1083.86,2718.75,0.739038,0.352941,-0.944740,0.183645,0.259331,-0.202626,0.159786,0.544604,281.25,0.019581,5.2896,0.3246
19056,0.000074,0.172467,1332.57,1100.09,2765.62,0.713954,0.364706,-1.032571,0.221083,0.387252,-0.165225,0.016785,0.572675,234.38,0.019404,5.4216,0.3317
19061,0.000077,0.183262,1503.51,1112.45,2953.12,0.748127,0.407843,-0.889028,-0.220324,0.215593,-0.163741,0.296486,0.761014,187.50,0.009535,3.1410,0.2529
19067,0.000078,0.221238,1431.22,1068.46,2812.50,0.811956,0.352941,-1.164478,-0.308903,0.284409,0.222894,0.368938,0.597141,468.75,0.010352,3.6036,0.2280
19072,0.000090,0.276646,1431.52,1033.54,2812.50,0.759116,0.337255,-1.343462,-0.567682,0.552683,0.173438,0.511849,0.673175,328.12,0.017188,5.1722,0.1754
19077,0.000081,0.248401,1345.07,1038.16,2671.88,0.728781,0.341176,-1.358801,0.064761,0.498324,-0.060871,0.280902,0.575684,328.12,0.022339,6.3770,0.2544
19083,0.000097,0.182476,1410.99,1053.97,2718.75,0.780947,0.262745,-1.497654,0.077941,0.433970,0.132821,0.130907,0.722015,281.25,0.022311,6.6321,0.2430
19088,0.000082,0.264178,1466.93,1099.39,2859.38,0.692137,0.333333,-1.917081,0.124486,0.721245,0.038188,0.214248,0.818915,281.25,0.024543,6.5638,0.1958
19093,0.000086,0.201705,1279.79,1021.12,2578.12,0.714719,0.313726,-1.415494,-0.079312,0.708291,0.151569,0.186732,0.448214,281.25,0.022383,5.9270,0.2564
19099,0.000085,0.206252,1284.72,1004.69,2531.25,0.692877,0.305882,-0.939447,-0.303984,0.541537,-0.068200,0.418483,0.351613,375.00,0.020457,5.6380,0.2676
19104,0.000080,0.234566,1416.09,1118.41,2953.12,0.699650,0.317647,-0.952602,-0.175683,0.337534,-0.056404,0.266417,0.580738,328.12,0.019585,5.4243,0.2714
19109,0.000079,0.232440,1362.36,1104.95,2953.12,0.776449,0.313726,-0.903382,-0.141694,0.297871,0.227910,0.012760,0.506535,328.12,0.015751,4.2616,0.3138
19115,0.000100,0.182344,1248.93,1081.91,2718.75,0.657551,0.247059,-1.150053,0.009098,0.730606,0.155121,-0.196748,0.451977,281.25,0.021894,6.7104,0.3322
19120,0.000086,0.308450,1089.73,1040.22,2578.12,0.620467,0.243137,-1.588593,0.432718,0.900115,0.209233,-0.211190,0.257717,281.25,0.037659,9.7491,0.3541
19125,0.000069,0.202004,1211.89,1104.86,2718.75,0.646615,0.333333,-1.473354,0.374806,0.897573,-0.224323,-0.107237,0.532536,281.25,0.041442,10.4281,0.3182
19131,0.000058,0.149359,1321.00,1086.69,2765.62,0.689176,0.403922,-1.498720,0.005269,0.849163,-0.115402,0.042586,0.717106,328.12,0.030416,8.7811,0.2448
19136,0.000067,0.152606,1554.36,1101.45,3000.00,0.793774,0.274510,-1.768770,-0.213307,0.598002,0.177736,0.250186,0.956154,281.25,0.011510,3.9041,0.1688
19141,0.000077,0.242241,1416.43,1109.26,2859.38,0.759158,0.235294,-1.355092,-0.038188,0.418426,0.123313,0.137728,0.713812,234.38,0.014788,4.8745,0.2456
19147,0.000084,0.297757,1165.57,1040.90,2671.88,0.710443,0.207843,-1.258592,0.153565,0.664927,0.168296,-0.085066,0.356869,281.25,0.023275,5.9836,0.3344
19152,0.000073,0.235639,1147.06,1050.40,2671.88,0.620145,0.196078,-1.117467,-0.072643,0.859374,0.206611,-0.303292,0.427418,328.12,0.032741,8.1585,0.3414
19157,0.000087,0.246508,1175.18,1050.06,2625.00,0.667427,0.196078,-1.324570,0.120306,0.684670,0.314930,-0.207355,0.412018,281.25,0.024588,5.7199,0.3308
19163,0.000066,0.194028,1063.83,982.07,2437.50,0.646496,0.258824,-1.042148,0.078677,0.655822,0.196618,-0.029991,0.141019,234.38,0.026305,5.9185,0.3688
19168,0.000072,0.212063,1100.63,1034.21,2578.12,0.629013,0.211765,-0.871558,0.100226,0.734559,-0.070669,-0.088130,0.195573,328.12,0.030448,7.6190,0.3919
19173,0.000086,0.157957,1171.49,1023.49,2671.88,0.692715,0.149020,-0.714454,-0.254232,0.566170,0.143082,-0.049698,0.309131,328.12,0.031160,8.4411,0.3511
19179,0.000064,0.233330,1152.71,1038.00,2625.00,0.613308,0.243137,-1.093691,-0.179684,0.940017,-0.030020,-0.108869,0.472248,328.12,0.035070,9.3228,0.3061
19184,0.000071,0.246526,1136.99,1046.66,2531.25,0.646921,0.250980,-0.976341,0.026040,0.705739,0.145898,-0.214738,0.313402,328.12,0.029754,7.2190,0.3718
19189,0.000073,0.110646,1173.93,1052.23,2625.00,0.669067,0.270588,-1.048977,-0.032803,0.641957,0.030194,0.068116,0.341513,328.12,0.028678,8.4595,0.3218
19195,0.000065,0.253560,1243.83,1085.74,2812.50,0.677453,0.282353,-1.403924,-0.061037,0.885619,-0.144223,0.166832,0.556732,375.00,0.027664,8.2170,0.2508
19200,0.000081,0.204299,1160.70,1050.05,2578.12,0.658937,0.125490,-1.097935,-0.064748,0.784456,-0.029637,0.041189,0.366675,328.12,0.030282,8.5830,0.3132
19205,0.000090,0.206589,1194.54,1073.89,2671.88,0.639186,0.145098,-0.925461,0.007977,0.796019,-0.417441,0.099111,0.439795,328.12,0.043017,12.0166,0.3256
19211,0.000067,0.271275,1131.69,1064.66,2671.88,0.594003,0.258824,-1.072425,0.180638,0.843050,-0.168110,-0.172654,0.389503,328.12,0.039796,9.5377,0.3649
19216,0.000060,0.219898,1013.23,1001.34,2484.38,0.588500,0.384314,-0.763976,0.323658,0.659456,-0.032412,-0.207236,0.020509,281.25,0.033076,8.0658,0.4683
19221,0.000066,0.183826,1268.11,1071.80,2718.75,0.739340,0.243137,-0.812725,-0.160857,0.524917,-0.033954,0.004277,0.478343,328.12,0.020833,6.0323,0.3256
19227,0.000094,0.178793,1384.44,1071.02,2765.62,0.728821,0.172549,-1.490675,-0.216840,0.654880,0.108326,0.226587,0.717724,328.12,0.026159,8.3770,0.2098
19232,0.000080,0.316819,1076.79,996.28,2390.62,0.567787,0.223529,-1.440819,0.214195,0.909081,0.032929,0.051735,0.232879,328.12,0.039696,10.8298,0.3196
19237,0.000071,0.231093,1063.01,1005.38,2343.75,0.603016,0.298039,-1.167807,0.284420,0.807217,0.039691,-0.139736,0.176215,281.25,0.044715,10.2850,0.3870
19243,0.000051,0.215395,1206.64,1018.39,2531.25,0.733794,0.403922,-1.521487,0.104175,0.626757,0.326345,0.067827,0.396384,281.25,0.031652,7.3333,0.2807
19248,0.000078,0.151971,1346.73,1104.65,2812.50,0.694614,0.168627,-1.147984,-0.148029,0.606052,0.058701,-0.041005,0.672265,328.12,0.021616,6.5968,0.2762
19253,0.000078,0.212432,1257.07,1127.76,2765.62,0.650329,0.215686,-0.591764,0.088576,0.618312,-0.411918,-0.304701,0.601494,328.12,0.024519,7.5863,0.4013
19259,0.000086,0.288217,1040.81,983.89,2484.38,0.599323,0.254902,-0.893735,-0.089641,0.859260,0.071025,-0.197288,0.250379,375.00,0.029650,7.7846,0.3733
19264,0.000060,0.293024,1105.23,1016.14,2578.12,0.637386,0.298039,-1.779871,0.351023,0.913629,0.260690,-0.089505,0.344036,281.25,0.035214,8.0577,0.3012
19269,0.000082,0.125784,1157.48,1045.73,2671.88,0.654293,0.188235,-1.368778,0.195424,0.809260,0.066253,-0.112499,0.410342,328.12,0.031308,8.3529,0.3240
19275,0.000080,0.179879,1021.81,964.29,2296.88,0.569760,0.156863,-1.467767,0.085182,0.978450,0.366069,-0.282115,0.320182,328.12,0.034425,9.4922,0.3295
19280,0.000087,0.226267,1013.08,948.71,2250.00,0.567592,0.172549,-1.639896,0.192363,0.958523,0.440446,-0.133998,0.182560,328.12,0.034227,8.7563,0.3212
19285,0.000088,0.253473,1093.19,993.62,2437.50,0.630958,0.188235,-1.544721,-0.047479,0.991048,0.181133,0.021320,0.398698,328.12,0.045132,10.8609,0.2677
19291,0.000082,0.238088,1078.71,961.60,2343.75,0.616204,0.188235,-1.467306,-0.051299,0.782904,0.389850,0.142317,0.203534,328.12,0.045993,9.9874,0.2825
19296,0.000089,0.206346,1136.10,1006.76,2625.00,0.633545,0.137255,-1.510728,0.168226,0.795371,0.092863,0.226599,0.227672,328.12,0.038234,8.4062,0.2894
19301,0.000081,0.186390,1133.57,1044.18,2578.12,0.616071,0.207843,-1.008199,0.245379,0.717739,-0.224555,-0.110539,0.380173,328.12,0.040423,10.1256,0.3737
19307,0.000062,0.206869,1024.26,993.51,2390.62,0.558928,0.317647,-1.398027,0.585708,0.919270,-0.258127,-0.143445,0.294622,281.25,0.043132,10.9740,0.3818
19312,0.000085,0.164720,1172.59,1054.60,2625.00,0.636970,0.184314,-1.381187,0.474801,0.858636,-0.444006,0.006115,0.485643,281.25,0.030097,9.1837,0.3320
19317,0.000072,0.247000,1173.50,1044.83,2578.12,0.601696,0.192157,-1.447522,0.265624,0.904679,-0.007454,-0.163833,0.448508,281.25,0.031624,8.6705,0.3245
19323,0.000075,0.276875,1126.27,1015.58,2531.25,0.678490,0.258824,-1.069897,0.228615,0.621440,0.172385,-0.135645,0.183103,281.25,0.032244,7.2158,0.3907
19328,0.000063,0.148122,1105.55,1064.62,2718.75,0.624764,0.309804,-0.954690,0.113673,0.786170,0.104813,-0.297580,0.247614,328.12,0.026702,6.6891,0.4024
19333,0.000073,0.143369,1232.08,1042.55,2718.75,0.667762,0.168627,-1.676801,-0.418223,0.961985,0.219944,0.266682,0.646414,328.12,0.035303,11.5490,0.1818
19339,0.000077,0.257219,1112.32,989.04,2390.62,0.612461,0.219608,-1.555423,0.256223,0.847545,-0.033592,0.112908,0.372338,328.12,0.029303,8.8075,0.2907
19344,0.000072,0.286832,1043.80,978.35,2296.88,0.640701,0.211765,-1.068509,0.459790,0.645480,-0.088156,-0.028072,0.079466,281.25,0.034662,9.1040,0.4182
19349,0.000076,0.180993,1104.23,1038.29,2531.25,0.617329,0.227451,-1.051167,0.281672,0.759771,-0.167114,-0.076837,0.253675,281.25,0.031457,8.9538,0.3839
19355,0.000061,0.208729,1156.07,1018.65,2578.12,0.656548,0.305882,-1.498962,0.309044,0.733948,-0.016581,0.165521,0.307029,281.25,0.028518,8.1599,0.3034
19360,0.000071,0.279097,1264.94,1044.79,2671.88,0.713521,0.258824,-1.666748,0.130477,0.759755,-0.044653,0.314812,0.506356,234.38,0.021504,5.5077,0.2353
19365,0.000077,0.171451,1369.74,1117.78,2906.25,0.706745,0.192157,-1.266727,0.002783,0.700282,-0.287730,0.232594,0.618796,328.12,0.024079,7.3899,0.2578
19371,0.000091,0.281052,1190.28,1070.65,2578.12,0.631757,0.184314,-0.958957,0.092051,0.829513,-0.518210,0.130066,0.425536,375.00,0.031151,8.9919,0.3293
19376,0.000072,0.256883,1086.15,1050.46,2484.38,0.561562,0.270588,-1.136775,0.293016,0.986486,-0.304975,-0.131474,0.293722,328.12,0.039282,10.1187,0.3768
19381,0.000084,0.203848,1054.69,1003.24,2437.50,0.599689,0.215686,-1.323881,0.199131,0.998311,-0.016790,-0.058666,0.201896,375.00,0.033338,8.4821,0.3466
19387,0.000095,0.220046,1106.12,1059.66,2671.88,0.619680,0.129412,-1.110447,0.357821,0.883996,-0.193190,-0.292479,0.354301,328.12,0.035556,8.3166,0.3996
19392,0.000065,0.144057,1092.07,1046.14,2578.12,0.580786,0.274510,-1.221553,0.311823,0.991071,-0.376881,-0.128337,0.423877,328.12,0.048481,12.5590,0.3537
19397,0.000075,0.147757,1108.51,1043.96,2625.00,0.596715,0.227451,-1.737524,0.216478,1.069442,0.132429,-0.148787,0.467962,328.12,0.044109,12.0461,0.2849
19403,0.000092,0.170092,1148.99,1038.10,2671.88,0.569345,0.160784,-1.585261,-0.500423,1.069208,0.339346,0.097267,0.579863,328.12,0.037440,12.0334,0.2008
19408,0.000071,0.328895,954.91,962.57,2250.00,0.523584,0.294118,-1.033428,0.287680,0.905529,-0.112226,-0.113952,0.066397,328.12,0.040018,10.2217,0.4136
19413,0.000063,0.243785,1033.28,974.55,2390.62,0.650348,0.301961,-0.808551,0.339870,0.544749,-0.040553,-0.091687,0.056171,281.25,0.036423,8.6188,0.4461
19419,0.000090,0.139954,1180.06,1051.22,2625.00,0.682958,0.192157,-0.470818,0.156670,0.282994,-0.179696,-0.064042,0.274893,281.25,0.021842,6.0264,0.4347
19424,0.000082,0.282487,1041.08,1034.48,2531.25,0.627266,0.152941,-0.563720,0.437491,0.410710,-0.088273,-0.232021,0.035813,281.25,0.029109,6.7978,0.5087
19429,0.000065,0.171047,1077.51,1063.41,2531.25,0.574295,0.262745,-0.753062,0.353814,0.628355,-0.250837,-0.207062,0.228793,328.12,0.036170,9.0259,0.4476
19435,0.000065,0.178095,1049.60,1010.05,2390.62,0.596951,0.254902,-1.696017,0.510335,0.912693,0.074972,-0.103874,0.301891,281.25,0.033031,9.0116,0.3336
19440,0.000081,0.188072,1149.62,1038.70,2671.88,0.640103,0.203922,-1.128449,0.040983,0.790784,-0.259914,0.146291,0.410303,328.12,0.026781,8.7058,0.3053
19445,0.000085,0.299296,1164.12,1037.85,2531.25,0.638992,0.184314,-0.763882,-0.106509,0.752296,-0.384352,0.072448,0.429999,328.12,0.034436,10.0561,0.3348
19451,0.000070,0.247883,1141.33,1051.78,2578.12,0.622953,0.274510,-0.868187,0.193062,0.698502,-0.333270,-0.062336,0.372229,328.12,0.040729,10.2407,0.3793
19456,0.000087,0.194805,1289.83,1090.24,2765.62,0.689319,0.168627,-1.286554,0.302365,0.663018,-0.360878,0.097554,0.584495,281.25,0.036762,9.7250,0.3030
19461,0.000077,0.206603,1115.80,983.77,2390.62,0.646746,0.172549,-1.823922,0.143878,0.958197,0.197026,0.088145,0.436675,328.12,0.038736,10.1409,0.2493
19467,0.000081,0.212753,1082.48,980.01,2437.50,0.584750,0.247059,-1.147099,-0.235065,0.991694,-0.059457,0.077828,0.372098,328.12,0.043392,12.0052,0.2858
19472,0.000070,0.194863,1166.63,1101.47,2718.75,0.598146,0.270588,-1.076989,0.205852,0.974963,-0.537244,-0.090489,0.523906,328.12,0.037492,10.1983,0.3425
19477,0.000076,0.151122,1175.69,1076.27,2812.50,0.602760,0.180392,-1.123836,-0.057306,0.861260,-0.129616,0.045796,0.403702,375.00,0.029940,9.2653,0.3068
19483,0.000078,0.259452,1238.06,1068.05,2765.62,0.641407,0.219608,-1.935067,0.107748,1.073781,-0.190426,0.285826,0.658139,328.12,0.036838,10.4768,0.2001
19488,0.000070,0.263386,1306.71,1092.21,2718.75,0.680619,0.215686,-1.577675,0.278311,0.791825,-0.249334,0.174844,0.582030,281.25,0.035717,9.2514,0.2634
19493,0.000077,0.233387,1277.28,1057.20,2625.00,0.706340,0.223529,-1.006593,-0.031073,0.568033,-0.165225,0.186467,0.448392,328.12,0.035389,9.1360,0.3023
19499,0.000078,0.129340,1159.13,1001.30,2437.50,0.654203,0.160784,-0.944973,-0.256139,0.687789,0.023607,0.222195,0.267520,328.12,0.037175,11.0165,0.3004
19504,0.000074,0.274944,1103.62,978.97,2484.38,0.635296,0.247059,-1.485461,0.054143,0.772411,0.357239,0.091784,0.209885,328.12,0.035192,9.0432,0.2960
19509,0.000073,0.135807,1132.90,1010.34,2578.12,0.609222,0.239216,-1.355220,0.249180,0.766122,0.014563,-0.022722,0.348078,281.25,0.036505,10.3094,0.3283
19515,0.000096,0.213183,1113.52,1057.18,2625.00,0.607771,0.145098,-0.883775,0.489507,0.619784,-0.257459,-0.238591,0.270535,281.25,0.038347,11.1117,0.4469
19520,0.000097,0.242682,1132.26,1092.33,2718.75,0.615786,0.137255,-0.940331,0.487915,0.779165,-0.321109,-0.328622,0.322984,281.25,0.047675,13.0066,0.4444
19525,0.000077,0.224780,970.85,989.64,2296.88,0.516178,0.254902,-1.123090,0.520398,1.045641,-0.321593,-0.278536,0.157179,281.25,0.054654,13.4626,0.4401
19531,0.000065,0.303948,1029.85,982.64,2390.62,0.648435,0.282353,-0.783086,0.293702,0.648758,-0.100954,-0.118713,0.060295,281.25,0.041424,8.5890,0.4463
19536,0.000070,0.134830,1242.87,1070.37,2625.00,0.690274,0.250980,-1.029289,-0.073116,0.697396,-0.210804,0.059435,0.556379,328.12,0.031291,8.3202,0.2975
19541,0.000060,0.154783,1268.44,1031.76,2671.88,0.669655,0.329412,-1.968274,-0.128489,0.848617,0.175438,0.376091,0.696616,328.12,0.030268,8.7512,0.1701
19547,0.000094,0.169967,1291.26,1071.93,2718.75,0.679778,0.121569,-1.364350,-0.326279,0.783131,-0.014142,0.284246,0.637392,375.00,0.029400,8.7564,0.2131
19552,0.000081,0.292799,1084.21,1037.75,2531.25,0.606078,0.137255,-1.511249,0.325462,0.953520,0.018982,-0.154637,0.367923,328.12,0.033402,9.3072,0.3319
19557,0.000066,0.239846,1074.77,1017.47,2578.12,0.599272,0.243137,-1.652675,0.434859,0.907964,0.179298,-0.207145,0.337700,281.25,0.044055,11.3161,0.3376
19563,0.000073,0.193521,1107.00,1030.09,2671.88,0.581504,0.266667,-1.173821,0.118328,0.879790,0.024222,-0.190245,0.341726,328.12,0.036551,10.5293,0.3535
19568,0.000082,0.250341,1070.75,961.72,2343.75,0.618891,0.231373,-1.068421,0.122526,0.632861,0.111672,0.023375,0.177988,328.12,0.030534,8.2055,0.3604
19573,0.000087,0.218997,1128.91,1000.41,2484.38,0.645873,0.168627,-1.500602,-0.101476,0.940976,0.049099,0.189891,0.422111,328.12,0.039319,10.7740,0.2484
19579,0.000074,0.175790,1093.27,1054.82,2671.88,0.553034,0.274510,-1.146374,0.181548,0.972597,-0.371024,0.083059,0.280194,328.12,0.043473,11.9314,0.3398
19584,0.000069,0.274385,1183.05,1085.49,2765.62,0.595536,0.211765,-0.769171,0.167988,0.702475,-0.298090,-0.225416,0.422215,328.12,0.037255,8.8062,0.4016
19589,0.000073,0.216804,1338.69,1076.78,2765.62,0.697496,0.239216,-0.789387,-0.188745,0.439070,-0.118827,-0.019735,0.677625,375.00,0.022671,5.3281,0.3062
19595,0.000225,0.323069,1328.72,1040.71,2765.62,0.720004,0.109804,-0.663829,0.001287,0.169151,-0.069187,0.099223,0.463355,234.38,0.021863,4.4035,0.3515
19600,0.000474,0.471947,832.27,974.70,2109.38,0.498743,0.019608,0.422047,0.766009,-0.074863,-0.584118,-0.347350,-0.181726,140.62,0.090192,11.1312,0.7024
19605,0.000805,0.483194,588.74,825.71,1500.00,0.358203,0.023529,0.913092,1.114146,-0.041100,-0.834814,-0.608140,-0.543184,140.62,0.216498,15.4056,0.8305
19611,0.000735,0.416796,545.31,764.23,1265.62,0.352885,0.011765,0.867933,1.149423,0.088699,-0.767584,-0.568171,-0.770301,140.62,0.372760,15.6257,0.8426
19616,0.000627,0.241371,556.99,762.58,1218.75,0.340147,0.023529,0.743117,1.192953,0.025207,-0.548985,-0.592516,-0.819777,140.62,0.454203,16.0820,0.8421
19621,0.000962,0.341898,728.04,840.50,1687.50,0.517699,0.003922,0.281767,0.669555,0.190692,-0.228657,-0.310076,-0.603280,93.75,0.402568,11.2023,0.7175
19627,0.000722,0.131472,549.11,757.08,1218.75,0.352391,0.007843,0.809606,1.080976,0.011550,-0.429270,-0.663022,-0.809841,93.75,0.452602,15.1773,0.8431
19632,0.000885,0.235782,585.23,810.25,1359.38,0.381440,0.015686,0.815939,0.906351,-0.008516,-0.293715,-0.665157,-0.754902,93.75,0.499994,15.8053,0.8280
19637,0.000897,0.244195,681.64,845.32,1546.88,0.474284,0.003922,0.398725,0.673678,0.231121,-0.195382,-0.466962,-0.641180,93.75,0.464002,12.7636,0.7484
19643,0.000859,0.245302,484.25,699.91,843.75,0.254953,0.011765,0.833453,1.161181,0.444444,-0.538804,-0.957674,-0.942600,93.75,0.497242,14.2948,0.8752
19648,0.000691,0.147412,523.06,764.36,1125.00,0.322956,0.015686,0.853493,1.074838,0.406420,-0.742037,-0.705272,-0.887443,93.75,0.528357,16.2631,0.8533
19653,0.000897,0.075774,436.57,667.40,609.38,0.250261,0.003922,1.003182,1.205772,0.534732,-0.589482,-1.095085,-1.059119,93.75,0.510402,16.9518,0.8986
19659,0.000638,0.142832,459.37,672.48,750.00,0.251729,0.011765,0.955800,1.051393,0.619616,-0.501855,-1.115558,-1.009396,93.75,0.527853,17.3462,0.8876
19664,0.000695,0.129370,550.97,752.31,1125.00,0.352032,0.015686,0.800301,0.792358,0.444399,-0.436302,-0.797846,-0.802910,93.75,0.491443,14.8490,0.8316
19669,0.000589,0.124087,473.67,669.85,703.12,0.267986,0.023529,0.801375,1.179091,0.619009,-0.596837,-1.076910,-0.925728,140.62,0.379153,14.5691,0.8799
19675,0.000328,0.061220,433.79,624.83,468.75,0.191580,0.082353,0.875769,1.437798,0.888343,-0.961124,-1.372083,-0.868703,140.62,0.374113,18.1368,0.9070
19680,0.000270,0.125531,451.71,628.00,515.62,0.218086,0.054902,0.738561,1.184597,0.885980,-0.549045,-1.268556,-0.991536,140.62,0.260224,13.6469,0.8901
19685,0.000279,0.185666,659.74,806.16,1453.12,0.411112,0.086275,0.370303,0.627142,0.463868,-0.248049,-0.541325,-0.671939,93.75,0.171542,11.4474,0.7513
19691,0.000279,0.243800,859.98,888.32,1921.88,0.594499,0.074510,-0.007263,0.262303,0.350551,0.029458,-0.212405,-0.422643,93.75,0.145799,8.6240,0.6095
19696,0.000158,0.109636,716.35,862.60,1687.50,0.449391,0.109804,0.388140,0.681243,0.181455,-0.147623,-0.514789,-0.588426,93.75,0.141316,10.9145,0.7477
19701,0.000158,0.149933,736.26,857.60,1734.38,0.484969,0.113725,0.264689,0.625294,0.228610,-0.079675,-0.396264,-0.642654,93.75,0.117996,10.0340,0.7240
19707,0.000133,0.060236,775.00,913.76,1828.12,0.502212,0.105882,0.289791,0.639514,0.247635,-0.291356,-0.457508,-0.428076,140.62,0.074042,9.3560,0.7125
19712,0.000118,0.165743,750.27,844.57,1687.50,0.470560,0.145098,-0.198111,0.523217,0.668453,-0.077683,-0.422128,-0.493747,187.50,0.052519,7.2117,0.6503
19717,0.000108,0.318845,965.92,910.14,2062.50,0.596230,0.121569,-0.765986,0.034302,0.634030,0.223981,0.005660,-0.131986,328.12,0.063113,8.6024,0.4249
19723,0.000082,0.129080,918.73,965.37,2156.25,0.573119,0.266667,-0.455252,0.436875,0.641235,-0.155032,-0.352059,-0.115766,281.25,0.049401,8.4069,0.5559
19728,0.000090,0.173498,1022.36,1051.36,2531.25,0.638142,0.258824,-0.503714,0.515752,0.425911,-0.171693,-0.368952,0.102694,187.50,0.040537,8.3452,0.5347
19733,0.000084,0.141916,934.26,1007.56,2343.75,0.555017,0.203922,-0.417172,0.564719,0.553537,-0.233683,-0.459238,-0.008163,187.50,0.036360,7.7289,0.5763
19739,0.000085,0.242362,1049.14,972.69,2343.75,0.617318,0.235294,-0.541157,0.152067,0.360923,-0.119325,0.062886,0.084607,375.00,0.031578,6.7994,0.4333
19744,0.000133,0.255328,1175.42,1060.31,2578.12,0.691028,0.141176,-0.263727,0.157771,0.197653,-0.387200,0.022041,0.273462,140.62,0.029766,5.3656,0.4500
19749,0.000350,0.375212,1156.99,1082.08,2671.88,0.677540,0.054902,0.029094,0.258085,0.111340,-0.362693,-0.268107,0.232280,140.62,0.057009,7.4115,0.5403
19755,0.000677,0.457148,839.10,953.80,2015.62,0.500490,0.011765,0.326903,0.836321,-0.036444,-0.621086,-0.210542,-0.295152,140.62,0.153553,11.9839,0.6973
19760,0.000737,0.385561,645.43,847.22,1781.25,0.384282,0.003922,0.800451,1.070641,-0.307643,-0.718477,-0.311946,-0.533026,140.62,0.313478,17.5782,0.7954
19765,0.000626,0.370273,628.18,825.31,1640.62,0.392539,0.023529,0.886108,0.955474,-0.277594,-0.647659,-0.320912,-0.595417,140.62,0.409999,15.6164,0.7988
19771,0.000794,0.145914,589.17,802.23,1453.12,0.340775,0.003922,0.825862,1.046967,-0.023866,-0.610403,-0.500103,-0.738456,93.75,0.416360,15.4840,0.8257
19776,0.000991,0.324586,711.09,856.90,1687.50,0.504576,0.003922,0.376136,0.696517,0.231780,-0.322586,-0.363062,-0.618786,93.75,0.433958,12.8421,0.7364
19781,0.000679,0.196053,495.13,704.50,984.38,0.282658,0.039216,0.806177,0.981994,0.489805,-0.507899,-0.740427,-1.029650,93.75,0.517364,14.6537,0.8556
19787,0.000788,0.235817,601.95,772.30,1312.50,0.389630,0.007843,0.575023,0.848634,0.314247,-0.344045,-0.609162,-0.784697,93.75,0.451078,12.1910,0.8036
19792,0.000911,0.295653,808.00,857.70,1781.25,0.574453,0.011765,-0.004592,0.386573,0.387569,-0.019619,-0.243602,-0.506329,93.75,0.399363,8.7317,0.6378
19797,0.000476,0.116727,607.20,772.25,1312.50,0.394723,0.039216,0.565131,0.899011,0.263026,-0.336526,-0.588729,-0.801913,140.62,0.430526,12.3110,0.8065
19803,0.000479,0.133021,533.91,731.52,984.38,0.335442,0.035294,0.639571,0.951157,0.554319,-0.260552,-0.977547,-0.906948,93.75,0.380503,12.4272,0.8504
19808,0.000296,0.065409,561.01,735.39,1031.25,0.339843,0.066667,0.574221,0.631133,0.535454,0.075632,-0.817167,-0.999272,93.75,0.292204,13.7961,0.8192
19813,0.000315,0.148060,515.14,668.61,796.88,0.278508,0.109804,0.544069,0.900722,0.684435,-0.148069,-0.830957,-1.150201,93.75,0.198949,10.9845,0.8472
19819,0.000231,0.060857,604.17,778.14,1312.50,0.371730,0.019608,0.359224,0.853177,0.594561,-0.185875,-0.802110,-0.818977,93.75,0.152807,11.3591,0.8048
19824,0.000274,0.144225,552.48,778.00,1125.00,0.332984,0.050980,0.604563,1.164054,0.493756,-0.648589,-0.890524,-0.723260,140.62,0.158315,12.7991,0.8444
19829,0.000189,0.069327,618.99,849.88,1546.88,0.355984,0.058824,0.693859,1.102125,0.128294,-0.613669,-0.687812,-0.622798,140.62,0.163627,17.3563,0.8254
19835,0.000088,0.203020,627.62,858.42,1687.50,0.377799,0.203922,0.761878,0.869101,0.071423,-0.466199,-0.657372,-0.578831,93.75,0.127239,14.4901,0.8075
19840,0.000106,0.086713,714.41,928.56,1968.75,0.430354,0.227451,0.679514,0.776543,0.138953,-0.611278,-0.709130,-0.274601,93.75,0.085498,13.0668,0.7720
19845,0.000115,0.162176,880.21,1010.92,2296.88,0.522053,0.121569,0.002539,0.663839,0.464028,-0.415335,-0.667778,-0.047293,93.75,0.044954,8.8226,0.6661
19851,0.000093,0.230371,825.46,961.38,2015.62,0.504877,0.176471,-0.063293,0.708592,0.523972,-0.382686,-0.504563,-0.282022,234.38,0.042177,7.2620,0.6717
19856,0.000084,0.198314,955.29,989.34,2250.00,0.598148,0.184314,-0.300449,0.187009,0.499669,-0.044373,-0.188245,-0.153613,328.12,0.042092,7.7522,0.5285
19861,0.000064,0.146412,985.58,1033.64,2390.62,0.581434,0.325490,-0.273016,0.406313,0.501137,-0.207838,-0.332620,-0.093975,281.25,0.030666,6.9351,0.5695
19867,0.000090,0.169607,987.89,1056.16,2484.38,0.576305,0.200000,-0.161996,0.482140,0.376698,-0.188342,-0.424958,-0.083540,281.25,0.025383,6.8168,0.6021
19872,0.000076,0.223168,911.37,981.66,2156.25,0.541332,0.266667,-0.255585,0.595780,0.365116,-0.146897,-0.330612,-0.227801,281.25,0.034545,9.2680,0.6105
19877,0.000083,0.236914,957.95,1008.27,2437.50,0.551286,0.219608,-0.147151,0.515712,0.436023,-0.293638,-0.424451,-0.086497,281.25,0.033609,8.4751,0.6082
19883,0.000082,0.163949,1045.17,1072.96,2531.25,0.527900,0.211765,-0.112397,0.361521,0.362584,-0.144384,-0.625110,0.157789,281.25,0.029299,7.4455,0.5886
19888,0.000080,0.200427,989.09,1065.63,2531.25,0.548759,0.270588,-0.192294,0.396286,0.599228,-0.186967,-0.762738,0.146485,328.12,0.031817,7.9251,0.6011
19893,0.000096,0.279864,1023.00,1002.35,2437.50,0.570095,0.203922,-0.341379,0.297002,0.393658,-0.043020,-0.334714,0.028454,328.12,0.026602,6.3429,0.5327
19899,0.000093,0.382049,1182.40,964.19,2343.75,0.684839,0.231373,-1.008715,-0.013900,0.446858,-0.082997,0.447979,0.210773,375.00,0.028254,5.3518,0.3014
19904,0.000144,0.267310,1363.73,987.41,2718.75,0.717927,0.113725,-1.477051,-0.260453,0.401244,0.314885,0.559171,0.462204,1781.25,0.026804,4.5804,0.2011
19909,0.000271,0.341215,1151.27,982.31,2296.88,0.576498,0.011765,-0.481373,0.343647,-0.056589,0.034202,0.241777,-0.081665,187.50,0.045612,6.1408,0.4628
19915,0.000692,0.442672,782.13,907.40,1781.25,0.460774,0.015686,0.434077,0.800237,-0.023944,-0.496540,-0.165782,-0.548047,140.62,0.121097,11.0999,0.7259
19920,0.000618,0.487983,553.79,760.96,1171.88,0.346386,0.003922,0.772934,0.994645,0.205740,-0.447149,-0.616095,-0.910076,93.75,0.269271,13.8236,0.8385
19925,0.000365,0.238732,543.42,753.75,1171.88,0.353235,0.031373,0.849242,1.004029,0.129259,-0.381662,-0.567597,-1.033271,93.75,0.367674,14.8154,0.8490
19931,0.000535,0.142938,630.70,819.02,1453.12,0.380163,0.007843,0.656418,0.931598,-0.020128,-0.395273,-0.450724,-0.721890,140.62,0.317440,14.4101,0.7990
19936,0.000567,0.274028,844.35,896.94,1968.75,0.589125,0.019608,0.212215,0.439222,0.029677,0.009393,-0.271995,-0.418512,140.62,0.235520,9.5893,0.6617
19941,0.000364,0.187380,614.88,766.84,1265.62,0.379847,0.019608,0.472394,0.801111,0.351300,-0.039325,-0.770451,-0.815029,140.62,0.295177,13.3302,0.8068
19947,0.000211,0.119164,512.22,685.58,796.88,0.286693,0.090196,0.762372,0.827036,0.369465,0.217042,-1.045619,-1.130297,140.62,0.258769,12.8592,0.8679
19952,0.000136,0.092038,603.83,772.00,1171.88,0.380848,0.054902,0.460666,0.638249,0.415767,-0.011058,-0.672128,-0.831495,93.75,0.157379,10.7252,0.7860
19957,0.000153,0.092593,762.79,868.72,1781.25,0.480538,0.117647,0.029128,0.650855,0.416408,-0.128104,-0.526389,-0.441898,93.75,0.078159,8.3754,0.6951
19963,0.000151,0.202661,826.02,845.01,1828.12,0.545585,0.117647,-0.096025,0.271380,0.430588,0.150283,-0.280928,-0.475298,93.75,0.062069,6.4584,0.6144
19968,0.000153,0.119296,840.87,903.87,2062.50,0.507688,0.066667,-0.307533,0.423265,0.623774,0.083091,-0.549961,-0.272636,281.25,0.049804,6.8786,0.6152
19973,0.000143,0.285249,835.77,901.87,2062.50,0.493184,0.105882,-0.624601,0.482022,0.742057,0.254434,-0.637534,-0.216378,234.38,0.053492,6.6401,0.5880
19979,0.000134,0.223103,858.90,901.79,2015.62,0.548336,0.113725,-0.336150,0.326042,0.532178,0.099339,-0.367931,-0.253478,328.12,0.051665,6.0394,0.5758
19984,0.000109,0.160406,797.81,896.05,1968.75,0.454725,0.066667,-0.456978,0.649767,0.877734,-0.322728,-0.470842,-0.276952,281.25,0.063361,9.1751,0.6155
19989,0.000114,0.134620,810.12,948.43,2062.50,0.446051,0.098039,-0.149941,0.744533,0.762160,-0.484198,-0.658754,-0.213800,281.25,0.058383,10.3274,0.6756
19995,0.000096,0.130218,852.10,928.05,2062.50,0.494478,0.137255,-0.137941,0.575482,0.665735,-0.580984,-0.340190,-0.182102,140.62,0.046959,8.6409,0.6177
20000,0.000093,0.198915,935.77,974.30,2343.75,0.492993,0.207843,-0.102696,0.268955,0.458482,-0.230446,-0.363675,-0.030619,140.62,0.039186,7.4246,0.5696
20005,0.000084,0.251758,975.97,996.73,2390.62,0.580278,0.188235,-0.440833,0.294054,0.655175,-0.145920,-0.360241,-0.002235,328.12,0.036287,7.3505,0.5269
20011,0.000071,0.241974,990.94,980.89,2296.88,0.600967,0.215686,-0.572009,0.316603,0.449791,0.088208,-0.248042,-0.034550,234.38,0.032525,6.1114,0.5034
20016,0.000072,0.118568,1116.31,1050.19,2578.12,0.588637,0.207843,-0.930292,0.161018,0.610502,0.138744,-0.307242,0.327270,328.12,0.031026,7.4364,0.4026
20021,0.000078,0.174636,1286.52,1092.95,2812.50,0.684338,0.196078,-1.330865,-0.293987,0.800730,0.219186,-0.048178,0.653113,328.12,0.036302,10.2911,0.2470
20027,0.000085,0.171679,1254.46,1088.85,2812.50,0.650715,0.145098,-1.355838,-0.375691,0.883928,0.298572,-0.102260,0.651290,328.12,0.038960,11.0157,0.2423
20032,0.000084,0.203923,1090.51,1030.44,2531.25,0.584144,0.137255,-1.986478,0.260991,1.142753,0.168422,-0.105928,0.520239,328.12,0.045400,12.6836,0.2554
20037,0.000087,0.209531,991.19,978.27,2250.00,0.585424,0.176471,-1.128958,0.416071,0.889924,-0.101063,-0.230777,0.154804,328.12,0.038535,10.6316,0.4211
20043,0.000079,0.327918,871.66,922.51,2156.25,0.541067,0.286275,-0.490237,0.654368,0.673514,-0.197573,-0.456518,-0.183556,281.25,0.038717,8.8867,0.5992
20048,0.000095,0.192219,977.84,1001.60,2437.50,0.556849,0.098039,-0.496746,0.385721,0.849317,-0.455853,-0.400307,0.117869,328.12,0.031903,8.2582,0.5214
20053,0.000079,0.171906,1073.38,1048.75,2578.12,0.567966,0.203922,-0.781686,0.058245,0.985243,-0.245538,-0.387403,0.371140,328.12,0.039693,10.9741,0.4125
20059,0.000071,0.218897,1072.58,1035.18,2484.38,0.567237,0.227451,-1.183580,0.266116,1.047917,-0.331941,-0.172803,0.374293,328.12,0.045319,12.0318,0.3637
20064,0.000069,0.222748,1120.68,1043.54,2531.25,0.606029,0.243137,-1.099510,0.151247,0.856395,-0.206458,-0.080952,0.379278,375.00,0.031385,8.6525,0.3490
20069,0.000085,0.207635,1018.73,979.53,2343.75,0.595571,0.219608,-1.036456,0.207593,0.824307,0.102748,-0.275512,0.177320,328.12,0.028217,7.9324,0.4097
20075,0.000099,0.267665,1039.91,1006.06,2531.25,0.602004,0.160784,-0.639079,0.196366,0.633221,-0.000716,-0.336774,0.146981,328.12,0.040494,9.9611,0.4684
20080,0.000090,0.194346,1042.77,1011.28,2437.50,0.616720,0.192157,-0.542218,0.161786,0.657870,-0.254788,-0.208088,0.185438,328.12,0.050115,11.2439,0.4554
20085,0.000077,0.094879,1038.43,1021.26,2531.25,0.606426,0.247059,-0.834141,0.202363,0.769632,-0.150115,-0.193450,0.205710,328.12,0.050565,12.7660,0.4202
20091,0.000060,0.238787,1002.79,1004.87,2484.38,0.581466,0.325490,-0.762170,0.177227,0.811521,0.019360,-0.406480,0.160542,328.12,0.041821,10.0610,0.4577
20096,0.000061,0.131947,1120.29,1063.03,2718.75,0.613936,0.298039,-0.689312,0.080236,0.708210,-0.015185,-0.417890,0.333941,328.12,0.025348,7.0240,0.4347
20101,0.000076,0.219452,1306.99,1081.95,2765.62,0.722533,0.215686,-0.609782,0.122291,0.153862,-0.099219,-0.053126,0.485974,281.25,0.019132,5.7008,0.3869
20107,0.000063,0.326368,1164.20,957.75,2390.62,0.704909,0.286275,-1.295813,0.263776,0.407252,0.131536,0.298511,0.194740,281.25,0.025820,6.3113,0.3181
20112,0.000079,0.223147,1271.91,1021.69,2765.62,0.706759,0.184314,-1.286161,-0.104336,0.538161,0.041039,0.427407,0.383890,328.12,0.021515,5.0506,0.2496
20117,0.000097,0.333540,1518.44,939.07,2718.75,0.794414,0.207843,-1.159974,-0.482005,0.118894,-0.206264,1.101166,0.628183,421.88,0.012375,2.5060,0.1563
20123,0.000119,0.333455,1470.26,841.28,2390.62,0.744012,0.152941,-1.525864,-0.346969,-0.090437,0.127365,1.270507,0.565396,1640.62,0.022678,3.6257,0.1354
20128,0.000104,0.322197,1411.42,834.89,2156.25,0.683217,0.192157,-1.634537,-0.272518,0.142171,0.188718,1.257645,0.318520,1781.25,0.035776,4.5769,0.1491
20133,0.000096,0.188816,1245.62,856.45,2015.62,0.660260,0.188235,-0.873734,-0.194355,0.204656,-0.068120,0.982655,-0.051102,375.00,0.031441,4.2085,0.2690
20139,0.000072,0.176984,1201.86,870.18,2015.62,0.621096,0.258824,-0.600726,-0.402176,0.354931,-0.199469,0.894283,-0.046843,375.00,0.039957,6.4681,0.2839
20144,0.000077,0.190127,1220.33,889.52,2109.38,0.661442,0.239216,-0.771634,-0.319351,0.337113,-0.164544,0.869950,0.048465,328.12,0.026001,4.6173,0.2680
20149,0.000093,0.190065,1295.74,914.45,2296.88,0.678965,0.172549,-1.202447,-0.139504,0.303415,-0.078192,0.836133,0.280595,328.12,0.023574,4.9222,0.2263
20155,0.000090,0.269281,1205.72,948.69,2343.75,0.668123,0.172549,-1.289530,0.234759,0.522991,-0.132890,0.477910,0.186760,281.25,0.032993,6.5505,0.2974
20160,0.000070,0.281793,1165.16,922.28,2296.88,0.676002,0.188235,-1.582645,-0.019146,0.659943,0.119742,0.572563,0.249543,328.12,0.031964,5.9116,0.2294
20165,0.000075,0.138611,1147.07,929.82,2343.75,0.650201,0.207843,-1.539822,0.053928,0.779931,-0.089021,0.540380,0.254606,328.12,0.033947,7.3639,0.2422
20171,0.000065,0.178978,1295.87,1000.39,2625.00,0.724676,0.286275,-0.950544,-0.389363,0.508361,-0.186193,0.564872,0.452867,375.00,0.029100,7.0512,0.2353
20176,0.000070,0.190684,1239.66,986.73,2437.50,0.717848,0.250980,-0.581502,-0.377907,0.295630,-0.150177,0.541331,0.272625,375.00,0.027948,6.5135,0.2918
20181,0.000070,0.147154,1234.69,990.45,2437.50,0.686968,0.254902,-0.770186,-0.645124,0.561371,0.001901,0.489602,0.362435,375.00,0.027298,7.6711,0.2435
20187,0.000073,0.268710,1287.51,1082.43,2718.75,0.690481,0.188235,-1.053826,-0.489936,0.829941,-0.062666,0.168291,0.608197,375.00,0.032185,8.8137,0.2386
20192,0.000060,0.139833,1246.70,1094.75,2718.75,0.633619,0.356863,-0.752557,-0.210762,0.861029,-0.583824,0.070274,0.615839,328.12,0.035199,10.2317,0.3048
20197,0.000087,0.188697,1219.23,1050.20,2671.88,0.694577,0.160784,-0.793353,-0.317806,0.687331,-0.108019,0.057462,0.474383,328.12,0.034684,10.7734,0.3054
20203,0.000078,0.223032,1105.47,1068.92,2718.75,0.535360,0.203922,-1.010059,0.039276,0.962361,-0.004932,-0.417593,0.430946,328.12,0.039346,11.5189,0.3794
20208,0.000078,0.230627,1061.93,989.27,2437.50,0.576065,0.180392,-1.024851,-0.142487,1.032454,-0.045168,-0.214678,0.394730,328.12,0.042590,11.8853,0.3377
20213,0.000084,0.225203,1015.97,985.71,2437.50,0.574728,0.160784,-1.615949,0.309731,1.043535,0.136970,-0.173667,0.299380,328.12,0.041675,11.4453,0.3283
20219,0.000073,0.171508,1010.93,959.77,2250.00,0.570106,0.298039,-1.660480,0.433476,0.932409,0.030448,-0.048193,0.312340,328.12,0.038312,10.9234,0.3218
20224,0.000072,0.255127,1036.65,973.70,2250.00,0.587076,0.196078,-1.224392,0.449093,0.657561,0.053570,-0.056596,0.120763,281.25,0.037355,9.3573,0.3966
20229,0.000075,0.175063,1154.22,1011.29,2578.12,0.670802,0.219608,-1.114968,0.046981,0.590278,0.115601,0.115349,0.246758,328.12,0.028327,8.3568,0.3285
20235,0.000087,0.238176,1214.77,1086.10,2765.62,0.647535,0.156863,-1.030948,0.030318,0.740582,0.041468,-0.254781,0.473360,328.12,0.036674,10.3969,0.3521
20240,0.000074,0.192859,1137.15,1043.22,2671.88,0.608147,0.215686,-1.039146,-0.076092,0.844803,0.117912,-0.217825,0.370350,328.12,0.045881,12.3422,0.3466
20245,0.000059,0.169859,1174.61,1075.11,2765.62,0.620137,0.313726,-1.148753,0.030239,0.908204,-0.113484,-0.159983,0.483777,328.12,0.043522,11.4032,0.3271
20251,0.000080,0.159574,1243.16,1076.07,2718.75,0.686930,0.180392,-0.996206,-0.126852,0.651720,0.115484,-0.147947,0.503800,328.12,0.027124,7.9638,0.3231
20256,0.000076,0.285563,1048.24,959.55,2296.88,0.599443,0.152941,-0.704909,-0.076976,0.695055,0.037995,-0.083909,0.132744,375.00,0.027093,7.6955,0.3976
20261,0.000089,0.318374,936.37,877.68,2015.62,0.577538,0.223529,-0.744421,0.104425,0.659003,0.077827,0.097877,-0.194714,328.12,0.027257,6.2307,0.4325
20267,0.000098,0.365144,1226.34,857.78,2296.88,0.684498,0.176471,-1.499431,-0.039692,0.153705,0.389799,0.837356,0.158263,281.25,0.028871,5.8218,0.2197
20272,0.000132,0.276732,1246.66,814.24,2109.38,0.628868,0.180392,-1.485496,-0.048314,0.133183,0.256516,1.080386,0.063726,281.25,0.034862,5.6664,0.2077
20277,0.000091,0.358767,1198.89,841.97,2109.38,0.669405,0.223529,-0.975027,0.019591,0.051516,0.126465,0.826314,-0.048858,281.25,0.039627,4.6151,0.2960
20283,0.000101,0.160333,1288.06,860.26,2203.12,0.724718,0.196078,-1.163901,-0.140738,0.057406,0.234089,0.859028,0.154117,750.00,0.025978,3.4122,0.2389
20288,0.000089,0.182452,1303.16,871.99,2250.00,0.654804,0.235294,-0.948820,-0.202771,0.137765,-0.085006,0.922130,0.176702,1593.75,0.026575,3.9742,0.2450
20293,0.000108,0.165083,1277.50,894.31,2203.12,0.656264,0.149020,-1.101372,0.119521,0.230808,-0.369020,1.000224,0.119839,1593.75,0.028478,4.8156,0.2590
20299,0.000099,0.285360,1251.07,926.47,2390.62,0.699657,0.168627,-1.205188,0.164136,0.427274,-0.364769,0.801571,0.176975,281.25,0.040797,5.9806,0.2670
20304,0.000109,0.217194,1393.02,892.17,2390.62,0.725027,0.133333,-1.568967,-0.159813,0.431632,-0.187087,1.080899,0.403336,281.25,0.028983,4.1123,0.1671
20309,0.000073,0.208218,1467.72,818.04,2296.88,0.662821,0.262745,-1.644289,-0.458223,0.013782,0.270224,1.436502,0.382004,1593.75,0.036897,6.0496,0.1234
20315,0.000101,0.230823,1448.07,798.19,2250.00,0.669423,0.109804,-1.699436,-0.552277,0.223988,0.014182,1.560341,0.453201,1687.50,0.027511,4.2289,0.1060
20320,0.000062,0.179857,1297.49,909.84,2343.75,0.631750,0.349020,-1.433270,-0.484779,0.665378,-0.122375,1.018890,0.356155,375.00,0.036444,6.8045,0.1616
20325,0.000058,0.165717,1278.06,916.06,2296.88,0.681402,0.360784,-1.489595,-0.389879,0.652031,-0.052434,0.950227,0.329649,375.00,0.032420,6.2478,0.1708
20331,0.000061,0.139164,1384.24,968.17,2578.12,0.810459,0.286275,-1.304534,-0.360276,0.323915,0.071168,0.784998,0.484730,375.00,0.013911,3.3532,0.1874
20336,0.000071,0.153637,1392.88,1001.77,2765.62,0.670054,0.235294,-1.155853,-0.022721,0.194560,-0.107280,0.672099,0.419196,281.25,0.017988,5.3557,0.2433
20341,0.000079,0.312942,1231.89,1035.80,2718.75,0.698294,0.168627,-1.353085,0.227690,0.542192,-0.001923,0.238505,0.346621,281.25,0.027764,7.4675,0.2983
20347,0.000058,0.234098,1194.44,1015.51,2578.12,0.657109,0.329412,-1.545213,0.070549,0.724916,-0.001593,0.335158,0.416184,328.12,0.033230,8.7244,0.2473
20352,0.000059,0.215501,1229.12,1060.90,2765.62,0.706906,0.368627,-0.970817,0.021683,0.531906,-0.168376,0.271025,0.314579,328.12,0.030844,8.4379,0.3170
20357,0.000070,0.150671,1369.97,1064.82,2906.25,0.766819,0.270588,-1.169093,-0.478544,0.525632,0.104769,0.426536,0.590700,328.12,0.022804,6.9750,0.2088
20363,0.000063,0.184832,1189.32,1023.98,2625.00,0.686239,0.282353,-0.833256,-0.075848,0.462624,-0.059177,0.214939,0.290718,328.12,0.023241,6.8135,0.3302
20368,0.000076,0.175460,1164.98,1021.01,2390.62,0.677814,0.156863,-0.570686,-0.117789,0.400028,-0.108805,0.184399,0.212852,375.00,0.023462,6.8363,0.3675
20373,0.000074,0.230738,1120.88,988.53,2390.62,0.662292,0.203922,-0.915853,-0.247050,0.612281,0.176841,0.213977,0.159805,328.12,0.030133,8.5593,0.3168
20379,0.000081,0.187437,1101.53,1001.02,2531.25,0.613580,0.188235,-0.917916,-0.258339,0.809782,0.008455,0.170482,0.187537,328.12,0.037278,10.5733,0.3171
20384,0.000068,0.231750,1176.06,1052.66,2578.12,0.682797,0.313726,-0.779572,-0.275886,0.650606,-0.006920,0.097241,0.314533,328.12,0.039254,9.9729,0.3244
20389,0.000093,0.120040,1206.48,1078.35,2671.88,0.669542,0.152941,-0.772898,-0.135271,0.695238,-0.262043,0.085940,0.389035,328.12,0.036872,10.3731,0.3337
20395,0.000084,0.217062,1082.43,1018.58,2578.12,0.607100,0.207843,-1.149334,0.069045,0.896669,-0.067377,-0.069634,0.320631,375.00,0.035221,9.6537,0.3395
20400,0.000054,0.345106,977.86,956.00,2203.12,0.563219,0.337255,-0.945951,0.258827,0.717807,0.174664,-0.198979,-0.006369,375.00,0.035216,7.3914,0.4401
20405,0.000079,0.091028,1113.78,1048.67,2578.12,0.656460,0.211765,-0.897446,0.186599,0.552375,0.085253,-0.191094,0.264313,187.50,0.021882,5.6391,0.4032
20411,0.000075,0.172842,1097.10,1025.86,2531.25,0.657828,0.168627,-1.023075,0.331660,0.607778,0.012990,-0.112903,0.183551,281.25,0.021971,5.9636,0.4059
20416,0.000069,0.225559,1097.65,1022.87,2484.38,0.591987,0.239216,-1.194253,0.327904,0.842367,-0.187850,-0.007882,0.219717,328.12,0.033217,8.8190,0.3684
20421,0.000063,0.229129,1230.60,1028.29,2671.88,0.682794,0.270588,-1.785798,-0.120791,1.016132,-0.024807,0.283630,0.631634,328.12,0.035197,9.9131,0.1961
20427,0.000064,0.204315,1173.98,995.47,2437.50,0.670237,0.329412,-1.484906,0.136602,0.748280,0.078253,0.163439,0.358332,281.25,0.025244,7.3396,0.2819
20432,0.000072,0.235563,1248.02,978.83,2484.38,0.706229,0.337255,-1.452337,-0.116915,0.632320,-0.045403,0.603569,0.378767,328.12,0.021599,6.1190,0.2183
20437,0.000102,0.344573,1384.88,880.41,2343.75,0.692450,0.203922,-1.452159,-0.733182,0.329457,0.131028,1.208172,0.516684,328.12,0.016713,3.8206,0.1240
20443,0.000074,0.339366,1388.38,833.44,2296.88,0.694047,0.266667,-1.418845,-0.415912,-0.051567,0.204232,1.260975,0.421118,1312.50,0.025380,4.5173,0.1470
20448,0.000170,0.300147,1324.85,823.45,2156.25,0.727918,0.109804,-0.939273,-0.274930,-0.381077,0.272097,1.118736,0.204448,1359.38,0.028327,4.1156,0.2195
20453,0.000109,0.305284,1333.02,739.55,2015.62,0.641657,0.196078,-0.964332,-0.479011,-0.695889,0.513867,1.405038,0.220327,1359.38,0.041183,4.8362,0.1774
20459,0.000099,0.220100,1345.49,718.99,2015.62,0.602158,0.164706,-0.930979,-0.424114,-0.631180,0.316293,1.465936,0.204043,1359.38,0.042985,4.5513,0.1806
20464,0.000112,0.195258,1248.81,789.48,2015.62,0.678706,0.172549,-1.404594,-0.475413,0.213374,0.383138,1.169405,0.114092,1171.88,0.023201,3.0462,0.1705
20469,0.000093,0.215382,1226.54,853.07,2156.25,0.676671,0.211765,-1.392959,-0.410478,0.487583,0.160007,0.982609,0.173239,328.12,0.035080,4.9495,0.1855
20475,0.000098,0.239688,1320.94,828.21,2203.12,0.718348,0.172549,-1.358087,-0.524008,0.222900,0.206540,1.172921,0.279734,1593.75,0.031437,4.1731,0.1588
20480,0.000067,0.150244,1360.72,857.49,2343.75,0.746679,0.313726,-1.453264,-0.204971,0.059176,0.160337,1.084983,0.353740,1593.75,0.029855,4.3270,0.1753
20485,0.000066,0.122404,1364.28,888.05,2343.75,0.731715,0.239216,-1.719846,-0.099166,0.047105,0.373794,0.903537,0.494576,234.38,0.018671,3.3230,0.1668
20491,0.000083,0.116433,1490.16,895.29,2578.12,0.775676,0.227451,-1.121706,-0.568460,-0.291528,0.280336,1.103775,0.597584,1453.12,0.013228,3.1339,0.1550
20496,0.000075,0.295085,1283.18,926.04,2296.88,0.693572,0.203922,-1.291897,-0.048669,0.349542,-0.151532,0.914202,0.228354,281.25,0.019271,4.3495,0.2242
20501,0.000060,0.271591,1227.98,941.43,2343.75,0.701595,0.333333,-1.283183,0.084210,0.501633,-0.158579,0.649240,0.206679,281.25,0.026678,5.2969,0.2636
20507,0.000082,0.100422,1252.81,973.62,2437.50,0.682633,0.184314,-1.216728,-0.154365,0.497203,-0.008357,0.556372,0.325875,234.38,0.020882,5.2242,0.2448
20512,0.000055,0.252269,1227.77,1007.90,2531.25,0.704448,0.282353,-1.279824,0.381367,0.418221,-0.182525,0.356926,0.305834,234.38,0.027092,6.7529,0.3142
20517,0.000060,0.158844,1205.53,1030.72,2578.12,0.671562,0.329412,-1.208133,0.240784,0.581796,-0.149755,0.193858,0.341449,328.12,0.020967,5.6868,0.3205
20523,0.000061,0.184566,1313.39,1021.29,2671.88,0.698305,0.337255,-1.520585,-0.352620,0.666230,0.241632,0.279380,0.685962,375.00,0.018921,6.3357,0.1948
20528,0.000080,0.207055,1274.59,1025.03,2531.25,0.751469,0.172549,-0.743197,-0.175392,0.272193,-0.038334,0.180348,0.504382,375.00,0.018828,5.9737,0.3097
20533,0.000057,0.291389,1134.16,1021.24,2484.38,0.638630,0.360784,-0.992012,0.115646,0.801696,-0.208409,-0.128577,0.411656,328.12,0.027580,8.2581,0.3590
20539,0.000058,0.184970,1227.34,1059.18,2671.88,0.691177,0.329412,-1.677373,0.048131,0.874616,0.016343,0.147658,0.590626,328.12,0.028583,8.6620,0.2344
20544,0.000054,0.201108,1537.45,1132.56,3000.00,0.762966,0.352941,-1.728379,-0.319525,0.622936,0.051669,0.414925,0.958376,328.12,0.019570,6.5689,0.1531
20549,0.000075,0.141683,1463.90,1101.56,2906.25,0.752612,0.274510,-1.146694,-0.524283,0.530020,0.084806,0.266730,0.789422,328.12,0.019391,7.6049,0.2037
20555,0.000083,0.308493,1213.89,1016.16,2625.00,0.715321,0.164706,-1.384524,-0.372613,0.785747,0.299372,0.258285,0.413733,328.12,0.027575,8.7208,0.2289
20560,0.000072,0.208023,1244.00,1061.25,2765.62,0.663430,0.278431,-2.107012,-0.285113,1.143908,0.164727,0.379131,0.704358,328.12,0.037992,10.9717,0.1496
20565,0.000090,0.218812,1225.45,1059.69,2718.75,0.625772,0.121569,-1.636100,-0.114473,1.030869,-0.111100,0.123367,0.707436,328.12,0.040277,10.6882,0.2157
20571,0.000081,0.266282,1142.80,1014.87,2531.25,0.645323,0.235294,-1.748106,0.351606,0.852233,0.030800,0.068301,0.445165,281.25,0.036867,9.3239,0.2779
20576,0.000079,0.167036,1086.86,1056.37,2578.12,0.576792,0.168627,-1.480829,0.364824,1.041886,-0.250968,-0.034710,0.359798,328.12,0.043146,12.1665,0.3273
20581,0.000075,0.207908,1093.10,1072.47,2578.12,0.597796,0.188235,-0.775341,-0.005479,0.870824,-0.235333,-0.180232,0.325561,328.12,0.046266,13.3116,0.3863
20587,0.000080,0.217347,1033.60,1011.74,2437.50,0.584593,0.180392,-0.886853,0.147398,0.813418,-0.189183,-0.038608,0.153827,328.12,0.035064,9.5027,0.3948
20592,0.000091,0.311670,1073.72,1035.03,2578.12,0.644220,0.141176,-0.639379,0.378783,0.555028,-0.246783,-0.093810,0.046161,281.25,0.033265,7.5889,0.4734
20597,0.000061,0.181478,1150.34,1094.53,2765.62,0.609129,0.345098,-0.792866,0.330824,0.748169,-0.292731,-0.317338,0.323942,281.25,0.041256,9.7411,0.4417
20603,0.000082,0.182985,1176.15,1064.61,2671.88,0.636942,0.203922,-1.294117,0.201288,0.930127,-0.340319,0.047978,0.455046,281.25,0.033351,8.3601,0.3105
20608,0.000080,0.167552,1276.86,1046.55,2625.00,0.710284,0.243137,-1.000874,-0.135992,0.671993,-0.346762,0.299602,0.512034,375.00,0.026861,6.9892,0.2740
20613,0.000118,0.279770,1315.53,982.70,2578.12,0.693294,0.168627,-1.358701,-0.220205,0.705683,-0.350982,0.716621,0.507585,328.12,0.034252,7.3699,0.1976
20619,0.000215,0.460119,1434.50,878.06,2484.38,0.703630,0.082353,-1.222174,-0.108025,-0.008124,-0.154603,1.104262,0.388665,1828.12,0.027574,3.9443,0.1960
20624,0.000171,0.402411,1515.13,725.26,2109.38,0.563228,0.098039,-1.533679,-0.309825,-0.496257,0.230638,1.688145,0.420978,1593.75,0.053973,5.3315,0.1217
20629,0.000154,0.258157,1577.26,698.50,2109.38,0.574541,0.098039,-1.946288,-0.770905,-0.104857,0.258208,1.945229,0.618613,1781.25,0.077010,6.7744,0.0666
20635,0.000130,0.230937,1629.49,754.78,2296.88,0.662813,0.160784,-2.163837,-0.788869,-0.195360,0.475909,1.701968,0.970191,1781.25,0.079091,7.0420,0.0567
20640,0.000123,0.139570,1640.45,820.45,2578.12,0.657663,0.196078,-1.815511,-0.320800,-0.304977,0.105232,1.484005,0.852051,1828.12,0.051122,5.5370,0.0965
20645,0.000109,0.222279,1646.15,881.11,2625.00,0.695305,0.196078,-1.154168,-0.163099,-0.247428,-0.487577,1.216609,0.835664,1828.12,0.045279,5.2223,0.1565
20651,0.000109,0.214018,1676.76,831.98,2531.25,0.730674,0.125490,-1.227528,-0.547803,-0.375146,-0.160375,1.336351,0.974502,1781.25,0.036844,4.3956,0.1148
20656,0.000120,0.204053,1614.08,758.10,2250.00,0.605734,0.156863,-1.192668,-0.824754,-0.448486,-0.034592,1.725022,0.775478,1734.38,0.051386,7.7373,0.0946
20661,0.000091,0.221585,1592.26,819.10,2343.75,0.617994,0.207843,-0.949322,-0.402446,-0.254420,-0.422050,1.500714,0.527523,1734.38,0.058886,8.7627,0.1558
20667,0.000082,0.213141,1537.68,838.27,2390.62,0.633890,0.219608,-1.629044,0.000900,0.025905,-0.371476,1.404501,0.569214,1734.38,0.029040,4.7114,0.1417
20672,0.000082,0.202271,1465.03,878.64,2437.50,0.698053,0.196078,-1.044616,-0.162392,-0.148589,-0.207247,1.134722,0.428123,1593.75,0.029863,5.4167,0.2002
20677,0.000059,0.219772,1394.50,863.40,2250.00,0.667157,0.333333,-0.947948,-0.261864,0.126587,-0.260843,1.116189,0.227878,1781.25,0.024448,4.8785,0.2181
20683,0.000070,0.138900,1439.45,923.76,2531.25,0.660134,0.305882,-0.771897,-0.248749,-0.002794,-0.364732,0.987099,0.401074,1781.25,0.022512,5.3567,0.2307
20688,0.000076,0.218197,1603.40,911.80,2625.00,0.801816,0.309804,-0.963972,-0.321649,-0.419086,-0.153702,1.080734,0.777673,1781.25,0.017093,4.2695,0.1719
20693,0.000072,0.249184,1488.94,903.31,2484.38,0.755780,0.243137,-1.492331,-0.164606,-0.069212,0.037988,1.098647,0.589515,1734.38,0.018505,4.2192,0.1581
20699,0.000083,0.250260,1289.41,1003.62,2578.12,0.738102,0.192157,-1.030122,0.031576,0.241303,-0.089191,0.537535,0.308900,187.50,0.022071,5.0357,0.2845
20704,0.000067,0.222401,1151.46,1029.82,2531.25,0.662512,0.266667,-1.170213,0.271871,0.690464,-0.119692,0.137550,0.190018,234.38,0.029717,7.1288,0.3514
20709,0.000080,0.217070,1139.69,998.54,2343.75,0.673295,0.211765,-1.118062,0.284935,0.690459,-0.237904,0.212845,0.167726,281.25,0.036702,9.1273,0.3528
20715,0.000089,0.163456,1273.92,1046.04,2671.88,0.669935,0.184314,-1.207100,0.012982,0.742945,-0.241315,0.147712,0.544777,328.12,0.029936,8.2423,0.2802
20720,0.000072,0.232626,1151.57,1023.99,2437.50,0.578177,0.294118,-1.035368,0.114444,0.868421,-0.576891,0.226906,0.402490,328.12,0.040646,10.1389,0.3154
20725,0.000087,0.224497,1218.55,1049.68,2671.88,0.670473,0.223529,-1.257181,0.360734,0.710526,-0.489679,0.265956,0.409644,281.25,0.040340,9.8416,0.3130
20731,0.000079,0.183997,1162.87,1068.22,2718.75,0.625378,0.207843,-1.252498,0.219401,0.827200,-0.045634,-0.179007,0.430537,281.25,0.039114,9.9093,0.3447
20736,0.000085,0.192047,1052.11,1003.24,2437.50,0.607219,0.164706,-0.988589,0.282144,0.718503,0.106466,-0.209102,0.090578,281.25,0.041944,10.1958,0.4270
20741,0.000081,0.197850,1119.35,1039.28,2484.38,0.613042,0.235294,-1.320693,0.517717,0.738142,-0.051816,-0.241841,0.358489,281.25,0.043698,10.5214,0.3870
20747,0.000094,0.235351,1189.13,1062.89,2671.88,0.612413,0.125490,-1.559078,0.323287,0.867608,-0.280209,0.101212,0.547181,328.12,0.041314,11.0363,0.2805
20752,0.000088,0.158360,1052.01,1016.92,2531.25,0.563904,0.188235,-1.262202,0.304254,0.965297,-0.207645,-0.066347,0.266642,328.12,0.048911,13.9487,0.3591
20757,0.000081,0.253514,982.95,992.82,2343.75,0.526425,0.192157,-0.975225,0.397827,0.959462,-0.225724,-0.337565,0.181224,281.25,0.046799,11.4048,0.4476
20763,0.000072,0.255507,1057.20,1010.02,2390.62,0.653943,0.211765,-0.636682,0.249742,0.605903,-0.099569,-0.214026,0.094631,281.25,0.039769,8.5714,0.4666
20768,0.000083,0.109166,1100.36,1062.00,2625.00,0.613619,0.160784,-0.585385,0.148162,0.636860,-0.190958,-0.288951,0.280273,328.12,0.031852,9.0162,0.4466
20773,0.000078,0.263799,1158.64,1100.94,2859.38,0.576968,0.219608,-1.597554,0.617723,0.951231,-0.396246,-0.025423,0.450269,281.25,0.036763,10.4868,0.3313
20779,0.000079,0.417870,1144.30,947.93,2296.88,0.678952,0.254902,-0.851301,0.231272,0.332278,-0.168412,0.519686,-0.063522,234.38,0.029383,5.9931,0.3686
20784,0.000127,0.264558,1228.29,892.48,2343.75,0.702484,0.156863,-0.894607,-0.228822,0.253987,0.082005,0.701532,0.085905,281.25,0.024369,4.4600,0.2778
20789,0.000113,0.360989,1354.07,808.24,2203.12,0.673302,0.152941,-1.398812,-0.591974,0.117577,0.432469,1.174351,0.266389,1546.88,0.027981,3.8896,0.1524
20795,0.000086,0.240543,1390.89,762.06,2015.62,0.643887,0.223529,-1.275777,-0.907562,-0.047788,0.442425,1.474300,0.314400,1500.00,0.040848,4.9468,0.1207
20800,0.000116,0.122501,1398.11,778.95,2015.62,0.646890,0.180392,-1.267140,-0.468586,-0.028701,0.061448,1.452209,0.250770,1640.62,0.029996,4.2258,0.1520
20805,0.000116,0.180049,1441.60,840.90,2343.75,0.737426,0.184314,-1.259612,-0.350818,-0.040383,-0.032822,1.302290,0.381346,1593.75,0.044154,6.5934,0.1615
20811,0.000078,0.248854,1371.04,797.62,1968.75,0.575798,0.250980,-0.907427,-0.386269,0.048183,-0.314854,1.432463,0.127903,1593.75,0.050731,7.1631,0.1936
20816,0.000066,0.160297,1255.60,800.61,1828.12,0.601435,0.262745,-0.972785,-0.451744,0.109898,0.275628,1.156652,-0.117649,1640.62,0.035937,5.3135,0.2259
20821,0.000098,0.100983,1386.40,927.46,2531.25,0.732051,0.250980,-1.254086,-0.505740,0.160563,0.387039,0.767420,0.444804,1640.62,0.017673,3.8510,0.1845
20827,0.000081,0.314332,1358.26,904.37,2390.62,0.706218,0.215686,-1.552391,-0.160768,0.409172,-0.083420,1.023948,0.363458,328.12,0.022702,4.4505,0.1750
20832,0.000080,0.225915,1344.57,907.43,2343.75,0.680802,0.203922,-1.845830,-0.063079,0.500489,0.013666,1.032305,0.362448,328.12,0.034786,6.2027,0.1609
20837,0.000056,0.141737,1303.53,963.22,2437.50,0.678535,0.356863,-1.398031,-0.098978,0.702910,-0.464638,0.799840,0.458897,328.12,0.038358,8.3218,0.2014
20843,0.000070,0.142952,1347.00,1002.36,2484.38,0.670434,0.282353,-0.894074,0.052902,0.524898,-0.957534,0.678898,0.594910,328.12,0.025828,6.7237,0.2578
20848,0.000080,0.165416,1337.93,1018.26,2625.00,0.714000,0.152941,-1.008534,-0.188714,0.473677,-0.211413,0.492644,0.442340,328.12,0.022251,6.6609,0.2561
20853,0.000080,0.273862,1257.16,1004.50,2578.12,0.694569,0.164706,-1.637398,-0.224027,0.777329,0.037816,0.550892,0.495387,328.12,0.035035,9.2607,0.1894
20859,0.000088,0.192897,1239.93,1036.92,2578.12,0.687592,0.156863,-1.221863,-0.126785,0.793070,-0.325078,0.353442,0.527213,328.12,0.042333,10.5082,0.2470
20864,0.000075,0.196557,1120.12,984.19,2437.50,0.615627,0.239216,-1.203428,0.007958,0.886136,-0.163096,0.213465,0.258964,328.12,0.041289,10.1023,0.3028
20869,0.000064,0.348029,1048.47,917.99,2156.25,0.663544,0.235294,-1.037411,0.161238,0.580431,0.176745,0.129016,-0.010018,281.25,0.033541,6.9057,0.3781
20875,0.000070,0.171499,1257.78,997.47,2578.12,0.708600,0.258824,-1.129047,-0.272063,0.502956,0.134227,0.393527,0.370401,328.12,0.026016,6.3264,0.2530
20880,0.000081,0.183438,1290.58,1059.85,2671.88,0.647896,0.196078,-1.308159,-0.338264,0.777375,0.107979,0.185369,0.575701,328.12,0.032873,9.0011,0.2308
20885,0.000078,0.251202,1225.59,1038.13,2718.75,0.701909,0.149020,-1.205047,-0.091898,0.653053,0.071100,0.190901,0.381891,328.12,0.035620,8.9705,0.2819
20891,0.000077,0.187592,1186.76,1044.21,2718.75,0.667840,0.227451,-1.073025,-0.229585,0.877657,-0.176882,0.128735,0.473101,328.12,0.036136,9.3898,0.2784
20896,0.000085,0.183134,1098.19,1053.76,2671.88,0.611081,0.168627,-0.800608,0.035187,0.802516,-0.096016,-0.204171,0.263090,328.12,0.031724,8.2204,0.3984
20901,0.000079,0.282129,989.45,986.86,2437.50,0.611288,0.196078,-0.584069,0.403727,0.544924,-0.031308,-0.377635,0.044361,281.25,0.030163,6.9320,0.5191
20907,0.000059,0.244540,1140.78,1036.98,2625.00,0.617486,0.368627,-0.995055,0.109092,0.790279,-0.273697,-0.025647,0.395027,375.00,0.032339,7.5775,0.3480
20912,0.000071,0.130433,1315.11,1112.19,2812.50,0.676986,0.262745,-0.859066,0.105749,0.638113,-0.555525,0.060856,0.609873,328.12,0.019955,5.3631,0.3292
20917,0.000063,0.182118,1235.25,1086.43,2765.62,0.693310,0.282353,-0.780128,0.040284,0.440187,-0.057884,-0.047463,0.405004,421.88,0.017072,5.0780,0.3662
20923,0.000079,0.279604,1192.06,1042.81,2671.88,0.734996,0.168627,-0.736058,0.175313,0.336852,-0.046847,0.046285,0.224454,375.00,0.020714,5.4707,0.3975
20928,0.000080,0.217003,1274.31,1096.23,2859.38,0.658000,0.160784,-1.401934,0.159557,0.783446,-0.146065,0.083620,0.521375,328.12,0.028639,8.4433,0.2842
20933,0.000089,0.213028,1228.31,1077.97,2718.75,0.651823,0.160784,-1.504827,0.199149,0.797480,0.012058,-0.025669,0.521808,281.25,0.037370,10.7576,0.2889
20939,0.000078,0.277534,1119.57,1004.57,2531.25,0.614041,0.160784,-1.901227,0.365734,0.842669,0.306906,0.055205,0.330711,281.25,0.045376,11.0969,0.2767
20944,0.000084,0.192152,1037.05,930.12,2343.75,0.582219,0.160784,-1.824921,0.238739,0.931069,0.278798,0.193497,0.182819,281.25,0.041478,9.6212,0.2726
20949,0.000087,0.223846,1150.06,984.33,2484.38,0.644128,0.219608,-1.155078,0.207818,0.622668,-0.063624,0.104739,0.283478,281.25,0.035752,8.2072,0.3390
20955,0.000074,0.258390,1175.80,1009.76,2531.25,0.667574,0.290196,-1.441154,0.062415,0.737230,0.064982,0.247775,0.328750,328.12,0.034399,7.2885,0.2734
20960,0.000084,0.236197,1331.16,1074.76,2812.50,0.746704,0.188235,-1.911384,-0.168546,0.650024,0.526415,0.246759,0.656732,375.00,0.025182,5.3627,0.1837
20965,0.000085,0.213757,1240.65,1016.90,2625.00,0.711351,0.223529,-1.565943,-0.217909,0.690619,0.417517,0.145190,0.530528,375.00,0.029356,6.0436,0.2262
20971,0.000085,0.224973,1241.03,1080.50,2671.88,0.699533,0.141176,-1.095647,-0.017004,0.639007,0.053640,-0.071085,0.491091,375.00,0.031571,6.4611,0.3173
20976,0.000104,0.211528,1230.51,1079.96,2671.88,0.666185,0.109804,-0.833920,0.153715,0.490929,0.121515,-0.401057,0.468818,375.00,0.033779,6.9558,0.4076
20981,0.000073,0.228488,1069.67,1007.01,2437.50,0.622131,0.227451,-0.796315,-0.038326,0.776899,-0.046710,-0.144827,0.249279,328.12,0.040099,8.3976,0.3847
20987,0.000069,0.230052,1010.41,958.46,2390.62,0.589309,0.278431,-1.186896,0.194847,0.901890,0.173639,-0.234816,0.151335,281.25,0.028439,6.1870,0.3883
20992,0.000084,0.148853,1046.25,987.24,2437.50,0.602766,0.188235,-0.969300,0.262584,0.581400,0.367377,-0.333915,0.091855,234.38,0.026820,6.6993,0.4422
20997,0.000073,0.262289,1150.44,1033.39,2531.25,0.636505,0.196078,-1.032755,0.118638,0.627586,0.064992,-0.094283,0.315824,281.25,0.026860,6.8310,0.3617
21003,0.000073,0.249384,1203.87,1029.27,2625.00,0.628396,0.266667,-1.912376,0.145157,0.946412,0.166107,0.091666,0.563034,281.25,0.030867,7.3751,0.2295
21008,0.000078,0.206509,1173.90,1085.21,2671.88,0.600487,0.231373,-1.029093,0.079133,0.761660,-0.100264,-0.144621,0.433185,328.12,0.027879,7.1866,0.3499
21013,0.000077,0.273624,1149.20,1074.31,2671.88,0.671756,0.203922,-0.769253,0.305503,0.461120,0.051403,-0.284879,0.236106,281.25,0.032198,7.8932,0.4483
21019,0.000072,0.189074,1104.13,1018.60,2578.12,0.636522,0.219608,-1.053145,0.277217,0.651248,0.149585,-0.167602,0.142696,281.25,0.034417,8.5865,0.4072
21024,0.000078,0.256112,1157.94,1048.82,2718.75,0.635272,0.258824,-1.708273,0.198261,0.910920,0.064550,0.030202,0.504339,328.12,0.032884,8.6656,0.2646
21029,0.000057,0.243989,1119.13,983.30,2390.62,0.648555,0.376471,-1.761083,0.286358,0.757694,0.342953,-0.022498,0.396578,328.12,0.028962,6.9651,0.2841
21035,0.000069,0.140265,1184.55,1025.54,2531.25,0.681538,0.172549,-1.129096,0.088739,0.594415,0.042626,-0.050132,0.453446,328.12,0.019760,5.9274,0.3270
21040,0.000053,0.220772,1344.02,1079.57,2859.38,0.750561,0.403922,-1.463840,-0.269167,0.731015,0.226869,0.075493,0.699632,328.12,0.023758,7.2088,0.2220
21045,0.000090,0.152731,1239.32,1078.05,2765.62,0.628928,0.203922,-1.000729,-0.197133,0.738656,0.021491,-0.111988,0.549704,328.12,0.027232,8.7587,0.3062
21051,0.000091,0.266058,1156.79,1057.53,2578.12,0.650052,0.160784,-1.002458,0.223377,0.732287,-0.274933,-0.125203,0.446930,328.12,0.032641,9.0725,0.3658
21056,0.000088,0.265950,1091.86,1065.62,2625.00,0.626790,0.156863,-0.862824,0.269052,0.755302,-0.184507,-0.262877,0.285855,328.12,0.045872,10.4855,0.4235
21061,0.000071,0.133673,1174.98,1098.47,2671.88,0.613036,0.247059,-0.852196,0.223145,0.747653,-0.377044,-0.214655,0.473098,328.12,0.048469,11.3452,0.3908
21067,0.000074,0.140525,1169.33,1052.38,2625.00,0.671660,0.294118,-1.248689,0.229885,0.771405,-0.095192,-0.066898,0.409489,281.25,0.037716,9.5802,0.3361
21072,0.000077,0.270249,1061.58,993.52,2390.62,0.633311,0.176471,-1.067474,0.277282,0.614911,0.240836,-0.209199,0.143642,281.25,0.029202,6.8215,0.4104
21077,0.000077,0.207239,1125.30,1016.43,2578.12,0.589669,0.215686,-1.372022,-0.088054,0.887447,0.201747,-0.055913,0.426798,375.00,0.031890,8.6155,0.2859
21083,0.000072,0.162004,1152.65,1033.05,2671.88,0.627012,0.207843,-1.342009,-0.339267,0.954822,0.161054,0.069749,0.495650,375.00,0.035105,9.6822,0.2454
21088,0.000067,0.174140,1216.83,1068.86,2765.62,0.666482,0.278431,-1.215838,-0.261703,0.842767,0.163160,-0.101491,0.573103,328.12,0.035288,9.8252,0.2740
21093,0.000073,0.271606,1278.71,1046.13,2765.62,0.743470,0.254902,-1.089744,-0.530488,0.592042,0.387779,0.144704,0.495707,328.12,0.028621,7.1722,0.2441
21099,0.000083,0.160577,1270.22,1113.62,2953.12,0.637592,0.180392,-1.412993,-0.255670,0.928413,0.235429,-0.133153,0.637974,328.12,0.033793,9.7147,0.2522
21104,0.000067,0.216277,1232.34,1095.51,2859.38,0.639010,0.203922,-1.448595,0.059681,0.908552,-0.058167,-0.022938,0.561467,328.12,0.041077,12.3595,0.2761
21109,0.000081,0.163206,1221.45,1051.06,2671.88,0.673207,0.223529,-1.624104,0.209714,0.863690,-0.116792,0.126041,0.541451,328.12,0.040497,11.6603,0.2610
21115,0.000065,0.262280,1187.30,1073.29,2671.88,0.618012,0.231373,-0.755503,-0.021458,0.805553,-0.298359,-0.290211,0.559976,328.12,0.035003,9.7350,0.3721
21120,0.000077,0.175201,1092.63,997.28,2437.50,0.585268,0.215686,-0.789548,-0.162848,0.871253,-0.109893,-0.127679,0.318715,375.00,0.033760,10.4212,0.3608
21125,0.000072,0.268255,1080.05,994.85,2390.62,0.616769,0.235294,-0.874244,0.071619,0.809172,-0.294207,0.120017,0.167642,328.12,0.036916,11.0517,0.3670
21131,0.000079,0.149434,1194.72,1055.38,2578.12,0.599000,0.172549,-1.076669,-0.191750,0.869045,-0.159575,0.083010,0.475938,328.12,0.041078,12.6707,0.2862
21136,0.000081,0.163327,1230.02,1079.31,2765.62,0.632090,0.168627,-1.252300,-0.265720,0.918508,-0.053408,0.084445,0.568475,328.12,0.041246,12.3796,0.2525
21141,0.000083,0.229608,1172.20,1062.14,2671.88,0.594426,0.176471,-0.994788,0.054144,0.945032,-0.601231,0.055541,0.541301,328.12,0.040238,11.1448,0.3168
21147,0.000201,0.376303,1053.81,1024.63,2484.38,0.566872,0.039216,-0.854698,0.664753,0.751744,-0.675314,-0.141730,0.255245,281.25,0.041002,9.8644,0.4621
21152,0.000255,0.374619,893.06,1007.31,2296.88,0.501444,0.050980,-0.695842,1.073231,0.790886,-0.856781,-0.381399,0.069906,234.38,0.091883,16.5727,0.5853
21157,0.000301,0.359336,751.01,942.99,2015.62,0.399312,0.047059,-0.791989,1.259454,0.961940,-0.513977,-0.784619,-0.130809,234.38,0.148850,18.5679,0.6663
21163,0.000444,0.335768,689.94,863.34,1593.75,0.397647,0.058824,-0.261753,1.050980,0.924497,-0.336810,-0.864127,-0.512787,234.38,0.178825,17.7078,0.7471
21168,0.000590,0.354648,611.41,834.35,1453.12,0.314444,0.015686,-0.084659,1.336573,0.783672,-0.783911,-0.776952,-0.474724,234.38,0.216498,16.8910,0.7776
21173,0.000865,0.422132,545.04,762.04,1218.75,0.309571,0.019608,0.486284,1.253187,0.459044,-0.822166,-0.642351,-0.733997,187.50,0.316161,16.5640,0.8261
21179,0.000872,0.416631,456.91,629.13,609.38,0.228395,0.039216,0.713684,1.223879,0.875203,-0.798552,-0.863773,-1.150440,140.62,0.421315,14.7976,0.8782
21184,0.000523,0.254800,578.68,718.75,1078.12,0.333233,0.011765,0.364659,0.823390,0.821556,-0.392665,-0.714484,-0.902457,140.62,0.421928,12.0605,0.8026
21189,0.000697,0.276314,762.56,841.81,1640.62,0.532451,0.031373,0.138417,0.426059,0.341871,0.010674,-0.345834,-0.571188,93.75,0.327308,8.3438,0.6772
21195,0.000480,0.030991,625.73,789.95,1359.38,0.374341,0.007843,0.421038,0.792943,0.513703,-0.364163,-0.609924,-0.753598,93.75,0.333043,11.6022,0.7839
21200,0.000270,0.165418,638.32,803.57,1359.38,0.421364,0.054902,0.523700,0.704042,0.349649,-0.299368,-0.550393,-0.727630,140.62,0.320016,11.3743,0.7778
21205,0.000164,0.042106,619.71,783.25,1312.50,0.367269,0.125490,0.348465,0.762345,0.662972,-0.491986,-0.568356,-0.713440,375.00,0.152458,9.0374,0.7679
21211,0.000204,0.202672,740.27,805.01,1546.88,0.411372,0.090196,-0.736416,0.275176,1.134145,0.229760,-0.410764,-0.491902,328.12,0.101571,10.2938,0.5550
21216,0.000253,0.270773,704.05,772.58,1500.00,0.454961,0.062745,-0.203777,0.551097,0.741125,0.049564,-0.381455,-0.756554,234.38,0.078698,7.7416,0.6776
21221,0.000215,0.273508,662.63,818.02,1500.00,0.395831,0.031373,-0.009320,0.935001,0.615535,-0.351686,-0.566438,-0.623093,187.50,0.115625,11.2531,0.7422
21227,0.000104,0.269269,743.28,850.41,1734.38,0.482082,0.203922,-0.412118,0.798303,0.628125,-0.060533,-0.415212,-0.538566,234.38,0.120752,10.8780,0.6615
21232,0.000150,0.091198,793.72,943.10,1875.00,0.492468,0.094118,-0.029083,0.657439,0.580164,-0.271740,-0.531252,-0.405529,281.25,0.067904,8.3526,0.6862
21237,0.000075,0.123252,891.43,953.86,2156.25,0.565424,0.207843,-0.110850,0.331190,0.561108,-0.185081,-0.310285,-0.286082,328.12,0.056658,8.6486,0.6007
21243,0.000102,0.155946,878.60,931.61,2062.50,0.562086,0.200000,-0.002129,0.244087,0.498233,-0.264025,-0.218417,-0.257749,93.75,0.040391,6.4187,0.5888
21248,0.000104,0.079367,990.78,1025.22,2437.50,0.580047,0.125490,-0.337427,0.362853,0.550685,-0.248058,-0.371021,0.042967,328.12,0.032440,6.7927,0.5441
21253,0.000121,0.214131,900.93,965.69,2250.00,0.526975,0.109804,-0.650975,0.333689,0.909953,-0.008906,-0.593824,0.010065,328.12,0.050538,9.9864,0.5333
21259,0.000090,0.224448,879.05,919.71,2062.50,0.508398,0.149020,-0.708218,0.107304,1.018086,-0.096868,-0.297130,-0.023175,328.12,0.056086,10.9749,0.4650
21264,0.000076,0.152204,933.56,975.66,2203.12,0.525397,0.274510,-0.387359,0.113139,0.834505,-0.253894,-0.289227,-0.017163,375.00,0.054077,11.4439,0.5040
21269,0.000100,0.189406,1068.63,1075.87,2578.12,0.581027,0.156863,-0.138775,0.130026,0.534815,-0.390162,-0.340734,0.204831,375.00,0.040807,9.8766,0.5159
21275,0.000084,0.247614,980.23,1005.44,2343.75,0.589091,0.200000,-0.682904,0.279588,0.844076,-0.390388,-0.164548,0.114176,375.00,0.040242,9.7770,0.4560
21280,0.000096,0.246922,939.71,951.86,2296.88,0.543180,0.160784,-0.995289,0.405764,0.939289,-0.187048,-0.218290,0.055574,328.12,0.051393,12.0559,0.4469
21285,0.000068,0.151792,959.76,958.76,2390.62,0.538986,0.200000,-0.832416,0.331876,0.829350,-0.053484,-0.287546,0.012221,328.12,0.047164,11.8341,0.4719
21291,0.000135,0.201534,953.69,985.40,2390.62,0.549874,0.152941,-0.680616,0.350310,0.731604,0.083857,-0.426152,-0.059002,328.12,0.036751,8.5393,0.5193
21296,0.000222,0.292087,899.25,1007.45,2390.62,0.494789,0.031373,-0.174146,0.600421,0.548724,-0.289180,-0.593663,-0.092156,140.62,0.038668,7.9595,0.6355
21301,0.000529,0.548987,785.16,904.14,1781.25,0.529954,0.023529,0.103828,0.721255,0.251734,-0.161876,-0.430394,-0.484548,140.62,0.092263,9.0184,0.7047
21307,0.000691,0.495616,715.29,842.97,1546.88,0.500777,0.007843,0.221586,0.764577,0.301280,-0.196722,-0.442904,-0.647816,140.62,0.216373,10.6676,0.7385
21312,0.000617,0.268605,507.45,697.69,890.62,0.270533,0.015686,0.556867,1.254818,0.352675,-0.394265,-0.743892,-1.026202,140.62,0.358260,15.7328,0.8570
21317,0.000539,0.239373,611.24,759.42,1265.62,0.387476,0.007843,0.404424,0.941356,0.274887,-0.118384,-0.672091,-0.830192,140.62,0.389150,15.0807,0.8060
21323,0.000499,0.150539,569.08,713.71,1031.25,0.338204,0.019608,0.520465,0.867047,0.459204,-0.107590,-0.749024,-0.990102,140.62,0.366984,15.0806,0.8268
21328,0.000422,0.136384,536.25,708.95,984.38,0.312362,0.027451,0.545450,1.070927,0.367229,-0.176786,-0.716840,-1.089979,140.62,0.323127,15.5334,0.8470
21333,0.000465,0.172149,536.30,721.60,1125.00,0.310950,0.015686,0.568283,1.114332,0.395855,-0.467418,-0.572977,-1.038074,93.75,0.217495,12.6537,0.8385
21339,0.000206,0.175604,496.37,726.17,1031.25,0.285332,0.031373,0.854882,1.223982,0.126456,-0.569526,-0.681859,-0.953936,140.62,0.254821,15.0748,0.8650
21344,0.000209,0.158990,629.04,798.07,1406.25,0.394441,0.062745,0.510995,0.932569,0.114395,-0.162979,-0.624750,-0.770230,140.62,0.224080,14.6536,0.8052
21349,0.000106,0.049884,722.05,846.57,1593.75,0.426428,0.188235,0.083363,0.817804,0.215600,0.048306,-0.607729,-0.557343,140.62,0.100585,9.9987,0.7375
21355,0.000165,0.234951,826.74,867.02,1781.25,0.470200,0.066667,-0.794103,0.598157,0.702264,0.240972,-0.396341,-0.350950,281.25,0.073641,8.0839,0.5685
21360,0.000108,0.115157,930.21,906.32,2062.50,0.541398,0.243137,-0.777297,0.240689,0.733509,0.189330,-0.198672,-0.187559,281.25,0.057259,7.6664,0.4812
21365,0.000138,0.233842,891.13,882.47,1968.75,0.521425,0.141176,-0.650969,0.067047,0.814893,0.275101,-0.291965,-0.214107,421.88,0.055220,7.2160,0.4903
21371,0.000147,0.257825,1038.79,940.96,2250.00,0.640589,0.066667,-0.489099,-0.187867,0.417412,0.386480,-0.070368,-0.056558,421.88,0.050544,5.8323,0.4317
21376,0.000124,0.217871,914.90,983.61,2296.88,0.565309,0.145098,-0.339669,0.371025,0.656493,-0.034973,-0.533149,-0.119726,328.12,0.062745,8.0948,0.5847
21381,0.000087,0.073232,926.42,981.22,2296.88,0.517373,0.149020,-0.708988,0.379060,0.826698,-0.076309,-0.392698,-0.027762,328.12,0.070386,12.2818,0.5113
21387,0.000110,0.270810,869.54,896.93,1968.75,0.518710,0.145098,-0.378530,0.141162,0.702059,0.079350,-0.280668,-0.263374,328.12,0.053108,8.8234,0.5383
21392,0.000088,0.153113,836.09,885.20,1921.88,0.511933,0.129412,-0.314562,0.420201,0.595055,-0.007518,-0.367772,-0.325404,328.12,0.039090,7.1204,0.5985
21397,0.000085,0.223958,1015.64,939.64,2296.88,0.653769,0.196078,-0.803957,0.371247,0.402462,0.244477,-0.102582,-0.111645,281.25,0.046421,8.8585,0.4727
21403,0.000062,0.203092,1071.08,1004.36,2437.50,0.629586,0.282353,-1.041404,0.276196,0.733626,-0.013840,-0.037390,0.082813,281.25,0.039177,8.1767,0.4000
21408,0.000084,0.145713,1265.70,1096.07,2859.38,0.669949,0.172549,-1.011467,-0.137130,0.752300,-0.186394,0.127714,0.454975,328.12,0.035888,8.8736,0.2962
21413,0.000102,0.188119,1212.61,1058.63,2671.88,0.660041,0.129412,-0.987579,-0.149631,0.699838,-0.046389,0.212992,0.270768,328.12,0.036036,8.8919,0.3078
21419,0.000085,0.273297,1000.93,997.06,2296.88,0.569418,0.192157,-0.764225,0.347972,0.784773,-0.220931,-0.142474,-0.005114,281.25,0.043641,9.7332,0.4665
21424,0.000063,0.177219,1055.53,1019.83,2437.50,0.607891,0.266667,-1.004319,0.306214,0.770575,0.063800,-0.204568,0.068298,281.25,0.044826,10.0920,0.4302
21429,0.000074,0.201701,1171.24,1061.42,2625.00,0.610482,0.219608,-1.466159,0.016362,0.936145,0.046347,-0.010583,0.477888,328.12,0.030874,7.7605,0.2772
21435,0.000068,0.167164,1096.10,1011.57,2531.25,0.594964,0.274510,-1.397297,0.204401,0.764803,0.293484,-0.178729,0.313337,328.12,0.025007,6.8484,0.3399
21440,0.000062,0.216987,1172.87,1018.51,2578.12,0.633303,0.266667,-1.639603,-0.140989,0.876094,0.285075,0.122968,0.496456,375.00,0.026569,7.8312,0.2315
21445,0.000084,0.231245,1365.44,1076.49,2765.62,0.710710,0.172549,-2.055722,-0.368001,0.802446,0.457935,0.306533,0.856809,328.12,0.024935,6.9237,0.1426
21451,0.000073,0.273721,1277.63,1057.20,2671.88,0.719773,0.258824,-0.953955,-0.328657,0.505782,0.169369,0.096199,0.511262,328.12,0.029903,6.8621,0.2799
21456,0.000089,0.189761,1191.07,1067.57,2625.00,0.609471,0.207843,-0.813603,-0.199315,0.733286,-0.062503,-0.136171,0.478305,328.12,0.038215,8.9675,0.3368
21461,0.000376,0.390794,1156.26,1046.45,2531.25,0.668922,0.070588,-0.494922,0.145573,0.362113,-0.190493,-0.144597,0.322326,328.12,0.041300,6.9322,0.4345
21467,0.000380,0.573842,813.09,968.77,2062.50,0.495184,0.023529,0.307582,0.838562,0.027837,-0.526804,-0.449008,-0.198169,140.62,0.125243,9.7651,0.7103
21472,0.000747,0.325178,765.04,913.37,1781.25,0.451915,0.007843,0.457565,0.882043,-0.191662,-0.380964,-0.331766,-0.435217,140.62,0.240058,14.7575,0.7414
21477,0.000767,0.389416,648.65,825.41,1406.25,0.388481,0.019608,0.550375,0.938118,0.050524,-0.246088,-0.518755,-0.774173,140.62,0.355977,14.2141,0.8007
21483,0.000758,0.280628,584.02,736.97,1171.88,0.341322,0.054902,0.455692,0.983030,0.276661,-0.139684,-0.583295,-0.992404,140.62,0.445232,14.2518,0.8186
21488,0.000796,0.282568,612.84,720.06,1125.00,0.356910,0.027451,0.521521,0.598178,0.294834,0.225353,-0.628339,-1.011546,93.75,0.402551,11.7425,0.7990
21493,0.001044,0.232781,689.27,765.19,1406.25,0.436158,0.047059,0.288795,0.454011,0.296190,0.418754,-0.651128,-0.806622,93.75,0.420929,10.2209,0.7503
21499,0.000707,0.239304,657.62,760.54,1406.25,0.369609,0.062745,0.243259,0.721180,0.266343,0.235210,-0.591360,-0.874631,140.62,0.484459,12.0958,0.7712
21504,0.000576,0.248554,843.63,877.70,1875.00,0.574444,0.019608,0.129409,0.340528,0.062155,0.203279,-0.232856,-0.502515,140.62,0.412160,8.7839,0.6463
21509,0.000592,0.065248,745.57,785.08,1500.00,0.456327,0.015686,0.171765,0.262887,0.312549,0.317417,-0.288915,-0.775705,93.75,0.339049,9.6878,0.6791
21515,0.000342,0.142877,697.11,751.90,1359.38,0.433504,0.023529,0.109744,0.270977,0.513072,0.544903,-0.616693,-0.822003,93.75,0.279260,9.1444,0.7129
21520,0.000287,0.109857,635.77,704.97,1218.75,0.361095,0.047059,0.230674,0.411212,0.541819,0.392898,-0.593609,-0.982994,140.62,0.192755,7.6923,0.7520
21525,0.000188,0.182912,770.90,776.87,1593.75,0.462103,0.109804,-0.372254,0.320561,0.569547,0.234964,-0.202898,-0.549920,375.00,0.137465,7.6040,0.5868
21531,0.000203,0.159165,693.31,733.25,1453.12,0.410486,0.101961,-0.439009,0.466329,0.846478,0.406016,-0.494456,-0.785358,234.38,0.084671,5.8969,0.6578
21536,0.000137,0.108416,673.82,750.32,1171.88,0.350094,0.129412,-0.100220,0.615530,0.626652,0.431981,-0.717480,-0.856465,140.62,0.080217,8.0324,0.7397
21541,0.000221,0.161448,743.39,838.19,1500.00,0.412969,0.058824,-0.295074,0.639552,0.603779,0.249664,-0.626312,-0.571609,281.25,0.080623,8.9329,0.6838
21547,0.000174,0.211758,784.90,838.75,1640.62,0.476201,0.094118,-0.685905,0.450549,0.873636,0.216074,-0.380668,-0.473685,281.25,0.082833,8.3751,0.5768
21552,0.000119,0.231693,849.41,866.16,1921.88,0.544939,0.137255,-0.436431,0.236205,0.605587,0.139050,-0.260729,-0.283681,375.00,0.082093,7.6066,0.5429
21557,0.000136,0.089937,802.67,872.65,1875.00,0.466362,0.137255,-0.238243,0.338933,0.653264,0.105216,-0.457481,-0.401689,375.00,0.051640,6.1207,0.6177
21563,0.000086,0.161596,830.54,924.17,1968.75,0.490624,0.207843,-0.233303,0.557051,0.626830,-0.060256,-0.554539,-0.335782,93.75,0.039479,5.9060,0.6473
21568,0.000071,0.198793,857.81,910.20,2015.62,0.509141,0.219608,-0.155145,0.144470,0.558489,0.269052,-0.561127,-0.255738,328.12,0.037981,6.4475,0.5994
21573,0.000080,0.182899,1082.89,980.82,2390.62,0.622162,0.262745,-0.771163,-0.313369,0.644615,0.419355,-0.132386,0.152949,375.00,0.031683,6.7576,0.3653
21579,0.000067,0.218423,1163.15,1066.32,2765.62,0.669274,0.270588,-1.232455,-0.060659,0.772239,0.251345,-0.071589,0.341118,375.00,0.029557,6.7793,0.3140
21584,0.000074,0.115874,1151.95,1057.62,2578.12,0.641535,0.282353,-1.102666,-0.173220,0.732770,0.357942,-0.201813,0.386987,328.12,0.028078,7.4273,0.3251
21589,0.000076,0.195862,1198.89,1082.45,2625.00,0.641279,0.188235,-0.968272,-0.429419,0.903479,0.158498,-0.243747,0.579462,375.00,0.032574,9.3587,0.2959
21595,0.000064,0.220061,1125.06,1027.15,2578.12,0.640177,0.235294,-1.074282,-0.163345,0.837189,0.245461,-0.266247,0.421224,328.12,0.030512,8.5501,0.3326
21600,0.000069,0.158512,1160.83,1065.26,2718.75,0.613333,0.290196,-1.296240,0.274583,0.939409,-0.388633,-0.005862,0.476743,328.12,0.033782,10.9660,0.3216
21605,0.000073,0.320040,1067.21,1026.73,2531.25,0.597379,0.239216,-0.619181,0.148691,0.602496,-0.075256,-0.310843,0.254092,375.00,0.021491,6.6095,0.4485
21611,0.000089,0.376527,972.09,955.16,2296.88,0.622272,0.231373,-0.544157,0.364194,0.425278,0.105404,-0.264790,-0.085930,234.38,0.028676,6.6231,0.5213
21616,0.000076,0.189331,1014.27,1013.83,2390.62,0.611041,0.200000,-0.768780,0.444951,0.648715,-0.018814,-0.347276,0.041204,281.25,0.033766,7.7617,0.4978
21621,0.000093,0.190269,1089.45,1034.21,2625.00,0.649388,0.200000,-0.635239,0.357574,0.495533,-0.171890,-0.099984,0.054007,234.38,0.027532,6.8579,0.4711
21627,0.000253,0.347587,1075.80,1025.90,2578.12,0.657938,0.074510,-0.377056,0.282909,0.159614,-0.029335,-0.157214,0.121081,187.50,0.031360,6.6726,0.4927
21632,0.000733,0.570834,765.00,873.52,1875.00,0.465588,0.003922,0.505058,0.613577,-0.172159,-0.190222,-0.331354,-0.424899,140.62,0.104951,10.3950,0.7186
21637,0.000606,0.566630,549.35,704.43,1125.00,0.319304,0.023529,0.664001,0.957673,0.116116,-0.197660,-0.563300,-0.976831,140.62,0.304251,13.6359,0.8293
21643,0.000617,0.236856,604.80,779.47,1218.75,0.324222,0.035294,0.572530,0.968234,0.029014,-0.065922,-0.761466,-0.742390,140.62,0.421790,15.9307,0.8209
21648,0.000623,0.104141,599.77,765.72,1265.62,0.329130,0.007843,0.684317,0.975591,-0.042268,-0.002772,-0.769951,-0.844917,140.62,0.400881,17.0744,0.8372
21653,0.000475,0.191179,638.21,774.95,1265.62,0.357715,0.003922,0.523041,0.859674,-0.030582,0.189024,-0.672665,-0.868492,140.62,0.388177,14.9351,0.8118
21659,0.000558,0.226724,736.04,854.81,1546.88,0.468127,0.023529,0.407690,0.610560,-0.008673,0.289972,-0.652923,-0.646626,140.62,0.309984,10.6751,0.7611
21664,0.000352,0.080202,726.40,836.72,1593.75,0.428226,0.058824,0.417490,0.694591,-0.090879,0.276570,-0.584060,-0.713713,140.62,0.293222,12.0111,0.7694
21669,0.000357,0.204723,851.11,903.07,1875.00,0.538818,0.027451,0.224966,0.391215,-0.169003,0.372804,-0.358849,-0.461132,140.62,0.224475,9.1265,0.6722
21675,0.000228,0.175285,899.44,867.95,1828.12,0.545538,0.113725,-0.348922,-0.074602,0.444459,0.588440,-0.222089,-0.387286,468.75,0.142445,6.3410,0.5232
21680,0.000225,0.124089,813.04,776.27,1593.75,0.460176,0.086275,-0.902326,-0.113381,1.032516,0.658509,-0.134067,-0.541251,468.75,0.135808,8.8572,0.4576
21685,0.000149,0.155348,719.89,753.09,1406.25,0.409241,0.101961,-0.439232,0.328169,0.919506,0.203421,-0.270632,-0.741232,375.00,0.098913,8.6177,0.6107
21691,0.000107,0.152567,830.92,879.97,1781.25,0.489704,0.141176,-0.442114,0.466030,0.741361,-0.053748,-0.329552,-0.381978,375.00,0.066275,6.4594,0.5909
21696,0.000091,0.075518,945.70,928.79,2250.00,0.559345,0.152941,-0.487604,0.303741,0.534705,0.080189,-0.238158,-0.192873,281.25,0.046723,6.1232,0.5309
21701,0.000107,0.160082,984.21,933.49,2062.50,0.615140,0.184314,-0.372662,0.192951,0.198239,0.309034,-0.125617,-0.201947,281.25,0.042525,6.5976,0.5185
21707,0.000133,0.222928,1021.79,1051.03,2625.00,0.591426,0.090196,-0.326974,0.440590,0.484132,-0.214792,-0.470895,0.087939,234.38,0.039911,6.6985,0.5618
21712,0.000090,0.225751,870.48,936.83,2109.38,0.536414,0.235294,-0.371883,0.416857,0.622892,-0.121356,-0.334344,-0.212166,234.38,0.050419,8.2554,0.5734
21717,0.000099,0.168797,909.45,959.15,2156.25,0.521156,0.160784,-0.541664,0.617571,0.554627,-0.245023,-0.226634,-0.158877,234.38,0.053210,9.2946,0.5574
21723,0.000082,0.222639,1062.86,1050.95,2578.12,0.619578,0.266667,-0.632187,0.355684,0.626792,-0.299922,-0.165340,0.114973,234.38,0.039501,7.6442,0.4718
21728,0.000081,0.241841,1097.10,975.67,2390.62,0.678947,0.278431,-0.923049,-0.097072,0.570775,0.192569,0.201219,0.055559,421.88,0.028930,5.2443,0.3456
21733,0.000087,0.125717,1088.31,990.53,2484.38,0.634856,0.231373,-0.733918,0.092429,0.397873,0.199774,-0.006577,0.050419,468.75,0.027800,6.1450,0.4152
21739,0.000089,0.298028,1034.04,1010.24,2437.50,0.609557,0.184314,-0.828856,0.079272,0.620606,0.333586,-0.322565,0.117958,328.12,0.025491,5.8092,0.4323
21744,0.000062,0.238738,961.89,1019.66,2484.38,0.537809,0.278431,-0.812697,0.304261,0.802463,0.150264,-0.428700,-0.015591,281.25,0.032568,7.0301,0.4920
21749,0.000060,0.181876,1086.65,1048.06,2625.00,0.653402,0.290196,-0.661174,0.086608,0.565758,0.129863,-0.275435,0.154382,234.38,0.023463,5.0757,0.4436
21755,0.000055,0.054576,1212.12,1085.52,2812.50,0.664296,0.341176,-0.604174,0.032059,0.371009,0.044839,-0.169514,0.325780,328.12,0.013681,4.1827,0.4099
21760,0.000079,0.232007,1334.07,1095.78,2859.38,0.747699,0.168627,-0.842810,-0.427061,0.473521,0.212776,-0.000806,0.584379,328.12,0.017494,5.6034,0.2836
21765,0.000059,0.309094,1251.03,1073.18,2671.88,0.697694,0.356863,-0.844604,0.119105,0.547090,-0.260679,-0.012990,0.452080,328.12,0.024818,6.9191,0.3584
21771,0.000073,0.186521,1134.54,1057.50,2531.25,0.674865,0.211765,-0.520820,0.221403,0.497882,-0.300395,-0.105972,0.207901,328.12,0.025619,6.6788,0.4500
21776,0.000076,0.183169,1187.68,1043.04,2625.00,0.672378,0.188235,-0.700811,-0.445728,0.708307,0.090144,-0.042561,0.390651,375.00,0.024189,7.4550,0.3214
21781,0.000082,0.190582,1076.21,992.04,2484.38,0.587720,0.184314,-1.216010,-0.370277,1.073074,0.140262,0.026844,0.346107,375.00,0.034858,11.0440,0.2730
21787,0.000168,0.356690,1009.38,995.01,2437.50,0.560593,0.078431,-1.013052,0.248784,0.919847,-0.023284,-0.295108,0.162812,328.12,0.042820,11.6721,0.4217
21792,0.000166,0.476206,826.93,927.78,2062.50,0.477426,0.101961,-0.481391,0.812471,0.635293,-0.282406,-0.522212,-0.161757,234.38,0.058353,9.3209,0.6242
21797,0.000370,0.372692,843.04,925.05,2156.25,0.506279,0.015686,-0.229043,0.669987,0.557222,-0.276894,-0.553611,-0.167660,234.38,0.098237,10.7149,0.6413
21803,0.000459,0.424152,745.25,863.46,1781.25,0.465531,0.031373,-0.003417,0.758413,0.487568,-0.272886,-0.528318,-0.441361,234.38,0.126383,8.2638,0.7031
21808,0.000573,0.335552,818.91,894.17,1921.88,0.523063,0.031373,0.026411,0.794152,-0.088325,-0.140281,-0.242042,-0.349916,187.50,0.238688,13.2023,0.6696
21813,0.000537,0.335046,700.26,800.23,1500.00,0.415448,0.054902,-0.041074,0.801154,0.430598,-0.196391,-0.349727,-0.644561,187.50,0.293432,11.6465,0.7062
21819,0.000545,0.217024,734.83,806.41,1546.88,0.471185,0.011765,0.134588,0.629582,0.269226,-0.192074,-0.246882,-0.594440,140.62,0.301951,10.7720,0.6906
21824,0.000400,0.090271,701.24,760.01,1500.00,0.437051,0.023529,0.175931,0.601882,0.221590,0.072296,-0.237132,-0.834566,140.62,0.285746,12.9169,0.7160
21829,0.000354,0.196166,568.57,690.87,1265.62,0.303829,0.062745,0.380341,0.929121,0.407134,-0.040056,-0.396604,-1.279936,140.62,0.268131,12.8646,0.8165
21835,0.000551,0.262572,656.96,741.09,1312.50,0.365482,0.023529,-0.097532,0.708327,0.699581,0.146569,-0.469152,-0.987792,140.62,0.152813,7.6530,0.7377
21840,0.000402,0.268794,677.53,695.33,1312.50,0.397487,0.035294,-0.378022,0.485808,0.811401,0.409042,-0.368868,-0.959362,281.25,0.157123,6.1836,0.6722
21845,0.000152,0.168912,544.39,632.08,937.50,0.280697,0.082353,0.038722,0.924740,0.794883,0.134846,-0.686218,-1.206972,234.38,0.204014,8.8624,0.8066
21851,0.000111,0.075333,650.94,733.88,1359.38,0.371622,0.172549,-0.187495,0.691755,0.742349,0.243971,-0.522564,-0.968015,281.25,0.103136,7.1622,0.7306
21856,0.000212,0.058971,926.02,875.94,1734.38,0.521687,0.027451,-0.885698,-0.046875,0.755006,0.582635,-0.041097,-0.363970,515.62,0.058378,7.4001,0.4344
21861,0.000146,0.314180,767.37,821.18,1593.75,0.446451,0.113725,-0.688872,0.397711,0.954749,0.310981,-0.436795,-0.537774,328.12,0.073053,8.9951,0.5846
21867,0.000115,0.228599,680.03,734.23,1406.25,0.387328,0.054902,-0.417083,0.499738,0.921625,0.120579,-0.470188,-0.654670,328.12,0.092305,10.4774,0.6465
21872,0.000116,0.167558,822.96,818.93,1687.50,0.493329,0.145098,-0.830814,0.206307,0.902820,0.470582,-0.419905,-0.328990,281.25,0.054860,7.0615,0.5155
21877,0.000109,0.069415,856.76,883.59,1968.75,0.489044,0.125490,-0.620487,0.256713,0.818414,0.230076,-0.452997,-0.231718,328.12,0.050675,8.0368,0.5400
21883,0.000108,0.127183,886.26,923.40,2156.25,0.491497,0.145098,-0.881524,0.284921,0.952532,0.258212,-0.484256,-0.129884,328.12,0.056875,10.7358,0.5022
21888,0.000070,0.173943,905.64,889.11,2015.62,0.522911,0.262745,-1.364741,0.355964,0.971848,0.227474,-0.111390,-0.079154,328.12,0.052209,10.2167,0.3991
21893,0.000079,0.200537,988.06,948.59,2250.00,0.583532,0.172549,-1.025035,0.171957,0.719658,0.304188,-0.164244,-0.006524,328.12,0.027550,5.4283,0.4155
21899,0.000090,0.112028,1163.70,1006.82,2578.12,0.644243,0.172549,-1.170789,-0.380758,0.805551,0.426925,-0.105822,0.424894,375.00,0.025744,6.4172,0.2818
21904,0.000085,0.270127,1045.96,1019.16,2484.38,0.546765,0.235294,-1.198729,0.265179,1.042603,-0.103352,-0.372378,0.366677,328.12,0.040347,9.4558,0.3861
21909,0.000090,0.175893,1099.42,1076.92,2671.88,0.550351,0.184314,-1.219623,0.244218,0.929303,0.008801,-0.412145,0.449446,328.12,0.040884,10.0343,0.3760
21915,0.000082,0.300688,1001.93,1013.56,2531.25,0.526382,0.180392,-1.090619,0.560854,0.859241,-0.045046,-0.472033,0.187601,281.25,0.038072,8.3871,0.4694
21920,0.000096,0.155759,1038.04,975.92,2250.00,0.580286,0.164706,-1.131449,0.344036,0.818412,-0.024859,-0.089905,0.083766,281.25,0.036030,8.4372,0.4036
21925,0.000084,0.293089,1028.78,964.06,2250.00,0.604344,0.172549,-0.754548,0.073144,0.702733,-0.102954,0.067866,0.013759,375.00,0.040629,8.6366,0.4058
21931,0.000076,0.193756,1162.16,1052.69,2671.88,0.622040,0.219608,-0.766706,-0.144197,0.796029,-0.237669,-0.122599,0.475144,375.00,0.047069,10.1713,0.3471
21936,0.000080,0.114114,1344.85,1122.16,2859.38,0.650540,0.200000,-1.207716,-0.286520,0.919188,-0.152197,-0.126502,0.853748,375.00,0.041608,10.8747,0.2477
21941,0.000078,0.230366,1194.95,1097.78,2671.88,0.648416,0.196078,-1.136662,0.267170,0.881435,-0.322016,-0.287703,0.597776,328.12,0.033271,8.3883,0.3567
21947,0.000081,0.165151,1169.70,1063.55,2625.00,0.641622,0.243137,-1.466746,0.434602,0.816092,-0.105970,-0.196671,0.518694,281.25,0.035668,9.4296,0.3369
21952,0.000101,0.233836,1200.38,1062.64,2718.75,0.674616,0.113725,-1.068484,-0.008521,0.669500,-0.038738,0.043587,0.402656,328.12,0.043405,11.5596,0.3183
21957,0.000085,0.239763,1144.62,1076.19,2671.88,0.627347,0.160784,-1.585122,0.449046,0.945693,-0.307890,0.052032,0.446242,328.12,0.045116,10.4639,0.3064
21963,0.000067,0.184639,1086.64,1035.27,2531.25,0.621293,0.282353,-1.430850,0.497954,0.903172,-0.239003,-0.006465,0.275190,281.25,0.049898,11.9093,0.3542
21968,0.000080,0.190596,1094.06,1040.89,2484.38,0.628034,0.235294,-0.987093,0.231212,0.774846,-0.223358,-0.100974,0.305367,328.12,0.035920,9.4867,0.3822
21973,0.000074,0.264878,1032.36,993.55,2343.75,0.652813,0.227451,-0.527292,0.244328,0.469213,-0.124123,-0.050937,-0.011189,328.12,0.032805,7.7774,0.4724
21979,0.000095,0.135860,1118.40,1059.73,2625.00,0.642140,0.145098,-0.699476,0.027667,0.699507,-0.218827,-0.086808,0.277936,328.12,0.037896,10.4008,0.3938
21984,0.000070,0.232932,1161.90,1098.18,2718.75,0.586171,0.270588,-1.472633,0.206169,1.033190,-0.279599,0.027443,0.485430,328.12,0.045050,12.0945,0.2912
21989,0.000078,0.199600,1187.17,1101.53,2671.88,0.527360,0.211765,-1.393704,0.464593,0.942837,-0.518671,-0.023451,0.528395,281.25,0.042819,11.6896,0.3280
21995,0.000142,0.242124,1203.94,1040.90,2625.00,0.663388,0.125490,-1.390441,0.156461,0.816604,-0.219753,0.076239,0.560889,328.12,0.040652,10.3075,0.2818
22000,0.000401,0.505932,993.40,1053.82,2484.38,0.564498,0.062745,-0.057627,0.408703,0.364280,-0.386644,-0.357100,0.028389,328.12,0.046087,6.3009,0.5842
22005,0.000567,0.498555,864.96,1060.95,2296.88,0.470341,0.015686,0.447797,0.868983,-0.041332,-0.618977,-0.558798,-0.097673,140.62,0.163676,12.3571,0.7284
22011,0.000791,0.408026,789.60,998.65,1968.75,0.440005,0.023529,0.568357,0.964328,-0.233795,-0.562901,-0.450881,-0.285109,140.62,0.325736,16.8821,0.7566
22016,0.000621,0.384234,768.41,935.96,1921.88,0.520881,0.003922,0.563834,0.799183,-0.230416,-0.336989,-0.410978,-0.384636,140.62,0.453955,15.0004,0.7464
22021,0.000519,0.104023,551.85,794.50,1171.88,0.343227,0.007843,0.792269,1.187793,0.151802,-0.701112,-0.735751,-0.695001,140.62,0.465393,17.6298,0.8462
22027,0.000162,0.028378,486.51,727.64,843.75,0.259014,0.125490,0.907990,1.400861,0.366953,-1.071822,-0.755391,-0.848591,140.62,0.352060,20.2075,0.8761
22032,0.000456,0.219765,602.63,797.75,1312.50,0.342686,0.047059,0.314552,0.987495,0.572588,-0.575629,-0.556743,-0.742264,187.50,0.182444,10.8394,0.7859
22037,0.000134,0.143056,536.70,755.09,890.62,0.289763,0.074510,0.357241,1.131447,0.836469,-0.672377,-0.906502,-0.746277,187.50,0.159024,10.1754,0.8279
22043,0.000183,0.048664,552.61,773.45,890.62,0.287280,0.058824,0.356819,1.218147,0.671395,-0.523074,-1.070323,-0.652964,187.50,0.159312,14.0081,0.8388
22048,0.000129,0.117143,747.19,890.28,1875.00,0.415428,0.070588,-0.227399,0.812128,0.758010,-0.278244,-0.743100,-0.321394,187.50,0.069426,10.1404,0.6952
22053,0.000143,0.233084,730.06,917.29,1875.00,0.418272,0.149020,0.149895,0.809926,0.633492,-0.441561,-0.826020,-0.325733,140.62,0.077992,10.1334,0.7419
22059,0.000187,0.100645,836.03,982.76,2109.38,0.485781,0.082353,0.236897,0.739566,0.189037,-0.478557,-0.518432,-0.168511,140.62,0.080613,12.4495,0.6967
22064,0.000066,0.371861,840.72,922.65,1921.88,0.511813,0.258824,-0.142249,0.399808,0.555734,-0.269843,-0.239825,-0.303625,375.00,0.056378,6.6690,0.5988
22069,0.000089,0.156158,939.70,930.68,2203.12,0.585827,0.192157,-0.655646,0.079650,0.714550,0.076020,-0.135164,-0.079411,328.12,0.055640,6.6056,0.4549
22075,0.000101,0.076195,1132.38,1030.72,2531.25,0.654310,0.098039,-0.620418,0.106067,0.433432,-0.002563,-0.201634,0.285115,421.88,0.029185,5.7636,0.4258
22080,0.000061,0.284832,1050.31,987.54,2390.62,0.664275,0.282353,-0.583767,0.065755,0.458118,0.242161,-0.211486,0.029219,421.88,0.029692,5.1607,0.4581
22085,0.000103,0.099817,1004.59,1011.66,2437.50,0.592137,0.121569,-0.270277,0.353459,0.393962,-0.162241,-0.322359,0.007456,93.75,0.026849,5.6112,0.5496
22091,0.000088,0.211729,1048.18,1044.58,2484.38,0.618242,0.160784,-0.312428,0.431977,0.351684,-0.323858,-0.185788,0.038415,140.62,0.034746,7.1197,0.5333
22096,0.000088,0.196802,974.38,988.78,2343.75,0.586353,0.168627,-0.308183,0.320182,0.430873,-0.227114,-0.233170,0.017413,140.62,0.032854,6.6572,0.5284
22101,0.000094,0.202654,949.19,968.63,2296.88,0.554193,0.137255,-0.499997,0.463890,0.650973,-0.300833,-0.329846,0.015813,281.25,0.037694,9.3618,0.5347
22107,0.000071,0.171848,1008.58,1000.03,2343.75,0.541012,0.266667,-0.953815,0.504126,0.923571,-0.531591,-0.186255,0.243964,281.25,0.046192,12.0669,0.4369
22112,0.000100,0.105168,1049.40,1020.96,2437.50,0.597908,0.105882,-0.856383,0.323025,0.805853,-0.315706,-0.206774,0.249985,328.12,0.043145,11.4654,0.4284
22117,0.000094,0.263425,984.21,993.02,2390.62,0.538823,0.203922,-0.993454,0.513127,0.761463,-0.015139,-0.398666,0.132670,281.25,0.039258,8.8694,0.4732
22123,0.000090,0.310548,1013.31,952.27,2296.88,0.630569,0.196078,-1.078210,0.228466,0.638243,0.093206,0.010501,0.107795,234.38,0.039848,7.6262,0.3813
22128,0.000104,0.205444,1078.33,950.80,2296.88,0.657604,0.168627,-1.091494,0.203128,0.605835,0.019969,0.060328,0.202235,328.12,0.030549,5.5960,0.3600
22133,0.000073,0.284736,1164.39,942.87,2390.62,0.678542,0.286275,-1.037769,-0.003922,0.427442,0.312990,0.086498,0.214761,375.00,0.031410,4.9221,0.3382
22139,0.000148,0.091446,1234.46,1002.63,2671.88,0.703152,0.141176,-1.110756,0.104975,0.375759,0.200526,0.110943,0.318553,375.00,0.025165,4.5895,0.3279
22144,0.000459,0.394983,1045.22,995.80,2484.38,0.633475,0.023529,-0.370638,0.119787,0.415898,-0.027280,-0.181657,0.043889,328.12,0.050007,7.0229,0.4859
22149,0.000624,0.560473,596.85,795.35,1265.62,0.371559,0.015686,0.416123,1.020274,0.500186,-0.582534,-0.579981,-0.774067,140.62,0.148059,10.0650,0.8014
22155,0.000463,0.379631,527.32,737.68,984.38,0.302326,0.007843,0.582700,1.236204,0.324388,-0.508771,-0.754127,-0.880394,140.62,0.303028,14.4903,0.8490
22160,0.000292,0.288378,722.10,826.99,1593.75,0.490579,0.050980,0.111595,0.777514,0.353675,-0.127471,-0.441939,-0.673373,140.62,0.303447,12.2685,0.7315
22165,0.000162,0.048254,624.48,780.92,1312.50,0.398476,0.168627,0.286200,0.962836,0.407342,-0.280331,-0.571984,-0.804063,140.62,0.227222,12.9624,0.7879
22171,0.000228,0.102064,645.08,799.58,1453.12,0.388550,0.050980,0.300379,0.822497,0.457854,-0.309512,-0.584627,-0.686591,187.50,0.117362,10.1447,0.7680
22176,0.000137,0.118475,635.89,787.50,1453.12,0.376101,0.113725,0.083165,0.790721,0.868774,-0.543501,-0.583050,-0.616110,187.50,0.073798,7.9517,0.7382
22181,0.000098,0.160182,674.92,814.40,1640.62,0.383494,0.156863,-0.004316,0.752590,0.826314,-0.504363,-0.524256,-0.545968,328.12,0.067895,8.7026,0.7128
22187,0.000106,0.236811,952.32,943.03,2109.38,0.554620,0.129412,-0.968463,0.646852,0.645267,-0.269921,0.038795,-0.092530,187.50,0.054352,8.8606,0.4666
22192,0.000124,0.185184,940.72,965.81,2296.88,0.535567,0.188235,-0.283710,0.400724,0.536492,-0.395769,-0.233825,-0.023914,187.50,0.037013,7.0430,0.5467
22197,0.000118,0.212345,855.23,944.61,2203.12,0.472044,0.074510,-0.229631,0.439052,0.777550,-0.212986,-0.600179,-0.173807,375.00,0.049383,9.6124,0.6205
22203,0.000106,0.286352,825.59,948.81,2156.25,0.474959,0.160784,-0.192403,0.578995,0.878499,-0.582584,-0.583603,-0.098903,328.12,0.061806,10.6758,0.6305
22208,0.000093,0.118203,930.91,973.73,2250.00,0.507625,0.156863,-0.650244,0.454107,0.931519,-0.374305,-0.420807,0.059731,328.12,0.057068,12.0597,0.5206
22213,0.000140,0.232958,859.01,925.12,2015.62,0.516690,0.090196,-0.665588,0.510207,0.850273,-0.095804,-0.424195,-0.174894,281.25,0.049850,10.0129,0.5552
22219,0.000102,0.261988,778.44,898.76,1875.00,0.445629,0.137255,-0.446862,0.547605,0.933486,-0.146303,-0.578912,-0.309013,328.12,0.058233,10.2426,0.6211
22224,0.000067,0.242939,834.54,936.16,1968.75,0.500396,0.254902,-0.359283,0.633534,0.734831,-0.224557,-0.442572,-0.341954,281.25,0.059698,11.2389,0.6293
22229,0.000067,0.140435,847.47,939.05,1968.75,0.515008,0.274510,-0.325444,0.658142,0.603899,-0.266037,-0.384090,-0.286469,281.25,0.035639,8.1071,0.6228
22235,0.000059,0.236433,1095.57,1010.75,2484.38,0.631081,0.298039,-0.863463,-0.069723,0.709477,0.173971,-0.118097,0.167835,375.00,0.026098,7.2592,0.3795
22240,0.000114,0.242977,1324.85,1119.50,2906.25,0.682466,0.160784,-0.851559,-0.371152,0.659137,-0.008550,-0.074520,0.646644,328.12,0.028090,8.1881,0.2896
22245,0.000089,0.414604,1028.12,1010.44,2437.50,0.570538,0.270588,-0.465992,0.530435,0.469151,-0.535867,-0.061284,0.063556,328.12,0.034780,7.6689,0.5078
22251,0.000169,0.338511,1066.63,984.98,2296.88,0.641216,0.109804,-0.373168,0.395916,0.260363,-0.258341,-0.016174,-0.008598,140.62,0.036981,6.2278,0.5059
22256,0.000244,0.385479,1131.57,977.75,2343.75,0.652443,0.015686,-0.784964,0.361567,0.373936,-0.150971,0.174755,0.025677,281.25,0.062953,7.3663,0.4226
22261,0.000517,0.383163,978.34,904.61,1968.75,0.591146,0.062745,-0.496954,0.392186,0.433369,-0.077709,0.067863,-0.318755,281.25,0.109013,8.3618,0.5183
22267,0.000628,0.373303,702.02,836.80,1734.38,0.436378,0.015686,0.156738,0.952608,0.387297,-0.481450,-0.348209,-0.666984,234.38,0.179171,10.6191,0.7431
22272,0.000579,0.334174,553.77,751.80,1265.62,0.306373,0.003922,0.339205,1.322799,0.485433,-0.831134,-0.599465,-0.716838,187.50,0.360104,17.5323,0.8160
22277,0.000377,0.175764,694.57,856.53,1828.12,0.407774,0.054902,0.283476,1.124824,-0.005523,-0.655645,-0.379233,-0.367898,187.50,0.383771,18.3761,0.7461
22283,0.000400,0.113888,595.15,784.18,1406.25,0.324553,0.015686,0.489181,1.132341,0.399122,-0.732750,-0.653659,-0.634236,140.62,0.299861,16.7820,0.8107
22288,0.000398,0.163206,529.93,675.57,890.62,0.279446,0.023529,0.483707,0.989779,0.672244,-0.183546,-0.945213,-1.016970,140.62,0.235716,14.9023,0.8478
22293,0.000342,0.205023,523.36,690.67,890.62,0.284401,0.047059,0.282030,1.093923,0.707449,-0.270471,-0.808607,-1.004324,187.50,0.221769,15.4722,0.8312
22299,0.000215,0.162528,553.31,744.81,1171.88,0.317438,0.070588,0.105005,1.251450,0.627232,-0.589691,-0.653435,-0.740562,187.50,0.243684,18.3185,0.7982
22304,0.000171,0.138785,717.17,858.24,1734.38,0.467315,0.125490,0.070057,0.940530,0.135197,-0.227208,-0.466507,-0.452070,187.50,0.179433,15.1261,0.7240
22309,0.000105,0.098362,703.13,843.82,1593.75,0.425896,0.200000,-0.017479,0.791828,0.499574,-0.262307,-0.508017,-0.503600,187.50,0.105557,13.0248,0.7095
22315,0.000153,0.131724,789.38,922.50,1968.75,0.467231,0.098039,-0.186614,0.742762,0.778762,-0.544163,-0.583317,-0.207432,140.62,0.057662,8.5283,0.6623
22320,0.000171,0.204077,893.49,941.79,2296.88,0.550768,0.094118,-0.357343,0.529891,0.646369,-0.198171,-0.407983,-0.212764,140.62,0.053933,7.5966,0.5979
22325,0.000117,0.192114,776.39,936.45,1921.88,0.434062,0.082353,-0.254795,0.815101,0.776269,-0.447940,-0.642387,-0.246247,187.50,0.069361,10.0184,0.6736
22331,0.000138,0.177399,704.15,883.91,1593.75,0.370172,0.098039,-0.400208,1.025125,1.018849,-0.608494,-0.676134,-0.359139,281.25,0.074634,12.6836,0.6964
22336,0.000082,0.286495,908.54,948.12,2109.38,0.516714,0.227451,-1.167042,0.324892,1.083632,-0.068678,-0.185753,0.012947,328.12,0.069596,13.6330,0.4171
22341,0.000077,0.326355,971.95,929.94,2109.38,0.639582,0.203922,-0.829466,0.075189,0.754114,0.178240,-0.070350,-0.107727,281.25,0.044926,6.8267,0.4285
22347,0.000078,0.077604,989.70,965.54,2203.12,0.608538,0.203922,-0.311851,0.158227,0.390789,0.081621,-0.187774,-0.131013,281.25,0.029559,6.1698,0.5206
22352,0.000078,0.240008,1058.27,975.19,2343.75,0.559072,0.196078,-0.685203,-0.146675,0.783228,-0.171927,0.027804,0.192772,328.12,0.036919,9.2799,0.3714
22357,0.000080,0.246846,1138.44,994.70,2484.38,0.683638,0.203922,-1.033595,0.157428,0.604834,-0.138355,0.095914,0.313775,328.12,0.035220,8.1754,0.3446
22363,0.000077,0.163587,1161.43,1039.95,2578.12,0.608936,0.266667,-1.044395,-0.066298,0.825313,-0.220568,0.049625,0.456323,375.00,0.031078,8.8398,0.3082
22368,0.000090,0.237340,1160.11,1076.26,2718.75,0.595254,0.227451,-1.093923,-0.015810,0.848374,-0.094640,-0.099501,0.455499,375.00,0.036140,9.6136,0.3246
22373,0.000085,0.321557,1096.13,1043.65,2671.88,0.622730,0.188235,-1.200663,0.350517,0.728555,0.041902,-0.154310,0.234001,375.00,0.027539,5.9707,0.3858
22379,0.000089,0.231541,1050.90,1016.63,2437.50,0.624198,0.203922,-0.866613,0.220314,0.740196,-0.193687,-0.080731,0.180521,328.12,0.030583,6.6510,0.4078
22384,0.000068,0.241370,1027.64,1021.15,2343.75,0.626423,0.258824,-0.546493,0.321579,0.487395,-0.069511,-0.211697,0.018728,281.25,0.030861,5.9198,0.4960
22389,0.000055,0.132050,1177.21,1100.67,2765.62,0.669368,0.345098,-0.683121,0.133424,0.509173,-0.107940,-0.150020,0.298486,375.00,0.023759,5.6134,0.4136
22395,0.000090,0.165296,1454.13,1147.65,3046.88,0.758765,0.152941,-0.818592,-0.502143,0.476436,0.001347,0.044888,0.798063,375.00,0.022247,6.6804,0.2532
22400,0.000084,0.306813,1204.29,1108.32,2812.50,0.657987,0.227451,-1.215274,0.133218,0.765860,0.081043,-0.227293,0.462445,375.00,0.024075,5.9467,0.3411
22405,0.000085,0.246863,1074.52,1018.27,2390.62,0.583981,0.211765,-1.128886,0.308971,0.831211,-0.167084,-0.023795,0.179583,281.25,0.038553,9.0523,0.3804
22411,0.000136,0.350381,1244.45,1048.09,2625.00,0.683874,0.180392,-0.617207,0.161314,0.270705,-0.222417,0.035462,0.372144,281.25,0.028611,5.4941,0.3937
22416,0.000261,0.352924,1350.68,1047.09,2671.88,0.695445,0.078431,-1.157537,0.289473,0.313028,-0.219233,0.193271,0.580998,281.25,0.037220,5.6862,0.3055
22421,0.000244,0.414490,1086.80,1020.61,2343.75,0.532066,0.094118,-0.444193,0.756875,0.289841,-0.911665,0.189790,0.119352,234.38,0.094662,9.8847,0.5004
22427,0.000679,0.295196,886.28,974.06,2109.38,0.443405,0.023529,0.057454,1.006268,0.323952,-1.160963,-0.058496,-0.168215,234.38,0.130385,10.8241,0.6559
22432,0.000756,0.415429,643.42,850.73,1734.38,0.366169,0.015686,0.510466,1.169986,0.560543,-1.267217,-0.454362,-0.519417,140.62,0.252372,13.5217,0.7904
22437,0.000821,0.343658,533.84,761.55,1171.88,0.289168,0.023529,0.723420,1.389084,0.274692,-1.133613,-0.531140,-0.722443,140.62,0.441677,18.1684,0.8433
22443,0.000755,0.215044,551.02,757.08,1125.00,0.322091,0.023529,0.569330,1.262757,0.321376,-0.743942,-0.592046,-0.817474,140.62,0.490719,16.8702,0.8349
22448,0.000619,0.275697,701.01,841.98,1593.75,0.479754,0.015686,0.252237,0.769999,0.458958,-0.334672,-0.531036,-0.615486,140.62,0.408412,12.4454,0.7473
22453,0.000349,0.176170,549.99,720.13,937.50,0.275473,0.031373,0.242447,1.061035,0.944837,-0.647834,-0.792829,-0.807654,140.62,0.319052,10.7261,0.8103
22459,0.000260,0.124623,700.65,814.66,1453.12,0.449035,0.078431,-0.224019,0.805510,0.590044,-0.121262,-0.457142,-0.593131,187.50,0.301102,12.5996,0.6934
22464,0.000188,0.025317,733.99,862.99,1640.62,0.455339,0.078431,-0.299803,0.774488,0.713345,-0.236054,-0.500217,-0.451760,187.50,0.165772,11.3868,0.6711
22469,0.000136,0.102379,771.05,889.85,1921.88,0.420521,0.098039,-0.453408,0.564817,1.127896,-0.488720,-0.637454,-0.113132,375.00,0.120005,11.7968,0.6061
22475,0.000123,0.082758,829.82,918.52,2062.50,0.447070,0.156863,-0.271068,0.329397,0.967771,-0.394722,-0.553678,-0.077700,328.12,0.090494,11.8926,0.5854
22480,0.000283,0.223278,873.73,962.64,2156.25,0.504699,0.023529,-0.030653,0.588847,0.487312,-0.440081,-0.402220,-0.203204,140.62,0.065586,9.5132,0.6415
22485,0.000161,0.416953,716.08,871.52,1734.38,0.456489,0.074510,0.171030,0.842007,0.488730,-0.362857,-0.611593,-0.527317,140.62,0.106407,9.5087,0.7457
22491,0.000112,0.099228,739.10,865.67,1640.62,0.477252,0.156863,0.091795,0.680589,0.391462,-0.146816,-0.491588,-0.525444,140.62,0.090387,8.8477,0.7099
22496,0.000103,0.110025,811.70,912.04,1875.00,0.462249,0.149020,-0.421830,0.532673,0.770835,-0.135644,-0.476985,-0.269049,328.12,0.065901,9.6586,0.6055
22501,0.000094,0.107096,876.15,948.71,2109.38,0.509037,0.200000,-0.419268,0.474343,0.757658,-0.154898,-0.534458,-0.123377,328.12,0.056206,10.3851,0.5882
22507,0.000125,0.130769,992.96,997.17,2296.88,0.574891,0.129412,-0.534813,0.231319,0.690191,-0.130750,-0.373500,0.117553,328.12,0.052754,11.1778,0.4941
22512,0.000105,0.277726,1030.96,946.99,2250.00,0.577076,0.176471,-0.647808,-0.148145,0.647433,-0.050303,0.115000,0.083824,328.12,0.056142,10.5069,0.3782
22517,0.000116,0.356157,1248.98,1036.71,2578.12,0.729236,0.184314,-0.389590,-0.229829,0.204529,-0.101199,0.222225,0.293864,328.12,0.038168,5.2689,0.3618
22523,0.000273,0.240635,1377.78,1052.05,2718.75,0.717333,0.062745,-0.277719,-0.044184,-0.331848,-0.091333,0.414457,0.330629,93.75,0.043995,5.9887,0.3697
22528,0.000668,0.430266,890.75,972.69,2062.50,0.528005,0.003922,0.316638,0.702708,-0.135707,-0.484092,-0.082263,-0.317284,140.62,0.121983,11.4699,0.6703
22533,0.000803,0.457048,560.67,780.56,1359.38,0.279366,0.015686,0.680214,1.345264,0.407341,-1.232786,-0.440742,-0.759290,140.62,0.284063,17.8803,0.8338
22539,0.000629,0.477400,641.16,837.59,1453.12,0.402874,0.031373,0.410127,1.050205,0.167895,-0.366793,-0.683218,-0.578217,140.62,0.410857,14.9934,0.7959
22544,0.000597,0.377659,816.21,909.15,1921.88,0.567556,0.039216,0.164400,0.610560,0.209522,-0.133299,-0.423445,-0.427738,140.62,0.397953,10.4254,0.6928
22549,0.000225,0.039906,673.78,839.78,1734.38,0.394926,0.062745,0.462330,0.874917,0.252941,-0.466745,-0.464402,-0.659039,140.62,0.355887,12.4287,0.7739
22555,0.000288,0.133996,709.29,823.34,1546.88,0.479296,0.082353,0.124665,0.705606,0.367444,-0.064096,-0.436393,-0.697226,140.62,0.216395,8.7521,0.7275
22560,0.000187,0.019151,774.77,869.59,1781.25,0.481712,0.047059,-0.021416,0.626231,0.488367,-0.207945,-0.420186,-0.465050,140.62,0.116534,8.0079,0.6781
22565,0.000231,0.131071,713.50,819.79,1640.62,0.468878,0.058824,0.177522,0.750083,0.344372,-0.266153,-0.331905,-0.673919,140.62,0.133019,10.6061,0.7245
22571,0.000178,0.083871,736.26,849.82,1687.50,0.440718,0.078431,0.054986,0.640555,0.643591,-0.442719,-0.330474,-0.565939,140.62,0.095052,9.6823,0.6891
22576,0.000134,0.246457,669.55,822.78,1500.00,0.385289,0.090196,-0.324391,0.933453,0.862676,-0.422647,-0.439593,-0.609498,234.38,0.093962,9.7756,0.6962
22581,0.000168,0.085282,780.74,874.89,1828.12,0.459483,0.094118,-0.464635,0.642324,0.679613,-0.180456,-0.255726,-0.421120,234.38,0.070223,9.5629,0.6052
22587,0.000188,0.309577,870.96,955.14,2062.50,0.482823,0.078431,-0.402575,0.380592,0.838736,-0.248820,-0.439147,-0.128786,328.12,0.070199,9.3068,0.5678
22592,0.000175,0.316799,829.93,923.59,2062.50,0.500873,0.066667,-0.137340,0.530691,0.588664,-0.292151,-0.467452,-0.222411,281.25,0.074673,7.7169,0.6322
22597,0.000137,0.123654,751.23,873.57,1781.25,0.451464,0.066667,-0.170590,0.679348,0.767541,-0.403550,-0.520007,-0.352742,281.25,0.085500,10.4567,0.6661
22603,0.000098,0.140594,701.80,840.40,1687.50,0.394284,0.141176,-0.235672,0.759558,0.932685,-0.284153,-0.654506,-0.517913,281.25,0.081265,12.3444,0.7002
22608,0.000073,0.196178,791.26,922.01,1875.00,0.471347,0.266667,0.015150,0.638835,0.638547,-0.349010,-0.572431,-0.371091,140.62,0.045523,7.6756,0.6897
22613,0.000086,0.136773,987.29,1038.95,2390.62,0.589241,0.227451,0.034287,0.473828,0.048313,-0.281996,-0.249624,-0.024808,140.62,0.041045,9.3765,0.5966
22619,0.000075,0.231694,1010.81,1025.26,2390.62,0.592268,0.266667,-0.171954,0.220756,0.286516,-0.111423,-0.275452,0.051556,140.62,0.029473,6.3258,0.5340
22624,0.000086,0.123198,1205.48,1123.43,2859.38,0.629370,0.196078,-0.458324,-0.038853,0.516274,-0.227423,-0.142851,0.351178,328.12,0.028816,7.1032,0.4127
22629,0.000096,0.247033,1174.30,1112.99,2718.75,0.648987,0.164706,-0.468700,0.164790,0.522263,-0.133001,-0.352269,0.266916,281.25,0.031278,7.1337,0.4727
22635,0.000109,0.245726,956.22,1018.85,2343.75,0.527804,0.098039,-0.469111,0.459162,0.764570,-0.204597,-0.624639,0.074615,281.25,0.038926,7.7744,0.5671
22640,0.000101,0.250093,980.67,990.28,2250.00,0.570278,0.196078,-1.132603,0.203763,1.028060,-0.068378,-0.237397,0.206554,328.12,0.054140,11.6638,0.3896
22645,0.000086,0.193962,1087.86,1005.85,2343.75,0.600159,0.247059,-1.183733,0.203451,0.893111,-0.333338,0.020365,0.400143,328.12,0.059255,12.2661,0.3317
22651,0.000101,0.268627,1363.62,1069.26,2671.88,0.670729,0.239216,-1.164161,-0.189480,0.668441,-0.165368,0.041315,0.809253,328.12,0.042750,8.4093,0.2493
22656,0.000260,0.405972,1354.13,1081.23,2765.62,0.765695,0.047059,-0.622910,0.062815,0.043968,-0.019189,-0.121862,0.657179,140.62,0.030262,4.3973,0.3664
22661,0.000403,0.393193,939.86,1061.10,2484.38,0.536731,0.019608,0.223987,0.868379,-0.002285,-0.544845,-0.670644,0.125409,140.62,0.102991,11.2706,0.6940
22667,0.000680,0.363881,712.41,952.95,2015.62,0.396696,0.011765,0.831994,1.135056,-0.295276,-0.799118,-0.691891,-0.180765,140.62,0.223162,18.2020,0.8053
22672,0.000617,0.392094,548.86,806.86,1312.50,0.323027,0.015686,0.966596,1.243958,-0.202961,-0.683322,-0.754594,-0.569676,140.62,0.359135,18.7539,0.8541
22677,0.000363,0.198532,548.52,806.19,1218.75,0.313276,0.027451,0.933437,1.312340,-0.124386,-0.810500,-0.717223,-0.593668,140.62,0.415648,20.8323,0.8555
22683,0.000204,0.223346,648.95,825.65,1453.12,0.440662,0.082353,0.546723,0.934283,0.085934,-0.437934,-0.387959,-0.741048,140.62,0.319304,14.4943,0.7867
22688,0.000175,0.036866,612.53,810.65,1406.25,0.396242,0.078431,0.565050,0.944919,0.277765,-0.602766,-0.493009,-0.691960,93.75,0.153275,10.8209,0.7937
22693,0.000109,0.123189,670.15,852.39,1828.12,0.362618,0.094118,-0.007491,1.082562,0.819813,-0.757745,-0.849029,-0.288110,234.38,0.099451,11.5719,0.7514
22699,0.000134,0.125022,857.06,998.35,2250.00,0.464244,0.050980,0.164139,0.839244,0.237947,-0.639637,-0.739389,0.137695,187.50,0.079109,12.7788,0.6905
22704,0.000191,0.150645,961.88,1038.65,2296.88,0.514861,0.070588,-0.144892,0.816003,0.241765,-0.578504,-0.538090,0.203717,187.50,0.072925,13.0223,0.6231
22709,0.000082,0.220964,778.29,962.25,2062.50,0.457492,0.176471,0.155070,1.010659,0.321276,-0.709131,-0.607340,-0.170533,187.50,0.082033,13.1013,0.7255
22715,0.000081,0.166633,786.94,962.10,2062.50,0.445705,0.141176,0.184391,1.034848,0.356176,-0.810725,-0.591301,-0.173389,140.62,0.068326,11.5192,0.7295
22720,0.000090,0.200042,951.73,1001.30,2343.75,0.550398,0.164706,-0.039875,0.548162,0.380210,-0.486991,-0.389503,-0.012004,140.62,0.035825,7.6425,0.6118
22725,0.000095,0.362314,1066.09,983.09,2437.50,0.619586,0.152941,-0.915819,-0.027109,0.685776,0.102015,-0.009863,0.165001,375.00,0.035021,6.8701,0.3661
22731,0.000103,0.182123,1012.44,1003.47,2390.62,0.525998,0.141176,-0.380408,0.114394,0.668696,-0.313099,-0.242952,0.153371,328.12,0.040808,9.1839,0.4780
22736,0.000111,0.298034,939.88,978.35,2296.88,0.566360,0.113725,-0.531625,0.485785,0.675756,-0.119518,-0.472826,-0.037572,281.25,0.046746,9.6151,0.5578
22741,0.000069,0.196798,862.49,959.99,2203.12,0.488504,0.223529,-0.387446,0.663758,0.673506,-0.180864,-0.566601,-0.202353,234.38,0.049124,10.3189,0.6278
22747,0.000080,0.153448,962.76,1027.44,2343.75,0.552747,0.247059,-0.400916,0.735233,0.452050,-0.318022,-0.573251,0.104909,234.38,0.044489,9.7492,0.5990
22752,0.000090,0.271504,1130.70,1028.38,2484.38,0.657600,0.200000,-0.714969,0.052082,0.484454,0.137953,-0.198928,0.239408,234.38,0.032664,7.5652,0.4130
22757,0.000079,0.261765,1047.05,1033.90,2531.25,0.565565,0.184314,-1.087117,0.488922,0.758257,-0.064332,-0.328951,0.233221,234.38,0.033460,7.6512,0.4375
22763,0.000085,0.196444,1105.40,1015.07,2531.25,0.642517,0.192157,-1.310025,0.166522,0.795918,0.045102,-0.034224,0.336705,328.12,0.032027,7.7324,0.3267
22768,0.000089,0.217480,1073.79,941.06,2343.75,0.642364,0.180392,-1.207885,-0.010831,0.596474,0.285316,0.214938,0.121987,375.00,0.031741,7.1040,0.3148
22773,0.000070,0.275319,1104.88,970.20,2296.88,0.622958,0.368627,-1.433107,0.195651,0.637056,0.185664,0.290071,0.124665,328.12,0.035441,7.0061,0.3045
22779,0.000081,0.255371,1323.05,1026.76,2671.88,0.765653,0.274510,-1.312124,-0.176311,0.386830,0.220215,0.405138,0.476252,328.12,0.027321,5.0533,0.2342
22784,0.000088,0.186338,1502.37,999.93,2718.75,0.806414,0.266667,-1.419211,-0.218351,0.210893,0.020059,0.620388,0.786222,234.38,0.017512,3.6210,0.1792
22789,0.000194,0.335709,1355.22,1022.85,2671.88,0.763021,0.074510,-0.765921,-0.011513,0.003193,-0.105258,0.526789,0.352711,187.50,0.026179,4.3420,0.3040
22795,0.000172,0.383480,1011.22,992.79,2109.38,0.607690,0.113725,-0.235394,0.544536,0.177759,-0.446467,0.110616,-0.151050,187.50,0.060467,6.9845,0.5436
22800,0.000302,0.253958,909.41,920.80,2015.62,0.552200,0.023529,-0.112266,0.654574,0.410851,-0.621892,-0.030283,-0.300984,234.38,0.086087,9.4386,0.6075
22805,0.000292,0.323499,704.54,810.59,1640.62,0.430634,0.043137,0.098842,0.954249,0.249655,-0.318989,-0.329571,-0.654185,187.50,0.126580,11.0451,0.7347
22811,0.000212,0.188322,656.96,809.79,1640.62,0.372741,0.129412,0.295029,1.064963,-0.042700,-0.143251,-0.516866,-0.657174,187.50,0.177205,16.5679,0.7802
22816,0.000297,0.207109,707.90,832.00,1640.62,0.419562,0.039216,0.008995,0.810656,0.310384,-0.092112,-0.381379,-0.656544,187.50,0.155810,14.0330,0.7168
22821,0.000190,0.151730,691.77,836.61,1593.75,0.386960,0.043137,0.126043,0.800913,0.432033,-0.270707,-0.444167,-0.644116,187.50,0.147207,12.8340,0.7326
22827,0.000395,0.165118,715.38,817.84,1640.62,0.394870,0.031373,0.223574,0.768868,0.074055,-0.095612,-0.184713,-0.786172,187.50,0.134707,11.9632,0.7274
22832,0.000450,0.248846,602.56,748.16,1406.25,0.336873,0.011765,0.448493,1.012182,0.232996,-0.343915,-0.284085,-1.065671,140.62,0.178106,13.4297,0.8030
22837,0.000325,0.261192,532.70,729.25,1265.62,0.275708,0.007843,0.629573,1.242408,0.211163,-0.559447,-0.503089,-1.020608,140.62,0.258535,17.5985,0.8453
22843,0.000139,0.176278,561.32,787.47,1171.88,0.326364,0.090196,0.693360,1.077614,0.160046,-0.325423,-0.854417,-0.751178,140.62,0.236189,16.5591,0.8440
22848,0.000094,0.179226,679.97,857.24,1593.75,0.392288,0.176471,0.236078,0.844375,0.216845,-0.017470,-0.689061,-0.590767,187.50,0.126264,11.0831,0.7650
22853,0.000105,0.176568,946.18,882.79,2015.62,0.569961,0.164706,-0.961588,0.215524,0.432547,0.523706,-0.022669,-0.187521,187.50,0.050713,6.7725,0.4334
22859,0.000075,0.188271,968.59,893.20,2015.62,0.598170,0.203922,-0.787724,0.186118,0.512239,0.260525,0.040283,-0.211441,281.25,0.030650,4.9890,0.4464
22864,0.000086,0.160397,1030.25,916.90,2156.25,0.590532,0.243137,-0.973477,0.250370,0.295319,0.361002,0.109960,-0.043174,187.50,0.030130,5.8547,0.4025
22869,0.000088,0.234406,1137.64,979.88,2343.75,0.697115,0.227451,-0.467720,0.072122,-0.041513,0.363511,0.079340,-0.005739,140.62,0.021366,4.3772,0.4416
22875,0.000094,0.220617,1201.16,1053.70,2625.00,0.689215,0.215686,-0.387470,0.126687,-0.074247,0.183718,-0.030298,0.181611,140.62,0.030368,5.7294,0.4487
22880,0.000092,0.230326,1281.39,1091.11,2906.25,0.687143,0.231373,-0.841766,0.093045,0.104949,0.272200,-0.050951,0.422522,187.50,0.029434,5.3477,0.3635
22885,0.000080,0.234933,1374.65,1055.59,2906.25,0.751351,0.301961,-1.209512,-0.266298,0.337780,0.415295,0.104963,0.617770,375.00,0.022324,3.8806,0.2499
22891,0.000086,0.127765,1388.94,1046.30,2812.50,0.722493,0.274510,-1.578387,-0.175908,0.446026,0.442495,0.210584,0.655190,328.12,0.020653,4.2786,0.2125
22896,0.000090,0.155741,1393.77,1052.82,2859.38,0.732277,0.282353,-1.353513,-0.398929,0.484466,0.276063,0.404195,0.587718,375.00,0.018992,5.1756,0.2023
22901,0.000088,0.309238,1363.57,1090.60,2953.12,0.679661,0.266667,-0.764081,-0.422343,0.392015,0.154295,0.100964,0.539149,375.00,0.023171,5.1954,0.2863
22907,0.000076,0.179835,1381.39,1080.81,2906.25,0.738593,0.325490,-0.709678,-0.424430,0.352461,0.047774,0.163470,0.570404,328.12,0.025309,5.4419,0.2821
22912,0.000071,0.162035,1428.34,1098.09,2906.25,0.764736,0.384314,-1.006840,-0.410681,0.473130,-0.042926,0.365852,0.621463,375.00,0.020092,5.0642,0.2310
22917,0.000074,0.133038,1493.13,1165.72,3093.75,0.752766,0.305882,-0.811711,-0.213283,0.307960,-0.185455,0.174645,0.727848,375.00,0.013559,4.5578,0.2761
22923,0.000070,0.281643,1458.47,1135.01,2953.12,0.728312,0.317647,-1.393087,0.065447,0.449598,0.028820,0.089365,0.759856,328.12,0.018471,5.5967,0.2519
22928,0.000089,0.273641,1484.35,1104.50,2953.12,0.713249,0.231373,-1.446600,-0.088043,0.411149,0.204767,0.108431,0.810296,281.25,0.018460,5.0847,0.2268
22933,0.000070,0.277478,1240.78,1071.12,2718.75,0.726564,0.278431,-1.136293,0.242657,0.563092,-0.099174,-0.029357,0.459076,234.38,0.022560,5.3844,0.3404
22939,0.000074,0.211631,1206.80,1100.86,2765.62,0.682847,0.262745,-0.442134,0.205929,0.458445,-0.591164,0.018564,0.350360,375.00,0.026446,6.5814,0.4249
22944,0.000076,0.133334,1237.07,1113.08,2859.38,0.675393,0.203922,-0.862509,0.164414,0.683103,-0.445859,0.014168,0.446683,375.00,0.024796,6.6568,0.3591
22949,0.000080,0.222440,1192.24,1039.92,2671.88,0.682193,0.235294,-0.958085,0.049905,0.558454,0.060668,0.074469,0.214592,281.25,0.025570,6.4882,0.3547
22955,0.000090,0.289714,1202.48,1076.62,2765.62,0.716660,0.219608,-0.450298,0.057936,0.339605,-0.192993,-0.023446,0.269197,328.12,0.024990,5.6159,0.4209
22960,0.000095,0.237189,1196.63,1048.51,2671.88,0.724825,0.227451,-0.569799,0.166032,0.276175,-0.077163,-0.034745,0.239501,281.25,0.027069,5.4534,0.4245
22965,0.000092,0.248721,1022.25,1034.57,2390.62,0.575384,0.203922,-0.840652,0.510182,0.607166,0.022706,-0.368448,0.069044,281.25,0.042599,8.0137,0.4961
22971,0.000081,0.145821,1060.37,1065.83,2484.38,0.573709,0.223529,-0.701001,0.412161,0.677603,-0.161183,-0.399902,0.172320,281.25,0.040602,8.7179,0.4923
22976,0.000094,0.232192,1121.16,1032.86,2671.88,0.691255,0.192157,-1.118835,0.297449,0.605416,0.086486,-0.098839,0.228321,234.38,0.032610,6.8769,0.3833
22981,0.000080,0.164906,1145.50,1066.73,2671.88,0.616646,0.258824,-1.583797,0.583426,0.766432,-0.078948,-0.019301,0.332189,234.38,0.040341,9.9056,0.3415
22987,0.000088,0.217022,1233.30,1132.88,2859.38,0.656356,0.156863,-1.236705,0.435726,0.738600,-0.353558,-0.074344,0.490282,328.12,0.031228,7.6715,0.3524
22992,0.000072,0.237218,1289.63,1123.87,2953.12,0.682947,0.294118,-1.667119,0.169359,0.849453,-0.025094,0.057984,0.615417,328.12,0.040799,9.3051,0.2525
22997,0.000072,0.175185,1317.78,1165.64,3046.88,0.644635,0.250980,-1.344727,0.126608,0.713203,0.163132,-0.208802,0.550585,281.25,0.032987,7.8733,0.3143
23003,0.000085,0.189758,1269.17,1115.15,2859.38,0.675268,0.180392,-1.563709,0.181777,0.782218,0.266518,-0.220199,0.553395,281.25,0.026499,6.5080,0.2978
23008,0.000090,0.273322,1307.29,1092.39,2718.75,0.657589,0.180392,-1.206516,-0.431751,0.879382,0.036913,-0.018785,0.740759,328.12,0.035675,8.8648,0.2350
23013,0.000081,0.263421,1283.69,1151.89,2812.50,0.611726,0.239216,-1.177503,0.130222,0.818623,-0.110054,-0.307970,0.646683,328.12,0.043404,10.0042,0.3334
23019,0.000067,0.176494,1347.94,1115.14,2765.62,0.657188,0.262745,-1.558510,0.239249,0.815903,-0.189730,-0.070722,0.763812,328.12,0.037799,8.9338,0.2677
23024,0.000078,0.256943,1293.39,997.21,2484.38,0.693912,0.247059,-1.951487,-0.223853,0.697029,0.415996,0.358764,0.703551,328.12,0.024614,5.6582,0.1654
23029,0.000066,0.208473,1182.09,1033.99,2531.25,0.673027,0.301961,-1.727904,0.255936,0.686426,0.292174,0.135490,0.357876,234.38,0.023481,5.6619,0.2724
23035,0.000073,0.183598,1263.45,1086.94,2718.75,0.690131,0.250980,-1.248370,0.207224,0.620949,-0.037899,-0.085335,0.543432,281.25,0.027733,7.3192,0.3209
23040,0.000073,0.215324,1216.14,1069.23,2625.00,0.638377,0.219608,-0.721629,0.305086,0.413746,-0.182732,-0.235009,0.420540,281.25,0.028777,7.4929,0.4253
23045,0.000079,0.223285,1124.20,1027.77,2531.25,0.653141,0.207843,-1.010732,0.245759,0.612782,0.029216,-0.085978,0.208954,281.25,0.033782,9.1006,0.3908
23051,0.000145,0.206917,1145.23,1094.68,2625.00,0.607667,0.105882,-1.055310,0.405226,0.579135,0.009635,-0.226418,0.287732,281.25,0.032647,8.7059,0.4120
23056,0.000336,0.399478,883.76,1047.76,2343.75,0.507285,0.023529,0.294722,0.767183,0.058238,-0.411212,-0.652905,-0.056026,140.62,0.055036,10.9679,0.7079
23061,0.001007,0.587759,634.15,803.02,1453.12,0.417707,0.023529,0.650910,0.853336,-0.054830,-0.149545,-0.551658,-0.748213,140.62,0.163076,14.0568,0.8025
23067,0.001136,0.573722,521.66,707.49,1031.25,0.339774,0.015686,0.766413,1.096014,0.112669,-0.272103,-0.709310,-0.993684,140.62,0.414882,15.2603,0.8560
23072,0.000852,0.347542,509.77,730.12,1078.12,0.305029,0.023529,0.819246,1.313913,0.011728,-0.553013,-0.681706,-0.910168,140.62,0.674696,18.6489,0.8656
23077,0.000698,0.344167,713.89,853.20,1640.62,0.477365,0.003922,0.381672,0.770710,0.071822,-0.208117,-0.397542,-0.618544,140.62,0.543919,11.4142,0.7473
23083,0.000706,0.090056,802.33,874.36,1781.25,0.543388,0.027451,-0.169937,0.558361,0.360904,-0.074176,-0.206910,-0.468242,93.75,0.342590,7.9989,0.6299
23088,0.000644,0.192254,617.11,796.41,1406.25,0.375940,0.007843,0.516723,1.025832,0.080644,-0.360383,-0.527375,-0.735442,140.62,0.368853,12.6786,0.8026
23093,0.000682,0.160206,677.12,861.73,1593.75,0.478278,0.031373,0.593593,0.859934,0.110051,-0.399033,-0.530383,-0.634163,140.62,0.362354,13.0979,0.7874
23099,0.000701,0.136742,489.26,749.54,984.38,0.305753,0.031373,1.044346,1.338865,-0.113054,-0.643821,-0.795271,-0.831066,140.62,0.439450,19.2046,0.8813
23104,0.000645,0.083415,526.75,777.63,1171.88,0.317680,0.007843,0.982922,1.311380,-0.256610,-0.576033,-0.691125,-0.770533,140.62,0.457285,21.4996,0.8674
23109,0.000682,0.360397,680.53,864.57,1640.62,0.480316,0.031373,0.591568,0.840400,0.109841,-0.384700,-0.525909,-0.631201,93.75,0.369275,13.3896,0.7849
23115,0.000436,0.124875,493.06,752.43,984.38,0.302033,0.039216,1.021316,1.314496,-0.065816,-0.635803,-0.796162,-0.838030,140.62,0.409398,17.8659,0.8792
23120,0.000539,0.046861,448.30,691.79,843.75,0.265457,0.011765,1.103405,1.310222,0.071802,-0.480658,-0.870131,-1.134639,140.62,0.371933,20.8472,0.9011
23125,0.000603,0.130075,464.98,719.30,796.88,0.250082,0.015686,1.028375,1.342012,0.044539,-0.678772,-0.827401,-0.908753,140.62,0.341147,21.2646,0.8863
23131,0.000408,0.311653,574.37,800.06,1218.75,0.340047,0.015686,0.818221,0.998096,-0.012526,-0.403705,-0.642647,-0.757439,140.62,0.331660,15.4597,0.8332
23136,0.000541,0.138753,651.86,823.30,1453.12,0.441577,0.011765,0.606775,0.765357,0.153708,-0.252916,-0.512429,-0.760494,93.75,0.289135,13.1127,0.7896
23141,0.000692,0.163002,520.61,745.79,1031.25,0.318725,0.023529,0.776531,1.188659,0.147299,-0.461913,-0.762954,-0.887622,140.62,0.277781,15.8391,0.8591
23147,0.000644,0.291981,472.77,710.48,843.75,0.301719,0.023529,0.826868,1.184478,0.419177,-0.452278,-0.983227,-0.995018,93.75,0.324160,14.8819,0.8802
23152,0.000638,0.250198,481.00,722.23,937.50,0.298142,0.015686,0.977325,1.263428,0.021779,-0.568182,-0.764784,-0.929567,140.62,0.386149,15.7258,0.8773
23157,0.000657,0.304509,722.26,861.49,1640.62,0.444871,0.015686,0.421522,0.717172,0.109868,-0.213894,-0.426198,-0.608469,93.75,0.362228,11.9321,0.7478
23163,0.000761,0.205323,792.90,887.54,1781.25,0.563246,0.003922,0.138474,0.583078,0.212216,-0.134589,-0.318000,-0.481179,93.75,0.351872,9.8375,0.6814
23168,0.000750,0.180130,595.85,794.91,1312.50,0.394583,0.003922,0.667393,1.128445,-0.030711,-0.456892,-0.590112,-0.718123,140.62,0.422115,16.4036,0.8252
23173,0.000612,0.147184,379.88,629.16,609.38,0.219671,0.015686,1.348807,1.462029,0.129126,-0.751702,-1.016960,-1.171301,140.62,0.454905,21.7515,0.9241
23179,0.000767,0.163808,415.52,671.31,703.12,0.232828,0.011765,1.278800,1.498059,-0.251968,-0.673578,-0.844781,-1.006532,140.62,0.472723,22.7728,0.9100
23184,0.000666,0.202465,543.50,744.90,1218.75,0.367314,0.023529,0.888014,1.107042,-0.072203,-0.377987,-0.622583,-0.922284,140.62,0.475023,19.6547,0.8545
23189,0.000621,0.155312,538.58,761.90,1171.88,0.305275,0.015686,0.858495,1.245015,-0.132530,-0.504003,-0.634945,-0.832032,140.62,0.471653,19.3719,0.8563
23195,0.000760,0.312175,742.66,855.26,1734.38,0.520330,0.027451,0.401000,0.707353,0.045066,-0.172327,-0.363032,-0.618059,140.62,0.381074,12.7097,0.7398
23200,0.000665,0.071069,604.63,785.97,1406.25,0.358295,0.023529,0.745032,0.955082,-0.116276,-0.262378,-0.499672,-0.821789,140.62,0.410637,16.0454,0.8192
23205,0.000477,0.177552,524.97,737.65,1078.12,0.301410,0.015686,0.812310,1.223064,0.003762,-0.457271,-0.691191,-0.890673,140.62,0.443597,17.6513,0.8592
23211,0.000568,0.330446,721.78,823.78,1640.62,0.508130,0.003922,0.252903,0.665382,0.276469,-0.135897,-0.406929,-0.651929,93.75,0.296098,9.7135,0.7288
23216,0.000506,0.081557,614.60,778.17,1312.50,0.394463,0.023529,0.553982,0.930174,0.026210,-0.146994,-0.564218,-0.799154,140.62,0.316362,14.8997,0.8059
23221,0.000463,0.174600,595.23,779.66,1218.75,0.368599,0.023529,0.791668,0.960741,-0.368658,-0.029683,-0.563813,-0.790256,140.62,0.320355,15.0958,0.8254
23227,0.000570,0.272313,706.37,822.27,1546.88,0.485377,0.003922,0.381657,0.602590,0.192006,-0.025452,-0.478841,-0.671959,93.75,0.276134,11.0530,0.7441
23232,0.000507,0.164992,585.67,765.68,1171.88,0.369668,0.015686,0.644589,1.008934,-0.051685,-0.105283,-0.661232,-0.835322,140.62,0.326840,16.8869,0.8285
23237,0.000549,0.159045,546.05,750.63,1125.00,0.323244,0.003922,1.013906,1.230156,-0.755018,-0.063728,-0.568847,-0.856468,140.62,0.374472,20.5968,0.8623
23243,0.000409,0.127531,473.55,673.85,843.75,0.258259,0.047059,0.969029,1.374114,-0.387392,-0.099177,-0.811215,-1.045359,140.62,0.361466,21.1267,0.8909
23248,0.000470,0.107046,521.40,700.52,984.38,0.285393,0.023529,0.678220,1.252607,-0.140911,-0.053361,-0.717114,-1.019441,140.62,0.306649,20.1785,0.8622
23253,0.000498,0.205652,508.50,692.90,937.50,0.290074,0.011765,0.710574,1.127628,0.306056,-0.330619,-0.814332,-0.999308,140.62,0.301043,18.7458,0.8613
23259,0.000380,0.233396,599.87,770.18,1265.62,0.368672,0.023529,0.481415,1.014788,0.200904,-0.329559,-0.571716,-0.795832,140.62,0.287301,15.1205,0.8072
23264,0.000406,0.306330,787.21,893.05,1828.12,0.533828,0.023529,0.155230,0.705263,0.260232,-0.285846,-0.375707,-0.459172,140.62,0.193073,8.5138,0.7001
23269,0.000854,0.133324,617.57,812.48,1359.38,0.392919,0.003922,0.559277,0.996194,0.111070,-0.337636,-0.634521,-0.694383,140.62,0.264566,14.7005,0.8088
23275,0.000808,0.293780,424.60,684.90,656.25,0.237790,0.011765,1.239960,1.393649,-0.135614,-0.631742,-0.879486,-0.986767,140.62,0.411980,20.4718,0.9046
23280,0.000645,0.282392,458.85,740.28,843.75,0.280730,0.007843,1.193417,1.288414,0.128337,-0.746705,-1.034891,-0.828572,140.62,0.464673,18.3878,0.8978
23285,0.000721,0.277157,574.94,790.73,1265.62,0.367641,0.023529,0.716153,1.109113,0.017286,-0.437457,-0.643241,-0.761854,140.62,0.439447,15.2034,0.8341
23291,0.000845,0.343986,768.33,870.93,1734.38,0.551611,0.011765,0.073261,0.669208,0.306558,-0.124157,-0.384994,-0.539877,93.75,0.344759,9.0033,0.6971
23296,0.000666,0.139061,582.76,789.19,1265.62,0.387757,0.031373,0.675973,1.114409,0.043532,-0.427464,-0.664259,-0.742191,140.62,0.452322,15.5773,0.8318
23301,0.000815,0.073757,436.53,701.55,750.00,0.250748,0.003922,1.204064,1.430105,0.181168,-0.801467,-1.187675,-0.826195,140.62,0.500712,21.9521,0.9108
23307,0.000676,0.241662,493.86,723.37,890.62,0.303633,0.007843,0.793686,1.338947,0.060760,-0.394321,-0.958875,-0.840198,140.62,0.480702,19.2679,0.8772
23312,0.000541,0.022752,431.68,674.48,656.25,0.218310,0.011765,0.962164,1.586807,-0.000059,-0.567212,-1.070418,-0.911281,140.62,0.460456,23.0906,0.9060
23317,0.000477,0.218540,466.73,709.37,890.62,0.282370,0.039216,0.993161,1.332988,0.134265,-0.703743,-0.779701,-0.976969,140.62,0.421933,21.0142,0.8851
23323,0.000585,0.228154,649.50,820.53,1500.00,0.428211,0.031373,0.460764,0.961451,0.097744,-0.341627,-0.483144,-0.695189,140.62,0.296124,13.7164,0.7859
23328,0.000570,0.398711,814.30,876.13,1828.12,0.581564,0.011765,-0.274622,0.606329,0.419786,-0.053941,-0.248307,-0.449244,234.38,0.242631,7.6658,0.6259
23333,0.000699,0.137017,614.92,795.50,1359.38,0.380935,0.031373,0.405456,1.059029,0.224234,-0.354854,-0.601384,-0.732482,140.62,0.277018,11.6928,0.8021
23339,0.000901,0.381469,718.75,864.50,1687.50,0.458085,0.015686,0.299285,0.649990,0.258123,-0.239543,-0.411862,-0.555993,93.75,0.323107,11.1733,0.7228
23344,0.001105,0.379475,791.30,888.20,1828.12,0.574979,0.011765,0.253048,0.484449,0.205230,-0.138682,-0.330195,-0.473850,93.75,0.451555,9.8731,0.6837
23349,0.000847,0.219011,557.05,772.19,1218.75,0.351981,0.003922,0.832971,1.135736,-0.137179,-0.406473,-0.653484,-0.771570,140.62,0.600508,16.7531,0.8451
23355,0.000969,0.136325,519.53,732.22,1031.25,0.341066,0.003922,0.812401,1.267685,-0.036466,-0.440098,-0.716367,-0.887155,140.62,0.689424,20.9757,0.8632
23360,0.000841,0.074274,402.31,648.61,609.38,0.235033,0.019608,1.261656,1.527094,-0.144782,-0.676890,-0.953305,-1.013773,140.62,0.609550,22.9010,0.9151
23365,0.000830,0.278323,339.19,587.12,468.75,0.189660,0.011765,1.413979,1.470701,0.315801,-0.750885,-1.221698,-1.227898,93.75,0.561518,21.4008,0.9351
23371,0.000821,0.106523,377.80,624.12,609.38,0.231313,0.015686,1.268079,1.250953,0.205322,-0.573767,-0.961540,-1.189046,93.75,0.575318,21.7196,0.9117
23376,0.000767,0.224287,388.25,633.24,609.38,0.212112,0.015686,1.295433,1.470009,-0.053796,-0.625380,-0.893875,-1.192391,93.75,0.525217,20.1396,0.9188
23381,0.000899,0.202292,551.74,760.36,1218.75,0.374464,0.011765,0.906205,1.040367,0.058610,-0.442748,-0.608640,-0.953793,140.62,0.486709,17.3831,0.8525
23387,0.000806,0.160940,493.73,726.76,1031.25,0.273874,0.015686,1.021047,1.327886,-0.209907,-0.541305,-0.705456,-0.892265,140.62,0.500819,19.2294,0.8780
23392,0.000446,0.436141,663.99,834.66,1546.88,0.387358,0.023529,0.553139,0.774223,0.109980,-0.313622,-0.418833,-0.704887,93.75,0.462724,13.2898,0.7730
23397,0.000235,0.190963,781.35,875.89,1781.25,0.549304,0.066667,0.250388,0.429099,0.236407,-0.089441,-0.309093,-0.517359,93.75,0.372185,9.7781,0.6798
23403,0.000404,0.044734,720.19,852.53,1640.62,0.503002,0.050980,0.317294,0.635097,0.186062,-0.153514,-0.411510,-0.573430,140.62,0.177848,8.3384,0.7249
23408,0.000582,0.032182,602.52,834.34,1359.38,0.388977,0.015686,0.811835,1.092526,-0.447409,-0.126703,-0.813986,-0.516263,140.62,0.185820,16.0607,0.8344
23413,0.000145,0.423592,572.41,770.47,1265.62,0.362574,0.133333,0.692850,1.082793,-0.004697,-0.366433,-0.594850,-0.809663,140.62,0.282661,15.0196,0.8306
23419,0.000673,0.326852,767.90,844.47,1687.50,0.524474,0.003922,-0.069733,0.703899,0.320869,-0.091144,-0.274407,-0.589484,187.50,0.186075,7.7682,0.6790
23424,0.000668,0.148297,584.24,772.97,1312.50,0.357982,0.015686,0.664516,1.016192,-0.056870,-0.273711,-0.526160,-0.823967,93.75,0.237355,12.1186,0.8199
23429,0.000837,0.257596,383.72,630.24,609.38,0.197945,0.023529,1.369486,1.743270,-0.631168,-0.648666,-0.825507,-1.007416,140.62,0.454543,25.9923,0.9222
23435,0.000881,0.154963,343.43,588.29,234.38,0.162041,0.003922,1.511283,1.968550,-0.530425,-0.987655,-0.960921,-1.000833,140.62,0.537360,28.9238,0.9382
23440,0.000660,0.167003,341.04,569.91,328.12,0.163856,0.019608,1.377988,1.817415,-0.071271,-0.912412,-1.089941,-1.121778,140.62,0.563527,25.8343,0.9372
23445,0.000816,0.348274,447.53,676.86,843.75,0.265051,0.015686,1.029905,1.270946,0.136581,-0.594084,-0.813079,-1.030268,140.62,0.416714,16.0643,0.8882
23451,0.000698,0.216540,518.25,724.21,1125.00,0.345008,0.023529,0.786432,0.992148,0.248265,-0.393015,-0.608324,-1.025507,93.75,0.467148,16.0859,0.8463
23456,0.000703,0.240419,556.51,781.23,1218.75,0.346490,0.027451,0.746283,1.141748,0.079803,-0.554220,-0.626141,-0.787474,140.62,0.407626,13.6358,0.8390
23461,0.000595,0.306176,787.87,891.25,1828.12,0.568268,0.015686,0.147174,0.621871,0.191814,-0.205540,-0.299920,-0.455399,93.75,0.386996,10.5468,0.6818
23467,0.000600,0.093281,620.93,830.96,1500.00,0.349979,0.003922,0.756157,0.948632,-0.139916,-0.411703,-0.561647,-0.591523,93.75,0.382808,13.9355,0.8067
23472,0.000468,0.228845,759.43,882.98,1781.25,0.548447,0.039216,0.313872,0.663469,0.068229,-0.247801,-0.325249,-0.472521,93.75,0.363228,12.3417,0.7084
23477,0.000780,0.121134,632.21,845.38,1593.75,0.411560,0.003922,0.819897,1.038107,-0.239479,-0.541162,-0.547166,-0.530197,93.75,0.327146,15.3064,0.8127
23483,0.000877,0.217115,605.31,819.57,1406.25,0.394801,0.011765,0.751704,1.060912,-0.033239,-0.557847,-0.602952,-0.618579,140.62,0.404759,16.5010,0.8201
23488,0.000838,0.382208,709.47,846.74,1593.75,0.497043,0.011765,0.259250,0.812919,0.112817,-0.286543,-0.373061,-0.525382,140.62,0.449607,12.6399,0.7282
23493,0.000735,0.190904,510.62,760.86,1125.00,0.311715,0.015686,1.057400,1.194624,-0.259259,-0.593296,-0.633261,-0.766208,140.62,0.485876,16.3343,0.8613
23499,0.000944,0.210880,553.38,788.76,1265.62,0.388351,0.011765,0.800831,0.968565,0.024484,-0.432628,-0.603923,-0.757329,93.75,0.511339,17.6101,0.8271
23504,0.000868,0.288689,578.94,789.73,1312.50,0.378177,0.003922,0.839374,0.995643,-0.280725,-0.273415,-0.552690,-0.728188,93.75,0.455178,12.8834,0.8261
23509,0.000799,0.406259,800.78,866.29,1828.12,0.562774,0.011765,-0.053551,0.628770,0.127028,-0.021971,-0.231071,-0.449204,187.50,0.507612,10.4146,0.6520
23515,0.000600,0.001285,754.16,852.56,1734.38,0.406845,0.031373,0.099750,0.820981,0.012883,-0.155172,-0.290346,-0.488097,187.50,0.481090,13.2441,0.7005
23520,0.000504,0.165286,587.72,785.44,1265.62,0.359443,0.031373,0.692791,1.160103,-0.191983,-0.378509,-0.574048,-0.708353,140.62,0.451851,19.0685,0.8274
23525,0.000644,0.119849,603.04,819.31,1359.38,0.381307,0.015686,0.710643,1.056323,0.081381,-0.485612,-0.649508,-0.713226,140.62,0.379788,19.2013,0.8270
23531,0.000591,0.229183,620.14,824.27,1406.25,0.394095,0.031373,0.639904,1.018747,0.047796,-0.463428,-0.553921,-0.689098,140.62,0.359839,15.1102,0.8101
23536,0.000506,0.369775,808.20,902.69,1875.00,0.570519,0.039216,0.250892,0.557558,0.218754,-0.231069,-0.324846,-0.471290,93.75,0.318721,9.7433,0.6905
23541,0.000645,0.066590,705.55,871.70,1640.62,0.410038,0.015686,0.473074,0.808953,0.102255,-0.319023,-0.481236,-0.584023,140.62,0.324545,14.1944,0.7638
23547,0.000416,0.166360,579.07,813.55,1312.50,0.335844,0.015686,0.814877,1.195946,-0.182195,-0.548125,-0.592919,-0.687584,140.62,0.382612,18.8175,0.8383
23552,0.000378,0.246876,767.50,890.01,1828.12,0.541918,0.015686,0.430095,0.784232,-0.192739,-0.234364,-0.302399,-0.484824,140.62,0.353021,14.2845,0.7312
23557,0.000386,0.011581,682.82,859.11,1640.62,0.406893,0.023529,0.519345,0.987633,-0.143811,-0.351204,-0.446876,-0.565087,140.62,0.277668,17.5668,0.7789
23563,0.000372,0.262993,767.41,880.59,1781.25,0.465111,0.015686,0.225636,0.756128,0.003388,-0.065745,-0.384935,-0.534473,140.62,0.212373,11.6559,0.7212
23568,0.000390,0.313150,885.65,917.08,2015.62,0.613240,0.011765,-0.483367,0.552869,0.424874,-0.071077,-0.152839,-0.270461,187.50,0.166272,7.3622,0.5613
23573,0.000163,0.167034,682.75,846.00,1546.88,0.444449,0.101961,0.236048,0.978655,0.190889,-0.373390,-0.468032,-0.564169,187.50,0.203332,12.6061,0.7546
23579,0.000078,0.065368,610.76,871.12,1359.38,0.357179,0.231373,0.657647,1.165639,0.009723,-0.587057,-0.732096,-0.513856,140.62,0.140341,13.1582,0.8227
23584,0.000069,0.095699,757.44,970.76,2015.62,0.438592,0.235294,0.410658,0.714639,0.268468,-0.519243,-0.583635,-0.290887,93.75,0.060069,9.5208,0.7310
23589,0.000102,0.113988,1020.05,1055.04,2531.25,0.599542,0.152941,-0.154313,0.345074,0.319984,-0.227025,-0.392581,0.108861,187.50,0.027982,6.9019,0.5590
23595,0.000074,0.277191,1073.79,1055.99,2484.38,0.619970,0.247059,-0.393136,0.295611,0.374300,-0.229637,-0.211102,0.163965,328.12,0.025920,6.4737,0.4937
23600,0.000101,0.302334,940.52,1024.81,2390.62,0.544847,0.188235,-0.186335,0.555607,0.323045,-0.314928,-0.349707,-0.027683,187.50,0.039460,8.3111,0.5923
23605,0.000072,0.272073,1067.95,1018.37,2390.62,0.650245,0.305882,-0.404905,0.370295,-0.006239,-0.104780,0.083496,0.062132,187.50,0.043167,8.3168,0.4775
23611,0.000090,0.184941,1172.84,1059.39,2625.00,0.688756,0.196078,-0.523682,0.296328,0.256685,-0.382016,0.105247,0.247437,187.50,0.025144,5.1612,0.4280
23616,0.000097,0.250460,1249.37,1025.33,2718.75,0.705561,0.207843,-1.119510,-0.114704,0.630952,-0.055773,0.285929,0.373106,328.12,0.030715,6.4650,0.2796
23621,0.000092,0.285759,1096.91,990.79,2390.62,0.634280,0.211765,-0.655127,0.301745,0.399805,-0.175000,0.130598,-0.002021,281.25,0.033361,6.4813,0.4400
23627,0.000091,0.234284,1110.21,992.67,2390.62,0.651724,0.192157,-0.823812,0.289007,0.537022,-0.210121,0.202389,0.005516,234.38,0.038441,6.5564,0.4082
23632,0.000080,0.169017,1211.11,1016.76,2578.12,0.719536,0.200000,-1.082743,0.231081,0.466597,-0.056889,0.247441,0.194513,234.38,0.036991,6.5913,0.3437
23637,0.000110,0.158755,1236.55,1035.14,2625.00,0.728693,0.133333,-1.059441,0.281869,0.398684,-0.058882,0.158322,0.279448,281.25,0.035731,6.8805,0.3526
23643,0.000086,0.219725,1123.12,1038.80,2578.12,0.656266,0.172549,-0.852193,0.270724,0.447864,-0.108358,0.100543,0.141419,281.25,0.040637,7.9817,0.3985
23648,0.000080,0.198791,1020.18,1033.37,2484.38,0.574893,0.176471,-0.773767,0.560855,0.757562,-0.513973,-0.092905,0.062226,281.25,0.049574,10.1615,0.4772
23653,0.000078,0.130186,1068.04,957.37,2296.88,0.656582,0.149020,-1.001301,0.300201,0.663700,-0.199944,0.103934,0.133409,281.25,0.043808,10.3811,0.3848
23659,0.000096,0.229450,1072.24,943.85,2296.88,0.625058,0.149020,-1.407866,0.149967,0.767526,0.178533,0.185133,0.126708,281.25,0.039031,9.3142,0.3133
23664,0.000074,0.235988,1073.89,1006.91,2531.25,0.593608,0.207843,-1.406682,0.143084,1.050248,-0.117626,0.052815,0.278161,328.12,0.043020,10.2437,0.3106
23669,0.000088,0.182193,1308.20,1090.67,2765.62,0.673008,0.152941,-1.648996,-0.316610,1.037572,-0.252333,0.408318,0.772048,328.12,0.039884,9.9769,0.1718
23675,0.000082,0.237107,1189.57,1056.27,2671.88,0.660718,0.149020,-1.439910,0.203253,0.900365,-0.222211,0.080556,0.477946,328.12,0.038341,9.3225,0.2895
23680,0.000087,0.271129,1099.46,999.99,2390.62,0.621332,0.168627,-1.445208,0.322469,0.808730,0.165567,-0.059584,0.208027,281.25,0.041555,9.5376,0.3462
23685,0.000077,0.107387,1065.24,979.85,2343.75,0.596660,0.207843,-1.391828,0.329810,0.782923,0.287513,-0.157727,0.149308,281.25,0.041980,9.6127,0.3713
23691,0.000082,0.188892,1102.71,1007.09,2390.62,0.583608,0.156863,-1.238173,0.272034,0.862844,-0.201890,0.069147,0.236037,328.12,0.040537,10.3867,0.3462
23696,0.000087,0.203621,1164.25,1022.43,2578.12,0.613115,0.152941,-1.441931,-0.172307,0.997863,-0.066239,0.294459,0.388155,328.12,0.043684,12.2442,0.2408
23701,0.000071,0.199734,1201.16,1081.76,2671.88,0.639435,0.274510,-1.153192,-0.208499,0.968315,-0.099424,-0.026463,0.519262,328.12,0.044226,11.5426,0.2835
23707,0.000086,0.256189,1267.29,1103.02,2718.75,0.674686,0.239216,-1.040591,0.067770,0.698180,-0.030140,-0.289754,0.594535,328.12,0.035867,8.5658,0.3455
23712,0.000062,0.202162,1186.15,1068.61,2671.88,0.635050,0.305882,-1.157659,0.378629,0.623883,-0.163575,-0.099483,0.418204,281.25,0.038470,9.2580,0.3661
23717,0.000080,0.176581,1181.65,1060.37,2671.88,0.644732,0.141176,-1.415910,0.196729,0.856435,-0.130471,0.061034,0.432183,328.12,0.029919,7.9744,0.2981
23723,0.000086,0.213157,1141.34,1062.15,2718.75,0.641857,0.231373,-0.921053,0.132247,0.735653,-0.157874,-0.045033,0.256058,328.12,0.024499,6.3438,0.3776
23728,0.000087,0.252912,1180.99,1088.10,2671.88,0.624943,0.188235,-0.915919,0.250893,0.824311,-0.594985,-0.024823,0.460522,328.12,0.038460,9.2824,0.3658
23733,0.000086,0.241733,1274.77,1115.33,2812.50,0.695630,0.200000,-1.170133,0.138432,0.643433,-0.089911,-0.062902,0.541080,328.12,0.034493,7.3969,0.3197
23739,0.000085,0.296142,1219.16,1110.60,2859.38,0.673110,0.164706,-0.907153,0.216444,0.560966,0.060730,-0.286971,0.355983,281.25,0.030471,5.6670,0.4062
23744,0.000088,0.163603,1190.21,1089.55,2765.62,0.637662,0.243137,-1.035227,0.273497,0.680901,-0.002942,-0.281487,0.365259,281.25,0.036022,7.4252,0.3959
23749,0.000086,0.195122,1249.09,1100.50,2765.62,0.675484,0.215686,-1.235911,0.111789,0.799376,-0.081819,-0.043850,0.450414,234.38,0.031136,6.6915,0.3175
23755,0.000083,0.219214,1156.33,1088.08,2765.62,0.609237,0.203922,-0.989315,0.343732,0.764657,-0.282100,-0.108308,0.271335,281.25,0.036335,7.5987,0.4003
23760,0.000085,0.230800,1183.87,1085.05,2812.50,0.644872,0.160784,-0.984686,0.300299,0.565618,-0.009703,-0.167047,0.295518,234.38,0.035031,7.4828,0.3998
23765,0.000080,0.160743,1119.02,1002.19,2578.12,0.640637,0.223529,-1.291110,0.241076,0.644696,0.214407,0.030327,0.160604,234.38,0.030303,6.4220,0.3497
23771,0.000089,0.224216,1157.79,1027.13,2578.12,0.642206,0.176471,-1.546670,0.239540,0.839048,0.143688,-0.081308,0.405701,328.12,0.036406,8.2446,0.3067
23776,0.000092,0.198105,1069.08,995.68,2390.62,0.622040,0.168627,-0.845810,0.056494,0.626103,0.112520,-0.149908,0.200601,328.12,0.041057,9.3118,0.3965
23781,0.000080,0.232244,988.30,941.05,2203.12,0.598714,0.223529,-0.732598,0.201129,0.677530,-0.086818,-0.032594,-0.026650,328.12,0.039555,8.4512,0.4412
23787,0.000081,0.280839,1160.04,1033.24,2531.25,0.664260,0.243137,-1.423997,0.202099,0.748382,0.240821,-0.171404,0.404100,281.25,0.030303,6.0511,0.3258
23792,0.000086,0.149410,1173.23,1042.98,2531.25,0.667481,0.156863,-1.049515,-0.001654,0.697448,0.100679,-0.155448,0.408491,234.38,0.027596,6.3796,0.3425
23797,0.000098,0.229182,1085.73,1018.29,2484.38,0.625486,0.196078,-1.149397,0.326315,0.732850,-0.005951,-0.243379,0.339561,328.12,0.031071,6.7082,0.3871
23803,0.000131,0.295819,990.62,970.14,2343.75,0.587604,0.109804,-0.684348,0.320328,0.414031,0.184299,-0.287180,0.052871,187.50,0.039787,7.6439,0.4838
23808,0.000120,0.274057,1064.55,1038.33,2484.38,0.620395,0.121569,-0.481433,0.543828,0.099971,-0.173917,-0.135178,0.146728,187.50,0.059583,10.5860,0.5064
23813,0.000385,0.338927,990.22,983.83,2250.00,0.643026,0.031373,-0.262938,0.440494,0.023729,-0.086403,-0.050070,-0.064815,187.50,0.083028,10.9836,0.5365
23819,0.000336,0.431587,585.41,799.31,1453.12,0.337605,0.023529,0.427008,1.197855,0.366586,-0.704223,-0.698240,-0.588989,187.50,0.167320,15.7636,0.8109
23824,0.000306,0.201007,534.52,760.85,1031.25,0.291884,0.011765,0.367225,1.395821,0.382639,-0.652991,-0.917328,-0.575367,187.50,0.237136,21.5871,0.8359
23829,0.000240,0.096167,643.91,860.41,1453.12,0.361129,0.043137,0.110247,1.296834,0.160146,-0.436149,-0.709565,-0.421512,187.50,0.227258,23.0757,0.7806
23835,0.000387,0.142521,699.84,882.05,1734.38,0.419707,0.023529,0.045295,1.171473,0.091732,-0.535963,-0.388444,-0.384094,187.50,0.203247,21.4018,0.7300
23840,0.000302,0.187676,602.28,817.34,1359.38,0.350575,0.011765,0.127720,1.263149,0.381104,-0.512967,-0.678711,-0.580295,187.50,0.219549,20.4019,0.7900
23845,0.000239,0.115471,590.06,822.16,1312.50,0.323504,0.050980,0.226034,1.347870,0.370921,-0.677822,-0.778061,-0.488942,187.50,0.230624,21.6120,0.8054
23851,0.000079,0.092292,714.87,884.15,1781.25,0.395304,0.274510,0.011548,1.139580,0.141986,-0.532232,-0.382561,-0.378322,187.50,0.181663,19.6865,0.7223
23856,0.000081,0.184525,782.45,918.63,2015.62,0.476235,0.160784,-0.048314,0.848121,0.247146,-0.181644,-0.578322,-0.286986,187.50,0.092688,11.5172,0.6969
23861,0.000092,0.116669,1023.37,1000.23,2437.50,0.631441,0.192157,-0.295736,0.245985,0.275774,-0.115675,-0.154123,0.043776,187.50,0.027829,5.6316,0.5076
23867,0.000110,0.250361,1045.18,997.54,2484.38,0.592039,0.192157,-0.771542,0.091721,0.658394,-0.006325,-0.092027,0.119780,328.12,0.036088,7.9000,0.4125
23872,0.000080,0.270743,1123.24,1084.12,2625.00,0.624517,0.176471,-0.417160,0.335439,0.451999,-0.360348,-0.289606,0.279675,281.25,0.033998,6.1051,0.4910
23877,0.000567,0.357010,1083.01,997.57,2437.50,0.654773,0.015686,-0.640219,0.248162,0.304021,0.006772,-0.012003,0.093269,281.25,0.052441,6.7969,0.4411
23883,0.000582,0.580699,792.44,877.56,1828.12,0.537527,0.007843,-0.211180,0.763439,0.380387,-0.193949,-0.290366,-0.448331,187.50,0.171524,9.6857,0.6560
23888,0.000577,0.311189,511.71,699.71,890.62,0.295586,0.007843,0.307614,1.263650,0.676302,-0.590337,-0.756319,-0.900910,187.50,0.351697,17.3451,0.8340
23893,0.000642,0.096776,421.79,651.12,421.88,0.192049,0.031373,0.745948,1.616713,0.706853,-1.055370,-1.173035,-0.841107,187.50,0.411028,23.3579,0.8992
23899,0.000594,0.157587,471.45,683.92,703.12,0.250776,0.039216,0.473037,1.417909,0.614704,-0.763819,-0.893125,-0.848706,187.50,0.419479,21.7249,0.8601
23904,0.001183,0.450435,724.31,824.11,1593.75,0.482430,0.007843,-0.233522,0.747453,0.515327,-0.109285,-0.335027,-0.584946,187.50,0.315049,10.3786,0.6719
23909,0.001206,0.418083,792.45,855.29,1734.38,0.568409,0.015686,-0.042396,0.577094,0.340358,-0.047230,-0.290393,-0.537433,140.62,0.420372,8.3827,0.6640
23915,0.001291,0.225406,544.80,738.36,1125.00,0.353559,0.007843,0.504712,1.206910,0.223116,-0.444347,-0.652983,-0.837408,187.50,0.686412,15.8351,0.8322
23920,0.001377,0.083679,392.02,623.53,468.75,0.204947,0.003922,1.112055,1.702939,0.015881,-0.885369,-0.894972,-1.050533,140.62,0.801054,23.6161,0.9153
23925,0.001216,0.295980,529.91,726.02,1078.12,0.335602,0.007843,0.485581,1.264521,0.259956,-0.508192,-0.650312,-0.851554,187.50,0.813564,18.0324,0.8356
23931,0.001073,0.415263,699.82,816.43,1546.88,0.485440,0.011765,-0.262946,0.845772,0.568192,-0.166585,-0.380404,-0.604030,187.50,0.666478,10.8851,0.6865
23936,0.000928,0.133792,558.54,759.30,1218.75,0.344911,0.015686,0.530156,1.112089,0.278420,-0.437829,-0.640674,-0.842161,140.62,0.553734,11.9948,0.8267
23941,0.000859,0.077816,507.37,742.57,1078.12,0.293763,0.003922,0.979815,1.325730,-0.228381,-0.616240,-0.620886,-0.840039,140.62,0.689265,22.1171,0.8680
23947,0.000753,0.283007,688.83,838.87,1593.75,0.485899,0.015686,0.596326,0.858098,-0.041020,-0.389583,-0.374081,-0.649738,140.62,0.578995,15.7951,0.7754
23952,0.000890,0.140621,611.60,805.89,1359.38,0.323856,0.015686,0.657669,1.007720,0.045008,-0.459186,-0.478253,-0.772959,140.62,0.472364,13.9527,0.8113
23957,0.000443,0.355472,788.20,873.41,1781.25,0.566681,0.039216,0.108625,0.580271,0.286797,-0.179779,-0.269648,-0.526266,93.75,0.406124,8.9131,0.6775
23963,0.000448,0.083809,644.37,813.34,1500.00,0.423250,0.015686,0.330444,0.874115,0.320029,-0.415996,-0.432958,-0.675634,187.50,0.322271,10.1980,0.7607
23968,0.000420,0.011643,538.12,782.52,1125.00,0.304447,0.031373,0.638030,1.264760,0.246370,-0.743233,-0.727930,-0.677997,187.50,0.277628,15.9991,0.8395
23973,0.000387,0.252869,717.93,870.54,1687.50,0.472660,0.015686,0.510080,0.945270,-0.362828,-0.223224,-0.384545,-0.484753,140.62,0.290218,18.0605,0.7618
23979,0.000443,0.221464,657.26,830.60,1453.12,0.397746,0.039216,0.371852,1.000716,0.093690,-0.355612,-0.473514,-0.637132,140.62,0.225016,13.3572,0.7758
23984,0.000409,0.368093,773.25,841.37,1640.62,0.535136,0.047059,-0.029920,0.622494,0.243615,-0.016521,-0.193036,-0.626633,93.75,0.184573,8.1405,0.6695
23989,0.000386,0.144628,715.44,856.49,1640.62,0.423070,0.015686,0.395725,0.818834,-0.133955,-0.175176,-0.344370,-0.561058,140.62,0.244761,13.2304,0.7427
23995,0.000658,0.157286,615.81,841.96,1406.25,0.359630,0.015686,0.631961,1.185566,-0.158009,-0.455982,-0.717970,-0.485566,140.62,0.277439,20.4303,0.8191
24000,0.000534,0.245896,521.84,769.09,1031.25,0.298088,0.003922,0.927427,1.366973,-0.226591,-0.545299,-0.872679,-0.649830,140.62,0.345349,21.3733,0.8708
24005,0.000496,0.317660,579.57,785.46,1265.62,0.369904,0.031373,0.713755,1.069166,-0.065084,-0.276444,-0.697304,-0.744088,140.62,0.361611,16.2856,0.8337
24011,0.000505,0.355787,780.65,876.13,1828.12,0.548150,0.003922,0.252628,0.553466,0.156496,-0.083491,-0.377261,-0.501839,93.75,0.302683,10.9325,0.6990
24016,0.000597,0.030948,647.73,839.99,1546.88,0.408701,0.003922,0.621336,0.823305,0.178139,-0.382214,-0.559552,-0.681013,93.75,0.312070,14.5533,0.7929
24021,0.000310,0.280322,481.89,735.23,843.75,0.267668,0.043137,0.976643,1.304360,0.037577,-0.437587,-0.995531,-0.885463,140.62,0.340751,17.7890,0.8890
24027,0.000221,0.172918,596.06,740.65,1171.88,0.379513,0.141176,0.534772,0.932717,0.035763,0.010617,-0.624924,-0.888945,140.62,0.283846,15.7172,0.8162
24032,0.000194,0.099187,702.74,827.60,1640.62,0.433462,0.074510,0.183570,0.803084,0.181501,0.005990,-0.536599,-0.637546,140.62,0.154453,12.5997,0.7466
24037,0.000214,0.236271,785.50,879.90,1781.25,0.454820,0.070588,-0.200719,0.574395,0.635104,-0.070121,-0.441157,-0.497502,328.12,0.082827,7.2577,0.6584
24043,0.000218,0.072519,742.56,869.28,1687.50,0.442235,0.101961,-0.082952,0.699355,0.675219,-0.232521,-0.493080,-0.566021,281.25,0.074358,7.9544,0.6980
24048,0.000839,0.495568,820.21,897.88,1921.88,0.511519,0.023529,0.046179,0.680910,-0.041062,-0.066533,-0.264142,-0.355353,187.50,0.151299,11.8707,0.6622
24053,0.000798,0.530892,696.99,842.60,1593.75,0.476390,0.003922,0.299410,0.924810,-0.010439,-0.256915,-0.384588,-0.572278,140.62,0.349018,12.8842,0.7485
24059,0.000863,0.178757,497.17,733.62,1031.25,0.274946,0.003922,0.917738,1.345579,-0.112075,-0.577657,-0.720674,-0.852911,140.62,0.504454,19.3517,0.8720
24064,0.000756,0.301773,606.26,807.18,1406.25,0.408325,0.023529,0.737619,0.934181,0.092085,-0.435463,-0.545066,-0.783356,140.62,0.465467,15.5038,0.8176
24069,0.000843,0.197034,555.29,747.96,1218.75,0.347386,0.015686,0.554691,1.104973,0.225474,-0.494037,-0.570259,-0.820842,140.62,0.485595,15.7348,0.8213
24075,0.000735,0.171062,482.40,718.74,937.50,0.271672,0.015686,0.971199,1.268303,-0.034548,-0.510853,-0.781622,-0.912479,140.62,0.508313,17.4847,0.8773
24080,0.000906,0.322763,644.68,815.37,1453.12,0.453518,0.011765,0.572833,0.812067,0.205506,-0.282610,-0.529691,-0.778105,93.75,0.453970,13.0340,0.7935
24085,0.000101,0.178311,517.00,739.89,1031.25,0.268386,0.149020,0.810747,1.276027,-0.011710,-0.460803,-0.758551,-0.855710,140.62,0.490465,17.6943,0.8642
24091,0.000179,0.217567,683.47,829.94,1593.75,0.478612,0.121569,0.319829,0.913739,0.101643,-0.305705,-0.420613,-0.608893,140.62,0.320061,11.0424,0.7561
24096,0.000314,0.000126,851.89,916.06,2015.62,0.554713,0.039216,-0.153641,0.586086,0.223196,-0.110184,-0.230841,-0.314616,93.75,0.117355,9.5627,0.6199
24101,0.000193,0.225945,636.31,846.05,1500.00,0.391858,0.078431,0.592834,0.972331,0.101699,-0.430373,-0.649990,-0.586503,140.62,0.131223,12.2994,0.8023
24107,0.000257,0.215214,678.37,854.97,1593.75,0.432951,0.058824,0.334620,0.917088,0.123589,-0.303631,-0.458202,-0.613465,93.75,0.121001,10.8233,0.7616
24112,0.000120,0.145923,672.16,856.66,1593.75,0.374864,0.109804,0.340391,1.025583,0.156185,-0.440735,-0.596912,-0.484511,187.50,0.121618,12.7616,0.7727
24117,0.000116,0.253899,830.22,912.51,1968.75,0.559427,0.113725,-0.339763,0.758104,0.415827,-0.224739,-0.295711,-0.313717,187.50,0.104247,9.8384,0.6257
24123,0.000100,0.069413,1022.36,963.02,2156.25,0.601344,0.203922,-0.822674,0.532735,0.446764,-0.186256,0.104396,-0.074966,281.25,0.055330,8.0983,0.4602
24128,0.000117,0.248399,1056.76,966.53,2109.38,0.620310,0.117647,-0.345922,0.369560,0.166030,-0.279271,0.234742,-0.145139,234.38,0.042650,5.8220,0.4918
24133,0.000116,0.094865,988.22,963.21,2156.25,0.606750,0.105882,-0.268221,0.529277,0.136791,-0.219343,0.055606,-0.234109,234.38,0.050041,8.1574,0.5547
24139,0.000100,0.224006,1024.32,976.48,2203.12,0.619612,0.203922,-0.367043,0.415744,0.284627,-0.295627,0.079443,-0.117144,281.25,0.041744,6.8698,0.5108
24144,0.000083,0.262565,1076.03,966.21,2156.25,0.624523,0.160784,-0.384132,0.359004,0.154296,-0.280097,0.273759,-0.122831,234.38,0.037591,5.1915,0.4780
24149,0.000260,0.198295,1035.36,921.70,2109.38,0.614401,0.039216,-0.462719,0.129430,0.212091,0.173567,0.145767,-0.198135,140.62,0.032525,4.6636,0.4649
24155,0.000410,0.487665,789.44,781.64,1593.75,0.483286,0.070588,-0.486240,0.486216,0.385606,0.496954,-0.232073,-0.650463,187.50,0.090135,7.1801,0.6086
24160,0.000453,0.262256,677.67,770.10,1312.50,0.388339,0.015686,-0.576782,0.929537,0.618840,0.338269,-0.635221,-0.674643,234.38,0.183484,13.0384,0.6966
24165,0.000249,0.282043,659.32,793.00,1359.38,0.395741,0.043137,-0.379918,1.024602,0.644134,-0.081268,-0.546434,-0.661114,187.50,0.230949,13.5689,0.7163
24171,0.000393,0.322228,722.30,755.46,1406.25,0.458274,0.039216,-0.225366,0.653571,0.371691,0.278984,-0.301190,-0.777690,187.50,0.182099,8.7378,0.6800
24176,0.000238,0.087308,709.80,781.46,1406.25,0.397568,0.062745,-0.186931,0.758380,0.367045,0.272460,-0.534969,-0.675984,187.50,0.160945,9.8629,0.7091
24181,0.000187,0.238517,852.85,879.46,1968.75,0.579662,0.109804,-0.308942,0.470723,0.382697,0.163276,-0.371009,-0.336746,140.62,0.128099,6.9662,0.6070
24187,0.000102,0.041654,895.63,928.09,2109.38,0.555602,0.156863,-0.758825,0.724971,0.537488,-0.037613,-0.319980,-0.146041,187.50,0.101237,8.9426,0.5538
24192,0.000187,0.125183,1032.14,1021.26,2343.75,0.621988,0.117647,-0.608251,0.686193,0.406854,-0.494664,-0.085310,0.095178,234.38,0.073995,9.1507,0.5085
24197,0.000136,0.233107,966.67,975.40,2250.00,0.613198,0.160784,-0.342872,0.491057,0.390027,-0.331649,-0.140449,-0.066113,281.25,0.058692,6.9077,0.5442
24203,0.000102,0.182739,953.93,995.69,2203.12,0.555191,0.266667,-0.403177,0.722380,0.348090,-0.455805,-0.159271,-0.052219,234.38,0.075647,9.8482,0.5660
24208,0.000096,0.177634,1194.90,1079.24,2625.00,0.643434,0.203922,-0.786324,0.364227,0.387557,-0.268294,0.056880,0.245952,234.38,0.059274,8.8494,0.4104
24213,0.000089,0.152680,1220.53,1073.97,2718.75,0.678285,0.227451,-1.294925,0.251730,0.555546,0.180682,-0.047133,0.354099,234.38,0.043779,7.5750,0.3374
24219,0.000361,0.264176,1082.77,1009.74,2390.62,0.644473,0.062745,-0.623618,0.300865,0.321708,0.033761,-0.139959,0.107244,187.50,0.033279,5.5604,0.4638
24224,0.000511,0.534068,731.20,892.62,1734.38,0.483207,0.019608,0.508948,0.779176,-0.147798,-0.238647,-0.456932,-0.444747,140.62,0.134076,11.2095,0.7493
24229,0.000129,0.351095,597.78,837.44,1359.38,0.337142,0.145098,0.781276,1.185019,-0.198705,-0.568751,-0.598927,-0.599912,140.62,0.253605,16.0457,0.8296
24235,0.000185,0.267601,742.50,855.59,1593.75,0.491137,0.082353,0.153294,0.811246,0.213415,-0.302535,-0.279705,-0.595714,140.62,0.196223,10.9794,0.7150
24240,0.000114,0.024958,917.57,963.06,2109.38,0.559578,0.168627,0.053717,0.417414,0.267195,-0.283526,-0.198593,-0.256207,140.62,0.097608,10.4656,0.6137
24245,0.000099,0.312186,1067.08,965.16,2109.38,0.642205,0.156863,-0.116598,0.340333,0.000698,-0.394571,0.361594,-0.191457,140.62,0.058989,5.6398,0.5067
24251,0.000129,0.132068,1362.46,992.23,2578.12,0.750178,0.160784,-0.525574,-0.019668,-0.282560,-0.167038,0.713074,0.281766,93.75,0.037265,4.3491,0.3165
24256,0.000108,0.255333,1224.76,1075.47,2765.62,0.682432,0.145098,-0.342414,0.277588,0.200971,-0.478769,0.090675,0.251949,93.75,0.038829,5.3534,0.4492
24261,0.000099,0.225541,1219.01,1072.67,2578.12,0.710546,0.156863,-0.137004,0.365495,0.101629,-0.714335,0.088348,0.295866,93.75,0.045528,5.9225,0.4805
24267,0.000096,0.127734,1355.01,1083.61,2812.50,0.748667,0.184314,-0.203527,0.260468,-0.235280,-0.403028,0.129659,0.451708,140.62,0.039844,5.7653,0.4348
24272,0.000075,0.281152,1371.24,1052.21,2765.62,0.764539,0.266667,-0.871989,-0.029266,0.170636,0.000974,0.192765,0.536879,234.38,0.026672,3.4924,0.3067
24277,0.000085,0.082747,1356.35,1032.74,2718.75,0.727038,0.192157,-0.896736,-0.338104,0.333874,0.013528,0.382548,0.504890,328.12,0.027025,4.9259,0.2571
24283,0.000066,0.188187,1269.50,1020.50,2625.00,0.732314,0.333333,-1.237947,-0.265607,0.424954,0.327252,0.255726,0.495621,328.12,0.024283,5.1009,0.2446
24288,0.000094,0.210172,1330.93,1039.07,2718.75,0.757123,0.239216,-1.095127,0.035340,0.326936,-0.064293,0.301993,0.495150,234.38,0.025467,5.2815,0.2832
24293,0.000076,0.225546,1027.79,979.31,2343.75,0.574310,0.290196,-0.793280,0.439053,0.521544,-0.121999,-0.024240,-0.021080,234.38,0.035659,7.8070,0.4615
24299,0.000067,0.191563,1099.37,1014.54,2625.00,0.654345,0.262745,-0.972080,0.291346,0.455324,0.195972,-0.073269,0.102707,281.25,0.030452,6.7335,0.4121
24304,0.000100,0.232961,1272.81,1013.74,2671.88,0.706201,0.129412,-1.146304,-0.225409,0.340759,0.385601,0.174968,0.470384,421.88,0.018209,4.2889,0.2673
24309,0.000090,0.296841,1149.18,1059.07,2578.12,0.645610,0.211765,-0.802418,0.094750,0.652598,-0.091924,-0.236397,0.383391,328.12,0.028657,6.1449,0.3948
24315,0.000094,0.295438,977.09,937.63,2203.12,0.567192,0.231373,-0.784176,0.460437,0.499711,0.077347,-0.201312,-0.052006,234.38,0.037703,7.3576,0.4912
24320,0.000079,0.249466,898.24,848.41,1921.88,0.529503,0.215686,-0.784528,0.281986,0.598133,0.422337,-0.258270,-0.259659,281.25,0.038643,7.0874,0.5019
24325,0.000097,0.098507,1041.31,962.55,2390.62,0.582173,0.274510,-1.172346,0.069244,0.702770,0.463749,-0.250850,0.187433,328.12,0.035824,8.2292,0.3729
24331,0.000091,0.287549,1242.53,1069.68,2765.62,0.681041,0.313726,-1.185309,0.188871,0.591650,-0.033109,0.064186,0.373710,281.25,0.026571,5.9155,0.3280
24336,0.000086,0.213447,1397.43,1095.10,2906.25,0.722749,0.270588,-1.116108,-0.034302,0.394405,0.052731,0.217126,0.486149,234.38,0.022313,4.7669,0.2836
24341,0.000107,0.252676,1470.62,1081.02,2953.12,0.774643,0.298039,-1.325708,-0.232707,0.313934,0.040035,0.505975,0.698472,375.00,0.019774,4.3354,0.2008
24347,0.000097,0.230493,1266.43,1030.14,2578.12,0.750683,0.258824,-1.321460,-0.025648,0.479632,0.107317,0.344912,0.415247,375.00,0.024852,5.0140,0.2585
24352,0.000091,0.217703,1276.93,1081.99,2859.38,0.677700,0.313726,-1.086907,0.174642,0.559741,-0.236670,0.227114,0.362080,328.12,0.031616,6.3843,0.3207
24357,0.000086,0.190585,1405.50,1087.10,2953.12,0.703034,0.247059,-1.619251,-0.029200,0.574397,0.137237,0.347714,0.589104,281.25,0.025545,5.4934,0.2154
24363,0.000079,0.247172,1463.31,1073.20,2953.12,0.745443,0.239216,-1.339851,-0.195848,0.335774,0.022543,0.507121,0.670260,328.12,0.021618,4.7169,0.2048
24368,0.000082,0.294362,1242.19,957.46,2531.25,0.686709,0.219608,-1.487847,-0.222159,0.499310,0.259736,0.596690,0.354273,328.12,0.031639,6.2533,0.2091
24373,0.000121,0.165387,1177.66,981.33,2484.38,0.700235,0.207843,-0.663789,-0.188292,0.277488,0.052669,0.346435,0.175490,328.12,0.028957,6.2393,0.3347
24379,0.000289,0.330502,1020.65,1064.77,2531.25,0.604283,0.039216,0.178285,0.422707,-0.006328,-0.349193,-0.315780,0.070308,93.75,0.047075,9.0797,0.6043
24384,0.000106,0.493157,698.87,909.06,1781.25,0.433137,0.184314,0.695401,0.977917,-0.293512,-0.615601,-0.337287,-0.426919,140.62,0.113312,12.8271,0.7718
24389,0.000069,0.157328,723.33,891.37,1828.12,0.457266,0.282353,0.501671,0.811743,-0.198210,-0.308961,-0.279792,-0.526451,140.62,0.112144,11.2995,0.7427
24395,0.000142,0.074598,1048.08,1023.72,2437.50,0.647341,0.156863,-0.006752,0.339051,-0.271020,-0.025641,-0.058613,0.022975,93.75,0.044120,8.2634,0.5459
24400,0.000138,0.238277,954.95,1067.34,2437.50,0.570337,0.113725,0.162825,0.577837,0.094653,-0.399521,-0.432848,-0.002946,93.75,0.041090,7.2833,0.6430
24405,0.000118,0.291417,872.49,1008.53,2156.25,0.507752,0.172549,-0.053636,0.478004,0.536287,-0.333216,-0.491951,-0.135488,93.75,0.051754,7.7809,0.6285
24411,0.000101,0.176180,847.59,982.74,2062.50,0.532435,0.282353,0.320180,0.583108,0.151427,-0.444340,-0.333781,-0.276594,93.75,0.053937,9.1096,0.6807
24416,0.000103,0.113873,969.65,1017.28,2343.75,0.589907,0.203922,0.323020,0.643109,-0.564250,-0.214740,-0.129131,-0.058008,140.62,0.051309,11.2848,0.6403
24421,0.000160,0.337036,1090.90,900.93,2156.25,0.639979,0.105882,-0.271444,0.007200,-0.647532,0.654013,0.353553,-0.095792,93.75,0.027127,5.4005,0.4351
24427,0.000265,0.384835,973.87,835.84,1828.12,0.516826,0.050980,-0.107867,0.008181,-0.459928,0.931690,-0.053516,-0.318561,796.88,0.052457,7.3375,0.5340
24432,0.000117,0.413461,785.35,835.41,1453.12,0.450409,0.188235,0.297629,0.555636,-0.298355,0.460387,-0.431660,-0.583635,93.75,0.090824,8.3983,0.7179
24437,0.000103,0.198673,705.14,845.09,1500.00,0.426565,0.211765,0.337040,0.766053,0.138515,-0.045985,-0.535267,-0.660356,140.62,0.090397,8.3956,0.7594
24443,0.000159,0.210891,1004.02,912.47,2062.50,0.618867,0.117647,-0.304777,0.096275,0.021203,0.371267,0.060172,-0.244140,281.25,0.031116,3.9300,0.4969
24448,0.000260,0.318141,1140.31,890.51,2156.25,0.651549,0.027451,-0.242285,-0.043199,-0.900783,0.745836,0.442624,-0.002195,796.88,0.052043,5.8480,0.4102
24453,0.000199,0.314692,833.85,875.54,1781.25,0.485454,0.086275,0.319999,0.636838,-0.525069,0.299933,-0.343069,-0.388632,140.62,0.095019,9.3314,0.6994
24459,0.000182,0.322564,765.90,879.87,1781.25,0.466694,0.043137,0.221950,0.591483,0.132461,0.201930,-0.614250,-0.533575,93.75,0.114221,9.5542,0.7272
24464,0.000130,0.127756,766.90,873.32,1781.25,0.488718,0.094118,0.282270,0.537853,-0.013701,0.243119,-0.534584,-0.514957,93.75,0.101296,9.2662,0.7181
24469,0.000198,0.086609,837.71,899.22,1921.88,0.532201,0.078431,0.076969,0.392321,-0.007194,0.180583,-0.294367,-0.348311,187.50,0.062309,7.1445,0.6355
24475,0.000182,0.221242,913.38,952.39,2109.38,0.560474,0.050980,-0.113810,0.204764,0.058697,0.377928,-0.360423,-0.167156,187.50,0.064433,7.1859,0.5767
24480,0.000130,0.286808,793.09,893.17,1875.00,0.464680,0.141176,0.309715,0.549241,-0.246700,0.291442,-0.492761,-0.410936,140.62,0.090219,8.8813,0.7071
24485,0.000094,0.153525,888.15,934.14,2015.62,0.559721,0.207843,-0.076416,0.614914,-0.112267,0.104314,-0.243304,-0.287241,187.50,0.083340,9.6851,0.6305
24491,0.000084,0.091062,948.10,1015.00,2437.50,0.563218,0.266667,-0.241823,0.531804,0.250884,-0.051459,-0.361254,-0.128151,234.38,0.042499,7.0510,0.5962
24496,0.000207,0.223192,995.78,1029.27,2531.25,0.604094,0.043137,-0.068291,0.044406,0.303171,0.059970,-0.386569,0.047313,375.00,0.021222,4.0952,0.5393
24501,0.000083,0.381924,789.98,963.95,2109.38,0.474458,0.243137,0.263331,0.762802,0.205468,-0.360783,-0.643759,-0.227059,93.75,0.058643,8.8675,0.7208
24507,0.000080,0.261804,802.88,963.97,2156.25,0.494490,0.266667,0.101542,0.744613,0.247221,-0.116063,-0.690843,-0.286470,187.50,0.073477,9.0184,0.7134
24512,0.000208,0.111317,979.72,1020.40,2484.38,0.592842,0.043137,-0.186608,0.294474,0.265717,0.057429,-0.450885,0.019872,187.50,0.037289,6.6305,0.5670
24517,0.000323,0.328526,749.42,960.21,2062.50,0.449852,0.039216,0.510298,0.797601,0.139703,-0.476414,-0.722348,-0.248839,93.75,0.074581,11.2394,0.7576
24523,0.000452,0.420526,553.72,808.99,1125.00,0.334850,0.007843,0.719512,1.237304,0.438046,-0.789437,-1.010091,-0.595334,140.62,0.157575,15.0255,0.8558
24528,0.000338,0.326622,540.00,780.03,890.62,0.286991,0.050980,0.234229,1.368563,0.684386,-0.568789,-1.048451,-0.669937,187.50,0.237208,17.7463,0.8403
24533,0.000324,0.199292,569.03,783.63,937.50,0.294021,0.047059,-0.276162,1.308164,0.938000,-0.331516,-0.979429,-0.659058,187.50,0.217085,15.8481,0.7917
24539,0.000451,0.215042,546.11,749.67,890.62,0.298199,0.007843,0.349848,1.151862,0.603194,-0.334980,-0.937421,-0.832501,187.50,0.187412,14.5358,0.8370
24544,0.000371,0.294812,584.95,785.45,1125.00,0.338847,0.023529,0.079520,1.234312,0.534963,-0.401019,-0.699344,-0.748433,187.50,0.245619,17.5591,0.7991
24549,0.000400,0.199254,665.16,784.01,1453.12,0.396847,0.031373,-0.314046,1.045959,0.448423,-0.219914,-0.259411,-0.701011,187.50,0.274424,17.9319,0.6998
24555,0.000433,0.116840,572.32,733.33,1218.75,0.316775,0.031373,-0.287239,1.316704,0.793711,-0.572036,-0.454636,-0.796504,187.50,0.245026,18.5491,0.7577
24560,0.000373,0.234458,495.39,694.20,843.75,0.266893,0.031373,0.010197,1.378749,0.937912,-0.642062,-0.737750,-0.947046,234.38,0.231465,17.2673,0.8230
24565,0.000398,0.327200,455.19,625.62,796.88,0.256764,0.031373,0.630971,1.246582,0.531256,-0.342942,-0.853914,-1.211953,140.62,0.199355,12.9052,0.8778
24571,0.000074,0.225359,542.73,723.24,1078.12,0.317723,0.254902,0.191320,1.224670,0.635265,-0.550799,-0.630951,-0.869506,187.50,0.219870,14.7376,0.8113
24576,0.000103,0.155439,763.03,834.79,1734.38,0.474606,0.137255,-0.449479,0.858228,0.531190,-0.276951,-0.211443,-0.451544,187.50,0.147053,11.0327,0.6309
24581,0.000078,0.022410,977.57,948.14,2156.25,0.595238,0.254902,-0.476025,0.409819,0.362170,-0.043096,-0.126050,-0.126817,140.62,0.046711,7.1231,0.5233
24587,0.000103,0.181421,1104.82,1002.90,2531.25,0.642452,0.125490,-0.515307,0.167948,0.330249,0.014566,-0.120414,0.122958,281.25,0.034641,6.2177,0.4564
24592,0.000096,0.147042,1117.33,1001.52,2484.38,0.656126,0.215686,-0.904115,0.303937,0.500679,-0.041823,-0.019403,0.160724,281.25,0.044757,8.6761,0.4084
24597,0.000078,0.195964,1111.80,1010.25,2484.38,0.599720,0.262745,-1.142218,0.412107,0.610531,-0.080730,0.020079,0.180230,281.25,0.052126,10.3394,0.3858
24603,0.000104,0.221510,1313.07,1068.66,2671.88,0.679196,0.215686,-1.428005,0.314018,0.400615,-0.090285,0.302481,0.501175,234.38,0.039542,8.2142,0.2771
24608,0.000090,0.224783,1196.02,1037.22,2578.12,0.627712,0.176471,-1.616207,0.531453,0.503612,0.095739,0.086676,0.398727,234.38,0.043907,9.0398,0.3132
24613,0.000076,0.277841,1184.38,1045.42,2718.75,0.670286,0.282353,-1.077541,0.321446,0.421925,0.149563,-0.077565,0.262171,234.38,0.040345,7.4300,0.3845
24619,0.000085,0.223068,1335.48,1060.38,2765.62,0.750778,0.207843,-0.711687,0.039726,0.182644,-0.139893,0.247890,0.381319,281.25,0.031950,6.1058,0.3429
24624,0.000087,0.203045,1355.18,1016.91,2671.88,0.717107,0.137255,-1.021751,-0.164729,0.342724,-0.239328,0.611011,0.472074,328.12,0.025295,5.2916,0.2433
24629,0.000084,0.281269,1313.13,1059.41,2812.50,0.711403,0.231373,-1.372726,-0.222904,0.654999,0.006872,0.320186,0.613572,328.12,0.036086,6.9641,0.2202
24635,0.000086,0.218610,1472.91,1116.04,2953.12,0.759708,0.250980,-1.923014,-0.125322,0.767760,-0.016135,0.386521,0.910189,328.12,0.037953,7.0385,0.1581
24640,0.000103,0.197577,1256.31,1080.57,2718.75,0.680419,0.160784,-0.916276,-0.258008,0.545288,0.184896,0.042708,0.401392,328.12,0.036593,7.1753,0.3081
24645,0.000068,0.238676,1131.85,1029.01,2578.12,0.602063,0.262745,-0.880937,0.244930,0.597614,-0.005765,-0.158469,0.202628,328.12,0.040994,8.1189,0.4158
24651,0.000086,0.152135,1119.33,972.49,2296.88,0.613359,0.250980,-1.283626,0.178989,0.639557,0.198599,0.180156,0.086325,281.25,0.034407,7.2303,0.3350
24656,0.000103,0.204072,1143.43,958.03,2343.75,0.662313,0.152941,-1.087183,-0.227635,0.589981,0.307413,0.226463,0.190961,328.12,0.035247,7.5141,0.2961
24661,0.000068,0.252325,1091.57,996.18,2484.38,0.660388,0.235294,-0.958153,0.223260,0.594136,0.131364,-0.121507,0.130898,281.25,0.037155,6.9608,0.4080
24667,0.000072,0.234283,1119.77,978.31,2484.38,0.674834,0.231373,-1.513372,0.181955,0.647588,0.402940,0.156605,0.124285,234.38,0.029592,5.5995,0.3087
24672,0.000489,0.372169,910.38,949.07,2062.50,0.567921,0.015686,-0.246019,0.430989,0.297804,0.028100,-0.242006,-0.268867,234.38,0.050672,6.9708,0.5861
24677,0.000349,0.580148,665.68,771.85,1453.12,0.423053,0.023529,-0.062182,0.867163,0.452481,-0.077256,-0.350813,-0.829393,187.50,0.165314,9.9102,0.7296
24683,0.000391,0.164533,657.59,784.92,1359.38,0.381840,0.019608,-0.374853,1.019602,0.531350,0.047581,-0.509045,-0.714635,234.38,0.227799,13.7927,0.7179
24688,0.000426,0.222948,650.56,742.86,1171.88,0.346304,0.015686,-0.335907,0.903384,0.449922,0.286717,-0.524504,-0.779612,187.50,0.236513,14.4524,0.7182
24693,0.000349,0.257315,669.45,775.64,1171.88,0.394837,0.023529,0.009679,0.801263,0.313593,0.067742,-0.460083,-0.732194,187.50,0.245294,12.7382,0.7314
24699,0.000203,0.130275,655.89,797.53,1218.75,0.386875,0.117647,-0.232505,0.936714,0.591250,-0.027307,-0.570464,-0.697686,187.50,0.215222,13.0612,0.7283
24704,0.000203,0.196879,782.88,875.12,1781.25,0.482732,0.105882,-0.619191,0.745397,0.759872,0.096110,-0.584309,-0.397879,234.38,0.152322,10.6625,0.6351
24709,0.000227,0.027512,770.35,855.19,1734.38,0.450752,0.078431,-0.585086,0.760040,0.686320,0.164605,-0.631764,-0.394116,234.38,0.116228,12.3105,0.6458
24715,0.000175,0.134203,701.08,817.60,1453.12,0.385286,0.078431,-0.563333,0.926453,0.684836,-0.029238,-0.464910,-0.553808,234.38,0.116988,13.2972,0.6662
24720,0.000196,0.322766,780.03,839.69,1781.25,0.490225,0.101961,-0.343775,0.628710,0.626817,0.018619,-0.471854,-0.458516,281.25,0.089045,8.7514,0.6474
24725,0.000228,0.177462,746.02,852.10,1687.50,0.433479,0.086275,-0.176033,0.845826,0.435637,0.071112,-0.700103,-0.476439,234.38,0.106132,11.1306,0.7157
24731,0.000072,0.157796,727.37,826.47,1593.75,0.416433,0.250980,-0.432774,0.930235,0.735607,-0.197707,-0.489500,-0.545861,234.38,0.115694,13.7057,0.6827
24736,0.000101,0.205399,773.98,872.56,1828.12,0.451848,0.145098,-0.620423,0.764683,0.812965,-0.129725,-0.504769,-0.322732,281.25,0.074359,9.2259,0.6191
24741,0.000092,0.032173,941.16,976.47,2296.88,0.541230,0.168627,-0.796705,0.465617,0.804303,-0.134025,-0.374773,0.035583,328.12,0.049578,11.0216,0.5010
24747,0.000090,0.134409,982.61,1001.99,2484.38,0.502018,0.180392,-1.092497,0.543311,1.066976,-0.341203,-0.413226,0.236641,328.12,0.050524,13.1798,0.4536
24752,0.000073,0.290545,1084.02,1050.23,2625.00,0.552037,0.250980,-1.204022,0.140289,0.994143,-0.103835,-0.262077,0.435502,328.12,0.048108,11.5392,0.3501
24757,0.000427,0.372230,990.30,1047.71,2578.12,0.542832,0.031373,-0.444507,0.456442,0.681985,-0.339525,-0.477852,0.123457,234.38,0.039795,7.3730,0.5457
24763,0.000419,0.616350,568.03,797.38,984.38,0.305994,0.043137,0.301493,1.120390,0.716213,-0.388952,-1.046021,-0.703123,187.50,0.153026,11.6195,0.8300
24768,0.000252,0.288054,463.47,715.61,656.25,0.259047,0.121569,0.800768,1.262331,0.432385,-0.423165,-1.139096,-0.933223,140.62,0.218210,13.4452,0.8877
24773,0.000148,0.133740,612.04,794.71,1265.62,0.374796,0.121569,0.323172,0.841133,0.457586,-0.232628,-0.567612,-0.821653,93.75,0.139300,9.9526,0.7819
24779,0.000327,0.101708,708.43,820.48,1406.25,0.443115,0.027451,-0.031147,0.592421,0.406451,0.041226,-0.340578,-0.668374,187.50,0.104380,9.6587,0.6868
24784,0.000173,0.259318,647.09,823.66,1453.12,0.426330,0.094118,0.552826,0.774538,0.010780,-0.168568,-0.437229,-0.732346,140.62,0.135950,11.0442,0.7770
24789,0.000103,0.098456,659.00,882.73,1500.00,0.408723,0.180392,0.700060,0.788465,-0.046971,-0.337258,-0.572919,-0.531377,93.75,0.124690,12.2337,0.7852
24795,0.000107,0.094201,996.78,1066.56,2531.25,0.592536,0.219608,0.408590,0.384883,-0.235747,-0.334032,-0.345420,0.121726,281.25,0.024547,4.4173,0.6245
24800,0.000112,0.299302,1097.30,1037.66,2578.12,0.672550,0.156863,-0.422522,0.238542,0.260040,-0.138611,-0.065399,0.127949,234.38,0.035681,5.9440,0.4692
24805,0.000108,0.220472,1094.73,1037.02,2531.25,0.621408,0.192157,-0.437541,0.150997,0.368024,-0.067266,0.041081,-0.055296,234.38,0.035134,5.6191,0.4660
24811,0.000107,0.234786,1127.38,1026.24,2484.38,0.646040,0.219608,-0.883073,0.101404,0.590142,0.120809,0.012274,0.058445,281.25,0.037168,5.6570,0.3950
24816,0.000092,0.146664,1071.38,1002.83,2296.88,0.612132,0.227451,-0.950699,0.228796,0.654892,0.067865,-0.045352,0.044498,234.38,0.041329,6.9995,0.4108
24821,0.000351,0.266589,1054.76,963.01,2250.00,0.611569,0.027451,-0.941160,0.085352,0.463242,0.329665,0.060627,0.002273,375.00,0.038529,5.7384,0.3871
24827,0.000552,0.510360,696.87,807.83,1546.88,0.424843,0.015686,-0.579956,0.834182,0.919256,-0.147497,-0.454168,-0.571817,234.38,0.121320,9.8513,0.6548
24832,0.000472,0.359147,472.45,643.92,703.12,0.239540,0.019608,-0.167498,1.535477,1.137856,-0.730854,-0.818870,-0.956110,234.38,0.278298,19.0062,0.8280
24837,0.000372,0.133460,481.85,648.18,843.75,0.216318,0.031373,-0.546654,1.599713,1.165561,-0.753991,-0.541331,-0.923298,234.38,0.334014,23.6055,0.7788
24843,0.000347,0.150711,561.71,723.68,1125.00,0.268604,0.027451,-0.804568,1.383137,1.143713,-0.435958,-0.447001,-0.839325,234.38,0.289624,21.7513,0.7176
24848,0.000435,0.190605,645.74,779.50,1218.75,0.319958,0.023529,-0.496240,1.137959,1.075305,-0.453833,-0.509535,-0.753657,234.38,0.225936,19.7772,0.7216
24853,0.000372,0.269204,536.46,682.77,937.50,0.277521,0.035294,-0.551962,1.411641,1.100170,-0.324063,-0.708645,-0.927141,234.38,0.262557,20.3494,0.7769
24859,0.000218,0.150304,582.27,723.77,1171.88,0.295385,0.062745,-0.837639,1.370740,1.009985,-0.193439,-0.464440,-0.885207,234.38,0.256602,20.1838,0.7194
24864,0.000281,0.164292,636.05,742.96,1218.75,0.349017,0.039216,-0.783331,1.107765,0.809468,0.234411,-0.573341,-0.794972,234.38,0.185929,15.8221,0.6998
24869,0.000234,0.156306,674.49,763.80,1312.50,0.399020,0.078431,-0.503241,0.885323,0.585869,0.267583,-0.542986,-0.692548,187.50,0.150733,13.6593,0.6919
24875,0.000156,0.250409,662.50,783.56,1406.25,0.405562,0.027451,-0.061376,0.799492,0.533356,0.041193,-0.568816,-0.743849,187.50,0.140599,12.1116,0.7360
24880,0.000217,0.042257,670.15,792.25,1453.12,0.395166,0.094118,0.071430,0.850143,0.323991,0.048438,-0.482129,-0.811873,187.50,0.110672,12.5301,0.7517
24885,0.000179,0.247752,622.76,840.61,1593.75,0.381950,0.031373,0.809960,0.968726,-0.254646,-0.503239,-0.316209,-0.704593,140.62,0.099719,13.6135,0.8021
24891,0.000096,0.274462,622.28,851.75,1453.12,0.363327,0.113725,0.639892,0.854024,0.286187,-0.485988,-0.662556,-0.631557,93.75,0.107085,13.2639,0.8012
24896,0.000195,0.180475,817.58,999.70,2250.00,0.501059,0.078431,0.448651,0.790675,-0.037900,-0.412259,-0.658913,-0.130254,140.62,0.075309,10.9900,0.7339
24901,0.000181,0.152940,746.70,944.95,1968.75,0.461959,0.070588,0.524844,0.734625,0.021567,-0.374930,-0.590506,-0.315600,140.62,0.077632,11.0038,0.7470
24907,0.000096,0.245683,660.19,874.24,1593.75,0.402294,0.121569,0.525398,0.802771,0.318940,-0.406851,-0.670688,-0.569570,93.75,0.096535,12.3154,0.7832
24912,0.000100,0.173602,811.55,996.88,2250.00,0.484736,0.149020,0.418045,0.787766,0.031930,-0.454606,-0.636847,-0.146288,140.62,0.063971,9.3554,0.7300
24917,0.000064,0.157625,977.72,1025.09,2390.62,0.555806,0.317647,-0.194682,0.387997,0.385064,-0.361615,-0.303693,0.086930,187.50,0.041512,8.3813,0.5511
24923,0.000085,0.164080,955.22,1031.65,2390.62,0.528663,0.145098,-0.213392,0.390346,0.606920,-0.391763,-0.506684,0.114571,328.12,0.030465,6.9056,0.5707
24928,0.000094,0.195344,1096.42,1014.69,2484.38,0.639218,0.188235,-0.944706,-0.127726,0.769529,0.111262,-0.126019,0.317658,375.00,0.025849,6.6929,0.3470
24933,0.000066,0.324709,1076.61,992.77,2437.50,0.635949,0.309804,-0.931914,-0.057539,0.693132,0.342306,-0.206500,0.160514,421.88,0.034787,7.0813,0.3842
24939,0.000421,0.487916,982.26,978.46,2250.00,0.631010,0.027451,-0.277815,0.219553,0.199916,0.091021,-0.118062,-0.114616,234.38,0.047810,6.0716,0.5218
24944,0.000405,0.540309,843.16,927.71,1968.75,0.590955,0.039216,0.214566,0.568805,-0.097551,-0.092156,-0.218392,-0.375272,140.62,0.142729,8.5136,0.6656
24949,0.000238,0.173110,607.07,832.48,1453.12,0.388445,0.074510,0.736957,1.018643,-0.009354,-0.427500,-0.668693,-0.650053,140.62,0.214352,13.8078,0.8231
24955,0.000386,0.194636,581.95,770.19,1265.62,0.369976,0.023529,0.554493,0.872398,0.345411,-0.240162,-0.717881,-0.814259,93.75,0.196985,13.3661,0.8145
24960,0.000317,0.170073,623.72,794.60,1359.38,0.390349,0.011765,0.362895,0.868291,0.534460,-0.318845,-0.824772,-0.622030,93.75,0.164711,10.7587,0.7923
24965,0.000267,0.134562,533.64,751.00,937.50,0.322193,0.047059,0.659881,1.039439,0.477470,-0.346395,-1.028460,-0.801935,93.75,0.154373,10.8967,0.8538
24971,0.000177,0.174592,617.36,777.78,1312.50,0.355107,0.121569,0.161677,0.724798,0.710134,-0.181582,-0.614713,-0.800314,93.75,0.102853,7.7653,0.7596
24976,0.000165,0.158937,678.26,869.11,1546.88,0.410199,0.090196,0.096644,0.933863,0.631894,-0.324402,-0.825144,-0.512856,234.38,0.115881,10.8908,0.7657
24981,0.000173,0.092058,768.57,931.01,1921.88,0.449815,0.054902,-0.096171,0.832177,0.638951,-0.239067,-0.742427,-0.393464,234.38,0.100831,13.2800,0.7183
24987,0.000190,0.153411,797.26,979.71,2062.50,0.425182,0.058824,-0.462216,1.038913,0.799942,-0.645401,-0.600560,-0.130677,234.38,0.105493,15.9866,0.6579
24992,0.001272,0.697709,798.22,871.48,1781.25,0.538347,0.003922,-0.133200,0.504492,0.425551,-0.032857,-0.320155,-0.443830,281.25,0.146495,8.4882,0.6382
24997,0.001014,0.596734,647.30,802.84,1406.25,0.456501,0.015686,0.297287,0.891692,0.333683,-0.275773,-0.532564,-0.714326,140.62,0.445522,10.4100,0.7717

----- END /raw_seg_noise_25s_42798.csv -----
