--- Terminal on COM3 | 921600 8-N-1
--- Available filters and text transformations: colorize, debug, default, direct, esp32_exception_decoder, hexlify, log2file, nocontrol, printable, send_on_enter, time
--- More details at https://bit.ly/pio-monitor-filters
--- Quit: Ctrl+C | Menu: Ctrl+T | Help: Ctrl+T followed by Ctrl+H
´┐¢´┐¢ÔÉÇ´┐¢ÔÉÇ´┐¢´┐¢´┐¢ÔÉÇ´┐¢ÔÉÇÔÉÇÔÉÇ´┐¢ÔÉÇ´┐¢´┐¢´┐¢´┐¢´┐¢ÔÉÇ´┐¢´┐¢ÔÉÇÔÉÇÔÉÇÔÉÇÔÉÇ´┐¢ÔÉÇÔÉÇÔÉÇÔÉÇÔÉÇÔÉÇÔÉÇÔÉÇÔÉÇ´┐¢ÔÉÇÔÉÇ´┐¢ÔÉÇÔÉÇÔÉÇÔÉÇ´┐¢ÔÉÇÔÉÇÔÉÇÔÉÇÔÉÇÔÉÇ´┐¢ÔÉÇÔÉÇÔÉÇÔÉÇ´┐¢ÔÉÇÔÉÇÔÉÇ´┐¢ÔÉÇÔÉÇ´┐¢ÔÉÇÔÉÇ´┐¢ÔÉÇ´┐¢´┐¢ÔÉÇÔÉÇ´┐¢ÔÉÇ´┐¢´┐¢ÔÉÇÔÉÇ´┐¢ÔÉÇÔÉÇÔÉÇ´┐¢´┐¢ÔÉÇ´┐¢ÔÉÇ´┐¢´┐¢ÔÉÇ´┐¢ÔÉÇÔÉÇÔÉÇÔÉÇ´┐¢´┐¢ÔÉÇÔÉÇÔÉÇÔÉÇÔÉÇ´┐¢ÔÉÇÔÉÇ´┐¢´┐¢´┐¢ÔÉÇ´┐¢´┐¢´┐¢´┐¢´┐¢´┐¢´┐¢ÔÉÇ´┐¢ÔÉÇÔÉÇ´┐¢´┐¢´┐¢ÔÉÇ´┐¢ÔÉÇÔÉÇ´┐¢´┐¢´┐¢´┐¢ÔÉÇÔÉÇ´┐¢´┐¢´┐¢´┐¢ÔÉÇ´┐¢´┐¢ÔÉÇ´┐¢´┐¢´┐¢´┐¢ÔÉÇ´┐¢ÔÉÇ´┐¢´┐¢´┐¢´┐¢ÔÉÇ´┐¢ÔÉÇÔÉÇ´┐¢ÔÉÇÔÉÇÔÉÇ´┐¢´┐¢´┐¢´┐¢´┐¢´┐¢´┐¢ÔÉÇ´┐¢´┐¢ÔÉÇ´┐¢ÔÉÇÔÉÇÔÉÇÔÉÇ´┐¢´┐¢ÔÉÇÔÉÇ´┐¢ÔÉÇÔÉÇÔÉÇÔÉÇÔÉÇ´┐¢ÔÉÇ´┐¢ÔÉÇ´┐¢´┐¢ÔÉÇ´┐¢´┐¢´┐¢ÔÉÇÔÉÇ´┐¢´┐¢´┐¢´┐¢ÔÉÇÔÉÇ´┐¢´┐¢ÔÉÇ´┐¢´┐¢ÔÉÇ´┐¢´┐¢ÔÉÇ´┐¢´┐¢´┐¢´┐¢´┐¢´┐¢ÔÉÇÔÉÇ´┐¢ÔÉÇÔÉÇ´┐¢´┐¢ÔÉÇ´┐¢´┐¢ÔÉÇ´┐¢´┐¢ÔÉÇÔÉÇ´┐¢´┐¢´┐¢´┐¢ÔÉÇÔÉÇ´┐¢´┐¢ÔÉÇ´┐¢´┐¢ÔÉÇ´┐¢ÔÉÇ´┐¢´┐¢´┐¢´┐¢ÔÉÇ´┐¢ÔÉÇ´┐¢´┐¢ÔÉÇÔÉÇ´┐¢ÔÉÇ´┐¢ÔÉÇ´┐¢´┐¢´┐¢´┐¢ÔÉÇ´┐¢´┐¢ÔÉÇÔÉÇ´┐¢´┐¢ÔÉÇ´┐¢´┐¢´┐¢ÔÉÇ´┐¢´┐¢ÔÉÇ´┐¢´┐¢ÔÉÇ´┐¢´┐¢ÔÉÇ´┐¢ÔÉÇ´┐¢ÔÉÇÔÉÇÔÉÇÔÉÇÔÉÇÔÉÇ´┐¢ÔÉÇÔÉÇÔÉÇ´┐¢ÔÉÇ´┐¢´┐¢ÔÉÇ´┐¢´┐¢´┐¢ÔÉÇÔÉÇ´┐¢´┐¢´┐¢´┐¢´┐¢ÔÉÇ´┐¢´┐¢ÔÉÇ´┐¢ÔÉÇÔÉÇÔÉÇÔÉÇ´┐¢´┐¢´┐¢ÔÉÇ´┐¢´┐¢´┐¢ÔÉÇ´┐¢´┐¢´┐¢ÔÉÇÔÉÇ´┐¢ÔÉÇ´┐¢ÔÉÇ´┐¢ÔÉÇ´┐¢´┐¢´┐¢´┐¢´┐¢´┐¢´┐¢´┐¢´┐¢ÔÉÇÔÉÇ´┐¢ÔÉÇÔÉÇ´┐¢ÔÉÇ´┐¢´┐¢ÔÉÇ´┐¢ÔÉÇÔÉÇÔÉÇÔÉÇ´┐¢ÔÉÇÔÉÇÔÉÇÔÉÇÔÉÇ´┐¢ÔÉÇ´┐¢ÔÉÇ´┐¢´┐¢´┐¢´┐¢ÔÉÇÔÉÇ´┐¢ÔÉÇÔÉÇ´┐¢ÔÉÇ´┐¢´┐¢ÔÉÇ´┐¢ÔÉÇÔÉÇÔÉÇÔÉÇ´┐¢ÔÉÇÔÉÇÔÉÇÔÉÇÔÉÇ´┐¢ÔÉÇÔÉÇÔÉÇ´┐¢´┐¢´┐¢´┐¢ÔÉÇÔÉÇ´┐¢ÔÉÇÔÉÇ´┐¢ÔÉÇ´┐¢´┐¢ÔÉÇ´┐¢ÔÉÇÔÉÇÔÉÇÔÉÇ´┐¢ÔÉÇÔÉÇÔÉÇÔÉÇÔÉÇ´┐¢ÔÉÇ´┐¢ÔÉÇ´┐¢´┐¢ÔÉÇ´┐¢ÔÉÇÔÉÇ´┐¢´┐¢´┐¢ÔÉÇÔÉÇ´┐¢ÔÉÇÔÉÇ´┐¢ÔÉÇ´┐¢´┐¢ÔÉÇ´┐¢ÔÉÇÔÉÇÔÉÇÔÉÇ´┐¢ÔÉÇÔÉÇÔÉÇÔÉÇÔÉÇ´┐¢ÔÉÇÔÉÇ´┐¢´┐¢ÔÉÇÔÉÇ´┐¢´┐¢´┐¢´┐¢ÔÉÇÔÉÇ´┐¢ÔÉÇÔÉÇ´┐¢ÔÉÇ´┐¢´┐¢ÔÉÇ´┐¢ÔÉÇÔÉÇÔÉÇÔÉÇ´┐¢ÔÉÇÔÉÇÔÉÇÔÉÇÔÉÇ´┐¢ÔÉÇ´┐¢´┐¢´┐¢ÔÉÇ´┐¢´┐¢´┐¢´┐¢ÔÉÇÔÉÇ´┐¢ÔÉÇÔÉÇ´┐¢ÔÉÇ´┐¢´┐¢ÔÉÇ´┐¢ÔÉÇÔÉÇÔÉÇÔÉÇ´┐¢ÔÉÇÔÉÇÔÉÇÔÉÇ´┐¢´┐¢ÔÉÇÔÉÇ´┐¢ÔÉÇ´┐¢´┐¢´┐¢´┐¢´┐¢´┐¢´┐¢ÔÉÇÔÉÇ´┐¢´┐¢´┐¢ÔÉÇ´┐¢ÔÉÇ´┐¢ÔÉÇÔÉÇÔÉÇ´┐¢´┐¢ÔÉÇÔÉÇ´┐¢´┐¢ÔÉÇ´┐¢ÔÉÇ´┐¢ÔÉÇÔÉÇÔÉÇ´┐¢ÔÉÇ´┐¢ÔÉÇ´┐¢´┐¢´┐¢´┐¢´┐¢´┐¢ÔÉÇ´┐¢´┐¢´┐¢´┐¢´┐¢ÔÉÇÔÉÇÔÉÇÔÉÇ´┐¢´┐¢ÔÉÇ´┐¢´┐¢ÔÉÇ´┐¢´┐¢ÔÉÇ´┐¢ÔÉÇÔÉÇÔÉÇÔÉÇ´┐¢´┐¢ÔÉÇÔÉÇ´┐¢ÔÉÇÔÉÇ´┐¢´┐¢´┐¢´┐¢´┐¢´┐¢ÔÉÇ´┐¢ÔÉÇÔÉÇ´┐¢ÔÉÇ´┐¢ÔÉÇÔÉÇÔÉÇÔÉÇ´┐¢´┐¢ÔÉÇÔÉÇÔÉÇÔÉÇ´┐¢ÔÉÇÔÉÇ´┐¢ÔÉÇÔÉÇ´┐¢ÔÉÇÔÉÇÔÉÇÔÉÇ´┐¢ÔÉÇÔÉÇÔÉÇÔÉÇÔÉÇ´┐¢ÔÉÇÔÉÇ´┐¢´┐¢´┐¢´┐¢ÔÉÇ´┐¢ÔÉÇ´┐¢´┐¢ÔÉÇ´┐¢ÔÉÇ´┐¢ÔÉÇÔÉÇ´┐¢ÔÉÇÔÉÇÔÉÇÔÉÇÔÉÇ´┐¢ÔÉÇ´┐¢´┐¢ÔÉÇÔÉÇ´┐¢ÔÉÇÔÉÇ´┐¢´┐¢´┐¢´┐¢´┐¢´┐¢ÔÉÇ´┐¢ÔÉÇÔÉÇ´┐¢ÔÉÇ´┐¢ÔÉÇÔÉÇÔÉÇÔÉÇ´┐¢ÔÉÇ´┐¢ÔÉÇÔÉÇÔÉÇÔÉÇÔÉÇ´┐¢´┐¢ÔÉÇÔÉÇÔÉÇÔÉÇÔÉÇÔÉÇÔÉÇÔÉÇÔÉÇÔÉÇ´┐¢ÔÉÇÔÉÇ´┐¢´┐¢´┐¢´┐¢ÔÉÇ´┐¢ÔÉÇ´┐¢´┐¢ÔÉÇ´┐¢ÔÉÇ´┐¢ÔÉÇÔÉÇ´┐¢ÔÉÇÔÉÇÔÉÇÔÉÇÔÉÇ´┐¢ÔÉÇÔÉÇÔÉÇÔÉÇÔÉÇ´┐¢´┐¢ÔÉÇÔÉÇ´┐¢ÔÉÇÔÉÇ´┐¢´┐¢´┐¢´┐¢´┐¢´┐¢ÔÉÇ´┐¢ÔÉÇÔÉÇ´┐¢ÔÉÇ´┐¢ÔÉÇÔÉÇÔÉÇÔÉÇ´┐¢ÔÉÇ´┐¢ÔÉÇÔÉÇÔÉÇÔÉÇÔÉÇÔÉÇÔÉÇÔÉÇÔÉÇÔÉÇ´┐¢ÔÉÇÔÉÇÔÉÇÔÉÇÔÉÇÔÉÇ´┐¢ÔÉÇÔÉÇ´┐¢´┐¢´┐¢´┐¢ÔÉÇ´┐¢ÔÉÇ´┐¢´┐¢ÔÉÇ´┐¢ÔÉÇ´┐¢ÔÉÇÔÉÇÔÉÇÔÉÇÔÉÇÔÉÇÔÉÇÔÉÇÔÉÇ´┐¢´┐¢ÔÉÇÔÉÇ´┐¢ÔÉÇ´┐¢´┐¢ÔÉÇ´┐¢ÔÉÇ´┐¢´┐¢ÔÉÇ´┐¢´┐¢ÔÉÇÔÉÇ´┐¢´┐¢ÔÉÇ´┐¢ÔÉÇÔÉÇÔÉÇÔÉÇÔÉÇ´┐¢ÔÉÇ´┐¢ÔÉÇÔÉÇÔÉÇÔÉÇÔÉÇÔÉÇÔÉÇÔÉÇÔÉÇ´┐¢´┐¢´┐¢ÔÉÇ´┐¢´┐¢ÔÉÇ´┐¢ÔÉÇ´┐¢ÔÉÇ´┐¢´┐¢ÔÉÇÔÉÇ´┐¢ÔÉÇ
Piano calibration (48kHz) - ENTER starts capture.
BUILD_TAG=cal_v7_shift12_logspec_autoshift

FS=48000 N=4096 HOP=256 rows/secÔëê187.50
Models JSON: /models.json
Noise JSON:  /noise.json

Commands:
  <ENTER>            start recording current key
  start <idx>        jump to key index (0..84)
  start <label>      jump to key label (e.g. start G#1)
  redo               redo last recorded key (overwrite in /models.json)
  redo prev          redo key before last recorded
  noise              record 10s silence -> /noise.json
  noise show         show if /noise.json exists
  help               show this help

NEXT: key_idx=0 label=A0 ÔÇö press ENTER to record (or type help)
OK: start at key_idx=41 label=D4

NEXT: key_idx=41 label=D4 ÔÇö press ENTER to record (or type help)
CAP_BEGIN {"type":"CAP_BEGIN","key_idx":41,"key":"D4","fs":48000,"n":4096,"hop":256,"ms":10500,"peaks":8,"fmin":20.0,"fmax":4000.0,"resp_ms_init":200,"settle_ms":200,"shift_right_init":12,"spec_total":"log10(power/N+1)"}
INSTRUCTIONS:
  - Keep room silent for 1s.
  - Then PRESS+HOLD when told (3 times), with releases in between.
  - After final press, let it ring (tail).
  - Do NOT touch other keys.

SILENCE (1s)...
PRESS + HOLD (2s)...
RELEASE (1s)...
PRESS + HOLD (2s)...
RELEASE (1s)...
PRESS + HOLD (2s)...
CSV_BEGIN
type,t_ms,key_idx,key,cap_phase,rms_ac,ac_peak,zc,min,max,spec_total_log10,centroid_hz,bandwidth_hz,rolloff85_hz,flatness,band1_20_80,band2_80_200,band3_200_500,band4_500_1280,band5_1280_2500,band6_2500_4000,p1_hz,p1_mag,p2_hz,p2_mag,p3_hz,p3_mag,p4_hz,p4_mag,p5_hz,p5_mag,p6_hz,p6_mag,p7_hz,p7_mag,p8_hz,p8_mag
CAL_WIN,0,41,D4,0,71.561,223.731,313.0,-153.0,227.0,6.740,1307.98,1283.02,3035.16,0.637550,200043.062,118841.789,132926.172,139415.922,188956.094,246109.547,175.78,14703.561,328.12,11452.332,363.28,11399.603,152.34,10791.291,398.44,9729.646,210.94,8345.445,468.75,6671.939,2671.88,5221.726
CAL_WIN,25,41,D4,0,76.125,212.218,365.0,-153.0,227.0,6.664,1317.92,1284.26,3070.31,0.629931,174256.328,130238.641,141789.406,133396.687,183725.891,246207.031,175.78,16769.158,363.28,11451.336,328.12,10668.085,398.44,10472.576,210.94,9391.306,234.37,8688.962,433.59,6280.007,281.25,5862.742
CAL_WIN,44,41,D4,0,80.416,222.072,480.0,-176.0,227.0,6.578,1290.16,1269.26,3023.44,0.629733,152455.062,136106.687,183455.031,134431.500,181867.750,244418.891,175.78,18681.354,234.37,13116.674,363.28,12178.916,328.12,11656.177,210.94,11110.745,398.44,10454.046,281.25,7552.898,257.81,7394.586
CAL_WIN,63,41,D4,0,93.448,282.670,482.0,-247.0,227.0,6.484,1265.25,1250.59,2941.41,0.630675,129534.547,132829.266,233625.109,138595.203,182533.656,242040.766,175.78,20310.633,234.37,18007.150,328.12,13426.653,363.28,13355.189,257.81,11482.192,398.44,10376.240,281.25,10341.671,304.69,9782.758
CAL_WIN,81,41,D4,0,98.629,275.242,399.0,-247.0,227.0,6.405,1247.68,1231.51,2906.25,0.624209,103616.969,123014.711,284270.031,146012.703,182933.266,238215.125,234.37,22955.615,175.78,21686.402,128.91,15923.327,328.12,14899.371,363.28,14217.959,304.69,12361.259,410.16,10621.394,457.03,7352.712
CAL_WIN,100,41,D4,0,99.763,268.740,343.0,-247.0,227.0,6.388,1235.06,1215.94,2882.81,0.621874,85283.172,110458.328,324292.938,155537.844,183199.062,234816.516,234.37,27314.473,175.78,22564.455,328.12,15568.901,128.91,14922.997,304.69,14338.526,363.28,14049.813,410.16,10512.202,457.03,7925.329
CAL_WIN,119,41,D4,0,95.956,260.846,405.0,-247.0,227.0,6.473,1178.11,1201.13,2777.34,0.595859,110461.922,109811.977,345174.938,163886.703,184536.656,229103.797,234.37,30191.662,175.78,22723.102,316.41,15881.425,351.56,14976.270,128.91,14129.003,398.44,9982.135,421.87,9285.870,457.03,8439.383
CAL_WIN,138,41,D4,0,88.869,252.381,429.0,-247.0,227.0,6.621,1107.35,1188.20,2718.75,0.564868,164013.500,121824.086,344588.625,167142.141,186992.578,224437.391,234.37,31108.318,281.25,22905.475,175.78,21993.795,316.41,17171.453,351.56,15181.200,128.91,13571.773,386.72,9788.924,421.87,9008.997
CAL_WIN,156,41,D4,0,89.547,252.770,430.0,-247.0,230.0,6.761,1060.49,1182.52,2671.88,0.539969,215621.578,137833.172,326004.000,166386.766,188653.016,223589.391,234.37,29494.408,281.25,23899.162,175.78,20732.393,316.41,18185.437,351.56,14299.482,128.91,13586.597,386.72,9553.048,468.75,9311.477
CAL_WIN,175,41,D4,0,87.535,251.247,428.0,-247.0,230.0,6.867,1036.98,1181.55,2648.44,0.537668,256456.719,150459.844,299434.438,164996.906,191448.250,224239.953,222.66,27655.244,292.97,24520.426,316.41,19210.939,175.78,19117.330,128.91,14972.948,351.56,12987.815,468.75,11168.912,386.72,8709.380
CAL_WIN,194,41,D4,0,83.994,246.633,444.0,-247.0,230.0,6.943,1022.09,1178.32,2613.28,0.538112,285020.469,158925.875,279760.375,166556.266,194770.234,223555.109,222.66,26409.607,292.97,25657.195,246.09,21337.805,316.41,20431.293,164.06,18182.018,128.91,17633.707,468.75,12608.321,351.56,11890.630
CAL_WIN,213,41,D4,0,82.394,238.668,415.0,-247.0,230.0,7.005,1011.58,1174.42,2589.84,0.529630,305066.438,165149.969,271322.781,171356.141,196873.250,223950.500,292.97,25438.910,222.66,25043.199,316.41,21871.977,128.91,21180.492,164.06,20172.857,246.09,17125.322,468.75,13555.561,351.56,11422.070
CAL_WIN,231,41,D4,0,87.087,248.913,357.0,-247.0,230.0,7.074,1002.83,1172.65,2589.84,0.511700,323720.844,175923.734,267549.750,179182.437,198532.609,227878.547,128.91,24338.691,292.97,23640.893,316.41,23104.428,222.66,23050.799,164.06,21360.797,468.75,13872.565,246.09,12938.051,351.56,11350.453
CAL_WIN,250,41,D4,0,87.925,256.312,365.0,-247.0,230.0,7.157,977.71,1168.70,2578.13,0.500755,369157.688,196696.187,270886.000,192793.437,203917.328,236422.875,128.91,26957.531,316.41,23641.408,164.06,22032.949,222.66,20227.186,468.75,13380.781,398.44,11709.038,351.56,11367.045,246.09,10060.561
CAL_WIN,269,41,D4,0,87.379,259.405,404.0,-247.0,230.0,7.243,954.18,1164.11,2542.97,0.503258,427617.969,218498.672,276831.125,216711.328,212977.922,249495.219,128.91,29431.031,304.69,24726.418,210.94,23356.064,164.06,22293.404,398.44,13306.022,468.75,12222.217,363.28,11973.480,246.09,9003.013
CAL_WIN,288,41,D4,0,87.216,259.947,417.0,-247.0,230.0,7.314,942.50,1159.61,2507.81,0.509502,472726.906,238322.984,279718.063,243621.656,225700.312,261814.156,128.91,31340.082,210.94,26579.811,304.69,24598.316,164.06,22429.084,398.44,14636.633,363.28,13675.005,269.53,11766.671,468.75,10564.547
CAL_WIN,307,41,D4,0,88.283,255.370,381.0,-247.0,230.0,7.358,944.16,1158.44,2507.81,0.509080,495053.875,248970.344,276166.844,267346.531,236874.531,270680.281,128.91,32339.467,210.94,28001.562,304.69,23545.449,164.06,22901.844,363.28,15215.194,398.44,15213.916,269.53,13395.878,246.09,12367.580
CAL_WIN,325,41,D4,0,96.605,242.887,321.0,-247.0,230.0,7.371,959.40,1160.20,2519.53,0.524064,491399.438,247088.922,268634.625,285992.625,246058.062,276063.000,128.91,32712.967,210.94,28377.736,164.06,23203.285,304.69,22953.576,257.81,17334.529,363.28,16500.883,398.44,15384.407,585.94,11489.097
CAL_WIN,344,41,D4,0,97.845,246.019,311.0,-247.0,230.0,7.354,977.70,1161.20,2542.97,0.538394,463984.281,236989.266,270595.500,296205.125,250214.062,277186.531,128.91,32629.605,210.94,27757.473,164.06,23770.736,304.69,23097.311,257.81,22061.967,363.28,17446.807,398.44,15253.819,585.94,11535.996
CAL_WIN,363,41,D4,0,89.863,241.440,372.0,-232.0,230.0,7.315,988.28,1159.07,2554.69,0.548222,436735.688,220756.953,284048.500,295586.156,250816.625,274444.688,128.91,32393.014,210.94,26487.594,257.81,25350.650,175.78,24942.555,304.69,23796.762,363.28,17877.797,398.44,14811.551,328.12,11776.188
CAL_WIN,382,41,D4,0,87.145,244.771,419.0,-232.0,230.0,7.263,1000.84,1156.37,2554.69,0.555963,406151.281,200970.203,299642.906,284335.250,254544.000,267541.875,128.91,31196.176,257.81,27058.516,164.06,26001.896,210.94,25045.441,304.69,24920.631,363.28,17711.547,398.44,14264.409,328.12,12571.510
CAL_WIN,400,41,D4,0,89.329,242.124,380.0,-232.0,230.0,7.216,1013.65,1153.77,2542.97,0.560029,373870.188,186519.187,312614.031,265901.625,261898.953,257610.703,128.91,28963.568,164.06,27896.541,257.81,27275.062,304.69,25875.225,210.94,24588.102,351.56,18926.865,398.44,14189.382,433.59,12602.714
CAL_WIN,419,41,D4,0,92.552,236.646,327.0,-232.0,230.0,7.192,1010.64,1148.69,2519.53,0.553541,366121.375,181365.687,321302.750,247880.219,270266.531,247946.922,164.06,29994.963,257.81,26436.059,304.69,26296.902,128.91,25639.172,210.94,25607.574,351.56,21628.797,398.44,14555.941,433.59,13340.861
CAL_WIN,438,41,D4,0,92.690,233.833,322.0,-232.0,230.0,7.196,986.10,1139.23,2472.66,0.536736,388790.219,182385.766,337596.938,236225.094,278013.063,239914.266,164.06,32280.051,210.94,27750.414,304.69,25806.898,257.81,24914.775,351.56,24335.660,128.91,22001.832,398.44,15151.389,433.59,12739.423
CAL_WIN,457,41,D4,0,83.016,222.407,431.0,-232.0,212.0,7.213,963.07,1131.07,2437.50,0.520112,407154.844,189064.141,355419.438,230253.844,281295.469,234646.859,164.06,34046.754,210.94,30285.939,351.56,26466.348,281.25,24437.488,304.69,24224.465,257.81,23008.270,398.44,15931.844,421.87,12483.912
CAL_WIN,475,41,D4,0,76.369,228.457,530.0,-232.0,212.0,7.223,950.53,1128.49,2425.78,0.501731,412157.469,193549.828,369059.813,223192.641,277398.000,232748.187,164.06,34720.313,210.94,32517.404,351.56,27518.135,281.25,24095.908,246.09,23948.773,304.69,21817.877,398.44,16930.281,445.31,9035.847
CAL_WIN,494,41,D4,0,77.644,226.536,491.0,-232.0,212.0,7.207,952.74,1134.49,2437.50,0.503052,399627.969,192035.891,375931.125,213499.687,267691.219,233005.516,164.06,34624.504,210.94,34072.375,246.09,27992.541,351.56,27325.867,281.25,22337.896,304.69,18867.932,398.44,18147.465,445.31,9414.736
CAL_WIN,513,41,D4,0,87.019,237.272,479.0,-232.0,236.0,7.165,963.81,1143.96,2460.94,0.507091,370801.531,187884.547,374782.000,204665.734,255572.062,230598.625,222.66,36648.066,164.06,33619.430,246.09,30707.178,351.56,26079.820,281.25,19513.826,398.44,18985.797,304.69,15998.609,445.31,9507.943
CAL_WIN,532,41,D4,0,83.859,221.970,397.0,-192.0,236.0,7.104,984.99,1154.98,2472.66,0.515429,329118.250,182829.062,367928.469,200199.047,243083.562,227965.031,222.66,37571.176,164.06,31205.838,351.56,23842.701,398.44,18830.234,281.25,16477.684,304.69,13797.244,445.31,9495.305,597.66,8108.354
CAL_WIN,550,41,D4,0,79.742,216.040,422.0,-192.0,236.0,7.036,1012.91,1165.70,2531.25,0.541678,286283.344,184690.109,354015.656,200831.875,232845.141,229036.828,234.37,37006.906,152.34,28275.383,351.56,20946.648,398.44,17457.281,281.25,13783.999,316.41,12938.730,445.31,9563.891,597.66,7488.183
CAL_WIN,569,41,D4,0,81.510,217.981,416.0,-192.0,236.0,6.987,1036.98,1174.51,2578.13,0.560342,262252.313,190147.922,330211.688,202992.906,227017.000,231188.281,234.37,37149.027,140.62,28254.488,175.78,24440.662,363.28,19737.115,398.44,15023.112,304.69,13288.298,445.31,9575.953,597.66,6853.169
CAL_WIN,694,41,D4,0,87.169,220.882,354.0,-192.0,240.0,6.986,1047.68,1181.89,2601.56,0.560494,268647.594,198176.156,299687.156,204048.609,226077.000,234975.312,234.37,35660.352,140.62,33487.719,175.78,25969.674,363.28,18743.186,304.69,13317.324,398.44,12279.093,328.12,10066.357,445.31,9288.027
CAL_WIN,713,41,D4,0,87.556,223.060,300.0,-192.0,240.0,7.033,1023.49,1180.35,2578.13,0.548556,319989.156,209085.219,277633.063,211512.156,227847.219,239890.031,140.62,38336.711,234.37,34812.434,175.78,26374.615,257.81,18568.480,363.28,17325.814,292.97,13524.312,398.44,10083.518,328.12,9469.578
CAL_WIN,732,41,D4,0,83.669,219.029,379.0,-192.0,240.0,7.109,988.32,1167.46,2531.25,0.527985,381163.344,219041.234,278834.563,230630.469,235912.031,245555.000,140.62,42137.805,234.37,36123.512,175.78,25468.504,257.81,21762.295,363.28,15923.880,292.97,12839.684,468.75,9719.092,339.84,9667.678
CAL_WIN,750,41,D4,0,86.096,231.514,404.0,-192.0,240.0,7.190,937.86,1139.55,2437.50,0.505172,439584.125,258383.125,310970.344,260916.234,253281.328,251674.266,140.62,44845.547,234.37,39517.145,257.81,27006.695,363.28,15141.651,339.84,13667.367,468.75,11991.955,292.97,11406.544,433.59,10429.872
CAL_WIN,769,41,D4,0,89.327,238.317,368.0,-192.0,240.0,7.258,905.01,1113.67,2343.75,0.494989,477840.438,301530.750,361116.500,296820.969,277544.594,259099.187,140.62,46453.551,234.37,43591.594,187.50,20657.893,339.84,17169.584,363.28,14912.926,468.75,13667.070,433.59,13148.729,503.91,11070.771
CAL_WIN,788,41,D4,0,89.095,238.383,350.0,-192.0,240.0,7.307,893.91,1096.24,2320.31,0.498777,487673.688,335992.875,413663.219,331530.063,302032.906,267755.688,234.37,47083.145,140.62,46556.449,187.50,20761.258,339.84,20292.387,433.59,15741.308,468.75,14691.621,363.28,14666.951,515.62,13292.370
CAL_WIN,807,41,D4,0,86.279,234.021,400.0,-192.0,240.0,7.338,899.68,1087.72,2308.59,0.505428,467251.188,355150.531,451793.906,357131.531,319920.719,273841.625,234.37,48793.902,152.34,44677.230,339.84,22886.354,187.50,19744.303,421.87,18317.121,515.62,15422.022,468.75,14832.027,890.62,11743.723
CAL_WIN,825,41,D4,0,82.780,227.411,432.0,-176.0,240.0,7.351,893.55,1083.01,2296.88,0.502880,486257.344,356456.375,466554.656,366561.031,326443.625,276265.063,234.37,47997.813,152.34,42531.754,339.84,24823.205,421.87,20322.686,515.62,16570.314,468.75,14214.984,890.62,11842.471,609.37,11193.624
CAL_WIN,844,41,D4,0,82.444,223.234,450.0,-176.0,240.0,7.344,887.53,1085.51,2296.88,0.496215,514298.375,340450.813,455235.250,356769.406,319455.781,275796.656,234.37,44381.379,152.34,38232.695,339.84,26067.270,421.87,21236.881,199.22,21029.289,515.62,16559.363,890.62,11147.519,597.66,10812.913
CAL_WIN,863,41,D4,0,83.034,217.201,406.0,-176.0,240.0,7.315,898.18,1100.28,2332.03,0.501348,511348.406,307208.438,421306.219,329252.813,299176.906,273783.500,234.37,38164.762,152.34,32459.031,339.84,26396.861,421.87,20900.451,199.22,20838.174,515.62,15469.427,597.66,10630.247,890.62,9631.266
CAL_WIN,882,41,D4,0,83.139,214.762,376.0,-176.0,240.0,7.259,929.48,1126.53,2425.78,0.517529,476541.375,261246.062,367095.625,290115.156,271734.063,269249.781,234.37,30570.977,269.53,30449.027,152.34,25829.154,339.84,25291.846,199.22,19521.027,421.87,19483.279,515.62,13671.084,445.31,12738.417
CAL_WIN,900,41,D4,0,82.965,218.502,403.0,-176.0,240.0,7.174,985.68,1160.96,2578.13,0.538171,414349.969,209757.469,303716.406,246721.641,244318.141,262316.906,269.53,29005.008,234.37,23078.545,339.84,22864.357,164.06,21626.057,199.22,17618.734,421.87,17469.615,515.62,11586.331,445.31,11384.946
CAL_WIN,919,41,D4,0,81.283,235.312,373.0,-196.0,240.0,7.060,1067.07,1197.43,2742.19,0.563484,337598.656,158725.281,251003.094,208956.875,221815.703,255370.109,269.53,25830.879,164.06,20515.785,339.84,20087.432,199.22,16440.232,234.37,16053.166,421.87,15224.977,445.31,9926.973,386.72,9899.515
CAL_WIN,938,41,D4,0,79.025,247.778,398.0,-196.0,240.0,6.942,1155.97,1221.94,2824.22,0.593561,274057.813,118052.703,213548.203,184532.547,211556.891,249331.984,269.53,21038.340,164.06,19204.859,339.84,17638.605,199.22,16073.605,421.87,13023.246,304.69,10741.908,234.37,10481.264,386.72,9209.106
CAL_WIN,957,41,D4,0,78.922,250.391,408.0,-196.0,240.0,6.869,1222.97,1229.23,2859.38,0.617078,225479.281,105080.445,192208.844,173324.109,211955.875,245103.984,281.25,19858.551,164.06,18384.990,199.22,15918.598,339.84,15590.867,304.69,11765.654,421.87,11016.639,246.09,9792.072,386.72,8381.091
CAL_WIN,975,41,D4,0,78.394,248.580,423.0,-196.0,240.0,6.871,1193.45,1220.90,2847.66,0.611352,234195.500,121277.758,191868.359,171623.266,215735.141,241861.781,281.25,20420.283,164.06,18982.625,199.22,15313.553,339.84,13871.693,246.09,11067.620,433.59,10425.578,140.62,9985.843,386.72,7638.832
CAL_WIN,994,41,D4,0,66.398,183.814,484.0,-196.0,166.0,6.928,1130.38,1207.74,2812.50,0.585502,273046.219,144372.344,197943.953,170756.781,221308.391,239373.594,164.06,20892.586,281.25,19159.355,199.22,14650.863,246.09,13104.145,339.84,12555.189,433.59,10862.891,386.72,7899.887,632.81,6574.230
CAL_WIN,1013,41,D4,0,66.374,178.192,483.0,-196.0,158.0,6.993,1071.96,1194.54,2753.91,0.563710,313557.188,167912.359,209293.109,167643.047,226007.625,237611.281,164.06,23329.811,292.97,22111.975,246.09,15930.845,199.22,14251.474,339.84,11379.739,433.59,9942.515,386.72,9795.060,492.19,6811.768
CAL_WIN,1032,41,D4,0,78.459,222.750,437.0,-196.0,216.0,7.040,1024.84,1179.61,2671.88,0.539838,342246.594,188008.594,225795.250,165772.047,228046.625,233378.719,152.34,25885.297,292.97,23565.279,246.09,19031.605,199.22,14969.571,386.72,12792.410,339.84,10272.889,433.59,8240.374,492.19,7921.805
CAL_WIN,1051,41,D4,0,77.429,211.064,387.0,-196.0,216.0,7.066,990.09,1163.37,2589.84,0.524090,353199.406,208451.422,246943.375,170485.391,228569.719,228166.125,152.34,28054.227,292.97,23838.207,246.09,21832.592,199.22,16726.428,386.72,16045.093,339.84,9114.011,492.19,8583.941,421.87,7313.798
CAL_WIN,1070,41,D4,0,73.326,206.797,475.0,-196.0,216.0,7.075,971.83,1147.66,2519.53,0.519537,347988.500,221346.219,273704.625,184074.953,230337.500,224215.484,164.06,28031.434,140.62,28000.945,246.09,23773.830,292.97,22927.230,386.72,18987.713,199.22,18887.795,492.19,8703.335,339.84,8316.237
CAL_WIN,1088,41,D4,0,76.102,208.035,456.0,-196.0,216.0,7.079,982.14,1143.91,2519.53,0.525079,328326.344,222075.375,300239.594,200709.516,232605.641,228725.906,140.62,30326.311,164.06,27613.551,234.37,25460.051,386.72,21370.672,292.97,21165.887,199.22,20466.295,480.47,9995.643,339.84,8386.583
CAL_WIN,1107,41,D4,0,81.878,214.442,377.0,-196.0,216.0,7.098,1005.29,1147.93,2542.97,0.541183,311047.750,214093.203,321308.281,216472.047,237997.156,237495.953,140.62,30704.568,175.78,28404.879,234.37,27746.295,386.72,22932.730,199.22,20791.678,292.97,18751.736,480.47,11787.640,339.84,9409.322
CAL_WIN,1126,41,D4,0,84.544,221.344,305.0,-196.0,216.0,7.143,998.61,1147.88,2531.25,0.530476,345459.438,209868.828,330506.000,230189.281,246647.781,245973.109,175.78,31304.367,140.62,28568.295,234.37,27762.926,386.72,23397.533,292.97,15874.740,468.75,12882.116,339.84,10963.979,539.06,9867.757
CAL_WIN,1144,41,D4,0,83.915,226.155,344.0,-196.0,216.0,7.206,998.64,1154.50,2531.25,0.540273,386203.531,208345.516,324955.094,243684.734,256602.750,258400.953,175.78,33065.582,222.66,28727.029,140.62,24057.068,386.72,22484.803,468.75,13858.315,292.97,12467.960,328.12,12359.125,539.06,11258.117
CAL_WIN,1163,41,D4,0,81.091,232.385,425.0,-196.0,216.0,7.264,1008.13,1165.17,2542.97,0.544641,417918.094,204391.687,304795.094,255854.656,264420.219,269603.063,175.78,33341.277,222.66,29317.666,128.91,21546.340,386.72,20550.178,328.12,14124.870,468.75,13935.839,539.06,12245.066,281.25,10214.327
CAL_WIN,1182,41,D4,0,80.035,234.299,470.0,-196.0,216.0,7.296,1026.24,1176.54,2566.41,0.546846,434934.969,193615.391,272519.844,266129.563,270020.156,275132.906,175.78,32395.104,222.66,27562.195,128.91,21138.125,386.72,18244.859,328.12,14061.574,468.75,13329.093,539.06,12680.662,574.22,9266.924
CAL_WIN,1201,41,D4,1,90.103,250.819,399.0,-196.0,242.0,7.294,1057.34,1190.67,2636.72,0.556869,431320.313,176304.172,234424.969,271374.250,271884.594,276527.094,175.78,30692.174,222.66,23736.244,128.91,20255.145,386.72,15937.024,316.41,14522.406,339.84,13540.751,539.06,12450.678,468.75,12036.485
CAL_WIN,1220,41,D4,1,91.348,236.032,365.0,-195.0,242.0,7.261,1091.49,1203.52,2695.31,0.567760,411099.656,161675.531,204259.344,270275.188,270612.750,274333.594,164.06,29300.602,128.91,19504.861,222.66,19130.518,316.41,16328.909,386.72,13711.522,339.84,12728.977,539.06,11443.727,468.75,10183.395
CAL_WIN,1238,41,D4,1,88.413,229.100,403.0,-195.0,242.0,7.210,1107.71,1208.41,2730.47,0.584441,387874.125,153505.672,197410.766,264312.281,264819.313,268686.063,164.06,27909.410,128.91,18996.590,316.41,17566.066,210.94,14901.111,386.72,11677.475,339.84,11416.772,550.78,11121.645,421.87,10064.326
CAL_WIN,1369,41,D4,1,88.204,222.856,391.0,-195.0,242.0,7.159,1112.69,1207.29,2742.19,0.586374,368123.250,144841.734,198543.312,257094.203,256794.359,260148.469,175.78,25153.506,128.91,18744.318,316.41,18483.814,421.87,12806.510,210.94,11254.032,398.44,10675.220,550.78,10460.154,363.28,10272.384
CAL_WIN,1388,41,D4,1,90.868,225.420,334.0,-195.0,242.0,7.126,1104.28,1198.35,2707.03,0.581736,353982.906,135936.844,218100.594,252093.578,250735.781,250686.391,175.78,22431.457,316.41,18963.029,128.91,17911.467,421.87,15927.814,398.44,13391.379,363.28,10961.636,503.91,10004.850,339.84,9719.538
CAL_WIN,1407,41,D4,1,90.705,227.872,349.0,-195.0,242.0,7.114,1067.02,1186.37,2636.72,0.571103,382651.031,133750.406,242421.984,251333.453,247446.953,245535.547,316.41,19511.766,421.87,18756.650,175.78,18649.648,128.91,16379.232,363.28,11470.376,503.91,11004.849,468.75,8137.337,1113.28,7467.506
CAL_WIN,1426,41,D4,1,92.726,220.303,339.0,-195.0,242.0,7.117,1027.64,1174.18,2566.41,0.534732,426438.844,132270.125,261627.766,252746.156,246989.750,242421.375,421.87,20714.189,316.41,19810.223,292.97,16039.099,164.06,15423.398,128.91,14392.290,503.91,11943.884,363.28,11910.694,468.75,8269.967
CAL_WIN,1444,41,D4,1,93.634,237.928,419.0,-231.0,242.0,7.122,1014.16,1167.22,2519.53,0.528658,450120.750,129587.789,272506.625,262079.750,249349.266,244109.547,421.87,21605.389,328.12,20686.207,292.97,16648.160,140.62,13333.134,164.06,12508.739,503.91,12443.704,363.28,12048.496,257.81,10816.651
CAL_WIN,1463,41,D4,1,91.961,241.987,447.0,-231.0,242.0,7.121,1021.51,1167.72,2531.25,0.526796,457012.906,121502.844,273501.688,269980.594,254049.062,247516.047,328.12,22935.883,421.87,21515.582,281.25,17707.361,140.62,13299.426,503.91,11969.782,363.28,11868.263,257.81,10836.921,164.06,9734.936
CAL_WIN,1482,41,D4,1,106.570,419.217,357.0,-418.0,307.0,7.121,1039.21,1173.44,2566.41,0.536447,455463.906,110901.305,266441.094,270153.438,257930.562,251998.703,328.12,23438.002,421.87,20427.773,281.25,18759.602,140.62,14861.155,515.62,11103.754,492.19,10799.691,199.22,10708.610,796.87,10294.629
CAL_WIN,1501,41,D4,1,136.873,623.607,340.0,-418.0,647.0,7.148,1029.19,1170.22,2566.41,0.528961,463075.219,127309.523,265483.063,267297.938,260016.547,256353.937,328.12,22695.400,281.25,21496.082,140.62,20163.172,421.87,18585.666,199.22,14815.356,164.06,13404.491,246.09,13139.429,515.62,12456.062
CAL_WIN,1519,41,D4,1,154.082,889.240,338.0,-864.0,647.0,7.248,942.99,1129.43,2425.78,0.510921,491196.563,224096.297,332223.125,288745.469,268287.875,262366.000,199.22,26028.264,140.62,23861.031,281.25,23790.975,222.66,22176.127,328.12,22144.186,246.09,20563.812,164.06,20115.648,421.87,17694.658
CAL_WIN,1538,41,D4,1,1572.709,13093.646,219.0,-9017.0,13181.0,7.465,889.65,1040.92,2179.69,0.509317,550232.625,360628.438,577840.250,556842.375,399566.281,313124.844,222.66,57145.758,281.25,37644.973,164.06,37536.141,328.12,36635.992,515.62,29790.068,386.72,27237.707,421.87,22870.992,574.22,22107.545
CAL_WIN,1557,41,D4,1,2253.578,14003.888,286.0,-13950.0,13181.0,8.189,925.86,949.98,2062.50,0.540040,666624.250,856054.125,2345509.500,2263060.500,1471596.875,756313.625,222.66,221182.859,281.25,169731.719,304.69,134465.516,164.06,125717.641,515.62,111659.695,574.22,80127.273,480.47,70727.687,644.53,50560.730
CAL_WIN,1576,41,D4,1,2481.997,14119.133,196.0,-13950.0,13181.0,9.014,922.83,924.89,1933.59,0.503586,852458.625,1928362.625,6683857.500,5583939.500,3687460.000,1705817.875,234.37,588269.312,281.25,517030.219,175.78,313203.438,515.62,302381.938,691.41,122618.250,386.72,112802.328,808.59,109430.937,128.91,101772.359
CAL_WIN,1595,41,D4,1,2601.645,14132.835,154.0,-13950.0,13181.0,9.607,927.04,917.15,1886.72,0.497388,1176215.000,3489103.500,13740992.000,10921146.000,7190379.500,3241385.250,234.37,1131273.250,281.25,1056894.875,515.62,612129.750,386.72,273303.156,691.41,268732.000,808.59,229848.250,996.09,190657.094,1324.22,170983.891
CAL_WIN,1613,41,D4,1,2723.150,14097.398,169.0,-13950.0,13181.0,10.024,930.91,916.87,1898.44,0.504969,1793543.875,5557510.000,22842586.000,17839302.000,11769216.000,5331077.000,234.37,1773742.125,515.62,1055774.000,386.72,495918.500,691.41,480802.500,796.87,419519.375,996.09,349649.406,1335.94,301767.906,878.91,252106.016
CAL_WIN,1632,41,D4,1,2772.383,14101.637,138.0,-13950.0,13181.0,10.320,934.80,918.68,1910.16,0.510993,2714918.000,7861042.500,32420782.000,25559652.000,16846440.000,7693988.500,246.09,2516986.250,515.62,1619660.375,386.72,763532.750,457.03,744881.750,691.41,739471.437,796.87,656188.125,996.09,532017.750,562.50,514582.156
CAL_WIN,1651,41,D4,1,2842.601,14069.288,173.0,-13950.0,13181.0,10.525,940.05,921.27,1921.88,0.511153,3749545.000,10006891.000,41004560.000,33174194.000,21652148.000,10042508.000,246.09,3184659.000,515.62,2240668.750,187.50,1842117.625,386.72,1035544.625,457.03,1016634.812,691.41,1012242.000,796.87,914391.500,996.09,705111.250
CAL_WIN,1670,41,D4,1,2901.815,14059.647,155.0,-13950.0,13181.0,10.658,948.09,925.31,1945.31,0.511328,4714997.500,11665550.000,47316744.000,39772984.000,25493032.000,12158588.000,246.09,3657011.750,515.62,2849754.000,187.50,2156934.000,386.72,1289957.625,691.41,1266171.125,457.03,1245769.625,796.87,1165651.500,1007.81,877974.375
CAL_WIN,1688,41,D4,1,2960.296,14048.216,130.0,-13950.0,13181.0,10.728,958.93,930.06,1980.47,0.518250,5446398.500,12601843.000,50441780.000,44555372.000,27924192.000,13765016.000,246.09,3878005.500,515.62,3376865.500,304.69,3334250.750,187.50,2311931.250,375.00,1507446.500,691.41,1469398.375,457.03,1414830.125,796.87,1382095.750
CAL_WIN,1707,41,D4,1,3009.197,14025.868,113.0,-13950.0,13181.0,10.744,972.81,935.34,2003.91,0.520100,5821199.000,12699920.000,49983616.000,47034088.000,28677862.000,14684559.000,234.37,3864914.000,515.62,3761262.000,304.69,3523398.250,199.22,2338600.250,375.00,1637345.625,691.41,1595341.625,796.87,1536183.250,457.03,1507723.625
CAL_WIN,1726,41,D4,1,3043.677,14045.379,121.0,-13950.0,13181.0,10.710,991.40,941.16,2015.63,0.517654,5779662.000,11982075.000,46121568.000,47017628.000,27890036.000,14873717.000,515.62,3960565.500,234.37,3588924.750,304.69,3572037.500,199.22,2341394.500,386.72,1693324.250,691.41,1628948.125,796.87,1604132.625,457.03,1501791.000
CAL_WIN,1745,41,D4,1,3076.985,14063.699,133.0,-13950.0,13181.0,10.632,1014.31,944.86,2050.78,0.528941,5323912.500,10604097.000,40184160.000,44925296.000,26248020.000,14333539.000,515.62,3961373.250,304.69,3496398.000,234.37,3057185.000,281.25,2316876.250,199.22,2269645.750,386.72,1676793.125,339.84,1587568.375,796.87,1574095.750
CAL_WIN,1763,41,D4,1,3101.224,14086.100,134.0,-13950.0,13181.0,10.522,1040.28,944.50,2062.50,0.537878,4520574.500,8851294.000,33743588.000,41106592.000,24525454.000,13184042.000,503.91,3855195.250,304.69,3330383.750,234.37,2371003.000,199.22,2137081.000,281.25,1929987.875,386.72,1593445.250,796.87,1450449.500,1019.53,1439947.000
CAL_WIN,1782,41,D4,1,3128.997,14104.199,131.0,-13950.0,13181.0,10.399,1073.33,940.80,2074.22,0.535603,3497960.500,7097109.500,27512136.000,36640960.000,22969712.000,11812969.000,503.91,3640659.250,304.69,3115302.500,199.22,1958111.625,222.66,1857603.750,281.25,1547652.125,1019.53,1449779.750,386.72,1448250.625,796.87,1248551.750
CAL_WIN,1801,41,D4,1,3160.956,14070.386,133.0,-13950.0,13181.0,10.290,1109.58,937.00,2085.94,0.542540,2430714.750,5832691.000,22375358.000,32561914.000,21568894.000,10565960.000,503.91,3346224.500,304.69,2901106.250,210.94,1984001.875,1019.53,1425287.875,386.72,1264156.625,796.87,1004297.562,691.41,926323.812,1207.03,924489.500
CAL_WIN,1819,41,D4,1,3190.571,14086.734,136.0,-13950.0,13181.0,10.211,1142.73,934.13,2097.66,0.540488,1543246.875,5070553.000,18537700.000,28920890.000,20370536.000,9489735.000,503.91,3023704.000,304.69,2727264.500,210.94,2246109.750,1019.53,1366407.625,386.72,1063055.500,1207.03,928907.500,1710.94,890046.125,796.87,760834.625
CAL_WIN,1838,41,D4,1,2825.293,14003.782,138.0,-13950.0,10335.0,10.154,1160.27,931.78,2121.09,0.526554,1113189.875,4610698.000,16174397.000,26115684.000,19169578.000,8584116.000,503.91,2725987.500,304.69,2630278.000,210.94,2267914.750,1019.53,1276419.500,398.44,977091.562,1207.03,899309.437,1710.94,886972.562,1312.50,672204.187
CAL_WIN,1857,41,D4,1,2374.916,10036.242,141.0,-7467.0,10107.0,10.105,1162.60,929.84,2132.81,0.523946,1203265.500,4153931.000,14823821.000,24678194.000,17956526.000,7940114.000,304.69,2558200.000,503.91,2486663.000,210.94,2172230.250,1019.53,1161676.250,398.44,980500.000,1195.31,895068.250,1710.94,836063.250,1312.50,698355.000
CAL_WIN,1876,41,D4,1,2194.365,7437.585,140.0,-7467.0,6218.0,10.061,1166.98,934.88,2179.69,0.528529,1397361.250,3686490.000,13638402.000,24191178.000,16794180.000,7664067.000,304.69,2450271.750,503.91,2363263.500,210.94,2081883.750,1007.81,1023114.562,398.44,941879.625,1195.31,889308.125,1710.94,774269.437,796.87,703724.750
CAL_WIN,1894,41,D4,1,2106.570,7403.969,145.0,-7467.0,6218.0,10.025,1178.93,943.82,2273.44,0.537918,1537449.125,3256174.000,12521460.000,24085056.000,15920096.000,7690007.000,503.91,2374460.500,304.69,2310886.250,210.94,2013784.375,1007.81,925025.625,398.44,912293.125,796.87,884451.312,1195.31,827613.250,1710.94,729359.937
CAL_WIN,1913,41,D4,1,2005.925,6291.397,141.0,-6304.0,6218.0,10.004,1192.51,954.55,2296.88,0.544681,1603682.500,3019175.000,11727936.000,23736452.000,15445725.000,7746563.500,503.91,2487740.250,304.69,2200676.250,210.94,1954629.875,796.87,1056821.750,398.44,888413.375,1007.81,776788.312,890.62,761372.937,1195.31,731077.312
CAL_WIN,1962,41,D4,1,1980.572,6288.776,145.0,-6304.0,5102.0,10.001,1203.80,967.38,2308.59,0.553919,1602131.375,2918297.500,11470757.000,23019150.000,15247130.000,7809212.500,503.91,2649989.750,304.69,2141141.000,210.94,1909431.875,796.87,1187452.625,398.44,873791.125,890.62,796459.187,1710.94,683491.062,1195.31,614718.312
CAL_WIN,1980,41,D4,1,1925.229,5822.813,136.0,-5781.0,4636.0,10.014,1197.37,976.27,2308.59,0.544817,1530870.875,2922953.250,12337262.000,22155068.000,15116147.000,7798578.500,503.91,2792438.250,304.69,2124065.250,210.94,1878017.125,796.87,1264678.250,398.44,880360.937,890.62,790629.062,691.41,707960.187,1710.94,645430.875
CAL_WIN,1999,41,D4,1,1872.229,5364.983,132.0,-5332.0,4636.0,10.032,1178.50,975.33,2285.16,0.534517,1402010.375,2952625.500,13839311.000,21621090.000,15383078.000,7695876.500,503.91,2845241.000,304.69,2079002.375,210.94,1861181.000,796.87,1280942.125,398.44,909392.187,691.41,764635.125,890.62,745222.125,1710.94,579951.250
CAL_WIN,2018,41,D4,1,1823.853,4740.842,122.0,-4701.0,4099.0,10.048,1151.20,966.36,2238.28,0.528525,1264309.250,2945775.250,15644044.000,21679276.000,15670864.000,7563444.500,503.91,2763155.000,304.69,1952046.750,210.94,1849812.875,796.87,1234332.500,398.44,956915.000,691.41,771465.562,890.62,661543.562,1722.66,538916.062
CAL_WIN,2037,41,D4,1,1778.674,4656.986,116.0,-4612.0,3714.0,10.053,1118.90,948.42,2179.69,0.521766,1156462.375,2969562.000,17217712.000,22352132.000,15700932.000,7334872.000,503.91,2535399.000,292.97,1874845.875,210.94,1837200.250,796.87,1134139.625,398.44,1014834.125,691.41,729460.875,890.62,553711.750,1722.66,531038.375
CAL_WIN,2055,41,D4,1,1758.319,4615.645,112.0,-4612.0,3695.0,10.045,1087.27,927.03,2085.94,0.514490,1047038.000,3091448.500,18245874.000,23117650.000,15297951.000,6980780.000,503.91,2186689.000,292.97,1866127.000,210.94,1823943.750,316.41,1653716.000,398.44,1068272.125,796.87,998581.750,679.69,746170.500,1019.53,525513.937
CAL_WIN,2074,41,D4,1,1733.575,4608.141,114.0,-4612.0,3695.0,10.024,1063.95,909.77,2039.06,0.506420,934225.062,3222310.250,18518722.000,23391202.000,14519873.000,6578162.500,515.62,2022382.000,292.97,1852285.375,210.94,1804921.750,316.41,1731601.500,398.44,1104741.000,796.87,849856.875,679.69,747858.875,1019.53,643580.187
CAL_WIN,2093,41,D4,1,1728.511,4569.528,113.0,-4612.0,3695.0,9.992,1051.80,898.87,2015.63,0.514656,833495.812,3405068.250,18082672.000,22831048.000,13709566.000,6161929.500,292.97,1861676.625,210.94,1783363.000,515.62,1773808.875,316.41,1732955.750,480.47,1180659.875,398.44,1122825.500,1019.53,760803.187,679.69,727861.000
CAL_WIN,2111,41,D4,1,1713.501,4574.831,115.0,-4612.0,3695.0,9.954,1042.36,891.70,1980.47,0.514373,756166.937,3516520.250,17758246.000,21553094.000,12963597.000,5696074.500,292.97,1917111.875,210.94,1753857.750,316.41,1663492.000,515.62,1451651.125,480.47,1152929.250,398.44,1121657.125,1019.53,861845.625,679.69,687328.937
CAL_WIN,2130,41,D4,1,1685.848,4599.970,124.0,-4612.0,3695.0,9.914,1038.82,889.48,1957.03,0.511905,710806.562,3587672.750,17111426.000,19793212.000,12280077.000,5211742.500,292.97,2012423.375,210.94,1725681.000,316.41,1529598.500,398.44,1103837.250,515.62,1081629.250,480.47,1035077.812,1019.53,935521.187,679.69,633231.312
CAL_WIN,2149,41,D4,1,1663.299,4600.949,119.0,-4612.0,3695.0,9.879,1043.01,894.56,1992.19,0.509474,691876.687,3590392.500,16137086.000,17909926.000,11541679.000,4847320.000,292.97,2116890.000,210.94,1702991.000,398.44,1069375.250,1019.53,981460.437,480.47,851253.250,503.91,743899.125,527.34,737844.562,1207.03,673297.125
CAL_WIN,2167,41,D4,1,1623.995,4647.076,113.0,-4612.0,3663.0,9.851,1053.69,903.25,2027.34,0.503231,747865.187,3532347.500,14891177.000,16151170.000,10873269.000,4595573.000,292.97,2204222.000,210.94,1692902.250,398.44,1024615.125,1019.53,1005415.812,503.91,779162.500,1207.03,715768.875,527.34,530172.875,679.69,525943.187
CAL_WIN,2186,41,D4,1,1576.089,4652.870,112.0,-4612.0,3663.0,9.830,1066.53,912.14,2062.50,0.496387,875527.937,3460095.000,13637088.000,14710554.000,10335318.000,4443995.000,292.97,2244958.500,210.94,1687549.000,1019.53,1011842.437,398.44,981003.187,503.91,820145.625,1207.03,738198.687,796.87,506283.906,679.69,486333.625
CAL_WIN,2205,41,D4,1,1517.391,4127.581,111.0,-4085.0,3663.0,9.813,1078.16,922.13,2097.66,0.501209,1006525.250,3482019.250,12557392.000,14150982.000,9926349.000,4476259.500,292.97,2252089.250,210.94,1678863.875,1019.53,1009048.375,398.44,944445.812,503.91,854275.750,1207.03,745632.375,796.87,531078.000,679.69,452202.969
CAL_WIN,2223,41,D4,1,1467.846,3617.474,106.0,-3047.0,3663.0,9.799,1078.77,927.52,2144.53,0.508680,1099520.500,3629107.000,11827251.000,14364532.000,9478310.000,4572391.000,292.97,2226308.750,210.94,1658573.500,1019.53,1007214.250,398.44,915799.062,503.91,890246.250,1207.03,741281.437,796.87,552012.750,585.94,480104.125
CAL_WIN,2242,41,D4,1,1420.129,3658.756,103.0,-3044.0,3663.0,9.786,1075.27,930.38,2156.25,0.510094,1136084.750,3747550.000,11290337.000,14696815.000,8953240.000,4638692.500,292.97,2196791.000,210.94,1622998.625,1019.53,1009572.562,503.91,929134.937,386.72,895123.312,1207.03,730685.500,796.87,568480.500,585.94,483596.375
CAL_WIN,2261,41,D4,1,1382.838,3679.094,102.0,-3044.0,3663.0,9.772,1068.59,930.61,2156.25,0.508132,1113290.000,3790446.500,10920693.000,14828482.000,8383152.500,4632582.500,292.97,2150879.750,210.94,1573593.125,1019.53,1014079.437,503.91,951486.437,386.72,887648.000,1207.03,717573.625,796.87,580019.625,585.94,454102.344
CAL_WIN,2280,41,D4,1,1342.200,3714.880,95.0,-3044.0,3663.0,9.756,1057.74,926.44,2132.81,0.485935,1028287.500,3750698.000,10692309.000,14655732.000,7821744.000,4502586.000,292.97,2100863.750,210.94,1533473.375,1019.53,1015983.937,503.91,947644.875,386.72,872780.812,1207.03,700424.812,796.87,586111.250,585.94,411721.375
CAL_WIN,2298,41,D4,1,1325.473,3686.088,96.0,-3044.0,3663.0,9.737,1045.49,917.95,2062.50,0.481997,895489.312,3667682.250,10545380.000,14323898.000,7465123.000,4287193.500,292.97,2037569.125,210.94,1482479.000,1019.53,1008608.312,503.91,919411.562,386.72,856781.937,1207.03,678714.187,796.87,580197.562,585.94,365890.344
CAL_WIN,2317,41,D4,1,1293.566,3700.785,95.0,-3044.0,3663.0,9.715,1036.83,906.15,2003.91,0.468735,759173.562,3539791.250,10281345.000,13805634.000,7366127.000,3994462.250,292.97,1983236.750,199.22,1451508.625,1019.53,987802.687,503.91,868560.312,386.72,828539.687,1207.03,649936.625,796.87,555507.187,574.22,342295.469
CAL_WIN,2336,41,D4,1,1282.191,3046.042,107.0,-3044.0,3036.0,9.688,1029.22,893.78,1957.03,0.455158,705140.000,3428817.750,9957710.000,13219504.000,7411220.000,3663747.250,292.97,1925981.875,199.22,1423492.625,1019.53,952828.062,386.72,807750.375,503.91,803131.812,1207.03,613824.562,796.87,512209.656,574.22,328024.656
CAL_WIN,2354,41,D4,1,1267.581,3067.691,100.0,-3044.0,3036.0,9.659,1018.68,881.02,1933.59,0.451717,703149.437,3449607.250,9673615.000,12720040.000,7581677.000,3313383.250,292.97,1879314.000,199.22,1382612.125,1019.53,902065.812,515.62,850671.562,386.72,786481.250,1207.03,572151.437,796.87,453092.563,1324.22,334908.531
CAL_WIN,2373,41,D4,1,1244.654,3066.601,107.0,-3044.0,3036.0,9.630,1007.91,867.27,1921.88,0.447941,725648.875,3461413.750,9414078.000,12217271.000,7802450.000,2951908.000,292.97,1831241.000,199.22,1339218.375,515.62,918584.750,1019.53,838830.250,386.72,774795.187,1207.03,525223.437,796.87,384218.656,1324.22,357922.594
CAL_WIN,2392,41,D4,1,1225.869,3100.133,113.0,-3044.0,3036.0,9.608,998.65,854.04,1910.16,0.431732,717560.000,3389986.250,9201429.000,11665047.000,7952509.500,2613995.500,292.97,1788162.125,199.22,1289085.125,515.62,999275.500,1019.53,766396.812,386.72,754931.500,1207.03,474136.281,1324.22,378335.813,703.12,316568.469
CAL_WIN,2411,41,D4,1,1214.016,3079.494,106.0,-3044.0,3036.0,9.597,991.96,843.07,1910.16,0.420120,669546.500,3229090.500,9099727.000,11326685.000,8044233.500,2359474.500,292.97,1724121.250,199.22,1245978.875,515.62,1077844.000,386.72,738664.625,1019.53,687087.437,1207.03,422754.844,1335.94,396551.031,1734.38,320107.281
CAL_WIN,2429,41,D4,1,1196.831,3075.639,106.0,-3044.0,3036.0,9.597,987.02,834.94,1898.44,0.421913,599314.562,3072668.000,9252703.000,11307816.000,8178037.500,2233303.250,292.97,1631004.875,503.91,1263529.375,199.22,1195613.500,386.72,718458.000,1019.53,608818.750,1335.94,423501.063,1207.03,370764.344,691.41,324589.844
CAL_WIN,2448,41,D4,1,1178.673,3007.121,109.0,-2688.0,3036.0,9.604,987.82,832.68,1898.44,0.428233,541912.750,2924714.000,9502326.000,11403831.000,8370242.500,2228710.500,304.69,1529184.750,503.91,1511333.500,199.22,1138659.000,386.72,701419.375,1019.53,538430.937,1335.94,448344.250,691.41,385115.656,1207.03,319484.219
CAL_WIN,2467,41,D4,1,1159.332,3029.407,109.0,-2835.0,3036.0,9.614,988.31,832.53,1898.44,0.435199,514429.344,2902486.750,9706417.000,11637674.000,8568301.000,2270139.500,503.91,1743908.750,304.69,1514670.125,199.22,1062960.875,386.72,672281.875,1019.53,476260.469,1335.94,467254.031,691.41,441452.313,820.31,348274.875
CAL_WIN,2485,41,D4,1,1139.983,3008.841,110.0,-2835.0,3036.0,9.621,986.68,832.51,1898.44,0.443593,509954.750,3016072.500,9705870.000,11949251.000,8640373.000,2316453.500,503.91,1940718.250,304.69,1470600.125,199.22,977845.187,386.72,634372.437,691.41,496934.438,1335.94,477975.375,1019.53,424358.375,820.31,416822.656
CAL_WIN,2504,41,D4,1,1134.485,3033.824,113.0,-2835.0,3036.0,9.623,983.90,831.49,1898.44,0.441839,527764.937,3143973.750,9445632.000,12290768.000,8531355.000,2340123.250,503.91,2092689.750,304.69,1382269.500,199.22,884725.687,386.72,582601.687,691.41,551728.500,1335.94,478488.219,820.31,456930.344,1019.53,384898.969
CAL_WIN,2625,41,D4,1,1121.292,2941.957,120.0,-2835.0,2961.0,9.618,982.59,831.25,1898.44,0.443835,571609.625,3199918.500,8914957.000,12739001.000,8244822.000,2362455.750,503.91,2191445.750,304.69,1248574.875,199.22,807456.250,691.41,602372.187,386.72,522215.656,820.31,468123.625,1335.94,465607.594,1019.53,361684.750
CAL_WIN,2644,41,D4,1,1122.153,2920.457,116.0,-2835.0,2961.0,9.607,982.73,831.29,1875.00,0.445950,631826.875,3140150.500,8237726.000,13339042.000,7781050.000,2392339.500,503.91,2209464.750,304.69,1066197.625,199.22,741429.125,691.41,634850.500,808.59,492302.063,386.72,454590.719,1335.94,437315.531,222.66,375745.719
CAL_WIN,2663,41,D4,1,1124.800,2900.680,118.0,-2835.0,2961.0,9.593,975.41,829.55,1839.84,0.448378,677023.187,2943454.000,8014006.500,14007263.000,7305194.500,2424609.000,503.91,2121269.250,304.69,862652.062,187.50,701297.125,691.41,640120.312,808.59,497229.375,375.00,410652.781,222.66,400949.031,1335.94,396296.844
CAL_WIN,2681,41,D4,1,1124.532,2903.049,120.0,-2835.0,2961.0,9.579,965.41,824.87,1816.41,0.444784,699664.937,2630176.250,8118027.000,14670515.000,6912762.500,2459390.250,503.91,1915816.375,292.97,734876.812,187.50,636613.687,691.41,609279.875,808.59,480797.313,222.66,443710.844,1019.53,410787.219,375.00,401026.750
CAL_WIN,2700,41,D4,1,1118.616,2900.021,117.0,-2835.0,2961.0,9.566,952.48,821.22,1757.81,0.446044,690845.750,2298516.000,8528032.000,15137036.000,6484751.000,2491690.750,515.62,1708124.250,281.25,763751.187,187.50,566572.937,691.41,539466.875,222.66,499523.906,808.59,450424.063,1019.53,445453.688,585.94,419318.188
CAL_WIN,2719,41,D4,1,1108.308,2900.379,119.0,-2835.0,2961.0,9.557,943.09,820.75,1734.38,0.447708,650269.750,1926016.250,9040731.000,15224766.000,6063120.000,2525994.250,515.62,1733867.625,281.25,938617.500,222.66,560010.750,187.50,505312.313,679.69,487393.969,1019.53,478612.719,585.94,463737.750,808.59,414629.313
CAL_WIN,2737,41,D4,1,1087.061,2919.561,120.0,-2835.0,2961.0,9.552,936.57,820.11,1722.66,0.444391,589833.625,1560118.375,9641162.000,14913799.000,5761783.000,2519639.000,515.62,1717047.250,492.19,1086611.750,281.25,1057814.125,222.66,608931.250,1019.53,501272.781,679.69,487931.094,585.94,487515.156,187.50,453952.219
CAL_WIN,2756,41,D4,1,1072.983,2936.464,120.0,-2835.0,2961.0,9.550,929.10,816.63,1722.66,0.430469,537348.187,1414957.875,10185695.000,14350347.000,5617446.500,2452050.000,515.62,1681424.000,281.25,1102925.000,492.19,1033451.500,210.94,634742.562,1019.53,505845.688,585.94,477961.594,679.69,473574.438,187.50,408625.688
CAL_WIN,2775,41,D4,1,1069.644,2948.200,113.0,-2835.0,2961.0,9.547,920.24,810.06,1699.22,0.424827,512312.313,1498249.875,10443007.000,14285141.000,5573533.500,2390263.750,515.62,1652720.125,281.25,1077479.000,492.19,964537.687,210.94,683250.375,1019.53,491254.844,585.94,455315.031,679.69,446883.063,187.50,368324.500
CAL_WIN,2794,41,D4,1,1055.590,2838.845,116.0,-2835.0,2319.0,9.540,923.92,816.79,1710.94,0.438287,532523.875,1650623.500,10287425.000,14224129.000,5632300.000,2423992.250,515.62,1642978.375,292.97,1069173.750,492.19,872047.812,210.94,744224.875,1019.53,459824.719,585.94,412786.531,679.69,410202.250,386.72,381435.781
CAL_WIN,2812,41,D4,1,1039.137,2827.257,122.0,-2835.0,2277.0,9.529,939.56,832.57,1734.38,0.463723,577025.125,1834692.250,9687495.000,13702275.000,5759058.500,2482123.250,515.62,1640734.125,292.97,1192707.000,210.94,803561.875,386.72,441711.313,1019.53,412774.625,585.94,370899.656,679.69,363898.156,808.59,311245.000
CAL_WIN,2831,41,D4,1,1036.615,2831.183,118.0,-2835.0,2196.0,9.515,959.80,849.72,1781.25,0.472058,616552.687,2007626.375,8724972.000,12795952.000,5824955.000,2495997.500,515.62,1625456.750,292.97,1263705.000,210.94,841814.000,386.72,479940.625,691.41,415201.313,1019.53,356162.875,328.12,329537.875,585.94,325484.906
CAL_WIN,2850,41,D4,1,1021.514,2830.839,116.0,-2835.0,2196.0,9.499,978.56,864.81,1839.84,0.469816,632060.812,2141005.750,7586430.500,11884869.000,5753065.500,2464618.000,503.91,1603239.750,292.97,1276180.500,210.94,852922.500,386.72,494435.281,691.41,460512.750,328.12,321968.938,1019.53,300811.344,585.94,284454.281
CAL_WIN,2868,41,D4,1,1003.784,2721.282,115.0,-2727.0,2196.0,9.487,985.84,875.98,1863.28,0.454139,617392.312,2200357.750,6893163.000,11016381.000,5558925.500,2400325.000,503.91,1719097.375,292.97,1238692.125,210.94,840394.750,386.72,486590.531,691.41,474189.781,328.12,304870.125,1335.94,268545.594,597.66,264894.281
CAL_WIN,2887,41,D4,1,991.662,2458.362,118.0,-2467.0,2196.0,9.478,980.35,880.97,1851.56,0.446582,573721.500,2177306.500,6757612.000,10311400.000,5354418.000,2323344.500,503.91,1783205.500,292.97,1168316.625,210.94,811848.187,691.41,466500.531,386.72,461816.500,328.12,282368.531,1335.94,280462.750,878.91,267168.469
CAL_WIN,2906,41,D4,1,964.344,2197.014,114.0,-1954.0,2196.0,9.472,972.49,875.88,1828.13,0.433081,510581.844,2077003.875,6742185.500,9849419.000,5217622.000,2200047.750,503.91,1819111.375,304.69,1118641.500,210.94,781573.687,691.41,451676.250,398.44,435742.469,1335.94,292687.531,878.91,263475.594,597.66,228763.250
CAL_WIN,2925,41,D4,1,945.685,2203.417,111.0,-1954.0,2196.0,9.464,964.68,862.59,1781.25,0.429148,455437.125,1910442.750,6703622.000,9698906.000,5117674.000,2042508.250,503.91,1842549.875,304.69,1129390.625,210.94,751571.625,691.41,440780.250,398.44,438179.969,1335.94,303883.750,878.91,258846.109,808.59,212982.453
CAL_WIN,2943,41,D4,1,915.825,2207.043,113.0,-1954.0,2196.0,9.450,957.85,844.02,1734.38,0.412802,441211.438,1711967.375,6566982.000,9724232.000,5050303.500,1859677.250,503.91,1851700.250,304.69,1103653.250,210.94,716224.250,691.41,433797.031,398.44,427132.344,1335.94,313722.313,878.91,254539.250,808.59,243680.062
CAL_WIN,2962,41,D4,1,882.883,2222.960,126.0,-1877.0,2196.0,9.425,956.33,828.52,1734.38,0.404950,461586.094,1545495.250,6285787.500,9795856.000,5025554.000,1699527.500,503.91,1836327.750,304.69,1034020.812,210.94,684195.687,691.41,432173.500,398.44,402219.125,1335.94,321747.375,808.59,272155.000,878.91,253640.578
CAL_WIN,2981,41,D4,1,860.555,2209.803,117.0,-1747.0,2196.0,9.390,961.43,822.52,1734.38,0.399135,496559.469,1450404.500,5872038.000,9750337.000,5005320.000,1600481.250,503.91,1794543.625,304.69,933438.000,210.94,649705.187,691.41,434109.000,398.44,367070.906,1335.94,327957.906,808.59,290757.844,878.91,258192.281
CAL_WIN,2999,41,D4,1,829.508,2211.753,117.0,-1747.0,2196.0,9.344,973.51,823.46,1734.38,0.413072,534119.812,1428501.625,5342645.000,9515339.000,5038742.500,1542217.500,503.91,1728845.875,304.69,814774.375,210.94,618194.562,691.41,433891.031,398.44,330380.375,1335.94,329149.906,808.59,295150.469,878.91,259896.125
CAL_WIN,3018,41,D4,1,809.994,2203.005,119.0,-1747.0,2196.0,9.290,988.30,824.02,1746.09,0.416949,568099.875,1402230.875,4750273.000,9194909.000,5076057.000,1480934.000,503.91,1645484.125,304.69,705646.062,210.94,588087.187,691.41,427272.219,1335.94,327666.500,398.44,296124.750,808.59,279911.188,878.91,256833.406
CAL_WIN,3037,41,D4,1,798.505,2189.593,117.0,-1747.0,2196.0,9.234,1002.76,821.24,1746.09,0.419202,590010.687,1331333.375,4181567.000,8894769.000,5038351.000,1408664.375,503.91,1547705.500,304.69,623991.562,210.94,568175.250,691.41,412973.719,1335.94,325095.313,398.44,273326.688,597.66,257888.859,1007.81,250816.719
CAL_WIN,3056,41,D4,1,776.174,2194.052,115.0,-1747.0,2196.0,9.180,1009.53,817.27,1746.09,0.415015,590502.437,1249218.625,3832155.000,8500158.000,4890591.000,1336148.750,503.91,1439268.375,304.69,588091.062,210.94,558577.312,691.41,391675.125,1335.94,322956.000,398.44,262833.906,597.66,251003.250,1007.81,245032.484
CAL_WIN,3074,41,D4,1,768.440,2190.600,110.0,-1747.0,2196.0,9.134,998.57,816.25,1734.38,0.411879,567525.250,1242939.750,3970369.250,8046209.000,4662850.000,1290521.625,503.91,1322059.000,304.69,599509.750,210.94,567127.687,691.41,362726.719,1335.94,318258.000,398.44,270660.813,597.66,231198.812,128.91,227633.719
CAL_WIN,3093,41,D4,1,759.995,2204.699,105.0,-1747.0,2196.0,9.101,987.72,824.97,1746.09,0.422919,526163.625,1290930.750,4311991.500,7608429.000,4452267.500,1297455.500,503.91,1196514.000,304.69,660861.500,210.94,591943.937,691.41,325962.625,1335.94,309201.094,398.44,292468.125,996.09,214265.250,585.94,210125.594
CAL_WIN,3112,41,D4,1,753.602,2210.695,101.0,-1745.0,2196.0,9.088,980.51,839.46,1746.09,0.442377,474360.875,1342511.875,4752940.500,7174082.000,4276035.500,1351218.250,503.91,1060406.875,304.69,760054.875,210.94,637600.062,398.44,327583.094,1335.94,295750.188,691.41,281996.156,996.09,207183.734,585.94,204353.781
CAL_WIN,3130,41,D4,1,759.742,1979.304,97.0,-1803.0,1972.0,9.097,973.16,852.57,1769.53,0.459684,435894.063,1422482.000,5243618.500,6798780.500,4157620.000,1418646.625,503.91,912534.125,304.69,887457.875,210.94,694422.812,398.44,371090.250,1335.94,280761.844,691.41,233099.625,808.59,226950.125,1019.53,199891.125
CAL_WIN,3149,41,D4,1,778.720,1780.309,107.0,-1803.0,1735.0,9.129,963.24,859.74,1757.81,0.457385,421909.063,1546288.000,5746770.000,6555824.500,4049499.750,1478576.125,304.69,1023009.562,210.94,762790.625,503.91,751121.562,398.44,421806.406,1335.94,263136.063,808.59,253121.641,1019.53,210667.578,996.09,184882.453
CAL_WIN,3168,41,D4,1,809.833,1842.522,96.0,-1803.0,1802.0,9.179,949.45,862.34,1746.09,0.440972,428852.344,1701552.625,6317063.000,6428411.000,3950204.000,1534895.875,304.69,1163200.875,210.94,826699.812,503.91,576466.937,398.44,468351.969,808.59,266311.719,1335.94,243885.547,1019.53,230698.406,585.94,171081.297
CAL_WIN,3288,41,D4,1,882.397,2357.666,95.0,-2423.0,2160.0,9.240,924.78,858.16,1734.38,0.420262,472291.719,1966061.500,7161824.500,6481619.500,3924791.250,1595031.125,304.69,1292188.125,210.94,865339.812,398.44,490646.031,492.19,462878.875,515.62,406888.469,808.59,262675.688,1019.53,260629.562,1335.94,223995.469
CAL_WIN,3307,41,D4,1,954.468,2339.654,98.0,-2423.0,2160.0,9.306,893.56,856.34,1710.94,0.406339,557358.375,2429266.750,8460642.000,6697406.000,3993630.500,1730311.875,304.69,1368540.000,210.94,879173.375,386.72,538019.125,492.19,425163.813,515.62,352225.000,351.56,297634.563,1019.53,290973.125,808.59,241349.906
CAL_WIN,3326,41,D4,1,1010.905,2342.003,92.0,-2423.0,2247.0,9.375,880.90,869.11,1710.94,0.434715,638559.437,3033670.750,9861125.000,7236381.500,4203986.500,2033013.750,304.69,1365996.750,210.94,881644.375,386.72,541033.750,351.56,489337.594,492.19,369968.500,1019.53,314160.438,515.62,304317.750,152.34,285585.188
CAL_WIN,3344,41,D4,1,1076.073,2649.654,101.0,-2505.0,2538.0,9.449,881.48,884.54,1722.66,0.470659,717460.375,3615789.750,11212632.000,8042373.000,4566786.500,2412733.000,304.69,1258364.250,210.94,877168.500,187.50,788224.437,351.56,691988.000,152.34,383350.438,1019.53,325884.250,492.19,313665.250,539.06,298240.906
CAL_WIN,3363,41,D4,1,1144.009,2832.360,85.0,-2584.0,2748.0,9.526,882.30,893.40,1734.38,0.481246,789714.375,4082679.750,12392728.000,8951798.000,4910938.500,2744276.500,316.41,1087883.125,292.97,1085540.375,187.50,974919.625,210.94,899915.750,398.44,479350.469,152.34,468656.344,539.06,375907.594,1019.53,323344.656
CAL_WIN,3382,41,D4,1,1193.968,2958.474,83.0,-2893.0,2866.0,9.604,874.34,892.77,1722.66,0.469384,844405.687,4549777.000,13333654.000,9851529.000,5145113.500,2950998.000,328.12,1229849.750,187.50,1126498.750,292.97,1097094.625,210.94,975227.312,269.53,577844.062,398.44,488870.781,527.34,474592.563,1019.53,305451.063
CAL_WIN,3401,41,D4,1,1257.938,3009.799,75.0,-3091.0,2866.0,9.679,850.71,879.81,1699.22,0.425011,905448.562,5171840.500,14246650.000,10683075.000,5247683.000,3004342.500,328.12,1413125.500,187.50,1219190.375,292.97,1167879.500,210.94,1114987.250,269.53,709552.625,527.34,561365.187,398.44,539496.812,585.94,359202.594
CAL_WIN,3419,41,D4,1,1314.027,3033.748,68.0,-3091.0,2866.0,9.744,820.54,862.24,1640.63,0.370763,982255.125,5733003.000,15707344.000,11349515.000,5390648.500,3024350.250,328.12,1465626.375,292.97,1311454.625,210.94,1309374.250,187.50,1224451.500,375.00,804370.375,269.53,781044.062,398.44,630530.750,527.34,617322.312
CAL_WIN,3438,41,D4,1,1372.620,3021.565,68.0,-3091.0,2866.0,9.797,819.32,867.79,1640.63,0.407800,1054553.250,6013777.500,16968936.000,11852452.000,5749444.000,3303458.750,210.94,1522118.875,292.97,1513512.500,316.41,1397752.500,269.53,775713.062,375.00,752673.937,398.44,743160.750,527.34,624240.125,128.91,498637.406
CAL_WIN,3457,41,D4,1,1412.391,3054.112,61.0,-3091.0,2866.0,9.836,831.01,879.22,1664.06,0.445884,1117211.875,5973740.500,17575576.000,12124932.000,6099704.000,3578425.750,292.97,1759074.250,210.94,1730048.625,398.44,857316.000,515.62,620408.250,585.94,546636.812,128.91,510893.719,691.41,354265.844,773.44,328553.063
CAL_WIN,3475,41,D4,1,1440.395,3047.244,65.0,-3091.0,2866.0,9.863,841.44,886.09,1710.94,0.463042,1171253.250,5688052.500,17519552.000,12059809.000,6262104.000,3672384.750,292.97,2014697.375,210.94,1896950.625,386.72,996389.625,515.62,721698.125,585.94,578615.687,128.91,489462.219,691.41,373866.469,773.44,343339.000
CAL_WIN,3494,41,D4,1,1452.374,3037.061,62.0,-3091.0,2866.0,9.880,846.46,886.81,1710.94,0.454461,1204352.000,5264391.500,16880200.000,11686178.000,6180511.500,3565540.250,292.97,2248171.750,210.94,2023224.375,386.72,1068126.750,515.62,800337.687,585.94,585414.125,175.78,556584.250,691.41,386500.719,773.44,335863.500
CAL_WIN,3513,41,D4,1,1450.329,3047.042,69.0,-3091.0,2866.0,9.889,842.08,878.97,1699.22,0.422715,1192350.000,4920476.000,15978428.000,11235842.000,5920644.500,3299608.750,304.69,2459874.750,210.94,2100493.000,386.72,1081248.125,503.91,987120.562,585.94,562588.625,175.78,443287.938,351.56,415104.063,691.41,392469.563
CAL_WIN,3531,41,D4,2,1437.412,3019.799,63.0,-3091.0,2866.0,9.892,826.21,865.22,1640.63,0.417037,1126672.250,4813638.000,15264688.000,10903907.000,5514550.000,3013221.500,304.69,2595143.000,210.94,2126343.000,503.91,1173911.250,398.44,1065736.000,585.94,515794.563,691.41,391377.125,351.56,286706.906,773.44,275553.219
CAL_WIN,3550,41,D4,2,1413.925,3035.249,70.0,-3091.0,2866.0,9.886,792.93,840.06,1558.59,0.394735,1035158.125,4829795.000,15078991.000,10591925.000,4971298.500,2660465.750,304.69,2639300.000,210.94,2082596.125,503.91,1320611.750,398.44,1043235.937,585.94,453051.063,691.41,384165.938,164.06,329575.063,1019.53,253861.562
CAL_WIN,3569,41,D4,2,1388.000,3072.353,67.0,-3091.0,2866.0,9.867,749.07,806.30,1429.69,0.354014,1014428.375,4826496.000,15168465.000,10084738.000,4362943.000,2267346.750,304.69,2615164.250,210.94,1975589.625,503.91,1407897.375,398.44,997231.875,585.94,390022.188,691.41,367624.125,164.06,357517.594,257.81,310300.594
CAL_WIN,3587,41,D4,2,1327.816,3096.288,70.0,-3091.0,2866.0,9.831,713.40,780.36,1335.94,0.311210,1079697.250,4688912.000,15060643.000,9393609.000,3838059.000,1958857.500,304.69,2526136.750,210.94,1823242.625,503.91,1430345.125,398.44,943717.312,257.81,378429.469,164.06,363148.656,585.94,340175.875,691.41,335570.781
CAL_WIN,3606,41,D4,2,1264.226,3114.715,79.0,-3091.0,2866.0,9.774,708.78,785.66,1324.22,0.328766,1170067.750,4384756.500,14554895.000,8654890.000,3578644.250,1891598.000,304.69,2351610.250,210.94,1629447.750,503.91,1392952.750,398.44,875628.437,257.81,406894.344,164.06,363444.531,585.94,303158.531,691.41,290411.219
CAL_WIN,3625,41,D4,2,1211.240,3106.026,75.0,-3091.0,2866.0,9.691,724.27,806.74,1359.38,0.363128,1233273.125,4032287.750,13581027.000,8070236.000,3446518.750,1924777.875,304.69,2103891.500,210.94,1393358.250,503.91,1302054.875,398.44,782336.625,257.81,416209.875,152.34,386531.750,585.94,274214.031,691.41,238662.469
CAL_WIN,3643,41,D4,2,1139.953,3133.873,106.0,-3091.0,2866.0,9.580,745.47,830.41,1429.69,0.391458,1249539.125,3658764.500,12258241.000,7367357.500,3284977.000,1928168.250,304.69,1796363.625,503.91,1165552.625,210.94,1139804.375,398.44,677682.187,257.81,428555.844,128.91,410299.781,152.34,385185.594,585.94,251609.062
CAL_WIN,3662,41,D4,2,1068.279,3118.842,96.0,-3091.0,2866.0,9.439,767.23,851.53,1523.44,0.411714,1211214.250,3205667.250,10601118.000,6515471.500,3015310.000,1843521.375,304.69,1466965.750,503.91,995157.437,210.94,882421.937,398.44,566295.750,257.81,426958.563,140.62,395572.781,585.94,231245.875,445.31,201852.953
CAL_WIN,3681,41,D4,2,1003.804,3123.269,104.0,-3091.0,2807.0,9.267,785.19,866.28,1558.59,0.420005,1115862.500,2669851.000,8856905.000,5611499.500,2621991.000,1662698.125,304.69,1137062.125,503.91,809545.250,210.94,649494.687,398.44,457290.188,257.81,390199.406,140.62,385161.563,175.78,252262.953,585.94,202869.453
CAL_WIN,3699,41,D4,2,911.804,2981.241,97.0,-2966.0,2807.0,9.066,799.39,876.74,1582.03,0.418724,970382.437,2129073.250,7121109.000,4724773.500,2163545.750,1427897.125,304.69,831247.000,503.91,628107.125,210.94,453207.906,398.44,349623.750,140.62,344628.594,257.81,323815.281,175.78,226504.234,585.94,168145.609
CAL_WIN,3718,41,D4,2,815.868,2836.587,147.0,-2840.0,2807.0,8.842,807.32,883.31,1582.03,0.414554,842258.937,1684576.375,5495292.500,3909303.250,1715276.750,1175134.750,316.41,593284.312,503.91,465295.906,210.94,303871.938,140.62,295992.313,398.44,254648.531,257.81,248649.312,175.78,164912.469,433.59,140608.359
CAL_WIN,3737,41,D4,2,692.794,2647.972,144.0,-2648.0,2621.0,8.614,795.03,885.36,1558.59,0.413957,886401.375,1482819.750,4044039.000,3148215.000,1338949.875,932267.312,316.41,419178.844,503.91,330052.719,140.62,267286.469,210.94,198968.734,257.81,189810.391,398.44,174672.922,433.59,122984.766,468.75,110800.773
CAL_WIN,3755,41,D4,2,582.066,2275.549,178.0,-2193.0,2251.0,8.420,769.33,886.02,1523.44,0.395385,916772.937,1486080.750,2912706.750,2474568.000,1068388.625,735165.437,316.41,284205.063,339.84,258094.719,140.62,256312.562,503.91,223472.891,187.50,154019.703,246.09,147603.016,210.94,132562.219,386.72,127147.781
CAL_WIN,3774,41,D4,2,463.404,2108.321,178.0,-2118.0,1669.0,8.299,761.16,903.99,1570.31,0.395621,918600.125,1551189.125,2171665.000,1962950.625,927725.562,647862.062,140.62,255349.672,339.84,240181.312,316.41,196339.047,187.50,161505.594,503.91,143009.500,246.09,142029.844,222.66,118698.570,386.72,100253.836
CAL_WIN,3793,41,D4,2,356.463,1663.142,171.0,-1472.0,1669.0,8.241,766.44,927.41,1640.63,0.414757,880377.000,1590880.625,1963602.125,1618256.375,878624.312,634202.687,140.62,258116.062,339.84,205765.891,316.41,142768.500,187.50,142404.766,222.66,131520.797,246.09,118741.648,527.34,98780.469,503.91,87548.156
CAL_WIN,3812,41,D4,2,285.341,1482.197,179.0,-1472.0,935.0,8.200,770.95,943.17,1734.38,0.425167,793765.500,1570817.250,1941363.875,1368810.500,829379.187,622809.062,140.62,251601.719,339.84,175428.500,304.69,149842.812,222.66,140359.125,246.09,91159.445,527.34,73532.039,386.72,66360.445,445.31,59425.168
CAL_WIN,3830,41,D4,2,220.616,833.871,172.0,-801.0,858.0,8.147,772.82,951.25,1757.81,0.414997,668746.250,1486828.000,1878501.375,1172091.375,751649.937,586164.312,140.62,232699.078,210.94,165082.000,304.69,158220.953,339.84,152059.328,386.72,67450.586,539.06,61313.590,433.59,53423.203,808.59,43447.633
CAL_WIN,3950,41,D4,2,202.025,840.246,194.0,-566.0,858.0,8.074,776.42,954.93,1804.69,0.422158,520741.219,1349139.750,1763649.250,1018500.187,662664.187,533836.000,164.06,204341.734,140.62,202051.906,210.94,186593.562,304.69,161046.453,351.56,136823.234,386.72,69993.266,257.81,56097.566,433.59,48096.340
CAL_WIN,3969,41,D4,2,181.587,571.173,212.0,-566.0,505.0,7.986,783.13,958.04,1816.41,0.427633,373730.625,1173763.250,1602145.375,880824.375,567495.875,472168.094,164.06,204377.781,210.94,200879.562,292.97,173455.625,140.62,160443.344,351.56,116442.594,386.72,73657.742,257.81,45594.039,433.59,41329.543
CAL_WIN,3988,41,D4,2,179.447,567.793,209.0,-566.0,505.0,7.898,780.29,954.28,1792.97,0.421268,259774.078,1023099.812,1460647.875,758625.125,474010.781,408941.531,210.94,206507.328,292.97,186748.375,164.06,185136.531,128.91,138872.734,339.84,90427.406,386.72,75366.664,433.59,35140.855,257.81,34195.184
CAL_WIN,4006,41,D4,2,179.475,568.195,209.0,-566.0,505.0,7.827,760.10,940.83,1710.94,0.396230,221647.734,893303.062,1406164.875,652769.000,408234.594,355742.344,210.94,202399.391,292.97,188740.344,164.06,152431.641,128.91,132800.250,339.84,79592.562,386.72,72226.797,363.28,62395.582,433.59,29542.162
CAL_WIN,4025,41,D4,2,167.433,580.855,209.0,-566.0,505.0,7.780,744.49,927.79,1652.34,0.375386,210551.344,793093.562,1419057.750,599047.312,377027.063,327088.688,210.94,192734.250,304.69,179472.203,128.91,126639.172,164.06,114889.008,339.84,71943.430,398.44,69471.523,527.34,28958.654,585.94,26612.254
CAL_WIN,4044,41,D4,2,161.647,578.181,216.0,-566.0,505.0,7.750,747.90,922.41,1652.34,0.387995,201603.766,710470.437,1452199.125,598391.062,379239.375,318086.875,304.69,188071.719,210.94,181050.719,128.91,118269.672,175.78,94356.930,339.84,67761.391,398.44,67719.430,375.00,65352.945,527.34,29325.525
CAL_WIN,4062,41,D4,2,152.115,567.257,222.0,-566.0,505.0,7.725,757.38,921.91,1664.06,0.394706,192209.109,630505.375,1462374.000,600958.125,382260.969,312018.344,304.69,194611.109,210.94,170539.516,281.25,116540.961,128.91,110842.641,187.50,75093.187,375.00,66015.969,398.44,65345.438,527.34,30407.457
CAL_WIN,4081,41,D4,2,126.631,331.500,242.0,-295.0,329.0,7.699,767.78,925.93,1699.22,0.397251,185256.516,561366.062,1427499.250,589614.812,374605.656,305084.875,304.69,196957.547,210.94,163393.125,281.25,122182.508,128.91,103087.195,187.50,67523.891,398.44,64884.469,375.00,62260.809,527.34,31270.344
CAL_WIN,4100,41,D4,2,125.315,330.966,246.0,-295.0,329.0,7.674,774.96,928.38,1722.66,0.392318,182787.172,507346.000,1393537.125,576370.687,361469.031,297926.406,304.69,197782.516,210.94,154792.844,281.25,125340.148,128.91,92383.516,398.44,65384.180,375.00,57775.523,339.84,55223.105,527.34,30597.883
CAL_WIN,4118,41,D4,2,125.085,331.969,239.0,-295.0,329.0,7.651,783.61,927.94,1757.81,0.390159,179602.719,457839.000,1397111.125,583626.625,360422.250,293697.563,304.69,198149.516,210.94,145848.609,281.25,125548.156,128.91,77353.320,398.44,66633.742,375.00,53075.641,351.56,48523.777,585.94,29003.848
CAL_WIN,4137,41,D4,2,121.947,327.677,247.0,-295.0,329.0,7.630,808.63,937.70,1828.13,0.403578,171675.672,421053.906,1355863.375,594994.812,373082.125,297042.375,304.69,197388.562,210.94,136323.281,281.25,121467.477,398.44,68126.781,351.56,45595.746,585.94,28801.367,492.19,27249.770,773.44,26577.264
CAL_WIN,4156,41,D4,2,118.131,319.401,266.0,-295.0,329.0,7.608,846.57,956.34,1898.44,0.424966,160511.234,385215.906,1267943.250,605531.937,386718.000,305878.531,304.69,192015.094,210.94,125531.672,386.72,70674.148,351.56,40478.109,585.94,28165.449,492.19,26882.496,773.44,25367.865,539.06,22309.035
CAL_WIN,4175,41,D4,2,115.253,321.236,272.0,-295.0,329.0,7.582,884.92,976.71,2027.34,0.450565,149458.828,355531.281,1166110.750,602002.750,392507.094,312524.719,292.97,186109.328,199.22,121672.016,386.72,80223.539,351.56,35880.293,574.22,30732.420,140.62,28837.229,234.37,28001.521,175.78,26305.584
CAL_WIN,4193,41,D4,2,113.069,319.811,286.0,-295.0,329.0,7.550,909.70,996.63,2074.22,0.462195,150920.703,342471.844,1075208.250,572424.312,384495.500,313931.625,292.97,199689.312,199.22,124176.797,386.72,85488.602,574.22,32073.879,351.56,31495.357,140.62,24089.971,492.19,22695.271,761.72,20989.973
CAL_WIN,4212,41,D4,2,107.285,293.365,268.0,-288.0,288.0,7.514,916.39,1015.12,2109.38,0.469662,171744.828,337867.375,1000730.375,519251.500,364307.719,309440.313,292.97,202462.687,199.22,124944.664,386.72,87315.945,574.22,31812.836,257.81,28079.799,351.56,28067.096,140.62,23903.432,761.72,20840.988
CAL_WIN,4231,41,D4,2,106.197,290.199,269.0,-288.0,288.0,7.479,912.09,1031.21,2144.53,0.457154,192356.984,338937.125,928812.750,453480.063,335710.781,297107.469,292.97,198670.984,199.22,124397.430,386.72,87461.406,574.22,31060.500,128.91,26381.721,351.56,26235.437,257.81,24881.098,761.72,20340.406
CAL_WIN,4249,41,D4,2,104.972,289.539,262.0,-288.0,288.0,7.452,907.41,1042.99,2167.97,0.445491,207395.984,339133.594,865754.812,395066.406,315340.094,282360.813,292.97,191991.328,199.22,123763.852,386.72,87647.555,574.22,30431.574,128.91,30389.340,246.09,25614.129,351.56,23878.783,761.72,19714.582
CAL_WIN,4268,41,D4,2,104.026,283.423,287.0,-288.0,250.0,7.433,908.29,1046.33,2179.69,0.442488,214606.047,335737.875,822055.500,374111.938,310528.031,273818.781,292.97,186367.766,199.22,123553.859,386.72,87032.930,128.91,31478.631,574.22,29845.670,246.09,28350.189,351.56,19892.299,761.72,18980.184
CAL_WIN,4287,41,D4,2,104.026,286.084,274.0,-288.0,250.0,7.422,913.66,1043.62,2191.41,0.447677,212262.687,330743.563,799792.562,387845.719,315844.156,270936.969,292.97,181570.750,199.22,124514.086,386.72,86518.586,140.62,31248.916,574.22,29355.480,246.09,28150.217,761.72,18375.008,949.22,15938.768
CAL_WIN,4306,41,D4,2,102.695,287.026,293.0,-288.0,250.0,7.417,921.02,1038.46,2191.41,0.455528,200082.937,323702.688,803064.000,412178.375,327229.375,271212.688,292.97,178483.516,199.22,125377.242,386.72,85474.492,140.62,30604.449,574.22,28962.627,257.81,26429.539,761.72,18110.309,1136.72,15815.615
CAL_WIN,4324,41,D4,2,100.994,288.776,287.0,-288.0,224.0,7.417,926.03,1033.94,2191.41,0.464326,180358.016,318893.969,826706.750,429113.406,334146.313,273642.000,292.97,176427.578,199.22,126738.359,386.72,85205.680,140.62,29602.090,574.22,29067.369,257.81,29042.242,234.37,19493.078,761.72,18255.639
CAL_WIN,4343,41,D4,2,99.249,238.470,299.0,-231.0,224.0,7.425,924.46,1029.19,2167.97,0.466314,160250.844,322571.969,857598.687,434053.406,336032.313,274902.906,292.97,176108.000,199.22,127614.695,386.72,84991.406,574.22,29366.447,140.62,27410.928,328.12,20869.236,761.72,18621.865,1136.72,16144.264
CAL_WIN,4362,41,D4,2,100.506,240.341,304.0,-231.0,224.0,7.439,920.15,1025.96,2156.25,0.463987,146451.828,326287.000,885817.500,426510.500,334933.938,274337.344,292.97,177056.797,199.22,128442.734,386.72,85188.352,574.22,29567.945,140.62,24654.096,761.72,18899.148,480.47,16498.643,1136.72,15878.873
CAL_WIN,4380,41,D4,2,100.222,242.824,298.0,-231.0,224.0,7.456,915.16,1022.16,2144.53,0.464426,136442.266,326360.813,917525.125,415171.250,333639.938,275677.594,292.97,180398.891,199.22,128564.977,386.72,85264.617,269.53,46904.391,574.22,29387.135,140.62,21844.895,761.72,18902.340,480.47,18109.479
CAL_WIN,4399,41,D4,2,101.866,241.727,282.0,-231.0,224.0,7.473,907.19,1013.50,2121.09,0.463131,130996.031,325208.344,954244.312,420408.031,333896.313,278295.094,292.97,185119.078,199.22,128884.648,386.72,85947.875,574.22,28928.766,480.47,19422.348,140.62,18810.414,761.72,18693.168,515.62,17234.176
CAL_WIN,4418,41,D4,2,103.506,239.908,273.0,-231.0,224.0,7.486,901.96,1008.56,2121.09,0.457340,126014.672,323435.375,975987.187,430105.688,328955.156,282315.375,292.97,191148.766,199.22,129434.359,386.72,87113.797,574.22,28418.762,480.47,20161.979,761.72,18661.797,152.34,18492.070,515.62,17345.879
CAL_WIN,4437,41,D4,2,105.610,234.418,241.0,-231.0,233.0,7.496,902.34,1010.91,2121.09,0.454610,118846.461,324396.844,971663.625,434796.750,318603.000,285848.594,292.97,197452.266,199.22,130855.359,386.72,89191.500,175.78,39290.098,574.22,28353.250,480.47,20666.762,152.34,19253.486,761.72,19088.686
CAL_WIN,4455,41,D4,2,107.162,262.922,231.0,-264.0,233.0,7.504,898.79,1014.16,2121.09,0.449219,111395.297,348725.875,947404.437,436047.156,307310.875,285381.031,292.97,204522.797,199.22,132201.000,386.72,91180.914,175.78,41993.426,574.22,29054.113,257.81,27256.363,152.34,20999.781,480.47,20905.549
CAL_WIN,4474,41,D4,2,125.493,535.751,228.0,-540.0,278.0,7.513,890.21,1016.19,2109.38,0.433255,105788.977,386485.375,917941.000,436690.313,296261.406,281004.406,292.97,209314.922,199.22,133200.953,386.72,94491.430,175.78,41706.703,574.22,30904.637,152.34,23999.100,761.72,21498.525,480.47,20773.020
CAL_WIN,4493,41,D4,2,298.220,1679.736,213.0,-1714.0,1052.0,7.530,876.04,1013.61,2050.78,0.418600,99607.195,422327.469,945639.812,451197.094,293184.781,281699.156,292.97,213922.797,199.22,124647.516,386.72,99365.867,574.22,34059.852,152.34,30894.432,761.72,23496.672,257.81,22835.531,480.47,20402.205
CAL_WIN,4617,41,D4,3,848.581,8096.479,213.0,-7685.0,8108.0,7.616,875.63,998.41,2003.91,0.440802,115569.977,567219.937,1094190.375,593732.250,407821.188,334306.219,292.97,218509.141,210.94,145337.328,386.72,102167.953,152.34,69739.227,585.94,30188.514,550.78,28479.369,761.72,27168.570,480.47,26304.486
CAL_WIN,4636,41,D4,3,1191.599,8628.814,213.0,-8623.0,8108.0,8.035,1003.38,986.17,2238.28,0.554202,191553.562,1120814.625,1732318.125,1824444.625,1314288.250,789514.812,292.97,246016.641,210.94,218189.953,175.78,163606.672,152.34,154436.656,386.72,106524.008,550.78,88707.305,515.62,79758.375,585.94,75868.422
CAL_WIN,4655,41,D4,3,1391.041,8663.532,209.0,-8623.0,8108.0,8.650,1057.40,962.84,2238.28,0.584587,350435.625,2080269.375,3662604.250,4701726.500,3388474.750,1810805.125,292.97,316592.031,210.94,307369.281,175.78,290333.594,152.34,269607.219,515.62,239577.156,339.84,191764.391,386.72,142452.156,585.94,140060.141
CAL_WIN,4673,41,D4,3,1545.291,8698.023,231.0,-8623.0,8108.0,9.160,1078.25,951.22,2226.56,0.595372,591062.187,3284782.500,6837108.500,8865015.000,6585428.500,3311981.750,515.62,499411.313,292.97,481901.688,210.94,424811.063,152.34,390420.750,328.12,378512.781,386.72,221857.812,269.53,221668.547,585.94,211150.344
CAL_WIN,4692,41,D4,3,1634.914,8695.630,240.0,-8623.0,8108.0,9.542,1092.90,946.62,2226.56,0.596602,866619.687,4577731.000,10712942.000,13862823.000,10531540.000,5145671.000,515.62,844059.312,304.69,784961.562,199.22,665696.625,140.62,558062.812,398.44,368838.906,691.41,306469.375,1019.53,305906.594,796.87,246931.125
CAL_WIN,4711,41,D4,3,1729.825,8712.214,256.0,-8623.0,8108.0,9.825,1103.86,944.23,2214.84,0.587899,1129271.750,5797492.000,14774020.000,19129848.000,14738013.000,7074155.000,515.62,1239817.375,304.69,1174319.375,199.22,954468.125,140.62,739682.625,398.44,549798.375,1019.53,522530.281,691.41,447051.781,1207.03,378173.875
CAL_WIN,4730,41,D4,3,1810.499,8679.825,217.0,-8623.0,8108.0,10.030,1113.61,943.58,2214.84,0.576862,1341032.875,6812717.500,18520002.000,24080706.000,18691564.000,8897594.000,503.91,1650445.125,304.69,1606883.750,199.22,1256716.125,140.62,887052.250,1019.53,785260.437,398.44,743048.562,691.41,593319.250,1207.03,555534.750
CAL_WIN,4749,41,D4,3,1879.236,8677.140,195.0,-8623.0,8108.0,10.172,1123.94,944.38,2214.84,0.571805,1483499.750,7514116.000,21426258.000,28237022.000,21930558.000,10450414.000,304.69,2032794.625,515.62,2022624.500,199.22,1532223.375,1019.53,1070027.000,140.62,972441.687,398.44,927670.687,1207.03,752766.000,691.41,729703.750
CAL_WIN,4767,41,D4,3,1959.106,8663.766,181.0,-8623.0,8108.0,10.261,1136.06,947.20,2226.56,0.564494,1578663.500,7860140.500,23089900.000,31167890.000,24074002.000,11620683.000,304.69,2414076.250,515.62,2348345.000,199.22,1752524.000,1019.53,1342175.250,398.44,1084401.000,128.91,990535.812,1207.03,946852.875,691.41,845085.187
CAL_WIN,4786,41,D4,3,2044.815,8627.976,176.0,-8623.0,8108.0,10.305,1150.37,952.13,2238.28,0.561815,1645588.750,7871674.000,23338138.000,32929310.000,24945990.000,12391727.000,304.69,2714968.500,515.62,2601477.000,199.22,1883092.500,1019.53,1566449.750,398.44,1201598.000,1207.03,1113170.625,128.91,1000759.312,691.41,928064.250
CAL_WIN,4805,41,D4,3,2133.250,8650.068,167.0,-8623.0,8108.0,10.312,1170.31,960.68,2273.44,0.569597,1639177.875,7561876.500,22227432.000,33553030.000,24629666.000,12816781.000,304.69,2926294.500,515.62,2769238.250,199.22,1915563.500,1019.53,1710862.125,398.44,1272379.250,1207.03,1224886.500,1312.50,994224.562,691.41,978575.187
CAL_WIN,4823,41,D4,3,2239.887,8648.807,162.0,-8623.0,8108.0,10.290,1198.39,972.73,2355.47,0.572431,1555813.000,6921877.000,20123088.000,32985472.000,23562564.000,12928526.000,304.69,3044092.000,515.62,2846703.750,199.22,1845552.750,1019.53,1752963.500,398.44,1304870.375,1207.03,1263554.375,1312.50,1041601.187,480.47,1033910.187
CAL_WIN,4842,41,D4,3,2326.718,8666.557,154.0,-8623.0,8108.0,10.253,1232.98,986.86,2425.78,0.581334,1452752.125,6015700.500,17816310.000,31558000.000,22274556.000,12824592.000,304.69,3095649.500,515.62,2838980.750,210.94,1861847.625,1019.53,1680253.250,398.44,1302435.875,1207.03,1225944.250,1312.50,1013473.875,691.41,991411.562
CAL_WIN,4861,41,D4,3,2421.510,8692.611,151.0,-8623.0,8108.0,10.217,1258.96,999.51,2460.94,0.584673,1389368.500,4952509.000,16537543.000,29732482.000,20853660.000,12565887.000,304.69,3101806.250,515.62,2775075.250,210.94,1899236.250,1007.81,1525359.000,398.44,1285642.125,1195.31,1153160.875,691.41,991288.562,1312.50,903024.250
CAL_WIN,4880,41,D4,3,2493.497,8680.903,157.0,-8623.0,8108.0,10.197,1266.56,1005.36,2484.38,0.580645,1286103.375,4009299.750,16303291.000,28325032.000,19600996.000,12140443.000,304.69,3099200.250,503.91,2703339.250,210.94,1912042.375,1007.81,1392988.750,398.44,1257136.125,796.87,1084003.375,1195.31,1067697.500,703.12,1028476.437
CAL_WIN,4898,41,D4,3,2540.250,8720.713,167.0,-8623.0,8108.0,10.199,1263.81,1004.19,2484.38,0.560268,1162586.375,3437513.750,16407408.000,27025478.000,19049500.000,11655201.000,503.91,3110434.250,304.69,3099471.250,210.94,1926459.625,796.87,1240659.750,398.44,1238316.375,1007.81,1213722.625,703.12,1090741.375,1195.31,929275.937
CAL_WIN,4917,41,D4,3,2483.892,8646.192,162.0,-8623.0,6170.0,10.217,1256.64,998.46,2472.66,0.549579,1126742.500,3295231.250,16607344.000,25840658.000,19420074.000,11313352.000,503.91,3521491.250,304.69,3112992.250,210.94,1954328.125,796.87,1350812.000,398.44,1234045.500,691.41,1184105.375,1007.81,1009305.687,1195.31,748923.250
CAL_WIN,4936,41,D4,3,2397.021,7512.925,159.0,-7505.0,6170.0,10.242,1242.98,991.48,2460.94,0.534357,1240274.625,3585483.250,16820338.000,25290382.000,20275034.000,11122233.000,503.91,3862423.500,304.69,3103064.000,210.94,2016416.250,796.87,1414760.375,691.41,1274523.625,398.44,1234093.500,1007.81,795578.812,1335.94,769704.375
CAL_WIN,4954,41,D4,3,2364.628,7316.204,157.0,-7339.0,6170.0,10.263,1226.95,983.83,2437.50,0.536429,1379995.250,4026669.500,17116894.000,25623296.000,21280748.000,11010116.000,503.91,4099392.000,304.69,3063698.750,210.94,2092224.750,796.87,1442296.375,691.41,1344454.375,398.44,1221214.250,1335.94,796935.125,1710.94,619146.187
CAL_WIN,4973,41,D4,3,2322.602,6253.827,141.0,-6334.0,5195.0,10.274,1219.92,981.24,2414.06,0.544702,1516807.875,4392242.000,17237548.000,26013086.000,22212670.000,11014298.000,503.91,4215051.500,304.69,2981951.500,210.94,2182118.250,796.87,1432841.125,691.41,1374313.250,398.44,1204815.375,1324.22,807993.812,1734.38,677006.750
CAL_WIN,4992,41,D4,3,2320.030,6222.593,137.0,-6334.0,5174.0,10.274,1219.95,980.48,2390.63,0.553036,1613465.625,4653476.500,16999952.000,26395398.000,22737302.000,11044157.000,503.91,4203071.500,304.69,2886760.500,210.94,2236624.250,796.87,1390481.000,691.41,1364709.750,398.44,1176730.125,1324.22,850399.125,1734.38,744369.500
CAL_WIN,5011,41,D4,3,2312.359,6226.590,130.0,-6334.0,5136.0,10.263,1222.71,978.49,2390.63,0.563719,1657665.125,4910215.500,16624514.000,26905128.000,23093848.000,11001710.000,503.91,4069377.250,304.69,2792685.000,210.94,2209084.500,796.87,1315693.625,691.41,1312001.250,398.44,1130028.500,1335.94,837364.500,1734.38,785067.875
CAL_WIN,5029,41,D4,3,2298.632,6238.797,127.0,-6334.0,5136.0,10.244,1211.45,973.24,2367.19,0.572581,1673288.375,5257960.000,17052022.000,27401546.000,23076900.000,10817775.000,503.91,3831393.000,304.69,2729695.750,210.94,2072377.125,796.87,1218678.375,691.41,1214798.750,398.44,1061416.250,1335.94,854672.312,585.94,798256.187
CAL_WIN,5048,41,D4,3,2297.324,6272.257,125.0,-6334.0,5136.0,10.221,1187.30,964.16,2308.59,0.580823,1682899.000,5735103.500,18044314.000,27603094.000,22742380.000,10415268.000,503.91,3502718.250,304.69,2700074.750,199.22,1972511.875,386.72,1127636.125,796.87,1116651.125,691.41,1084482.125,1335.94,861569.687,878.91,790378.000
CAL_WIN,5067,41,D4,3,2279.663,6300.302,128.0,-6334.0,5136.0,10.198,1155.95,951.48,2273.44,0.561827,1664316.375,6258801.000,19014546.000,27282636.000,21953284.000,9748488.000,503.91,3100483.750,304.69,2707139.000,199.22,2074855.375,386.72,1230468.125,796.87,1018602.750,691.41,938336.937,1019.53,848823.437,1335.94,847547.687
CAL_WIN,5085,41,D4,3,2253.995,6337.997,120.0,-6334.0,5136.0,10.176,1122.69,935.51,2226.56,0.540675,1622952.625,6661110.000,19675628.000,26628626.000,20735570.000,8946931.000,304.69,2743675.250,503.91,2643687.000,199.22,2150940.000,386.72,1318233.875,281.25,1027869.937,1019.53,970225.625,796.87,932089.000,679.69,868067.937
CAL_WIN,5104,41,D4,3,2220.141,6348.125,120.0,-6334.0,5136.0,10.156,1091.70,920.13,2144.53,0.521730,1588829.250,6986499.500,20053340.000,25624730.000,19418110.000,8187362.500,304.69,2813437.000,199.22,2203620.500,503.91,2159084.250,386.72,1383502.875,281.25,1109052.875,1019.53,1087451.125,222.66,976395.312,796.87,852638.375
CAL_WIN,5123,41,D4,3,2172.212,6319.546,121.0,-6334.0,5056.0,10.137,1064.93,912.37,2097.66,0.511904,1564438.875,7186227.500,20623824.000,24345738.000,18048618.000,7612186.500,304.69,2911196.000,199.22,2237892.000,503.91,1675099.750,386.72,1422503.375,1019.53,1193807.125,281.25,1136706.375,222.66,983798.687,1207.03,824697.500
CAL_WIN,5142,41,D4,3,2131.435,6307.746,120.0,-6334.0,5056.0,10.118,1045.33,909.85,2074.22,0.513739,1518674.875,7128419.500,21007954.000,23022048.000,16684630.000,7176145.000,304.69,3014735.750,199.22,2252734.250,386.72,1438433.750,492.19,1317306.250,1019.53,1281842.750,1207.03,849926.000,574.22,717753.500,796.87,717171.562
CAL_WIN,5160,41,D4,3,2071.036,5134.485,121.0,-5207.0,5056.0,10.099,1037.86,912.08,2074.22,0.511882,1425967.250,6830663.500,20662898.000,21493718.000,15394425.000,6797553.500,304.69,3108429.500,199.22,2243421.500,386.72,1431288.375,1019.53,1348191.625,492.19,1232591.750,1207.03,854227.000,257.81,805947.750,574.22,693169.437
CAL_WIN,5281,41,D4,3,2021.283,5092.259,126.0,-4476.0,5056.0,10.082,1038.81,916.69,2085.94,0.502947,1298163.375,6367034.000,19614612.000,19899604.000,14086006.000,6429339.500,304.69,3156763.750,199.22,2196819.750,386.72,1406623.875,1019.53,1392348.250,492.19,1166518.000,1207.03,843943.812,257.81,674272.875,796.87,649335.937
CAL_WIN,5300,41,D4,3,1974.691,5121.141,122.0,-4476.0,5056.0,10.068,1039.43,921.37,2097.66,0.494205,1187300.125,5840014.000,18561446.000,18656064.000,12806242.000,6118395.500,304.69,3113881.750,210.94,2166868.750,1019.53,1413709.250,386.72,1355792.375,492.19,1130213.875,1207.03,824044.500,796.87,637593.500,574.22,593703.687
CAL_WIN,5318,41,D4,3,1923.715,5091.120,125.0,-4476.0,5056.0,10.057,1031.35,920.60,2085.94,0.490135,1150271.875,5326213.500,18344616.000,17985210.000,11902947.000,5873850.500,304.69,2961334.250,210.94,2199102.500,1019.53,1408530.250,386.72,1297630.125,492.19,1128828.750,1207.03,799986.250,796.87,630475.687,574.22,521721.750
CAL_WIN,5337,41,D4,3,1884.392,5085.810,122.0,-4476.0,5056.0,10.046,1011.24,914.21,2074.22,0.485677,1146381.125,4860619.500,19294214.000,18056196.000,11172007.000,5780094.000,292.97,3027811.750,210.94,2070256.750,1019.53,1372558.750,386.72,1230965.750,492.19,1161783.625,1207.03,776613.312,796.87,617390.812,246.09,506621.406
CAL_WIN,5356,41,D4,3,1819.068,5095.262,114.0,-4476.0,5056.0,10.033,994.26,905.98,2027.34,0.484007,1111262.500,4429703.500,20502332.000,18285262.000,10843968.000,5762313.000,292.97,2975232.000,210.94,1798271.750,1019.53,1305549.750,492.19,1223514.625,386.72,1156734.875,1207.03,751636.875,246.09,691891.937,796.87,586138.000
CAL_WIN,5374,41,D4,3,1804.174,5068.585,113.0,-4366.0,5056.0,10.012,991.41,895.89,1992.19,0.489750,1031175.375,3939893.500,20992140.000,18549454.000,11153408.000,5669859.000,292.97,2811134.750,210.94,1445776.750,492.19,1296784.750,1019.53,1214500.625,386.72,1064924.625,246.09,835549.875,1207.03,717430.687,527.34,590731.250
CAL_WIN,5393,41,D4,3,1765.487,4711.794,117.0,-4366.0,4711.0,9.982,999.17,884.96,1933.59,0.483631,913317.812,3455700.000,20534750.000,18717422.000,11820685.000,5422335.500,292.97,2581305.750,222.66,1435629.125,492.19,1357967.000,199.22,1203036.875,1019.53,1107190.625,386.72,946534.562,527.34,728707.250,1207.03,666468.625
CAL_WIN,5412,41,D4,3,1729.997,4585.136,120.0,-4366.0,4573.0,9.946,1013.02,874.31,1933.59,0.481094,797022.125,3136965.250,19193338.000,18823038.000,12657144.000,5054650.000,292.97,2327141.250,222.66,1406630.875,492.19,1394456.375,199.22,1008812.187,1019.53,988814.812,316.41,985800.250,386.72,835713.687,527.34,826970.187
CAL_WIN,5430,41,D4,3,1722.897,4363.714,113.0,-4366.0,3996.0,9.909,1027.73,867.20,1921.88,0.482846,708477.875,3108991.750,17338540.000,18553578.000,13435749.000,4659454.000,292.97,2116341.750,492.19,1399024.750,222.66,1292002.250,199.22,900354.562,1019.53,864670.937,316.41,839126.500,386.72,753014.375,691.41,552618.000
CAL_WIN,5449,41,D4,3,1685.849,4338.489,121.0,-4366.0,3996.0,9.879,1038.08,869.14,1933.59,0.496051,707421.312,3249506.750,15861928.000,17886780.000,13872870.000,4410545.500,292.97,1989413.000,503.91,1670385.750,222.66,1101252.250,199.22,906878.750,1019.53,745986.125,386.72,714575.375,316.41,683980.000,691.41,617226.437
CAL_WIN,5468,41,D4,3,1652.269,4332.134,123.0,-4366.0,3996.0,9.863,1044.02,876.25,1945.31,0.502974,724881.187,3407157.250,14642707.000,17175450.000,13785665.000,4260751.500,503.91,2043658.375,292.97,1939648.125,199.22,991978.937,257.81,798278.875,386.72,711339.312,691.41,672162.812,1335.94,656208.125,1019.53,646066.312
CAL_WIN,5487,41,D4,3,1618.211,4139.140,128.0,-4168.0,3996.0,9.861,1054.05,887.13,1980.47,0.500858,750557.687,3462015.500,13276524.000,16626666.000,13246869.000,4221648.000,503.91,2369509.750,292.97,1919553.875,199.22,1089623.875,386.72,718407.937,691.41,711916.937,1335.94,702572.625,257.81,625184.187,1019.53,569822.937
CAL_WIN,5505,41,D4,3,1580.887,4121.212,134.0,-4168.0,3996.0,9.867,1067.54,897.89,2015.63,0.496916,748782.062,3378888.000,12057522.000,16495507.000,12475292.000,4306107.000,503.91,2622695.000,292.97,1879835.625,199.22,1161107.250,691.41,736934.875,1335.94,726244.125,386.72,724147.187,808.59,521656.406,1019.53,518972.031
CAL_WIN,5524,41,D4,3,1539.430,4018.917,135.0,-3642.0,3996.0,9.873,1083.14,904.45,2050.78,0.496858,723671.875,3181732.500,11069251.000,16795098.000,11804326.000,4452523.500,503.91,2795109.250,292.97,1813544.375,199.22,1185277.625,691.41,747147.750,1335.94,731307.625,386.72,717190.750,808.59,524353.062,1019.53,492574.938
CAL_WIN,5543,41,D4,3,1498.584,4011.584,138.0,-3428.0,3996.0,9.872,1099.23,905.78,2085.94,0.500584,694274.562,2944573.250,10338060.000,17225790.000,11480098.000,4558373.500,503.91,2891885.250,292.97,1725615.625,199.22,1170133.875,691.41,746787.062,1335.94,720843.625,386.72,703003.437,808.59,512742.938,1019.53,486033.125
CAL_WIN,5561,41,D4,3,1464.436,4004.204,136.0,-3428.0,3996.0,9.860,1105.07,900.51,2085.94,0.503846,682895.500,2802227.750,9859963.000,17571896.000,11332215.000,4527016.500,503.91,2926513.750,292.97,1649032.875,199.22,1119663.000,691.41,741367.187,1335.94,697754.500,386.72,678536.250,1019.53,489748.531,796.87,485733.750
CAL_WIN,5580,41,D4,3,1450.728,4029.525,137.0,-3428.0,3996.0,9.838,1101.37,891.36,2074.22,0.501920,741711.125,2779167.250,9236398.000,17699548.000,11102474.000,4340214.000,503.91,2919555.000,292.97,1588340.625,199.22,1061309.125,691.41,734165.000,1335.94,665235.500,386.72,651610.000,1019.53,498189.656,796.87,440540.969
CAL_WIN,5599,41,D4,3,1430.693,4016.702,135.0,-3428.0,3996.0,9.811,1094.42,880.26,2027.34,0.493409,767157.500,2761366.750,8473659.000,17479116.000,10718915.000,4045615.750,503.91,2884646.000,292.97,1527793.125,199.22,1015802.062,691.41,724076.437,386.72,631258.437,1335.94,630128.125,1019.53,502929.500,878.91,449559.719
CAL_WIN,5617,41,D4,3,1415.651,4028.482,134.0,-3428.0,3996.0,9.782,1083.00,870.64,2003.91,0.478482,751809.375,2699992.250,7828300.500,16976650.000,10058385.000,3729891.750,503.91,2833131.500,292.97,1470585.000,199.22,980236.937,691.41,708601.875,386.72,606181.562,1335.94,591996.875,1019.53,498857.313,878.91,447758.969
CAL_WIN,5636,41,D4,3,1405.229,4009.823,125.0,-3428.0,3996.0,9.757,1071.47,866.26,1957.03,0.470366,706442.437,2591576.000,7471017.500,16281333.000,9365933.000,3487345.750,503.91,2776859.500,292.97,1410068.000,199.22,963290.625,691.41,687279.500,386.72,579557.000,1335.94,553399.500,1019.53,490040.063,878.91,434850.906
CAL_WIN,5655,41,D4,3,1392.649,3972.277,125.0,-3428.0,3959.0,9.736,1065.45,867.54,1933.59,0.459023,652095.625,2452878.750,7290525.500,15501685.000,8806075.000,3350939.250,503.91,2715182.500,292.97,1361103.250,199.22,953755.125,691.41,664403.062,386.72,552658.187,1335.94,512986.531,1019.53,481191.094,878.91,415695.594
CAL_WIN,5674,41,D4,3,1354.751,3432.369,117.0,-3428.0,3344.0,9.719,1063.75,873.33,1921.88,0.446749,606621.250,2397356.500,7200574.500,14728877.000,8440952.000,3283115.000,503.91,2651020.750,292.97,1325376.375,199.22,950768.562,691.41,644093.187,386.72,537823.250,1019.53,477917.156,1335.94,472501.313,878.91,395364.031
CAL_WIN,5692,41,D4,3,1343.314,3449.867,119.0,-3428.0,3344.0,9.705,1061.65,875.68,1921.88,0.447562,599567.875,2413246.250,7303831.500,14317665.000,8374180.500,3225554.750,503.91,2583681.000,292.97,1310199.000,199.22,944445.125,691.41,628388.375,386.72,530584.937,1019.53,487820.313,1335.94,431457.594,890.62,380225.188
CAL_WIN,5711,41,D4,3,1316.258,3444.823,117.0,-3428.0,2814.0,9.691,1054.25,869.16,1921.88,0.469291,701009.437,2529711.250,7287915.500,14723112.000,8356288.000,3137265.500,503.91,2518641.750,292.97,1308447.125,199.22,939437.437,691.41,619192.000,386.72,532652.750,1019.53,511639.813,890.62,400343.250,1335.94,391069.563
CAL_WIN,5730,41,D4,3,1280.035,3466.660,115.0,-3428.0,2539.0,9.679,1043.10,860.06,1910.16,0.469599,798057.750,2620311.000,7233271.500,15096553.000,8160173.500,2998365.000,503.91,2461167.750,292.97,1318353.250,199.22,934548.750,691.41,613919.500,1019.53,543289.062,386.72,533251.500,890.62,402894.938,796.87,396585.656
CAL_WIN,5748,41,D4,3,1262.467,3217.933,114.0,-3192.0,2539.0,9.671,1026.85,849.11,1898.44,0.455865,847232.312,2642604.250,7237748.000,15385830.000,7775755.000,2810296.000,503.91,2419554.500,292.97,1320592.000,199.22,936320.812,691.41,611791.625,1019.53,571709.000,386.72,534504.312,796.87,396487.406,328.12,394655.594
CAL_WIN,5767,41,D4,3,1253.570,3004.252,119.0,-2985.0,2539.0,9.668,1008.73,841.06,1875.00,0.441776,838874.937,2586538.500,7424782.000,15429526.000,7312374.500,2627737.500,503.91,2395695.250,292.97,1314057.750,199.22,933543.250,691.41,609799.062,1019.53,590353.375,386.72,530647.687,1207.03,393024.750,796.87,372589.938
CAL_WIN,5786,41,D4,3,1245.530,2864.947,117.0,-2867.0,2539.0,9.670,995.64,838.89,1863.28,0.427068,775485.125,2481588.750,7699666.500,15129403.000,6928297.000,2510731.750,503.91,2390403.750,292.97,1294268.250,199.22,928187.500,691.41,608703.437,1019.53,596263.375,386.72,527350.500,1207.03,392528.563,796.87,329527.281
CAL_WIN,5804,41,D4,3,1234.323,2851.979,115.0,-2867.0,2678.0,9.672,994.78,845.69,1875.00,0.439181,664313.375,2452120.500,7839248.000,14648665.000,6743594.500,2530433.750,503.91,2395639.000,292.97,1271041.250,199.22,912201.125,691.41,608906.812,1019.53,582069.875,386.72,520090.000,1207.03,372308.313,1335.94,309116.375
CAL_WIN,5823,41,D4,3,1223.978,2856.580,111.0,-2867.0,2678.0,9.671,1003.86,856.09,1898.44,0.450431,529397.750,2441840.000,7734628.000,14178220.000,6707233.500,2629305.250,503.91,2404601.250,292.97,1240061.625,199.22,890724.000,691.41,616284.312,1019.53,548306.312,386.72,514738.500,1207.03,339336.969,1335.94,336116.031
CAL_WIN,5842,41,D4,3,1213.237,2837.948,116.0,-2867.0,2678.0,9.666,1014.81,864.47,1933.59,0.448170,421315.563,2442568.250,7456927.500,13819174.000,6747628.500,2742961.250,503.91,2407915.250,304.69,1211087.125,199.22,861069.062,691.41,632243.875,386.72,504616.250,1019.53,503255.031,1335.94,369784.625,609.37,301497.188
CAL_WIN,6039,41,D4,3,1194.001,2733.747,114.0,-2758.0,2678.0,9.657,1017.13,867.74,1933.59,0.452381,436398.469,2447364.000,7290973.500,13674756.000,6785052.500,2826193.250,503.91,2401389.250,292.97,1172495.875,199.22,833226.500,691.41,659278.750,386.72,490367.250,1019.53,458798.094,1335.94,405049.469,597.66,312978.094
CAL_WIN,6058,41,D4,3,1183.505,2676.597,110.0,-2408.0,2678.0,9.646,1014.25,865.33,1921.88,0.461055,536545.562,2389042.500,7190214.500,13772102.000,6790574.000,2859732.250,503.91,2370235.000,292.97,1146634.250,199.22,810246.625,691.41,687225.625,386.72,472301.000,1335.94,433957.563,1019.53,421417.563,597.66,330183.219
CAL_WIN,6077,41,D4,3,1191.903,2651.239,105.0,-2408.0,2678.0,9.634,1008.44,856.86,1863.28,0.460804,627762.812,2240362.500,7283584.500,14172081.000,6782107.000,2851505.000,503.91,2298789.250,292.97,1112870.125,199.22,785495.812,691.41,704057.250,398.44,455606.781,1335.94,447317.938,1019.53,393021.094,328.12,349118.656
CAL_WIN,6095,41,D4,3,1192.472,2634.183,100.0,-2408.0,2678.0,9.624,995.24,844.95,1828.13,0.461021,700195.000,2066936.500,7722907.000,14603310.000,6730595.000,2792859.750,503.91,2172586.750,292.97,1076429.000,210.94,793563.437,691.41,698518.187,398.44,469833.719,1335.94,439417.344,328.12,385158.031,1019.53,375986.563
CAL_WIN,6114,41,D4,3,1202.142,2613.212,97.0,-2408.0,2678.0,9.614,974.11,831.90,1769.53,0.456096,765315.375,1955022.750,8527051.000,14793258.000,6654189.500,2708449.250,503.91,1985495.750,292.97,1043097.125,210.94,846572.437,691.41,666137.312,398.44,506737.156,328.12,424074.906,1335.94,412417.063,1019.53,368638.406
CAL_WIN,6133,41,D4,3,1218.337,2630.056,94.0,-2266.0,2678.0,9.607,945.91,819.27,1699.22,0.443507,858777.312,2008898.250,9487560.000,14607406.000,6556298.000,2593467.750,515.62,1809244.000,292.97,1055828.375,210.94,933353.875,691.41,607741.437,398.44,560292.625,328.12,465202.188,246.09,397837.063,128.91,375874.625
CAL_WIN,6152,41,D4,3,1233.838,2655.662,96.0,-2266.0,2678.0,9.603,910.58,808.90,1675.78,0.438217,981807.625,2320523.750,10560903.000,14042370.000,6380862.500,2464364.250,515.62,1662404.625,292.97,1147690.875,210.94,1051540.625,316.41,646877.937,398.44,626761.625,691.41,526157.250,257.81,432786.781,128.91,368396.594
CAL_WIN,6170,41,D4,3,1249.806,2677.747,98.0,-2270.0,2678.0,9.608,873.49,798.03,1628.91,0.416816,1093114.375,2722040.250,11659315.000,13223751.000,6173057.000,2302392.750,515.62,1472866.000,292.97,1326668.625,210.94,1188667.000,316.41,804275.437,398.44,694517.125,257.81,450636.750,691.41,422244.188,1019.53,371192.781
CAL_WIN,6189,41,D4,3,1282.958,2829.132,100.0,-2546.0,2796.0,9.623,846.02,789.47,1570.31,0.399351,1167597.750,3073909.000,12442679.000,12452237.000,5964629.000,2150238.250,292.97,1563501.125,210.94,1338992.750,515.62,1256068.625,398.44,762091.500,246.09,426485.594,1019.53,383885.219,679.69,359263.219,796.87,282370.031
CAL_WIN,6208,41,D4,3,1324.386,3079.920,97.0,-2640.0,3045.0,9.651,832.57,793.66,1558.59,0.390730,1192547.500,3330316.500,12829561.000,11608659.000,5695624.000,2110948.750,292.97,1811477.000,210.94,1483333.375,515.62,1031756.500,398.44,821376.875,480.47,477489.813,1019.53,399368.313,246.09,378375.594,679.69,323769.219
CAL_WIN,6226,41,D4,3,1373.146,3417.514,90.0,-2742.0,3365.0,9.689,831.98,811.64,1570.31,0.384172,1166544.750,3545932.250,12913856.000,10679934.000,5422595.500,2197869.750,292.97,2054722.625,210.94,1617113.750,398.44,876268.625,515.62,822255.250,480.47,409950.688,1019.53,409681.250,257.81,305626.688,679.69,293314.156
CAL_WIN,6245,41,D4,3,1424.252,3437.516,76.0,-2793.0,3417.0,9.732,841.63,839.38,1628.91,0.407216,1109553.875,3784686.250,12820518.000,9956208.000,5182672.000,2408436.000,292.97,2266882.500,210.94,1725438.000,398.44,925799.937,515.62,646808.500,1019.53,412058.813,585.94,341649.625,480.47,335464.031,1207.03,277033.469
CAL_WIN,6264,41,D4,3,1472.163,3412.693,73.0,-2793.0,3417.0,9.778,852.70,861.37,1699.22,0.420589,1054840.000,4022975.250,12762958.000,9710834.000,5045422.500,2623162.750,292.97,2460546.250,210.94,1818810.750,398.44,975933.312,515.62,505888.906,1019.53,408834.250,585.94,395461.406,1207.03,289104.219,480.47,280120.219
CAL_WIN,6282,41,D4,3,1533.156,3395.246,66.0,-2899.0,3417.0,9.824,860.92,876.03,1722.66,0.409156,1020754.562,4197107.000,12973471.000,9638461.000,5022781.500,2796917.250,292.97,2629947.500,210.94,1893690.000,386.72,1057297.625,585.94,433775.188,1019.53,401008.813,515.62,395828.875,1207.03,302077.469,480.47,266647.875
CAL_WIN,6301,41,D4,3,1583.033,3359.155,62.0,-3026.0,3417.0,9.868,876.61,893.01,1769.53,0.405355,1018398.000,4332450.000,13401394.000,9810937.000,5178726.000,3051132.750,292.97,2798366.250,199.22,1973839.625,386.72,1131663.875,585.94,463132.813,1019.53,394037.531,503.91,360742.781,1207.03,317817.125,480.47,287640.969
CAL_WIN,6320,41,D4,3,1644.406,3376.240,58.0,-3093.0,3417.0,9.910,896.78,905.50,1851.56,0.421660,1012430.312,4492367.000,14128916.000,10371641.000,5631359.000,3375333.500,292.97,2953247.000,199.22,2085585.000,386.72,1196299.125,585.94,487692.844,1019.53,396460.438,503.91,350086.531,1207.03,335667.563,480.47,328544.750
CAL_WIN,6339,41,D4,3,1709.235,3351.438,54.0,-3093.0,3417.0,9.950,913.24,911.84,1863.28,0.432612,999930.625,4637362.000,14904199.000,10888382.000,6160778.500,3651974.500,292.97,3104600.000,199.22,2183092.750,386.72,1245183.000,585.94,504287.281,1019.53,411719.969,480.47,371773.281,1207.03,356311.000,503.91,326995.375
CAL_WIN,6357,41,D4,3,1762.786,3424.497,53.0,-3342.0,3417.0,9.985,917.97,912.64,1875.00,0.426955,992772.437,4798170.000,15681994.000,11162457.000,6552259.500,3813758.500,292.97,3217246.750,199.22,2278424.500,386.72,1309463.625,585.94,504268.438,492.19,445023.875,1019.53,435055.719,1207.03,374227.688,808.59,343435.813
CAL_WIN,6376,41,D4,3,1818.019,3674.383,53.0,-3637.0,3461.0,10.017,898.01,902.97,1828.13,0.412123,1004409.437,5175191.000,17037912.000,11379150.000,6723465.500,3843231.000,292.97,3241539.500,199.22,2356669.000,386.72,1385802.625,492.19,610872.250,574.22,517844.813,1019.53,457020.844,1207.03,385196.969,808.59,381646.531
CAL_WIN,6395,41,D4,3,1869.112,3686.869,51.0,-3637.0,3491.0,10.043,860.68,884.94,1722.66,0.396273,1108976.875,5699686.500,18882192.000,11602674.000,6725468.000,3779436.500,304.69,3401101.750,199.22,2409982.250,386.72,1477824.875,492.19,776587.875,574.22,543087.562,1019.53,471106.500,351.56,416187.063,808.59,395617.281
CAL_WIN,6413,41,D4,3,1909.410,3751.076,52.0,-3756.0,3491.0,10.066,825.25,867.90,1664.06,0.384190,1204081.000,6235112.500,20788102.000,11936537.000,6670026.500,3720599.000,304.69,3573128.000,199.22,2423058.500,386.72,1560525.250,492.19,943019.062,574.22,566693.375,257.81,524223.500,1019.53,476627.938,808.59,380219.406
CAL_WIN,6432,41,D4,3,1941.875,3748.485,51.0,-3756.0,3492.0,10.085,798.94,855.80,1582.03,0.371049,1242987.375,6682767.500,22300306.000,12163900.000,6573037.000,3707647.750,304.69,3718979.750,199.22,2413796.000,386.72,1627693.125,492.19,1101964.750,257.81,690261.937,574.22,574423.375,1019.53,475399.813,761.72,399933.938
CAL_WIN,6451,41,D4,3,1951.478,3753.168,51.0,-3756.0,3492.0,10.101,778.81,843.52,1535.16,0.351859,1214593.750,7010797.000,23136504.000,12182615.000,6492922.500,3603332.500,304.69,3817420.000,199.22,2391128.750,386.72,1666881.000,492.19,1243579.500,222.66,1120208.625,574.22,577262.625,1019.53,470417.406,761.72,412613.875
CAL_WIN,6469,41,D4,3,1965.721,3769.184,52.0,-3756.0,3492.0,10.113,762.98,833.16,1500.00,0.331346,1212032.625,7130653.500,23353724.000,12060870.000,6294111.000,3461259.000,304.69,3870277.250,199.22,2376190.500,386.72,1684854.375,492.19,1355346.375,222.66,1165783.625,574.22,570332.187,1019.53,465173.719,152.34,447167.094
CAL_WIN,6488,41,D4,3,1941.075,3815.314,51.0,-3756.0,3492.0,10.121,747.09,823.04,1453.13,0.324052,1324286.500,7072281.000,23595018.000,12039350.000,6044920.500,3341382.750,304.69,3879962.250,199.22,2372811.500,386.72,1682667.125,503.91,1527646.625,222.66,1166733.500,269.53,1124541.500,574.22,558917.625,1019.53,458654.219
CAL_WIN,6506,41,D4,3,1908.900,3786.807,50.0,-3756.0,3492.0,10.122,738.63,815.74,1417.97,0.319430,1377045.500,6816760.000,23740590.000,12173545.000,5900545.500,3264096.000,304.69,3843528.500,199.22,2357371.750,503.91,1681982.375,386.72,1655309.500,222.66,1141442.000,574.22,545167.750,164.06,486566.500,1019.53,448802.969
CAL_WIN,6525,41,D4,4,1869.965,3798.230,51.0,-3756.0,3492.0,10.114,744.60,819.32,1417.97,0.318508,1341254.625,6500106.500,23243448.000,12407664.000,5824354.000,3293622.000,304.69,3719983.750,199.22,2288386.500,503.91,1772709.250,386.72,1582735.250,164.06,536019.562,574.22,516291.500,1019.53,436128.719,761.72,379890.344
CAL_WIN,6544,41,D4,4,1824.070,3748.288,51.0,-3756.0,3492.0,10.094,765.64,834.28,1488.28,0.351084,1236310.375,6193577.000,22113686.000,12621952.000,5867261.000,3422380.000,304.69,3498144.250,199.22,2138104.000,503.91,1795879.625,386.72,1456424.750,246.09,579285.125,164.06,547024.000,339.84,505072.406,574.22,473797.031
CAL_WIN,6562,41,D4,4,1769.894,3742.640,51.0,-3756.0,3492.0,10.059,783.38,846.37,1523.44,0.376626,1229331.250,5976896.000,20835168.000,12660939.000,5875451.000,3483729.500,304.69,3165877.250,210.94,1986760.250,503.91,1753939.500,386.72,1282382.500,339.84,533082.250,164.06,527722.500,246.09,485469.656,574.22,419956.344
CAL_WIN,6581,41,D4,4,1699.160,3737.460,53.0,-3756.0,3492.0,10.007,787.95,850.61,1546.88,0.395105,1288161.625,5765029.000,20170102.000,12391255.000,5767679.500,3451203.500,292.97,2803701.250,210.94,1973042.250,503.91,1656052.125,398.44,1105861.125,339.84,547812.375,246.09,426849.531,691.41,420678.313,574.22,358881.563
CAL_WIN,6703,41,D4,4,1621.639,3704.441,55.0,-3756.0,3492.0,9.937,787.48,851.81,1558.59,0.393207,1307653.625,5516511.500,19353218.000,11852313.000,5523001.000,3335045.000,292.97,2666581.750,210.94,1822335.000,503.91,1518435.500,187.50,1187023.125,398.44,965281.375,691.41,403667.844,1019.53,309147.875,597.66,305197.781
CAL_WIN,6721,41,D4,4,1536.991,3730.530,64.0,-3756.0,3492.0,9.849,788.93,855.14,1558.59,0.407882,1276356.375,5126838.000,18009302.000,11120009.000,5150772.000,3158678.250,292.97,2402072.250,210.94,1585583.250,503.91,1355448.875,187.50,1106939.750,398.44,770176.437,257.81,531886.812,691.41,359434.219,597.66,320640.781
CAL_WIN,6740,41,D4,4,1443.965,3712.902,68.0,-3756.0,3492.0,9.744,788.48,856.83,1570.31,0.408110,1218066.750,4600763.000,16088975.000,10116067.000,4619546.500,2864033.750,292.97,2080831.750,222.66,1429968.750,503.91,1176596.875,187.50,970663.937,328.12,788144.937,410.16,657615.937,375.00,525996.750,597.66,308491.125
CAL_WIN,6759,41,D4,4,1344.429,3676.475,102.0,-3756.0,3492.0,9.623,784.41,856.37,1558.59,0.406124,1158980.625,4081272.750,13793281.000,8930483.000,3970928.250,2484451.250,292.97,1748273.750,222.66,1326604.125,503.91,992052.812,187.50,797765.375,328.12,767935.625,410.16,542595.187,375.00,464984.406,152.34,404996.375
CAL_WIN,6778,41,D4,4,1234.663,3706.694,101.0,-3756.0,3492.0,9.487,769.63,849.82,1535.16,0.404821,1077026.500,3915678.250,11559588.000,7706589.500,3283436.250,2079964.250,292.97,1412533.625,222.66,1139654.000,503.91,816318.187,328.12,666572.750,187.50,635616.937,152.34,415710.094,410.16,413261.281,375.00,382327.375
CAL_WIN,6796,41,D4,4,1112.651,3693.279,93.0,-3756.0,3492.0,9.337,751.54,838.89,1441.41,0.390114,949922.500,3571889.500,9666340.000,6411210.000,2646994.750,1677294.375,292.97,1101571.875,222.66,915414.812,503.91,654877.937,328.12,530618.625,152.34,396540.188,410.16,290503.500,375.00,285735.969,597.66,210781.203
CAL_WIN,6815,41,D4,4,985.237,3524.101,128.0,-3352.0,3492.0,9.171,734.34,825.93,1394.53,0.381658,783899.562,3143734.750,7992481.500,5173133.000,2134289.750,1311939.000,292.97,820094.750,210.94,687449.062,503.91,508825.000,257.81,428771.938,152.34,336577.906,375.00,208602.453,410.16,189436.875,597.66,173649.031
CAL_WIN,6834,41,D4,4,850.192,3476.789,150.0,-3334.0,3469.0,8.982,722.73,817.94,1359.38,0.362180,604469.937,2702284.250,6356844.000,4039559.250,1684544.625,1011324.937,304.69,649245.187,210.94,537007.562,503.91,381092.625,257.81,355982.500,386.72,190239.281,597.66,139395.000,433.59,129697.250,867.19,117138.797
CAL_WIN,6852,41,D4,4,737.152,3322.250,163.0,-3334.0,3191.0,8.761,717.63,816.85,1347.66,0.358001,443595.844,2203417.250,4936407.000,3054087.500,1292289.125,778030.937,304.69,495548.000,199.22,417647.500,234.37,336397.531,128.91,301618.844,503.91,273870.375,386.72,164026.812,445.31,106560.437,597.66,104486.219
CAL_WIN,6871,41,D4,4,581.558,2162.561,185.0,-2168.0,1766.0,8.499,717.40,820.98,1347.66,0.354844,328548.250,1664870.000,3713278.250,2212232.500,960371.250,587549.062,316.41,349058.625,199.22,306062.063,246.09,302067.406,503.91,187038.016,175.78,159915.828,152.34,152415.187,527.34,129486.836,386.72,125501.680
CAL_WIN,6890,41,D4,4,506.104,2146.528,202.0,-2168.0,1448.0,8.203,730.09,838.89,1371.09,0.375779,266155.094,1154127.000,2710421.000,1528988.000,711488.312,449915.250,246.09,238675.187,316.41,236038.516,281.25,217184.219,199.22,212036.687,175.78,128693.055,503.91,122889.687,152.34,111305.695,527.34,97685.898
CAL_WIN,6909,41,D4,4,420.556,2144.640,219.0,-2149.0,1448.0,7.913,756.66,876.26,1488.28,0.399824,244332.297,778891.750,1972646.500,1036257.062,542843.000,369293.750,281.25,180190.484,304.69,173057.594,246.09,166089.875,199.22,150692.312,128.91,117088.055,339.84,86524.492,175.78,86267.953,152.34,78492.211
CAL_WIN,6927,41,D4,4,344.677,1589.164,276.0,-1582.0,1448.0,7.707,779.56,915.09,1652.34,0.423733,242114.312,593826.250,1518632.000,772391.750,451654.031,324639.625,304.69,154584.281,210.94,153884.625,281.25,134270.422,246.09,111313.484,128.91,88049.289,398.44,67150.375,339.84,60301.512,175.78,58046.566
CAL_WIN,6946,41,D4,4,247.881,1427.499,260.0,-1195.0,1448.0,7.619,794.12,943.92,1769.53,0.428935,236967.562,532370.062,1271930.500,626492.812,402381.125,299380.063,210.94,155604.016,304.69,148084.828,140.62,79079.922,234.37,72137.797,398.44,65183.059,175.78,55532.371,515.62,45807.250,339.84,44600.219
CAL_WIN,6965,41,D4,4,160.149,1026.956,281.0,-384.0,1043.0,7.589,799.38,956.94,1828.13,0.426145,220114.703,508288.938,1180534.000,559110.562,369925.656,286517.250,292.97,158667.266,210.94,144893.266,140.62,79342.992,398.44,62463.840,175.78,59384.297,515.62,53331.602,339.84,42526.137,585.94,23746.449
CAL_WIN,6983,41,D4,4,119.002,427.396,323.0,-350.0,431.0,7.565,801.44,965.10,1851.56,0.427277,194098.859,520780.469,1154372.250,535580.625,347197.000,285132.531,292.97,156261.016,210.94,123572.203,140.62,73784.336,175.78,62254.023,398.44,56391.801,515.62,55369.906,339.84,46975.945,257.81,32294.084
CAL_WIN,7002,41,D4,4,111.185,285.649,319.0,-276.0,291.0,7.531,818.64,979.49,1921.88,0.439153,168471.750,522661.156,1120979.250,534976.187,336371.719,293481.781,292.97,148416.969,222.66,110030.469,199.22,104938.414,140.62,66269.070,175.78,63419.957,515.62,56565.004,386.72,52930.305,339.84,49132.363
CAL_WIN,7021,41,D4,4,110.579,285.635,330.0,-276.0,291.0,7.492,841.47,995.13,2003.91,0.452212,153669.937,515089.125,1087706.000,546520.250,335646.844,304867.938,292.97,139707.531,222.66,108005.773,199.22,99252.133,515.62,57234.516,140.62,57190.926,386.72,48492.516,257.81,29079.648,761.72,18627.363
CAL_WIN,7040,41,D4,4,108.926,284.788,336.0,-276.0,291.0,7.459,865.91,1005.69,2039.06,0.476435,137466.297,520180.875,1037517.375,568859.187,345228.250,313547.375,292.97,131659.328,222.66,99007.094,316.41,98134.039,187.50,96720.789,515.62,57014.430,140.62,48523.527,386.72,44782.277,410.16,36394.949
CAL_WIN,7058,41,D4,4,110.462,284.046,332.0,-276.0,291.0,7.445,883.84,1009.58,2062.50,0.480403,120447.719,516553.156,1007665.875,584523.437,354698.844,318050.875,292.97,128513.578,316.41,104466.422,187.50,96402.227,222.66,86561.031,515.62,55507.055,386.72,43770.965,140.62,41085.391,410.16,40179.445
CAL_WIN,7077,41,D4,4,110.881,282.280,323.0,-276.0,285.0,7.456,880.41,999.73,2039.06,0.477498,108953.008,503479.531,1059187.625,603591.750,360081.656,319114.125,292.97,132873.047,316.41,104759.484,199.22,99798.633,222.66,73423.367,246.09,57217.230,503.91,53872.133,386.72,46667.789,128.91,44534.586
CAL_WIN,7096,41,D4,4,105.434,280.748,331.0,-276.0,285.0,7.486,867.26,987.23,2015.63,0.466371,111020.359,498069.875,1115987.625,615448.437,361937.375,318055.813,292.97,144003.391,199.22,107548.727,316.41,98508.555,164.06,64470.980,246.09,63325.633,503.91,54150.250,386.72,52149.410,128.91,42206.793
CAL_WIN,7115,41,D4,4,106.557,282.684,320.0,-276.0,285.0,7.523,854.78,979.46,1968.75,0.455542,120832.250,505001.000,1146696.750,609272.812,361845.313,318002.125,292.97,156917.969,199.22,115550.109,164.06,71953.594,246.09,64344.242,386.72,59044.965,503.91,50993.738,140.62,38035.125,351.56,32649.457
CAL_WIN,7133,41,D4,4,105.806,284.370,324.0,-276.0,285.0,7.553,844.74,974.70,1945.31,0.448889,131823.203,519373.031,1159019.125,593124.562,362896.344,317825.250,292.97,166165.703,199.22,119988.195,164.06,72260.906,257.81,66562.031,386.72,65368.273,503.91,44677.316,351.56,30853.559,574.22,27767.768
CAL_WIN,7152,41,D4,4,101.663,270.871,309.0,-211.0,285.0,7.567,839.81,973.74,1945.31,0.445469,137377.156,538931.250,1150043.875,576335.375,365698.781,316661.094,292.97,169086.875,199.22,119558.937,257.81,72067.344,386.72,70254.031,164.06,65423.797,515.62,38985.898,574.22,30108.434,351.56,27910.861
CAL_WIN,7171,41,D4,4,102.404,272.831,310.0,-211.0,285.0,7.565,838.31,975.03,1945.31,0.446408,134930.578,571326.687,1119086.250,558379.312,369018.563,314237.969,304.69,176555.906,199.22,114760.937,257.81,73860.695,386.72,72954.414,152.34,62711.863,515.62,36571.848,339.84,32406.406,574.22,31396.066
CAL_WIN,7189,41,D4,4,100.728,274.922,316.0,-211.0,285.0,7.547,841.25,976.54,1968.75,0.445311,126858.570,592239.500,1084909.250,537703.312,374233.000,310244.750,304.69,181804.953,199.22,107082.797,386.72,72632.398,257.81,70733.641,140.62,65699.398,339.84,35098.836,515.62,34354.832,574.22,31349.486
CAL_WIN,7208,41,D4,4,103.843,280.119,264.0,-226.0,285.0,7.520,844.54,978.43,1992.19,0.451321,123122.500,594213.187,1061977.500,517766.406,374278.531,307743.375,304.69,182463.922,199.22,99235.031,140.62,75674.906,386.72,69921.000,257.81,63619.508,222.66,56784.363,515.62,32027.773,574.22,30367.844
CAL_WIN,7227,41,D4,4,105.262,280.674,257.0,-226.0,285.0,7.490,852.39,981.72,2015.63,0.462446,115187.312,580135.437,1020093.937,512316.906,366062.031,303606.719,304.69,177697.922,199.22,94238.422,140.62,83384.055,386.72,66167.914,222.66,58408.133,257.81,53296.207,515.62,29792.314,574.22,28398.875
CAL_WIN,7246,41,D4,4,106.240,275.882,281.0,-226.0,285.0,7.461,862.16,988.65,2039.06,0.466982,101987.687,556789.250,982976.375,501919.688,352178.031,300414.875,304.69,167093.453,199.22,93332.852,140.62,87301.539,386.72,62225.145,222.66,57838.313,269.53,56868.391,515.62,28259.352,574.22,25940.994
CAL_WIN,7367,41,D4,4,109.086,277.563,250.0,-244.0,285.0,7.440,863.03,993.86,2039.06,0.464474,102429.602,529118.312,972611.500,489436.063,335916.844,296925.500,304.69,151539.719,199.22,96078.125,140.62,87594.977,375.00,62542.551,222.66,55013.711,269.53,51428.758,515.62,27789.992,562.50,27346.545
CAL_WIN,7385,41,D4,4,110.464,279.253,228.0,-255.0,285.0,7.431,858.76,996.00,2015.63,0.463750,124688.625,498778.719,970274.812,491678.625,325134.688,293366.156,292.97,137503.328,199.22,97906.047,140.62,85100.852,375.00,65802.187,515.62,28124.014,562.50,28002.855,480.47,21174.990,421.87,18636.316
CAL_WIN,7404,41,D4,4,107.481,258.588,248.0,-255.0,262.0,7.438,852.17,996.29,2003.91,0.464534,164045.531,464091.938,981145.812,509894.719,324523.531,291395.375,292.97,147385.250,199.22,95456.758,140.62,79317.680,375.00,67372.016,328.12,55850.867,257.81,40023.793,515.62,28848.217,562.50,27518.412
CAL_WIN,7423,41,D4,4,148.304,758.318,255.0,-503.0,770.0,7.463,843.89,993.30,1945.31,0.463285,205734.672,424080.688,1044728.250,537539.312,336720.688,293709.906,292.97,149120.750,210.94,97496.828,140.62,71559.781,375.00,66551.836,328.12,57858.160,257.81,50485.273,515.62,29538.445,562.50,25380.867
CAL_WIN,7442,41,D4,4,284.296,1680.822,235.0,-1668.0,1055.0,7.515,832.68,988.47,1886.72,0.454209,235800.406,416851.563,1153558.500,569992.500,359961.563,303358.063,281.25,144101.891,210.94,112337.914,187.50,84381.414,328.12,61559.980,375.00,60046.895,140.62,51725.863,515.62,30689.953,421.87,27854.846
CAL_WIN,7460,41,D4,4,1032.702,10538.537,277.0,-10608.0,6627.0,7.670,820.98,978.75,1886.72,0.446362,254843.078,614201.437,1344432.500,660910.000,441277.938,363082.563,281.25,163384.312,210.94,141799.344,187.50,128929.391,152.34,86051.992,128.91,83484.242,328.12,78941.555,386.72,63994.336,363.28,48602.078
CAL_WIN,7479,41,D4,4,2904.538,23395.803,217.0,-23413.0,23041.0,8.139,986.24,979.87,2121.09,0.536656,317645.531,1318315.875,1944563.125,2286077.000,1376217.375,981717.812,187.50,215419.109,281.25,203247.734,210.94,184401.453,328.12,148620.500,152.34,138919.516,128.91,125553.516,609.37,110939.008,515.62,104796.430
CAL_WIN,7498,41,D4,4,4084.699,23401.643,219.0,-23413.0,23041.0,8.969,1059.80,957.50,2144.53,0.564612,613160.937,2750680.000,5064610.000,7646442.500,4345056.500,2825236.500,187.50,454301.531,328.12,423605.250,281.25,414888.219,609.37,363770.031,585.94,334067.406,257.81,257427.250,480.47,205492.375,410.16,152209.906
CAL_WIN,7517,41,D4,4,4453.363,23288.242,205.0,-23413.0,23041.0,9.691,1026.85,940.39,2074.22,0.546450,1265746.250,5014901.000,13591854.000,16943688.000,9149996.000,5951462.000,281.25,996722.000,328.12,916026.250,187.50,874445.312,585.94,786284.437,257.81,783830.250,480.47,441419.281,410.16,356021.594,1195.31,325764.313
CAL_WIN,7535,41,D4,5,4704.307,23261.203,157.0,-23413.0,23041.0,10.213,1002.73,930.63,2027.34,0.536400,2074128.125,7991738.000,25871882.000,30207110.000,15369099.000,10073212.000,281.25,1904643.500,199.22,1513940.000,257.81,1503860.750,585.94,1355777.500,492.19,797012.750,433.59,725267.750,1183.59,600829.187,773.44,537550.750
CAL_WIN,7554,41,D4,5,4801.104,23237.301,108.0,-23413.0,23041.0,10.590,988.62,927.03,2003.91,0.529395,2913258.000,11710063.000,40194056.000,45756660.000,22452288.000,14748422.000,292.97,3199812.500,199.22,2433428.250,585.94,1992304.125,503.91,1414940.125,433.59,1112475.750,1183.59,907054.375,773.44,860653.437,679.69,844766.562
CAL_WIN,7573,41,D4,5,4903.297,23283.182,188.0,-23413.0,23041.0,10.860,981.44,927.38,1968.75,0.524639,3675624.750,15777393.000,54680912.000,61453948.000,29632622.000,19490214.000,292.97,4710726.500,199.22,3426508.500,585.94,2574415.750,503.91,2263351.000,410.16,1476586.750,445.31,1465191.625,773.44,1216831.500,1183.59,1190802.375
CAL_WIN,7592,41,D4,5,4971.956,23308.164,191.0,-23413.0,23041.0,11.048,976.52,928.42,1957.03,0.528150,4534511.000,19641574.000,67512712.000,75184904.000,36165368.000,23613222.000,292.97,6197816.000,199.22,4360062.500,503.91,3242509.750,585.94,3022896.500,410.16,1831122.375,445.31,1795084.750,773.44,1560247.000,691.41,1501293.875
CAL_WIN,7611,41,D4,5,5044.354,23298.734,188.0,-23413.0,23041.0,11.168,973.81,929.94,1945.31,0.531743,5365653.500,22628950.000,77033192.000,85147688.000,41188696.000,26555370.000,292.97,7420675.500,199.22,5114717.500,503.91,4256936.500,585.94,3256345.500,398.44,2182742.250,445.31,2038651.625,773.44,1823100.125,1031.25,1797647.250
CAL_WIN,7629,41,D4,5,5099.102,23331.371,178.0,-23413.0,23041.0,11.227,974.18,932.85,1968.75,0.529690,5937879.000,24307816.000,81869456.000,89864136.000,44066180.000,28032596.000,292.97,8152927.000,210.94,5651802.000,503.91,5202777.000,585.94,3231314.750,398.44,2495574.000,1031.25,2150491.500,445.31,2146256.000,773.44,1967674.750
CAL_WIN,7648,41,D4,5,5142.776,23372.410,156.0,-23413.0,23041.0,11.232,978.74,937.33,1992.19,0.526354,6176953.500,24443762.000,81377288.000,88809160.000,44778976.000,27919788.000,304.69,8403425.000,503.91,5970190.000,199.22,5821871.500,597.66,3002466.250,398.44,2665808.500,1031.25,2401236.250,445.31,2098127.250,691.41,2049754.500
CAL_WIN,7667,41,D4,5,5175.059,23375.379,151.0,-23413.0,23041.0,11.186,989.14,943.49,2015.63,0.525556,6074962.500,23055218.000,75759048.000,82667576.000,43574540.000,26383790.000,304.69,8279518.000,503.91,6462489.500,199.22,5739530.000,398.44,2659723.000,597.66,2587852.750,574.22,2520899.000,1031.25,2503927.500,339.84,2414992.500
CAL_WIN,7685,41,D4,5,5213.336,23384.270,151.0,-23413.0,23041.0,11.092,1008.73,952.00,2097.66,0.524961,5710837.000,20411452.000,65972924.000,72690248.000,40936820.000,23964754.000,304.69,7692202.000,503.91,6614857.000,199.22,5396139.000,398.44,2485142.500,1019.53,2454486.500,339.84,2215287.250,539.06,2097011.000,597.66,2035500.750
CAL_WIN,7704,41,D4,5,5250.520,23348.389,145.0,-23413.0,23041.0,10.959,1041.47,960.53,2191.41,0.524877,5235505.500,17016902.000,53728812.000,61247048.000,37767108.000,21149230.000,304.69,6758005.500,503.91,6408669.500,199.22,4864176.000,1019.53,2504717.250,386.72,2188275.500,339.84,1934447.875,691.41,1707010.500,539.06,1686964.875
CAL_WIN,7723,41,D4,5,5291.977,23333.934,148.0,-23413.0,23041.0,10.802,1087.65,965.53,2261.72,0.529173,4701765.000,13551697.000,41690168.000,50987088.000,34870632.000,18446692.000,503.91,5875537.500,304.69,5655659.500,199.22,4226562.500,281.25,3712210.500,1019.53,2486529.250,386.72,2046659.625,339.84,1613637.625,1207.03,1522220.750
CAL_WIN,7742,41,D4,5,5336.833,23333.275,154.0,-23413.0,23041.0,10.648,1135.83,964.11,2285.16,0.537777,4047981.500,10603853.000,32548134.000,43537276.000,32815942.000,16309512.000,503.91,5108548.000,304.69,4599419.500,199.22,3590596.000,281.25,2784658.750,1019.53,2392211.750,386.72,1879697.750,222.66,1536329.875,1207.03,1482986.625
CAL_WIN,7760,41,D4,5,5296.336,23382.602,154.0,-23413.0,23041.0,10.523,1181.03,966.55,2355.47,0.558011,3292437.000,8398399.000,26391842.000,39849628.000,30669508.000,15355602.000,503.91,4244708.000,304.69,3799054.750,199.22,3031640.250,1019.53,2217170.500,281.25,1994812.375,386.72,1690894.375,1207.03,1455323.000,820.31,1154620.000
CAL_WIN,7779,41,D4,5,4612.932,20051.277,156.0,-16223.0,19989.0,10.435,1218.83,976.36,2402.34,0.575468,2609525.500,7018778.500,23524620.000,37277160.000,29250988.000,15174487.000,515.62,3680275.750,304.69,3383208.000,199.22,2618508.500,1019.53,1978549.750,386.72,1487749.500,1195.31,1440322.375,281.25,1403631.500,820.31,1178948.875
CAL_WIN,7798,41,D4,5,3697.921,13564.763,158.0,-13625.0,11806.0,10.377,1258.02,987.49,2437.50,0.603483,2080298.500,6380965.000,20827928.000,35716104.000,28513968.000,15181508.000,515.62,3588322.000,304.69,3253315.500,199.22,2342838.250,1007.81,1730110.750,1195.31,1427405.875,386.72,1341437.125,796.87,1222933.375,820.31,1073326.375
CAL_WIN,7816,41,D4,5,3315.134,13686.553,153.0,-13625.0,9230.0,10.347,1283.77,994.99,2460.94,0.613082,1674200.625,5885031.000,18860182.000,34684356.000,27451072.000,15025132.000,515.62,3444551.000,304.69,3268656.500,199.22,2102031.250,1007.81,1614961.375,796.87,1360780.875,1195.31,1338809.000,386.72,1225482.375,691.41,1034404.625
CAL_WIN,7835,41,D4,5,3031.559,10467.049,161.0,-10351.0,9128.0,10.340,1290.09,998.10,2472.66,0.592698,1405688.500,5349438.500,18106470.000,33450836.000,26201430.000,14484395.000,503.91,3404506.250,304.69,3338373.250,210.94,2163297.750,796.87,1515962.250,1007.81,1417128.500,398.44,1322149.500,1195.31,1191824.875,691.41,1114768.250
CAL_WIN,7854,41,D4,5,2942.369,8990.449,157.0,-8638.0,9128.0,10.353,1281.83,996.11,2460.94,0.572951,1245945.375,4865667.000,18452246.000,31921200.000,25541586.000,13759985.000,503.91,3886387.000,304.69,3449629.750,210.94,2225753.750,796.87,1660013.625,398.44,1415191.625,691.41,1231769.375,1007.81,1179502.750,1195.31,1006765.375
CAL_WIN,7873,41,D4,5,2841.820,8712.615,143.0,-8638.0,7448.0,10.376,1262.19,991.70,2437.50,0.565396,1155147.125,4698743.500,19315030.000,30519416.000,25170930.000,13100190.000,503.91,4352297.500,304.69,3567208.500,210.94,2256413.500,796.87,1760515.500,398.44,1476167.000,691.41,1363542.125,1007.81,937229.000,1710.94,911919.187
CAL_WIN,7891,41,D4,5,2787.518,8601.015,148.0,-8573.0,7448.0,10.398,1241.79,984.82,2425.78,0.541426,1107058.375,4554022.500,19989932.000,29243672.000,24912942.000,12522852.000,503.91,4715948.500,304.69,3667538.250,210.94,2292237.500,796.87,1796127.875,398.44,1505053.375,691.41,1486172.500,1335.94,963996.375,1710.94,861035.000
CAL_WIN,7910,41,D4,5,2715.266,7513.190,147.0,-7503.0,6685.0,10.413,1220.89,977.08,2390.63,0.518981,1180268.875,4511369.500,20324030.000,28568964.000,24688666.000,12049136.000,503.91,4939551.000,304.69,3700999.250,210.94,2353552.500,796.87,1776181.750,691.41,1580486.125,398.44,1511279.250,1335.94,990583.375,1710.94,783395.625
CAL_WIN,8031,41,D4,5,2672.566,6661.321,142.0,-6694.0,6263.0,10.415,1200.98,971.65,2378.91,0.523939,1424684.125,4654226.000,20503806.000,28785532.000,24407078.000,11804762.000,503.91,4997817.000,304.69,3667222.250,210.94,2397338.000,796.87,1718063.250,691.41,1640403.625,398.44,1477010.250,1335.94,992953.437,1734.38,798353.500
CAL_WIN,8049,41,D4,5,2648.283,6606.847,134.0,-6694.0,5895.0,10.404,1183.05,963.14,2296.88,0.530898,1620388.375,4964150.500,20543762.000,29743904.000,24091916.000,11599252.000,503.91,4873017.000,304.69,3539590.500,210.94,2379904.250,691.41,1645251.875,796.87,1628741.250,398.44,1388916.500,1324.22,1019907.187,1734.38,818581.937
CAL_WIN,8068,41,D4,5,2637.710,6595.989,128.0,-6694.0,5895.0,10.380,1164.98,952.46,2285.16,0.541378,1733350.625,5636660.000,20649240.000,31085830.000,23891158.000,11431730.000,503.91,4581148.500,304.69,3293166.000,210.94,2239468.750,691.41,1599143.375,796.87,1504320.000,386.72,1250063.250,1324.22,986229.000,1734.38,800527.562
CAL_WIN,8087,41,D4,5,2613.465,6553.248,127.0,-6694.0,5895.0,10.348,1148.11,942.38,2261.72,0.552998,1742703.625,6500661.500,20939692.000,32482816.000,23770226.000,11268161.000,503.91,4166085.250,304.69,2897040.000,199.22,2027017.875,691.41,1503848.500,796.87,1339401.375,386.72,1326511.625,1335.94,872203.000,1546.88,781996.437
CAL_WIN,8106,41,D4,5,2581.731,6610.006,131.0,-6694.0,5895.0,10.311,1135.85,935.19,2238.28,0.561962,1650844.250,7367011.500,21225924.000,33571984.000,23436740.000,11110230.000,503.91,3680439.750,304.69,2353396.250,199.22,2163162.750,386.72,1378303.625,691.41,1370912.375,796.87,1139615.625,339.84,947270.625,1335.94,779835.187
CAL_WIN,8124,41,D4,5,2533.249,6611.732,131.0,-6694.0,5895.0,10.273,1126.65,928.30,2214.84,0.570699,1489678.625,8042529.500,21266066.000,34263960.000,22765740.000,10823855.000,503.91,3171725.250,199.22,2257823.750,292.97,2127612.500,316.41,1788105.000,386.72,1395093.500,222.66,1247155.625,691.41,1213924.125,339.84,1155435.125
CAL_WIN,8143,41,D4,5,2467.792,6636.767,129.0,-6694.0,5895.0,10.239,1120.35,924.22,2191.41,0.571700,1318416.500,8386181.000,20966110.000,33982136.000,21630998.000,10384461.000,503.91,2682707.500,199.22,2319096.250,292.97,2056960.750,316.41,1892532.000,386.72,1399875.000,222.66,1228570.625,527.34,1142852.875,691.41,1051611.125
CAL_WIN,8162,41,D4,5,2397.748,6688.321,125.0,-6694.0,5895.0,10.207,1113.24,923.77,2191.41,0.556101,1157517.875,8337225.500,20517990.000,32768170.000,19905878.000,9842993.000,199.22,2342978.500,503.91,2245351.000,292.97,2039907.000,316.41,1935371.250,386.72,1387471.500,222.66,1221043.625,527.34,1089994.250,1019.53,1088170.375
CAL_WIN,8181,41,D4,5,2314.384,6661.495,124.0,-6694.0,5415.0,10.178,1096.79,923.26,2144.53,0.544752,1018318.875,7919111.500,21073132.000,31131044.000,18181954.000,9281763.000,199.22,2352382.500,292.97,2086276.875,316.41,1918257.875,503.91,1872673.875,386.72,1371794.000,222.66,1189972.500,1019.53,1180473.750,527.34,974150.125
CAL_WIN,8199,41,D4,5,2212.050,6093.306,125.0,-6114.0,5266.0,10.149,1083.89,921.45,2109.38,0.540416,940181.812,7241307.500,21072824.000,29511102.000,16770418.000,8663964.000,199.22,2335949.000,292.97,2213400.750,316.41,1807945.125,503.91,1558411.375,386.72,1331567.125,1019.53,1252098.875,1113.28,918429.312,1207.03,862183.687
CAL_WIN,8218,41,D4,5,2133.744,5421.126,125.0,-5475.0,5193.0,10.119,1084.51,921.55,2109.38,0.539370,933890.812,6350169.000,20172260.000,27526708.000,15834221.000,8097427.000,292.97,2373964.250,199.22,2298883.750,1019.53,1305591.125,503.91,1282972.250,386.72,1280894.875,1207.03,901916.687,1113.28,851819.125,785.16,702687.625
CAL_WIN,8237,41,D4,5,2048.920,5393.783,130.0,-5475.0,5193.0,10.088,1097.95,925.35,2144.53,0.544755,987366.687,5342925.000,18773062.000,25083736.000,15131012.000,7653458.000,292.97,2542620.000,199.22,2224553.500,1019.53,1336269.875,515.62,1219222.125,386.72,1217834.000,1207.03,932223.937,1113.28,763903.625,175.78,711856.062
CAL_WIN,8255,41,D4,5,1987.699,5394.579,132.0,-5475.0,5193.0,10.056,1115.61,930.35,2167.97,0.534373,1010291.562,4679602.500,16975656.000,22521812.000,14541462.000,7220886.000,292.97,2677738.250,199.22,2130188.000,1019.53,1333720.250,515.62,1332496.875,386.72,1168736.875,1207.03,955738.875,796.87,703911.375,1113.28,678828.000
CAL_WIN,8274,41,D4,5,1928.228,5381.159,128.0,-5475.0,4841.0,10.027,1129.25,934.85,2179.69,0.531256,987004.500,4550105.000,15276489.000,20476444.000,14128408.000,6883203.000,292.97,2764603.500,199.22,2034240.750,515.62,1385493.500,1019.53,1302017.750,386.72,1135954.500,1207.03,963846.687,796.87,725449.062,1113.28,603344.437
CAL_WIN,8293,41,D4,5,1899.567,5404.719,120.0,-5475.0,4490.0,10.000,1133.73,935.28,2203.13,0.529071,983570.187,4531169.500,14191809.000,19133016.000,13932294.000,6607029.000,292.97,2785276.500,199.22,1963714.500,515.62,1410229.625,1019.53,1248508.625,386.72,1124218.750,1207.03,941689.250,796.87,690783.500,1113.28,539243.500
CAL_WIN,8312,41,D4,5,1866.950,4557.688,116.0,-4618.0,4467.0,9.976,1133.14,934.30,2226.56,0.534133,943920.875,4436085.000,13591577.000,18398578.000,13746492.000,6393003.000,292.97,2745103.250,199.22,1913608.875,515.62,1451816.500,1019.53,1171350.000,386.72,1123890.875,1207.03,885523.562,796.87,603303.500,1324.22,536094.937
CAL_WIN,8330,41,D4,5,1842.652,4588.710,117.0,-4618.0,4467.0,9.955,1129.56,929.79,2214.84,0.531578,901823.187,4267929.500,13147578.000,18118852.000,13692732.000,6165575.500,292.97,2660876.000,199.22,1864500.500,515.62,1531504.750,386.72,1108803.500,1019.53,1070320.000,1207.03,801597.375,1324.22,577600.625,574.22,487838.969
CAL_WIN,8349,41,D4,5,1825.417,4596.987,117.0,-4618.0,4467.0,9.939,1121.53,920.27,2179.69,0.523394,867296.312,4168036.000,12795290.000,18118926.000,13805759.000,5869170.000,292.97,2579680.250,199.22,1801587.125,515.62,1640036.000,386.72,1075513.875,1019.53,962733.437,1207.03,712117.937,1335.94,631287.750,585.94,485391.594
CAL_WIN,8368,41,D4,5,1810.509,4502.607,115.0,-4314.0,4467.0,9.931,1110.95,908.51,2144.53,0.515421,830862.687,4182571.500,12543858.000,18095272.000,14089077.000,5504027.500,292.97,2486877.750,503.91,1925116.125,199.22,1729158.750,386.72,1054205.750,1019.53,860382.812,1335.94,680230.000,1207.03,627305.500,691.41,499736.250
CAL_WIN,8387,41,D4,5,1788.800,4454.149,112.0,-3954.0,4467.0,9.936,1094.80,897.49,2097.66,0.507131,914744.625,4267079.000,12370792.000,17984500.000,14299811.000,5093100.000,292.97,2369008.000,503.91,2277202.750,199.22,1633085.250,386.72,1028131.687,1019.53,765632.687,1335.94,727051.937,691.41,594275.437,1207.03,551176.437
CAL_WIN,8405,41,D4,5,1789.954,4478.532,117.0,-3954.0,4467.0,9.952,1072.54,886.40,2050.78,0.487088,947701.750,4258547.000,12754540.000,17931236.000,14304821.000,4711433.500,503.91,2626423.000,292.97,2202367.750,199.22,1522129.375,386.72,1003904.125,1335.94,768743.625,1019.53,677370.000,691.41,668438.437,328.12,513291.125
CAL_WIN,8424,41,D4,5,1775.977,4463.904,116.0,-3833.0,4467.0,9.975,1054.77,877.39,2027.34,0.478457,916417.750,4098672.500,13554199.000,18162552.000,14252275.000,4513217.000,503.91,2955144.750,304.69,2004684.875,199.22,1381535.375,386.72,966021.875,1335.94,804158.750,691.41,721676.625,1019.53,598988.000,878.91,506196.031
CAL_WIN,8443,41,D4,5,1755.904,4478.821,122.0,-3833.0,4467.0,10.000,1054.51,879.13,2027.34,0.483904,824461.375,3813685.500,14256562.000,18429440.000,14216334.000,4607479.500,503.91,3242804.000,304.69,2107982.000,199.22,1231779.375,386.72,920750.125,1335.94,833427.187,691.41,756785.000,878.91,555851.562,1019.53,539502.750
CAL_WIN,8462,41,D4,5,1737.050,4491.247,123.0,-3833.0,4467.0,10.018,1068.63,888.77,2062.50,0.489424,694912.187,3455362.250,14581842.000,18602276.000,14114856.000,4886427.500,503.91,3472225.500,304.69,2160616.000,199.22,1081100.500,386.72,859015.937,1335.94,851680.625,691.41,780397.375,222.66,619764.812,878.91,589860.000
CAL_WIN,8480,41,D4,5,1714.583,4477.970,124.0,-3833.0,4467.0,10.027,1093.24,904.63,2121.09,0.488657,584749.000,3123776.250,14301578.000,18667444.000,13906904.000,5279369.000,503.91,3628431.500,304.69,2132978.000,199.22,961126.562,1335.94,853023.687,691.41,800772.437,386.72,796797.000,222.66,641597.062,808.59,618236.812
CAL_WIN,8499,41,D4,5,1706.441,4509.101,128.0,-3833.0,4467.0,10.023,1113.69,918.93,2191.41,0.511714,602353.187,2967605.500,13599468.000,19049750.000,13638209.000,5661793.000,503.91,3705437.000,304.69,2008604.125,199.22,892513.625,1335.94,836231.062,691.41,823520.375,386.72,737022.062,808.59,627962.500,878.91,625642.625
CAL_WIN,8518,41,D4,5,1708.774,4473.356,121.0,-3833.0,4467.0,10.007,1116.34,926.27,2203.13,0.523462,739682.937,3018970.750,12849541.000,19555978.000,13127090.000,5817777.000,503.91,3707166.000,304.69,1798803.875,199.22,886200.687,691.41,846575.312,1335.94,803348.625,386.72,690051.312,878.91,624909.562,808.59,596583.625
CAL_WIN,8536,41,D4,5,1696.033,4489.701,120.0,-3833.0,4467.0,9.980,1109.01,927.33,2191.41,0.517389,876231.625,3148744.000,11835225.000,19824910.000,12298439.000,5725433.500,503.91,3649235.250,304.69,1523561.750,199.22,925561.937,691.41,864193.750,1335.94,755331.000,386.72,661154.437,878.91,611533.000,820.31,550775.750
CAL_WIN,8555,41,D4,5,1688.044,4470.321,118.0,-3833.0,4467.0,9.947,1099.35,925.24,2156.25,0.508637,960911.125,3239220.500,10555400.000,19688094.000,11234953.000,5441327.500,503.91,3550040.000,292.97,1413363.750,199.22,978291.000,691.41,869735.625,1335.94,698334.000,386.72,644330.187,878.91,585584.562,1019.53,534894.750
CAL_WIN,8574,41,D4,5,1675.285,4465.636,116.0,-3833.0,4467.0,9.913,1081.31,917.27,2109.38,0.495159,975488.500,3276751.250,9449585.000,19260702.000,9991725.000,4995689.500,503.91,3427824.500,292.97,1483579.500,199.22,1025414.750,691.41,859494.500,386.72,641208.750,1335.94,639877.625,878.91,555505.187,1019.53,549538.687
CAL_WIN,8695,41,D4,5,1640.309,4454.986,112.0,-3833.0,4467.0,9.883,1058.13,902.95,2027.34,0.488381,920521.812,3213963.000,8682210.000,18699364.000,8933343.000,4473048.000,503.91,3290358.750,292.97,1521036.750,199.22,1041985.625,691.41,834799.375,386.72,641783.500,1335.94,587158.000,1019.53,554312.750,878.91,522785.906
CAL_WIN,8714,41,D4,5,1611.344,4422.443,114.0,-3833.0,4447.0,9.859,1033.75,882.29,1957.03,0.461204,808561.312,3013180.250,8519336.000,18314076.000,8327634.000,3981972.250,503.91,3109746.500,292.97,1527098.625,199.22,1016363.687,691.41,792170.625,386.72,634663.312,1019.53,550342.750,1335.94,546018.062,878.91,483747.219
CAL_WIN,8733,41,D4,5,1573.820,4000.854,118.0,-3833.0,4008.0,9.841,1009.70,862.59,1886.72,0.453811,677937.812,2772394.500,9215610.000,18559132.000,8182019.500,3739527.750,503.91,2852942.000,292.97,1486818.250,199.22,947850.062,691.41,722569.937,386.72,612297.125,1019.53,537649.750,1335.94,516830.875,597.66,446618.594
CAL_WIN,8752,41,D4,5,1533.163,3829.369,122.0,-3833.0,3474.0,9.827,992.96,849.28,1863.28,0.463980,614135.000,2468858.000,10319589.000,19350534.000,8286398.500,3725381.000,515.62,2528339.500,292.97,1412031.250,199.22,844528.812,691.41,619180.062,386.72,574623.187,1019.53,525222.062,1335.94,494735.906,574.22,439156.438
CAL_WIN,8770,41,D4,5,1496.760,3842.782,120.0,-3833.0,3225.0,9.814,984.29,839.98,1839.84,0.462865,537622.375,2164761.500,11291627.000,20230408.000,8306959.500,3781582.250,515.62,2475164.000,292.97,1301036.625,199.22,719538.000,562.50,565912.500,1019.53,526479.812,386.72,519506.938,691.41,482263.188,1335.94,475772.531
CAL_WIN,8789,41,D4,5,1471.184,3835.977,118.0,-3833.0,2965.0,9.801,981.27,838.53,1851.56,0.468475,478774.031,2047311.250,11855467.000,20549506.000,8178265.500,3875097.750,515.62,2392721.750,492.19,1504733.500,292.97,1159295.625,562.50,690024.812,199.22,589360.875,1019.53,545255.625,679.69,497186.031,1335.94,462091.906
CAL_WIN,8808,41,D4,5,1428.240,3697.997,118.0,-3703.0,2965.0,9.787,983.22,843.34,1875.00,0.473747,498327.188,2048955.125,11903927.000,20233038.000,7929547.000,3947065.500,515.62,2317636.250,492.19,1569060.750,281.25,1138063.875,562.50,738058.812,316.41,608794.937,222.66,603857.187,1019.53,570970.000,679.69,561069.687
CAL_WIN,8826,41,D4,5,1407.858,3367.669,115.0,-3379.0,2965.0,9.776,987.27,850.47,1886.72,0.482441,539775.625,2115420.250,11548530.000,19676404.000,7628983.500,3965211.000,515.62,2281839.000,492.19,1599988.500,281.25,1111931.125,222.66,640915.375,679.69,598606.437,1019.53,585950.812,316.41,570367.937,187.50,462158.938
CAL_WIN,8845,41,D4,5,1386.335,3246.388,112.0,-3257.0,2965.0,9.768,979.02,851.71,1863.28,0.483410,577772.125,2201667.750,11107906.000,19943564.000,7327933.500,3937131.000,515.62,2297058.500,492.19,1598905.750,281.25,1008847.000,222.66,634127.812,679.69,604795.187,1019.53,578882.562,316.41,560907.125,703.12,455107.406
CAL_WIN,8864,41,D4,5,1356.293,3207.037,110.0,-3223.0,2965.0,9.762,974.64,855.27,1839.84,0.482924,596444.875,2251083.250,10653968.000,19620356.000,7088174.000,3858478.500,515.62,2330524.750,492.19,1570553.000,292.97,856470.312,316.41,594260.562,222.66,590549.375,679.69,578833.062,1019.53,548184.000,1335.94,461684.313
CAL_WIN,8883,41,D4,5,1329.796,3195.609,107.0,-3223.0,2965.0,9.756,976.17,857.52,1839.84,0.478238,612339.187,2221206.750,9938242.000,18567194.000,6979332.500,3651052.750,515.62,2333023.000,292.97,859446.062,691.41,653405.375,210.94,559563.000,1019.53,494845.031,1335.94,481326.906,585.94,466339.531,410.16,362291.313
CAL_WIN,8901,41,D4,5,1291.727,3215.579,116.0,-3223.0,2965.0,9.746,984.63,857.25,1863.28,0.461834,642836.375,2134788.750,8952754.000,16994582.000,7025929.000,3332186.500,503.91,2470131.750,304.69,873619.000,691.41,736568.562,210.94,609563.875,1335.94,508615.063,1007.81,430357.781,585.94,392631.781,398.44,353273.750
CAL_WIN,8920,41,D4,5,1251.277,2997.023,116.0,-2746.0,2965.0,9.728,1000.67,852.82,1875.00,0.450040,636438.750,1968473.625,7960782.000,15361624.000,7210832.500,2982127.250,503.91,2707337.500,304.69,939221.187,691.41,775311.375,210.94,606848.875,1335.94,537780.250,1007.81,401419.438,398.44,376168.563,585.94,308603.750
CAL_WIN,8939,41,D4,5,1225.803,2989.943,121.0,-2746.0,2965.0,9.701,1018.78,846.73,1898.44,0.432427,597038.125,1720922.000,7270689.000,13853050.000,7396364.500,2673025.500,503.91,2785851.000,316.41,945513.687,691.41,772462.750,210.94,569478.687,1335.94,559715.500,398.44,372395.813,1007.81,348643.125,1195.31,250852.922
CAL_WIN,8957,41,D4,5,1190.401,2992.888,119.0,-2746.0,2965.0,9.663,1033.28,842.66,1910.16,0.424541,531499.125,1458167.875,6931889.500,12769113.000,7476427.000,2482476.000,503.91,2730533.750,316.41,1021746.937,691.41,739594.687,1335.94,568407.750,199.22,542091.250,398.44,350768.156,996.09,336214.594,1195.31,229359.891
CAL_WIN,8976,41,D4,5,1174.445,3001.295,114.0,-2746.0,2965.0,9.616,1044.85,842.15,1910.16,0.426212,455264.875,1237707.375,6756398.000,11845631.000,7472104.500,2357768.000,503.91,2580461.000,316.41,1061799.125,691.41,690445.750,1335.94,560380.937,199.22,526993.750,281.25,355296.313,398.44,336461.625,996.09,304933.094
CAL_WIN,8995,41,D4,5,1154.254,2994.419,117.0,-2746.0,2965.0,9.566,1049.80,844.60,1910.16,0.417129,389286.875,1167409.250,6775621.000,10862110.000,7421775.500,2266217.500,503.91,2383516.000,316.41,1059161.500,691.41,634721.687,1335.94,536491.250,199.22,529302.562,281.25,361833.719,398.44,342208.531,996.09,265943.281
CAL_WIN,9013,41,D4,5,1150.169,2989.676,120.0,-2746.0,2965.0,9.517,1046.92,849.46,1910.16,0.426770,358948.969,1233112.750,7012303.500,10032390.000,7363523.000,2213033.750,503.91,2152610.500,316.41,1009330.312,210.94,587458.687,691.41,576133.375,1335.94,500753.469,398.44,370237.938,1734.38,269686.813,796.87,258971.766
CAL_WIN,9032,41,D4,5,1162.831,2969.857,111.0,-2746.0,2965.0,9.478,1039.57,861.81,1921.88,0.440005,380123.906,1453954.250,7274108.000,9409453.000,7164797.500,2219118.000,503.91,1892189.250,304.69,1076118.125,210.94,699589.625,691.41,519234.781,1335.94,457612.625,398.44,418100.625,796.87,276543.813,1734.38,276189.344
CAL_WIN,9051,41,D4,5,1167.055,2819.332,105.0,-2746.0,2851.0,9.457,1029.33,880.41,1921.88,0.458399,449123.938,1767378.750,7656143.000,9001498.000,6882674.500,2308686.250,503.91,1612230.125,304.69,1269915.750,210.94,838173.687,398.44,477807.813,691.41,466754.438,1335.94,409733.344,796.87,295042.813,1734.38,272165.625
CAL_WIN,9070,41,D4,5,1178.747,2811.550,102.0,-2458.0,2851.0,9.462,1018.78,896.19,1957.03,0.477103,530693.500,2049552.000,8199207.000,8986762.000,6606573.000,2458960.500,304.69,1455770.500,503.91,1328512.000,210.94,985591.375,398.44,543151.875,691.41,416056.250,1335.94,358778.625,796.87,314591.063,1734.38,259126.094
CAL_WIN,9088,41,D4,5,1206.901,2569.995,99.0,-2458.0,2629.0,9.493,1006.22,902.73,1945.31,0.486755,606710.437,2320069.250,8823573.000,9322539.000,6392540.500,2599717.250,304.69,1618441.000,210.94,1133765.000,503.91,1062050.250,398.44,617806.187,691.41,364947.281,808.59,339353.813,1335.94,309191.125,1734.38,240854.641
CAL_WIN,9107,41,D4,5,1246.861,2657.132,93.0,-2534.0,2693.0,9.545,986.71,899.53,1898.44,0.475611,661830.125,2640256.250,9496093.000,9772475.000,6231584.500,2681223.750,304.69,1782084.375,210.94,1267886.750,515.62,895534.750,398.44,693595.250,808.59,348078.375,703.12,328498.094,1019.53,285481.031,1335.94,263365.031
CAL_WIN,9126,41,D4,5,1287.978,2958.509,90.0,-2767.0,2982.0,9.610,961.33,890.12,1851.56,0.452660,704654.875,2999777.750,10242962.000,10120049.000,6105122.000,2704317.500,304.69,1946273.375,210.94,1400444.750,515.62,815881.000,398.44,773596.937,480.47,344652.094,1019.53,340762.094,808.59,333917.594,585.94,299043.594
CAL_WIN,9144,41,D4,5,1344.721,3302.260,88.0,-2865.0,3293.0,9.680,933.48,879.56,1757.81,0.430319,748159.687,3386032.500,11115050.000,10336294.000,5997115.000,2708199.000,304.69,2127888.500,210.94,1526573.625,398.44,849256.000,515.62,739894.937,1019.53,385047.844,480.47,363133.094,585.94,334633.563,808.59,300569.500
CAL_WIN,9163,41,D4,5,1415.709,3590.638,87.0,-3064.0,3543.0,9.747,911.67,874.52,1734.38,0.418088,799651.375,3711135.250,12072892.000,10374052.000,5918408.000,2758100.000,304.69,2311360.500,210.94,1659894.750,398.44,928523.125,515.62,667654.812,1019.53,413080.250,480.47,361974.594,585.94,360116.281,1207.03,304379.344
CAL_WIN,9182,41,D4,5,1486.765,3600.404,85.0,-3064.0,3570.0,9.808,898.77,878.70,1746.09,0.401394,857893.937,3951520.750,12996280.000,10294630.000,5846857.000,2892156.750,304.69,2498926.000,210.94,1782436.250,398.44,1000927.937,503.91,630231.187,1019.53,424802.594,574.22,380291.531,1207.03,325195.625,164.06,284602.875
CAL_WIN,9201,41,D4,5,1550.999,3634.830,77.0,-3064.0,3570.0,9.861,889.97,886.96,1769.53,0.403459,948132.812,4217125.500,13975084.000,10103435.000,5919958.500,3061343.000,292.97,2680423.000,210.94,1909455.875,386.72,1074962.625,503.91,614680.812,1019.53,420092.750,574.22,414136.844,1207.03,334755.781,164.06,318595.844
CAL_WIN,9219,41,D4,5,1634.102,3580.564,70.0,-3116.0,3570.0,9.908,883.89,895.71,1781.25,0.404422,1025348.125,4546457.000,14646122.000,9914860.000,6003265.500,3237196.750,292.97,2869286.750,199.22,2055716.125,386.72,1156104.250,503.91,567384.312,574.22,448816.531,1019.53,408887.531,1207.03,337727.125,761.72,271999.219
CAL_WIN,9238,41,D4,5,1701.161,3555.955,67.0,-3208.0,3570.0,9.950,877.49,900.65,1804.69,0.400753,1082968.750,4934613.000,15102292.000,9945186.000,6040050.000,3395800.000,292.97,3058981.000,199.22,2184107.500,386.72,1227994.000,503.91,495487.656,574.22,481967.313,1019.53,403023.406,1207.03,340508.000,761.72,293508.000
CAL_WIN,9361,41,D4,5,1783.292,3708.268,62.0,-3697.0,3635.0,9.988,867.78,894.88,1781.25,0.395649,1115172.250,5252961.500,15681273.000,10414224.000,6069025.500,3479991.500,292.97,3224630.750,199.22,2293830.250,386.72,1310810.125,585.94,514366.719,503.91,418230.031,1019.53,408404.625,164.06,381650.094,1207.03,351410.313
CAL_WIN,9380,41,D4,5,1833.739,3739.075,59.0,-3697.0,3747.0,10.022,857.08,880.54,1722.66,0.378266,1162854.000,5483679.000,16296263.000,11197572.000,6189011.500,3483837.000,292.97,3379231.750,199.22,2345640.500,386.72,1377013.875,585.94,558149.750,1019.53,427275.406,164.06,418488.344,1207.03,370981.313,503.91,362193.750
CAL_WIN,9399,41,D4,5,1881.411,3792.751,58.0,-3697.0,3747.0,10.054,848.44,871.17,1699.22,0.387096,1299742.375,5663312.000,17421252.000,12150489.000,6484681.000,3601534.750,292.97,3534712.250,210.94,2446809.500,386.72,1404149.375,585.94,593200.875,164.06,462972.219,1019.53,454138.375,1207.03,393838.406,480.47,363663.625
CAL_WIN,9418,41,D4,5,1909.902,3771.053,50.0,-3697.0,3747.0,10.082,837.67,863.50,1628.91,0.401281,1503510.625,5733165.000,19234618.000,13146447.000,6863933.500,3794796.250,292.97,3687199.000,210.94,2529128.250,386.72,1353200.750,585.94,613657.875,164.06,533849.250,1019.53,478778.156,503.91,413674.750,1207.03,412328.781
CAL_WIN,9436,41,D4,5,1920.804,3811.778,55.0,-3697.0,3747.0,10.106,816.86,850.94,1582.03,0.393417,1705581.250,5875703.000,21214816.000,13861698.000,7122485.500,3869846.500,292.97,3824262.000,210.94,2552081.250,386.72,1224800.750,585.94,621578.562,164.06,621461.625,503.91,535874.687,1019.53,493290.938,1207.03,420255.594
CAL_WIN,9455,41,D4,5,1934.753,3806.978,57.0,-3697.0,3747.0,10.122,793.09,837.69,1523.44,0.380127,1861728.875,6022341.000,22817448.000,14090056.000,7204012.000,3811533.000,292.97,3929294.750,210.94,2527361.250,398.44,1086693.000,375.00,1039849.000,503.91,706129.937,164.06,693024.312,585.94,618339.062,1019.53,490313.000
CAL_WIN,9474,41,D4,5,1937.235,3788.140,54.0,-3697.0,3747.0,10.130,777.52,830.98,1500.00,0.382299,1945251.625,5912562.000,23679042.000,13978355.000,7156854.000,3717273.750,292.97,3983585.500,210.94,2463280.750,375.00,1135899.250,187.50,1073344.375,398.44,984293.062,503.91,904913.625,164.06,734548.625,585.94,614098.500
CAL_WIN,9492,41,D4,5,1929.984,3810.928,68.0,-3697.0,3747.0,10.127,776.54,834.31,1523.44,0.394453,1959006.500,5530076.000,23748610.000,13750095.000,7109520.500,3680626.250,292.97,3973639.500,210.94,2402969.000,375.00,1171310.250,503.91,1106605.250,187.50,1061241.125,398.44,903770.375,164.06,751006.812,585.94,610219.562
CAL_WIN,9511,41,D4,5,1912.193,3755.076,55.0,-3697.0,3747.0,10.113,786.08,844.68,1570.31,0.415208,1953591.500,5528935.000,23112626.000,13916169.000,7124688.000,3758900.500,292.97,3887550.250,210.94,2365336.500,503.91,1284774.125,375.00,1136980.625,187.50,1009342.375,398.44,868664.875,164.06,745847.250,585.94,612120.375
CAL_WIN,9530,41,D4,6,1885.574,3764.502,52.0,-3697.0,3747.0,10.089,803.68,859.83,1628.91,0.438698,1924418.000,5750028.000,22014602.000,14439054.000,7139069.000,3947771.250,292.97,3727270.000,210.94,2357822.500,503.91,1424529.250,375.00,1032970.687,187.50,916514.875,398.44,889427.312,164.06,718014.062,585.94,615285.375
CAL_WIN,9548,41,D4,6,1854.948,3748.586,57.0,-3697.0,3747.0,10.056,827.02,877.02,1699.22,0.447073,1830341.750,5668719.500,20551960.000,14759470.000,7020376.500,4120512.500,292.97,3499418.250,210.94,2359817.000,503.91,1519720.000,398.44,948699.062,375.00,892160.000,164.06,664760.000,585.94,611695.250,691.41,464640.563
CAL_WIN,9567,41,D4,6,1801.810,3723.068,63.0,-3697.0,3747.0,10.016,854.62,895.77,1746.09,0.466533,1670494.625,5302584.000,18577652.000,14645501.000,6734038.500,4199548.000,292.97,3221022.500,210.94,2332284.250,503.91,1574344.625,398.44,1012748.250,585.94,598548.375,164.06,580763.625,691.41,489322.344,339.84,379360.156
CAL_WIN,9586,41,D4,6,1752.719,3752.272,64.0,-3697.0,3747.0,9.973,872.69,906.66,1816.41,0.472557,1475905.000,4842352.500,16564295.000,14052057.000,6273267.500,4051485.750,292.97,2907480.250,210.94,2264358.000,503.91,1597407.875,398.44,1065310.625,585.94,563826.875,691.41,478635.813,164.06,470377.531,246.09,404013.844
CAL_WIN,9604,41,D4,6,1706.774,3728.856,70.0,-3697.0,3747.0,9.926,872.01,906.18,1816.41,0.454882,1288857.500,4438017.000,14889008.000,12964681.000,5643852.500,3676651.500,304.69,2700543.500,210.94,2148929.750,503.91,1602405.875,398.44,1085822.000,585.94,517358.688,691.41,434207.750,164.06,363824.344,773.44,278203.438
CAL_WIN,9623,41,D4,6,1640.586,3755.680,73.0,-3697.0,3747.0,9.878,852.17,894.78,1757.81,0.414551,1148244.000,4104256.000,13651948.000,11666544.000,4913869.500,3189441.500,304.69,2683856.750,210.94,2025822.875,503.91,1599138.375,398.44,1076364.125,585.94,459659.844,691.41,368229.594,164.06,292117.094,773.44,267187.438
CAL_WIN,9642,41,D4,6,1594.254,3758.965,75.0,-3697.0,3747.0,9.828,830.30,883.12,1710.94,0.389602,1026138.750,3729324.500,12826598.000,10506443.000,4262070.000,2797121.500,304.69,2583480.250,210.94,1902936.875,503.91,1598914.625,398.44,1031586.250,585.94,408674.313,703.12,330668.563,164.06,251552.125,773.44,246365.844
CAL_WIN,9660,41,D4,6,1531.045,3735.114,83.0,-3481.0,3747.0,9.778,826.31,879.05,1699.22,0.389144,937433.875,3310298.000,11931469.000,9842825.000,3908507.250,2560142.000,304.69,2433721.250,210.94,1805426.375,503.91,1611863.125,398.44,971179.812,585.94,386210.313,703.12,342333.719,351.56,249333.031,890.62,237134.219
CAL_WIN,9679,41,D4,6,1513.304,3720.853,85.0,-3303.0,3734.0,9.731,834.68,878.32,1699.22,0.406285,946250.875,3005204.000,11270163.000,9959086.000,3891679.000,2494176.750,304.69,2274176.750,210.94,1711872.500,503.91,1647645.250,398.44,905944.250,585.94,379032.938,703.12,349813.844,890.62,240414.609,351.56,228399.625
CAL_WIN,9698,41,D4,6,1486.672,3626.695,88.0,-3393.0,3685.0,9.696,856.52,881.95,1722.66,0.421125,1016657.187,2770183.750,10555229.000,10592275.000,4086765.000,2541311.000,304.69,2113646.750,503.91,1718949.000,210.94,1638998.500,398.44,850154.312,691.41,396687.969,585.94,395250.594,890.62,258468.531,480.47,236101.172
CAL_WIN,9716,41,D4,6,1495.397,3740.058,89.0,-3719.0,3341.0,9.681,878.36,882.69,1746.09,0.428677,1071533.750,2674662.250,9924162.000,11430358.000,4334854.500,2613086.250,304.69,1995089.375,503.91,1842344.000,210.94,1573912.625,398.44,806795.375,691.41,483542.906,585.94,411853.688,878.91,296119.563,773.44,230102.797
CAL_WIN,9735,41,D4,6,1519.903,3951.421,89.0,-3939.0,2998.0,9.692,891.96,879.00,1757.81,0.434821,1093166.750,2648468.750,9665335.000,12280087.000,4565610.000,2682392.000,503.91,2019411.000,304.69,1929403.375,210.94,1538904.500,398.44,788663.687,691.41,564944.437,585.94,419343.500,328.12,388019.000,878.91,335430.656
CAL_WIN,9754,41,D4,6,1514.570,3935.130,85.0,-3939.0,2911.0,9.728,890.98,869.72,1734.38,0.427243,1084242.750,2637849.000,10048613.000,13102948.000,4715836.500,2737582.500,503.91,2237342.750,304.69,1943839.750,210.94,1524138.625,398.44,788892.187,691.41,633772.625,585.94,414972.594,328.12,385045.906,878.91,364182.656
CAL_WIN,9772,41,D4,6,1554.003,4029.312,86.0,-4073.0,2626.0,9.781,877.36,856.74,1675.78,0.412207,1044031.562,2679029.750,10830954.000,13721897.000,4729825.000,2751560.250,503.91,2470355.250,304.69,2030034.000,210.94,1538375.500,398.44,821692.562,691.41,685273.062,597.66,409136.969,878.91,377832.031,796.87,274099.750
CAL_WIN,9791,41,D4,6,1568.427,4072.707,84.0,-4091.0,2626.0,9.841,852.51,840.02,1628.91,0.384402,972943.250,2890160.500,11691458.000,14000726.000,4616364.500,2680321.250,503.91,2692178.000,304.69,2186703.750,210.94,1560480.875,398.44,873012.125,691.41,718354.125,878.91,377398.156,597.66,373528.469,796.87,279241.813
CAL_WIN,9810,41,D4,6,1595.173,4060.902,82.0,-4091.0,2626.0,9.898,822.65,820.45,1523.44,0.352458,890731.062,3177881.000,12586611.000,13926663.000,4462573.000,2533789.500,503.91,2869996.000,304.69,2368574.750,210.94,1607491.125,398.44,943240.125,691.41,739906.875,878.91,367450.500,597.66,328007.281,1019.53,280572.750
CAL_WIN,9828,41,D4,6,1638.891,4098.254,81.0,-4091.0,2626.0,9.947,797.08,805.91,1453.13,0.321899,842594.375,3459194.500,13563582.000,13669706.000,4394039.000,2414123.500,503.91,2979339.000,304.69,2555031.250,210.94,1667806.250,398.44,1008419.562,691.41,758755.437,878.91,355227.719,609.37,305929.375,1019.53,298184.406
CAL_WIN,9847,41,D4,6,1678.618,4137.284,81.0,-4091.0,2626.0,9.985,789.69,809.98,1453.13,0.312974,859280.250,3736857.750,14529423.000,13536893.000,4502367.500,2515075.250,503.91,3006853.250,304.69,2704527.250,210.94,1754886.375,398.44,1067715.875,691.41,776753.312,878.91,343801.906,574.22,316519.750,1019.53,309231.813
CAL_WIN,9866,41,D4,6,1746.524,4122.378,76.0,-4091.0,2846.0,10.012,804.97,831.63,1523.44,0.369579,933638.687,4040940.750,15397365.000,13844720.000,4884896.000,2875682.250,503.91,2951644.250,304.69,2810864.500,210.94,1845942.500,398.44,1107401.750,691.41,793384.750,574.22,360303.656,878.91,332282.938,164.06,316949.188
CAL_WIN,9884,41,D4,6,1802.292,4157.237,73.0,-4091.0,2945.0,10.029,820.55,847.83,1605.47,0.401619,1040429.125,4397273.500,15984324.000,14416981.000,5331470.000,3215345.750,304.69,2856791.250,503.91,2823157.250,210.94,1950337.125,398.44,1139264.375,691.41,801119.250,574.22,389778.875,164.06,333884.844,1019.53,318764.438
CAL_WIN,9903,41,D4,6,1852.357,4107.491,68.0,-4091.0,3012.0,10.039,832.57,858.78,1628.91,0.413749,1137162.875,4792801.000,16124999.000,14890394.000,5697866.500,3464815.750,304.69,2879503.500,503.91,2639350.500,210.94,2043047.000,398.44,1159644.375,691.41,793303.062,585.94,472793.625,1019.53,316336.938,878.91,299432.500
CAL_WIN,10098,41,D4,6,1870.887,4088.445,66.0,-4091.0,3296.0,10.046,837.78,865.50,1664.06,0.402698,1205712.875,5223160.500,15971678.000,15059340.000,5904870.500,3599372.000,292.97,2931656.750,503.91,2418578.750,210.94,2144926.750,398.44,1184149.000,691.41,763231.250,585.94,557947.875,773.44,317338.438,1019.53,310634.219
CAL_WIN,10116,41,D4,6,1869.148,4068.976,60.0,-4091.0,3296.0,10.055,837.05,869.40,1664.06,0.390726,1250680.500,5513594.000,16158277.000,14949656.000,6010284.000,3677059.000,292.97,3101558.000,210.94,2238710.500,503.91,2175418.000,386.72,1255535.250,691.41,706439.187,585.94,622462.562,328.12,373963.875,164.06,348512.000
CAL_WIN,10135,41,D4,6,1860.620,4029.863,57.0,-4091.0,3296.0,10.065,839.96,876.53,1675.78,0.406423,1264496.625,5603134.000,16735187.000,14634161.000,6152529.500,3807756.500,292.97,3234969.750,210.94,2324019.000,503.91,1928158.500,386.72,1307193.750,585.94,651255.375,691.41,618311.875,164.06,371025.500,773.44,350598.250
CAL_WIN,10154,41,D4,6,1839.859,4064.471,55.0,-4091.0,3296.0,10.074,842.03,882.27,1699.22,0.421917,1250913.625,5557192.000,17376476.000,14283474.000,6297273.000,3904995.250,292.97,3301136.750,210.94,2365795.500,503.91,1699420.125,386.72,1341202.750,585.94,654991.375,691.41,502331.563,164.06,367634.344,773.44,365884.063
CAL_WIN,10172,41,D4,6,1806.223,4050.596,55.0,-4091.0,3296.0,10.076,834.99,881.29,1699.22,0.411587,1214021.500,5426308.500,17922802.000,13796795.000,6224740.000,3862217.750,292.97,3310301.000,210.94,2370415.250,515.62,1640897.000,386.72,1342107.250,585.94,643339.812,703.12,463590.219,679.69,395474.656,773.44,374863.531
CAL_WIN,10191,41,D4,6,1760.319,4083.756,51.0,-4091.0,3296.0,10.064,822.42,875.66,1675.78,0.390486,1191917.625,5243782.000,18090900.000,13190570.000,5953785.000,3690529.750,292.97,3248091.750,210.94,2320805.250,515.62,1622160.375,386.72,1326997.500,585.94,610971.125,703.12,433330.531,773.44,373287.906,679.69,342909.875
CAL_WIN,10210,41,D4,6,1698.291,4118.985,51.0,-4091.0,3296.0,10.035,808.00,868.08,1628.91,0.367797,1228900.125,5168731.500,17676758.000,12678022.000,5588497.000,3453535.500,292.97,3132339.750,210.94,2234843.500,515.62,1579688.000,386.72,1284530.125,585.94,580745.375,703.12,394736.594,773.44,355905.719,679.69,310989.031
CAL_WIN,10228,41,D4,6,1654.447,4104.053,50.0,-4091.0,3296.0,9.987,803.60,867.91,1617.19,0.374251,1222666.875,5072738.000,16582259.000,12251769.000,5194544.000,3274908.000,292.97,2956710.250,199.22,2107615.000,515.62,1503653.000,386.72,1227212.875,585.94,543853.187,703.12,349779.188,164.06,333636.188,773.44,323107.813
CAL_WIN,10247,41,D4,6,1575.352,4135.177,53.0,-4091.0,3296.0,9.920,804.17,869.02,1628.91,0.376265,1164711.000,4884220.500,15125655.000,11722034.000,4772199.000,3073757.500,292.97,2744175.500,199.22,1963642.000,515.62,1387504.375,386.72,1141100.875,574.22,525179.750,679.69,338715.844,480.47,327255.125,164.06,319667.188
CAL_WIN,10266,41,D4,6,1512.869,3947.618,55.0,-3939.0,3296.0,9.839,809.69,871.69,1664.06,0.375060,1066168.750,4587258.500,13527781.000,10966282.000,4377845.000,2854721.500,292.97,2493441.000,199.22,1813086.750,515.62,1229176.125,386.72,1041941.375,574.22,492419.969,679.69,365345.031,480.47,315146.813,761.72,262697.688
CAL_WIN,10284,41,D4,6,1448.034,3872.088,61.0,-3874.0,3296.0,9.748,824.91,883.08,1699.22,0.408337,956519.000,4153802.250,12000437.000,9968561.000,4027990.250,2690956.000,292.97,2240241.000,199.22,1644135.000,503.91,1068781.375,386.72,929545.750,574.22,451120.688,679.69,376102.969,257.81,264056.906,761.72,235697.609
CAL_WIN,10303,41,D4,6,1367.223,3574.038,64.0,-3596.0,3296.0,9.652,832.57,887.16,1710.94,0.407657,843757.937,3620578.000,10779620.000,8781944.000,3628256.250,2438420.250,292.97,1990765.625,199.22,1468239.375,503.91,976395.125,386.72,828010.375,574.22,397036.438,679.69,361400.688,257.81,219344.641,761.72,207858.250
CAL_WIN,10322,41,D4,6,1278.075,3418.860,66.0,-3476.0,3296.0,9.553,832.38,885.45,1710.94,0.403091,727555.187,3131703.000,9871821.000,7568207.000,3218609.250,2156600.500,292.97,1764498.000,199.22,1282779.625,503.91,830346.000,386.72,730071.062,574.22,334737.656,679.69,326558.594,761.72,180028.781,867.19,149611.484
CAL_WIN,10340,41,D4,6,1160.378,3330.610,69.0,-3284.0,3296.0,9.448,826.51,880.73,1699.22,0.396096,599945.000,2745830.750,9020535.000,6376119.000,2817912.000,1856878.375,304.69,1600976.375,210.94,1141370.875,492.19,690574.375,398.44,652053.312,679.69,281054.688,574.22,273555.031,164.06,194847.781,761.72,151915.125
CAL_WIN,10359,41,D4,6,1033.701,3346.940,75.0,-3043.0,3296.0,9.336,818.43,870.85,1675.78,0.376075,463115.875,2409757.250,8109132.500,5310871.500,2439821.500,1547585.875,304.69,1441662.375,210.94,1017510.375,492.19,681439.187,398.44,582731.687,515.62,462846.344,679.69,234125.750,585.94,222297.781,164.06,173908.672
CAL_WIN,10378,41,D4,6,900.970,3313.664,77.0,-2031.0,3296.0,9.216,822.62,865.11,1664.06,0.379637,330867.469,2121016.500,7199379.500,4545931.500,2180386.750,1326030.250,304.69,1288403.750,210.94,890101.000,492.19,655733.812,398.44,512499.531,515.62,398421.781,679.69,193698.000,585.94,170680.172,164.06,153972.234
CAL_WIN,10396,41,D4,6,821.070,3172.775,78.0,-1798.0,3173.0,9.092,836.92,861.96,1652.34,0.402514,251983.547,1806638.125,6363613.500,4175144.250,2025977.000,1179620.250,304.69,1133231.625,210.94,773826.187,492.19,631369.562,398.44,447469.938,515.62,359726.969,679.69,164902.656,796.87,156218.859,164.06,142466.547
CAL_WIN,10415,41,D4,6,751.868,2686.323,75.0,-1566.0,2688.0,8.975,843.40,848.56,1628.91,0.401800,227012.094,1459661.125,5632632.000,4100830.500,1877121.000,1039287.000,304.69,989852.875,210.94,667089.375,492.19,616484.812,398.44,382345.031,515.62,339118.000,796.87,171508.453,679.69,149304.781,164.06,139287.359
CAL_WIN,10434,41,D4,6,693.506,2361.872,82.0,-1479.0,2377.0,8.878,843.11,829.18,1570.31,0.391057,208084.984,1122453.500,5001982.500,4026894.250,1717906.000,888776.875,304.69,864373.062,492.19,611821.937,210.94,581347.687,398.44,329822.719,796.87,176959.062,679.69,142369.437,164.06,132357.000,1019.53,129468.187
CAL_WIN,10452,41,D4,6,627.087,1991.638,75.0,-1364.0,1993.0,8.811,837.04,805.50,1546.88,0.365826,195475.578,853087.937,4438874.500,3882561.250,1564209.375,734980.875,304.69,777308.625,492.19,615007.125,210.94,517127.094,281.25,309536.594,398.44,290677.000,187.50,180961.250,796.87,170440.328,691.41,152838.547
CAL_WIN,10471,41,D4,6,602.703,1733.703,74.0,-1346.0,1728.0,8.782,837.20,791.23,1546.88,0.341513,193826.937,660318.625,3961402.500,3716491.750,1450119.375,632887.937,304.69,735595.937,492.19,621158.125,210.94,487404.313,281.25,294786.219,398.44,274696.563,187.50,188953.812,691.41,170807.656,796.87,154961.406
CAL_WIN,10490,41,D4,6,579.959,1392.613,79.0,-1399.0,1330.0,8.791,810.05,784.72,1523.44,0.338067,213795.156,791079.500,4169663.000,3561870.000,1414832.125,614321.187,304.69,747444.062,492.19,627257.812,210.94,490262.531,281.25,279420.375,398.44,278168.000,187.50,205631.000,691.41,176715.578,796.87,134920.922
CSV_END
CAP_END {"type":"CAP_END","key_idx":41,"key":"D4","windows":474,"resp_ms_est":423,"baseline_rms_mean":84.346,"baseline_rms_std":7.058,"shift_right_final":12,"clip_pct":0.000}
DONE.

NEXT: key_idx=42 label=D#4 ÔÇö press ENTER to record (or type help)
