[04.12.2025 05:50:11.002] esc/room1/images_piano/metric {"t":"BTN","up":692,"en":1,"i":2,"pin":14,"state":0,"presses":76}
[04.12.2025 05:50:11.003] esc/room1/images_piano/metric {"t":"BTN","up":692,"en":1,"i":3,"pin":12,"state":1,"presses":0}
[04.12.2025 05:50:11.004] esc/room1/images_piano/metric {"t":"ALL","up":692,"all_pressed":0}
[04.12.2025 05:50:11.005] esc/room1/images_piano/log {"lvl":"INFO","msg":"BTN idx=2 pin=14 state=RELEASED dt=80ms presses=76"}
[04.12.2025 05:50:11.006] esc/room1/images_piano/log {"lvl":"INFO","msg":"BTN idx=2 pin=14 state=RELEASED dt=41ms presses=76"}
[04.12.2025 05:50:11.007] esc/room1/images_piano/log {"lvl":"INFO","msg":"BTN idx=2 pin=14 state=RELEASED dt=68ms presses=76"}
[04.12.2025 05:50:11.008] esc/room1/images_piano/log {"lvl":"INFO","msg":"BTN idx=2 pin=14 state=RELEASED dt=41ms presses=76"}
[04.12.2025 05:50:11.009] esc/room1/images_piano/log {"lvl":"INFO","msg":"BTN idx=2 pin=14 state=RELEASED dt=39ms presses=76"}
[04.12.2025 05:50:11.010] esc/room1/images_piano/log {"lvl":"INFO","msg":"BTN idx=2 pin=14 state=RELEASED dt=81ms presses=76"}
[04.12.2025 05:50:11.011] esc/room1/images_piano/log {"lvl":"INFO","msg":"BTN idx=2 pin=14 state=RELEASED dt=88ms presses=76"}
[04.12.2025 05:50:11.012] esc/room1/images_piano/log {"lvl":"INFO","msg":"BTN idx=2 pin=14 state=RELEASED dt=31ms presses=76"}
[04.12.2025 05:50:11.013] esc/room1/images_piano/log {"lvl":"INFO","msg":"BTN idx=2 pin=14 state=RELEASED dt=30ms presses=76"}
[04.12.2025 05:50:11.014] esc/room1/images_piano/log {"lvl":"INFO","msg":"BTN idx=2 pin=14 state=RELEASED dt=90ms presses=76"}
[04.12.2025 05:50:11.015] esc/room3/knocking/metric {"t":"INF","up":50369,"df":1,"en":1,"i":0,"avg":55,"max":312,"base":51,"d":4,"thr":1200}
[04.12.2025 05:50:11.016] esc/room3/knocking/metric {"t":"INF","up":50369,"df":1,"en":1,"i":1,"avg":64,"max":304,"base":55,"d":9,"thr":1200}
[04.12.2025 05:50:11.017] esc/room3/knocking/metric {"t":"INF","up":50369,"df":1,"en":1,"i":2,"avg":24,"max":291,"base":16,"d":8,"thr":1200}
[04.12.2025 05:50:11.019] esc/room1/images_piano/log {"lvl":"INFO","msg":"BTN idx=2 pin=14 state=RELEASED dt=52ms presses=76"}
[04.12.2025 05:50:11.020] esc/room1/images_piano/log {"lvl":"INFO","msg":"BTN idx=2 pin=14 state=RELEASED dt=31ms presses=76"}
[04.12.2025 05:50:11.021] esc/room1/images_piano/log {"lvl":"INFO","msg":"BTN idx=2 pin=14 state=RELEASED dt=46ms presses=76"}
[04.12.2025 05:50:11.022] esc/room1/images_piano/log {"lvl":"INFO","msg":"BTN idx=2 pin=14 state=RELEASED dt=32ms presses=76"}
[04.12.2025 05:50:11.024] esc/room1/images_piano/log {"lvl":"INFO","msg":"BTN idx=2 pin=14 state=RELEASED dt=40ms presses=76"}
[04.12.2025 05:50:11.025] esc/room1/images_piano/log {"lvl":"INFO","msg":"BTN idx=2 pin=14 state=RELEASED dt=40ms presses=76"}
[04.12.2025 05:50:11.026] esc/room1/images_piano/log {"lvl":"INFO","msg":"BTN idx=2 pin=14 state=RELEASED dt=50ms presses=76"}
[04.12.2025 05:50:11.028] esc/room1/images_piano/log {"lvl":"INFO","msg":"BTN idx=2 pin=14 state=RELEASED dt=30ms presses=76"}
[04.12.2025 05:50:11.029] esc/room1/images_piano/log {"lvl":"INFO","msg":"BTN idx=2 pin=14 state=RELEASED dt=49ms presses=76"}
[04.12.2025 05:50:11.030] esc/room1/images_piano/log {"lvl":"INFO","msg":"BTN idx=2 pin=14 state=RELEASED dt=31ms presses=76"}
[04.12.2025 05:50:11.031] esc/room1/images_piano/metric {"t":"BTN","up":693,"en":1,"i":0,"pin":25,"state":1,"presses":0}
[04.12.2025 05:50:11.032] esc/room1/images_piano/metric {"t":"BTN","up":693,"en":1,"i":1,"pin":26,"state":1,"presses":0}
[04.12.2025 05:50:11.033] esc/room1/images_piano/metric {"t":"BTN","up":693,"en":1,"i":2,"pin":14,"state":0,"presses":76}
[04.12.2025 05:50:11.034] esc/room1/images_piano/metric {"t":"BTN","up":693,"en":1,"i":3,"pin":12,"state":1,"presses":0}
[04.12.2025 05:50:11.035] esc/room1/images_piano/metric {"t":"ALL","up":693,"all_pressed":0}
[04.12.2025 05:50:11.036] esc/room1/images_piano/log {"lvl":"INFO","msg":"BTN idx=2 pin=14 state=RELEASED dt=58ms presses=76"}
[04.12.2025 05:50:11.037] esc/room1/images_piano/log {"lvl":"INFO","msg":"BTN idx=2 pin=14 state=RELEASED dt=80ms presses=76"}
[04.12.2025 05:50:11.038] esc/room1/images_piano/log {"lvl":"INFO","msg":"BTN idx=2 pin=14 state=RELEASED dt=53ms presses=76"}
[04.12.2025 05:50:11.040] esc/room1/images_piano/log {"lvl":"INFO","msg":"BTN idx=2 pin=14 state=RELEASED dt=40ms presses=76"}
[04.12.2025 05:50:11.041] esc/room1/images_piano/log {"lvl":"INFO","msg":"BTN idx=2 pin=14 state=RELEASED dt=56ms presses=76"}
[04.12.2025 05:50:11.042] esc/room1/images_piano/log {"lvl":"INFO","msg":"BTN idx=2 pin=14 state=RELEASED dt=63ms presses=76"}
[04.12.2025 05:50:11.043] esc/room1/images_piano/log {"lvl":"INFO","msg":"BTN idx=2 pin=14 state=RELEASED dt=38ms presses=76"}
[04.12.2025 05:50:11.044] esc/room1/images_piano/log {"lvl":"INFO","msg":"BTN idx=2 pin=14 state=RELEASED dt=51ms presses=76"}
[04.12.2025 05:50:11.045] esc/room1/images_piano/log {"lvl":"INFO","msg":"BTN idx=2 pin=14 state=RELEASED dt=39ms presses=76"}
[04.12.2025 05:50:11.047] esc/room1/images_piano/log {"lvl":"INFO","msg":"BTN idx=2 pin=14 state=RELEASED dt=41ms presses=76"}
[04.12.2025 05:50:11.048] esc/room1/images_piano/log {"lvl":"INFO","msg":"BTN idx=2 pin=14 state=RELEASED dt=40ms presses=76"}
[04.12.2025 05:50:11.049] esc/room3/knocking/metric {"t":"INF","up":50370,"df":1,"en":1,"i":0,"avg":55,"max":267,"base":51,"d":4,"thr":1200}
[04.12.2025 05:50:11.050] esc/room3/knocking/metric {"t":"INF","up":50370,"df":1,"en":1,"i":1,"avg":64,"max":282,"base":55,"d":9,"thr":1200}
[04.12.2025 05:50:11.051] esc/room3/knocking/metric {"t":"INF","up":50370,"df":1,"en":1,"i":2,"avg":25,"max":273,"base":16,"d":9,"thr":1200}
[04.12.2025 05:50:11.052] esc/room1/images_piano/log {"lvl":"INFO","msg":"BTN idx=2 pin=14 state=RELEASED dt=81ms presses=76"}
[04.12.2025 05:50:11.053] esc/room1/images_piano/log {"lvl":"INFO","msg":"BTN idx=2 pin=14 state=RELEASED dt=69ms presses=76"}
[04.12.2025 05:50:11.054] esc/room1/images_piano/log {"lvl":"INFO","msg":"BTN idx=2 pin=14 state=RELEASED dt=30ms presses=76"}
[04.12.2025 05:50:11.055] esc/room1/images_piano/log {"lvl":"INFO","msg":"BTN idx=2 pin=14 state=RELEASED dt=32ms presses=76"}
[04.12.2025 05:50:11.056] esc/room1/images_piano/log {"lvl":"INFO","msg":"BTN idx=2 pin=14 state=RELEASED dt=39ms presses=76"}
[04.12.2025 05:50:11.057] esc/room1/images_piano/log {"lvl":"INFO","msg":"BTN idx=2 pin=14 state=RELEASED dt=30ms presses=76"}
[04.12.2025 05:50:11.058] esc/room1/images_piano/log {"lvl":"INFO","msg":"BTN idx=2 pin=14 state=RELEASED dt=48ms presses=76"}
[04.12.2025 05:50:11.059] esc/room1/images_piano/log {"lvl":"INFO","msg":"BTN idx=2 pin=14 state=RELEASED dt=42ms presses=76"}
[04.12.2025 05:50:11.060] esc/room1/images_piano/log {"lvl":"INFO","msg":"BTN idx=2 pin=14 state=RELEASED dt=48ms presses=76"}
[04.12.2025 05:50:11.061] esc/room1/images_piano/log {"lvl":"INFO","msg":"BTN idx=2 pin=14 state=RELEASED dt=31ms presses=76"}
[04.12.2025 05:50:11.062] esc/room1/images_piano/metric {"t":"BTN","up":694,"en":1,"i":0,"pin":25,"state":1,"presses":0}
[04.12.2025 05:50:11.063] esc/room1/images_piano/metric {"t":"BTN","up":694,"en":1,"i":1,"pin":26,"state":1,"presses":0}
[04.12.2025 05:50:11.064] esc/room1/images_piano/metric {"t":"BTN","up":694,"en":1,"i":2,"pin":14,"state":0,"presses":76}
[04.12.2025 05:50:11.065] esc/room1/images_piano/metric {"t":"BTN","up":694,"en":1,"i":3,"pin":12,"state":1,"presses":0}
[04.12.2025 05:50:11.066] esc/room1/images_piano/metric {"t":"ALL","up":694,"all_pressed":0}
[04.12.2025 05:50:11.067] esc/room1/images_piano/log {"lvl":"INFO","msg":"BTN idx=2 pin=14 state=RELEASED dt=42ms presses=76"}
[04.12.2025 05:50:11.068] esc/room1/images_piano/log {"lvl":"INFO","msg":"BTN idx=2 pin=14 state=RELEASED dt=58ms presses=76"}
[04.12.2025 05:50:11.073] esc/room1/images_piano/log {"lvl":"INFO","msg":"BTN idx=2 pin=14 state=RELEASED dt=30ms presses=76"}
[04.12.2025 05:50:11.074] esc/room1/images_piano/log {"lvl":"INFO","msg":"BTN idx=2 pin=14 state=RELEASED dt=61ms presses=76"}
[04.12.2025 05:50:11.075] esc/room1/images_piano/log {"lvl":"INFO","msg":"BTN idx=2 pin=14 state=RELEASED dt=58ms presses=76"}
[04.12.2025 05:50:11.076] esc/room1/images_piano/log {"lvl":"INFO","msg":"BTN idx=2 pin=14 state=RELEASED dt=41ms presses=76"}
[04.12.2025 05:50:11.077] esc/room1/images_piano/log {"lvl":"INFO","msg":"BTN idx=2 pin=14 state=RELEASED dt=41ms presses=76"}
[04.12.2025 05:50:11.079] esc/room1/images_piano/log {"lvl":"INFO","msg":"BTN idx=2 pin=14 state=RELEASED dt=78ms presses=76"}
[04.12.2025 05:50:11.080] esc/room1/images_piano/log {"lvl":"INFO","msg":"BTN idx=2 pin=14 state=RELEASED dt=40ms presses=76"}
[04.12.2025 05:50:11.081] esc/room1/images_piano/log {"lvl":"INFO","msg":"BTN idx=2 pin=14 state=RELEASED dt=40ms presses=76"}
[04.12.2025 05:50:11.082] esc/room1/images_piano/log {"lvl":"INFO","msg":"BTN idx=2 pin=14 state=RELEASED dt=31ms presses=76"}
[04.12.2025 05:50:11.083] esc/room1/images_piano/log {"lvl":"INFO","msg":"BTN idx=2 pin=14 state=RELEASED dt=30ms presses=76"}
[04.12.2025 05:50:11.084] esc/room1/images_piano/log {"lvl":"INFO","msg":"BTN idx=2 pin=14 state=RELEASED dt=72ms presses=76"}
[04.12.2025 05:50:11.085] esc/room3/knocking/metric {"t":"INF","up":50371,"df":1,"en":1,"i":0,"avg":55,"max":254,"base":51,"d":4,"thr":1200}
[04.12.2025 05:50:11.087] esc/room3/knocking/metric {"t":"INF","up":50371,"df":1,"en":1,"i":1,"avg":63,"max":303,"base":55,"d":8,"thr":1200}
[04.12.2025 05:50:11.088] esc/room3/knocking/metric {"t":"INF","up":50371,"df":1,"en":1,"i":2,"avg":25,"max":295,"base":16,"d":9,"thr":1200}
[04.12.2025 05:50:11.089] esc/room1/images_piano/log {"lvl":"INFO","msg":"BTN idx=2 pin=14 state=RELEASED dt=59ms presses=76"}
[04.12.2025 05:50:11.090] esc/room1/images_piano/log {"lvl":"INFO","msg":"BTN idx=2 pin=14 state=RELEASED dt=39ms presses=76"}
[04.12.2025 05:50:11.091] esc/room1/images_piano/log {"lvl":"INFO","msg":"BTN idx=2 pin=14 state=RELEASED dt=69ms presses=76"}
[04.12.2025 05:50:11.092] esc/room1/images_piano/log {"lvl":"INFO","msg":"BTN idx=2 pin=14 state=RELEASED dt=42ms presses=76"}
[04.12.2025 05:50:11.092] esc/room1/images_piano/log {"lvl":"INFO","msg":"BTN idx=2 pin=14 state=RELEASED dt=69ms presses=76"}
[04.12.2025 05:50:11.093] esc/room1/images_piano/log {"lvl":"INFO","msg":"BTN idx=2 pin=14 state=RELEASED dt=30ms presses=76"}
[04.12.2025 05:50:11.094] esc/room1/images_piano/log {"lvl":"INFO","msg":"BTN idx=2 pin=14 state=RELEASED dt=30ms presses=76"}
[04.12.2025 05:50:11.095] esc/room1/images_piano/hb {"node":"images_piano","fw":"images_piano_v1.6_4btn_eth_ota_solved_open_edge","ip":"192.168.0.12","uptime":695,"df_ok":false,"enabled":true}
[04.12.2025 05:50:11.096] esc/room1/images_piano/metric {"t":"BTN","up":695,"en":1,"i":0,"pin":25,"state":1,"presses":0}
[04.12.2025 05:50:11.097] esc/room1/images_piano/metric {"t":"BTN","up":695,"en":1,"i":1,"pin":26,"state":1,"presses":0}
[04.12.2025 05:50:11.099] esc/room1/images_piano/metric {"t":"BTN","up":695,"en":1,"i":2,"pin":14,"state":0,"presses":76}
[04.12.2025 05:50:11.100] esc/room1/images_piano/metric {"t":"BTN","up":695,"en":1,"i":3,"pin":12,"state":1,"presses":0}
[04.12.2025 05:50:11.101] esc/room1/images_piano/metric {"t":"ALL","up":695,"all_pressed":0}
[04.12.2025 05:50:11.102] esc/room1/images_piano/log {"lvl":"INFO","msg":"BTN idx=2 pin=14 state=RELEASED dt=50ms presses=76"}
[04.12.2025 05:50:11.103] esc/room1/images_piano/log {"lvl":"INFO","msg":"BTN idx=2 pin=14 state=RELEASED dt=61ms presses=76"}
[04.12.2025 05:50:11.104] esc/room1/images_piano/log {"lvl":"INFO","msg":"BTN idx=2 pin=14 state=RELEASED dt=68ms presses=76"}
[04.12.2025 05:50:11.105] esc/room1/images_piano/log {"lvl":"INFO","msg":"BTN idx=2 pin=14 state=RELEASED dt=30ms presses=76"}
[04.12.2025 05:50:11.105] esc/room1/images_piano/log {"lvl":"INFO","msg":"BTN idx=2 pin=14 state=RELEASED dt=42ms presses=76"}
[04.12.2025 05:50:11.107] esc/room0/maglock_ctrl/hb {"node":"maglock_ctrl","fw":"maglock_ctrl_v11","ip":"192.168.0.11","uptime":50372}
[04.12.2025 05:50:11.108] esc/room1/images_piano/log {"lvl":"INFO","msg":"BTN idx=2 pin=14 state=RELEASED dt=38ms presses=76"}
[04.12.2025 05:50:11.109] esc/room1/images_piano/log {"lvl":"INFO","msg":"BTN idx=2 pin=14 state=RELEASED dt=40ms presses=76"}
[04.12.2025 05:50:11.109] esc/room1/images_piano/log {"lvl":"INFO","msg":"BTN idx=2 pin=14 state=RELEASED dt=60ms presses=76"}
[04.12.2025 05:50:11.111] esc/room1/images_piano/log {"lvl":"INFO","msg":"BTN idx=2 pin=14 state=RELEASED dt=30ms presses=76"}
[04.12.2025 05:50:11.112] esc/room1/images_piano/log {"lvl":"INFO","msg":"BTN idx=2 pin=14 state=RELEASED dt=61ms presses=76"}
[04.12.2025 05:50:11.112] esc/room1/images_piano/log {"lvl":"INFO","msg":"BTN idx=2 pin=14 state=RELEASED dt=32ms presses=76"}
[04.12.2025 05:50:11.113] esc/room1/images_piano/log {"lvl":"INFO","msg":"BTN idx=2 pin=14 state=RELEASED dt=57ms presses=76"}
[04.12.2025 05:50:11.114] esc/room1/images_piano/log {"lvl":"INFO","msg":"BTN idx=2 pin=14 state=RELEASED dt=41ms presses=76"}
[04.12.2025 05:50:11.115] esc/room1/images_piano/log {"lvl":"INFO","msg":"BTN idx=2 pin=14 state=RELEASED dt=41ms presses=76"}
[04.12.2025 05:50:11.116] esc/room3/knocking/metric {"t":"INF","up":50372,"df":1,"en":1,"i":0,"avg":54,"max":285,"base":51,"d":3,"thr":1200}
[04.12.2025 05:50:11.117] esc/room3/knocking/metric {"t":"INF","up":50372,"df":1,"en":1,"i":1,"avg":64,"max":291,"base":55,"d":9,"thr":1200}
[04.12.2025 05:50:11.118] esc/room3/knocking/metric {"t":"INF","up":50372,"df":1,"en":1,"i":2,"avg":24,"max":232,"base":16,"d":8,"thr":1200}
[04.12.2025 05:50:11.119] esc/room1/images_piano/log {"lvl":"INFO","msg":"BTN idx=2 pin=14 state=RELEASED dt=30ms presses=76"}
[04.12.2025 05:50:11.120] esc/room1/images_piano/log {"lvl":"INFO","msg":"BTN idx=2 pin=14 state=RELEASED dt=38ms presses=76"}
[04.12.2025 05:50:11.121] esc/room1/images_piano/log {"lvl":"INFO","msg":"BTN idx=2 pin=14 state=RELEASED dt=41ms presses=76"}
[04.12.2025 05:50:11.122] esc/room1/images_piano/log {"lvl":"INFO","msg":"BTN idx=2 pin=14 state=RELEASED dt=41ms presses=76"}
[04.12.2025 05:50:11.124] esc/room1/images_piano/log {"lvl":"INFO","msg":"BTN idx=2 pin=14 state=RELEASED dt=39ms presses=76"}
[04.12.2025 05:50:11.125] esc/room1/images_piano/log {"lvl":"INFO","msg":"BTN idx=2 pin=14 state=RELEASED dt=41ms presses=76"}
[04.12.2025 05:50:11.126] esc/room1/images_piano/log {"lvl":"INFO","msg":"BTN idx=2 pin=14 state=RELEASED dt=40ms presses=76"}
[04.12.2025 05:50:11.127] esc/room1/images_piano/log {"lvl":"INFO","msg":"BTN idx=2 pin=14 state=RELEASED dt=40ms presses=76"}
[04.12.2025 05:50:11.128] esc/room1/images_piano/log {"lvl":"INFO","msg":"BTN idx=2 pin=14 state=RELEASED dt=30ms presses=76"}
[04.12.2025 05:50:11.131] esc/room1/images_piano/log {"lvl":"INFO","msg":"BTN idx=2 pin=14 state=RELEASED dt=47ms presses=76"}
[04.12.2025 05:50:11.138] esc/room1/images_piano/metric {"t":"BTN","up":696,"en":1,"i":0,"pin":25,"state":1,"presses":0}
[04.12.2025 05:50:11.139] esc/room1/images_piano/metric {"t":"BTN","up":696,"en":1,"i":1,"pin":26,"state":1,"presses":0}
[04.12.2025 05:50:11.140] esc/room1/images_piano/metric {"t":"BTN","up":696,"en":1,"i":2,"pin":14,"state":0,"presses":76}
[04.12.2025 05:50:11.141] esc/room1/images_piano/metric {"t":"BTN","up":696,"en":1,"i":3,"pin":12,"state":1,"presses":0}
[04.12.2025 05:50:11.142] esc/room1/images_piano/metric {"t":"ALL","up":696,"all_pressed":0}
[04.12.2025 05:50:11.143] esc/room1/images_piano/log {"lvl":"INFO","msg":"BTN idx=2 pin=14 state=RELEASED dt=32ms presses=76"}
[04.12.2025 05:50:11.144] esc/room1/images_piano/log {"lvl":"INFO","msg":"BTN idx=2 pin=14 state=RELEASED dt=30ms presses=76"}
[04.12.2025 05:50:11.146] esc/room1/images_piano/log {"lvl":"INFO","msg":"BTN idx=2 pin=14 state=RELEASED dt=37ms presses=76"}
[04.12.2025 05:50:11.147] esc/room1/images_piano/log {"lvl":"INFO","msg":"BTN idx=2 pin=14 state=RELEASED dt=33ms presses=76"}
[04.12.2025 05:50:11.148] esc/room1/images_piano/log {"lvl":"INFO","msg":"BTN idx=2 pin=14 state=RELEASED dt=50ms presses=76"}
[04.12.2025 05:50:11.149] esc/room1/images_piano/log {"lvl":"INFO","msg":"BTN idx=2 pin=14 state=RELEASED dt=41ms presses=76"}
[04.12.2025 05:50:11.150] esc/room1/images_piano/log {"lvl":"INFO","msg":"BTN idx=2 pin=14 state=RELEASED dt=78ms presses=76"}
[04.12.2025 05:50:11.151] esc/room1/images_piano/log {"lvl":"INFO","msg":"BTN idx=2 pin=14 state=RELEASED dt=53ms presses=76"}
[04.12.2025 05:50:11.152] esc/room1/images_piano/log {"lvl":"INFO","msg":"BTN idx=2 pin=14 state=RELEASED dt=37ms presses=76"}
[04.12.2025 05:50:11.153] esc/room3/knocking/hb {"node":"knocking","fw":"knocking_v5.11_3piezo_eth_ota_df_seq_timer_log","ip":"192.168.0.14","uptime":50373,"df_ok":true,"enabled":true}
[04.12.2025 05:50:11.154] esc/room1/images_piano/log {"lvl":"INFO","msg":"BTN idx=2 pin=14 state=RELEASED dt=41ms presses=76"}
[04.12.2025 05:50:11.155] esc/room1/images_piano/log {"lvl":"INFO","msg":"BTN idx=2 pin=14 state=RELEASED dt=30ms presses=76"}
[04.12.2025 05:50:11.156] esc/room1/images_piano/log {"lvl":"INFO","msg":"BTN idx=2 pin=14 state=RELEASED dt=51ms presses=76"}
[04.12.2025 05:50:11.157] esc/room1/images_piano/log {"lvl":"INFO","msg":"BTN idx=2 pin=14 state=RELEASED dt=30ms presses=76"}
[04.12.2025 05:50:11.158] esc/room1/images_piano/log {"lvl":"INFO","msg":"BTN idx=2 pin=14 state=RELEASED dt=38ms presses=76"}
[04.12.2025 05:50:11.160] esc/room1/images_piano/log {"lvl":"INFO","msg":"BTN idx=2 pin=14 state=RELEASED dt=31ms presses=76"}
[04.12.2025 05:50:11.161] esc/room3/knocking/metric {"t":"INF","up":50373,"df":1,"en":1,"i":0,"avg":55,"max":272,"base":51,"d":4,"thr":1200}
[04.12.2025 05:50:11.162] esc/room3/knocking/metric {"t":"INF","up":50373,"df":1,"en":1,"i":1,"avg":64,"max":279,"base":55,"d":9,"thr":1200}
[04.12.2025 05:50:11.163] esc/room3/knocking/metric {"t":"INF","up":50373,"df":1,"en":1,"i":2,"avg":24,"max":224,"base":16,"d":8,"thr":1200}
[04.12.2025 05:50:11.164] esc/room1/images_piano/log {"lvl":"INFO","msg":"BTN idx=2 pin=14 state=RELEASED dt=40ms presses=76"}
[04.12.2025 05:50:11.165] esc/room1/images_piano/log {"lvl":"INFO","msg":"BTN idx=2 pin=14 state=RELEASED dt=90ms presses=76"}
[04.12.2025 05:50:11.166] esc/room1/images_piano/log {"lvl":"INFO","msg":"BTN idx=2 pin=14 state=RELEASED dt=39ms presses=76"}
[04.12.2025 05:50:11.167] esc/room1/images_piano/log {"lvl":"INFO","msg":"BTN idx=2 pin=14 state=RELEASED dt=40ms presses=76"}
[04.12.2025 05:50:11.168] esc/room1/images_piano/log {"lvl":"INFO","msg":"BTN idx=2 pin=14 state=RELEASED dt=43ms presses=76"}
[04.12.2025 05:50:11.169] esc/room1/images_piano/log {"lvl":"INFO","msg":"BTN idx=2 pin=14 state=RELEASED dt=47ms presses=76"}
[04.12.2025 05:50:11.170] esc/room1/images_piano/log {"lvl":"INFO","msg":"BTN idx=2 pin=14 state=RELEASED dt=50ms presses=76"}
[04.12.2025 05:50:11.171] esc/room1/images_piano/log {"lvl":"INFO","msg":"BTN idx=2 pin=14 state=RELEASED dt=32ms presses=76"}
[04.12.2025 05:50:11.172] esc/room1/images_piano/metric {"t":"BTN","up":697,"en":1,"i":0,"pin":25,"state":1,"presses":0}
[04.12.2025 05:50:11.174] esc/room1/images_piano/metric {"t":"BTN","up":697,"en":1,"i":1,"pin":26,"state":1,"presses":0}
[04.12.2025 05:50:11.176] esc/room1/images_piano/metric {"t":"BTN","up":697,"en":1,"i":2,"pin":14,"state":0,"presses":76}
[04.12.2025 05:50:11.177] esc/room1/images_piano/metric {"t":"BTN","up":697,"en":1,"i":3,"pin":12,"state":1,"presses":0}
[04.12.2025 05:50:11.178] esc/room1/images_piano/metric {"t":"ALL","up":697,"all_pressed":0}
[04.12.2025 05:50:11.179] esc/room1/images_piano/log {"lvl":"INFO","msg":"BTN idx=2 pin=14 state=RELEASED dt=31ms presses=76"}
[04.12.2025 05:50:11.180] esc/room1/images_piano/log {"lvl":"INFO","msg":"BTN idx=2 pin=14 state=RELEASED dt=120ms presses=76"}
[04.12.2025 05:50:11.181] esc/room1/images_piano/log {"lvl":"INFO","msg":"BTN idx=2 pin=14 state=RELEASED dt=37ms presses=76"}
[04.12.2025 05:50:11.182] esc/room1/images_piano/log {"lvl":"INFO","msg":"BTN idx=2 pin=14 state=RELEASED dt=30ms presses=76"}
[04.12.2025 05:50:11.183] esc/room1/images_piano/log {"lvl":"INFO","msg":"BTN idx=2 pin=14 state=RELEASED dt=30ms presses=76"}
[04.12.2025 05:50:11.184] esc/room1/images_piano/log {"lvl":"INFO","msg":"BTN idx=2 pin=14 state=RELEASED dt=61ms presses=76"}
[04.12.2025 05:50:11.185] esc/room1/images_piano/log {"lvl":"INFO","msg":"BTN idx=2 pin=14 state=RELEASED dt=72ms presses=76"}
[04.12.2025 05:50:11.187] esc/room1/images_piano/log {"lvl":"INFO","msg":"BTN idx=2 pin=14 state=RELEASED dt=30ms presses=76"}
[04.12.2025 05:50:11.188] esc/room1/images_piano/log {"lvl":"INFO","msg":"BTN idx=2 pin=14 state=RELEASED dt=49ms presses=76"}
[04.12.2025 05:50:11.189] esc/room1/images_piano/log {"lvl":"INFO","msg":"BTN idx=2 pin=14 state=RELEASED dt=59ms presses=76"}
[04.12.2025 05:50:11.190] esc/room1/images_piano/log {"lvl":"INFO","msg":"BTN idx=2 pin=14 state=RELEASED dt=62ms presses=76"}
[04.12.2025 05:50:11.191] esc/room1/images_piano/log {"lvl":"INFO","msg":"BTN idx=2 pin=14 state=RELEASED dt=37ms presses=76"}
[04.12.2025 05:50:11.195] esc/room3/knocking/metric {"t":"INF","up":50374,"df":1,"en":1,"i":0,"avg":55,"max":304,"base":51,"d":4,"thr":1200}
[04.12.2025 05:50:11.196] esc/room3/knocking/metric {"t":"INF","up":50374,"df":1,"en":1,"i":1,"avg":64,"max":279,"base":55,"d":9,"thr":1200}
[04.12.2025 05:50:11.197] esc/room3/knocking/metric {"t":"INF","up":50374,"df":1,"en":1,"i":2,"avg":25,"max":292,"base":16,"d":9,"thr":1200}
[04.12.2025 05:50:11.200] esc/room1/images_piano/log {"lvl":"INFO","msg":"BTN idx=2 pin=14 state=RELEASED dt=32ms presses=76"}
[04.12.2025 05:50:11.201] esc/room1/images_piano/log {"lvl":"INFO","msg":"BTN idx=2 pin=14 state=RELEASED dt=50ms presses=76"}
[04.12.2025 05:50:11.206] esc/room1/images_piano/log {"lvl":"INFO","msg":"BTN idx=2 pin=14 state=RELEASED dt=38ms presses=76"}
[04.12.2025 05:50:11.207] esc/room1/images_piano/log {"lvl":"INFO","msg":"BTN idx=2 pin=14 state=RELEASED dt=50ms presses=76"}
[04.12.2025 05:50:11.209] esc/room1/images_piano/log {"lvl":"INFO","msg":"BTN idx=2 pin=14 state=RELEASED dt=81ms presses=76"}
[04.12.2025 05:50:11.210] esc/room1/images_piano/log {"lvl":"INFO","msg":"BTN idx=2 pin=14 state=RELEASED dt=31ms presses=76"}
[04.12.2025 05:50:11.211] esc/room1/images_piano/log {"lvl":"INFO","msg":"BTN idx=2 pin=14 state=RELEASED dt=70ms presses=76"}
[04.12.2025 05:50:11.213] esc/room1/images_piano/log {"lvl":"INFO","msg":"BTN idx=2 pin=14 state=RELEASED dt=31ms presses=76"}
[04.12.2025 05:50:11.214] esc/room1/images_piano/metric {"t":"BTN","up":698,"en":1,"i":0,"pin":25,"state":1,"presses":0}
[04.12.2025 05:50:11.215] esc/room1/images_piano/metric {"t":"BTN","up":698,"en":1,"i":1,"pin":26,"state":1,"presses":0}
[04.12.2025 05:50:11.217] esc/room1/images_piano/metric {"t":"BTN","up":698,"en":1,"i":2,"pin":14,"state":0,"presses":76}
[04.12.2025 05:50:11.218] esc/room1/images_piano/metric {"t":"BTN","up":698,"en":1,"i":3,"pin":12,"state":1,"presses":0}
[04.12.2025 05:50:11.219] esc/room1/images_piano/metric {"t":"ALL","up":698,"all_pressed":0}
[04.12.2025 05:50:11.220] esc/room1/images_piano/log {"lvl":"INFO","msg":"BTN idx=2 pin=14 state=RELEASED dt=49ms presses=76"}
[04.12.2025 05:50:11.222] esc/room1/images_piano/log {"lvl":"INFO","msg":"BTN idx=2 pin=14 state=RELEASED dt=41ms presses=76"}
[04.12.2025 05:50:11.223] esc/room1/images_piano/log {"lvl":"INFO","msg":"BTN idx=2 pin=14 state=RELEASED dt=37ms presses=76"}
[04.12.2025 05:50:11.224] esc/room1/images_piano/log {"lvl":"INFO","msg":"BTN idx=2 pin=14 state=RELEASED dt=62ms presses=76"}
[04.12.2025 05:50:11.225] esc/room1/images_piano/log {"lvl":"INFO","msg":"BTN idx=2 pin=14 state=RELEASED dt=70ms presses=76"}
[04.12.2025 05:50:11.226] esc/room1/images_piano/log {"lvl":"INFO","msg":"BTN idx=2 pin=14 state=RELEASED dt=48ms presses=76"}
[04.12.2025 05:50:11.227] esc/room1/images_piano/log {"lvl":"INFO","msg":"BTN idx=2 pin=14 state=RELEASED dt=51ms presses=76"}
[04.12.2025 05:50:11.228] esc/room1/images_piano/log {"lvl":"INFO","msg":"BTN idx=2 pin=14 state=RELEASED dt=41ms presses=76"}
[04.12.2025 05:50:11.229] esc/room1/images_piano/log {"lvl":"INFO","msg":"BTN idx=2 pin=14 state=RELEASED dt=80ms presses=76"}
[04.12.2025 05:50:11.230] esc/room1/images_piano/log {"lvl":"INFO","msg":"BTN idx=2 pin=14 state=RELEASED dt=41ms presses=76"}
[04.12.2025 05:50:11.231] esc/room3/knocking/metric {"t":"INF","up":50375,"df":1,"en":1,"i":0,"avg":55,"max":272,"base":51,"d":4,"thr":1200}
[04.12.2025 05:50:11.232] esc/room3/knocking/metric {"t":"INF","up":50375,"df":1,"en":1,"i":1,"avg":64,"max":279,"base":55,"d":9,"thr":1200}
[04.12.2025 05:50:11.233] esc/room3/knocking/metric {"t":"INF","up":50375,"df":1,"en":1,"i":2,"avg":25,"max":272,"base":16,"d":9,"thr":1200}
[04.12.2025 05:50:11.234] esc/room1/images_piano/log {"lvl":"INFO","msg":"BTN idx=2 pin=14 state=RELEASED dt=145ms presses=76"}
[04.12.2025 05:50:11.236] esc/room1/images_piano/log {"lvl":"INFO","msg":"BTN idx=2 pin=14 state=RELEASED dt=53ms presses=76"}
[04.12.2025 05:50:11.238] esc/room1/images_piano/log {"lvl":"INFO","msg":"BTN idx=2 pin=14 state=RELEASED dt=71ms presses=76"}
[04.12.2025 05:50:11.239] esc/room1/images_piano/log {"lvl":"INFO","msg":"BTN idx=2 pin=14 state=RELEASED dt=51ms presses=76"}
[04.12.2025 05:50:11.239] esc/room1/images_piano/log {"lvl":"INFO","msg":"BTN idx=2 pin=14 state=RELEASED dt=57ms presses=76"}
[04.12.2025 05:50:11.240] esc/room1/images_piano/log {"lvl":"INFO","msg":"BTN idx=2 pin=14 state=RELEASED dt=31ms presses=76"}
[04.12.2025 05:50:11.241] esc/room1/images_piano/log {"lvl":"INFO","msg":"BTN idx=2 pin=14 state=RELEASED dt=41ms presses=76"}
[04.12.2025 05:50:11.242] esc/room1/images_piano/metric {"t":"BTN","up":699,"en":1,"i":0,"pin":25,"state":1,"presses":0}
[04.12.2025 05:50:11.242] esc/room1/images_piano/metric {"t":"BTN","up":699,"en":1,"i":1,"pin":26,"state":1,"presses":0}
[04.12.2025 05:50:11.243] esc/room1/images_piano/metric {"t":"BTN","up":699,"en":1,"i":2,"pin":14,"state":0,"presses":76}
[04.12.2025 05:50:11.244] esc/room1/images_piano/metric {"t":"BTN","up":699,"en":1,"i":3,"pin":12,"state":1,"presses":0}
[04.12.2025 05:50:11.245] esc/room1/images_piano/metric {"t":"ALL","up":699,"all_pressed":0}
[04.12.2025 05:50:11.245] esc/room1/images_piano/log {"lvl":"INFO","msg":"BTN idx=2 pin=14 state=RELEASED dt=51ms presses=76"}
[04.12.2025 05:50:11.246] esc/room1/images_piano/log {"lvl":"INFO","msg":"BTN idx=2 pin=14 state=RELEASED dt=48ms presses=76"}
[04.12.2025 05:50:11.247] esc/room1/images_piano/log {"lvl":"INFO","msg":"BTN idx=2 pin=14 state=RELEASED dt=40ms presses=76"}
[04.12.2025 05:50:11.248] esc/room1/images_piano/log {"lvl":"INFO","msg":"BTN idx=2 pin=14 state=RELEASED dt=31ms presses=76"}
[04.12.2025 05:50:11.248] esc/room1/images_piano/log {"lvl":"INFO","msg":"BTN idx=2 pin=14 state=PRESSED dt=30ms presses=76"}
[04.12.2025 05:50:11.249] esc/room1/images_piano/log {"lvl":"INFO","msg":"BTN idx=2 pin=14 state=RELEASED dt=56ms presses=77"}
[04.12.2025 05:50:11.250] esc/room1/images_piano/log {"lvl":"INFO","msg":"BTN idx=2 pin=14 state=RELEASED dt=54ms presses=77"}
[04.12.2025 05:50:11.251] esc/room1/images_piano/log {"lvl":"INFO","msg":"BTN idx=2 pin=14 state=RELEASED dt=30ms presses=77"}
[04.12.2025 05:50:11.252] esc/room1/images_piano/log {"lvl":"INFO","msg":"BTN idx=2 pin=14 state=RELEASED dt=51ms presses=77"}
[04.12.2025 05:50:11.252] esc/room1/images_piano/log {"lvl":"INFO","msg":"BTN idx=2 pin=14 state=RELEASED dt=88ms presses=77"}
[04.12.2025 05:50:11.253] esc/room1/images_piano/log {"lvl":"INFO","msg":"BTN idx=2 pin=14 state=RELEASED dt=49ms presses=77"}
[04.12.2025 05:50:11.254] esc/room1/images_piano/log {"lvl":"INFO","msg":"BTN idx=2 pin=14 state=RELEASED dt=71ms presses=77"}
[04.12.2025 05:50:11.255] esc/room3/knocking/metric {"t":"INF","up":50376,"df":1,"en":1,"i":0,"avg":55,"max":277,"base":51,"d":4,"thr":1200}
[04.12.2025 05:50:11.256] esc/room1/images_piano/log {"lvl":"INFO","msg":"BTN idx=2 pin=14 state=RELEASED dt=62ms presses=77"}
[04.12.2025 05:50:11.257] esc/room3/knocking/metric {"t":"INF","up":50376,"df":1,"en":1,"i":1,"avg":63,"max":266,"base":55,"d":8,"thr":1200}
[04.12.2025 05:50:11.257] esc/room3/knocking/metric {"t":"INF","up":50376,"df":1,"en":1,"i":2,"avg":25,"max":284,"base":16,"d":9,"thr":1200}
[04.12.2025 05:50:11.258] esc/room1/images_piano/log {"lvl":"INFO","msg":"BTN idx=2 pin=14 state=RELEASED dt=70ms presses=77"}
[04.12.2025 05:50:11.259] esc/room1/images_piano/log {"lvl":"INFO","msg":"BTN idx=2 pin=14 state=PRESSED dt=30ms presses=77"}
[04.12.2025 05:50:11.260] esc/room1/images_piano/log {"lvl":"INFO","msg":"BTN idx=2 pin=14 state=RELEASED dt=110ms presses=78"}
[04.12.2025 05:50:11.260] esc/room1/images_piano/log {"lvl":"INFO","msg":"BTN idx=2 pin=14 state=RELEASED dt=47ms presses=78"}
[04.12.2025 05:50:11.261] esc/room1/images_piano/log {"lvl":"INFO","msg":"BTN idx=2 pin=14 state=RELEASED dt=32ms presses=78"}
[04.12.2025 05:50:11.262] esc/room1/images_piano/log {"lvl":"INFO","msg":"BTN idx=2 pin=14 state=RELEASED dt=58ms presses=78"}
[04.12.2025 05:50:11.263] esc/room1/images_piano/hb {"node":"images_piano","fw":"images_piano_v1.6_4btn_eth_ota_solved_open_edge","ip":"192.168.0.12","uptime":700,"df_ok":false,"enabled":true}
[04.12.2025 05:50:11.264] esc/room1/images_piano/metric {"t":"BTN","up":700,"en":1,"i":0,"pin":25,"state":1,"presses":0}
[04.12.2025 05:50:11.264] esc/room1/images_piano/metric {"t":"BTN","up":700,"en":1,"i":1,"pin":26,"state":1,"presses":0}
[04.12.2025 05:50:11.265] esc/room1/images_piano/metric {"t":"BTN","up":700,"en":1,"i":2,"pin":14,"state":0,"presses":78}
[04.12.2025 05:50:11.266] esc/room1/images_piano/metric {"t":"BTN","up":700,"en":1,"i":3,"pin":12,"state":1,"presses":0}
[04.12.2025 05:50:11.266] esc/room1/images_piano/metric {"t":"ALL","up":700,"all_pressed":0}
[04.12.2025 05:50:11.267] esc/room1/images_piano/log {"lvl":"INFO","msg":"BTN idx=2 pin=14 state=RELEASED dt=80ms presses=78"}
[04.12.2025 05:50:11.268] esc/room1/images_piano/log {"lvl":"INFO","msg":"BTN idx=2 pin=14 state=RELEASED dt=32ms presses=78"}
[04.12.2025 05:50:11.269] esc/room1/images_piano/log {"lvl":"INFO","msg":"BTN idx=2 pin=14 state=RELEASED dt=30ms presses=78"}
[04.12.2025 05:50:11.269] esc/room1/images_piano/log {"lvl":"INFO","msg":"BTN idx=2 pin=14 state=RELEASED dt=41ms presses=78"}
[04.12.2025 05:50:11.270] esc/room1/images_piano/log {"lvl":"INFO","msg":"BTN idx=2 pin=14 state=RELEASED dt=38ms presses=78"}
[04.12.2025 05:50:11.271] esc/room1/images_piano/log {"lvl":"INFO","msg":"BTN idx=2 pin=14 state=RELEASED dt=31ms presses=78"}
[04.12.2025 05:50:11.272] esc/room0/maglock_ctrl/hb {"node":"maglock_ctrl","fw":"maglock_ctrl_v11","ip":"192.168.0.11","uptime":50377}
[04.12.2025 05:50:11.273] esc/room1/images_piano/log {"lvl":"INFO","msg":"BTN idx=2 pin=14 state=RELEASED dt=41ms presses=78"}
[04.12.2025 05:50:11.273] esc/room1/images_piano/log {"lvl":"INFO","msg":"BTN idx=2 pin=14 state=RELEASED dt=79ms presses=78"}
[04.12.2025 05:50:11.274] esc/room1/images_piano/log {"lvl":"INFO","msg":"BTN idx=2 pin=14 state=RELEASED dt=31ms presses=78"}
[04.12.2025 05:50:11.275] esc/room1/images_piano/log {"lvl":"INFO","msg":"BTN idx=2 pin=14 state=RELEASED dt=109ms presses=78"}
[04.12.2025 05:50:11.276] esc/room1/images_piano/log {"lvl":"INFO","msg":"BTN idx=2 pin=14 state=RELEASED dt=61ms presses=78"}
[04.12.2025 05:50:11.276] esc/room1/images_piano/log {"lvl":"INFO","msg":"BTN idx=2 pin=14 state=RELEASED dt=30ms presses=78"}
[04.12.2025 05:50:11.277] esc/room3/knocking/metric {"t":"INF","up":50377,"df":1,"en":1,"i":0,"avg":55,"max":292,"base":51,"d":4,"thr":1200}
[04.12.2025 05:50:11.278] esc/room3/knocking/metric {"t":"INF","up":50377,"df":1,"en":1,"i":1,"avg":63,"max":322,"base":55,"d":8,"thr":1200}
[04.12.2025 05:50:11.279] esc/room3/knocking/metric {"t":"INF","up":50377,"df":1,"en":1,"i":2,"avg":25,"max":288,"base":16,"d":9,"thr":1200}
[04.12.2025 05:50:11.280] esc/room1/images_piano/log {"lvl":"INFO","msg":"BTN idx=2 pin=14 state=RELEASED dt=58ms presses=78"}
[04.12.2025 05:50:11.281] esc/room1/images_piano/log {"lvl":"INFO","msg":"BTN idx=2 pin=14 state=RELEASED dt=112ms presses=78"}
[04.12.2025 05:50:11.281] esc/room1/images_piano/log {"lvl":"INFO","msg":"BTN idx=2 pin=14 state=RELEASED dt=87ms presses=78"}
[04.12.2025 05:50:11.282] esc/room1/images_piano/log {"lvl":"INFO","msg":"BTN idx=2 pin=14 state=RELEASED dt=81ms presses=78"}
[04.12.2025 05:50:11.283] esc/room1/images_piano/log {"lvl":"INFO","msg":"BTN idx=2 pin=14 state=RELEASED dt=50ms presses=78"}
[04.12.2025 05:50:11.284] esc/room1/images_piano/metric {"t":"BTN","up":701,"en":1,"i":0,"pin":25,"state":1,"presses":0}
[04.12.2025 05:50:11.285] esc/room1/images_piano/metric {"t":"BTN","up":701,"en":1,"i":1,"pin":26,"state":1,"presses":0}
[04.12.2025 05:50:11.285] esc/room1/images_piano/metric {"t":"BTN","up":701,"en":1,"i":2,"pin":14,"state":0,"presses":78}
[04.12.2025 05:50:11.286] esc/room1/images_piano/metric {"t":"BTN","up":701,"en":1,"i":3,"pin":12,"state":1,"presses":0}
[04.12.2025 05:50:11.287] esc/room1/images_piano/metric {"t":"ALL","up":701,"all_pressed":0}
[04.12.2025 05:50:11.288] esc/room1/images_piano/log {"lvl":"INFO","msg":"BTN idx=2 pin=14 state=RELEASED dt=50ms presses=78"}
[04.12.2025 05:50:11.289] esc/room1/images_piano/log {"lvl":"INFO","msg":"BTN idx=2 pin=14 state=RELEASED dt=31ms presses=78"}
[04.12.2025 05:50:11.289] esc/room1/images_piano/log {"lvl":"INFO","msg":"BTN idx=2 pin=14 state=RELEASED dt=110ms presses=78"}
[04.12.2025 05:50:11.290] esc/room1/images_piano/log {"lvl":"INFO","msg":"BTN idx=2 pin=14 state=RELEASED dt=50ms presses=78"}
[04.12.2025 05:50:11.291] esc/room1/images_piano/log {"lvl":"INFO","msg":"BTN idx=2 pin=14 state=PRESSED dt=30ms presses=78"}
[04.12.2025 05:50:11.292] esc/room1/images_piano/log {"lvl":"INFO","msg":"BTN idx=2 pin=14 state=RELEASED dt=89ms presses=79"}
[04.12.2025 05:50:11.293] esc/room1/images_piano/log {"lvl":"INFO","msg":"BTN idx=2 pin=14 state=RELEASED dt=72ms presses=79"}
[04.12.2025 05:50:11.293] esc/room3/knocking/hb {"node":"knocking","fw":"knocking_v5.11_3piezo_eth_ota_df_seq_timer_log","ip":"192.168.0.14","uptime":50378,"df_ok":true,"enabled":true}
[04.12.2025 05:50:11.294] esc/room1/images_piano/log {"lvl":"INFO","msg":"BTN idx=2 pin=14 state=RELEASED dt=68ms presses=79"}
[04.12.2025 05:50:11.295] esc/room1/images_piano/log {"lvl":"INFO","msg":"BTN idx=2 pin=14 state=RELEASED dt=82ms presses=79"}
[04.12.2025 05:50:11.296] esc/room1/images_piano/log {"lvl":"INFO","msg":"BTN idx=2 pin=14 state=RELEASED dt=70ms presses=79"}
[04.12.2025 05:50:11.296] esc/room3/knocking/metric {"t":"INF","up":50378,"df":1,"en":1,"i":0,"avg":55,"max":299,"base":51,"d":4,"thr":1200}
[04.12.2025 05:50:11.297] esc/room3/knocking/metric {"t":"INF","up":50378,"df":1,"en":1,"i":1,"avg":63,"max":302,"base":55,"d":8,"thr":1200}
[04.12.2025 05:50:11.298] esc/room3/knocking/metric {"t":"INF","up":50378,"df":1,"en":1,"i":2,"avg":26,"max":276,"base":16,"d":10,"thr":1200}
[04.12.2025 05:50:11.299] esc/room1/images_piano/log {"lvl":"INFO","msg":"BTN idx=2 pin=14 state=RELEASED dt=48ms presses=79"}
[04.12.2025 05:50:11.300] esc/room1/images_piano/log {"lvl":"INFO","msg":"BTN idx=2 pin=14 state=RELEASED dt=30ms presses=79"}
[04.12.2025 05:50:11.300] esc/room1/images_piano/log {"lvl":"INFO","msg":"BTN idx=2 pin=14 state=RELEASED dt=91ms presses=79"}
[04.12.2025 05:50:11.301] esc/room1/images_piano/log {"lvl":"INFO","msg":"BTN idx=2 pin=14 state=RELEASED dt=30ms presses=79"}
[04.12.2025 05:50:11.302] esc/room1/images_piano/log {"lvl":"INFO","msg":"BTN idx=2 pin=14 state=RELEASED dt=91ms presses=79"}
[04.12.2025 05:50:11.303] esc/room1/images_piano/log {"lvl":"INFO","msg":"BTN idx=2 pin=14 state=RELEASED dt=67ms presses=79"}
[04.12.2025 05:50:11.304] esc/room1/images_piano/metric {"t":"BTN","up":702,"en":1,"i":0,"pin":25,"state":1,"presses":0}
[04.12.2025 05:50:11.304] esc/room1/images_piano/metric {"t":"BTN","up":702,"en":1,"i":1,"pin":26,"state":1,"presses":0}
[04.12.2025 05:50:11.305] esc/room1/images_piano/metric {"t":"BTN","up":702,"en":1,"i":2,"pin":14,"state":0,"presses":79}
[04.12.2025 05:50:11.306] esc/room1/images_piano/metric {"t":"BTN","up":702,"en":1,"i":3,"pin":12,"state":1,"presses":0}
[04.12.2025 05:50:11.307] esc/room1/images_piano/metric {"t":"ALL","up":702,"all_pressed":0}
[04.12.2025 05:50:11.308] esc/room1/images_piano/log {"lvl":"INFO","msg":"BTN idx=2 pin=14 state=RELEASED dt=74ms presses=79"}
[04.12.2025 05:50:11.308] esc/room1/images_piano/log {"lvl":"INFO","msg":"BTN idx=2 pin=14 state=RELEASED dt=70ms presses=79"}
[04.12.2025 05:50:11.309] esc/room1/images_piano/log {"lvl":"INFO","msg":"BTN idx=2 pin=14 state=RELEASED dt=49ms presses=79"}
[04.12.2025 05:50:11.310] esc/room1/images_piano/log {"lvl":"INFO","msg":"BTN idx=2 pin=14 state=RELEASED dt=49ms presses=79"}
[04.12.2025 05:50:11.311] esc/room1/images_piano/log {"lvl":"INFO","msg":"BTN idx=2 pin=14 state=RELEASED dt=91ms presses=79"}
[04.12.2025 05:50:11.312] esc/room1/images_piano/log {"lvl":"INFO","msg":"BTN idx=2 pin=14 state=RELEASED dt=30ms presses=79"}
[04.12.2025 05:50:11.312] esc/room1/images_piano/log {"lvl":"INFO","msg":"BTN idx=2 pin=14 state=RELEASED dt=31ms presses=79"}
[04.12.2025 05:50:11.313] esc/room1/images_piano/log {"lvl":"INFO","msg":"BTN idx=2 pin=14 state=RELEASED dt=37ms presses=79"}
[04.12.2025 05:50:11.314] esc/room1/images_piano/log {"lvl":"INFO","msg":"BTN idx=2 pin=14 state=RELEASED dt=41ms presses=79"}
[04.12.2025 05:50:11.315] esc/room1/images_piano/log {"lvl":"INFO","msg":"BTN idx=2 pin=14 state=RELEASED dt=100ms presses=79"}
[04.12.2025 05:50:11.315] esc/room1/images_piano/log {"lvl":"INFO","msg":"BTN idx=2 pin=14 state=RELEASED dt=50ms presses=79"}
[04.12.2025 05:50:11.316] esc/room3/knocking/metric {"t":"INF","up":50379,"df":1,"en":1,"i":0,"avg":55,"max":267,"base":51,"d":4,"thr":1200}
[04.12.2025 05:50:11.317] esc/room3/knocking/metric {"t":"INF","up":50379,"df":1,"en":1,"i":1,"avg":63,"max":313,"base":55,"d":8,"thr":1200}
[04.12.2025 05:50:11.318] esc/room3/knocking/metric {"t":"INF","up":50379,"df":1,"en":1,"i":2,"avg":25,"max":306,"base":16,"d":9,"thr":1200}
[04.12.2025 05:50:11.319] esc/room1/images_piano/log {"lvl":"INFO","msg":"BTN idx=2 pin=14 state=RELEASED dt=60ms presses=79"}
[04.12.2025 05:50:11.319] esc/room1/images_piano/log {"lvl":"INFO","msg":"BTN idx=2 pin=14 state=PRESSED dt=30ms presses=79"}
[04.12.2025 05:50:11.320] esc/room1/images_piano/log {"lvl":"INFO","msg":"BTN idx=2 pin=14 state=RELEASED dt=49ms presses=80"}
[04.12.2025 05:50:11.321] esc/room1/images_piano/log {"lvl":"INFO","msg":"BTN idx=2 pin=14 state=RELEASED dt=30ms presses=80"}
[04.12.2025 05:50:11.322] esc/room1/images_piano/log {"lvl":"INFO","msg":"BTN idx=2 pin=14 state=RELEASED dt=42ms presses=80"}
[04.12.2025 05:50:11.323] esc/room1/images_piano/log {"lvl":"INFO","msg":"BTN idx=2 pin=14 state=RELEASED dt=48ms presses=80"}
[04.12.2025 05:50:11.324] esc/room1/images_piano/log {"lvl":"INFO","msg":"BTN idx=2 pin=14 state=RELEASED dt=51ms presses=80"}
[04.12.2025 05:50:11.324] esc/room1/images_piano/log {"lvl":"INFO","msg":"BTN idx=2 pin=14 state=RELEASED dt=49ms presses=80"}
[04.12.2025 05:50:11.325] esc/room1/images_piano/log {"lvl":"INFO","msg":"BTN idx=2 pin=14 state=RELEASED dt=33ms presses=80"}
[04.12.2025 05:50:11.326] esc/room1/images_piano/metric {"t":"BTN","up":703,"en":1,"i":0,"pin":25,"state":1,"presses":0}
[04.12.2025 05:50:11.327] esc/room1/images_piano/metric {"t":"BTN","up":703,"en":1,"i":1,"pin":26,"state":1,"presses":0}
[04.12.2025 05:50:11.328] esc/room1/images_piano/metric {"t":"BTN","up":703,"en":1,"i":2,"pin":14,"state":0,"presses":80}
[04.12.2025 05:50:11.328] esc/room1/images_piano/metric {"t":"BTN","up":703,"en":1,"i":3,"pin":12,"state":1,"presses":0}
[04.12.2025 05:50:11.329] esc/room1/images_piano/metric {"t":"ALL","up":703,"all_pressed":0}
[04.12.2025 05:50:11.330] esc/room1/images_piano/log {"lvl":"INFO","msg":"BTN idx=2 pin=14 state=RELEASED dt=79ms presses=80"}
[04.12.2025 05:50:11.331] esc/room1/images_piano/log {"lvl":"INFO","msg":"BTN idx=2 pin=14 state=RELEASED dt=79ms presses=80"}
[04.12.2025 05:50:11.332] esc/room1/images_piano/log {"lvl":"INFO","msg":"BTN idx=2 pin=14 state=RELEASED dt=41ms presses=80"}
[04.12.2025 05:50:11.332] esc/room1/images_piano/log {"lvl":"INFO","msg":"BTN idx=2 pin=14 state=RELEASED dt=39ms presses=80"}
[04.12.2025 05:50:11.333] esc/room1/images_piano/log {"lvl":"INFO","msg":"BTN idx=2 pin=14 state=RELEASED dt=51ms presses=80"}
[04.12.2025 05:50:11.334] esc/room1/images_piano/log {"lvl":"INFO","msg":"BTN idx=2 pin=14 state=RELEASED dt=50ms presses=80"}
[04.12.2025 05:50:11.335] esc/room1/images_piano/log {"lvl":"INFO","msg":"BTN idx=2 pin=14 state=RELEASED dt=38ms presses=80"}
[04.12.2025 05:50:11.336] esc/room1/images_piano/log {"lvl":"INFO","msg":"BTN idx=2 pin=14 state=RELEASED dt=50ms presses=80"}
[04.12.2025 05:50:11.337] esc/room1/images_piano/log {"lvl":"INFO","msg":"BTN idx=2 pin=14 state=RELEASED dt=31ms presses=80"}
[04.12.2025 05:50:11.337] esc/room1/images_piano/log {"lvl":"INFO","msg":"BTN idx=2 pin=14 state=RELEASED dt=70ms presses=80"}
[04.12.2025 05:50:11.338] esc/room1/images_piano/log {"lvl":"INFO","msg":"BTN idx=2 pin=14 state=RELEASED dt=40ms presses=80"}
[04.12.2025 05:50:11.339] esc/room1/images_piano/log {"lvl":"INFO","msg":"BTN idx=2 pin=14 state=RELEASED dt=40ms presses=80"}
[04.12.2025 05:50:11.340] esc/room3/knocking/metric {"t":"INF","up":50380,"df":1,"en":1,"i":0,"avg":55,"max":278,"base":51,"d":4,"thr":1200}
[04.12.2025 05:50:11.340] esc/room1/images_piano/log {"lvl":"INFO","msg":"BTN idx=2 pin=14 state=RELEASED dt=32ms presses=80"}
[04.12.2025 05:50:11.341] esc/room3/knocking/metric {"t":"INF","up":50380,"df":1,"en":1,"i":1,"avg":64,"max":304,"base":55,"d":9,"thr":1200}
[04.12.2025 05:50:11.342] esc/room3/knocking/metric {"t":"INF","up":50380,"df":1,"en":1,"i":2,"avg":25,"max":276,"base":16,"d":9,"thr":1200}
[04.12.2025 05:50:11.343] esc/room1/images_piano/log {"lvl":"INFO","msg":"BTN idx=2 pin=14 state=RELEASED dt=48ms presses=80"}
[04.12.2025 05:50:11.344] esc/room1/images_piano/log {"lvl":"INFO","msg":"BTN idx=2 pin=14 state=RELEASED dt=81ms presses=80"}
[04.12.2025 05:50:11.344] esc/room1/images_piano/log {"lvl":"INFO","msg":"BTN idx=2 pin=14 state=RELEASED dt=50ms presses=80"}
[04.12.2025 05:50:11.345] esc/room1/images_piano/log {"lvl":"INFO","msg":"BTN idx=2 pin=14 state=RELEASED dt=39ms presses=80"}
[04.12.2025 05:50:11.346] esc/room1/images_piano/log {"lvl":"INFO","msg":"BTN idx=2 pin=14 state=RELEASED dt=30ms presses=80"}
[04.12.2025 05:50:11.347] esc/room1/images_piano/log {"lvl":"INFO","msg":"BTN idx=2 pin=14 state=RELEASED dt=40ms presses=80"}
[04.12.2025 05:50:11.348] esc/room1/images_piano/log {"lvl":"INFO","msg":"BTN idx=2 pin=14 state=RELEASED dt=32ms presses=80"}
[04.12.2025 05:50:11.348] esc/room1/images_piano/log {"lvl":"INFO","msg":"BTN idx=2 pin=14 state=RELEASED dt=39ms presses=80"}
[04.12.2025 05:50:11.349] esc/room1/images_piano/metric {"t":"BTN","up":704,"en":1,"i":0,"pin":25,"state":1,"presses":0}
[04.12.2025 05:50:11.350] esc/room1/images_piano/metric {"t":"BTN","up":704,"en":1,"i":1,"pin":26,"state":1,"presses":0}
[04.12.2025 05:50:11.351] esc/room1/images_piano/metric {"t":"BTN","up":704,"en":1,"i":2,"pin":14,"state":0,"presses":80}
[04.12.2025 05:50:11.351] esc/room1/images_piano/metric {"t":"BTN","up":704,"en":1,"i":3,"pin":12,"state":1,"presses":0}
[04.12.2025 05:50:11.352] esc/room1/images_piano/metric {"t":"ALL","up":704,"all_pressed":0}
[04.12.2025 05:50:11.353] esc/room1/images_piano/log {"lvl":"INFO","msg":"BTN idx=2 pin=14 state=RELEASED dt=50ms presses=80"}
[04.12.2025 05:50:11.354] esc/room1/images_piano/log {"lvl":"INFO","msg":"BTN idx=2 pin=14 state=RELEASED dt=39ms presses=80"}
[04.12.2025 05:50:11.355] esc/room1/images_piano/log {"lvl":"INFO","msg":"BTN idx=2 pin=14 state=RELEASED dt=31ms presses=80"}
[04.12.2025 05:50:11.355] esc/room1/images_piano/log {"lvl":"INFO","msg":"BTN idx=2 pin=14 state=RELEASED dt=49ms presses=80"}
[04.12.2025 05:50:11.356] esc/room1/images_piano/log {"lvl":"INFO","msg":"BTN idx=2 pin=14 state=RELEASED dt=39ms presses=80"}
[04.12.2025 05:50:11.357] esc/room1/images_piano/log {"lvl":"INFO","msg":"BTN idx=2 pin=14 state=RELEASED dt=32ms presses=80"}
[04.12.2025 05:50:11.358] esc/room1/images_piano/log {"lvl":"INFO","msg":"BTN idx=2 pin=14 state=RELEASED dt=39ms presses=80"}
[04.12.2025 05:50:11.359] esc/room1/images_piano/log {"lvl":"INFO","msg":"BTN idx=2 pin=14 state=RELEASED dt=41ms presses=80"}
[04.12.2025 05:50:11.359] esc/room1/images_piano/log {"lvl":"INFO","msg":"BTN idx=2 pin=14 state=RELEASED dt=68ms presses=80"}
[04.12.2025 05:50:11.360] esc/room1/images_piano/log {"lvl":"INFO","msg":"BTN idx=2 pin=14 state=RELEASED dt=52ms presses=80"}
[04.12.2025 05:50:11.361] esc/room1/images_piano/log {"lvl":"INFO","msg":"BTN idx=2 pin=14 state=RELEASED dt=38ms presses=80"}
[04.12.2025 05:50:11.362] esc/room1/images_piano/log {"lvl":"INFO","msg":"BTN idx=2 pin=14 state=RELEASED dt=70ms presses=80"}
[04.12.2025 05:50:11.363] esc/room1/images_piano/log {"lvl":"INFO","msg":"BTN idx=2 pin=14 state=RELEASED dt=73ms presses=80"}
[04.12.2025 05:50:11.363] esc/room3/knocking/metric {"t":"INF","up":50381,"df":1,"en":1,"i":0,"avg":55,"max":257,"base":51,"d":4,"thr":1200}
[04.12.2025 05:50:11.364] esc/room3/knocking/metric {"t":"INF","up":50381,"df":1,"en":1,"i":1,"avg":64,"max":296,"base":55,"d":9,"thr":1200}
[04.12.2025 05:50:11.365] esc/room3/knocking/metric {"t":"INF","up":50381,"df":1,"en":1,"i":2,"avg":25,"max":307,"base":16,"d":9,"thr":1200}
[04.12.2025 05:50:11.366] esc/room1/images_piano/log {"lvl":"INFO","msg":"BTN idx=2 pin=14 state=RELEASED dt=87ms presses=80"}
[04.12.2025 05:50:11.367] esc/room1/images_piano/log {"lvl":"INFO","msg":"BTN idx=2 pin=14 state=RELEASED dt=61ms presses=80"}
[04.12.2025 05:50:11.367] esc/room1/images_piano/log {"lvl":"INFO","msg":"BTN idx=2 pin=14 state=RELEASED dt=30ms presses=80"}
[04.12.2025 05:50:11.368] esc/room1/images_piano/log {"lvl":"INFO","msg":"BTN idx=2 pin=14 state=RELEASED dt=30ms presses=80"}
[04.12.2025 05:50:11.369] esc/room1/images_piano/log {"lvl":"INFO","msg":"BTN idx=2 pin=14 state=RELEASED dt=41ms presses=80"}
[04.12.2025 05:50:11.370] esc/room1/images_piano/log {"lvl":"INFO","msg":"BTN idx=2 pin=14 state=RELEASED dt=31ms presses=80"}
[04.12.2025 05:50:11.371] esc/room1/images_piano/log {"lvl":"INFO","msg":"BTN idx=2 pin=14 state=RELEASED dt=77ms presses=80"}
[04.12.2025 05:50:11.372] esc/room1/images_piano/hb {"node":"images_piano","fw":"images_piano_v1.6_4btn_eth_ota_solved_open_edge","ip":"192.168.0.12","uptime":705,"df_ok":false,"enabled":true}
[04.12.2025 05:50:11.373] esc/room1/images_piano/log {"lvl":"INFO","msg":"BTN idx=2 pin=14 state=RELEASED dt=40ms presses=80"}
[04.12.2025 05:50:11.374] esc/room1/images_piano/metric {"t":"BTN","up":705,"en":1,"i":0,"pin":25,"state":1,"presses":0}
[04.12.2025 05:50:11.375] esc/room1/images_piano/metric {"t":"BTN","up":705,"en":1,"i":1,"pin":26,"state":1,"presses":0}
[04.12.2025 05:50:11.375] esc/room1/images_piano/metric {"t":"BTN","up":705,"en":1,"i":2,"pin":14,"state":0,"presses":80}
[04.12.2025 05:50:11.376] esc/room1/images_piano/metric {"t":"BTN","up":705,"en":1,"i":3,"pin":12,"state":1,"presses":0}
[04.12.2025 05:50:11.377] esc/room1/images_piano/metric {"t":"ALL","up":705,"all_pressed":0}
[04.12.2025 05:50:11.378] esc/room1/images_piano/log {"lvl":"INFO","msg":"BTN idx=2 pin=14 state=RELEASED dt=42ms presses=80"}
[04.12.2025 05:50:11.379] esc/room1/images_piano/log {"lvl":"INFO","msg":"BTN idx=2 pin=14 state=RELEASED dt=39ms presses=80"}
[04.12.2025 05:50:11.380] esc/room1/images_piano/log {"lvl":"INFO","msg":"BTN idx=2 pin=14 state=RELEASED dt=51ms presses=80"}
[04.12.2025 05:50:11.381] esc/room1/images_piano/log {"lvl":"INFO","msg":"BTN idx=2 pin=14 state=RELEASED dt=40ms presses=80"}
[04.12.2025 05:50:11.381] esc/room1/images_piano/log {"lvl":"INFO","msg":"BTN idx=2 pin=14 state=RELEASED dt=38ms presses=80"}
[04.12.2025 05:50:11.382] esc/room0/maglock_ctrl/hb {"node":"maglock_ctrl","fw":"maglock_ctrl_v11","ip":"192.168.0.11","uptime":50382}
[04.12.2025 05:50:11.383] esc/room1/images_piano/log {"lvl":"INFO","msg":"BTN idx=2 pin=14 state=RELEASED dt=30ms presses=80"}
[04.12.2025 05:50:11.384] esc/room1/images_piano/log {"lvl":"INFO","msg":"BTN idx=2 pin=14 state=RELEASED dt=30ms presses=80"}
[04.12.2025 05:50:11.384] esc/room1/images_piano/log {"lvl":"INFO","msg":"BTN idx=2 pin=14 state=RELEASED dt=41ms presses=80"}
[04.12.2025 05:50:11.385] esc/room1/images_piano/log {"lvl":"INFO","msg":"BTN idx=2 pin=14 state=RELEASED dt=79ms presses=80"}
[04.12.2025 05:50:11.386] esc/room1/images_piano/log {"lvl":"INFO","msg":"BTN idx=2 pin=14 state=RELEASED dt=30ms presses=80"}
[04.12.2025 05:50:11.387] esc/room1/images_piano/log {"lvl":"INFO","msg":"BTN idx=2 pin=14 state=RELEASED dt=41ms presses=80"}
[04.12.2025 05:50:11.388] esc/room1/images_piano/log {"lvl":"INFO","msg":"BTN idx=2 pin=14 state=RELEASED dt=42ms presses=80"}
[04.12.2025 05:50:11.389] esc/room1/images_piano/log {"lvl":"INFO","msg":"BTN idx=2 pin=14 state=RELEASED dt=30ms presses=80"}
[04.12.2025 05:50:11.389] esc/room1/images_piano/log {"lvl":"INFO","msg":"BTN idx=2 pin=14 state=RELEASED dt=70ms presses=80"}
[04.12.2025 05:50:11.390] esc/room3/knocking/metric {"t":"INF","up":50382,"df":1,"en":1,"i":0,"avg":55,"max":256,"base":51,"d":4,"thr":1200}
[04.12.2025 05:50:11.391] esc/room3/knocking/metric {"t":"INF","up":50382,"df":1,"en":1,"i":1,"avg":64,"max":305,"base":55,"d":9,"thr":1200}
[04.12.2025 05:50:11.392] esc/room3/knocking/metric {"t":"INF","up":50382,"df":1,"en":1,"i":2,"avg":25,"max":251,"base":16,"d":9,"thr":1200}
[04.12.2025 05:50:11.392] esc/room1/images_piano/log {"lvl":"INFO","msg":"BTN idx=2 pin=14 state=RELEASED dt=30ms presses=80"}
[04.12.2025 05:50:11.393] esc/room1/images_piano/log {"lvl":"INFO","msg":"BTN idx=2 pin=14 state=RELEASED dt=70ms presses=80"}
[04.12.2025 05:50:11.394] esc/room1/images_piano/log {"lvl":"INFO","msg":"BTN idx=2 pin=14 state=RELEASED dt=59ms presses=80"}
[04.12.2025 05:50:11.395] esc/room1/images_piano/log {"lvl":"INFO","msg":"BTN idx=2 pin=14 state=RELEASED dt=30ms presses=80"}
[04.12.2025 05:50:11.396] esc/room1/images_piano/log {"lvl":"INFO","msg":"BTN idx=2 pin=14 state=RELEASED dt=58ms presses=80"}
[04.12.2025 05:50:11.397] esc/room1/images_piano/log {"lvl":"INFO","msg":"BTN idx=2 pin=14 state=RELEASED dt=113ms presses=80"}
[04.12.2025 05:50:11.397] esc/room1/images_piano/metric {"t":"BTN","up":706,"en":1,"i":0,"pin":25,"state":1,"presses":0}
[04.12.2025 05:50:11.398] esc/room1/images_piano/metric {"t":"BTN","up":706,"en":1,"i":1,"pin":26,"state":1,"presses":0}
[04.12.2025 05:50:11.399] esc/room1/images_piano/metric {"t":"BTN","up":706,"en":1,"i":2,"pin":14,"state":0,"presses":80}
[04.12.2025 05:50:11.400] esc/room1/images_piano/metric {"t":"BTN","up":706,"en":1,"i":3,"pin":12,"state":1,"presses":0}
[04.12.2025 05:50:11.401] esc/room1/images_piano/metric {"t":"ALL","up":706,"all_pressed":0}
[04.12.2025 05:50:11.402] esc/room1/images_piano/log {"lvl":"INFO","msg":"BTN idx=2 pin=14 state=RELEASED dt=68ms presses=80"}
[04.12.2025 05:50:11.402] esc/room1/images_piano/log {"lvl":"INFO","msg":"BTN idx=2 pin=14 state=RELEASED dt=89ms presses=80"}
[04.12.2025 05:50:11.403] esc/room1/images_piano/log {"lvl":"INFO","msg":"BTN idx=2 pin=14 state=RELEASED dt=91ms presses=80"}
[04.12.2025 05:50:11.404] esc/room1/images_piano/log {"lvl":"INFO","msg":"BTN idx=2 pin=14 state=RELEASED dt=51ms presses=80"}
[04.12.2025 05:50:11.405] esc/room1/images_piano/log {"lvl":"INFO","msg":"BTN idx=2 pin=14 state=RELEASED dt=61ms presses=80"}
[04.12.2025 05:50:11.405] esc/room1/images_piano/log {"lvl":"INFO","msg":"BTN idx=2 pin=14 state=RELEASED dt=35ms presses=80"}
[04.12.2025 05:50:11.406] esc/room3/knocking/hb {"node":"knocking","fw":"knocking_v5.11_3piezo_eth_ota_df_seq_timer_log","ip":"192.168.0.14","uptime":50383,"df_ok":true,"enabled":true}
[04.12.2025 05:50:11.407] esc/room1/images_piano/log {"lvl":"INFO","msg":"BTN idx=2 pin=14 state=RELEASED dt=102ms presses=80"}
[04.12.2025 05:50:11.408] esc/room1/images_piano/log {"lvl":"INFO","msg":"BTN idx=2 pin=14 state=RELEASED dt=71ms presses=80"}
[04.12.2025 05:50:11.409] esc/room1/images_piano/log {"lvl":"INFO","msg":"BTN idx=2 pin=14 state=PRESSED dt=30ms presses=80"}
[04.12.2025 05:50:11.409] esc/room1/images_piano/log {"lvl":"INFO","msg":"BTN idx=2 pin=14 state=RELEASED dt=40ms presses=81"}
[04.12.2025 05:50:11.410] esc/room3/knocking/metric {"t":"INF","up":50383,"df":1,"en":1,"i":0,"avg":55,"max":271,"base":51,"d":4,"thr":1200}
[04.12.2025 05:50:11.411] esc/room3/knocking/metric {"t":"INF","up":50383,"df":1,"en":1,"i":1,"avg":63,"max":326,"base":55,"d":8,"thr":1200}
[04.12.2025 05:50:11.412] esc/room3/knocking/metric {"t":"INF","up":50383,"df":1,"en":1,"i":2,"avg":25,"max":309,"base":16,"d":9,"thr":1200}
[04.12.2025 05:50:11.413] esc/room1/images_piano/log {"lvl":"INFO","msg":"BTN idx=2 pin=14 state=RELEASED dt=31ms presses=81"}
[04.12.2025 05:50:11.413] esc/room1/images_piano/log {"lvl":"INFO","msg":"BTN idx=2 pin=14 state=RELEASED dt=50ms presses=81"}
[04.12.2025 05:50:11.414] esc/room1/images_piano/log {"lvl":"INFO","msg":"BTN idx=2 pin=14 state=RELEASED dt=41ms presses=81"}
[04.12.2025 05:50:11.415] esc/room1/images_piano/log {"lvl":"INFO","msg":"BTN idx=2 pin=14 state=RELEASED dt=39ms presses=81"}
[04.12.2025 05:50:11.416] esc/room1/images_piano/log {"lvl":"INFO","msg":"BTN idx=2 pin=14 state=RELEASED dt=31ms presses=81"}
[04.12.2025 05:50:11.417] esc/room1/images_piano/log {"lvl":"INFO","msg":"BTN idx=2 pin=14 state=RELEASED dt=38ms presses=81"}
[04.12.2025 05:50:11.417] esc/room1/images_piano/log {"lvl":"INFO","msg":"BTN idx=2 pin=14 state=RELEASED dt=102ms presses=81"}
[04.12.2025 05:50:11.418] esc/room1/images_piano/log {"lvl":"INFO","msg":"BTN idx=2 pin=14 state=RELEASED dt=30ms presses=81"}
[04.12.2025 05:50:11.419] esc/room1/images_piano/metric {"t":"BTN","up":707,"en":1,"i":0,"pin":25,"state":1,"presses":0}
[04.12.2025 05:50:11.420] esc/room1/images_piano/metric {"t":"BTN","up":707,"en":1,"i":1,"pin":26,"state":1,"presses":0}
[04.12.2025 05:50:11.420] esc/room1/images_piano/metric {"t":"BTN","up":707,"en":1,"i":2,"pin":14,"state":0,"presses":81}
[04.12.2025 05:50:11.421] esc/room1/images_piano/metric {"t":"BTN","up":707,"en":1,"i":3,"pin":12,"state":1,"presses":0}
[04.12.2025 05:50:11.422] esc/room1/images_piano/metric {"t":"ALL","up":707,"all_pressed":0}
[04.12.2025 05:50:11.423] esc/room1/images_piano/log {"lvl":"INFO","msg":"BTN idx=2 pin=14 state=RELEASED dt=50ms presses=81"}
[04.12.2025 05:50:11.423] esc/room1/images_piano/log {"lvl":"INFO","msg":"BTN idx=2 pin=14 state=RELEASED dt=80ms presses=81"}
[04.12.2025 05:50:11.424] esc/room1/images_piano/log {"lvl":"INFO","msg":"BTN idx=2 pin=14 state=RELEASED dt=37ms presses=81"}
[04.12.2025 05:50:11.425] esc/room1/images_piano/log {"lvl":"INFO","msg":"BTN idx=2 pin=14 state=RELEASED dt=32ms presses=81"}
[04.12.2025 05:50:11.426] esc/room1/images_piano/log {"lvl":"INFO","msg":"BTN idx=2 pin=14 state=RELEASED dt=41ms presses=81"}
[04.12.2025 05:50:11.426] esc/room1/images_piano/log {"lvl":"INFO","msg":"BTN idx=2 pin=14 state=RELEASED dt=38ms presses=81"}
[04.12.2025 05:50:11.427] esc/room1/images_piano/log {"lvl":"INFO","msg":"BTN idx=2 pin=14 state=RELEASED dt=49ms presses=81"}
[04.12.2025 05:50:11.428] esc/room1/images_piano/log {"lvl":"INFO","msg":"BTN idx=2 pin=14 state=RELEASED dt=41ms presses=81"}
[04.12.2025 05:50:11.429] esc/room1/images_piano/log {"lvl":"INFO","msg":"BTN idx=2 pin=14 state=RELEASED dt=30ms presses=81"}
[04.12.2025 05:50:11.429] esc/room1/images_piano/log {"lvl":"INFO","msg":"BTN idx=2 pin=14 state=RELEASED dt=30ms presses=81"}
[04.12.2025 05:50:11.430] esc/room1/images_piano/log {"lvl":"INFO","msg":"BTN idx=2 pin=14 state=RELEASED dt=60ms presses=81"}
[04.12.2025 05:50:11.431] esc/room1/images_piano/log {"lvl":"INFO","msg":"BTN idx=2 pin=14 state=RELEASED dt=42ms presses=81"}
[04.12.2025 05:50:11.432] esc/room1/images_piano/log {"lvl":"INFO","msg":"BTN idx=2 pin=14 state=RELEASED dt=38ms presses=81"}
[04.12.2025 05:50:11.433] esc/room1/images_piano/log {"lvl":"INFO","msg":"BTN idx=2 pin=14 state=RELEASED dt=41ms presses=81"}
[04.12.2025 05:50:11.433] esc/room1/images_piano/log {"lvl":"INFO","msg":"BTN idx=2 pin=14 state=PRESSED dt=30ms presses=81"}
[04.12.2025 05:50:11.434] esc/room3/knocking/metric {"t":"INF","up":50384,"df":1,"en":1,"i":0,"avg":55,"max":293,"base":51,"d":4,"thr":1200}
[04.12.2025 05:50:11.435] esc/room3/knocking/metric {"t":"INF","up":50384,"df":1,"en":1,"i":1,"avg":64,"max":313,"base":55,"d":9,"thr":1200}
[04.12.2025 05:50:11.436] esc/room3/knocking/metric {"t":"INF","up":50384,"df":1,"en":1,"i":2,"avg":24,"max":250,"base":16,"d":8,"thr":1200}
[04.12.2025 05:50:11.437] esc/room1/images_piano/log {"lvl":"INFO","msg":"BTN idx=2 pin=14 state=RELEASED dt=41ms presses=82"}
[04.12.2025 05:50:11.437] esc/room1/images_piano/log {"lvl":"INFO","msg":"BTN idx=2 pin=14 state=RELEASED dt=39ms presses=82"}
[04.12.2025 05:50:11.438] esc/room1/images_piano/log {"lvl":"INFO","msg":"BTN idx=2 pin=14 state=RELEASED dt=110ms presses=82"}
[04.12.2025 05:50:11.439] esc/room1/images_piano/log {"lvl":"INFO","msg":"BTN idx=2 pin=14 state=RELEASED dt=79ms presses=82"}
[04.12.2025 05:50:11.440] esc/room1/images_piano/log {"lvl":"INFO","msg":"BTN idx=2 pin=14 state=RELEASED dt=61ms presses=82"}
[04.12.2025 05:50:11.440] esc/room1/images_piano/log {"lvl":"INFO","msg":"BTN idx=2 pin=14 state=RELEASED dt=51ms presses=82"}
[04.12.2025 05:50:11.441] esc/room1/images_piano/metric {"t":"BTN","up":708,"en":1,"i":0,"pin":25,"state":1,"presses":0}
[04.12.2025 05:50:11.442] esc/room1/images_piano/metric {"t":"BTN","up":708,"en":1,"i":1,"pin":26,"state":1,"presses":0}
[04.12.2025 05:50:11.443] esc/room1/images_piano/metric {"t":"BTN","up":708,"en":1,"i":2,"pin":14,"state":0,"presses":82}
[04.12.2025 05:50:11.444] esc/room1/images_piano/metric {"t":"BTN","up":708,"en":1,"i":3,"pin":12,"state":1,"presses":0}
[04.12.2025 05:50:11.444] esc/room1/images_piano/metric {"t":"ALL","up":708,"all_pressed":0}
[04.12.2025 05:50:11.445] esc/room1/images_piano/log {"lvl":"INFO","msg":"BTN idx=2 pin=14 state=RELEASED dt=47ms presses=82"}
[04.12.2025 05:50:11.446] esc/room1/images_piano/log {"lvl":"INFO","msg":"BTN idx=2 pin=14 state=RELEASED dt=101ms presses=82"}
[04.12.2025 05:50:11.447] esc/room1/images_piano/log {"lvl":"INFO","msg":"BTN idx=2 pin=14 state=RELEASED dt=80ms presses=82"}
[04.12.2025 05:50:11.447] esc/room1/images_piano/log {"lvl":"INFO","msg":"BTN idx=2 pin=14 state=RELEASED dt=39ms presses=82"}
[04.12.2025 05:50:11.448] esc/room1/images_piano/log {"lvl":"INFO","msg":"BTN idx=2 pin=14 state=RELEASED dt=30ms presses=82"}
[04.12.2025 05:50:11.449] esc/room1/images_piano/log {"lvl":"INFO","msg":"BTN idx=2 pin=14 state=RELEASED dt=44ms presses=82"}
[04.12.2025 05:50:11.450] esc/room1/images_piano/log {"lvl":"INFO","msg":"BTN idx=2 pin=14 state=RELEASED dt=47ms presses=82"}
[04.12.2025 05:50:11.451] esc/room1/images_piano/log {"lvl":"INFO","msg":"BTN idx=2 pin=14 state=RELEASED dt=61ms presses=82"}
[04.12.2025 05:50:11.452] esc/room1/images_piano/log {"lvl":"INFO","msg":"BTN idx=2 pin=14 state=RELEASED dt=90ms presses=82"}
[04.12.2025 05:50:11.452] esc/room1/images_piano/log {"lvl":"INFO","msg":"BTN idx=2 pin=14 state=RELEASED dt=90ms presses=82"}
[04.12.2025 05:50:11.453] esc/room3/knocking/metric {"t":"INF","up":50385,"df":1,"en":1,"i":0,"avg":56,"max":269,"base":51,"d":5,"thr":1200}
[04.12.2025 05:50:11.454] esc/room3/knocking/metric {"t":"INF","up":50385,"df":1,"en":1,"i":1,"avg":64,"max":289,"base":55,"d":9,"thr":1200}
[04.12.2025 05:50:11.455] esc/room3/knocking/metric {"t":"INF","up":50385,"df":1,"en":1,"i":2,"avg":25,"max":285,"base":16,"d":9,"thr":1200}
[04.12.2025 05:50:11.456] esc/room1/images_piano/log {"lvl":"INFO","msg":"BTN idx=2 pin=14 state=RELEASED dt=40ms presses=82"}
[04.12.2025 05:50:11.456] esc/room1/images_piano/log {"lvl":"INFO","msg":"BTN idx=2 pin=14 state=RELEASED dt=49ms presses=82"}
[04.12.2025 05:50:11.457] esc/room1/images_piano/log {"lvl":"INFO","msg":"BTN idx=2 pin=14 state=RELEASED dt=43ms presses=82"}
[04.12.2025 05:50:11.458] esc/room1/images_piano/log {"lvl":"INFO","msg":"BTN idx=2 pin=14 state=RELEASED dt=37ms presses=82"}
[04.12.2025 05:50:11.459] esc/room1/images_piano/log {"lvl":"INFO","msg":"BTN idx=2 pin=14 state=RELEASED dt=32ms presses=82"}
[04.12.2025 05:50:11.460] esc/room1/images_piano/log {"lvl":"INFO","msg":"BTN idx=2 pin=14 state=RELEASED dt=37ms presses=82"}
[04.12.2025 05:50:11.460] esc/room1/images_piano/log {"lvl":"INFO","msg":"BTN idx=2 pin=14 state=RELEASED dt=42ms presses=82"}
[04.12.2025 05:50:11.461] esc/room1/images_piano/log {"lvl":"INFO","msg":"BTN idx=2 pin=14 state=RELEASED dt=39ms presses=82"}
[04.12.2025 05:50:11.462] esc/room1/images_piano/log {"lvl":"INFO","msg":"BTN idx=2 pin=14 state=RELEASED dt=71ms presses=82"}
[04.12.2025 05:50:11.463] esc/room1/images_piano/metric {"t":"BTN","up":709,"en":1,"i":0,"pin":25,"state":1,"presses":0}
[04.12.2025 05:50:11.463] esc/room1/images_piano/metric {"t":"BTN","up":709,"en":1,"i":1,"pin":26,"state":1,"presses":0}
[04.12.2025 05:50:11.464] esc/room1/images_piano/metric {"t":"BTN","up":709,"en":1,"i":2,"pin":14,"state":1,"presses":82}
[04.12.2025 05:50:11.465] esc/room1/images_piano/metric {"t":"BTN","up":709,"en":1,"i":3,"pin":12,"state":1,"presses":0}
[04.12.2025 05:50:11.466] esc/room1/images_piano/metric {"t":"ALL","up":709,"all_pressed":0}
[04.12.2025 05:50:11.466] esc/room1/images_piano/log {"lvl":"INFO","msg":"BTN idx=2 pin=14 state=RELEASED dt=39ms presses=82"}
[04.12.2025 05:50:11.467] esc/room1/images_piano/log {"lvl":"INFO","msg":"BTN idx=2 pin=14 state=RELEASED dt=61ms presses=82"}
[04.12.2025 05:50:11.468] esc/room1/images_piano/log {"lvl":"INFO","msg":"BTN idx=2 pin=14 state=RELEASED dt=49ms presses=82"}
[04.12.2025 05:50:11.469] esc/room1/images_piano/log {"lvl":"INFO","msg":"BTN idx=2 pin=14 state=RELEASED dt=61ms presses=82"}
[04.12.2025 05:50:11.469] esc/room1/images_piano/log {"lvl":"INFO","msg":"BTN idx=2 pin=14 state=RELEASED dt=30ms presses=82"}
[04.12.2025 05:50:11.470] esc/room1/images_piano/log {"lvl":"INFO","msg":"BTN idx=2 pin=14 state=RELEASED dt=91ms presses=82"}
[04.12.2025 05:50:11.471] esc/room1/images_piano/log {"lvl":"INFO","msg":"BTN idx=2 pin=14 state=RELEASED dt=40ms presses=82"}
[04.12.2025 05:50:11.472] esc/room1/images_piano/log {"lvl":"INFO","msg":"BTN idx=2 pin=14 state=RELEASED dt=51ms presses=82"}
[04.12.2025 05:50:11.473] esc/room1/images_piano/log {"lvl":"INFO","msg":"BTN idx=2 pin=14 state=RELEASED dt=35ms presses=82"}
[04.12.2025 05:50:11.473] esc/room1/images_piano/log {"lvl":"INFO","msg":"BTN idx=2 pin=14 state=RELEASED dt=42ms presses=82"}
[04.12.2025 05:50:11.474] esc/room1/images_piano/log {"lvl":"INFO","msg":"BTN idx=2 pin=14 state=RELEASED dt=118ms presses=82"}
[04.12.2025 05:50:11.476] esc/room3/knocking/metric {"t":"INF","up":50386,"df":1,"en":1,"i":0,"avg":56,"max":281,"base":51,"d":5,"thr":1200}
[04.12.2025 05:50:11.476] esc/room3/knocking/metric {"t":"INF","up":50386,"df":1,"en":1,"i":1,"avg":64,"max":315,"base":55,"d":9,"thr":1200}
[04.12.2025 05:50:11.477] esc/room3/knocking/metric {"t":"INF","up":50386,"df":1,"en":1,"i":2,"avg":25,"max":297,"base":16,"d":9,"thr":1200}
[04.12.2025 05:50:11.478] esc/room1/images_piano/log {"lvl":"INFO","msg":"BTN idx=2 pin=14 state=RELEASED dt=102ms presses=82"}
[04.12.2025 05:50:11.479] esc/room1/images_piano/log {"lvl":"INFO","msg":"BTN idx=2 pin=14 state=RELEASED dt=51ms presses=82"}
[04.12.2025 05:50:11.480] esc/room1/images_piano/log {"lvl":"INFO","msg":"BTN idx=2 pin=14 state=RELEASED dt=31ms presses=82"}
[04.12.2025 05:50:11.480] esc/room1/images_piano/log {"lvl":"INFO","msg":"BTN idx=2 pin=14 state=RELEASED dt=71ms presses=82"}
[04.12.2025 05:50:11.481] esc/room1/images_piano/log {"lvl":"INFO","msg":"BTN idx=2 pin=14 state=RELEASED dt=68ms presses=82"}
[04.12.2025 05:50:11.482] esc/room1/images_piano/log {"lvl":"INFO","msg":"BTN idx=2 pin=14 state=RELEASED dt=30ms presses=82"}
[04.12.2025 05:50:11.483] esc/room1/images_piano/hb {"node":"images_piano","fw":"images_piano_v1.6_4btn_eth_ota_solved_open_edge","ip":"192.168.0.12","uptime":710,"df_ok":false,"enabled":true}
[04.12.2025 05:50:11.484] esc/room1/images_piano/metric {"t":"BTN","up":710,"en":1,"i":0,"pin":25,"state":1,"presses":0}
[04.12.2025 05:50:11.484] esc/room1/images_piano/metric {"t":"BTN","up":710,"en":1,"i":1,"pin":26,"state":1,"presses":0}
[04.12.2025 05:50:11.485] esc/room1/images_piano/metric {"t":"BTN","up":710,"en":1,"i":2,"pin":14,"state":0,"presses":82}
[04.12.2025 05:50:11.486] esc/room1/images_piano/metric {"t":"BTN","up":710,"en":1,"i":3,"pin":12,"state":1,"presses":0}
[04.12.2025 05:50:11.487] esc/room1/images_piano/metric {"t":"ALL","up":710,"all_pressed":0}
[04.12.2025 05:50:11.488] esc/room1/images_piano/log {"lvl":"INFO","msg":"BTN idx=2 pin=14 state=RELEASED dt=80ms presses=82"}
[04.12.2025 05:50:11.488] esc/room1/images_piano/log {"lvl":"INFO","msg":"BTN idx=2 pin=14 state=RELEASED dt=32ms presses=82"}
[04.12.2025 05:50:11.489] esc/room1/images_piano/log {"lvl":"INFO","msg":"BTN idx=2 pin=14 state=RELEASED dt=68ms presses=82"}
[04.12.2025 05:50:11.490] esc/room1/images_piano/log {"lvl":"INFO","msg":"BTN idx=2 pin=14 state=RELEASED dt=31ms presses=82"}
[04.12.2025 05:50:11.491] esc/room0/maglock_ctrl/hb {"node":"maglock_ctrl","fw":"maglock_ctrl_v11","ip":"192.168.0.11","uptime":50387}
[04.12.2025 05:50:11.492] esc/room1/images_piano/log {"lvl":"INFO","msg":"BTN idx=2 pin=14 state=RELEASED dt=90ms presses=82"}
[04.12.2025 05:50:11.492] esc/room1/images_piano/log {"lvl":"INFO","msg":"BTN idx=2 pin=14 state=RELEASED dt=39ms presses=82"}
[04.12.2025 05:50:11.493] esc/room1/images_piano/log {"lvl":"INFO","msg":"BTN idx=2 pin=14 state=RELEASED dt=30ms presses=82"}
[04.12.2025 05:50:11.494] esc/room1/images_piano/log {"lvl":"INFO","msg":"BTN idx=2 pin=14 state=RELEASED dt=80ms presses=82"}
[04.12.2025 05:50:11.495] esc/room1/images_piano/log {"lvl":"INFO","msg":"BTN idx=2 pin=14 state=RELEASED dt=62ms presses=82"}
[04.12.2025 05:50:11.496] esc/room1/images_piano/log {"lvl":"INFO","msg":"BTN idx=2 pin=14 state=RELEASED dt=48ms presses=82"}
[04.12.2025 05:50:11.496] esc/room1/images_piano/log {"lvl":"INFO","msg":"BTN idx=2 pin=14 state=RELEASED dt=41ms presses=82"}
[04.12.2025 05:50:11.497] esc/room1/images_piano/log {"lvl":"INFO","msg":"BTN idx=2 pin=14 state=RELEASED dt=39ms presses=82"}
[04.12.2025 05:50:11.498] esc/room3/knocking/metric {"t":"INF","up":50387,"df":1,"en":1,"i":0,"avg":55,"max":278,"base":51,"d":4,"thr":1200}
[04.12.2025 05:50:11.499] esc/room3/knocking/metric {"t":"INF","up":50387,"df":1,"en":1,"i":1,"avg":64,"max":274,"base":55,"d":9,"thr":1200}
[04.12.2025 05:50:11.500] esc/room3/knocking/metric {"t":"INF","up":50387,"df":1,"en":1,"i":2,"avg":25,"max":272,"base":16,"d":9,"thr":1200}
[04.12.2025 05:50:11.500] esc/room1/images_piano/log {"lvl":"INFO","msg":"BTN idx=2 pin=14 state=RELEASED dt=30ms presses=82"}
[04.12.2025 05:50:11.501] esc/room1/images_piano/log {"lvl":"INFO","msg":"BTN idx=2 pin=14 state=RELEASED dt=70ms presses=82"}
[04.12.2025 05:50:11.502] esc/room1/images_piano/log {"lvl":"INFO","msg":"BTN idx=2 pin=14 state=RELEASED dt=49ms presses=82"}
[04.12.2025 05:50:11.503] esc/room1/images_piano/log {"lvl":"INFO","msg":"BTN idx=2 pin=14 state=RELEASED dt=42ms presses=82"}
[04.12.2025 05:50:11.503] esc/room1/images_piano/log {"lvl":"INFO","msg":"BTN idx=2 pin=14 state=RELEASED dt=69ms presses=82"}
[04.12.2025 05:50:11.504] esc/room1/images_piano/log {"lvl":"INFO","msg":"BTN idx=2 pin=14 state=RELEASED dt=39ms presses=82"}
[04.12.2025 05:50:11.505] esc/room1/images_piano/log {"lvl":"INFO","msg":"BTN idx=2 pin=14 state=RELEASED dt=40ms presses=82"}
[04.12.2025 05:50:11.506] esc/room1/images_piano/metric {"t":"BTN","up":711,"en":1,"i":0,"pin":25,"state":1,"presses":0}
[04.12.2025 05:50:11.507] esc/room1/images_piano/metric {"t":"BTN","up":711,"en":1,"i":1,"pin":26,"state":1,"presses":0}
[04.12.2025 05:50:11.507] esc/room1/images_piano/metric {"t":"BTN","up":711,"en":1,"i":2,"pin":14,"state":0,"presses":82}
[04.12.2025 05:50:11.508] esc/room1/images_piano/metric {"t":"BTN","up":711,"en":1,"i":3,"pin":12,"state":1,"presses":0}
[04.12.2025 05:50:11.509] esc/room1/images_piano/metric {"t":"ALL","up":711,"all_pressed":0}
[04.12.2025 05:50:11.510] esc/room1/images_piano/log {"lvl":"INFO","msg":"BTN idx=2 pin=14 state=RELEASED dt=63ms presses=82"}
[04.12.2025 05:50:11.510] esc/room1/images_piano/log {"lvl":"INFO","msg":"BTN idx=2 pin=14 state=RELEASED dt=48ms presses=82"}
[04.12.2025 05:50:11.511] esc/room1/images_piano/log {"lvl":"INFO","msg":"BTN idx=2 pin=14 state=RELEASED dt=30ms presses=82"}
[04.12.2025 05:50:11.512] esc/room1/images_piano/log {"lvl":"INFO","msg":"BTN idx=2 pin=14 state=RELEASED dt=31ms presses=82"}
[04.12.2025 05:50:11.513] esc/room1/images_piano/log {"lvl":"INFO","msg":"BTN idx=2 pin=14 state=RELEASED dt=49ms presses=82"}
[04.12.2025 05:50:11.513] esc/room1/images_piano/log {"lvl":"INFO","msg":"BTN idx=2 pin=14 state=RELEASED dt=190ms presses=82"}
[04.12.2025 05:50:11.514] esc/room1/images_piano/log {"lvl":"INFO","msg":"BTN idx=2 pin=14 state=RELEASED dt=30ms presses=82"}
[04.12.2025 05:50:11.515] esc/room3/knocking/hb {"node":"knocking","fw":"knocking_v5.11_3piezo_eth_ota_df_seq_timer_log","ip":"192.168.0.14","uptime":50388,"df_ok":true,"enabled":true}
[04.12.2025 05:50:11.516] esc/room1/images_piano/log {"lvl":"INFO","msg":"BTN idx=2 pin=14 state=RELEASED dt=41ms presses=82"}
[04.12.2025 05:50:11.517] esc/room1/images_piano/log {"lvl":"INFO","msg":"BTN idx=2 pin=14 state=RELEASED dt=42ms presses=82"}
[04.12.2025 05:50:11.517] esc/room1/images_piano/log {"lvl":"INFO","msg":"BTN idx=2 pin=14 state=RELEASED dt=39ms presses=82"}
[04.12.2025 05:50:11.518] esc/room1/images_piano/log {"lvl":"INFO","msg":"BTN idx=2 pin=14 state=RELEASED dt=38ms presses=82"}
[04.12.2025 05:50:11.519] esc/room1/images_piano/log {"lvl":"INFO","msg":"BTN idx=2 pin=14 state=RELEASED dt=43ms presses=82"}
[04.12.2025 05:50:11.520] esc/room3/knocking/metric {"t":"INF","up":50388,"df":1,"en":1,"i":0,"avg":56,"max":268,"base":51,"d":5,"thr":1200}
[04.12.2025 05:50:11.520] esc/room3/knocking/metric {"t":"INF","up":50388,"df":1,"en":1,"i":1,"avg":64,"max":307,"base":55,"d":9,"thr":1200}
[04.12.2025 05:50:11.521] esc/room3/knocking/metric {"t":"INF","up":50388,"df":1,"en":1,"i":2,"avg":25,"max":256,"base":16,"d":9,"thr":1200}
[04.12.2025 05:50:11.522] esc/room1/images_piano/log {"lvl":"INFO","msg":"BTN idx=2 pin=14 state=RELEASED dt=59ms presses=82"}
[04.12.2025 05:50:11.523] esc/room1/images_piano/log {"lvl":"INFO","msg":"BTN idx=2 pin=14 state=RELEASED dt=50ms presses=82"}
[04.12.2025 05:50:11.523] esc/room1/images_piano/log {"lvl":"INFO","msg":"BTN idx=2 pin=14 state=RELEASED dt=30ms presses=82"}
[04.12.2025 05:50:11.524] esc/room1/images_piano/log {"lvl":"INFO","msg":"BTN idx=2 pin=14 state=RELEASED dt=59ms presses=82"}
[04.12.2025 05:50:11.525] esc/room1/images_piano/log {"lvl":"INFO","msg":"BTN idx=2 pin=14 state=RELEASED dt=40ms presses=82"}
[04.12.2025 05:50:11.526] esc/room1/images_piano/log {"lvl":"INFO","msg":"BTN idx=2 pin=14 state=RELEASED dt=42ms presses=82"}
[04.12.2025 05:50:11.527] esc/room1/images_piano/log {"lvl":"INFO","msg":"BTN idx=2 pin=14 state=RELEASED dt=45ms presses=82"}
[04.12.2025 05:50:11.528] esc/room1/images_piano/log {"lvl":"INFO","msg":"BTN idx=2 pin=14 state=RELEASED dt=32ms presses=82"}
[04.12.2025 05:50:11.528] esc/room1/images_piano/metric {"t":"BTN","up":712,"en":1,"i":0,"pin":25,"state":1,"presses":0}
[04.12.2025 05:50:11.529] esc/room1/images_piano/metric {"t":"BTN","up":712,"en":1,"i":1,"pin":26,"state":1,"presses":0}
[04.12.2025 05:50:11.530] esc/room1/images_piano/metric {"t":"BTN","up":712,"en":1,"i":2,"pin":14,"state":0,"presses":82}
[04.12.2025 05:50:11.531] esc/room1/images_piano/metric {"t":"BTN","up":712,"en":1,"i":3,"pin":12,"state":1,"presses":0}
[04.12.2025 05:50:11.531] esc/room1/images_piano/metric {"t":"ALL","up":712,"all_pressed":0}
[04.12.2025 05:50:11.532] esc/room1/images_piano/log {"lvl":"INFO","msg":"BTN idx=2 pin=14 state=RELEASED dt=100ms presses=82"}
[04.12.2025 05:50:11.533] esc/room1/images_piano/log {"lvl":"INFO","msg":"BTN idx=2 pin=14 state=RELEASED dt=30ms presses=82"}
[04.12.2025 05:50:11.534] esc/room1/images_piano/log {"lvl":"INFO","msg":"BTN idx=2 pin=14 state=RELEASED dt=32ms presses=82"}
[04.12.2025 05:50:11.535] esc/room1/images_piano/log {"lvl":"INFO","msg":"BTN idx=2 pin=14 state=RELEASED dt=39ms presses=82"}
[04.12.2025 05:50:11.536] esc/room1/images_piano/log {"lvl":"INFO","msg":"BTN idx=2 pin=14 state=RELEASED dt=41ms presses=82"}
[04.12.2025 05:50:11.536] esc/room1/images_piano/log {"lvl":"INFO","msg":"BTN idx=2 pin=14 state=RELEASED dt=68ms presses=82"}
[04.12.2025 05:50:11.537] esc/room1/images_piano/log {"lvl":"INFO","msg":"BTN idx=2 pin=14 state=RELEASED dt=42ms presses=82"}
[04.12.2025 05:50:11.539] esc/room1/images_piano/log {"lvl":"INFO","msg":"BTN idx=2 pin=14 state=RELEASED dt=48ms presses=82"}
[04.12.2025 05:50:11.539] esc/room1/images_piano/log {"lvl":"INFO","msg":"BTN idx=2 pin=14 state=RELEASED dt=50ms presses=82"}
[04.12.2025 05:50:11.540] esc/room1/images_piano/log {"lvl":"INFO","msg":"BTN idx=2 pin=14 state=RELEASED dt=52ms presses=82"}
[04.12.2025 05:50:11.541] esc/room1/images_piano/log {"lvl":"INFO","msg":"BTN idx=2 pin=14 state=RELEASED dt=40ms presses=82"}
[04.12.2025 05:50:11.542] esc/room1/images_piano/log {"lvl":"INFO","msg":"BTN idx=2 pin=14 state=RELEASED dt=50ms presses=82"}
[04.12.2025 05:50:11.543] esc/room3/knocking/metric {"t":"INF","up":50389,"df":1,"en":1,"i":0,"avg":55,"max":256,"base":51,"d":4,"thr":1200}
[04.12.2025 05:50:11.544] esc/room3/knocking/metric {"t":"INF","up":50389,"df":1,"en":1,"i":1,"avg":64,"max":304,"base":55,"d":9,"thr":1200}
[04.12.2025 05:50:11.544] esc/room3/knocking/metric {"t":"INF","up":50389,"df":1,"en":1,"i":2,"avg":25,"max":299,"base":16,"d":9,"thr":1200}
[04.12.2025 05:50:11.545] esc/room1/images_piano/log {"lvl":"INFO","msg":"BTN idx=2 pin=14 state=RELEASED dt=111ms presses=82"}
[04.12.2025 05:50:11.546] esc/room1/images_piano/log {"lvl":"INFO","msg":"BTN idx=2 pin=14 state=RELEASED dt=48ms presses=82"}
[04.12.2025 05:50:11.547] esc/room1/images_piano/log {"lvl":"INFO","msg":"BTN idx=2 pin=14 state=RELEASED dt=30ms presses=82"}
[04.12.2025 05:50:11.548] esc/room1/images_piano/log {"lvl":"INFO","msg":"BTN idx=2 pin=14 state=RELEASED dt=68ms presses=82"}
[04.12.2025 05:50:11.548] esc/room1/images_piano/log {"lvl":"INFO","msg":"BTN idx=2 pin=14 state=RELEASED dt=81ms presses=82"}
[04.12.2025 05:50:11.549] esc/room1/images_piano/log {"lvl":"INFO","msg":"BTN idx=2 pin=14 state=RELEASED dt=51ms presses=82"}
[04.12.2025 05:50:11.550] esc/room1/images_piano/log {"lvl":"INFO","msg":"BTN idx=2 pin=14 state=RELEASED dt=61ms presses=82"}
[04.12.2025 05:50:11.551] esc/room1/images_piano/metric {"t":"BTN","up":713,"en":1,"i":0,"pin":25,"state":1,"presses":0}
[04.12.2025 05:50:11.552] esc/room1/images_piano/metric {"t":"BTN","up":713,"en":1,"i":1,"pin":26,"state":1,"presses":0}
[04.12.2025 05:50:11.552] esc/room1/images_piano/metric {"t":"BTN","up":713,"en":1,"i":2,"pin":14,"state":0,"presses":82}
[04.12.2025 05:50:11.553] esc/room1/images_piano/metric {"t":"BTN","up":713,"en":1,"i":3,"pin":12,"state":1,"presses":0}
[04.12.2025 05:50:11.554] esc/room1/images_piano/metric {"t":"ALL","up":713,"all_pressed":0}
[04.12.2025 05:50:11.555] esc/room1/images_piano/log {"lvl":"INFO","msg":"BTN idx=2 pin=14 state=RELEASED dt=50ms presses=82"}
[04.12.2025 05:50:11.556] esc/room1/images_piano/log {"lvl":"INFO","msg":"BTN idx=2 pin=14 state=RELEASED dt=49ms presses=82"}
[04.12.2025 05:50:11.556] esc/room1/images_piano/log {"lvl":"INFO","msg":"BTN idx=2 pin=14 state=RELEASED dt=40ms presses=82"}
[04.12.2025 05:50:11.559] esc/room1/images_piano/log {"lvl":"INFO","msg":"BTN idx=2 pin=14 state=RELEASED dt=40ms presses=82"}
[04.12.2025 05:50:11.561] esc/room1/images_piano/log {"lvl":"INFO","msg":"BTN idx=2 pin=14 state=RELEASED dt=46ms presses=82"}
[04.12.2025 05:50:11.562] esc/room1/images_piano/log {"lvl":"INFO","msg":"BTN idx=2 pin=14 state=RELEASED dt=115ms presses=82"}
[04.12.2025 05:50:11.563] esc/room1/images_piano/log {"lvl":"INFO","msg":"BTN idx=2 pin=14 state=RELEASED dt=31ms presses=82"}
[04.12.2025 05:50:11.563] esc/room1/images_piano/log {"lvl":"INFO","msg":"BTN idx=2 pin=14 state=RELEASED dt=98ms presses=82"}
[04.12.2025 05:50:11.564] esc/room1/images_piano/log {"lvl":"INFO","msg":"BTN idx=2 pin=14 state=RELEASED dt=49ms presses=82"}
[04.12.2025 05:50:11.565] esc/room1/images_piano/log {"lvl":"INFO","msg":"BTN idx=2 pin=14 state=RELEASED dt=62ms presses=82"}
[04.12.2025 05:50:11.566] esc/room1/images_piano/log {"lvl":"INFO","msg":"BTN idx=2 pin=14 state=RELEASED dt=39ms presses=82"}
[04.12.2025 05:50:11.566] esc/room3/knocking/metric {"t":"INF","up":50390,"df":1,"en":1,"i":0,"avg":56,"max":304,"base":51,"d":5,"thr":1200}
[04.12.2025 05:50:11.567] esc/room3/knocking/metric {"t":"INF","up":50390,"df":1,"en":1,"i":1,"avg":64,"max":267,"base":55,"d":9,"thr":1200}
[04.12.2025 05:50:11.568] esc/room3/knocking/metric {"t":"INF","up":50390,"df":1,"en":1,"i":2,"avg":25,"max":288,"base":16,"d":9,"thr":1200}
[04.12.2025 05:50:11.569] esc/room1/images_piano/log {"lvl":"INFO","msg":"BTN idx=2 pin=14 state=RELEASED dt=42ms presses=82"}
[04.12.2025 05:50:11.570] esc/room1/images_piano/log {"lvl":"INFO","msg":"BTN idx=2 pin=14 state=RELEASED dt=48ms presses=82"}
[04.12.2025 05:50:11.570] esc/room1/images_piano/log {"lvl":"INFO","msg":"BTN idx=2 pin=14 state=RELEASED dt=31ms presses=82"}
[04.12.2025 05:50:11.571] esc/room1/images_piano/log {"lvl":"INFO","msg":"BTN idx=2 pin=14 state=RELEASED dt=38ms presses=82"}
[04.12.2025 05:50:11.572] esc/room1/images_piano/log {"lvl":"INFO","msg":"BTN idx=2 pin=14 state=RELEASED dt=31ms presses=82"}
[04.12.2025 05:50:11.573] esc/room1/images_piano/log {"lvl":"INFO","msg":"BTN idx=2 pin=14 state=RELEASED dt=40ms presses=82"}
[04.12.2025 05:50:11.573] esc/room1/images_piano/log {"lvl":"INFO","msg":"BTN idx=2 pin=14 state=RELEASED dt=31ms presses=82"}
[04.12.2025 05:50:11.574] esc/room1/images_piano/log {"lvl":"INFO","msg":"BTN idx=2 pin=14 state=RELEASED dt=51ms presses=82"}
[04.12.2025 05:50:11.575] esc/room1/images_piano/log {"lvl":"INFO","msg":"BTN idx=2 pin=14 state=RELEASED dt=77ms presses=82"}
[04.12.2025 05:50:11.576] esc/room1/images_piano/metric {"t":"BTN","up":714,"en":1,"i":0,"pin":25,"state":1,"presses":0}
[04.12.2025 05:50:11.577] esc/room1/images_piano/metric {"t":"BTN","up":714,"en":1,"i":1,"pin":26,"state":1,"presses":0}
[04.12.2025 05:50:11.577] esc/room1/images_piano/metric {"t":"BTN","up":714,"en":1,"i":2,"pin":14,"state":1,"presses":82}
[04.12.2025 05:50:11.578] esc/room1/images_piano/metric {"t":"BTN","up":714,"en":1,"i":3,"pin":12,"state":1,"presses":0}
[04.12.2025 05:50:11.579] esc/room1/images_piano/metric {"t":"ALL","up":714,"all_pressed":0}
[04.12.2025 05:50:11.580] esc/room1/images_piano/log {"lvl":"INFO","msg":"BTN idx=2 pin=14 state=RELEASED dt=83ms presses=82"}
[04.12.2025 05:50:11.580] esc/room1/images_piano/log {"lvl":"INFO","msg":"BTN idx=2 pin=14 state=RELEASED dt=48ms presses=82"}
[04.12.2025 05:50:11.581] esc/room1/images_piano/log {"lvl":"INFO","msg":"BTN idx=2 pin=14 state=RELEASED dt=50ms presses=82"}
[04.12.2025 05:50:11.582] esc/room1/images_piano/log {"lvl":"INFO","msg":"BTN idx=2 pin=14 state=RELEASED dt=51ms presses=82"}
[04.12.2025 05:50:11.583] esc/room1/images_piano/log {"lvl":"INFO","msg":"BTN idx=2 pin=14 state=RELEASED dt=71ms presses=82"}
[04.12.2025 05:50:11.583] esc/room1/images_piano/log {"lvl":"INFO","msg":"BTN idx=2 pin=14 state=RELEASED dt=39ms presses=82"}
[04.12.2025 05:50:11.584] esc/room1/images_piano/log {"lvl":"INFO","msg":"BTN idx=2 pin=14 state=RELEASED dt=40ms presses=82"}
[04.12.2025 05:50:11.585] esc/room1/images_piano/log {"lvl":"INFO","msg":"BTN idx=2 pin=14 state=RELEASED dt=49ms presses=82"}
[04.12.2025 05:50:11.586] esc/room1/images_piano/log {"lvl":"INFO","msg":"BTN idx=2 pin=14 state=RELEASED dt=41ms presses=82"}
[04.12.2025 05:50:11.587] esc/room1/images_piano/log {"lvl":"INFO","msg":"BTN idx=2 pin=14 state=RELEASED dt=40ms presses=82"}
[04.12.2025 05:50:11.587] esc/room1/images_piano/log {"lvl":"INFO","msg":"BTN idx=2 pin=14 state=RELEASED dt=30ms presses=82"}
[04.12.2025 05:50:11.588] esc/room1/images_piano/log {"lvl":"INFO","msg":"BTN idx=2 pin=14 state=RELEASED dt=59ms presses=82"}
[04.12.2025 05:50:11.589] esc/room3/knocking/metric {"t":"INF","up":50391,"df":1,"en":1,"i":0,"avg":56,"max":265,"base":51,"d":5,"thr":1200}
[04.12.2025 05:50:11.590] esc/room3/knocking/metric {"t":"INF","up":50391,"df":1,"en":1,"i":1,"avg":64,"max":322,"base":55,"d":9,"thr":1200}
[04.12.2025 05:50:11.590] esc/room3/knocking/metric {"t":"INF","up":50391,"df":1,"en":1,"i":2,"avg":25,"max":273,"base":16,"d":9,"thr":1200}
[04.12.2025 05:50:11.591] esc/room1/images_piano/log {"lvl":"INFO","msg":"BTN idx=2 pin=14 state=RELEASED dt=49ms presses=82"}
[04.12.2025 05:50:11.592] esc/room1/images_piano/log {"lvl":"INFO","msg":"BTN idx=2 pin=14 state=RELEASED dt=71ms presses=82"}
[04.12.2025 05:50:11.593] esc/room1/images_piano/log {"lvl":"INFO","msg":"BTN idx=2 pin=14 state=RELEASED dt=31ms presses=82"}
[04.12.2025 05:50:11.593] esc/room1/images_piano/log {"lvl":"INFO","msg":"BTN idx=2 pin=14 state=RELEASED dt=41ms presses=82"}
[04.12.2025 05:50:11.595] esc/room1/images_piano/log {"lvl":"INFO","msg":"BTN idx=2 pin=14 state=RELEASED dt=68ms presses=82"}
[04.12.2025 05:50:11.596] esc/room1/images_piano/log {"lvl":"INFO","msg":"BTN idx=2 pin=14 state=RELEASED dt=31ms presses=82"}
[04.12.2025 05:50:11.596] esc/room1/images_piano/log {"lvl":"INFO","msg":"BTN idx=2 pin=14 state=RELEASED dt=50ms presses=82"}
[04.12.2025 05:50:11.597] esc/room1/images_piano/log {"lvl":"INFO","msg":"BTN idx=2 pin=14 state=RELEASED dt=50ms presses=82"}
[04.12.2025 05:50:11.598] esc/room1/images_piano/hb {"node":"images_piano","fw":"images_piano_v1.6_4btn_eth_ota_solved_open_edge","ip":"192.168.0.12","uptime":715,"df_ok":false,"enabled":true}
[04.12.2025 05:50:11.599] esc/room1/images_piano/metric {"t":"BTN","up":715,"en":1,"i":0,"pin":25,"state":1,"presses":0}
[04.12.2025 05:50:11.599] esc/room1/images_piano/metric {"t":"BTN","up":715,"en":1,"i":1,"pin":26,"state":1,"presses":0}
[04.12.2025 05:50:11.600] esc/room1/images_piano/metric {"t":"BTN","up":715,"en":1,"i":2,"pin":14,"state":0,"presses":82}
[04.12.2025 05:50:11.601] esc/room1/images_piano/metric {"t":"BTN","up":715,"en":1,"i":3,"pin":12,"state":1,"presses":0}
[04.12.2025 05:50:11.602] esc/room1/images_piano/metric {"t":"ALL","up":715,"all_pressed":0}
[04.12.2025 05:50:11.602] esc/room1/images_piano/log {"lvl":"INFO","msg":"BTN idx=2 pin=14 state=RELEASED dt=31ms presses=82"}
[04.12.2025 05:50:11.603] esc/room1/images_piano/log {"lvl":"INFO","msg":"BTN idx=2 pin=14 state=RELEASED dt=40ms presses=82"}
[04.12.2025 05:50:11.604] esc/room1/images_piano/log {"lvl":"INFO","msg":"BTN idx=2 pin=14 state=RELEASED dt=47ms presses=82"}
[04.12.2025 05:50:11.605] esc/room1/images_piano/log {"lvl":"INFO","msg":"BTN idx=2 pin=14 state=RELEASED dt=32ms presses=82"}
[04.12.2025 05:50:11.605] esc/room1/images_piano/log {"lvl":"INFO","msg":"BTN idx=2 pin=14 state=RELEASED dt=60ms presses=82"}
[04.12.2025 05:50:11.606] esc/room0/maglock_ctrl/hb {"node":"maglock_ctrl","fw":"maglock_ctrl_v11","ip":"192.168.0.11","uptime":50392}
[04.12.2025 05:50:11.607] esc/room1/images_piano/log {"lvl":"INFO","msg":"BTN idx=2 pin=14 state=RELEASED dt=31ms presses=82"}
[04.12.2025 05:50:11.607] esc/room1/images_piano/log {"lvl":"INFO","msg":"BTN idx=2 pin=14 state=RELEASED dt=149ms presses=82"}
[04.12.2025 05:50:11.608] esc/room1/images_piano/log {"lvl":"INFO","msg":"BTN idx=2 pin=14 state=RELEASED dt=40ms presses=82"}
[04.12.2025 05:50:11.609] esc/room1/images_piano/log {"lvl":"INFO","msg":"BTN idx=2 pin=14 state=RELEASED dt=31ms presses=82"}
[04.12.2025 05:50:11.610] esc/room1/images_piano/log {"lvl":"INFO","msg":"BTN idx=2 pin=14 state=RELEASED dt=48ms presses=82"}
[04.12.2025 05:50:11.610] esc/room1/images_piano/log {"lvl":"INFO","msg":"BTN idx=2 pin=14 state=RELEASED dt=31ms presses=82"}
[04.12.2025 05:50:11.611] esc/room1/images_piano/log {"lvl":"INFO","msg":"BTN idx=2 pin=14 state=RELEASED dt=41ms presses=82"}
[04.12.2025 05:50:11.612] esc/room3/knocking/metric {"t":"INF","up":50392,"df":1,"en":1,"i":0,"avg":56,"max":231,"base":51,"d":5,"thr":1200}
[04.12.2025 05:50:11.612] esc/room3/knocking/metric {"t":"INF","up":50392,"df":1,"en":1,"i":1,"avg":64,"max":304,"base":55,"d":9,"thr":1200}
[04.12.2025 05:50:11.613] esc/room3/knocking/metric {"t":"INF","up":50392,"df":1,"en":1,"i":2,"avg":25,"max":298,"base":16,"d":9,"thr":1200}
[04.12.2025 05:50:11.614] esc/room1/images_piano/log {"lvl":"INFO","msg":"BTN idx=2 pin=14 state=RELEASED dt=58ms presses=82"}
[04.12.2025 05:50:11.615] esc/room1/images_piano/log {"lvl":"INFO","msg":"BTN idx=2 pin=14 state=RELEASED dt=60ms presses=82"}
[04.12.2025 05:50:11.615] esc/room1/images_piano/log {"lvl":"INFO","msg":"BTN idx=2 pin=14 state=RELEASED dt=32ms presses=82"}
[04.12.2025 05:50:11.616] esc/room1/images_piano/log {"lvl":"INFO","msg":"BTN idx=2 pin=14 state=RELEASED dt=38ms presses=82"}
[04.12.2025 05:50:11.617] esc/room1/images_piano/log {"lvl":"INFO","msg":"BTN idx=2 pin=14 state=RELEASED dt=40ms presses=82"}
[04.12.2025 05:50:11.618] esc/room1/images_piano/log {"lvl":"INFO","msg":"BTN idx=2 pin=14 state=RELEASED dt=42ms presses=82"}
[04.12.2025 05:50:11.619] esc/room1/images_piano/log {"lvl":"INFO","msg":"BTN idx=2 pin=14 state=RELEASED dt=49ms presses=82"}
[04.12.2025 05:50:11.619] esc/room1/images_piano/log {"lvl":"INFO","msg":"BTN idx=2 pin=14 state=RELEASED dt=31ms presses=82"}
[04.12.2025 05:50:11.620] esc/room1/images_piano/log {"lvl":"INFO","msg":"BTN idx=2 pin=14 state=RELEASED dt=38ms presses=82"}
[04.12.2025 05:50:11.621] esc/room1/images_piano/log {"lvl":"INFO","msg":"BTN idx=2 pin=14 state=RELEASED dt=32ms presses=82"}
[04.12.2025 05:50:11.621] esc/room1/images_piano/metric {"t":"BTN","up":716,"en":1,"i":0,"pin":25,"state":1,"presses":0}
[04.12.2025 05:50:11.622] esc/room1/images_piano/metric {"t":"BTN","up":716,"en":1,"i":1,"pin":26,"state":1,"presses":0}
[04.12.2025 05:50:11.623] esc/room1/images_piano/metric {"t":"BTN","up":716,"en":1,"i":2,"pin":14,"state":0,"presses":82}
[04.12.2025 05:50:11.624] esc/room1/images_piano/metric {"t":"BTN","up":716,"en":1,"i":3,"pin":12,"state":1,"presses":0}
[04.12.2025 05:50:11.624] esc/room1/images_piano/metric {"t":"ALL","up":716,"all_pressed":0}
[04.12.2025 05:50:11.625] esc/room1/images_piano/log {"lvl":"INFO","msg":"BTN idx=2 pin=14 state=RELEASED dt=30ms presses=82"}
[04.12.2025 05:50:11.626] esc/room1/images_piano/log {"lvl":"INFO","msg":"BTN idx=2 pin=14 state=RELEASED dt=60ms presses=82"}
[04.12.2025 05:50:11.627] esc/room1/images_piano/log {"lvl":"INFO","msg":"BTN idx=2 pin=14 state=RELEASED dt=30ms presses=82"}
[04.12.2025 05:50:11.627] esc/room1/images_piano/log {"lvl":"INFO","msg":"BTN idx=2 pin=14 state=RELEASED dt=158ms presses=82"}
[04.12.2025 05:50:11.628] esc/room1/images_piano/log {"lvl":"INFO","msg":"BTN idx=2 pin=14 state=RELEASED dt=52ms presses=82"}
[04.12.2025 05:50:11.629] esc/room1/images_piano/log {"lvl":"INFO","msg":"BTN idx=2 pin=14 state=RELEASED dt=49ms presses=82"}
[04.12.2025 05:50:11.630] esc/room1/images_piano/log {"lvl":"INFO","msg":"BTN idx=2 pin=14 state=RELEASED dt=41ms presses=82"}
[04.12.2025 05:50:11.630] esc/room3/knocking/hb {"node":"knocking","fw":"knocking_v5.11_3piezo_eth_ota_df_seq_timer_log","ip":"192.168.0.14","uptime":50393,"df_ok":true,"enabled":true}
[04.12.2025 05:50:11.631] esc/room1/images_piano/log {"lvl":"INFO","msg":"BTN idx=2 pin=14 state=RELEASED dt=58ms presses=82"}
[04.12.2025 05:50:11.632] esc/room1/images_piano/log {"lvl":"INFO","msg":"BTN idx=2 pin=14 state=RELEASED dt=42ms presses=82"}
[04.12.2025 05:50:11.633] esc/room3/knocking/metric {"t":"INF","up":50393,"df":1,"en":1,"i":0,"avg":56,"max":274,"base":51,"d":5,"thr":1200}
[04.12.2025 05:50:11.633] esc/room3/knocking/metric {"t":"INF","up":50393,"df":1,"en":1,"i":1,"avg":64,"max":289,"base":55,"d":9,"thr":1200}
[04.12.2025 05:50:11.634] esc/room3/knocking/metric {"t":"INF","up":50393,"df":1,"en":1,"i":2,"avg":25,"max":314,"base":16,"d":9,"thr":1200}
[04.12.2025 05:50:11.635] esc/room1/images_piano/log {"lvl":"INFO","msg":"BTN idx=2 pin=14 state=RELEASED dt=139ms presses=82"}
[04.12.2025 05:50:11.636] esc/room1/images_piano/log {"lvl":"INFO","msg":"BTN idx=2 pin=14 state=RELEASED dt=131ms presses=82"}
[04.12.2025 05:50:11.636] esc/room1/images_piano/log {"lvl":"INFO","msg":"BTN idx=2 pin=14 state=RELEASED dt=69ms presses=82"}
[04.12.2025 05:50:11.637] esc/room1/images_piano/log {"lvl":"INFO","msg":"BTN idx=2 pin=14 state=RELEASED dt=58ms presses=82"}
[04.12.2025 05:50:11.638] esc/room1/images_piano/log {"lvl":"INFO","msg":"BTN idx=2 pin=14 state=RELEASED dt=31ms presses=82"}
[04.12.2025 05:50:11.639] esc/room1/images_piano/log {"lvl":"INFO","msg":"BTN idx=2 pin=14 state=RELEASED dt=52ms presses=82"}
[04.12.2025 05:50:11.640] esc/room1/images_piano/metric {"t":"BTN","up":717,"en":1,"i":0,"pin":25,"state":1,"presses":0}
[04.12.2025 05:50:11.640] esc/room1/images_piano/metric {"t":"BTN","up":717,"en":1,"i":1,"pin":26,"state":1,"presses":0}
[04.12.2025 05:50:11.641] esc/room1/images_piano/metric {"t":"BTN","up":717,"en":1,"i":2,"pin":14,"state":0,"presses":82}
[04.12.2025 05:50:11.642] esc/room1/images_piano/metric {"t":"BTN","up":717,"en":1,"i":3,"pin":12,"state":1,"presses":0}
[04.12.2025 05:50:11.643] esc/room1/images_piano/metric {"t":"ALL","up":717,"all_pressed":0}
[04.12.2025 05:50:11.644] esc/room1/images_piano/log {"lvl":"INFO","msg":"BTN idx=2 pin=14 state=RELEASED dt=58ms presses=82"}
[04.12.2025 05:50:11.644] esc/room1/images_piano/log {"lvl":"INFO","msg":"BTN idx=2 pin=14 state=RELEASED dt=32ms presses=82"}
[04.12.2025 05:50:11.645] esc/room1/images_piano/log {"lvl":"INFO","msg":"BTN idx=2 pin=14 state=RELEASED dt=49ms presses=82"}
[04.12.2025 05:50:11.646] esc/room1/images_piano/log {"lvl":"INFO","msg":"BTN idx=2 pin=14 state=RELEASED dt=60ms presses=82"}
[04.12.2025 05:50:11.647] esc/room1/images_piano/log {"lvl":"INFO","msg":"BTN idx=2 pin=14 state=RELEASED dt=59ms presses=82"}
[04.12.2025 05:50:11.648] esc/room1/images_piano/log {"lvl":"INFO","msg":"BTN idx=2 pin=14 state=RELEASED dt=140ms presses=82"}
[04.12.2025 05:50:11.649] esc/room1/images_piano/log {"lvl":"INFO","msg":"BTN idx=2 pin=14 state=RELEASED dt=49ms presses=82"}
[04.12.2025 05:50:11.649] esc/room1/images_piano/log {"lvl":"INFO","msg":"BTN idx=2 pin=14 state=RELEASED dt=40ms presses=82"}
[04.12.2025 05:50:11.650] esc/room1/images_piano/log {"lvl":"INFO","msg":"BTN idx=2 pin=14 state=RELEASED dt=32ms presses=82"}
[04.12.2025 05:50:11.651] esc/room1/images_piano/log {"lvl":"INFO","msg":"BTN idx=2 pin=14 state=RELEASED dt=40ms presses=82"}
[04.12.2025 05:50:11.652] esc/room1/images_piano/log {"lvl":"INFO","msg":"BTN idx=2 pin=14 state=RELEASED dt=30ms presses=82"}
[04.12.2025 05:50:11.653] esc/room3/knocking/metric {"t":"INF","up":50394,"df":1,"en":1,"i":0,"avg":57,"max":271,"base":51,"d":6,"thr":1200}
[04.12.2025 05:50:11.653] esc/room3/knocking/metric {"t":"INF","up":50394,"df":1,"en":1,"i":1,"avg":64,"max":303,"base":55,"d":9,"thr":1200}
[04.12.2025 05:50:11.654] esc/room3/knocking/metric {"t":"INF","up":50394,"df":1,"en":1,"i":2,"avg":25,"max":256,"base":16,"d":9,"thr":1200}
[04.12.2025 05:50:11.655] esc/room1/images_piano/log {"lvl":"INFO","msg":"BTN idx=2 pin=14 state=RELEASED dt=40ms presses=82"}
[04.12.2025 05:50:11.656] esc/room1/images_piano/log {"lvl":"INFO","msg":"BTN idx=2 pin=14 state=RELEASED dt=40ms presses=82"}
[04.12.2025 05:50:11.657] esc/room1/images_piano/log {"lvl":"INFO","msg":"BTN idx=2 pin=14 state=RELEASED dt=38ms presses=82"}
[04.12.2025 05:50:11.657] esc/room1/images_piano/log {"lvl":"INFO","msg":"BTN idx=2 pin=14 state=RELEASED dt=104ms presses=82"}
[04.12.2025 05:50:11.658] esc/room1/images_piano/log {"lvl":"INFO","msg":"BTN idx=2 pin=14 state=RELEASED dt=87ms presses=82"}
[04.12.2025 05:50:11.659] esc/room1/images_piano/log {"lvl":"INFO","msg":"BTN idx=2 pin=14 state=RELEASED dt=30ms presses=82"}
[04.12.2025 05:50:11.660] esc/room1/images_piano/log {"lvl":"INFO","msg":"BTN idx=2 pin=14 state=RELEASED dt=31ms presses=82"}
[04.12.2025 05:50:11.660] esc/room1/images_piano/metric {"t":"BTN","up":718,"en":1,"i":0,"pin":25,"state":1,"presses":0}
[04.12.2025 05:50:11.661] esc/room1/images_piano/metric {"t":"BTN","up":718,"en":1,"i":1,"pin":26,"state":1,"presses":0}
[04.12.2025 05:50:11.662] esc/room1/images_piano/metric {"t":"BTN","up":718,"en":1,"i":2,"pin":14,"state":0,"presses":82}
[04.12.2025 05:50:11.663] esc/room1/images_piano/metric {"t":"BTN","up":718,"en":1,"i":3,"pin":12,"state":1,"presses":0}
[04.12.2025 05:50:11.663] esc/room1/images_piano/metric {"t":"ALL","up":718,"all_pressed":0}
[04.12.2025 05:50:11.664] esc/room1/images_piano/log {"lvl":"INFO","msg":"BTN idx=2 pin=14 state=RELEASED dt=82ms presses=82"}
[04.12.2025 05:50:11.665] esc/room1/images_piano/log {"lvl":"INFO","msg":"BTN idx=2 pin=14 state=RELEASED dt=68ms presses=82"}
[04.12.2025 05:50:11.665] esc/room1/images_piano/log {"lvl":"INFO","msg":"BTN idx=2 pin=14 state=RELEASED dt=30ms presses=82"}
[04.12.2025 05:50:11.666] esc/room1/images_piano/log {"lvl":"INFO","msg":"BTN idx=2 pin=14 state=RELEASED dt=31ms presses=82"}
[04.12.2025 05:50:11.667] esc/room1/images_piano/log {"lvl":"INFO","msg":"BTN idx=2 pin=14 state=RELEASED dt=30ms presses=82"}
[04.12.2025 05:50:11.668] esc/room1/images_piano/log {"lvl":"INFO","msg":"BTN idx=2 pin=14 state=RELEASED dt=37ms presses=82"}
[04.12.2025 05:50:11.668] esc/room1/images_piano/log {"lvl":"INFO","msg":"BTN idx=2 pin=14 state=RELEASED dt=42ms presses=82"}
[04.12.2025 05:50:11.669] esc/room1/images_piano/log {"lvl":"INFO","msg":"BTN idx=2 pin=14 state=RELEASED dt=109ms presses=82"}
[04.12.2025 05:50:11.670] esc/room1/images_piano/log {"lvl":"INFO","msg":"BTN idx=2 pin=14 state=RELEASED dt=31ms presses=82"}
[04.12.2025 05:50:11.671] esc/room1/images_piano/log {"lvl":"INFO","msg":"BTN idx=2 pin=14 state=RELEASED dt=71ms presses=82"}
[04.12.2025 05:50:11.671] esc/room1/images_piano/log {"lvl":"INFO","msg":"BTN idx=2 pin=14 state=RELEASED dt=38ms presses=82"}
[04.12.2025 05:50:11.672] esc/room1/images_piano/log {"lvl":"INFO","msg":"BTN idx=2 pin=14 state=RELEASED dt=73ms presses=82"}
[04.12.2025 05:50:11.673] esc/room3/knocking/metric {"t":"INF","up":50395,"df":1,"en":1,"i":0,"avg":57,"max":266,"base":51,"d":6,"thr":1200}
[04.12.2025 05:50:11.674] esc/room3/knocking/metric {"t":"INF","up":50395,"df":1,"en":1,"i":1,"avg":64,"max":318,"base":55,"d":9,"thr":1200}
[04.12.2025 05:50:11.674] esc/room3/knocking/metric {"t":"INF","up":50395,"df":1,"en":1,"i":2,"avg":25,"max":283,"base":16,"d":9,"thr":1200}
[04.12.2025 05:50:11.675] esc/room1/images_piano/log {"lvl":"INFO","msg":"BTN idx=2 pin=14 state=RELEASED dt=159ms presses=82"}
[04.12.2025 05:50:11.676] esc/room1/images_piano/log {"lvl":"INFO","msg":"BTN idx=2 pin=14 state=RELEASED dt=31ms presses=82"}
[04.12.2025 05:50:11.677] esc/room1/images_piano/log {"lvl":"INFO","msg":"BTN idx=2 pin=14 state=RELEASED dt=39ms presses=82"}
[04.12.2025 05:50:11.678] esc/room1/images_piano/log {"lvl":"INFO","msg":"BTN idx=2 pin=14 state=RELEASED dt=48ms presses=82"}
[04.12.2025 05:50:11.679] esc/room1/images_piano/log {"lvl":"INFO","msg":"BTN idx=2 pin=14 state=RELEASED dt=30ms presses=82"}
[04.12.2025 05:50:11.679] esc/room1/images_piano/log {"lvl":"INFO","msg":"BTN idx=2 pin=14 state=RELEASED dt=52ms presses=82"}
[04.12.2025 05:50:11.680] esc/room1/images_piano/log {"lvl":"INFO","msg":"BTN idx=2 pin=14 state=RELEASED dt=31ms presses=82"}
[04.12.2025 05:50:11.681] esc/room1/images_piano/metric {"t":"BTN","up":719,"en":1,"i":0,"pin":25,"state":1,"presses":0}
[04.12.2025 05:50:11.681] esc/room1/images_piano/metric {"t":"BTN","up":719,"en":1,"i":1,"pin":26,"state":1,"presses":0}
[04.12.2025 05:50:11.682] esc/room1/images_piano/metric {"t":"BTN","up":719,"en":1,"i":2,"pin":14,"state":0,"presses":82}
[04.12.2025 05:50:11.683] esc/room1/images_piano/metric {"t":"BTN","up":719,"en":1,"i":3,"pin":12,"state":1,"presses":0}
[04.12.2025 05:50:11.684] esc/room1/images_piano/metric {"t":"ALL","up":719,"all_pressed":0}
[04.12.2025 05:50:11.684] esc/room1/images_piano/log {"lvl":"INFO","msg":"BTN idx=2 pin=14 state=RELEASED dt=47ms presses=82"}
[04.12.2025 05:50:11.685] esc/room1/images_piano/log {"lvl":"INFO","msg":"BTN idx=2 pin=14 state=RELEASED dt=48ms presses=82"}
[04.12.2025 05:50:11.686] esc/room1/images_piano/log {"lvl":"INFO","msg":"BTN idx=2 pin=14 state=RELEASED dt=33ms presses=82"}
[04.12.2025 05:50:11.687] esc/room1/images_piano/log {"lvl":"INFO","msg":"BTN idx=2 pin=14 state=RELEASED dt=49ms presses=82"}
[04.12.2025 05:50:11.688] esc/room1/images_piano/log {"lvl":"INFO","msg":"BTN idx=2 pin=14 state=RELEASED dt=70ms presses=82"}
[04.12.2025 05:50:11.688] esc/room1/images_piano/log {"lvl":"INFO","msg":"BTN idx=2 pin=14 state=RELEASED dt=51ms presses=82"}
[04.12.2025 05:50:11.689] esc/room1/images_piano/log {"lvl":"INFO","msg":"BTN idx=2 pin=14 state=RELEASED dt=59ms presses=82"}
[04.12.2025 05:50:11.690] esc/room1/images_piano/log {"lvl":"INFO","msg":"BTN idx=2 pin=14 state=RELEASED dt=31ms presses=82"}
[04.12.2025 05:50:11.691] esc/room1/images_piano/log {"lvl":"INFO","msg":"BTN idx=2 pin=14 state=RELEASED dt=32ms presses=82"}
[04.12.2025 05:50:11.691] esc/room1/images_piano/log {"lvl":"INFO","msg":"BTN idx=2 pin=14 state=RELEASED dt=34ms presses=82"}
[04.12.2025 05:50:11.692] esc/room1/images_piano/log {"lvl":"INFO","msg":"BTN idx=2 pin=14 state=RELEASED dt=43ms presses=82"}
[04.12.2025 05:50:11.693] esc/room1/images_piano/log {"lvl":"INFO","msg":"BTN idx=2 pin=14 state=RELEASED dt=70ms presses=82"}
[04.12.2025 05:50:11.694] esc/room1/images_piano/log {"lvl":"INFO","msg":"BTN idx=2 pin=14 state=RELEASED dt=31ms presses=82"}
[04.12.2025 05:50:11.694] esc/room1/images_piano/log {"lvl":"INFO","msg":"BTN idx=2 pin=14 state=RELEASED dt=30ms presses=82"}
[04.12.2025 05:50:11.695] esc/room3/knocking/metric {"t":"INF","up":50396,"df":1,"en":1,"i":0,"avg":57,"max":279,"base":51,"d":6,"thr":1200}
[04.12.2025 05:50:11.696] esc/room3/knocking/metric {"t":"INF","up":50396,"df":1,"en":1,"i":1,"avg":64,"max":307,"base":55,"d":9,"thr":1200}
[04.12.2025 05:50:11.697] esc/room3/knocking/metric {"t":"INF","up":50396,"df":1,"en":1,"i":2,"avg":25,"max":256,"base":16,"d":9,"thr":1200}
[04.12.2025 05:50:11.697] esc/room1/images_piano/log {"lvl":"INFO","msg":"BTN idx=2 pin=14 state=RELEASED dt=30ms presses=82"}
[04.12.2025 05:50:11.698] esc/room1/images_piano/log {"lvl":"INFO","msg":"BTN idx=2 pin=14 state=RELEASED dt=41ms presses=82"}
[04.12.2025 05:50:11.699] esc/room1/images_piano/log {"lvl":"INFO","msg":"BTN idx=2 pin=14 state=RELEASED dt=68ms presses=82"}
[04.12.2025 05:50:11.700] esc/room1/images_piano/log {"lvl":"INFO","msg":"BTN idx=2 pin=14 state=RELEASED dt=31ms presses=82"}
[04.12.2025 05:50:11.700] esc/room1/images_piano/log {"lvl":"INFO","msg":"BTN idx=2 pin=14 state=RELEASED dt=58ms presses=82"}
[04.12.2025 05:50:11.701] esc/room1/images_piano/log {"lvl":"INFO","msg":"BTN idx=2 pin=14 state=RELEASED dt=30ms presses=82"}
[04.12.2025 05:50:11.702] esc/room1/images_piano/log {"lvl":"INFO","msg":"BTN idx=2 pin=14 state=RELEASED dt=42ms presses=82"}
[04.12.2025 05:50:11.703] esc/room1/images_piano/log {"lvl":"INFO","msg":"BTN idx=2 pin=14 state=RELEASED dt=31ms presses=82"}
[04.12.2025 05:50:11.704] esc/room1/images_piano/hb {"node":"images_piano","fw":"images_piano_v1.6_4btn_eth_ota_solved_open_edge","ip":"192.168.0.12","uptime":720,"df_ok":false,"enabled":true}
[04.12.2025 05:50:11.704] esc/room1/images_piano/metric {"t":"BTN","up":720,"en":1,"i":0,"pin":25,"state":1,"presses":0}
[04.12.2025 05:50:11.705] esc/room1/images_piano/metric {"t":"BTN","up":720,"en":1,"i":1,"pin":26,"state":1,"presses":0}
[04.12.2025 05:50:11.706] esc/room1/images_piano/metric {"t":"BTN","up":720,"en":1,"i":2,"pin":14,"state":0,"presses":82}
[04.12.2025 05:50:11.707] esc/room1/images_piano/metric {"t":"BTN","up":720,"en":1,"i":3,"pin":12,"state":1,"presses":0}
[04.12.2025 05:50:11.708] esc/room1/images_piano/metric {"t":"ALL","up":720,"all_pressed":0}
[04.12.2025 05:50:11.709] esc/room1/images_piano/log {"lvl":"INFO","msg":"BTN idx=2 pin=14 state=RELEASED dt=109ms presses=82"}
[04.12.2025 05:50:11.709] esc/room1/images_piano/log {"lvl":"INFO","msg":"BTN idx=2 pin=14 state=RELEASED dt=80ms presses=82"}
[04.12.2025 05:50:11.710] esc/room1/images_piano/log {"lvl":"INFO","msg":"BTN idx=2 pin=14 state=RELEASED dt=69ms presses=82"}
[04.12.2025 05:50:11.711] esc/room0/maglock_ctrl/hb {"node":"maglock_ctrl","fw":"maglock_ctrl_v11","ip":"192.168.0.11","uptime":50397}
[04.12.2025 05:50:11.712] esc/room1/images_piano/log {"lvl":"INFO","msg":"BTN idx=2 pin=14 state=RELEASED dt=50ms presses=82"}
[04.12.2025 05:50:11.713] esc/room1/images_piano/log {"lvl":"INFO","msg":"BTN idx=2 pin=14 state=PRESSED dt=30ms presses=82"}
[04.12.2025 05:50:11.713] esc/room1/images_piano/log {"lvl":"INFO","msg":"BTN idx=2 pin=14 state=RELEASED dt=30ms presses=83"}
[04.12.2025 05:50:11.714] esc/room1/images_piano/log {"lvl":"INFO","msg":"BTN idx=2 pin=14 state=RELEASED dt=42ms presses=83"}
[04.12.2025 05:50:11.715] esc/room1/images_piano/log {"lvl":"INFO","msg":"BTN idx=2 pin=14 state=RELEASED dt=68ms presses=83"}
[04.12.2025 05:50:11.716] esc/room1/images_piano/log {"lvl":"INFO","msg":"BTN idx=2 pin=14 state=RELEASED dt=32ms presses=83"}
[04.12.2025 05:50:11.716] esc/room1/images_piano/log {"lvl":"INFO","msg":"BTN idx=2 pin=14 state=RELEASED dt=48ms presses=83"}
[04.12.2025 05:50:11.717] esc/room1/images_piano/log {"lvl":"INFO","msg":"BTN idx=2 pin=14 state=RELEASED dt=59ms presses=83"}
[04.12.2025 05:50:11.718] esc/room1/images_piano/log {"lvl":"INFO","msg":"BTN idx=2 pin=14 state=RELEASED dt=41ms presses=83"}
[04.12.2025 05:50:11.719] esc/room3/knocking/metric {"t":"INF","up":50397,"df":1,"en":1,"i":0,"avg":57,"max":237,"base":51,"d":6,"thr":1200}
[04.12.2025 05:50:11.719] esc/room3/knocking/metric {"t":"INF","up":50397,"df":1,"en":1,"i":1,"avg":64,"max":305,"base":55,"d":9,"thr":1200}
[04.12.2025 05:50:11.720] esc/room3/knocking/metric {"t":"INF","up":50397,"df":1,"en":1,"i":2,"avg":25,"max":285,"base":16,"d":9,"thr":1200}
[04.12.2025 05:50:11.721] esc/room1/images_piano/log {"lvl":"INFO","msg":"BTN idx=2 pin=14 state=RELEASED dt=91ms presses=83"}
[04.12.2025 05:50:11.722] esc/room1/images_piano/log {"lvl":"INFO","msg":"BTN idx=2 pin=14 state=RELEASED dt=49ms presses=83"}
[04.12.2025 05:50:11.722] esc/room1/images_piano/log {"lvl":"INFO","msg":"BTN idx=2 pin=14 state=RELEASED dt=32ms presses=83"}
[04.12.2025 05:50:11.723] esc/room1/images_piano/log {"lvl":"INFO","msg":"BTN idx=2 pin=14 state=RELEASED dt=58ms presses=83"}
[04.12.2025 05:50:11.724] esc/room1/images_piano/log {"lvl":"INFO","msg":"BTN idx=2 pin=14 state=RELEASED dt=102ms presses=83"}
[04.12.2025 05:50:11.725] esc/room1/images_piano/metric {"t":"BTN","up":721,"en":1,"i":0,"pin":25,"state":1,"presses":0}
[04.12.2025 05:50:11.725] esc/room1/images_piano/metric {"t":"BTN","up":721,"en":1,"i":1,"pin":26,"state":1,"presses":0}
[04.12.2025 05:50:11.726] esc/room1/images_piano/metric {"t":"BTN","up":721,"en":1,"i":2,"pin":14,"state":0,"presses":83}
[04.12.2025 05:50:11.727] esc/room1/images_piano/metric {"t":"BTN","up":721,"en":1,"i":3,"pin":12,"state":1,"presses":0}
[04.12.2025 05:50:11.728] esc/room1/images_piano/metric {"t":"ALL","up":721,"all_pressed":0}
[04.12.2025 05:50:11.729] esc/room1/images_piano/log {"lvl":"INFO","msg":"BTN idx=2 pin=14 state=RELEASED dt=70ms presses=83"}
[04.12.2025 05:50:11.729] esc/room1/images_piano/log {"lvl":"INFO","msg":"BTN idx=2 pin=14 state=RELEASED dt=40ms presses=83"}
[04.12.2025 05:50:11.730] esc/room1/images_piano/log {"lvl":"INFO","msg":"BTN idx=2 pin=14 state=RELEASED dt=30ms presses=83"}
[04.12.2025 05:50:11.731] esc/room1/images_piano/log {"lvl":"INFO","msg":"BTN idx=2 pin=14 state=RELEASED dt=30ms presses=83"}
[04.12.2025 05:50:11.732] esc/room1/images_piano/log {"lvl":"INFO","msg":"BTN idx=2 pin=14 state=RELEASED dt=40ms presses=83"}
[04.12.2025 05:50:11.733] esc/room1/images_piano/log {"lvl":"INFO","msg":"BTN idx=2 pin=14 state=RELEASED dt=79ms presses=83"}
[04.12.2025 05:50:11.733] esc/room1/images_piano/log {"lvl":"INFO","msg":"BTN idx=2 pin=14 state=RELEASED dt=50ms presses=83"}
[04.12.2025 05:50:11.734] esc/room1/images_piano/log {"lvl":"INFO","msg":"BTN idx=2 pin=14 state=RELEASED dt=51ms presses=83"}
[04.12.2025 05:50:11.735] esc/room1/images_piano/log {"lvl":"INFO","msg":"BTN idx=2 pin=14 state=RELEASED dt=76ms presses=83"}
[04.12.2025 05:50:11.736] esc/room3/knocking/hb {"node":"knocking","fw":"knocking_v5.11_3piezo_eth_ota_df_seq_timer_log","ip":"192.168.0.14","uptime":50398,"df_ok":true,"enabled":true}
[04.12.2025 05:50:11.736] esc/room1/images_piano/log {"lvl":"INFO","msg":"BTN idx=2 pin=14 state=RELEASED dt=73ms presses=83"}
[04.12.2025 05:50:11.737] esc/room1/images_piano/log {"lvl":"INFO","msg":"BTN idx=2 pin=14 state=RELEASED dt=38ms presses=83"}
[04.12.2025 05:50:11.738] esc/room1/images_piano/log {"lvl":"INFO","msg":"BTN idx=2 pin=14 state=RELEASED dt=43ms presses=83"}
[04.12.2025 05:50:11.739] esc/room1/images_piano/log {"lvl":"INFO","msg":"BTN idx=2 pin=14 state=RELEASED dt=40ms presses=83"}
[04.12.2025 05:50:11.740] esc/room3/knocking/metric {"t":"INF","up":50398,"df":1,"en":1,"i":0,"avg":57,"max":273,"base":51,"d":6,"thr":1200}
[04.12.2025 05:50:11.741] esc/room3/knocking/metric {"t":"INF","up":50398,"df":1,"en":1,"i":1,"avg":64,"max":298,"base":55,"d":9,"thr":1200}
[04.12.2025 05:50:11.741] esc/room3/knocking/metric {"t":"INF","up":50398,"df":1,"en":1,"i":2,"avg":25,"max":272,"base":16,"d":9,"thr":1200}
[04.12.2025 05:50:11.742] esc/room1/images_piano/log {"lvl":"INFO","msg":"BTN idx=2 pin=14 state=RELEASED dt=40ms presses=83"}
[04.12.2025 05:50:11.743] esc/room1/images_piano/log {"lvl":"INFO","msg":"BTN idx=2 pin=14 state=RELEASED dt=49ms presses=83"}
[04.12.2025 05:50:11.744] esc/room1/images_piano/log {"lvl":"INFO","msg":"BTN idx=2 pin=14 state=RELEASED dt=31ms presses=83"}
[04.12.2025 05:50:11.745] esc/room1/images_piano/log {"lvl":"INFO","msg":"BTN idx=2 pin=14 state=RELEASED dt=58ms presses=83"}
[04.12.2025 05:50:11.745] esc/room1/images_piano/log {"lvl":"INFO","msg":"BTN idx=2 pin=14 state=RELEASED dt=152ms presses=83"}
[04.12.2025 05:50:11.746] esc/room1/images_piano/log {"lvl":"INFO","msg":"BTN idx=2 pin=14 state=RELEASED dt=50ms presses=83"}
[04.12.2025 05:50:11.747] esc/room1/images_piano/metric {"t":"BTN","up":722,"en":1,"i":0,"pin":25,"state":1,"presses":0}
[04.12.2025 05:50:11.748] esc/room1/images_piano/metric {"t":"BTN","up":722,"en":1,"i":1,"pin":26,"state":1,"presses":0}
[04.12.2025 05:50:11.748] esc/room1/images_piano/metric {"t":"BTN","up":722,"en":1,"i":2,"pin":14,"state":0,"presses":83}
[04.12.2025 05:50:11.749] esc/room1/images_piano/metric {"t":"BTN","up":722,"en":1,"i":3,"pin":12,"state":1,"presses":0}
[04.12.2025 05:50:11.750] esc/room1/images_piano/metric {"t":"ALL","up":722,"all_pressed":0}
[04.12.2025 05:50:11.751] esc/room1/images_piano/log {"lvl":"INFO","msg":"BTN idx=2 pin=14 state=RELEASED dt=30ms presses=83"}
[04.12.2025 05:50:11.752] esc/room1/images_piano/log {"lvl":"INFO","msg":"BTN idx=2 pin=14 state=RELEASED dt=59ms presses=83"}
[04.12.2025 05:50:11.752] esc/room1/images_piano/log {"lvl":"INFO","msg":"BTN idx=2 pin=14 state=RELEASED dt=39ms presses=83"}
[04.12.2025 05:50:11.753] esc/room1/images_piano/log {"lvl":"INFO","msg":"BTN idx=2 pin=14 state=RELEASED dt=41ms presses=83"}
[04.12.2025 05:50:11.754] esc/room1/images_piano/log {"lvl":"INFO","msg":"BTN idx=2 pin=14 state=RELEASED dt=71ms presses=83"}
[04.12.2025 05:50:11.755] esc/room1/images_piano/log {"lvl":"INFO","msg":"BTN idx=2 pin=14 state=PRESSED dt=30ms presses=83"}
[04.12.2025 05:50:11.755] esc/room1/images_piano/log {"lvl":"INFO","msg":"BTN idx=2 pin=14 state=RELEASED dt=61ms presses=84"}
[04.12.2025 05:50:11.756] esc/room1/images_piano/log {"lvl":"INFO","msg":"BTN idx=2 pin=14 state=RELEASED dt=39ms presses=84"}
[04.12.2025 05:50:11.757] esc/room1/images_piano/log {"lvl":"INFO","msg":"BTN idx=2 pin=14 state=RELEASED dt=69ms presses=84"}
[04.12.2025 05:50:11.758] esc/room1/images_piano/log {"lvl":"INFO","msg":"BTN idx=2 pin=14 state=RELEASED dt=52ms presses=84"}
[04.12.2025 05:50:11.758] esc/room1/images_piano/log {"lvl":"INFO","msg":"BTN idx=2 pin=14 state=RELEASED dt=49ms presses=84"}
[04.12.2025 05:50:11.759] esc/room1/images_piano/log {"lvl":"INFO","msg":"BTN idx=2 pin=14 state=RELEASED dt=58ms presses=84"}
[04.12.2025 05:50:11.760] esc/room3/knocking/metric {"t":"INF","up":50399,"df":1,"en":1,"i":0,"avg":57,"max":257,"base":51,"d":6,"thr":1200}
[04.12.2025 05:50:11.761] esc/room3/knocking/metric {"t":"INF","up":50399,"df":1,"en":1,"i":1,"avg":64,"max":318,"base":55,"d":9,"thr":1200}
[04.12.2025 05:50:11.761] esc/room3/knocking/metric {"t":"INF","up":50399,"df":1,"en":1,"i":2,"avg":25,"max":293,"base":16,"d":9,"thr":1200}
[04.12.2025 05:50:11.762] esc/room1/images_piano/log {"lvl":"INFO","msg":"BTN idx=2 pin=14 state=RELEASED dt=53ms presses=84"}
[04.12.2025 05:50:11.763] esc/room1/images_piano/log {"lvl":"INFO","msg":"BTN idx=2 pin=14 state=RELEASED dt=67ms presses=84"}
[04.12.2025 05:50:11.764] esc/room1/images_piano/log {"lvl":"INFO","msg":"BTN idx=2 pin=14 state=RELEASED dt=62ms presses=84"}
[04.12.2025 05:50:11.764] esc/room1/images_piano/log {"lvl":"INFO","msg":"BTN idx=2 pin=14 state=RELEASED dt=40ms presses=84"}
[04.12.2025 05:50:11.765] esc/room1/images_piano/log {"lvl":"INFO","msg":"BTN idx=2 pin=14 state=RELEASED dt=89ms presses=84"}
[04.12.2025 05:50:11.766] esc/room1/images_piano/log {"lvl":"INFO","msg":"BTN idx=2 pin=14 state=RELEASED dt=36ms presses=84"}
[04.12.2025 05:50:11.767] esc/room1/images_piano/log {"lvl":"INFO","msg":"BTN idx=2 pin=14 state=RELEASED dt=46ms presses=84"}
[04.12.2025 05:50:11.768] esc/room1/images_piano/metric {"t":"BTN","up":723,"en":1,"i":0,"pin":25,"state":1,"presses":0}
[04.12.2025 05:50:11.768] esc/room1/images_piano/metric {"t":"BTN","up":723,"en":1,"i":1,"pin":26,"state":1,"presses":0}
[04.12.2025 05:50:11.769] esc/room1/images_piano/metric {"t":"BTN","up":723,"en":1,"i":2,"pin":14,"state":0,"presses":84}
[04.12.2025 05:50:11.770] esc/room1/images_piano/metric {"t":"BTN","up":723,"en":1,"i":3,"pin":12,"state":1,"presses":0}
[04.12.2025 05:50:11.771] esc/room1/images_piano/metric {"t":"ALL","up":723,"all_pressed":0}
[04.12.2025 05:50:11.772] esc/room1/images_piano/log {"lvl":"INFO","msg":"BTN idx=2 pin=14 state=RELEASED dt=76ms presses=84"}
[04.12.2025 05:50:11.772] esc/room1/images_piano/log {"lvl":"INFO","msg":"BTN idx=2 pin=14 state=RELEASED dt=54ms presses=84"}
[04.12.2025 05:50:11.773] esc/room1/images_piano/log {"lvl":"INFO","msg":"BTN idx=2 pin=14 state=RELEASED dt=36ms presses=84"}
[04.12.2025 05:50:11.774] esc/room1/images_piano/log {"lvl":"INFO","msg":"BTN idx=2 pin=14 state=RELEASED dt=42ms presses=84"}
[04.12.2025 05:50:11.775] esc/room1/images_piano/log {"lvl":"INFO","msg":"BTN idx=2 pin=14 state=RELEASED dt=60ms presses=84"}
[04.12.2025 05:50:11.775] esc/room1/images_piano/log {"lvl":"INFO","msg":"BTN idx=2 pin=14 state=RELEASED dt=30ms presses=84"}
[04.12.2025 05:50:11.776] esc/room1/images_piano/log {"lvl":"INFO","msg":"BTN idx=2 pin=14 state=RELEASED dt=38ms presses=84"}
[04.12.2025 05:50:11.777] esc/room1/images_piano/log {"lvl":"INFO","msg":"BTN idx=2 pin=14 state=RELEASED dt=44ms presses=84"}
[04.12.2025 05:50:11.778] esc/room1/images_piano/log {"lvl":"INFO","msg":"BTN idx=2 pin=14 state=RELEASED dt=47ms presses=84"}
[04.12.2025 05:50:11.779] esc/room1/images_piano/log {"lvl":"INFO","msg":"BTN idx=2 pin=14 state=RELEASED dt=30ms presses=84"}
[04.12.2025 05:50:11.779] esc/room1/images_piano/log {"lvl":"INFO","msg":"BTN idx=2 pin=14 state=RELEASED dt=63ms presses=84"}
[04.12.2025 05:50:11.780] esc/room1/images_piano/log {"lvl":"INFO","msg":"BTN idx=2 pin=14 state=RELEASED dt=88ms presses=84"}
[04.12.2025 05:50:11.781] esc/room3/knocking/metric {"t":"INF","up":50400,"df":1,"en":1,"i":0,"avg":57,"max":291,"base":51,"d":6,"thr":1200}
[04.12.2025 05:50:11.782] esc/room3/knocking/metric {"t":"INF","up":50400,"df":1,"en":1,"i":1,"avg":64,"max":297,"base":55,"d":9,"thr":1200}
[04.12.2025 05:50:11.782] esc/room3/knocking/metric {"t":"INF","up":50400,"df":1,"en":1,"i":2,"avg":25,"max":256,"base":16,"d":9,"thr":1200}
[04.12.2025 05:50:11.783] esc/room1/images_piano/log {"lvl":"INFO","msg":"BTN idx=2 pin=14 state=RELEASED dt=82ms presses=84"}
[04.12.2025 05:50:11.784] esc/room1/images_piano/log {"lvl":"INFO","msg":"BTN idx=2 pin=14 state=RELEASED dt=67ms presses=84"}
[04.12.2025 05:50:11.785] esc/room1/images_piano/log {"lvl":"INFO","msg":"BTN idx=2 pin=14 state=RELEASED dt=31ms presses=84"}
[04.12.2025 05:50:11.786] esc/room1/images_piano/log {"lvl":"INFO","msg":"BTN idx=2 pin=14 state=RELEASED dt=52ms presses=84"}
[04.12.2025 05:50:11.786] esc/room1/images_piano/log {"lvl":"INFO","msg":"BTN idx=2 pin=14 state=RELEASED dt=30ms presses=84"}
[04.12.2025 05:50:11.787] esc/room1/images_piano/log {"lvl":"INFO","msg":"BTN idx=2 pin=14 state=RELEASED dt=57ms presses=84"}
[04.12.2025 05:50:11.788] esc/room1/images_piano/log {"lvl":"INFO","msg":"BTN idx=2 pin=14 state=RELEASED dt=41ms presses=84"}
[04.12.2025 05:50:11.789] esc/room1/images_piano/log {"lvl":"INFO","msg":"BTN idx=2 pin=14 state=RELEASED dt=39ms presses=84"}
[04.12.2025 05:50:11.789] esc/room1/images_piano/metric {"t":"BTN","up":724,"en":1,"i":0,"pin":25,"state":1,"presses":0}
[04.12.2025 05:50:11.790] esc/room1/images_piano/metric {"t":"BTN","up":724,"en":1,"i":1,"pin":26,"state":1,"presses":0}
[04.12.2025 05:50:11.791] esc/room1/images_piano/metric {"t":"BTN","up":724,"en":1,"i":2,"pin":14,"state":0,"presses":84}
[04.12.2025 05:50:11.792] esc/room1/images_piano/metric {"t":"BTN","up":724,"en":1,"i":3,"pin":12,"state":1,"presses":0}
[04.12.2025 05:50:11.792] esc/room1/images_piano/metric {"t":"ALL","up":724,"all_pressed":0}
[04.12.2025 05:50:11.793] esc/room1/images_piano/log {"lvl":"INFO","msg":"BTN idx=2 pin=14 state=RELEASED dt=69ms presses=84"}
[04.12.2025 05:50:11.794] esc/room1/images_piano/log {"lvl":"INFO","msg":"BTN idx=2 pin=14 state=RELEASED dt=34ms presses=84"}
[04.12.2025 05:50:11.795] esc/room1/images_piano/log {"lvl":"INFO","msg":"BTN idx=2 pin=14 state=RELEASED dt=56ms presses=84"}
[04.12.2025 05:50:11.796] esc/room1/images_piano/log {"lvl":"INFO","msg":"BTN idx=2 pin=14 state=RELEASED dt=31ms presses=84"}
[04.12.2025 05:50:11.796] esc/room1/images_piano/log {"lvl":"INFO","msg":"BTN idx=2 pin=14 state=RELEASED dt=40ms presses=84"}
[04.12.2025 05:50:11.797] esc/room1/images_piano/log {"lvl":"INFO","msg":"BTN idx=2 pin=14 state=RELEASED dt=41ms presses=84"}
[04.12.2025 05:50:11.798] esc/room1/images_piano/log {"lvl":"INFO","msg":"BTN idx=2 pin=14 state=RELEASED dt=41ms presses=84"}
[04.12.2025 05:50:11.799] esc/room1/images_piano/log {"lvl":"INFO","msg":"BTN idx=2 pin=14 state=RELEASED dt=60ms presses=84"}
[04.12.2025 05:50:11.799] esc/room1/images_piano/log {"lvl":"INFO","msg":"BTN idx=2 pin=14 state=RELEASED dt=40ms presses=84"}
[04.12.2025 05:50:11.800] esc/room1/images_piano/log {"lvl":"INFO","msg":"BTN idx=2 pin=14 state=RELEASED dt=49ms presses=84"}
[04.12.2025 05:50:11.801] esc/room1/images_piano/log {"lvl":"INFO","msg":"BTN idx=2 pin=14 state=RELEASED dt=49ms presses=84"}
[04.12.2025 05:50:11.802] esc/room1/images_piano/log {"lvl":"INFO","msg":"BTN idx=2 pin=14 state=RELEASED dt=31ms presses=84"}
[04.12.2025 05:50:11.803] esc/room1/images_piano/log {"lvl":"INFO","msg":"BTN idx=2 pin=14 state=RELEASED dt=46ms presses=84"}
[04.12.2025 05:50:11.803] esc/room1/images_piano/log {"lvl":"INFO","msg":"BTN idx=2 pin=14 state=RELEASED dt=33ms presses=84"}
[04.12.2025 05:50:11.804] esc/room3/knocking/metric {"t":"INF","up":50401,"df":1,"en":1,"i":0,"avg":57,"max":269,"base":51,"d":6,"thr":1200}
[04.12.2025 05:50:11.805] esc/room3/knocking/metric {"t":"INF","up":50401,"df":1,"en":1,"i":1,"avg":64,"max":298,"base":55,"d":9,"thr":1200}
[04.12.2025 05:50:11.806] esc/room3/knocking/metric {"t":"INF","up":50401,"df":1,"en":1,"i":2,"avg":25,"max":304,"base":16,"d":9,"thr":1200}
[04.12.2025 05:50:11.806] esc/room1/images_piano/log {"lvl":"INFO","msg":"BTN idx=2 pin=14 state=RELEASED dt=32ms presses=84"}
[04.12.2025 05:50:11.807] esc/room1/images_piano/log {"lvl":"INFO","msg":"BTN idx=2 pin=14 state=RELEASED dt=31ms presses=84"}
[04.12.2025 05:50:11.808] esc/room1/images_piano/log {"lvl":"INFO","msg":"BTN idx=2 pin=14 state=RELEASED dt=47ms presses=84"}
[04.12.2025 05:50:11.809] esc/room1/images_piano/log {"lvl":"INFO","msg":"BTN idx=2 pin=14 state=RELEASED dt=41ms presses=84"}
[04.12.2025 05:50:11.809] esc/room1/images_piano/log {"lvl":"INFO","msg":"BTN idx=2 pin=14 state=RELEASED dt=32ms presses=84"}
[04.12.2025 05:50:11.810] esc/room1/images_piano/log {"lvl":"INFO","msg":"BTN idx=2 pin=14 state=RELEASED dt=37ms presses=84"}
[04.12.2025 05:50:11.811] esc/room1/images_piano/log {"lvl":"INFO","msg":"BTN idx=2 pin=14 state=RELEASED dt=41ms presses=84"}
[04.12.2025 05:50:11.812] esc/room1/images_piano/log {"lvl":"INFO","msg":"BTN idx=2 pin=14 state=RELEASED dt=30ms presses=84"}
[04.12.2025 05:50:11.812] esc/room1/images_piano/log {"lvl":"INFO","msg":"BTN idx=2 pin=14 state=RELEASED dt=42ms presses=84"}
[04.12.2025 05:50:11.813] esc/room1/images_piano/log {"lvl":"INFO","msg":"BTN idx=2 pin=14 state=RELEASED dt=48ms presses=84"}
[04.12.2025 05:50:11.814] esc/room1/images_piano/hb {"node":"images_piano","fw":"images_piano_v1.6_4btn_eth_ota_solved_open_edge","ip":"192.168.0.12","uptime":725,"df_ok":false,"enabled":true}
[04.12.2025 05:50:11.815] esc/room1/images_piano/metric {"t":"BTN","up":725,"en":1,"i":0,"pin":25,"state":1,"presses":0}
[04.12.2025 05:50:11.816] esc/room1/images_piano/metric {"t":"BTN","up":725,"en":1,"i":1,"pin":26,"state":1,"presses":0}
[04.12.2025 05:50:11.816] esc/room1/images_piano/metric {"t":"BTN","up":725,"en":1,"i":2,"pin":14,"state":0,"presses":84}
[04.12.2025 05:50:11.817] esc/room1/images_piano/metric {"t":"BTN","up":725,"en":1,"i":3,"pin":12,"state":1,"presses":0}
[04.12.2025 05:50:11.818] esc/room1/images_piano/metric {"t":"ALL","up":725,"all_pressed":0}
[04.12.2025 05:50:11.819] esc/room1/images_piano/log {"lvl":"INFO","msg":"BTN idx=2 pin=14 state=RELEASED dt=70ms presses=84"}
[04.12.2025 05:50:11.819] esc/room1/images_piano/log {"lvl":"INFO","msg":"BTN idx=2 pin=14 state=RELEASED dt=31ms presses=84"}
[04.12.2025 05:50:11.820] esc/room1/images_piano/log {"lvl":"INFO","msg":"BTN idx=2 pin=14 state=RELEASED dt=58ms presses=84"}
[04.12.2025 05:50:11.821] esc/room1/images_piano/log {"lvl":"INFO","msg":"BTN idx=2 pin=14 state=RELEASED dt=61ms presses=84"}
[04.12.2025 05:50:11.822] esc/room0/maglock_ctrl/hb {"node":"maglock_ctrl","fw":"maglock_ctrl_v11","ip":"192.168.0.11","uptime":50402}
[04.12.2025 05:50:11.822] esc/room1/images_piano/log {"lvl":"INFO","msg":"BTN idx=2 pin=14 state=RELEASED dt=40ms presses=84"}
[04.12.2025 05:50:11.823] esc/room1/images_piano/log {"lvl":"INFO","msg":"BTN idx=2 pin=14 state=RELEASED dt=30ms presses=84"}
[04.12.2025 05:50:11.824] esc/room1/images_piano/log {"lvl":"INFO","msg":"BTN idx=2 pin=14 state=RELEASED dt=41ms presses=84"}
[04.12.2025 05:50:11.825] esc/room1/images_piano/log {"lvl":"INFO","msg":"BTN idx=2 pin=14 state=RELEASED dt=98ms presses=84"}
[04.12.2025 05:50:11.826] esc/room1/images_piano/log {"lvl":"INFO","msg":"BTN idx=2 pin=14 state=RELEASED dt=32ms presses=84"}
[04.12.2025 05:50:11.826] esc/room1/images_piano/log {"lvl":"INFO","msg":"BTN idx=2 pin=14 state=RELEASED dt=38ms presses=84"}
[04.12.2025 05:50:11.827] esc/room1/images_piano/log {"lvl":"INFO","msg":"BTN idx=2 pin=14 state=RELEASED dt=62ms presses=84"}
[04.12.2025 05:50:11.828] esc/room1/images_piano/log {"lvl":"INFO","msg":"BTN idx=2 pin=14 state=RELEASED dt=38ms presses=84"}
[04.12.2025 05:50:11.829] esc/room1/images_piano/log {"lvl":"INFO","msg":"BTN idx=2 pin=14 state=RELEASED dt=40ms presses=84"}
[04.12.2025 05:50:11.829] esc/room3/knocking/metric {"t":"INF","up":50402,"df":1,"en":1,"i":0,"avg":57,"max":272,"base":51,"d":6,"thr":1200}
[04.12.2025 05:50:11.830] esc/room3/knocking/metric {"t":"INF","up":50402,"df":1,"en":1,"i":1,"avg":65,"max":268,"base":55,"d":10,"thr":1200}
[04.12.2025 05:50:11.831] esc/room3/knocking/metric {"t":"INF","up":50402,"df":1,"en":1,"i":2,"avg":25,"max":274,"base":16,"d":9,"thr":1200}
[04.12.2025 05:50:11.832] esc/room1/images_piano/log {"lvl":"INFO","msg":"BTN idx=2 pin=14 state=RELEASED dt=32ms presses=84"}
[04.12.2025 05:50:11.832] esc/room1/images_piano/log {"lvl":"INFO","msg":"BTN idx=2 pin=14 state=RELEASED dt=41ms presses=84"}
[04.12.2025 05:50:11.833] esc/room1/images_piano/log {"lvl":"INFO","msg":"BTN idx=2 pin=14 state=RELEASED dt=49ms presses=84"}
[04.12.2025 05:50:11.834] esc/room1/images_piano/log {"lvl":"INFO","msg":"BTN idx=2 pin=14 state=RELEASED dt=50ms presses=84"}
[04.12.2025 05:50:11.835] esc/room1/images_piano/log {"lvl":"INFO","msg":"BTN idx=2 pin=14 state=RELEASED dt=30ms presses=84"}
[04.12.2025 05:50:11.835] esc/room1/images_piano/log {"lvl":"INFO","msg":"BTN idx=2 pin=14 state=RELEASED dt=69ms presses=84"}
[04.12.2025 05:50:11.836] esc/room1/images_piano/log {"lvl":"INFO","msg":"BTN idx=2 pin=14 state=RELEASED dt=41ms presses=84"}
[04.12.2025 05:50:11.837] esc/room1/images_piano/log {"lvl":"INFO","msg":"BTN idx=2 pin=14 state=RELEASED dt=51ms presses=84"}
[04.12.2025 05:50:11.838] esc/room1/images_piano/metric {"t":"BTN","up":726,"en":1,"i":0,"pin":25,"state":1,"presses":0}
[04.12.2025 05:50:11.839] esc/room1/images_piano/metric {"t":"BTN","up":726,"en":1,"i":1,"pin":26,"state":1,"presses":0}
[04.12.2025 05:50:11.840] esc/room1/images_piano/metric {"t":"BTN","up":726,"en":1,"i":2,"pin":14,"state":0,"presses":84}
[04.12.2025 05:50:11.841] esc/room1/images_piano/metric {"t":"BTN","up":726,"en":1,"i":3,"pin":12,"state":1,"presses":0}
[04.12.2025 05:50:11.841] esc/room1/images_piano/metric {"t":"ALL","up":726,"all_pressed":0}
[04.12.2025 05:50:11.842] esc/room1/images_piano/log {"lvl":"INFO","msg":"BTN idx=2 pin=14 state=RELEASED dt=48ms presses=84"}
[04.12.2025 05:50:11.843] esc/room1/images_piano/log {"lvl":"INFO","msg":"BTN idx=2 pin=14 state=RELEASED dt=40ms presses=84"}
[04.12.2025 05:50:11.844] esc/room1/images_piano/log {"lvl":"INFO","msg":"BTN idx=2 pin=14 state=RELEASED dt=41ms presses=84"}
[04.12.2025 05:50:11.844] esc/room1/images_piano/log {"lvl":"INFO","msg":"BTN idx=2 pin=14 state=RELEASED dt=118ms presses=84"}
[04.12.2025 05:50:11.845] esc/room1/images_piano/log {"lvl":"INFO","msg":"BTN idx=2 pin=14 state=RELEASED dt=32ms presses=84"}
[04.12.2025 05:50:11.846] esc/room1/images_piano/log {"lvl":"INFO","msg":"BTN idx=2 pin=14 state=RELEASED dt=98ms presses=84"}
[04.12.2025 05:50:11.847] esc/room1/images_piano/log {"lvl":"INFO","msg":"BTN idx=2 pin=14 state=RELEASED dt=40ms presses=84"}
[04.12.2025 05:50:11.848] esc/room3/knocking/hb {"node":"knocking","fw":"knocking_v5.11_3piezo_eth_ota_df_seq_timer_log","ip":"192.168.0.14","uptime":50403,"df_ok":true,"enabled":true}
[04.12.2025 05:50:11.848] esc/room1/images_piano/log {"lvl":"INFO","msg":"BTN idx=2 pin=14 state=RELEASED dt=93ms presses=84"}
[04.12.2025 05:50:11.849] esc/room1/images_piano/log {"lvl":"INFO","msg":"BTN idx=2 pin=14 state=RELEASED dt=58ms presses=84"}
[04.12.2025 05:50:11.850] esc/room1/images_piano/log {"lvl":"INFO","msg":"BTN idx=2 pin=14 state=RELEASED dt=31ms presses=84"}
[04.12.2025 05:50:11.851] esc/room3/knocking/metric {"t":"INF","up":50403,"df":1,"en":1,"i":0,"avg":57,"max":267,"base":51,"d":6,"thr":1200}
[04.12.2025 05:50:11.851] esc/room3/knocking/metric {"t":"INF","up":50403,"df":1,"en":1,"i":1,"avg":64,"max":304,"base":55,"d":9,"thr":1200}
[04.12.2025 05:50:11.852] esc/room3/knocking/metric {"t":"INF","up":50403,"df":1,"en":1,"i":2,"avg":25,"max":275,"base":16,"d":9,"thr":1200}
[04.12.2025 05:50:11.853] esc/room1/images_piano/log {"lvl":"INFO","msg":"BTN idx=2 pin=14 state=RELEASED dt=110ms presses=84"}
[04.12.2025 05:50:11.854] esc/room1/images_piano/log {"lvl":"INFO","msg":"BTN idx=2 pin=14 state=RELEASED dt=31ms presses=84"}
[04.12.2025 05:50:11.855] esc/room1/images_piano/log {"lvl":"INFO","msg":"BTN idx=2 pin=14 state=RELEASED dt=50ms presses=84"}
[04.12.2025 05:50:11.856] esc/room1/images_piano/log {"lvl":"INFO","msg":"BTN idx=2 pin=14 state=RELEASED dt=78ms presses=84"}
[04.12.2025 05:50:11.857] esc/room1/images_piano/log {"lvl":"INFO","msg":"BTN idx=2 pin=14 state=RELEASED dt=32ms presses=84"}
[04.12.2025 05:50:11.858] esc/room1/images_piano/log {"lvl":"INFO","msg":"BTN idx=2 pin=14 state=RELEASED dt=38ms presses=84"}
[04.12.2025 05:50:11.858] esc/room1/images_piano/metric {"t":"BTN","up":727,"en":1,"i":0,"pin":25,"state":1,"presses":0}
[04.12.2025 05:50:11.859] esc/room1/images_piano/metric {"t":"BTN","up":727,"en":1,"i":1,"pin":26,"state":1,"presses":0}
[04.12.2025 05:50:11.860] esc/room1/images_piano/metric {"t":"BTN","up":727,"en":1,"i":2,"pin":14,"state":0,"presses":84}
[04.12.2025 05:50:11.861] esc/room1/images_piano/metric {"t":"BTN","up":727,"en":1,"i":3,"pin":12,"state":1,"presses":0}
[04.12.2025 05:50:11.861] esc/room1/images_piano/metric {"t":"ALL","up":727,"all_pressed":0}
[04.12.2025 05:50:11.862] esc/room1/images_piano/log {"lvl":"INFO","msg":"BTN idx=2 pin=14 state=RELEASED dt=109ms presses=84"}
[04.12.2025 05:50:11.863] esc/room1/images_piano/log {"lvl":"INFO","msg":"BTN idx=2 pin=14 state=RELEASED dt=31ms presses=84"}
[04.12.2025 05:50:11.864] esc/room1/images_piano/log {"lvl":"INFO","msg":"BTN idx=2 pin=14 state=RELEASED dt=30ms presses=84"}
[04.12.2025 05:50:11.865] esc/room1/images_piano/log {"lvl":"INFO","msg":"BTN idx=2 pin=14 state=RELEASED dt=40ms presses=84"}
[04.12.2025 05:50:11.865] esc/room1/images_piano/log {"lvl":"INFO","msg":"BTN idx=2 pin=14 state=RELEASED dt=30ms presses=84"}
[04.12.2025 05:50:11.866] esc/room1/images_piano/log {"lvl":"INFO","msg":"BTN idx=2 pin=14 state=RELEASED dt=32ms presses=84"}
[04.12.2025 05:50:11.867] esc/room1/images_piano/log {"lvl":"INFO","msg":"BTN idx=2 pin=14 state=RELEASED dt=68ms presses=84"}
[04.12.2025 05:50:11.868] esc/room1/images_piano/log {"lvl":"INFO","msg":"BTN idx=2 pin=14 state=RELEASED dt=62ms presses=84"}
[04.12.2025 05:50:11.869] esc/room1/images_piano/log {"lvl":"INFO","msg":"BTN idx=2 pin=14 state=RELEASED dt=60ms presses=84"}
[04.12.2025 05:50:11.870] esc/room1/images_piano/log {"lvl":"INFO","msg":"BTN idx=2 pin=14 state=RELEASED dt=80ms presses=84"}
[04.12.2025 05:50:11.870] esc/room1/images_piano/log {"lvl":"INFO","msg":"BTN idx=2 pin=14 state=RELEASED dt=39ms presses=84"}
[04.12.2025 05:50:11.871] esc/room1/images_piano/log {"lvl":"INFO","msg":"BTN idx=2 pin=14 state=RELEASED dt=39ms presses=84"}
[04.12.2025 05:50:11.872] esc/room1/images_piano/log {"lvl":"INFO","msg":"BTN idx=2 pin=14 state=RELEASED dt=41ms presses=84"}
[04.12.2025 05:50:11.873] esc/room3/knocking/metric {"t":"INF","up":50404,"df":1,"en":1,"i":0,"avg":57,"max":278,"base":51,"d":6,"thr":1200}
[04.12.2025 05:50:11.873] esc/room3/knocking/metric {"t":"INF","up":50404,"df":1,"en":1,"i":1,"avg":64,"max":304,"base":55,"d":9,"thr":1200}
[04.12.2025 05:50:11.874] esc/room3/knocking/metric {"t":"INF","up":50404,"df":1,"en":1,"i":2,"avg":25,"max":267,"base":16,"d":9,"thr":1200}
[04.12.2025 05:50:11.875] esc/room1/images_piano/log {"lvl":"INFO","msg":"BTN idx=2 pin=14 state=RELEASED dt=65ms presses=84"}
[04.12.2025 05:50:11.876] esc/room1/images_piano/log {"lvl":"INFO","msg":"BTN idx=2 pin=14 state=RELEASED dt=73ms presses=84"}
[04.12.2025 05:50:11.877] esc/room1/images_piano/log {"lvl":"INFO","msg":"BTN idx=2 pin=14 state=RELEASED dt=31ms presses=84"}
[04.12.2025 05:50:11.877] esc/room1/images_piano/log {"lvl":"INFO","msg":"BTN idx=2 pin=14 state=RELEASED dt=30ms presses=84"}
[04.12.2025 05:50:11.878] esc/room1/images_piano/log {"lvl":"INFO","msg":"BTN idx=2 pin=14 state=RELEASED dt=31ms presses=84"}
[04.12.2025 05:50:11.879] esc/room1/images_piano/log {"lvl":"INFO","msg":"BTN idx=2 pin=14 state=RELEASED dt=40ms presses=84"}
[04.12.2025 05:50:11.880] esc/room1/images_piano/log {"lvl":"INFO","msg":"BTN idx=2 pin=14 state=PRESSED dt=30ms presses=84"}
[04.12.2025 05:50:11.881] esc/room1/images_piano/log {"lvl":"INFO","msg":"BTN idx=2 pin=14 state=RELEASED dt=40ms presses=85"}
[04.12.2025 05:50:11.881] esc/room1/images_piano/log {"lvl":"INFO","msg":"BTN idx=2 pin=14 state=RELEASED dt=40ms presses=85"}
[04.12.2025 05:50:11.882] esc/room1/images_piano/log {"lvl":"INFO","msg":"BTN idx=2 pin=14 state=RELEASED dt=39ms presses=85"}
[04.12.2025 05:50:11.883] esc/room1/images_piano/metric {"t":"BTN","up":728,"en":1,"i":0,"pin":25,"state":1,"presses":0}
[04.12.2025 05:50:11.884] esc/room1/images_piano/metric {"t":"BTN","up":728,"en":1,"i":1,"pin":26,"state":1,"presses":0}
[04.12.2025 05:50:11.885] esc/room1/images_piano/metric {"t":"BTN","up":728,"en":1,"i":2,"pin":14,"state":0,"presses":85}
[04.12.2025 05:50:11.885] esc/room1/images_piano/metric {"t":"BTN","up":728,"en":1,"i":3,"pin":12,"state":1,"presses":0}
[04.12.2025 05:50:11.886] esc/room1/images_piano/metric {"t":"ALL","up":728,"all_pressed":0}
[04.12.2025 05:50:11.887] esc/room1/images_piano/log {"lvl":"INFO","msg":"BTN idx=2 pin=14 state=RELEASED dt=30ms presses=85"}
[04.12.2025 05:50:11.888] esc/room1/images_piano/log {"lvl":"INFO","msg":"BTN idx=2 pin=14 state=RELEASED dt=31ms presses=85"}
[04.12.2025 05:50:11.888] esc/room1/images_piano/log {"lvl":"INFO","msg":"BTN idx=2 pin=14 state=RELEASED dt=48ms presses=85"}
[04.12.2025 05:50:11.889] esc/room1/images_piano/log {"lvl":"INFO","msg":"BTN idx=2 pin=14 state=RELEASED dt=39ms presses=85"}
[04.12.2025 05:50:11.890] esc/room1/images_piano/log {"lvl":"INFO","msg":"BTN idx=2 pin=14 state=RELEASED dt=42ms presses=85"}
[04.12.2025 05:50:11.891] esc/room1/images_piano/log {"lvl":"INFO","msg":"BTN idx=2 pin=14 state=RELEASED dt=80ms presses=85"}
[04.12.2025 05:50:11.892] esc/room1/images_piano/log {"lvl":"INFO","msg":"BTN idx=2 pin=14 state=RELEASED dt=32ms presses=85"}
[04.12.2025 05:50:11.892] esc/room1/images_piano/log {"lvl":"INFO","msg":"BTN idx=2 pin=14 state=RELEASED dt=37ms presses=85"}
[04.12.2025 05:50:11.895] esc/room1/images_piano/log {"lvl":"INFO","msg":"BTN idx=2 pin=14 state=RELEASED dt=53ms presses=85"}
[04.12.2025 05:50:11.896] esc/room1/images_piano/log {"lvl":"INFO","msg":"BTN idx=2 pin=14 state=RELEASED dt=40ms presses=85"}
[04.12.2025 05:50:11.897] esc/room1/images_piano/log {"lvl":"INFO","msg":"BTN idx=2 pin=14 state=RELEASED dt=58ms presses=85"}
[04.12.2025 05:50:11.898] esc/room1/images_piano/log {"lvl":"INFO","msg":"BTN idx=2 pin=14 state=RELEASED dt=51ms presses=85"}
[04.12.2025 05:50:11.899] esc/room1/images_piano/log {"lvl":"INFO","msg":"BTN idx=2 pin=14 state=RELEASED dt=30ms presses=85"}
[04.12.2025 05:50:11.900] esc/room1/images_piano/log {"lvl":"INFO","msg":"BTN idx=2 pin=14 state=RELEASED dt=48ms presses=85"}
[04.12.2025 05:50:11.901] esc/room3/knocking/metric {"t":"INF","up":50405,"df":1,"en":1,"i":0,"avg":57,"max":304,"base":51,"d":6,"thr":1200}
[04.12.2025 05:50:11.902] esc/room3/knocking/metric {"t":"INF","up":50405,"df":1,"en":1,"i":1,"avg":65,"max":262,"base":55,"d":10,"thr":1200}
[04.12.2025 05:50:11.903] esc/room3/knocking/metric {"t":"INF","up":50405,"df":1,"en":1,"i":2,"avg":25,"max":203,"base":16,"d":9,"thr":1200}
[04.12.2025 05:50:11.903] esc/room1/images_piano/log {"lvl":"INFO","msg":"BTN idx=2 pin=14 state=RELEASED dt=43ms presses=85"}
[04.12.2025 05:50:11.904] esc/room1/images_piano/log {"lvl":"INFO","msg":"BTN idx=2 pin=14 state=RELEASED dt=30ms presses=85"}
[04.12.2025 05:50:11.905] esc/room1/images_piano/log {"lvl":"INFO","msg":"BTN idx=2 pin=14 state=RELEASED dt=78ms presses=85"}
[04.12.2025 05:50:11.906] esc/room1/images_piano/log {"lvl":"INFO","msg":"BTN idx=2 pin=14 state=RELEASED dt=49ms presses=85"}
[04.12.2025 05:50:11.907] esc/room1/images_piano/log {"lvl":"INFO","msg":"BTN idx=2 pin=14 state=RELEASED dt=32ms presses=85"}
[04.12.2025 05:50:11.907] esc/room1/images_piano/log {"lvl":"INFO","msg":"BTN idx=2 pin=14 state=RELEASED dt=41ms presses=85"}
[04.12.2025 05:50:11.908] esc/room1/images_piano/log {"lvl":"INFO","msg":"BTN idx=2 pin=14 state=RELEASED dt=30ms presses=85"}
[04.12.2025 05:50:11.909] esc/room1/images_piano/log {"lvl":"INFO","msg":"BTN idx=2 pin=14 state=RELEASED dt=30ms presses=85"}
[04.12.2025 05:50:11.910] esc/room1/images_piano/log {"lvl":"INFO","msg":"BTN idx=2 pin=14 state=RELEASED dt=40ms presses=85"}
[04.12.2025 05:50:11.910] esc/room1/images_piano/metric {"t":"BTN","up":729,"en":1,"i":0,"pin":25,"state":1,"presses":0}
[04.12.2025 05:50:11.911] esc/room1/images_piano/metric {"t":"BTN","up":729,"en":1,"i":1,"pin":26,"state":1,"presses":0}
[04.12.2025 05:50:11.912] esc/room1/images_piano/metric {"t":"BTN","up":729,"en":1,"i":2,"pin":14,"state":0,"presses":85}
[04.12.2025 05:50:11.913] esc/room1/images_piano/metric {"t":"BTN","up":729,"en":1,"i":3,"pin":12,"state":1,"presses":0}
[04.12.2025 05:50:11.913] esc/room1/images_piano/metric {"t":"ALL","up":729,"all_pressed":0}
[04.12.2025 05:50:11.914] esc/room1/images_piano/log {"lvl":"INFO","msg":"BTN idx=2 pin=14 state=RELEASED dt=39ms presses=85"}
[04.12.2025 05:50:11.915] esc/room1/images_piano/log {"lvl":"INFO","msg":"BTN idx=2 pin=14 state=RELEASED dt=50ms presses=85"}
[04.12.2025 05:50:11.916] esc/room1/images_piano/log {"lvl":"INFO","msg":"BTN idx=2 pin=14 state=RELEASED dt=48ms presses=85"}
[04.12.2025 05:50:11.916] esc/room1/images_piano/log {"lvl":"INFO","msg":"BTN idx=2 pin=14 state=RELEASED dt=30ms presses=85"}
[04.12.2025 05:50:11.917] esc/room1/images_piano/log {"lvl":"INFO","msg":"BTN idx=2 pin=14 state=RELEASED dt=41ms presses=85"}
[04.12.2025 05:50:11.918] esc/room1/images_piano/log {"lvl":"INFO","msg":"BTN idx=2 pin=14 state=RELEASED dt=41ms presses=85"}
[04.12.2025 05:50:11.919] esc/room1/images_piano/log {"lvl":"INFO","msg":"BTN idx=2 pin=14 state=RELEASED dt=51ms presses=85"}
[04.12.2025 05:50:11.920] esc/room1/images_piano/log {"lvl":"INFO","msg":"BTN idx=2 pin=14 state=RELEASED dt=39ms presses=85"}
[04.12.2025 05:50:11.920] esc/room1/images_piano/log {"lvl":"INFO","msg":"BTN idx=2 pin=14 state=RELEASED dt=59ms presses=85"}
[04.12.2025 05:50:11.921] esc/room1/images_piano/log {"lvl":"INFO","msg":"BTN idx=2 pin=14 state=PRESSED dt=30ms presses=85"}
[04.12.2025 05:50:11.922] esc/room1/images_piano/log {"lvl":"INFO","msg":"BTN idx=2 pin=14 state=RELEASED dt=80ms presses=86"}
[04.12.2025 05:50:11.923] esc/room1/images_piano/log {"lvl":"INFO","msg":"BTN idx=2 pin=14 state=RELEASED dt=31ms presses=86"}
[04.12.2025 05:50:11.924] esc/room1/images_piano/log {"lvl":"INFO","msg":"BTN idx=2 pin=14 state=RELEASED dt=31ms presses=86"}
[04.12.2025 05:50:11.924] esc/room3/knocking/metric {"t":"INF","up":50406,"df":1,"en":1,"i":0,"avg":57,"max":275,"base":51,"d":6,"thr":1200}
[04.12.2025 05:50:11.925] esc/room3/knocking/metric {"t":"INF","up":50406,"df":1,"en":1,"i":1,"avg":64,"max":338,"base":55,"d":9,"thr":1200}
[04.12.2025 05:50:11.926] esc/room3/knocking/metric {"t":"INF","up":50406,"df":1,"en":1,"i":2,"avg":25,"max":292,"base":16,"d":9,"thr":1200}
[04.12.2025 05:50:11.927] esc/room1/images_piano/log {"lvl":"INFO","msg":"BTN idx=2 pin=14 state=RELEASED dt=109ms presses=86"}
[04.12.2025 05:50:11.927] esc/room1/images_piano/log {"lvl":"INFO","msg":"BTN idx=2 pin=14 state=RELEASED dt=37ms presses=86"}
[04.12.2025 05:50:11.928] esc/room1/images_piano/log {"lvl":"INFO","msg":"BTN idx=2 pin=14 state=RELEASED dt=64ms presses=86"}
[04.12.2025 05:50:11.929] esc/room1/images_piano/log {"lvl":"INFO","msg":"BTN idx=2 pin=14 state=RELEASED dt=89ms presses=86"}
[04.12.2025 05:50:11.930] esc/room1/images_piano/log {"lvl":"INFO","msg":"BTN idx=2 pin=14 state=RELEASED dt=60ms presses=86"}
[04.12.2025 05:50:11.931] esc/room1/images_piano/log {"lvl":"INFO","msg":"BTN idx=2 pin=14 state=RELEASED dt=31ms presses=86"}
[04.12.2025 05:50:11.931] esc/room1/images_piano/log {"lvl":"INFO","msg":"BTN idx=2 pin=14 state=RELEASED dt=39ms presses=86"}
[04.12.2025 05:50:11.932] esc/room1/images_piano/hb {"node":"images_piano","fw":"images_piano_v1.6_4btn_eth_ota_solved_open_edge","ip":"192.168.0.12","uptime":730,"df_ok":false,"enabled":true}
[04.12.2025 05:50:11.933] esc/room1/images_piano/metric {"t":"BTN","up":730,"en":1,"i":0,"pin":25,"state":1,"presses":0}
[04.12.2025 05:50:11.934] esc/room1/images_piano/metric {"t":"BTN","up":730,"en":1,"i":1,"pin":26,"state":1,"presses":0}
[04.12.2025 05:50:11.935] esc/room1/images_piano/metric {"t":"BTN","up":730,"en":1,"i":2,"pin":14,"state":0,"presses":86}
[04.12.2025 05:50:11.936] esc/room1/images_piano/metric {"t":"BTN","up":730,"en":1,"i":3,"pin":12,"state":1,"presses":0}
[04.12.2025 05:50:11.936] esc/room1/images_piano/metric {"t":"ALL","up":730,"all_pressed":0}
[04.12.2025 05:50:11.937] esc/room1/images_piano/log {"lvl":"INFO","msg":"BTN idx=2 pin=14 state=RELEASED dt=40ms presses=86"}
[04.12.2025 05:50:11.938] esc/room1/images_piano/log {"lvl":"INFO","msg":"BTN idx=2 pin=14 state=RELEASED dt=38ms presses=86"}
[04.12.2025 05:50:11.939] esc/room1/images_piano/log {"lvl":"INFO","msg":"BTN idx=2 pin=14 state=RELEASED dt=33ms presses=86"}
[04.12.2025 05:50:11.940] esc/room1/images_piano/log {"lvl":"INFO","msg":"BTN idx=2 pin=14 state=RELEASED dt=68ms presses=86"}
[04.12.2025 05:50:11.940] esc/room1/images_piano/log {"lvl":"INFO","msg":"BTN idx=2 pin=14 state=RELEASED dt=61ms presses=86"}
[04.12.2025 05:50:11.941] esc/room0/maglock_ctrl/hb {"node":"maglock_ctrl","fw":"maglock_ctrl_v11","ip":"192.168.0.11","uptime":50407}
[04.12.2025 05:50:11.942] esc/room1/images_piano/log {"lvl":"INFO","msg":"BTN idx=2 pin=14 state=RELEASED dt=59ms presses=86"}
[04.12.2025 05:50:11.943] esc/room1/images_piano/log {"lvl":"INFO","msg":"BTN idx=2 pin=14 state=RELEASED dt=61ms presses=86"}
[04.12.2025 05:50:11.943] esc/room1/images_piano/log {"lvl":"INFO","msg":"BTN idx=2 pin=14 state=RELEASED dt=48ms presses=86"}
[04.12.2025 05:50:11.944] esc/room1/images_piano/log {"lvl":"INFO","msg":"BTN idx=2 pin=14 state=RELEASED dt=133ms presses=86"}
[04.12.2025 05:50:11.945] esc/room1/images_piano/log {"lvl":"INFO","msg":"BTN idx=2 pin=14 state=RELEASED dt=30ms presses=86"}
[04.12.2025 05:50:11.946] esc/room1/images_piano/log {"lvl":"INFO","msg":"BTN idx=2 pin=14 state=RELEASED dt=40ms presses=86"}
[04.12.2025 05:50:11.947] esc/room3/knocking/metric {"t":"INF","up":50407,"df":1,"en":1,"i":0,"avg":56,"max":278,"base":51,"d":5,"thr":1200}
[04.12.2025 05:50:11.948] esc/room3/knocking/metric {"t":"INF","up":50407,"df":1,"en":1,"i":1,"avg":64,"max":302,"base":55,"d":9,"thr":1200}
[04.12.2025 05:50:11.948] esc/room3/knocking/metric {"t":"INF","up":50407,"df":1,"en":1,"i":2,"avg":26,"max":304,"base":16,"d":10,"thr":1200}
[04.12.2025 05:50:11.949] esc/room1/images_piano/log {"lvl":"INFO","msg":"BTN idx=2 pin=14 state=RELEASED dt=48ms presses=86"}
[04.12.2025 05:50:11.950] esc/room1/images_piano/log {"lvl":"INFO","msg":"BTN idx=2 pin=14 state=RELEASED dt=30ms presses=86"}
[04.12.2025 05:50:11.951] esc/room1/images_piano/log {"lvl":"INFO","msg":"BTN idx=2 pin=14 state=RELEASED dt=41ms presses=86"}
[04.12.2025 05:50:11.952] esc/room1/images_piano/log {"lvl":"INFO","msg":"BTN idx=2 pin=14 state=RELEASED dt=51ms presses=86"}
[04.12.2025 05:50:11.952] esc/room1/images_piano/log {"lvl":"INFO","msg":"BTN idx=2 pin=14 state=RELEASED dt=38ms presses=86"}
[04.12.2025 05:50:11.953] esc/room1/images_piano/log {"lvl":"INFO","msg":"BTN idx=2 pin=14 state=RELEASED dt=101ms presses=86"}
[04.12.2025 05:50:11.954] esc/room1/images_piano/log {"lvl":"INFO","msg":"BTN idx=2 pin=14 state=RELEASED dt=39ms presses=86"}
[04.12.2025 05:50:11.955] esc/room1/images_piano/log {"lvl":"INFO","msg":"BTN idx=2 pin=14 state=RELEASED dt=42ms presses=86"}
[04.12.2025 05:50:11.956] esc/room1/images_piano/metric {"t":"BTN","up":731,"en":1,"i":0,"pin":25,"state":1,"presses":0}
[04.12.2025 05:50:11.956] esc/room1/images_piano/metric {"t":"BTN","up":731,"en":1,"i":1,"pin":26,"state":1,"presses":0}
[04.12.2025 05:50:11.957] esc/room1/images_piano/metric {"t":"BTN","up":731,"en":1,"i":2,"pin":14,"state":0,"presses":86}
[04.12.2025 05:50:11.958] esc/room1/images_piano/metric {"t":"BTN","up":731,"en":1,"i":3,"pin":12,"state":1,"presses":0}
[04.12.2025 05:50:11.959] esc/room1/images_piano/metric {"t":"ALL","up":731,"all_pressed":0}
[04.12.2025 05:50:11.959] esc/room1/images_piano/log {"lvl":"INFO","msg":"BTN idx=2 pin=14 state=RELEASED dt=30ms presses=86"}
[04.12.2025 05:50:11.960] esc/room1/images_piano/log {"lvl":"INFO","msg":"BTN idx=2 pin=14 state=RELEASED dt=59ms presses=86"}
[04.12.2025 05:50:11.961] esc/room1/images_piano/log {"lvl":"INFO","msg":"BTN idx=2 pin=14 state=RELEASED dt=40ms presses=86"}
[04.12.2025 05:50:11.962] esc/room1/images_piano/log {"lvl":"INFO","msg":"BTN idx=2 pin=14 state=RELEASED dt=61ms presses=86"}
[04.12.2025 05:50:11.963] esc/room1/images_piano/log {"lvl":"INFO","msg":"BTN idx=2 pin=14 state=RELEASED dt=89ms presses=86"}
[04.12.2025 05:50:11.963] esc/room1/images_piano/log {"lvl":"INFO","msg":"BTN idx=2 pin=14 state=RELEASED dt=81ms presses=86"}
[04.12.2025 05:50:11.964] esc/room3/knocking/hb {"node":"knocking","fw":"knocking_v5.11_3piezo_eth_ota_df_seq_timer_log","ip":"192.168.0.14","uptime":50408,"df_ok":true,"enabled":true}
[04.12.2025 05:50:11.965] esc/room1/images_piano/log {"lvl":"INFO","msg":"BTN idx=2 pin=14 state=RELEASED dt=97ms presses=86"}
[04.12.2025 05:50:11.966] esc/room1/images_piano/log {"lvl":"INFO","msg":"BTN idx=2 pin=14 state=RELEASED dt=42ms presses=86"}
[04.12.2025 05:50:11.967] esc/room1/images_piano/log {"lvl":"INFO","msg":"BTN idx=2 pin=14 state=RELEASED dt=40ms presses=86"}
[04.12.2025 05:50:11.967] esc/room1/images_piano/log {"lvl":"INFO","msg":"BTN idx=2 pin=14 state=RELEASED dt=31ms presses=86"}
[04.12.2025 05:50:11.968] esc/room3/knocking/metric {"t":"INF","up":50408,"df":1,"en":1,"i":0,"avg":57,"max":295,"base":51,"d":6,"thr":1200}
[04.12.2025 05:50:11.969] esc/room3/knocking/metric {"t":"INF","up":50408,"df":1,"en":1,"i":1,"avg":64,"max":318,"base":55,"d":9,"thr":1200}
[04.12.2025 05:50:11.970] esc/room3/knocking/metric {"t":"INF","up":50408,"df":1,"en":1,"i":2,"avg":25,"max":229,"base":16,"d":9,"thr":1200}
[04.12.2025 05:50:11.971] esc/room1/images_piano/log {"lvl":"INFO","msg":"BTN idx=2 pin=14 state=RELEASED dt=89ms presses=86"}
[04.12.2025 05:50:11.971] esc/room1/images_piano/log {"lvl":"INFO","msg":"BTN idx=2 pin=14 state=RELEASED dt=38ms presses=86"}
[04.12.2025 05:50:11.972] esc/room1/images_piano/log {"lvl":"INFO","msg":"BTN idx=2 pin=14 state=RELEASED dt=32ms presses=86"}
[04.12.2025 05:50:11.973] esc/room1/images_piano/log {"lvl":"INFO","msg":"BTN idx=2 pin=14 state=RELEASED dt=38ms presses=86"}
[04.12.2025 05:50:11.974] esc/room1/images_piano/log {"lvl":"INFO","msg":"BTN idx=2 pin=14 state=RELEASED dt=51ms presses=86"}
[04.12.2025 05:50:11.974] esc/room1/images_piano/log {"lvl":"INFO","msg":"BTN idx=2 pin=14 state=RELEASED dt=40ms presses=86"}
[04.12.2025 05:50:11.975] esc/room1/images_piano/log {"lvl":"INFO","msg":"BTN idx=2 pin=14 state=RELEASED dt=30ms presses=86"}
[04.12.2025 05:50:11.976] esc/room1/images_piano/log {"lvl":"INFO","msg":"BTN idx=2 pin=14 state=RELEASED dt=31ms presses=86"}
[04.12.2025 05:50:11.977] esc/room1/images_piano/log {"lvl":"INFO","msg":"BTN idx=2 pin=14 state=RELEASED dt=71ms presses=86"}
[04.12.2025 05:50:11.978] esc/room1/images_piano/metric {"t":"BTN","up":732,"en":1,"i":0,"pin":25,"state":1,"presses":0}
[04.12.2025 05:50:11.978] esc/room1/images_piano/metric {"t":"BTN","up":732,"en":1,"i":1,"pin":26,"state":1,"presses":0}
[04.12.2025 05:50:11.979] esc/room1/images_piano/metric {"t":"BTN","up":732,"en":1,"i":2,"pin":14,"state":0,"presses":86}
[04.12.2025 05:50:11.980] esc/room1/images_piano/metric {"t":"BTN","up":732,"en":1,"i":3,"pin":12,"state":1,"presses":0}
[04.12.2025 05:50:11.981] esc/room1/images_piano/metric {"t":"ALL","up":732,"all_pressed":0}
[04.12.2025 05:50:11.981] esc/room1/images_piano/log {"lvl":"INFO","msg":"BTN idx=2 pin=14 state=RELEASED dt=38ms presses=86"}
[04.12.2025 05:50:11.982] esc/room1/images_piano/log {"lvl":"INFO","msg":"BTN idx=2 pin=14 state=RELEASED dt=31ms presses=86"}
[04.12.2025 05:50:11.983] esc/room1/images_piano/log {"lvl":"INFO","msg":"BTN idx=2 pin=14 state=RELEASED dt=41ms presses=86"}
[04.12.2025 05:50:11.984] esc/room1/images_piano/log {"lvl":"INFO","msg":"BTN idx=2 pin=14 state=RELEASED dt=80ms presses=86"}
[04.12.2025 05:50:11.984] esc/room1/images_piano/log {"lvl":"INFO","msg":"BTN idx=2 pin=14 state=PRESSED dt=30ms presses=86"}
[04.12.2025 05:50:11.985] esc/room1/images_piano/log {"lvl":"INFO","msg":"BTN idx=2 pin=14 state=RELEASED dt=30ms presses=87"}
[04.12.2025 05:50:11.986] esc/room1/images_piano/log {"lvl":"INFO","msg":"BTN idx=2 pin=14 state=RELEASED dt=78ms presses=87"}
[04.12.2025 05:50:11.987] esc/room1/images_piano/log {"lvl":"INFO","msg":"BTN idx=2 pin=14 state=RELEASED dt=41ms presses=87"}
[04.12.2025 05:50:11.988] esc/room1/images_piano/log {"lvl":"INFO","msg":"BTN idx=2 pin=14 state=RELEASED dt=49ms presses=87"}
[04.12.2025 05:50:11.988] esc/room1/images_piano/log {"lvl":"INFO","msg":"BTN idx=2 pin=14 state=RELEASED dt=102ms presses=87"}
[04.12.2025 05:50:11.989] esc/room1/images_piano/log {"lvl":"INFO","msg":"BTN idx=2 pin=14 state=RELEASED dt=38ms presses=87"}
[04.12.2025 05:50:11.990] esc/room1/images_piano/log {"lvl":"INFO","msg":"BTN idx=2 pin=14 state=RELEASED dt=50ms presses=87"}
[04.12.2025 05:50:11.991] esc/room3/knocking/metric {"t":"INF","up":50409,"df":1,"en":1,"i":0,"avg":57,"max":299,"base":51,"d":6,"thr":1200}
[04.12.2025 05:50:11.991] esc/room3/knocking/metric {"t":"INF","up":50409,"df":1,"en":1,"i":1,"avg":64,"max":319,"base":55,"d":9,"thr":1200}
[04.12.2025 05:50:11.992] esc/room1/images_piano/log {"lvl":"INFO","msg":"BTN idx=2 pin=14 state=RELEASED dt=42ms presses=87"}
[04.12.2025 05:50:11.993] esc/room3/knocking/metric {"t":"INF","up":50409,"df":1,"en":1,"i":2,"avg":25,"max":256,"base":16,"d":9,"thr":1200}
[04.12.2025 05:50:11.994] esc/room1/images_piano/log {"lvl":"INFO","msg":"BTN idx=2 pin=14 state=RELEASED dt=59ms presses=87"}
[04.12.2025 05:50:11.994] esc/room1/images_piano/log {"lvl":"INFO","msg":"BTN idx=2 pin=14 state=RELEASED dt=31ms presses=87"}
[04.12.2025 05:50:11.995] esc/room1/images_piano/log {"lvl":"INFO","msg":"BTN idx=2 pin=14 state=RELEASED dt=40ms presses=87"}
[04.12.2025 05:50:11.996] esc/room1/images_piano/log {"lvl":"INFO","msg":"BTN idx=2 pin=14 state=RELEASED dt=58ms presses=87"}
[04.12.2025 05:50:11.997] esc/room1/images_piano/log {"lvl":"INFO","msg":"BTN idx=2 pin=14 state=RELEASED dt=52ms presses=87"}
[04.12.2025 05:50:11.998] esc/room1/images_piano/log {"lvl":"INFO","msg":"BTN idx=2 pin=14 state=RELEASED dt=80ms presses=87"}
[04.12.2025 05:50:11.999] esc/room1/images_piano/log {"lvl":"INFO","msg":"BTN idx=2 pin=14 state=RELEASED dt=38ms presses=87"}
[04.12.2025 05:50:12.000] esc/room1/images_piano/metric {"t":"BTN","up":733,"en":1,"i":0,"pin":25,"state":1,"presses":0}
[04.12.2025 05:50:12.000] esc/room1/images_piano/metric {"t":"BTN","up":733,"en":1,"i":1,"pin":26,"state":1,"presses":0}
[04.12.2025 05:50:12.001] esc/room1/images_piano/metric {"t":"BTN","up":733,"en":1,"i":2,"pin":14,"state":0,"presses":87}
[04.12.2025 05:50:12.002] esc/room1/images_piano/metric {"t":"BTN","up":733,"en":1,"i":3,"pin":12,"state":1,"presses":0}
[04.12.2025 05:50:12.003] esc/room1/images_piano/metric {"t":"ALL","up":733,"all_pressed":0}
[04.12.2025 05:50:12.003] esc/room1/images_piano/log {"lvl":"INFO","msg":"BTN idx=2 pin=14 state=RELEASED dt=41ms presses=87"}
[04.12.2025 05:50:12.004] esc/room1/images_piano/log {"lvl":"INFO","msg":"BTN idx=2 pin=14 state=RELEASED dt=50ms presses=87"}
[04.12.2025 05:50:12.005] esc/room1/images_piano/log {"lvl":"INFO","msg":"BTN idx=2 pin=14 state=RELEASED dt=50ms presses=87"}
[04.12.2025 05:50:12.006] esc/room1/images_piano/log {"lvl":"INFO","msg":"BTN idx=2 pin=14 state=RELEASED dt=79ms presses=87"}
[04.12.2025 05:50:12.007] esc/room1/images_piano/log {"lvl":"INFO","msg":"BTN idx=2 pin=14 state=RELEASED dt=192ms presses=87"}
[04.12.2025 05:50:12.007] esc/room1/images_piano/log {"lvl":"INFO","msg":"BTN idx=2 pin=14 state=RELEASED dt=58ms presses=87"}
[04.12.2025 05:50:12.008] esc/room1/images_piano/log {"lvl":"INFO","msg":"BTN idx=2 pin=14 state=RELEASED dt=61ms presses=87"}
[04.12.2025 05:50:12.009] esc/room1/images_piano/log {"lvl":"INFO","msg":"BTN idx=2 pin=14 state=RELEASED dt=61ms presses=87"}
[04.12.2025 05:50:12.009] esc/room1/images_piano/log {"lvl":"INFO","msg":"BTN idx=2 pin=14 state=RELEASED dt=38ms presses=87"}
[04.12.2025 05:50:12.010] esc/room3/knocking/metric {"t":"INF","up":50410,"df":1,"en":1,"i":0,"avg":56,"max":290,"base":51,"d":5,"thr":1200}
[04.12.2025 05:50:12.011] esc/room3/knocking/metric {"t":"INF","up":50410,"df":1,"en":1,"i":1,"avg":64,"max":287,"base":55,"d":9,"thr":1200}
[04.12.2025 05:50:12.012] esc/room3/knocking/metric {"t":"INF","up":50410,"df":1,"en":1,"i":2,"avg":25,"max":248,"base":16,"d":9,"thr":1200}
[04.12.2025 05:50:12.012] esc/room1/images_piano/log {"lvl":"INFO","msg":"BTN idx=2 pin=14 state=RELEASED dt=41ms presses=87"}
[04.12.2025 05:50:12.013] esc/room1/images_piano/log {"lvl":"INFO","msg":"BTN idx=2 pin=14 state=RELEASED dt=62ms presses=87"}
[04.12.2025 05:50:12.014] esc/room1/images_piano/log {"lvl":"INFO","msg":"BTN idx=2 pin=14 state=RELEASED dt=30ms presses=87"}
[04.12.2025 05:50:12.015] esc/room1/images_piano/log {"lvl":"INFO","msg":"BTN idx=2 pin=14 state=RELEASED dt=37ms presses=87"}
[04.12.2025 05:50:12.015] esc/room1/images_piano/log {"lvl":"INFO","msg":"BTN idx=2 pin=14 state=RELEASED dt=31ms presses=87"}
[04.12.2025 05:50:12.016] esc/room1/images_piano/log {"lvl":"INFO","msg":"BTN idx=2 pin=14 state=RELEASED dt=80ms presses=87"}
[04.12.2025 05:50:12.017] esc/room1/images_piano/log {"lvl":"INFO","msg":"BTN idx=2 pin=14 state=RELEASED dt=40ms presses=87"}
[04.12.2025 05:50:12.018] esc/room1/images_piano/metric {"t":"BTN","up":734,"en":1,"i":0,"pin":25,"state":1,"presses":0}
[04.12.2025 05:50:12.019] esc/room1/images_piano/metric {"t":"BTN","up":734,"en":1,"i":1,"pin":26,"state":1,"presses":0}
[04.12.2025 05:50:12.019] esc/room1/images_piano/metric {"t":"BTN","up":734,"en":1,"i":2,"pin":14,"state":0,"presses":87}
[04.12.2025 05:50:12.020] esc/room1/images_piano/metric {"t":"BTN","up":734,"en":1,"i":3,"pin":12,"state":1,"presses":0}
[04.12.2025 05:50:12.021] esc/room1/images_piano/metric {"t":"ALL","up":734,"all_pressed":0}
[04.12.2025 05:50:12.022] esc/room1/images_piano/log {"lvl":"INFO","msg":"BTN idx=2 pin=14 state=RELEASED dt=89ms presses=87"}
[04.12.2025 05:50:12.023] esc/room1/images_piano/log {"lvl":"INFO","msg":"BTN idx=2 pin=14 state=PRESSED dt=30ms presses=87"}
[04.12.2025 05:50:12.023] esc/room1/images_piano/log {"lvl":"INFO","msg":"BTN idx=2 pin=14 state=RELEASED dt=62ms presses=88"}
[04.12.2025 05:50:12.024] esc/room1/images_piano/log {"lvl":"INFO","msg":"BTN idx=2 pin=14 state=RELEASED dt=57ms presses=88"}
[04.12.2025 05:50:12.025] esc/room1/images_piano/log {"lvl":"INFO","msg":"BTN idx=2 pin=14 state=RELEASED dt=41ms presses=88"}
[04.12.2025 05:50:12.026] esc/room1/images_piano/log {"lvl":"INFO","msg":"BTN idx=2 pin=14 state=RELEASED dt=52ms presses=88"}
[04.12.2025 05:50:12.027] esc/room1/images_piano/log {"lvl":"INFO","msg":"BTN idx=2 pin=14 state=RELEASED dt=59ms presses=88"}
[04.12.2025 05:50:12.027] esc/room1/images_piano/log {"lvl":"INFO","msg":"BTN idx=2 pin=14 state=RELEASED dt=49ms presses=88"}
[04.12.2025 05:50:12.028] esc/room1/images_piano/log {"lvl":"INFO","msg":"BTN idx=2 pin=14 state=RELEASED dt=32ms presses=88"}
[04.12.2025 05:50:12.029] esc/room1/images_piano/log {"lvl":"INFO","msg":"BTN idx=2 pin=14 state=RELEASED dt=70ms presses=88"}
[04.12.2025 05:50:12.030] esc/room1/images_piano/log {"lvl":"INFO","msg":"BTN idx=2 pin=14 state=RELEASED dt=60ms presses=88"}
[04.12.2025 05:50:12.031] esc/room1/images_piano/log {"lvl":"INFO","msg":"BTN idx=2 pin=14 state=RELEASED dt=40ms presses=88"}
[04.12.2025 05:50:12.031] esc/room1/images_piano/log {"lvl":"INFO","msg":"BTN idx=2 pin=14 state=RELEASED dt=30ms presses=88"}
[04.12.2025 05:50:12.032] esc/room3/knocking/metric {"t":"INF","up":50411,"df":1,"en":1,"i":0,"avg":57,"max":290,"base":51,"d":6,"thr":1200}
[04.12.2025 05:50:12.033] esc/room3/knocking/metric {"t":"INF","up":50411,"df":1,"en":1,"i":1,"avg":64,"max":286,"base":55,"d":9,"thr":1200}
[04.12.2025 05:50:12.034] esc/room3/knocking/metric {"t":"INF","up":50411,"df":1,"en":1,"i":2,"avg":25,"max":270,"base":16,"d":9,"thr":1200}
[04.12.2025 05:50:12.035] esc/room1/images_piano/log {"lvl":"INFO","msg":"BTN idx=2 pin=14 state=RELEASED dt=30ms presses=88"}
[04.12.2025 05:50:12.035] esc/room1/images_piano/log {"lvl":"INFO","msg":"BTN idx=2 pin=14 state=RELEASED dt=39ms presses=88"}
[04.12.2025 05:50:12.036] esc/room1/images_piano/log {"lvl":"INFO","msg":"BTN idx=2 pin=14 state=RELEASED dt=71ms presses=88"}
[04.12.2025 05:50:12.037] esc/room1/images_piano/log {"lvl":"INFO","msg":"BTN idx=2 pin=14 state=RELEASED dt=30ms presses=88"}
[04.12.2025 05:50:12.038] esc/room1/images_piano/log {"lvl":"INFO","msg":"BTN idx=2 pin=14 state=RELEASED dt=39ms presses=88"}
[04.12.2025 05:50:12.039] esc/room1/images_piano/log {"lvl":"INFO","msg":"BTN idx=2 pin=14 state=RELEASED dt=39ms presses=88"}
[04.12.2025 05:50:12.039] esc/room1/images_piano/log {"lvl":"INFO","msg":"BTN idx=2 pin=14 state=RELEASED dt=83ms presses=88"}
[04.12.2025 05:50:12.040] esc/room1/images_piano/log {"lvl":"INFO","msg":"BTN idx=2 pin=14 state=RELEASED dt=37ms presses=88"}
[04.12.2025 05:50:12.041] esc/room1/images_piano/hb {"node":"images_piano","fw":"images_piano_v1.6_4btn_eth_ota_solved_open_edge","ip":"192.168.0.12","uptime":735,"df_ok":false,"enabled":true}
[04.12.2025 05:50:12.042] esc/room1/images_piano/metric {"t":"BTN","up":735,"en":1,"i":0,"pin":25,"state":1,"presses":0}
[04.12.2025 05:50:12.043] esc/room1/images_piano/metric {"t":"BTN","up":735,"en":1,"i":1,"pin":26,"state":1,"presses":0}
[04.12.2025 05:50:12.043] esc/room1/images_piano/metric {"t":"BTN","up":735,"en":1,"i":2,"pin":14,"state":0,"presses":88}
[04.12.2025 05:50:12.044] esc/room1/images_piano/metric {"t":"BTN","up":735,"en":1,"i":3,"pin":12,"state":1,"presses":0}
[04.12.2025 05:50:12.045] esc/room1/images_piano/metric {"t":"ALL","up":735,"all_pressed":0}
[04.12.2025 05:50:12.046] esc/room1/images_piano/log {"lvl":"INFO","msg":"BTN idx=2 pin=14 state=RELEASED dt=31ms presses=88"}
[04.12.2025 05:50:12.046] esc/room1/images_piano/log {"lvl":"INFO","msg":"BTN idx=2 pin=14 state=RELEASED dt=42ms presses=88"}
[04.12.2025 05:50:12.047] esc/room1/images_piano/log {"lvl":"INFO","msg":"BTN idx=2 pin=14 state=RELEASED dt=37ms presses=88"}
[04.12.2025 05:50:12.048] esc/room1/images_piano/log {"lvl":"INFO","msg":"BTN idx=2 pin=14 state=RELEASED dt=50ms presses=88"}
[04.12.2025 05:50:12.049] esc/room1/images_piano/log {"lvl":"INFO","msg":"BTN idx=2 pin=14 state=RELEASED dt=91ms presses=88"}
[04.12.2025 05:50:12.050] esc/room0/maglock_ctrl/hb {"node":"maglock_ctrl","fw":"maglock_ctrl_v11","ip":"192.168.0.11","uptime":50412}
[04.12.2025 05:50:12.051] esc/room1/images_piano/log {"lvl":"INFO","msg":"BTN idx=2 pin=14 state=RELEASED dt=50ms presses=88"}
[04.12.2025 05:50:12.051] esc/room1/images_piano/log {"lvl":"INFO","msg":"BTN idx=2 pin=14 state=RELEASED dt=30ms presses=88"}
[04.12.2025 05:50:12.052] esc/room1/images_piano/log {"lvl":"INFO","msg":"BTN idx=2 pin=14 state=RELEASED dt=40ms presses=88"}
[04.12.2025 05:50:12.053] esc/room1/images_piano/log {"lvl":"INFO","msg":"BTN idx=2 pin=14 state=RELEASED dt=30ms presses=88"}
[04.12.2025 05:50:12.054] esc/room1/images_piano/log {"lvl":"INFO","msg":"BTN idx=2 pin=14 state=RELEASED dt=30ms presses=88"}
[04.12.2025 05:50:12.055] esc/room1/images_piano/log {"lvl":"INFO","msg":"BTN idx=2 pin=14 state=RELEASED dt=50ms presses=88"}
[04.12.2025 05:50:12.056] esc/room1/images_piano/log {"lvl":"INFO","msg":"BTN idx=2 pin=14 state=RELEASED dt=51ms presses=88"}
[04.12.2025 05:50:12.056] esc/room1/images_piano/log {"lvl":"INFO","msg":"BTN idx=2 pin=14 state=RELEASED dt=30ms presses=88"}
[04.12.2025 05:50:12.057] esc/room1/images_piano/log {"lvl":"INFO","msg":"BTN idx=2 pin=14 state=RELEASED dt=39ms presses=88"}
[04.12.2025 05:50:12.058] esc/room3/knocking/metric {"t":"INF","up":50412,"df":1,"en":1,"i":0,"avg":57,"max":263,"base":51,"d":6,"thr":1200}
[04.12.2025 05:50:12.059] esc/room3/knocking/metric {"t":"INF","up":50412,"df":1,"en":1,"i":1,"avg":64,"max":334,"base":55,"d":9,"thr":1200}
[04.12.2025 05:50:12.060] esc/room3/knocking/metric {"t":"INF","up":50412,"df":1,"en":1,"i":2,"avg":25,"max":278,"base":16,"d":9,"thr":1200}
[04.12.2025 05:50:12.060] esc/room1/images_piano/log {"lvl":"INFO","msg":"BTN idx=2 pin=14 state=RELEASED dt=49ms presses=88"}
[04.12.2025 05:50:12.061] esc/room1/images_piano/log {"lvl":"INFO","msg":"BTN idx=2 pin=14 state=RELEASED dt=61ms presses=88"}
[04.12.2025 05:50:12.062] esc/room1/images_piano/log {"lvl":"INFO","msg":"BTN idx=2 pin=14 state=RELEASED dt=39ms presses=88"}
[04.12.2025 05:50:12.063] esc/room1/images_piano/log {"lvl":"INFO","msg":"BTN idx=2 pin=14 state=RELEASED dt=52ms presses=88"}
[04.12.2025 05:50:12.064] esc/room1/images_piano/log {"lvl":"INFO","msg":"BTN idx=2 pin=14 state=RELEASED dt=30ms presses=88"}
[04.12.2025 05:50:12.064] esc/room1/images_piano/log {"lvl":"INFO","msg":"BTN idx=2 pin=14 state=RELEASED dt=40ms presses=88"}
[04.12.2025 05:50:12.065] esc/room1/images_piano/log {"lvl":"INFO","msg":"BTN idx=2 pin=14 state=RELEASED dt=51ms presses=88"}
[04.12.2025 05:50:12.066] esc/room1/images_piano/log {"lvl":"INFO","msg":"BTN idx=2 pin=14 state=RELEASED dt=78ms presses=88"}
[04.12.2025 05:50:12.067] esc/room1/images_piano/metric {"t":"BTN","up":736,"en":1,"i":0,"pin":25,"state":1,"presses":0}
[04.12.2025 05:50:12.067] esc/room1/images_piano/metric {"t":"BTN","up":736,"en":1,"i":1,"pin":26,"state":1,"presses":0}
[04.12.2025 05:50:12.068] esc/room1/images_piano/metric {"t":"BTN","up":736,"en":1,"i":2,"pin":14,"state":0,"presses":88}
[04.12.2025 05:50:12.069] esc/room1/images_piano/metric {"t":"BTN","up":736,"en":1,"i":3,"pin":12,"state":1,"presses":0}
[04.12.2025 05:50:12.070] esc/room1/images_piano/metric {"t":"ALL","up":736,"all_pressed":0}
[04.12.2025 05:50:12.071] esc/room1/images_piano/log {"lvl":"INFO","msg":"BTN idx=2 pin=14 state=RELEASED dt=41ms presses=88"}
[04.12.2025 05:50:12.072] esc/room1/images_piano/log {"lvl":"INFO","msg":"BTN idx=2 pin=14 state=RELEASED dt=30ms presses=88"}
[04.12.2025 05:50:12.072] esc/room1/images_piano/log {"lvl":"INFO","msg":"BTN idx=2 pin=14 state=RELEASED dt=50ms presses=88"}
[04.12.2025 05:50:12.073] esc/room1/images_piano/log {"lvl":"INFO","msg":"BTN idx=2 pin=14 state=RELEASED dt=69ms presses=88"}
[04.12.2025 05:50:12.074] esc/room1/images_piano/log {"lvl":"INFO","msg":"BTN idx=2 pin=14 state=RELEASED dt=89ms presses=88"}
[04.12.2025 05:50:12.075] esc/room1/images_piano/log {"lvl":"INFO","msg":"BTN idx=2 pin=14 state=RELEASED dt=31ms presses=88"}
[04.12.2025 05:50:12.076] esc/room1/images_piano/log {"lvl":"INFO","msg":"BTN idx=2 pin=14 state=RELEASED dt=32ms presses=88"}
[04.12.2025 05:50:12.076] esc/room1/images_piano/log {"lvl":"INFO","msg":"BTN idx=2 pin=14 state=RELEASED dt=78ms presses=88"}
[04.12.2025 05:50:12.077] esc/room3/knocking/hb {"node":"knocking","fw":"knocking_v5.11_3piezo_eth_ota_df_seq_timer_log","ip":"192.168.0.14","uptime":50413,"df_ok":true,"enabled":true}
[04.12.2025 05:50:12.078] esc/room1/images_piano/log {"lvl":"INFO","msg":"BTN idx=2 pin=14 state=RELEASED dt=51ms presses=88"}
[04.12.2025 05:50:12.079] esc/room1/images_piano/log {"lvl":"INFO","msg":"BTN idx=2 pin=14 state=RELEASED dt=50ms presses=88"}
[04.12.2025 05:50:12.079] esc/room1/images_piano/log {"lvl":"INFO","msg":"BTN idx=2 pin=14 state=RELEASED dt=61ms presses=88"}
[04.12.2025 05:50:12.080] esc/room1/images_piano/log {"lvl":"INFO","msg":"BTN idx=2 pin=14 state=RELEASED dt=59ms presses=88"}
[04.12.2025 05:50:12.081] esc/room3/knocking/metric {"t":"INF","up":50413,"df":1,"en":1,"i":0,"avg":57,"max":287,"base":51,"d":6,"thr":1200}
[04.12.2025 05:50:12.082] esc/room3/knocking/metric {"t":"INF","up":50413,"df":1,"en":1,"i":1,"avg":65,"max":272,"base":55,"d":10,"thr":1200}
[04.12.2025 05:50:12.083] esc/room3/knocking/metric {"t":"INF","up":50413,"df":1,"en":1,"i":2,"avg":25,"max":285,"base":16,"d":9,"thr":1200}
[04.12.2025 05:50:12.084] esc/room1/images_piano/log {"lvl":"INFO","msg":"BTN idx=2 pin=14 state=RELEASED dt=58ms presses=88"}
[04.12.2025 05:50:12.084] esc/room1/images_piano/log {"lvl":"INFO","msg":"BTN idx=2 pin=14 state=RELEASED dt=102ms presses=88"}
[04.12.2025 05:50:12.085] esc/room1/images_piano/log {"lvl":"INFO","msg":"BTN idx=2 pin=14 state=RELEASED dt=31ms presses=88"}
[04.12.2025 05:50:12.086] esc/room1/images_piano/log {"lvl":"INFO","msg":"BTN idx=2 pin=14 state=RELEASED dt=58ms presses=88"}
[04.12.2025 05:50:12.087] esc/room1/images_piano/log {"lvl":"INFO","msg":"BTN idx=2 pin=14 state=RELEASED dt=30ms presses=88"}
[04.12.2025 05:50:12.088] esc/room1/images_piano/log {"lvl":"INFO","msg":"BTN idx=2 pin=14 state=RELEASED dt=69ms presses=88"}
[04.12.2025 05:50:12.088] esc/room1/images_piano/metric {"t":"BTN","up":737,"en":1,"i":0,"pin":25,"state":1,"presses":0}
[04.12.2025 05:50:12.089] esc/room1/images_piano/metric {"t":"BTN","up":737,"en":1,"i":1,"pin":26,"state":1,"presses":0}
[04.12.2025 05:50:12.090] esc/room1/images_piano/metric {"t":"BTN","up":737,"en":1,"i":2,"pin":14,"state":0,"presses":88}
[04.12.2025 05:50:12.091] esc/room1/images_piano/metric {"t":"BTN","up":737,"en":1,"i":3,"pin":12,"state":1,"presses":0}
[04.12.2025 05:49:31.409] esc/room1/images_piano/log {"lvl":"INFO","msg":"BTN idx=2 pin=14 state=RELEASED dt=30ms presses=76"}
[04.12.2025 05:51:00.855] esc/room1/images_piano/log {"lvl":"INFO","msg":"BTN idx=2 pin=14 state=RELEASED dt=38ms presses=76"}
[04.12.2025 05:51:00.856] esc/room1/images_piano/log {"lvl":"INFO","msg":"BTN idx=2 pin=14 state=RELEASED dt=31ms presses=76"}
[04.12.2025 05:51:00.857] esc/room3/knocking/metric {"t":"INF","up":50373,"df":1,"en":1,"i":0,"avg":55,"max":272,"base":51,"d":4,"thr":1200}
[04.12.2025 05:51:00.858] esc/room3/knocking/metric {"t":"INF","up":50373,"df":1,"en":1,"i":1,"avg":64,"max":279,"base":55,"d":9,"thr":1200}
[04.12.2025 05:51:00.859] esc/room3/knocking/metric {"t":"INF","up":50373,"df":1,"en":1,"i":2,"avg":24,"max":224,"base":16,"d":8,"thr":1200}
[04.12.2025 05:51:00.860] esc/room1/images_piano/log {"lvl":"INFO","msg":"BTN idx=2 pin=14 state=RELEASED dt=40ms presses=76"}
[04.12.2025 05:51:00.861] esc/room1/images_piano/log {"lvl":"INFO","msg":"BTN idx=2 pin=14 state=RELEASED dt=90ms presses=76"}
[04.12.2025 05:51:00.862] esc/room1/images_piano/log {"lvl":"INFO","msg":"BTN idx=2 pin=14 state=RELEASED dt=39ms presses=76"}
[04.12.2025 05:51:00.863] esc/room1/images_piano/log {"lvl":"INFO","msg":"BTN idx=2 pin=14 state=RELEASED dt=40ms presses=76"}
[04.12.2025 05:51:00.864] esc/room1/images_piano/log {"lvl":"INFO","msg":"BTN idx=2 pin=14 state=RELEASED dt=43ms presses=76"}
[04.12.2025 05:51:00.864] esc/room1/images_piano/log {"lvl":"INFO","msg":"BTN idx=2 pin=14 state=RELEASED dt=47ms presses=76"}
[04.12.2025 05:51:00.865] esc/room1/images_piano/log {"lvl":"INFO","msg":"BTN idx=2 pin=14 state=RELEASED dt=50ms presses=76"}
[04.12.2025 05:51:00.866] esc/room1/images_piano/log {"lvl":"INFO","msg":"BTN idx=2 pin=14 state=RELEASED dt=32ms presses=76"}
[04.12.2025 05:51:00.867] esc/room1/images_piano/metric {"t":"BTN","up":697,"en":1,"i":0,"pin":25,"state":1,"presses":0}
[04.12.2025 05:51:00.868] esc/room1/images_piano/metric {"t":"BTN","up":697,"en":1,"i":1,"pin":26,"state":1,"presses":0}
[04.12.2025 05:51:00.868] esc/room1/images_piano/metric {"t":"BTN","up":697,"en":1,"i":2,"pin":14,"state":0,"presses":76}
[04.12.2025 05:51:00.869] esc/room1/images_piano/metric {"t":"BTN","up":697,"en":1,"i":3,"pin":12,"state":1,"presses":0}
[04.12.2025 05:51:00.870] esc/room1/images_piano/metric {"t":"ALL","up":697,"all_pressed":0}
[04.12.2025 05:51:00.871] esc/room1/images_piano/log {"lvl":"INFO","msg":"BTN idx=2 pin=14 state=RELEASED dt=31ms presses=76"}
[04.12.2025 05:51:00.872] esc/room1/images_piano/log {"lvl":"INFO","msg":"BTN idx=2 pin=14 state=RELEASED dt=120ms presses=76"}
[04.12.2025 05:51:00.872] esc/room1/images_piano/log {"lvl":"INFO","msg":"BTN idx=2 pin=14 state=RELEASED dt=37ms presses=76"}
[04.12.2025 05:51:00.873] esc/room1/images_piano/log {"lvl":"INFO","msg":"BTN idx=2 pin=14 state=RELEASED dt=30ms presses=76"}
[04.12.2025 05:51:00.874] esc/room1/images_piano/log {"lvl":"INFO","msg":"BTN idx=2 pin=14 state=RELEASED dt=30ms presses=76"}
[04.12.2025 05:51:00.875] esc/room1/images_piano/log {"lvl":"INFO","msg":"BTN idx=2 pin=14 state=RELEASED dt=61ms presses=76"}
[04.12.2025 05:51:00.875] esc/room1/images_piano/log {"lvl":"INFO","msg":"BTN idx=2 pin=14 state=RELEASED dt=72ms presses=76"}
[04.12.2025 05:51:00.876] esc/room1/images_piano/log {"lvl":"INFO","msg":"BTN idx=2 pin=14 state=RELEASED dt=30ms presses=76"}
[04.12.2025 05:51:00.877] esc/room1/images_piano/log {"lvl":"INFO","msg":"BTN idx=2 pin=14 state=RELEASED dt=49ms presses=76"}
[04.12.2025 05:51:00.878] esc/room1/images_piano/log {"lvl":"INFO","msg":"BTN idx=2 pin=14 state=RELEASED dt=59ms presses=76"}
[04.12.2025 05:51:00.879] esc/room1/images_piano/log {"lvl":"INFO","msg":"BTN idx=2 pin=14 state=RELEASED dt=62ms presses=76"}
[04.12.2025 05:51:00.879] esc/room1/images_piano/log {"lvl":"INFO","msg":"BTN idx=2 pin=14 state=RELEASED dt=37ms presses=76"}
[04.12.2025 05:51:00.880] esc/room3/knocking/metric {"t":"INF","up":50374,"df":1,"en":1,"i":0,"avg":55,"max":304,"base":51,"d":4,"thr":1200}
[04.12.2025 05:51:00.881] esc/room3/knocking/metric {"t":"INF","up":50374,"df":1,"en":1,"i":1,"avg":64,"max":279,"base":55,"d":9,"thr":1200}
[04.12.2025 05:51:00.882] esc/room3/knocking/metric {"t":"INF","up":50374,"df":1,"en":1,"i":2,"avg":25,"max":292,"base":16,"d":9,"thr":1200}
[04.12.2025 05:51:00.882] esc/room1/images_piano/log {"lvl":"INFO","msg":"BTN idx=2 pin=14 state=RELEASED dt=32ms presses=76"}
[04.12.2025 05:51:00.883] esc/room1/images_piano/log {"lvl":"INFO","msg":"BTN idx=2 pin=14 state=RELEASED dt=50ms presses=76"}
[04.12.2025 05:51:00.884] esc/room1/images_piano/log {"lvl":"INFO","msg":"BTN idx=2 pin=14 state=RELEASED dt=38ms presses=76"}
[04.12.2025 05:51:00.885] esc/room1/images_piano/log {"lvl":"INFO","msg":"BTN idx=2 pin=14 state=RELEASED dt=50ms presses=76"}
[04.12.2025 05:51:00.886] esc/room1/images_piano/log {"lvl":"INFO","msg":"BTN idx=2 pin=14 state=RELEASED dt=81ms presses=76"}
[04.12.2025 05:51:00.886] esc/room1/images_piano/log {"lvl":"INFO","msg":"BTN idx=2 pin=14 state=RELEASED dt=31ms presses=76"}
[04.12.2025 05:51:00.887] esc/room1/images_piano/log {"lvl":"INFO","msg":"BTN idx=2 pin=14 state=RELEASED dt=70ms presses=76"}
[04.12.2025 05:51:00.888] esc/room1/images_piano/log {"lvl":"INFO","msg":"BTN idx=2 pin=14 state=RELEASED dt=31ms presses=76"}
[04.12.2025 05:51:00.889] esc/room1/images_piano/metric {"t":"BTN","up":698,"en":1,"i":0,"pin":25,"state":1,"presses":0}
[04.12.2025 05:51:00.889] esc/room1/images_piano/metric {"t":"BTN","up":698,"en":1,"i":1,"pin":26,"state":1,"presses":0}
[04.12.2025 05:51:00.890] esc/room1/images_piano/metric {"t":"BTN","up":698,"en":1,"i":2,"pin":14,"state":0,"presses":76}
[04.12.2025 05:51:00.891] esc/room1/images_piano/metric {"t":"BTN","up":698,"en":1,"i":3,"pin":12,"state":1,"presses":0}
[04.12.2025 05:51:00.892] esc/room1/images_piano/metric {"t":"ALL","up":698,"all_pressed":0}
[04.12.2025 05:51:00.893] esc/room1/images_piano/log {"lvl":"INFO","msg":"BTN idx=2 pin=14 state=RELEASED dt=49ms presses=76"}
[04.12.2025 05:51:00.893] esc/room1/images_piano/log {"lvl":"INFO","msg":"BTN idx=2 pin=14 state=RELEASED dt=41ms presses=76"}
[04.12.2025 05:51:00.894] esc/room1/images_piano/log {"lvl":"INFO","msg":"BTN idx=2 pin=14 state=RELEASED dt=37ms presses=76"}
[04.12.2025 05:51:00.895] esc/room1/images_piano/log {"lvl":"INFO","msg":"BTN idx=2 pin=14 state=RELEASED dt=62ms presses=76"}
[04.12.2025 05:51:00.896] esc/room1/images_piano/log {"lvl":"INFO","msg":"BTN idx=2 pin=14 state=RELEASED dt=70ms presses=76"}
[04.12.2025 05:51:00.897] esc/room1/images_piano/log {"lvl":"INFO","msg":"BTN idx=2 pin=14 state=RELEASED dt=48ms presses=76"}
[04.12.2025 05:51:00.897] esc/room1/images_piano/log {"lvl":"INFO","msg":"BTN idx=2 pin=14 state=RELEASED dt=51ms presses=76"}
[04.12.2025 05:51:00.898] esc/room1/images_piano/log {"lvl":"INFO","msg":"BTN idx=2 pin=14 state=RELEASED dt=41ms presses=76"}
[04.12.2025 05:51:00.899] esc/room1/images_piano/log {"lvl":"INFO","msg":"BTN idx=2 pin=14 state=RELEASED dt=80ms presses=76"}
[04.12.2025 05:51:00.900] esc/room1/images_piano/log {"lvl":"INFO","msg":"BTN idx=2 pin=14 state=RELEASED dt=41ms presses=76"}
[04.12.2025 05:51:00.900] esc/room3/knocking/metric {"t":"INF","up":50375,"df":1,"en":1,"i":0,"avg":55,"max":272,"base":51,"d":4,"thr":1200}
[04.12.2025 05:51:00.901] esc/room3/knocking/metric {"t":"INF","up":50375,"df":1,"en":1,"i":1,"avg":64,"max":279,"base":55,"d":9,"thr":1200}
[04.12.2025 05:51:00.902] esc/room3/knocking/metric {"t":"INF","up":50375,"df":1,"en":1,"i":2,"avg":25,"max":272,"base":16,"d":9,"thr":1200}
[04.12.2025 05:51:00.903] esc/room1/images_piano/log {"lvl":"INFO","msg":"BTN idx=2 pin=14 state=RELEASED dt=145ms presses=76"}
[04.12.2025 05:51:00.903] esc/room1/images_piano/log {"lvl":"INFO","msg":"BTN idx=2 pin=14 state=RELEASED dt=53ms presses=76"}
[04.12.2025 05:51:00.904] esc/room1/images_piano/log {"lvl":"INFO","msg":"BTN idx=2 pin=14 state=RELEASED dt=71ms presses=76"}
[04.12.2025 05:51:00.905] esc/room1/images_piano/log {"lvl":"INFO","msg":"BTN idx=2 pin=14 state=RELEASED dt=51ms presses=76"}
[04.12.2025 05:51:00.906] esc/room1/images_piano/log {"lvl":"INFO","msg":"BTN idx=2 pin=14 state=RELEASED dt=57ms presses=76"}
[04.12.2025 05:51:00.907] esc/room1/images_piano/log {"lvl":"INFO","msg":"BTN idx=2 pin=14 state=RELEASED dt=31ms presses=76"}
[04.12.2025 05:51:00.907] esc/room1/images_piano/log {"lvl":"INFO","msg":"BTN idx=2 pin=14 state=RELEASED dt=41ms presses=76"}
[04.12.2025 05:51:00.908] esc/room1/images_piano/metric {"t":"BTN","up":699,"en":1,"i":0,"pin":25,"state":1,"presses":0}
[04.12.2025 05:51:00.909] esc/room1/images_piano/metric {"t":"BTN","up":699,"en":1,"i":1,"pin":26,"state":1,"presses":0}
[04.12.2025 05:51:00.910] esc/room1/images_piano/metric {"t":"BTN","up":699,"en":1,"i":2,"pin":14,"state":0,"presses":76}
[04.12.2025 05:51:00.910] esc/room1/images_piano/metric {"t":"BTN","up":699,"en":1,"i":3,"pin":12,"state":1,"presses":0}
[04.12.2025 05:51:00.911] esc/room1/images_piano/metric {"t":"ALL","up":699,"all_pressed":0}
[04.12.2025 05:51:00.912] esc/room1/images_piano/log {"lvl":"INFO","msg":"BTN idx=2 pin=14 state=RELEASED dt=51ms presses=76"}
[04.12.2025 05:51:00.913] esc/room1/images_piano/log {"lvl":"INFO","msg":"BTN idx=2 pin=14 state=RELEASED dt=48ms presses=76"}
[04.12.2025 05:51:00.913] esc/room1/images_piano/log {"lvl":"INFO","msg":"BTN idx=2 pin=14 state=RELEASED dt=40ms presses=76"}
[04.12.2025 05:51:00.914] esc/room1/images_piano/log {"lvl":"INFO","msg":"BTN idx=2 pin=14 state=RELEASED dt=31ms presses=76"}
[04.12.2025 05:51:00.915] esc/room1/images_piano/log {"lvl":"INFO","msg":"BTN idx=2 pin=14 state=PRESSED dt=30ms presses=76"}
[04.12.2025 05:51:00.916] esc/room1/images_piano/log {"lvl":"INFO","msg":"BTN idx=2 pin=14 state=RELEASED dt=56ms presses=77"}
[04.12.2025 05:51:00.916] esc/room1/images_piano/log {"lvl":"INFO","msg":"BTN idx=2 pin=14 state=RELEASED dt=54ms presses=77"}
[04.12.2025 05:51:00.917] esc/room1/images_piano/log {"lvl":"INFO","msg":"BTN idx=2 pin=14 state=RELEASED dt=30ms presses=77"}
[04.12.2025 05:51:00.918] esc/room1/images_piano/log {"lvl":"INFO","msg":"BTN idx=2 pin=14 state=RELEASED dt=51ms presses=77"}
[04.12.2025 05:51:00.919] esc/room1/images_piano/log {"lvl":"INFO","msg":"BTN idx=2 pin=14 state=RELEASED dt=88ms presses=77"}
[04.12.2025 05:51:00.920] esc/room1/images_piano/log {"lvl":"INFO","msg":"BTN idx=2 pin=14 state=RELEASED dt=49ms presses=77"}
[04.12.2025 05:51:00.920] esc/room1/images_piano/log {"lvl":"INFO","msg":"BTN idx=2 pin=14 state=RELEASED dt=71ms presses=77"}
[04.12.2025 05:51:00.921] esc/room3/knocking/metric {"t":"INF","up":50376,"df":1,"en":1,"i":0,"avg":55,"max":277,"base":51,"d":4,"thr":1200}
[04.12.2025 05:51:00.922] esc/room1/images_piano/log {"lvl":"INFO","msg":"BTN idx=2 pin=14 state=RELEASED dt=62ms presses=77"}
[04.12.2025 05:51:00.923] esc/room3/knocking/metric {"t":"INF","up":50376,"df":1,"en":1,"i":1,"avg":63,"max":266,"base":55,"d":8,"thr":1200}
[04.12.2025 05:51:00.923] esc/room3/knocking/metric {"t":"INF","up":50376,"df":1,"en":1,"i":2,"avg":25,"max":284,"base":16,"d":9,"thr":1200}
[04.12.2025 05:51:00.924] esc/room1/images_piano/log {"lvl":"INFO","msg":"BTN idx=2 pin=14 state=RELEASED dt=70ms presses=77"}
[04.12.2025 05:51:00.925] esc/room1/images_piano/log {"lvl":"INFO","msg":"BTN idx=2 pin=14 state=PRESSED dt=30ms presses=77"}
[04.12.2025 05:51:00.926] esc/room1/images_piano/log {"lvl":"INFO","msg":"BTN idx=2 pin=14 state=RELEASED dt=110ms presses=78"}
[04.12.2025 05:51:00.926] esc/room1/images_piano/log {"lvl":"INFO","msg":"BTN idx=2 pin=14 state=RELEASED dt=47ms presses=78"}
[04.12.2025 05:51:00.927] esc/room1/images_piano/log {"lvl":"INFO","msg":"BTN idx=2 pin=14 state=RELEASED dt=32ms presses=78"}
[04.12.2025 05:51:00.928] esc/room1/images_piano/log {"lvl":"INFO","msg":"BTN idx=2 pin=14 state=RELEASED dt=58ms presses=78"}
[04.12.2025 05:51:00.928] esc/room1/images_piano/hb {"node":"images_piano","fw":"images_piano_v1.6_4btn_eth_ota_solved_open_edge","ip":"192.168.0.12","uptime":700,"df_ok":false,"enabled":true}
[04.12.2025 05:51:00.929] esc/room1/images_piano/metric {"t":"BTN","up":700,"en":1,"i":0,"pin":25,"state":1,"presses":0}
[04.12.2025 05:51:00.930] esc/room1/images_piano/metric {"t":"BTN","up":700,"en":1,"i":1,"pin":26,"state":1,"presses":0}
[04.12.2025 05:51:00.931] esc/room1/images_piano/metric {"t":"BTN","up":700,"en":1,"i":2,"pin":14,"state":0,"presses":78}
[04.12.2025 05:51:00.931] esc/room1/images_piano/metric {"t":"BTN","up":700,"en":1,"i":3,"pin":12,"state":1,"presses":0}
[04.12.2025 05:51:00.932] esc/room1/images_piano/metric {"t":"ALL","up":700,"all_pressed":0}
[04.12.2025 05:51:00.933] esc/room1/images_piano/log {"lvl":"INFO","msg":"BTN idx=2 pin=14 state=RELEASED dt=80ms presses=78"}
[04.12.2025 05:51:00.934] esc/room1/images_piano/log {"lvl":"INFO","msg":"BTN idx=2 pin=14 state=RELEASED dt=32ms presses=78"}
[04.12.2025 05:51:00.934] esc/room1/images_piano/log {"lvl":"INFO","msg":"BTN idx=2 pin=14 state=RELEASED dt=30ms presses=78"}
[04.12.2025 05:51:00.935] esc/room1/images_piano/log {"lvl":"INFO","msg":"BTN idx=2 pin=14 state=RELEASED dt=41ms presses=78"}
[04.12.2025 05:51:00.936] esc/room1/images_piano/log {"lvl":"INFO","msg":"BTN idx=2 pin=14 state=RELEASED dt=38ms presses=78"}
[04.12.2025 05:51:00.937] esc/room1/images_piano/log {"lvl":"INFO","msg":"BTN idx=2 pin=14 state=RELEASED dt=31ms presses=78"}
[04.12.2025 05:51:00.937] esc/room0/maglock_ctrl/hb {"node":"maglock_ctrl","fw":"maglock_ctrl_v11","ip":"192.168.0.11","uptime":50377}
[04.12.2025 05:51:00.940] esc/room1/images_piano/log {"lvl":"INFO","msg":"BTN idx=2 pin=14 state=RELEASED dt=41ms presses=78"}
[04.12.2025 05:51:00.941] esc/room1/images_piano/log {"lvl":"INFO","msg":"BTN idx=2 pin=14 state=RELEASED dt=79ms presses=78"}
[04.12.2025 05:51:00.942] esc/room1/images_piano/log {"lvl":"INFO","msg":"BTN idx=2 pin=14 state=RELEASED dt=31ms presses=78"}
[04.12.2025 05:51:00.943] esc/room1/images_piano/log {"lvl":"INFO","msg":"BTN idx=2 pin=14 state=RELEASED dt=109ms presses=78"}
[04.12.2025 05:51:00.943] esc/room1/images_piano/log {"lvl":"INFO","msg":"BTN idx=2 pin=14 state=RELEASED dt=61ms presses=78"}
[04.12.2025 05:51:00.944] esc/room1/images_piano/log {"lvl":"INFO","msg":"BTN idx=2 pin=14 state=RELEASED dt=30ms presses=78"}
[04.12.2025 05:51:00.945] esc/room3/knocking/metric {"t":"INF","up":50377,"df":1,"en":1,"i":0,"avg":55,"max":292,"base":51,"d":4,"thr":1200}
[04.12.2025 05:51:00.946] esc/room3/knocking/metric {"t":"INF","up":50377,"df":1,"en":1,"i":1,"avg":63,"max":322,"base":55,"d":8,"thr":1200}
[04.12.2025 05:51:00.946] esc/room3/knocking/metric {"t":"INF","up":50377,"df":1,"en":1,"i":2,"avg":25,"max":288,"base":16,"d":9,"thr":1200}
[04.12.2025 05:51:00.947] esc/room1/images_piano/log {"lvl":"INFO","msg":"BTN idx=2 pin=14 state=RELEASED dt=58ms presses=78"}
[04.12.2025 05:51:00.948] esc/room1/images_piano/log {"lvl":"INFO","msg":"BTN idx=2 pin=14 state=RELEASED dt=112ms presses=78"}
[04.12.2025 05:51:00.949] esc/room1/images_piano/log {"lvl":"INFO","msg":"BTN idx=2 pin=14 state=RELEASED dt=87ms presses=78"}
[04.12.2025 05:51:00.949] esc/room1/images_piano/log {"lvl":"INFO","msg":"BTN idx=2 pin=14 state=RELEASED dt=81ms presses=78"}
[04.12.2025 05:51:00.950] esc/room1/images_piano/log {"lvl":"INFO","msg":"BTN idx=2 pin=14 state=RELEASED dt=50ms presses=78"}
[04.12.2025 05:51:00.951] esc/room1/images_piano/metric {"t":"BTN","up":701,"en":1,"i":0,"pin":25,"state":1,"presses":0}
[04.12.2025 05:51:00.952] esc/room1/images_piano/metric {"t":"BTN","up":701,"en":1,"i":1,"pin":26,"state":1,"presses":0}
[04.12.2025 05:51:00.952] esc/room1/images_piano/metric {"t":"BTN","up":701,"en":1,"i":2,"pin":14,"state":0,"presses":78}
[04.12.2025 05:51:00.953] esc/room1/images_piano/metric {"t":"BTN","up":701,"en":1,"i":3,"pin":12,"state":1,"presses":0}
[04.12.2025 05:51:00.954] esc/room1/images_piano/metric {"t":"ALL","up":701,"all_pressed":0}
[04.12.2025 05:51:00.955] esc/room1/images_piano/log {"lvl":"INFO","msg":"BTN idx=2 pin=14 state=RELEASED dt=50ms presses=78"}
[04.12.2025 05:51:00.955] esc/room1/images_piano/log {"lvl":"INFO","msg":"BTN idx=2 pin=14 state=RELEASED dt=31ms presses=78"}
[04.12.2025 05:51:00.956] esc/room1/images_piano/log {"lvl":"INFO","msg":"BTN idx=2 pin=14 state=RELEASED dt=110ms presses=78"}
[04.12.2025 05:51:00.957] esc/room1/images_piano/log {"lvl":"INFO","msg":"BTN idx=2 pin=14 state=RELEASED dt=50ms presses=78"}
[04.12.2025 05:51:00.958] esc/room1/images_piano/log {"lvl":"INFO","msg":"BTN idx=2 pin=14 state=PRESSED dt=30ms presses=78"}
[04.12.2025 05:51:00.958] esc/room1/images_piano/log {"lvl":"INFO","msg":"BTN idx=2 pin=14 state=RELEASED dt=89ms presses=79"}
[04.12.2025 05:51:00.959] esc/room1/images_piano/log {"lvl":"INFO","msg":"BTN idx=2 pin=14 state=RELEASED dt=72ms presses=79"}
[04.12.2025 05:51:00.960] esc/room3/knocking/hb {"node":"knocking","fw":"knocking_v5.11_3piezo_eth_ota_df_seq_timer_log","ip":"192.168.0.14","uptime":50378,"df_ok":true,"enabled":true}
[04.12.2025 05:51:00.961] esc/room1/images_piano/log {"lvl":"INFO","msg":"BTN idx=2 pin=14 state=RELEASED dt=68ms presses=79"}
[04.12.2025 05:51:00.961] esc/room1/images_piano/log {"lvl":"INFO","msg":"BTN idx=2 pin=14 state=RELEASED dt=82ms presses=79"}
[04.12.2025 05:51:00.962] esc/room1/images_piano/log {"lvl":"INFO","msg":"BTN idx=2 pin=14 state=RELEASED dt=70ms presses=79"}
[04.12.2025 05:51:00.963] esc/room3/knocking/metric {"t":"INF","up":50378,"df":1,"en":1,"i":0,"avg":55,"max":299,"base":51,"d":4,"thr":1200}
[04.12.2025 05:51:00.964] esc/room3/knocking/metric {"t":"INF","up":50378,"df":1,"en":1,"i":1,"avg":63,"max":302,"base":55,"d":8,"thr":1200}
[04.12.2025 05:51:00.965] esc/room3/knocking/metric {"t":"INF","up":50378,"df":1,"en":1,"i":2,"avg":26,"max":276,"base":16,"d":10,"thr":1200}
[04.12.2025 05:51:00.966] esc/room1/images_piano/log {"lvl":"INFO","msg":"BTN idx=2 pin=14 state=RELEASED dt=48ms presses=79"}
[04.12.2025 05:51:00.966] esc/room1/images_piano/log {"lvl":"INFO","msg":"BTN idx=2 pin=14 state=RELEASED dt=30ms presses=79"}
[04.12.2025 05:51:00.967] esc/room1/images_piano/log {"lvl":"INFO","msg":"BTN idx=2 pin=14 state=RELEASED dt=91ms presses=79"}
[04.12.2025 05:51:00.968] esc/room1/images_piano/log {"lvl":"INFO","msg":"BTN idx=2 pin=14 state=RELEASED dt=30ms presses=79"}
[04.12.2025 05:51:00.969] esc/room1/images_piano/log {"lvl":"INFO","msg":"BTN idx=2 pin=14 state=RELEASED dt=91ms presses=79"}
[04.12.2025 05:51:00.969] esc/room1/images_piano/log {"lvl":"INFO","msg":"BTN idx=2 pin=14 state=RELEASED dt=67ms presses=79"}
[04.12.2025 05:51:00.970] esc/room1/images_piano/metric {"t":"BTN","up":702,"en":1,"i":0,"pin":25,"state":1,"presses":0}
[04.12.2025 05:51:00.971] esc/room1/images_piano/metric {"t":"BTN","up":702,"en":1,"i":1,"pin":26,"state":1,"presses":0}
[04.12.2025 05:51:00.972] esc/room1/images_piano/metric {"t":"BTN","up":702,"en":1,"i":2,"pin":14,"state":0,"presses":79}
[04.12.2025 05:51:00.972] esc/room1/images_piano/metric {"t":"BTN","up":702,"en":1,"i":3,"pin":12,"state":1,"presses":0}
[04.12.2025 05:51:00.973] esc/room1/images_piano/metric {"t":"ALL","up":702,"all_pressed":0}
[04.12.2025 05:51:00.974] esc/room1/images_piano/log {"lvl":"INFO","msg":"BTN idx=2 pin=14 state=RELEASED dt=74ms presses=79"}
[04.12.2025 05:51:00.975] esc/room1/images_piano/log {"lvl":"INFO","msg":"BTN idx=2 pin=14 state=RELEASED dt=70ms presses=79"}
[04.12.2025 05:51:00.975] esc/room1/images_piano/log {"lvl":"INFO","msg":"BTN idx=2 pin=14 state=RELEASED dt=49ms presses=79"}
[04.12.2025 05:51:00.976] esc/room1/images_piano/log {"lvl":"INFO","msg":"BTN idx=2 pin=14 state=RELEASED dt=49ms presses=79"}
[04.12.2025 05:51:00.977] esc/room1/images_piano/log {"lvl":"INFO","msg":"BTN idx=2 pin=14 state=RELEASED dt=91ms presses=79"}
[04.12.2025 05:51:00.977] esc/room1/images_piano/log {"lvl":"INFO","msg":"BTN idx=2 pin=14 state=RELEASED dt=30ms presses=79"}
[04.12.2025 05:51:00.978] esc/room1/images_piano/log {"lvl":"INFO","msg":"BTN idx=2 pin=14 state=RELEASED dt=31ms presses=79"}
[04.12.2025 05:51:00.979] esc/room1/images_piano/log {"lvl":"INFO","msg":"BTN idx=2 pin=14 state=RELEASED dt=37ms presses=79"}
[04.12.2025 05:51:00.980] esc/room1/images_piano/log {"lvl":"INFO","msg":"BTN idx=2 pin=14 state=RELEASED dt=41ms presses=79"}
[04.12.2025 05:51:00.981] esc/room1/images_piano/log {"lvl":"INFO","msg":"BTN idx=2 pin=14 state=RELEASED dt=100ms presses=79"}
[04.12.2025 05:51:00.981] esc/room1/images_piano/log {"lvl":"INFO","msg":"BTN idx=2 pin=14 state=RELEASED dt=50ms presses=79"}
[04.12.2025 05:51:00.982] esc/room3/knocking/metric {"t":"INF","up":50379,"df":1,"en":1,"i":0,"avg":55,"max":267,"base":51,"d":4,"thr":1200}
[04.12.2025 05:51:00.983] esc/room3/knocking/metric {"t":"INF","up":50379,"df":1,"en":1,"i":1,"avg":63,"max":313,"base":55,"d":8,"thr":1200}
[04.12.2025 05:51:00.984] esc/room3/knocking/metric {"t":"INF","up":50379,"df":1,"en":1,"i":2,"avg":25,"max":306,"base":16,"d":9,"thr":1200}
[04.12.2025 05:51:00.984] esc/room1/images_piano/log {"lvl":"INFO","msg":"BTN idx=2 pin=14 state=RELEASED dt=60ms presses=79"}
[04.12.2025 05:51:00.985] esc/room1/images_piano/log {"lvl":"INFO","msg":"BTN idx=2 pin=14 state=PRESSED dt=30ms presses=79"}
[04.12.2025 05:51:00.986] esc/room1/images_piano/log {"lvl":"INFO","msg":"BTN idx=2 pin=14 state=RELEASED dt=49ms presses=80"}
[04.12.2025 05:51:00.987] esc/room1/images_piano/log {"lvl":"INFO","msg":"BTN idx=2 pin=14 state=RELEASED dt=30ms presses=80"}
[04.12.2025 05:51:00.987] esc/room1/images_piano/log {"lvl":"INFO","msg":"BTN idx=2 pin=14 state=RELEASED dt=42ms presses=80"}
[04.12.2025 05:51:00.988] esc/room1/images_piano/log {"lvl":"INFO","msg":"BTN idx=2 pin=14 state=RELEASED dt=48ms presses=80"}
[04.12.2025 05:51:00.989] esc/room1/images_piano/log {"lvl":"INFO","msg":"BTN idx=2 pin=14 state=RELEASED dt=51ms presses=80"}
[04.12.2025 05:51:00.990] esc/room1/images_piano/log {"lvl":"INFO","msg":"BTN idx=2 pin=14 state=RELEASED dt=49ms presses=80"}
[04.12.2025 05:51:00.990] esc/room1/images_piano/log {"lvl":"INFO","msg":"BTN idx=2 pin=14 state=RELEASED dt=33ms presses=80"}
[04.12.2025 05:51:00.991] esc/room1/images_piano/metric {"t":"BTN","up":703,"en":1,"i":0,"pin":25,"state":1,"presses":0}
[04.12.2025 05:51:00.992] esc/room1/images_piano/metric {"t":"BTN","up":703,"en":1,"i":1,"pin":26,"state":1,"presses":0}
[04.12.2025 05:51:00.992] esc/room1/images_piano/metric {"t":"BTN","up":703,"en":1,"i":2,"pin":14,"state":0,"presses":80}
[04.12.2025 05:51:00.993] esc/room1/images_piano/metric {"t":"BTN","up":703,"en":1,"i":3,"pin":12,"state":1,"presses":0}
[04.12.2025 05:51:00.994] esc/room1/images_piano/metric {"t":"ALL","up":703,"all_pressed":0}
[04.12.2025 05:51:00.995] esc/room1/images_piano/log {"lvl":"INFO","msg":"BTN idx=2 pin=14 state=RELEASED dt=79ms presses=80"}
[04.12.2025 05:51:00.995] esc/room1/images_piano/log {"lvl":"INFO","msg":"BTN idx=2 pin=14 state=RELEASED dt=79ms presses=80"}
[04.12.2025 05:51:00.996] esc/room1/images_piano/log {"lvl":"INFO","msg":"BTN idx=2 pin=14 state=RELEASED dt=41ms presses=80"}
[04.12.2025 05:51:00.997] esc/room1/images_piano/log {"lvl":"INFO","msg":"BTN idx=2 pin=14 state=RELEASED dt=39ms presses=80"}
[04.12.2025 05:51:00.998] esc/room1/images_piano/log {"lvl":"INFO","msg":"BTN idx=2 pin=14 state=RELEASED dt=51ms presses=80"}
[04.12.2025 05:51:00.998] esc/room1/images_piano/log {"lvl":"INFO","msg":"BTN idx=2 pin=14 state=RELEASED dt=50ms presses=80"}
[04.12.2025 05:51:00.999] esc/room1/images_piano/log {"lvl":"INFO","msg":"BTN idx=2 pin=14 state=RELEASED dt=38ms presses=80"}
[04.12.2025 05:51:01.000] esc/room1/images_piano/log {"lvl":"INFO","msg":"BTN idx=2 pin=14 state=RELEASED dt=50ms presses=80"}
[04.12.2025 05:51:01.000] esc/room1/images_piano/log {"lvl":"INFO","msg":"BTN idx=2 pin=14 state=RELEASED dt=31ms presses=80"}
[04.12.2025 05:51:01.001] esc/room1/images_piano/log {"lvl":"INFO","msg":"BTN idx=2 pin=14 state=RELEASED dt=70ms presses=80"}
[04.12.2025 05:51:01.002] esc/room1/images_piano/log {"lvl":"INFO","msg":"BTN idx=2 pin=14 state=RELEASED dt=40ms presses=80"}
[04.12.2025 05:51:01.003] esc/room1/images_piano/log {"lvl":"INFO","msg":"BTN idx=2 pin=14 state=RELEASED dt=40ms presses=80"}
[04.12.2025 05:51:01.003] esc/room3/knocking/metric {"t":"INF","up":50380,"df":1,"en":1,"i":0,"avg":55,"max":278,"base":51,"d":4,"thr":1200}
[04.12.2025 05:51:01.004] esc/room1/images_piano/log {"lvl":"INFO","msg":"BTN idx=2 pin=14 state=RELEASED dt=32ms presses=80"}
[04.12.2025 05:51:01.005] esc/room3/knocking/metric {"t":"INF","up":50380,"df":1,"en":1,"i":1,"avg":64,"max":304,"base":55,"d":9,"thr":1200}
[04.12.2025 05:51:01.006] esc/room3/knocking/metric {"t":"INF","up":50380,"df":1,"en":1,"i":2,"avg":25,"max":276,"base":16,"d":9,"thr":1200}
[04.12.2025 05:51:01.006] esc/room1/images_piano/log {"lvl":"INFO","msg":"BTN idx=2 pin=14 state=RELEASED dt=48ms presses=80"}
[04.12.2025 05:51:01.007] esc/room1/images_piano/log {"lvl":"INFO","msg":"BTN idx=2 pin=14 state=RELEASED dt=81ms presses=80"}
[04.12.2025 05:51:01.008] esc/room1/images_piano/log {"lvl":"INFO","msg":"BTN idx=2 pin=14 state=RELEASED dt=50ms presses=80"}
[04.12.2025 05:51:01.009] esc/room1/images_piano/log {"lvl":"INFO","msg":"BTN idx=2 pin=14 state=RELEASED dt=39ms presses=80"}
[04.12.2025 05:51:01.009] esc/room1/images_piano/log {"lvl":"INFO","msg":"BTN idx=2 pin=14 state=RELEASED dt=30ms presses=80"}
[04.12.2025 05:51:01.010] esc/room1/images_piano/log {"lvl":"INFO","msg":"BTN idx=2 pin=14 state=RELEASED dt=40ms presses=80"}
[04.12.2025 05:51:01.011] esc/room1/images_piano/log {"lvl":"INFO","msg":"BTN idx=2 pin=14 state=RELEASED dt=32ms presses=80"}
[04.12.2025 05:51:01.012] esc/room1/images_piano/log {"lvl":"INFO","msg":"BTN idx=2 pin=14 state=RELEASED dt=39ms presses=80"}
[04.12.2025 05:51:01.012] esc/room1/images_piano/metric {"t":"BTN","up":704,"en":1,"i":0,"pin":25,"state":1,"presses":0}
[04.12.2025 05:51:01.013] esc/room1/images_piano/metric {"t":"BTN","up":704,"en":1,"i":1,"pin":26,"state":1,"presses":0}
[04.12.2025 05:51:01.014] esc/room1/images_piano/metric {"t":"BTN","up":704,"en":1,"i":2,"pin":14,"state":0,"presses":80}
[04.12.2025 05:51:01.015] esc/room1/images_piano/metric {"t":"BTN","up":704,"en":1,"i":3,"pin":12,"state":1,"presses":0}
[04.12.2025 05:51:01.016] esc/room1/images_piano/metric {"t":"ALL","up":704,"all_pressed":0}
[04.12.2025 05:51:01.017] esc/room1/images_piano/log {"lvl":"INFO","msg":"BTN idx=2 pin=14 state=RELEASED dt=50ms presses=80"}
[04.12.2025 05:51:01.017] esc/room1/images_piano/log {"lvl":"INFO","msg":"BTN idx=2 pin=14 state=RELEASED dt=39ms presses=80"}
[04.12.2025 05:51:01.018] esc/room1/images_piano/log {"lvl":"INFO","msg":"BTN idx=2 pin=14 state=RELEASED dt=31ms presses=80"}
[04.12.2025 05:51:01.019] esc/room1/images_piano/log {"lvl":"INFO","msg":"BTN idx=2 pin=14 state=RELEASED dt=49ms presses=80"}
[04.12.2025 05:51:01.020] esc/room1/images_piano/log {"lvl":"INFO","msg":"BTN idx=2 pin=14 state=RELEASED dt=39ms presses=80"}
[04.12.2025 05:51:01.020] esc/room1/images_piano/log {"lvl":"INFO","msg":"BTN idx=2 pin=14 state=RELEASED dt=32ms presses=80"}
[04.12.2025 05:51:01.021] esc/room1/images_piano/log {"lvl":"INFO","msg":"BTN idx=2 pin=14 state=RELEASED dt=39ms presses=80"}
[04.12.2025 05:51:01.022] esc/room1/images_piano/log {"lvl":"INFO","msg":"BTN idx=2 pin=14 state=RELEASED dt=41ms presses=80"}
[04.12.2025 05:51:01.022] esc/room1/images_piano/log {"lvl":"INFO","msg":"BTN idx=2 pin=14 state=RELEASED dt=68ms presses=80"}
[04.12.2025 05:51:01.023] esc/room1/images_piano/log {"lvl":"INFO","msg":"BTN idx=2 pin=14 state=RELEASED dt=52ms presses=80"}
[04.12.2025 05:51:01.024] esc/room1/images_piano/log {"lvl":"INFO","msg":"BTN idx=2 pin=14 state=RELEASED dt=38ms presses=80"}
[04.12.2025 05:51:01.025] esc/room1/images_piano/log {"lvl":"INFO","msg":"BTN idx=2 pin=14 state=RELEASED dt=70ms presses=80"}
[04.12.2025 05:51:01.025] esc/room1/images_piano/log {"lvl":"INFO","msg":"BTN idx=2 pin=14 state=RELEASED dt=73ms presses=80"}
[04.12.2025 05:51:01.026] esc/room3/knocking/metric {"t":"INF","up":50381,"df":1,"en":1,"i":0,"avg":55,"max":257,"base":51,"d":4,"thr":1200}
[04.12.2025 05:51:01.027] esc/room3/knocking/metric {"t":"INF","up":50381,"df":1,"en":1,"i":1,"avg":64,"max":296,"base":55,"d":9,"thr":1200}
[04.12.2025 05:51:01.028] esc/room3/knocking/metric {"t":"INF","up":50381,"df":1,"en":1,"i":2,"avg":25,"max":307,"base":16,"d":9,"thr":1200}
[04.12.2025 05:51:01.028] esc/room1/images_piano/log {"lvl":"INFO","msg":"BTN idx=2 pin=14 state=RELEASED dt=87ms presses=80"}
[04.12.2025 05:51:01.029] esc/room1/images_piano/log {"lvl":"INFO","msg":"BTN idx=2 pin=14 state=RELEASED dt=61ms presses=80"}
[04.12.2025 05:51:01.030] esc/room1/images_piano/log {"lvl":"INFO","msg":"BTN idx=2 pin=14 state=RELEASED dt=30ms presses=80"}
[04.12.2025 05:51:01.030] esc/room1/images_piano/log {"lvl":"INFO","msg":"BTN idx=2 pin=14 state=RELEASED dt=30ms presses=80"}
[04.12.2025 05:51:01.031] esc/room1/images_piano/log {"lvl":"INFO","msg":"BTN idx=2 pin=14 state=RELEASED dt=41ms presses=80"}
[04.12.2025 05:51:01.032] esc/room1/images_piano/log {"lvl":"INFO","msg":"BTN idx=2 pin=14 state=RELEASED dt=31ms presses=80"}
[04.12.2025 05:51:01.033] esc/room1/images_piano/log {"lvl":"INFO","msg":"BTN idx=2 pin=14 state=RELEASED dt=77ms presses=80"}
[04.12.2025 05:51:01.033] esc/room1/images_piano/hb {"node":"images_piano","fw":"images_piano_v1.6_4btn_eth_ota_solved_open_edge","ip":"192.168.0.12","uptime":705,"df_ok":false,"enabled":true}
[04.12.2025 05:51:01.034] esc/room1/images_piano/log {"lvl":"INFO","msg":"BTN idx=2 pin=14 state=RELEASED dt=40ms presses=80"}
[04.12.2025 05:51:01.035] esc/room1/images_piano/metric {"t":"BTN","up":705,"en":1,"i":0,"pin":25,"state":1,"presses":0}
[04.12.2025 05:51:01.036] esc/room1/images_piano/metric {"t":"BTN","up":705,"en":1,"i":1,"pin":26,"state":1,"presses":0}
[04.12.2025 05:51:01.036] esc/room1/images_piano/metric {"t":"BTN","up":705,"en":1,"i":2,"pin":14,"state":0,"presses":80}
[04.12.2025 05:51:01.037] esc/room1/images_piano/metric {"t":"BTN","up":705,"en":1,"i":3,"pin":12,"state":1,"presses":0}
[04.12.2025 05:51:01.038] esc/room1/images_piano/metric {"t":"ALL","up":705,"all_pressed":0}
[04.12.2025 05:51:01.038] esc/room1/images_piano/log {"lvl":"INFO","msg":"BTN idx=2 pin=14 state=RELEASED dt=42ms presses=80"}
[04.12.2025 05:51:01.039] esc/room1/images_piano/log {"lvl":"INFO","msg":"BTN idx=2 pin=14 state=RELEASED dt=39ms presses=80"}
[04.12.2025 05:51:01.040] esc/room1/images_piano/log {"lvl":"INFO","msg":"BTN idx=2 pin=14 state=RELEASED dt=51ms presses=80"}
[04.12.2025 05:51:01.041] esc/room1/images_piano/log {"lvl":"INFO","msg":"BTN idx=2 pin=14 state=RELEASED dt=40ms presses=80"}
[04.12.2025 05:51:01.041] esc/room1/images_piano/log {"lvl":"INFO","msg":"BTN idx=2 pin=14 state=RELEASED dt=38ms presses=80"}
[04.12.2025 05:51:01.042] esc/room0/maglock_ctrl/hb {"node":"maglock_ctrl","fw":"maglock_ctrl_v11","ip":"192.168.0.11","uptime":50382}
[04.12.2025 05:51:01.043] esc/room1/images_piano/log {"lvl":"INFO","msg":"BTN idx=2 pin=14 state=RELEASED dt=30ms presses=80"}
[04.12.2025 05:51:01.044] esc/room1/images_piano/log {"lvl":"INFO","msg":"BTN idx=2 pin=14 state=RELEASED dt=30ms presses=80"}
[04.12.2025 05:51:01.045] esc/room1/images_piano/log {"lvl":"INFO","msg":"BTN idx=2 pin=14 state=RELEASED dt=41ms presses=80"}
[04.12.2025 05:51:01.046] esc/room1/images_piano/log {"lvl":"INFO","msg":"BTN idx=2 pin=14 state=RELEASED dt=79ms presses=80"}
[04.12.2025 05:51:01.046] esc/room1/images_piano/log {"lvl":"INFO","msg":"BTN idx=2 pin=14 state=RELEASED dt=30ms presses=80"}
[04.12.2025 05:51:01.047] esc/room1/images_piano/log {"lvl":"INFO","msg":"BTN idx=2 pin=14 state=RELEASED dt=41ms presses=80"}
[04.12.2025 05:51:01.048] esc/room1/images_piano/log {"lvl":"INFO","msg":"BTN idx=2 pin=14 state=RELEASED dt=42ms presses=80"}
[04.12.2025 05:51:01.049] esc/room1/images_piano/log {"lvl":"INFO","msg":"BTN idx=2 pin=14 state=RELEASED dt=30ms presses=80"}
[04.12.2025 05:51:01.049] esc/room1/images_piano/log {"lvl":"INFO","msg":"BTN idx=2 pin=14 state=RELEASED dt=70ms presses=80"}
[04.12.2025 05:51:01.050] esc/room3/knocking/metric {"t":"INF","up":50382,"df":1,"en":1,"i":0,"avg":55,"max":256,"base":51,"d":4,"thr":1200}
[04.12.2025 05:51:01.051] esc/room3/knocking/metric {"t":"INF","up":50382,"df":1,"en":1,"i":1,"avg":64,"max":305,"base":55,"d":9,"thr":1200}
[04.12.2025 05:51:01.052] esc/room3/knocking/metric {"t":"INF","up":50382,"df":1,"en":1,"i":2,"avg":25,"max":251,"base":16,"d":9,"thr":1200}
[04.12.2025 05:51:01.053] esc/room1/images_piano/log {"lvl":"INFO","msg":"BTN idx=2 pin=14 state=RELEASED dt=30ms presses=80"}
[04.12.2025 05:51:01.053] esc/room1/images_piano/log {"lvl":"INFO","msg":"BTN idx=2 pin=14 state=RELEASED dt=70ms presses=80"}
[04.12.2025 05:51:01.054] esc/room1/images_piano/log {"lvl":"INFO","msg":"BTN idx=2 pin=14 state=RELEASED dt=59ms presses=80"}
[04.12.2025 05:51:01.055] esc/room1/images_piano/log {"lvl":"INFO","msg":"BTN idx=2 pin=14 state=RELEASED dt=30ms presses=80"}
[04.12.2025 05:51:01.056] esc/room1/images_piano/log {"lvl":"INFO","msg":"BTN idx=2 pin=14 state=RELEASED dt=58ms presses=80"}
[04.12.2025 05:51:01.056] esc/room1/images_piano/log {"lvl":"INFO","msg":"BTN idx=2 pin=14 state=RELEASED dt=113ms presses=80"}
[04.12.2025 05:51:01.057] esc/room1/images_piano/metric {"t":"BTN","up":706,"en":1,"i":0,"pin":25,"state":1,"presses":0}
[04.12.2025 05:51:01.058] esc/room1/images_piano/metric {"t":"BTN","up":706,"en":1,"i":1,"pin":26,"state":1,"presses":0}
[04.12.2025 05:51:01.059] esc/room1/images_piano/metric {"t":"BTN","up":706,"en":1,"i":2,"pin":14,"state":0,"presses":80}
[04.12.2025 05:51:01.059] esc/room1/images_piano/metric {"t":"BTN","up":706,"en":1,"i":3,"pin":12,"state":1,"presses":0}
[04.12.2025 05:51:01.060] esc/room1/images_piano/metric {"t":"ALL","up":706,"all_pressed":0}
[04.12.2025 05:51:01.061] esc/room1/images_piano/log {"lvl":"INFO","msg":"BTN idx=2 pin=14 state=RELEASED dt=68ms presses=80"}
[04.12.2025 05:51:01.061] esc/room1/images_piano/log {"lvl":"INFO","msg":"BTN idx=2 pin=14 state=RELEASED dt=89ms presses=80"}
[04.12.2025 05:51:01.062] esc/room1/images_piano/log {"lvl":"INFO","msg":"BTN idx=2 pin=14 state=RELEASED dt=91ms presses=80"}
[04.12.2025 05:51:01.063] esc/room1/images_piano/log {"lvl":"INFO","msg":"BTN idx=2 pin=14 state=RELEASED dt=51ms presses=80"}
[04.12.2025 05:51:01.064] esc/room1/images_piano/log {"lvl":"INFO","msg":"BTN idx=2 pin=14 state=RELEASED dt=61ms presses=80"}
[04.12.2025 05:51:01.065] esc/room1/images_piano/log {"lvl":"INFO","msg":"BTN idx=2 pin=14 state=RELEASED dt=35ms presses=80"}
[04.12.2025 05:51:01.065] esc/room3/knocking/hb {"node":"knocking","fw":"knocking_v5.11_3piezo_eth_ota_df_seq_timer_log","ip":"192.168.0.14","uptime":50383,"df_ok":true,"enabled":true}
[04.12.2025 05:51:01.066] esc/room1/images_piano/log {"lvl":"INFO","msg":"BTN idx=2 pin=14 state=RELEASED dt=102ms presses=80"}
[04.12.2025 05:51:01.067] esc/room1/images_piano/log {"lvl":"INFO","msg":"BTN idx=2 pin=14 state=RELEASED dt=71ms presses=80"}
[04.12.2025 05:51:01.068] esc/room1/images_piano/log {"lvl":"INFO","msg":"BTN idx=2 pin=14 state=PRESSED dt=30ms presses=80"}
[04.12.2025 05:51:01.069] esc/room1/images_piano/log {"lvl":"INFO","msg":"BTN idx=2 pin=14 state=RELEASED dt=40ms presses=81"}
[04.12.2025 05:51:01.069] esc/room3/knocking/metric {"t":"INF","up":50383,"df":1,"en":1,"i":0,"avg":55,"max":271,"base":51,"d":4,"thr":1200}
[04.12.2025 05:51:01.070] esc/room3/knocking/metric {"t":"INF","up":50383,"df":1,"en":1,"i":1,"avg":63,"max":326,"base":55,"d":8,"thr":1200}
[04.12.2025 05:51:01.071] esc/room3/knocking/metric {"t":"INF","up":50383,"df":1,"en":1,"i":2,"avg":25,"max":309,"base":16,"d":9,"thr":1200}
[04.12.2025 05:51:01.072] esc/room1/images_piano/log {"lvl":"INFO","msg":"BTN idx=2 pin=14 state=RELEASED dt=31ms presses=81"}
[04.12.2025 05:51:01.072] esc/room1/images_piano/log {"lvl":"INFO","msg":"BTN idx=2 pin=14 state=RELEASED dt=50ms presses=81"}
[04.12.2025 05:51:01.073] esc/room1/images_piano/log {"lvl":"INFO","msg":"BTN idx=2 pin=14 state=RELEASED dt=41ms presses=81"}
[04.12.2025 05:51:01.074] esc/room1/images_piano/log {"lvl":"INFO","msg":"BTN idx=2 pin=14 state=RELEASED dt=39ms presses=81"}
[04.12.2025 05:51:01.075] esc/room1/images_piano/log {"lvl":"INFO","msg":"BTN idx=2 pin=14 state=RELEASED dt=31ms presses=81"}
[04.12.2025 05:51:01.075] esc/room1/images_piano/log {"lvl":"INFO","msg":"BTN idx=2 pin=14 state=RELEASED dt=38ms presses=81"}
[04.12.2025 05:51:01.076] esc/room1/images_piano/log {"lvl":"INFO","msg":"BTN idx=2 pin=14 state=RELEASED dt=102ms presses=81"}
[04.12.2025 05:51:01.077] esc/room1/images_piano/log {"lvl":"INFO","msg":"BTN idx=2 pin=14 state=RELEASED dt=30ms presses=81"}
[04.12.2025 05:51:01.078] esc/room1/images_piano/metric {"t":"BTN","up":707,"en":1,"i":0,"pin":25,"state":1,"presses":0}
[04.12.2025 05:51:01.079] esc/room1/images_piano/metric {"t":"BTN","up":707,"en":1,"i":1,"pin":26,"state":1,"presses":0}
[04.12.2025 05:51:01.080] esc/room1/images_piano/metric {"t":"BTN","up":707,"en":1,"i":2,"pin":14,"state":0,"presses":81}
[04.12.2025 05:51:01.080] esc/room1/images_piano/metric {"t":"BTN","up":707,"en":1,"i":3,"pin":12,"state":1,"presses":0}
[04.12.2025 05:51:01.081] esc/room1/images_piano/metric {"t":"ALL","up":707,"all_pressed":0}
[04.12.2025 05:51:01.082] esc/room1/images_piano/log {"lvl":"INFO","msg":"BTN idx=2 pin=14 state=RELEASED dt=50ms presses=81"}
[04.12.2025 05:51:01.083] esc/room1/images_piano/log {"lvl":"INFO","msg":"BTN idx=2 pin=14 state=RELEASED dt=80ms presses=81"}
[04.12.2025 05:51:01.084] esc/room1/images_piano/log {"lvl":"INFO","msg":"BTN idx=2 pin=14 state=RELEASED dt=37ms presses=81"}
[04.12.2025 05:51:01.085] esc/room1/images_piano/log {"lvl":"INFO","msg":"BTN idx=2 pin=14 state=RELEASED dt=32ms presses=81"}
[04.12.2025 05:51:01.085] esc/room1/images_piano/log {"lvl":"INFO","msg":"BTN idx=2 pin=14 state=RELEASED dt=41ms presses=81"}
[04.12.2025 05:51:01.087] esc/room1/images_piano/log {"lvl":"INFO","msg":"BTN idx=2 pin=14 state=RELEASED dt=38ms presses=81"}
[04.12.2025 05:51:01.087] esc/room1/images_piano/log {"lvl":"INFO","msg":"BTN idx=2 pin=14 state=RELEASED dt=49ms presses=81"}
[04.12.2025 05:51:01.088] esc/room1/images_piano/log {"lvl":"INFO","msg":"BTN idx=2 pin=14 state=RELEASED dt=41ms presses=81"}
[04.12.2025 05:51:01.089] esc/room1/images_piano/log {"lvl":"INFO","msg":"BTN idx=2 pin=14 state=RELEASED dt=30ms presses=81"}
[04.12.2025 05:51:01.090] esc/room1/images_piano/log {"lvl":"INFO","msg":"BTN idx=2 pin=14 state=RELEASED dt=30ms presses=81"}
[04.12.2025 05:51:01.091] esc/room1/images_piano/log {"lvl":"INFO","msg":"BTN idx=2 pin=14 state=RELEASED dt=60ms presses=81"}
[04.12.2025 05:51:01.091] esc/room1/images_piano/log {"lvl":"INFO","msg":"BTN idx=2 pin=14 state=RELEASED dt=42ms presses=81"}
[04.12.2025 05:51:01.092] esc/room1/images_piano/log {"lvl":"INFO","msg":"BTN idx=2 pin=14 state=RELEASED dt=38ms presses=81"}
[04.12.2025 05:51:01.093] esc/room1/images_piano/log {"lvl":"INFO","msg":"BTN idx=2 pin=14 state=RELEASED dt=41ms presses=81"}
[04.12.2025 05:51:01.094] esc/room1/images_piano/log {"lvl":"INFO","msg":"BTN idx=2 pin=14 state=PRESSED dt=30ms presses=81"}
[04.12.2025 05:51:01.094] esc/room3/knocking/metric {"t":"INF","up":50384,"df":1,"en":1,"i":0,"avg":55,"max":293,"base":51,"d":4,"thr":1200}
[04.12.2025 05:51:01.095] esc/room3/knocking/metric {"t":"INF","up":50384,"df":1,"en":1,"i":1,"avg":64,"max":313,"base":55,"d":9,"thr":1200}
[04.12.2025 05:51:01.096] esc/room3/knocking/metric {"t":"INF","up":50384,"df":1,"en":1,"i":2,"avg":24,"max":250,"base":16,"d":8,"thr":1200}
[04.12.2025 05:51:01.097] esc/room1/images_piano/log {"lvl":"INFO","msg":"BTN idx=2 pin=14 state=RELEASED dt=41ms presses=82"}
[04.12.2025 05:51:01.097] esc/room1/images_piano/log {"lvl":"INFO","msg":"BTN idx=2 pin=14 state=RELEASED dt=39ms presses=82"}
[04.12.2025 05:51:01.098] esc/room1/images_piano/log {"lvl":"INFO","msg":"BTN idx=2 pin=14 state=RELEASED dt=110ms presses=82"}
[04.12.2025 05:51:01.099] esc/room1/images_piano/log {"lvl":"INFO","msg":"BTN idx=2 pin=14 state=RELEASED dt=79ms presses=82"}
[04.12.2025 05:51:01.100] esc/room1/images_piano/log {"lvl":"INFO","msg":"BTN idx=2 pin=14 state=RELEASED dt=61ms presses=82"}
[04.12.2025 05:51:01.101] esc/room1/images_piano/log {"lvl":"INFO","msg":"BTN idx=2 pin=14 state=RELEASED dt=51ms presses=82"}
[04.12.2025 05:51:01.101] esc/room1/images_piano/metric {"t":"BTN","up":708,"en":1,"i":0,"pin":25,"state":1,"presses":0}
[04.12.2025 05:51:01.102] esc/room1/images_piano/metric {"t":"BTN","up":708,"en":1,"i":1,"pin":26,"state":1,"presses":0}
[04.12.2025 05:51:01.103] esc/room1/images_piano/metric {"t":"BTN","up":708,"en":1,"i":2,"pin":14,"state":0,"presses":82}
[04.12.2025 05:51:01.104] esc/room1/images_piano/metric {"t":"BTN","up":708,"en":1,"i":3,"pin":12,"state":1,"presses":0}
[04.12.2025 05:51:01.104] esc/room1/images_piano/metric {"t":"ALL","up":708,"all_pressed":0}
[04.12.2025 05:51:01.105] esc/room1/images_piano/log {"lvl":"INFO","msg":"BTN idx=2 pin=14 state=RELEASED dt=47ms presses=82"}
[04.12.2025 05:51:01.106] esc/room1/images_piano/log {"lvl":"INFO","msg":"BTN idx=2 pin=14 state=RELEASED dt=101ms presses=82"}
[04.12.2025 05:51:01.107] esc/room1/images_piano/log {"lvl":"INFO","msg":"BTN idx=2 pin=14 state=RELEASED dt=80ms presses=82"}
[04.12.2025 05:51:01.108] esc/room1/images_piano/log {"lvl":"INFO","msg":"BTN idx=2 pin=14 state=RELEASED dt=39ms presses=82"}
[04.12.2025 05:51:01.108] esc/room1/images_piano/log {"lvl":"INFO","msg":"BTN idx=2 pin=14 state=RELEASED dt=30ms presses=82"}
[04.12.2025 05:51:01.109] esc/room1/images_piano/log {"lvl":"INFO","msg":"BTN idx=2 pin=14 state=RELEASED dt=44ms presses=82"}
[04.12.2025 05:51:01.110] esc/room1/images_piano/log {"lvl":"INFO","msg":"BTN idx=2 pin=14 state=RELEASED dt=47ms presses=82"}
[04.12.2025 05:51:01.111] esc/room1/images_piano/log {"lvl":"INFO","msg":"BTN idx=2 pin=14 state=RELEASED dt=61ms presses=82"}
[04.12.2025 05:51:01.111] esc/room1/images_piano/log {"lvl":"INFO","msg":"BTN idx=2 pin=14 state=RELEASED dt=90ms presses=82"}
[04.12.2025 05:51:01.112] esc/room1/images_piano/log {"lvl":"INFO","msg":"BTN idx=2 pin=14 state=RELEASED dt=90ms presses=82"}
[04.12.2025 05:51:01.113] esc/room3/knocking/metric {"t":"INF","up":50385,"df":1,"en":1,"i":0,"avg":56,"max":269,"base":51,"d":5,"thr":1200}
[04.12.2025 05:51:01.114] esc/room3/knocking/metric {"t":"INF","up":50385,"df":1,"en":1,"i":1,"avg":64,"max":289,"base":55,"d":9,"thr":1200}
[04.12.2025 05:51:01.114] esc/room3/knocking/metric {"t":"INF","up":50385,"df":1,"en":1,"i":2,"avg":25,"max":285,"base":16,"d":9,"thr":1200}
[04.12.2025 05:51:01.115] esc/room1/images_piano/log {"lvl":"INFO","msg":"BTN idx=2 pin=14 state=RELEASED dt=40ms presses=82"}
[04.12.2025 05:51:01.116] esc/room1/images_piano/log {"lvl":"INFO","msg":"BTN idx=2 pin=14 state=RELEASED dt=49ms presses=82"}
[04.12.2025 05:51:01.117] esc/room1/images_piano/log {"lvl":"INFO","msg":"BTN idx=2 pin=14 state=RELEASED dt=43ms presses=82"}
[04.12.2025 05:51:01.117] esc/room1/images_piano/log {"lvl":"INFO","msg":"BTN idx=2 pin=14 state=RELEASED dt=37ms presses=82"}
[04.12.2025 05:51:01.118] esc/room1/images_piano/log {"lvl":"INFO","msg":"BTN idx=2 pin=14 state=RELEASED dt=32ms presses=82"}
[04.12.2025 05:51:01.119] esc/room1/images_piano/log {"lvl":"INFO","msg":"BTN idx=2 pin=14 state=RELEASED dt=37ms presses=82"}
[04.12.2025 05:51:01.120] esc/room1/images_piano/log {"lvl":"INFO","msg":"BTN idx=2 pin=14 state=RELEASED dt=42ms presses=82"}
[04.12.2025 05:51:01.121] esc/room1/images_piano/log {"lvl":"INFO","msg":"BTN idx=2 pin=14 state=RELEASED dt=39ms presses=82"}
[04.12.2025 05:51:01.122] esc/room1/images_piano/log {"lvl":"INFO","msg":"BTN idx=2 pin=14 state=RELEASED dt=71ms presses=82"}
[04.12.2025 05:51:01.123] esc/room1/images_piano/metric {"t":"BTN","up":709,"en":1,"i":0,"pin":25,"state":1,"presses":0}
[04.12.2025 05:51:01.123] esc/room1/images_piano/metric {"t":"BTN","up":709,"en":1,"i":1,"pin":26,"state":1,"presses":0}
[04.12.2025 05:51:01.124] esc/room1/images_piano/metric {"t":"BTN","up":709,"en":1,"i":2,"pin":14,"state":1,"presses":82}
[04.12.2025 05:51:01.125] esc/room1/images_piano/metric {"t":"BTN","up":709,"en":1,"i":3,"pin":12,"state":1,"presses":0}
[04.12.2025 05:51:01.126] esc/room1/images_piano/metric {"t":"ALL","up":709,"all_pressed":0}
[04.12.2025 05:51:01.126] esc/room1/images_piano/log {"lvl":"INFO","msg":"BTN idx=2 pin=14 state=RELEASED dt=39ms presses=82"}
[04.12.2025 05:51:01.127] esc/room1/images_piano/log {"lvl":"INFO","msg":"BTN idx=2 pin=14 state=RELEASED dt=61ms presses=82"}
[04.12.2025 05:51:01.128] esc/room1/images_piano/log {"lvl":"INFO","msg":"BTN idx=2 pin=14 state=RELEASED dt=49ms presses=82"}
[04.12.2025 05:51:01.129] esc/room1/images_piano/log {"lvl":"INFO","msg":"BTN idx=2 pin=14 state=RELEASED dt=61ms presses=82"}
[04.12.2025 05:51:01.129] esc/room1/images_piano/log {"lvl":"INFO","msg":"BTN idx=2 pin=14 state=RELEASED dt=30ms presses=82"}
[04.12.2025 05:51:01.130] esc/room1/images_piano/log {"lvl":"INFO","msg":"BTN idx=2 pin=14 state=RELEASED dt=91ms presses=82"}
[04.12.2025 05:51:01.131] esc/room1/images_piano/log {"lvl":"INFO","msg":"BTN idx=2 pin=14 state=RELEASED dt=40ms presses=82"}
[04.12.2025 05:51:01.132] esc/room1/images_piano/log {"lvl":"INFO","msg":"BTN idx=2 pin=14 state=RELEASED dt=51ms presses=82"}
[04.12.2025 05:51:01.132] esc/room1/images_piano/log {"lvl":"INFO","msg":"BTN idx=2 pin=14 state=RELEASED dt=35ms presses=82"}
[04.12.2025 05:51:01.133] esc/room1/images_piano/log {"lvl":"INFO","msg":"BTN idx=2 pin=14 state=RELEASED dt=42ms presses=82"}
[04.12.2025 05:51:01.134] esc/room1/images_piano/log {"lvl":"INFO","msg":"BTN idx=2 pin=14 state=RELEASED dt=118ms presses=82"}
[04.12.2025 05:51:01.135] esc/room3/knocking/metric {"t":"INF","up":50386,"df":1,"en":1,"i":0,"avg":56,"max":281,"base":51,"d":5,"thr":1200}
[04.12.2025 05:51:01.136] esc/room3/knocking/metric {"t":"INF","up":50386,"df":1,"en":1,"i":1,"avg":64,"max":315,"base":55,"d":9,"thr":1200}
[04.12.2025 05:51:01.136] esc/room3/knocking/metric {"t":"INF","up":50386,"df":1,"en":1,"i":2,"avg":25,"max":297,"base":16,"d":9,"thr":1200}
[04.12.2025 05:51:01.137] esc/room1/images_piano/log {"lvl":"INFO","msg":"BTN idx=2 pin=14 state=RELEASED dt=102ms presses=82"}
[04.12.2025 05:51:01.138] esc/room1/images_piano/log {"lvl":"INFO","msg":"BTN idx=2 pin=14 state=RELEASED dt=51ms presses=82"}
[04.12.2025 05:51:01.139] esc/room1/images_piano/log {"lvl":"INFO","msg":"BTN idx=2 pin=14 state=RELEASED dt=31ms presses=82"}
[04.12.2025 05:51:01.140] esc/room1/images_piano/log {"lvl":"INFO","msg":"BTN idx=2 pin=14 state=RELEASED dt=71ms presses=82"}
[04.12.2025 05:51:01.140] esc/room1/images_piano/log {"lvl":"INFO","msg":"BTN idx=2 pin=14 state=RELEASED dt=68ms presses=82"}
[04.12.2025 05:51:01.141] esc/room1/images_piano/log {"lvl":"INFO","msg":"BTN idx=2 pin=14 state=RELEASED dt=30ms presses=82"}
[04.12.2025 05:51:01.142] esc/room1/images_piano/hb {"node":"images_piano","fw":"images_piano_v1.6_4btn_eth_ota_solved_open_edge","ip":"192.168.0.12","uptime":710,"df_ok":false,"enabled":true}
[04.12.2025 05:51:01.143] esc/room1/images_piano/metric {"t":"BTN","up":710,"en":1,"i":0,"pin":25,"state":1,"presses":0}
[04.12.2025 05:51:01.143] esc/room1/images_piano/metric {"t":"BTN","up":710,"en":1,"i":1,"pin":26,"state":1,"presses":0}
[04.12.2025 05:51:01.144] esc/room1/images_piano/metric {"t":"BTN","up":710,"en":1,"i":2,"pin":14,"state":0,"presses":82}
[04.12.2025 05:51:01.145] esc/room1/images_piano/metric {"t":"BTN","up":710,"en":1,"i":3,"pin":12,"state":1,"presses":0}
[04.12.2025 05:51:01.146] esc/room1/images_piano/metric {"t":"ALL","up":710,"all_pressed":0}
[04.12.2025 05:51:01.146] esc/room1/images_piano/log {"lvl":"INFO","msg":"BTN idx=2 pin=14 state=RELEASED dt=80ms presses=82"}
[04.12.2025 05:51:01.147] esc/room1/images_piano/log {"lvl":"INFO","msg":"BTN idx=2 pin=14 state=RELEASED dt=32ms presses=82"}
[04.12.2025 05:51:01.148] esc/room1/images_piano/log {"lvl":"INFO","msg":"BTN idx=2 pin=14 state=RELEASED dt=68ms presses=82"}
[04.12.2025 05:51:01.149] esc/room1/images_piano/log {"lvl":"INFO","msg":"BTN idx=2 pin=14 state=RELEASED dt=31ms presses=82"}
[04.12.2025 05:51:01.149] esc/room0/maglock_ctrl/hb {"node":"maglock_ctrl","fw":"maglock_ctrl_v11","ip":"192.168.0.11","uptime":50387}
[04.12.2025 05:51:01.150] esc/room1/images_piano/log {"lvl":"INFO","msg":"BTN idx=2 pin=14 state=RELEASED dt=90ms presses=82"}
[04.12.2025 05:51:01.151] esc/room1/images_piano/log {"lvl":"INFO","msg":"BTN idx=2 pin=14 state=RELEASED dt=39ms presses=82"}
[04.12.2025 05:51:01.152] esc/room1/images_piano/log {"lvl":"INFO","msg":"BTN idx=2 pin=14 state=RELEASED dt=30ms presses=82"}
[04.12.2025 05:51:01.152] esc/room1/images_piano/log {"lvl":"INFO","msg":"BTN idx=2 pin=14 state=RELEASED dt=80ms presses=82"}
[04.12.2025 05:51:01.153] esc/room1/images_piano/log {"lvl":"INFO","msg":"BTN idx=2 pin=14 state=RELEASED dt=62ms presses=82"}
[04.12.2025 05:51:01.154] esc/room1/images_piano/log {"lvl":"INFO","msg":"BTN idx=2 pin=14 state=RELEASED dt=48ms presses=82"}
[04.12.2025 05:51:01.155] esc/room1/images_piano/log {"lvl":"INFO","msg":"BTN idx=2 pin=14 state=RELEASED dt=41ms presses=82"}
[04.12.2025 05:51:01.155] esc/room1/images_piano/log {"lvl":"INFO","msg":"BTN idx=2 pin=14 state=RELEASED dt=39ms presses=82"}
[04.12.2025 05:51:01.156] esc/room3/knocking/metric {"t":"INF","up":50387,"df":1,"en":1,"i":0,"avg":55,"max":278,"base":51,"d":4,"thr":1200}
[04.12.2025 05:51:01.157] esc/room3/knocking/metric {"t":"INF","up":50387,"df":1,"en":1,"i":1,"avg":64,"max":274,"base":55,"d":9,"thr":1200}
[04.12.2025 05:51:01.158] esc/room3/knocking/metric {"t":"INF","up":50387,"df":1,"en":1,"i":2,"avg":25,"max":272,"base":16,"d":9,"thr":1200}
[04.12.2025 05:51:01.159] esc/room1/images_piano/log {"lvl":"INFO","msg":"BTN idx=2 pin=14 state=RELEASED dt=30ms presses=82"}
[04.12.2025 05:51:01.159] esc/room1/images_piano/log {"lvl":"INFO","msg":"BTN idx=2 pin=14 state=RELEASED dt=70ms presses=82"}
[04.12.2025 05:51:01.160] esc/room1/images_piano/log {"lvl":"INFO","msg":"BTN idx=2 pin=14 state=RELEASED dt=49ms presses=82"}
[04.12.2025 05:51:01.161] esc/room1/images_piano/log {"lvl":"INFO","msg":"BTN idx=2 pin=14 state=RELEASED dt=42ms presses=82"}
[04.12.2025 05:51:01.161] esc/room1/images_piano/log {"lvl":"INFO","msg":"BTN idx=2 pin=14 state=RELEASED dt=69ms presses=82"}
[04.12.2025 05:51:01.162] esc/room1/images_piano/log {"lvl":"INFO","msg":"BTN idx=2 pin=14 state=RELEASED dt=39ms presses=82"}
[04.12.2025 05:51:01.163] esc/room1/images_piano/log {"lvl":"INFO","msg":"BTN idx=2 pin=14 state=RELEASED dt=40ms presses=82"}
[04.12.2025 05:51:01.164] esc/room1/images_piano/metric {"t":"BTN","up":711,"en":1,"i":0,"pin":25,"state":1,"presses":0}
[04.12.2025 05:51:01.164] esc/room1/images_piano/metric {"t":"BTN","up":711,"en":1,"i":1,"pin":26,"state":1,"presses":0}
[04.12.2025 05:51:01.165] esc/room1/images_piano/metric {"t":"BTN","up":711,"en":1,"i":2,"pin":14,"state":0,"presses":82}
[04.12.2025 05:51:01.166] esc/room1/images_piano/metric {"t":"BTN","up":711,"en":1,"i":3,"pin":12,"state":1,"presses":0}
[04.12.2025 05:51:01.167] esc/room1/images_piano/metric {"t":"ALL","up":711,"all_pressed":0}
[04.12.2025 05:51:01.168] esc/room1/images_piano/log {"lvl":"INFO","msg":"BTN idx=2 pin=14 state=RELEASED dt=63ms presses=82"}
[04.12.2025 05:51:01.168] esc/room1/images_piano/log {"lvl":"INFO","msg":"BTN idx=2 pin=14 state=RELEASED dt=48ms presses=82"}
[04.12.2025 05:51:01.169] esc/room1/images_piano/log {"lvl":"INFO","msg":"BTN idx=2 pin=14 state=RELEASED dt=30ms presses=82"}
[04.12.2025 05:51:01.170] esc/room1/images_piano/log {"lvl":"INFO","msg":"BTN idx=2 pin=14 state=RELEASED dt=31ms presses=82"}
[04.12.2025 05:51:01.171] esc/room1/images_piano/log {"lvl":"INFO","msg":"BTN idx=2 pin=14 state=RELEASED dt=49ms presses=82"}
[04.12.2025 05:51:01.171] esc/room1/images_piano/log {"lvl":"INFO","msg":"BTN idx=2 pin=14 state=RELEASED dt=190ms presses=82"}
[04.12.2025 05:51:01.172] esc/room1/images_piano/log {"lvl":"INFO","msg":"BTN idx=2 pin=14 state=RELEASED dt=30ms presses=82"}
[04.12.2025 05:51:01.173] esc/room3/knocking/hb {"node":"knocking","fw":"knocking_v5.11_3piezo_eth_ota_df_seq_timer_log","ip":"192.168.0.14","uptime":50388,"df_ok":true,"enabled":true}
[04.12.2025 05:51:01.174] esc/room1/images_piano/log {"lvl":"INFO","msg":"BTN idx=2 pin=14 state=RELEASED dt=41ms presses=82"}
[04.12.2025 05:51:01.174] esc/room1/images_piano/log {"lvl":"INFO","msg":"BTN idx=2 pin=14 state=RELEASED dt=42ms presses=82"}
[04.12.2025 05:51:01.175] esc/room1/images_piano/log {"lvl":"INFO","msg":"BTN idx=2 pin=14 state=RELEASED dt=39ms presses=82"}
[04.12.2025 05:51:01.176] esc/room1/images_piano/log {"lvl":"INFO","msg":"BTN idx=2 pin=14 state=RELEASED dt=38ms presses=82"}
[04.12.2025 05:51:01.177] esc/room1/images_piano/log {"lvl":"INFO","msg":"BTN idx=2 pin=14 state=RELEASED dt=43ms presses=82"}
[04.12.2025 05:51:01.177] esc/room3/knocking/metric {"t":"INF","up":50388,"df":1,"en":1,"i":0,"avg":56,"max":268,"base":51,"d":5,"thr":1200}
[04.12.2025 05:51:01.178] esc/room3/knocking/metric {"t":"INF","up":50388,"df":1,"en":1,"i":1,"avg":64,"max":307,"base":55,"d":9,"thr":1200}
[04.12.2025 05:51:01.179] esc/room3/knocking/metric {"t":"INF","up":50388,"df":1,"en":1,"i":2,"avg":25,"max":256,"base":16,"d":9,"thr":1200}
[04.12.2025 05:51:01.180] esc/room1/images_piano/log {"lvl":"INFO","msg":"BTN idx=2 pin=14 state=RELEASED dt=59ms presses=82"}
[04.12.2025 05:51:01.180] esc/room1/images_piano/log {"lvl":"INFO","msg":"BTN idx=2 pin=14 state=RELEASED dt=50ms presses=82"}
[04.12.2025 05:51:01.181] esc/room1/images_piano/log {"lvl":"INFO","msg":"BTN idx=2 pin=14 state=RELEASED dt=30ms presses=82"}
[04.12.2025 05:51:01.182] esc/room1/images_piano/log {"lvl":"INFO","msg":"BTN idx=2 pin=14 state=RELEASED dt=59ms presses=82"}
[04.12.2025 05:51:01.183] esc/room1/images_piano/log {"lvl":"INFO","msg":"BTN idx=2 pin=14 state=RELEASED dt=40ms presses=82"}
[04.12.2025 05:51:01.183] esc/room1/images_piano/log {"lvl":"INFO","msg":"BTN idx=2 pin=14 state=RELEASED dt=42ms presses=82"}
[04.12.2025 05:51:01.184] esc/room1/images_piano/log {"lvl":"INFO","msg":"BTN idx=2 pin=14 state=RELEASED dt=45ms presses=82"}
[04.12.2025 05:51:01.185] esc/room1/images_piano/log {"lvl":"INFO","msg":"BTN idx=2 pin=14 state=RELEASED dt=32ms presses=82"}
[04.12.2025 05:51:01.186] esc/room1/images_piano/metric {"t":"BTN","up":712,"en":1,"i":0,"pin":25,"state":1,"presses":0}
[04.12.2025 05:51:01.186] esc/room1/images_piano/metric {"t":"BTN","up":712,"en":1,"i":1,"pin":26,"state":1,"presses":0}
[04.12.2025 05:51:01.187] esc/room1/images_piano/metric {"t":"BTN","up":712,"en":1,"i":2,"pin":14,"state":0,"presses":82}
[04.12.2025 05:51:01.188] esc/room1/images_piano/metric {"t":"BTN","up":712,"en":1,"i":3,"pin":12,"state":1,"presses":0}
[04.12.2025 05:51:01.188] esc/room1/images_piano/metric {"t":"ALL","up":712,"all_pressed":0}
[04.12.2025 05:51:01.189] esc/room1/images_piano/log {"lvl":"INFO","msg":"BTN idx=2 pin=14 state=RELEASED dt=100ms presses=82"}
[04.12.2025 05:51:01.190] esc/room1/images_piano/log {"lvl":"INFO","msg":"BTN idx=2 pin=14 state=RELEASED dt=30ms presses=82"}
[04.12.2025 05:51:01.191] esc/room1/images_piano/log {"lvl":"INFO","msg":"BTN idx=2 pin=14 state=RELEASED dt=32ms presses=82"}
[04.12.2025 05:51:01.191] esc/room1/images_piano/log {"lvl":"INFO","msg":"BTN idx=2 pin=14 state=RELEASED dt=39ms presses=82"}
[04.12.2025 05:51:01.192] esc/room1/images_piano/log {"lvl":"INFO","msg":"BTN idx=2 pin=14 state=RELEASED dt=41ms presses=82"}
[04.12.2025 05:51:01.193] esc/room1/images_piano/log {"lvl":"INFO","msg":"BTN idx=2 pin=14 state=RELEASED dt=68ms presses=82"}
[04.12.2025 05:51:01.194] esc/room1/images_piano/log {"lvl":"INFO","msg":"BTN idx=2 pin=14 state=RELEASED dt=42ms presses=82"}
[04.12.2025 05:51:01.194] esc/room1/images_piano/log {"lvl":"INFO","msg":"BTN idx=2 pin=14 state=RELEASED dt=48ms presses=82"}
[04.12.2025 05:51:01.195] esc/room1/images_piano/log {"lvl":"INFO","msg":"BTN idx=2 pin=14 state=RELEASED dt=50ms presses=82"}
[04.12.2025 05:51:01.196] esc/room1/images_piano/log {"lvl":"INFO","msg":"BTN idx=2 pin=14 state=RELEASED dt=52ms presses=82"}
[04.12.2025 05:51:01.196] esc/room1/images_piano/log {"lvl":"INFO","msg":"BTN idx=2 pin=14 state=RELEASED dt=40ms presses=82"}
[04.12.2025 05:51:01.197] esc/room1/images_piano/log {"lvl":"INFO","msg":"BTN idx=2 pin=14 state=RELEASED dt=50ms presses=82"}
[04.12.2025 05:51:01.198] esc/room3/knocking/metric {"t":"INF","up":50389,"df":1,"en":1,"i":0,"avg":55,"max":256,"base":51,"d":4,"thr":1200}
[04.12.2025 05:51:01.199] esc/room3/knocking/metric {"t":"INF","up":50389,"df":1,"en":1,"i":1,"avg":64,"max":304,"base":55,"d":9,"thr":1200}
[04.12.2025 05:51:01.199] esc/room3/knocking/metric {"t":"INF","up":50389,"df":1,"en":1,"i":2,"avg":25,"max":299,"base":16,"d":9,"thr":1200}
[04.12.2025 05:51:01.200] esc/room1/images_piano/log {"lvl":"INFO","msg":"BTN idx=2 pin=14 state=RELEASED dt=111ms presses=82"}
[04.12.2025 05:51:01.201] esc/room1/images_piano/log {"lvl":"INFO","msg":"BTN idx=2 pin=14 state=RELEASED dt=48ms presses=82"}
[04.12.2025 05:51:01.202] esc/room1/images_piano/log {"lvl":"INFO","msg":"BTN idx=2 pin=14 state=RELEASED dt=30ms presses=82"}
[04.12.2025 05:51:01.203] esc/room1/images_piano/log {"lvl":"INFO","msg":"BTN idx=2 pin=14 state=RELEASED dt=68ms presses=82"}
[04.12.2025 05:51:01.204] esc/room1/images_piano/log {"lvl":"INFO","msg":"BTN idx=2 pin=14 state=RELEASED dt=81ms presses=82"}
[04.12.2025 05:51:01.204] esc/room1/images_piano/log {"lvl":"INFO","msg":"BTN idx=2 pin=14 state=RELEASED dt=51ms presses=82"}
[04.12.2025 05:51:01.205] esc/room1/images_piano/log {"lvl":"INFO","msg":"BTN idx=2 pin=14 state=RELEASED dt=61ms presses=82"}
[04.12.2025 05:51:01.206] esc/room1/images_piano/metric {"t":"BTN","up":713,"en":1,"i":0,"pin":25,"state":1,"presses":0}
[04.12.2025 05:51:01.206] esc/room1/images_piano/metric {"t":"BTN","up":713,"en":1,"i":1,"pin":26,"state":1,"presses":0}
[04.12.2025 05:51:01.207] esc/room1/images_piano/metric {"t":"BTN","up":713,"en":1,"i":2,"pin":14,"state":0,"presses":82}
[04.12.2025 05:51:01.208] esc/room1/images_piano/metric {"t":"BTN","up":713,"en":1,"i":3,"pin":12,"state":1,"presses":0}
[04.12.2025 05:51:01.209] esc/room1/images_piano/metric {"t":"ALL","up":713,"all_pressed":0}
[04.12.2025 05:51:01.209] esc/room1/images_piano/log {"lvl":"INFO","msg":"BTN idx=2 pin=14 state=RELEASED dt=50ms presses=82"}
[04.12.2025 05:51:01.210] esc/room1/images_piano/log {"lvl":"INFO","msg":"BTN idx=2 pin=14 state=RELEASED dt=49ms presses=82"}
[04.12.2025 05:51:01.211] esc/room1/images_piano/log {"lvl":"INFO","msg":"BTN idx=2 pin=14 state=RELEASED dt=40ms presses=82"}
[04.12.2025 05:51:01.212] esc/room1/images_piano/log {"lvl":"INFO","msg":"BTN idx=2 pin=14 state=RELEASED dt=40ms presses=82"}
[04.12.2025 05:51:01.212] esc/room1/images_piano/log {"lvl":"INFO","msg":"BTN idx=2 pin=14 state=RELEASED dt=46ms presses=82"}
[04.12.2025 05:51:01.213] esc/room1/images_piano/log {"lvl":"INFO","msg":"BTN idx=2 pin=14 state=RELEASED dt=115ms presses=82"}
[04.12.2025 05:51:01.214] esc/room1/images_piano/log {"lvl":"INFO","msg":"BTN idx=2 pin=14 state=RELEASED dt=31ms presses=82"}
[04.12.2025 05:51:01.215] esc/room1/images_piano/log {"lvl":"INFO","msg":"BTN idx=2 pin=14 state=RELEASED dt=98ms presses=82"}
[04.12.2025 05:51:01.215] esc/room1/images_piano/log {"lvl":"INFO","msg":"BTN idx=2 pin=14 state=RELEASED dt=49ms presses=82"}
[04.12.2025 05:51:01.216] esc/room1/images_piano/log {"lvl":"INFO","msg":"BTN idx=2 pin=14 state=RELEASED dt=62ms presses=82"}
[04.12.2025 05:51:01.217] esc/room1/images_piano/log {"lvl":"INFO","msg":"BTN idx=2 pin=14 state=RELEASED dt=39ms presses=82"}
[04.12.2025 05:51:01.217] esc/room3/knocking/metric {"t":"INF","up":50390,"df":1,"en":1,"i":0,"avg":56,"max":304,"base":51,"d":5,"thr":1200}
[04.12.2025 05:51:01.218] esc/room3/knocking/metric {"t":"INF","up":50390,"df":1,"en":1,"i":1,"avg":64,"max":267,"base":55,"d":9,"thr":1200}
[04.12.2025 05:51:01.219] esc/room3/knocking/metric {"t":"INF","up":50390,"df":1,"en":1,"i":2,"avg":25,"max":288,"base":16,"d":9,"thr":1200}
[04.12.2025 05:51:01.220] esc/room1/images_piano/log {"lvl":"INFO","msg":"BTN idx=2 pin=14 state=RELEASED dt=42ms presses=82"}
[04.12.2025 05:51:01.220] esc/room1/images_piano/log {"lvl":"INFO","msg":"BTN idx=2 pin=14 state=RELEASED dt=48ms presses=82"}
[04.12.2025 05:51:01.221] esc/room1/images_piano/log {"lvl":"INFO","msg":"BTN idx=2 pin=14 state=RELEASED dt=31ms presses=82"}
[04.12.2025 05:51:01.222] esc/room1/images_piano/log {"lvl":"INFO","msg":"BTN idx=2 pin=14 state=RELEASED dt=38ms presses=82"}
[04.12.2025 05:51:01.223] esc/room1/images_piano/log {"lvl":"INFO","msg":"BTN idx=2 pin=14 state=RELEASED dt=31ms presses=82"}
[04.12.2025 05:51:01.223] esc/room1/images_piano/log {"lvl":"INFO","msg":"BTN idx=2 pin=14 state=RELEASED dt=40ms presses=82"}
[04.12.2025 05:51:01.224] esc/room1/images_piano/log {"lvl":"INFO","msg":"BTN idx=2 pin=14 state=RELEASED dt=31ms presses=82"}
[04.12.2025 05:51:01.225] esc/room1/images_piano/log {"lvl":"INFO","msg":"BTN idx=2 pin=14 state=RELEASED dt=51ms presses=82"}
[04.12.2025 05:51:01.225] esc/room1/images_piano/log {"lvl":"INFO","msg":"BTN idx=2 pin=14 state=RELEASED dt=77ms presses=82"}
[04.12.2025 05:51:01.226] esc/room1/images_piano/metric {"t":"BTN","up":714,"en":1,"i":0,"pin":25,"state":1,"presses":0}
[04.12.2025 05:51:01.227] esc/room1/images_piano/metric {"t":"BTN","up":714,"en":1,"i":1,"pin":26,"state":1,"presses":0}
[04.12.2025 05:51:01.228] esc/room1/images_piano/metric {"t":"BTN","up":714,"en":1,"i":2,"pin":14,"state":1,"presses":82}
[04.12.2025 05:51:01.228] esc/room1/images_piano/metric {"t":"BTN","up":714,"en":1,"i":3,"pin":12,"state":1,"presses":0}
[04.12.2025 05:51:01.229] esc/room1/images_piano/metric {"t":"ALL","up":714,"all_pressed":0}
[04.12.2025 05:51:01.230] esc/room1/images_piano/log {"lvl":"INFO","msg":"BTN idx=2 pin=14 state=RELEASED dt=83ms presses=82"}
[04.12.2025 05:51:01.231] esc/room1/images_piano/log {"lvl":"INFO","msg":"BTN idx=2 pin=14 state=RELEASED dt=48ms presses=82"}
[04.12.2025 05:51:01.231] esc/room1/images_piano/log {"lvl":"INFO","msg":"BTN idx=2 pin=14 state=RELEASED dt=50ms presses=82"}
[04.12.2025 05:51:01.232] esc/room1/images_piano/log {"lvl":"INFO","msg":"BTN idx=2 pin=14 state=RELEASED dt=51ms presses=82"}
[04.12.2025 05:51:01.233] esc/room1/images_piano/log {"lvl":"INFO","msg":"BTN idx=2 pin=14 state=RELEASED dt=71ms presses=82"}
[04.12.2025 05:51:01.233] esc/room1/images_piano/log {"lvl":"INFO","msg":"BTN idx=2 pin=14 state=RELEASED dt=39ms presses=82"}
[04.12.2025 05:51:01.234] esc/room1/images_piano/log {"lvl":"INFO","msg":"BTN idx=2 pin=14 state=RELEASED dt=40ms presses=82"}
[04.12.2025 05:51:01.235] esc/room1/images_piano/log {"lvl":"INFO","msg":"BTN idx=2 pin=14 state=RELEASED dt=49ms presses=82"}
[04.12.2025 05:51:01.236] esc/room1/images_piano/log {"lvl":"INFO","msg":"BTN idx=2 pin=14 state=RELEASED dt=41ms presses=82"}
[04.12.2025 05:51:01.237] esc/room1/images_piano/log {"lvl":"INFO","msg":"BTN idx=2 pin=14 state=RELEASED dt=40ms presses=82"}
[04.12.2025 05:51:01.238] esc/room1/images_piano/log {"lvl":"INFO","msg":"BTN idx=2 pin=14 state=RELEASED dt=30ms presses=82"}
[04.12.2025 05:51:01.239] esc/room1/images_piano/log {"lvl":"INFO","msg":"BTN idx=2 pin=14 state=RELEASED dt=59ms presses=82"}
[04.12.2025 05:51:01.240] esc/room3/knocking/metric {"t":"INF","up":50391,"df":1,"en":1,"i":0,"avg":56,"max":265,"base":51,"d":5,"thr":1200}
[04.12.2025 05:51:01.241] esc/room3/knocking/metric {"t":"INF","up":50391,"df":1,"en":1,"i":1,"avg":64,"max":322,"base":55,"d":9,"thr":1200}
[04.12.2025 05:51:01.243] esc/room3/knocking/metric {"t":"INF","up":50391,"df":1,"en":1,"i":2,"avg":25,"max":273,"base":16,"d":9,"thr":1200}
[04.12.2025 05:51:01.247] esc/room1/images_piano/log {"lvl":"INFO","msg":"BTN idx=2 pin=14 state=RELEASED dt=49ms presses=82"}
[04.12.2025 05:51:01.248] esc/room1/images_piano/log {"lvl":"INFO","msg":"BTN idx=2 pin=14 state=RELEASED dt=71ms presses=82"}
[04.12.2025 05:51:01.248] esc/room1/images_piano/log {"lvl":"INFO","msg":"BTN idx=2 pin=14 state=RELEASED dt=31ms presses=82"}
[04.12.2025 05:51:01.249] esc/room1/images_piano/log {"lvl":"INFO","msg":"BTN idx=2 pin=14 state=RELEASED dt=41ms presses=82"}
[04.12.2025 05:51:01.250] esc/room1/images_piano/log {"lvl":"INFO","msg":"BTN idx=2 pin=14 state=RELEASED dt=68ms presses=82"}
[04.12.2025 05:51:01.251] esc/room1/images_piano/log {"lvl":"INFO","msg":"BTN idx=2 pin=14 state=RELEASED dt=31ms presses=82"}
[04.12.2025 05:51:01.255] esc/room1/images_piano/log {"lvl":"INFO","msg":"BTN idx=2 pin=14 state=RELEASED dt=50ms presses=82"}
[04.12.2025 05:51:01.256] esc/room1/images_piano/log {"lvl":"INFO","msg":"BTN idx=2 pin=14 state=RELEASED dt=50ms presses=82"}
[04.12.2025 05:51:01.257] esc/room1/images_piano/hb {"node":"images_piano","fw":"images_piano_v1.6_4btn_eth_ota_solved_open_edge","ip":"192.168.0.12","uptime":715,"df_ok":false,"enabled":true}
[04.12.2025 05:51:01.258] esc/room1/images_piano/metric {"t":"BTN","up":715,"en":1,"i":0,"pin":25,"state":1,"presses":0}
[04.12.2025 05:51:01.259] esc/room1/images_piano/metric {"t":"BTN","up":715,"en":1,"i":1,"pin":26,"state":1,"presses":0}
[04.12.2025 05:51:01.260] esc/room1/images_piano/metric {"t":"BTN","up":715,"en":1,"i":2,"pin":14,"state":0,"presses":82}
[04.12.2025 05:51:01.260] esc/room1/images_piano/metric {"t":"BTN","up":715,"en":1,"i":3,"pin":12,"state":1,"presses":0}
[04.12.2025 05:51:01.261] esc/room1/images_piano/metric {"t":"ALL","up":715,"all_pressed":0}
[04.12.2025 05:51:01.262] esc/room1/images_piano/log {"lvl":"INFO","msg":"BTN idx=2 pin=14 state=RELEASED dt=31ms presses=82"}
[04.12.2025 05:51:01.263] esc/room1/images_piano/log {"lvl":"INFO","msg":"BTN idx=2 pin=14 state=RELEASED dt=40ms presses=82"}
[04.12.2025 05:51:01.264] esc/room1/images_piano/log {"lvl":"INFO","msg":"BTN idx=2 pin=14 state=RELEASED dt=47ms presses=82"}
[04.12.2025 05:51:01.264] esc/room1/images_piano/log {"lvl":"INFO","msg":"BTN idx=2 pin=14 state=RELEASED dt=32ms presses=82"}
[04.12.2025 05:51:01.265] esc/room1/images_piano/log {"lvl":"INFO","msg":"BTN idx=2 pin=14 state=RELEASED dt=60ms presses=82"}
[04.12.2025 05:51:01.266] esc/room0/maglock_ctrl/hb {"node":"maglock_ctrl","fw":"maglock_ctrl_v11","ip":"192.168.0.11","uptime":50392}
[04.12.2025 05:51:01.267] esc/room1/images_piano/log {"lvl":"INFO","msg":"BTN idx=2 pin=14 state=RELEASED dt=31ms presses=82"}
[04.12.2025 05:51:01.268] esc/room1/images_piano/log {"lvl":"INFO","msg":"BTN idx=2 pin=14 state=RELEASED dt=149ms presses=82"}
[04.12.2025 05:51:01.269] esc/room1/images_piano/log {"lvl":"INFO","msg":"BTN idx=2 pin=14 state=RELEASED dt=40ms presses=82"}
[04.12.2025 05:51:01.269] esc/room1/images_piano/log {"lvl":"INFO","msg":"BTN idx=2 pin=14 state=RELEASED dt=31ms presses=82"}
[04.12.2025 05:51:01.270] esc/room1/images_piano/log {"lvl":"INFO","msg":"BTN idx=2 pin=14 state=RELEASED dt=48ms presses=82"}
[04.12.2025 05:51:01.271] esc/room1/images_piano/log {"lvl":"INFO","msg":"BTN idx=2 pin=14 state=RELEASED dt=31ms presses=82"}
[04.12.2025 05:51:01.272] esc/room1/images_piano/log {"lvl":"INFO","msg":"BTN idx=2 pin=14 state=RELEASED dt=41ms presses=82"}
[04.12.2025 05:51:01.272] esc/room3/knocking/metric {"t":"INF","up":50392,"df":1,"en":1,"i":0,"avg":56,"max":231,"base":51,"d":5,"thr":1200}
[04.12.2025 05:51:01.273] esc/room3/knocking/metric {"t":"INF","up":50392,"df":1,"en":1,"i":1,"avg":64,"max":304,"base":55,"d":9,"thr":1200}
[04.12.2025 05:51:01.274] esc/room3/knocking/metric {"t":"INF","up":50392,"df":1,"en":1,"i":2,"avg":25,"max":298,"base":16,"d":9,"thr":1200}
[04.12.2025 05:51:01.275] esc/room1/images_piano/log {"lvl":"INFO","msg":"BTN idx=2 pin=14 state=RELEASED dt=58ms presses=82"}
[04.12.2025 05:51:01.276] esc/room1/images_piano/log {"lvl":"INFO","msg":"BTN idx=2 pin=14 state=RELEASED dt=60ms presses=82"}
[04.12.2025 05:51:01.277] esc/room1/images_piano/log {"lvl":"INFO","msg":"BTN idx=2 pin=14 state=RELEASED dt=32ms presses=82"}
[04.12.2025 05:51:01.278] esc/room1/images_piano/log {"lvl":"INFO","msg":"BTN idx=2 pin=14 state=RELEASED dt=38ms presses=82"}
[04.12.2025 05:51:01.278] esc/room1/images_piano/log {"lvl":"INFO","msg":"BTN idx=2 pin=14 state=RELEASED dt=40ms presses=82"}
[04.12.2025 05:51:01.279] esc/room1/images_piano/log {"lvl":"INFO","msg":"BTN idx=2 pin=14 state=RELEASED dt=42ms presses=82"}
[04.12.2025 05:51:01.280] esc/room1/images_piano/log {"lvl":"INFO","msg":"BTN idx=2 pin=14 state=RELEASED dt=49ms presses=82"}
[04.12.2025 05:51:01.281] esc/room1/images_piano/log {"lvl":"INFO","msg":"BTN idx=2 pin=14 state=RELEASED dt=31ms presses=82"}
[04.12.2025 05:51:01.281] esc/room1/images_piano/log {"lvl":"INFO","msg":"BTN idx=2 pin=14 state=RELEASED dt=38ms presses=82"}
[04.12.2025 05:51:01.282] esc/room1/images_piano/log {"lvl":"INFO","msg":"BTN idx=2 pin=14 state=RELEASED dt=32ms presses=82"}
[04.12.2025 05:51:01.283] esc/room1/images_piano/metric {"t":"BTN","up":716,"en":1,"i":0,"pin":25,"state":1,"presses":0}
[04.12.2025 05:51:01.284] esc/room1/images_piano/metric {"t":"BTN","up":716,"en":1,"i":1,"pin":26,"state":1,"presses":0}
[04.12.2025 05:51:01.284] esc/room1/images_piano/metric {"t":"BTN","up":716,"en":1,"i":2,"pin":14,"state":0,"presses":82}
[04.12.2025 05:51:01.285] esc/room1/images_piano/metric {"t":"BTN","up":716,"en":1,"i":3,"pin":12,"state":1,"presses":0}
[04.12.2025 05:51:01.286] esc/room1/images_piano/metric {"t":"ALL","up":716,"all_pressed":0}
[04.12.2025 05:51:01.287] esc/room1/images_piano/log {"lvl":"INFO","msg":"BTN idx=2 pin=14 state=RELEASED dt=30ms presses=82"}
[04.12.2025 05:51:01.287] esc/room1/images_piano/log {"lvl":"INFO","msg":"BTN idx=2 pin=14 state=RELEASED dt=60ms presses=82"}
[04.12.2025 05:51:01.288] esc/room1/images_piano/log {"lvl":"INFO","msg":"BTN idx=2 pin=14 state=RELEASED dt=30ms presses=82"}
[04.12.2025 05:51:01.289] esc/room1/images_piano/log {"lvl":"INFO","msg":"BTN idx=2 pin=14 state=RELEASED dt=158ms presses=82"}
[04.12.2025 05:51:01.290] esc/room1/images_piano/log {"lvl":"INFO","msg":"BTN idx=2 pin=14 state=RELEASED dt=52ms presses=82"}
[04.12.2025 05:51:01.290] esc/room1/images_piano/log {"lvl":"INFO","msg":"BTN idx=2 pin=14 state=RELEASED dt=49ms presses=82"}
[04.12.2025 05:51:01.291] esc/room1/images_piano/log {"lvl":"INFO","msg":"BTN idx=2 pin=14 state=RELEASED dt=41ms presses=82"}
[04.12.2025 05:51:01.292] esc/room3/knocking/hb {"node":"knocking","fw":"knocking_v5.11_3piezo_eth_ota_df_seq_timer_log","ip":"192.168.0.14","uptime":50393,"df_ok":true,"enabled":true}
[04.12.2025 05:51:01.293] esc/room1/images_piano/log {"lvl":"INFO","msg":"BTN idx=2 pin=14 state=RELEASED dt=58ms presses=82"}
[04.12.2025 05:51:01.293] esc/room1/images_piano/log {"lvl":"INFO","msg":"BTN idx=2 pin=14 state=RELEASED dt=42ms presses=82"}
[04.12.2025 05:51:01.294] esc/room3/knocking/metric {"t":"INF","up":50393,"df":1,"en":1,"i":0,"avg":56,"max":274,"base":51,"d":5,"thr":1200}
[04.12.2025 05:51:01.295] esc/room3/knocking/metric {"t":"INF","up":50393,"df":1,"en":1,"i":1,"avg":64,"max":289,"base":55,"d":9,"thr":1200}
[04.12.2025 05:51:01.296] esc/room3/knocking/metric {"t":"INF","up":50393,"df":1,"en":1,"i":2,"avg":25,"max":314,"base":16,"d":9,"thr":1200}
[04.12.2025 05:51:01.296] esc/room1/images_piano/log {"lvl":"INFO","msg":"BTN idx=2 pin=14 state=RELEASED dt=139ms presses=82"}
[04.12.2025 05:51:01.297] esc/room1/images_piano/log {"lvl":"INFO","msg":"BTN idx=2 pin=14 state=RELEASED dt=131ms presses=82"}
[04.12.2025 05:51:01.298] esc/room1/images_piano/log {"lvl":"INFO","msg":"BTN idx=2 pin=14 state=RELEASED dt=69ms presses=82"}
[04.12.2025 05:51:01.299] esc/room1/images_piano/log {"lvl":"INFO","msg":"BTN idx=2 pin=14 state=RELEASED dt=58ms presses=82"}
[04.12.2025 05:51:01.299] esc/room1/images_piano/log {"lvl":"INFO","msg":"BTN idx=2 pin=14 state=RELEASED dt=31ms presses=82"}
[04.12.2025 05:51:01.300] esc/room1/images_piano/log {"lvl":"INFO","msg":"BTN idx=2 pin=14 state=RELEASED dt=52ms presses=82"}
[04.12.2025 05:51:01.301] esc/room1/images_piano/metric {"t":"BTN","up":717,"en":1,"i":0,"pin":25,"state":1,"presses":0}
[04.12.2025 05:51:01.302] esc/room1/images_piano/metric {"t":"BTN","up":717,"en":1,"i":1,"pin":26,"state":1,"presses":0}
[04.12.2025 05:51:01.303] esc/room1/images_piano/metric {"t":"BTN","up":717,"en":1,"i":2,"pin":14,"state":0,"presses":82}
[04.12.2025 05:51:01.304] esc/room1/images_piano/metric {"t":"BTN","up":717,"en":1,"i":3,"pin":12,"state":1,"presses":0}
[04.12.2025 05:51:01.304] esc/room1/images_piano/metric {"t":"ALL","up":717,"all_pressed":0}
[04.12.2025 05:51:01.305] esc/room1/images_piano/log {"lvl":"INFO","msg":"BTN idx=2 pin=14 state=RELEASED dt=58ms presses=82"}
[04.12.2025 05:51:01.306] esc/room1/images_piano/log {"lvl":"INFO","msg":"BTN idx=2 pin=14 state=RELEASED dt=32ms presses=82"}
[04.12.2025 05:51:01.307] esc/room1/images_piano/log {"lvl":"INFO","msg":"BTN idx=2 pin=14 state=RELEASED dt=49ms presses=82"}
[04.12.2025 05:51:01.307] esc/room1/images_piano/log {"lvl":"INFO","msg":"BTN idx=2 pin=14 state=RELEASED dt=60ms presses=82"}
[04.12.2025 05:51:01.308] esc/room1/images_piano/log {"lvl":"INFO","msg":"BTN idx=2 pin=14 state=RELEASED dt=59ms presses=82"}
[04.12.2025 05:51:01.309] esc/room1/images_piano/log {"lvl":"INFO","msg":"BTN idx=2 pin=14 state=RELEASED dt=140ms presses=82"}
[04.12.2025 05:51:01.310] esc/room1/images_piano/log {"lvl":"INFO","msg":"BTN idx=2 pin=14 state=RELEASED dt=49ms presses=82"}
[04.12.2025 05:51:01.311] esc/room1/images_piano/log {"lvl":"INFO","msg":"BTN idx=2 pin=14 state=RELEASED dt=40ms presses=82"}
[04.12.2025 05:51:01.312] esc/room1/images_piano/log {"lvl":"INFO","msg":"BTN idx=2 pin=14 state=RELEASED dt=32ms presses=82"}
[04.12.2025 05:51:01.313] esc/room1/images_piano/log {"lvl":"INFO","msg":"BTN idx=2 pin=14 state=RELEASED dt=40ms presses=82"}
[04.12.2025 05:51:01.314] esc/room1/images_piano/log {"lvl":"INFO","msg":"BTN idx=2 pin=14 state=RELEASED dt=30ms presses=82"}
[04.12.2025 05:51:01.315] esc/room3/knocking/metric {"t":"INF","up":50394,"df":1,"en":1,"i":0,"avg":57,"max":271,"base":51,"d":6,"thr":1200}
[04.12.2025 05:51:01.316] esc/room3/knocking/metric {"t":"INF","up":50394,"df":1,"en":1,"i":1,"avg":64,"max":303,"base":55,"d":9,"thr":1200}
[04.12.2025 05:51:01.317] esc/room3/knocking/metric {"t":"INF","up":50394,"df":1,"en":1,"i":2,"avg":25,"max":256,"base":16,"d":9,"thr":1200}
[04.12.2025 05:51:01.317] esc/room1/images_piano/log {"lvl":"INFO","msg":"BTN idx=2 pin=14 state=RELEASED dt=40ms presses=82"}
[04.12.2025 05:51:01.318] esc/room1/images_piano/log {"lvl":"INFO","msg":"BTN idx=2 pin=14 state=RELEASED dt=40ms presses=82"}
[04.12.2025 05:51:01.319] esc/room1/images_piano/log {"lvl":"INFO","msg":"BTN idx=2 pin=14 state=RELEASED dt=38ms presses=82"}
[04.12.2025 05:51:01.320] esc/room1/images_piano/log {"lvl":"INFO","msg":"BTN idx=2 pin=14 state=RELEASED dt=104ms presses=82"}
[04.12.2025 05:51:01.321] esc/room1/images_piano/log {"lvl":"INFO","msg":"BTN idx=2 pin=14 state=RELEASED dt=87ms presses=82"}
[04.12.2025 05:51:01.321] esc/room1/images_piano/log {"lvl":"INFO","msg":"BTN idx=2 pin=14 state=RELEASED dt=30ms presses=82"}
[04.12.2025 05:51:01.322] esc/room1/images_piano/log {"lvl":"INFO","msg":"BTN idx=2 pin=14 state=RELEASED dt=31ms presses=82"}
[04.12.2025 05:51:01.323] esc/room1/images_piano/metric {"t":"BTN","up":718,"en":1,"i":0,"pin":25,"state":1,"presses":0}
[04.12.2025 05:51:01.324] esc/room1/images_piano/metric {"t":"BTN","up":718,"en":1,"i":1,"pin":26,"state":1,"presses":0}
[04.12.2025 05:51:01.325] esc/room1/images_piano/metric {"t":"BTN","up":718,"en":1,"i":2,"pin":14,"state":0,"presses":82}
[04.12.2025 05:51:01.325] esc/room1/images_piano/metric {"t":"BTN","up":718,"en":1,"i":3,"pin":12,"state":1,"presses":0}
[04.12.2025 05:51:01.326] esc/room1/images_piano/metric {"t":"ALL","up":718,"all_pressed":0}
[04.12.2025 05:51:01.327] esc/room1/images_piano/log {"lvl":"INFO","msg":"BTN idx=2 pin=14 state=RELEASED dt=82ms presses=82"}
[04.12.2025 05:51:01.328] esc/room1/images_piano/log {"lvl":"INFO","msg":"BTN idx=2 pin=14 state=RELEASED dt=68ms presses=82"}
[04.12.2025 05:51:01.328] esc/room1/images_piano/log {"lvl":"INFO","msg":"BTN idx=2 pin=14 state=RELEASED dt=30ms presses=82"}
[04.12.2025 05:51:01.329] esc/room1/images_piano/log {"lvl":"INFO","msg":"BTN idx=2 pin=14 state=RELEASED dt=31ms presses=82"}
[04.12.2025 05:51:01.330] esc/room1/images_piano/log {"lvl":"INFO","msg":"BTN idx=2 pin=14 state=RELEASED dt=30ms presses=82"}
[04.12.2025 05:51:01.331] esc/room1/images_piano/log {"lvl":"INFO","msg":"BTN idx=2 pin=14 state=RELEASED dt=37ms presses=82"}
[04.12.2025 05:51:01.333] esc/room1/images_piano/log {"lvl":"INFO","msg":"BTN idx=2 pin=14 state=RELEASED dt=42ms presses=82"}
[04.12.2025 05:51:01.334] esc/room1/images_piano/log {"lvl":"INFO","msg":"BTN idx=2 pin=14 state=RELEASED dt=109ms presses=82"}
[04.12.2025 05:51:01.336] esc/room1/images_piano/log {"lvl":"INFO","msg":"BTN idx=2 pin=14 state=RELEASED dt=31ms presses=82"}
[04.12.2025 05:51:01.338] esc/room1/images_piano/log {"lvl":"INFO","msg":"BTN idx=2 pin=14 state=RELEASED dt=71ms presses=82"}
[04.12.2025 05:51:01.340] esc/room1/images_piano/log {"lvl":"INFO","msg":"BTN idx=2 pin=14 state=RELEASED dt=38ms presses=82"}
[04.12.2025 05:51:01.341] esc/room1/images_piano/log {"lvl":"INFO","msg":"BTN idx=2 pin=14 state=RELEASED dt=73ms presses=82"}
[04.12.2025 05:51:01.342] esc/room3/knocking/metric {"t":"INF","up":50395,"df":1,"en":1,"i":0,"avg":57,"max":266,"base":51,"d":6,"thr":1200}
[04.12.2025 05:51:01.342] esc/room3/knocking/metric {"t":"INF","up":50395,"df":1,"en":1,"i":1,"avg":64,"max":318,"base":55,"d":9,"thr":1200}
[04.12.2025 05:51:01.343] esc/room3/knocking/metric {"t":"INF","up":50395,"df":1,"en":1,"i":2,"avg":25,"max":283,"base":16,"d":9,"thr":1200}
[04.12.2025 05:51:01.344] esc/room1/images_piano/log {"lvl":"INFO","msg":"BTN idx=2 pin=14 state=RELEASED dt=159ms presses=82"}
[04.12.2025 05:51:01.345] esc/room1/images_piano/log {"lvl":"INFO","msg":"BTN idx=2 pin=14 state=RELEASED dt=31ms presses=82"}
[04.12.2025 05:51:01.345] esc/room1/images_piano/log {"lvl":"INFO","msg":"BTN idx=2 pin=14 state=RELEASED dt=39ms presses=82"}
[04.12.2025 05:51:01.346] esc/room1/images_piano/log {"lvl":"INFO","msg":"BTN idx=2 pin=14 state=RELEASED dt=48ms presses=82"}
[04.12.2025 05:51:01.347] esc/room1/images_piano/log {"lvl":"INFO","msg":"BTN idx=2 pin=14 state=RELEASED dt=30ms presses=82"}
[04.12.2025 05:51:01.348] esc/room1/images_piano/log {"lvl":"INFO","msg":"BTN idx=2 pin=14 state=RELEASED dt=52ms presses=82"}
[04.12.2025 05:51:01.349] esc/room1/images_piano/log {"lvl":"INFO","msg":"BTN idx=2 pin=14 state=RELEASED dt=31ms presses=82"}
[04.12.2025 05:51:01.350] esc/room1/images_piano/metric {"t":"BTN","up":719,"en":1,"i":0,"pin":25,"state":1,"presses":0}
[04.12.2025 05:51:01.350] esc/room1/images_piano/metric {"t":"BTN","up":719,"en":1,"i":1,"pin":26,"state":1,"presses":0}
[04.12.2025 05:51:01.351] esc/room1/images_piano/metric {"t":"BTN","up":719,"en":1,"i":2,"pin":14,"state":0,"presses":82}
[04.12.2025 05:51:01.352] esc/room1/images_piano/metric {"t":"BTN","up":719,"en":1,"i":3,"pin":12,"state":1,"presses":0}
[04.12.2025 05:51:01.353] esc/room1/images_piano/metric {"t":"ALL","up":719,"all_pressed":0}
[04.12.2025 05:51:01.353] esc/room1/images_piano/log {"lvl":"INFO","msg":"BTN idx=2 pin=14 state=RELEASED dt=47ms presses=82"}
[04.12.2025 05:51:01.354] esc/room1/images_piano/log {"lvl":"INFO","msg":"BTN idx=2 pin=14 state=RELEASED dt=48ms presses=82"}
[04.12.2025 05:51:01.355] esc/room1/images_piano/log {"lvl":"INFO","msg":"BTN idx=2 pin=14 state=RELEASED dt=33ms presses=82"}
[04.12.2025 05:51:01.355] esc/room1/images_piano/log {"lvl":"INFO","msg":"BTN idx=2 pin=14 state=RELEASED dt=49ms presses=82"}
[04.12.2025 05:51:01.356] esc/room1/images_piano/log {"lvl":"INFO","msg":"BTN idx=2 pin=14 state=RELEASED dt=70ms presses=82"}
[04.12.2025 05:51:01.357] esc/room1/images_piano/log {"lvl":"INFO","msg":"BTN idx=2 pin=14 state=RELEASED dt=51ms presses=82"}
[04.12.2025 05:51:01.358] esc/room1/images_piano/log {"lvl":"INFO","msg":"BTN idx=2 pin=14 state=RELEASED dt=59ms presses=82"}
[04.12.2025 05:51:01.358] esc/room1/images_piano/log {"lvl":"INFO","msg":"BTN idx=2 pin=14 state=RELEASED dt=31ms presses=82"}
[04.12.2025 05:51:01.359] esc/room1/images_piano/log {"lvl":"INFO","msg":"BTN idx=2 pin=14 state=RELEASED dt=32ms presses=82"}
[04.12.2025 05:51:01.360] esc/room1/images_piano/log {"lvl":"INFO","msg":"BTN idx=2 pin=14 state=RELEASED dt=34ms presses=82"}
[04.12.2025 05:51:01.361] esc/room1/images_piano/log {"lvl":"INFO","msg":"BTN idx=2 pin=14 state=RELEASED dt=43ms presses=82"}
[04.12.2025 05:51:01.361] esc/room1/images_piano/log {"lvl":"INFO","msg":"BTN idx=2 pin=14 state=RELEASED dt=70ms presses=82"}
[04.12.2025 05:51:01.362] esc/room1/images_piano/log {"lvl":"INFO","msg":"BTN idx=2 pin=14 state=RELEASED dt=31ms presses=82"}
[04.12.2025 05:51:01.363] esc/room1/images_piano/log {"lvl":"INFO","msg":"BTN idx=2 pin=14 state=RELEASED dt=30ms presses=82"}
[04.12.2025 05:51:01.363] esc/room3/knocking/metric {"t":"INF","up":50396,"df":1,"en":1,"i":0,"avg":57,"max":279,"base":51,"d":6,"thr":1200}
[04.12.2025 05:51:01.364] esc/room3/knocking/metric {"t":"INF","up":50396,"df":1,"en":1,"i":1,"avg":64,"max":307,"base":55,"d":9,"thr":1200}
[04.12.2025 05:51:01.365] esc/room3/knocking/metric {"t":"INF","up":50396,"df":1,"en":1,"i":2,"avg":25,"max":256,"base":16,"d":9,"thr":1200}
[04.12.2025 05:51:01.366] esc/room1/images_piano/log {"lvl":"INFO","msg":"BTN idx=2 pin=14 state=RELEASED dt=30ms presses=82"}
[04.12.2025 05:51:01.366] esc/room1/images_piano/log {"lvl":"INFO","msg":"BTN idx=2 pin=14 state=RELEASED dt=41ms presses=82"}
[04.12.2025 05:51:01.367] esc/room1/images_piano/log {"lvl":"INFO","msg":"BTN idx=2 pin=14 state=RELEASED dt=68ms presses=82"}
[04.12.2025 05:51:01.368] esc/room1/images_piano/log {"lvl":"INFO","msg":"BTN idx=2 pin=14 state=RELEASED dt=31ms presses=82"}
[04.12.2025 05:51:01.369] esc/room1/images_piano/log {"lvl":"INFO","msg":"BTN idx=2 pin=14 state=RELEASED dt=58ms presses=82"}
[04.12.2025 05:51:01.369] esc/room1/images_piano/log {"lvl":"INFO","msg":"BTN idx=2 pin=14 state=RELEASED dt=30ms presses=82"}
[04.12.2025 05:51:01.372] esc/room1/images_piano/log {"lvl":"INFO","msg":"BTN idx=2 pin=14 state=RELEASED dt=42ms presses=82"}
[04.12.2025 05:51:01.374] esc/room1/images_piano/log {"lvl":"INFO","msg":"BTN idx=2 pin=14 state=RELEASED dt=31ms presses=82"}
[04.12.2025 05:51:01.375] esc/room1/images_piano/hb {"node":"images_piano","fw":"images_piano_v1.6_4btn_eth_ota_solved_open_edge","ip":"192.168.0.12","uptime":720,"df_ok":false,"enabled":true}
[04.12.2025 05:51:01.376] esc/room1/images_piano/metric {"t":"BTN","up":720,"en":1,"i":0,"pin":25,"state":1,"presses":0}
[04.12.2025 05:51:01.377] esc/room1/images_piano/metric {"t":"BTN","up":720,"en":1,"i":1,"pin":26,"state":1,"presses":0}
[04.12.2025 05:51:01.378] esc/room1/images_piano/metric {"t":"BTN","up":720,"en":1,"i":2,"pin":14,"state":0,"presses":82}
[04.12.2025 05:51:01.379] esc/room1/images_piano/metric {"t":"BTN","up":720,"en":1,"i":3,"pin":12,"state":1,"presses":0}
[04.12.2025 05:51:01.380] esc/room1/images_piano/metric {"t":"ALL","up":720,"all_pressed":0}
[04.12.2025 05:51:01.380] esc/room1/images_piano/log {"lvl":"INFO","msg":"BTN idx=2 pin=14 state=RELEASED dt=109ms presses=82"}
[04.12.2025 05:51:01.381] esc/room1/images_piano/log {"lvl":"INFO","msg":"BTN idx=2 pin=14 state=RELEASED dt=80ms presses=82"}
[04.12.2025 05:51:01.382] esc/room1/images_piano/log {"lvl":"INFO","msg":"BTN idx=2 pin=14 state=RELEASED dt=69ms presses=82"}
[04.12.2025 05:51:01.383] esc/room0/maglock_ctrl/hb {"node":"maglock_ctrl","fw":"maglock_ctrl_v11","ip":"192.168.0.11","uptime":50397}
[04.12.2025 05:51:01.384] esc/room1/images_piano/log {"lvl":"INFO","msg":"BTN idx=2 pin=14 state=RELEASED dt=50ms presses=82"}
[04.12.2025 05:51:01.384] esc/room1/images_piano/log {"lvl":"INFO","msg":"BTN idx=2 pin=14 state=PRESSED dt=30ms presses=82"}
[04.12.2025 05:51:01.385] esc/room1/images_piano/log {"lvl":"INFO","msg":"BTN idx=2 pin=14 state=RELEASED dt=30ms presses=83"}
[04.12.2025 05:51:01.386] esc/room1/images_piano/log {"lvl":"INFO","msg":"BTN idx=2 pin=14 state=RELEASED dt=42ms presses=83"}
[04.12.2025 05:51:01.387] esc/room1/images_piano/log {"lvl":"INFO","msg":"BTN idx=2 pin=14 state=RELEASED dt=68ms presses=83"}
[04.12.2025 05:51:01.387] esc/room1/images_piano/log {"lvl":"INFO","msg":"BTN idx=2 pin=14 state=RELEASED dt=32ms presses=83"}
[04.12.2025 05:51:01.388] esc/room1/images_piano/log {"lvl":"INFO","msg":"BTN idx=2 pin=14 state=RELEASED dt=48ms presses=83"}
[04.12.2025 05:51:01.389] esc/room1/images_piano/log {"lvl":"INFO","msg":"BTN idx=2 pin=14 state=RELEASED dt=59ms presses=83"}
[04.12.2025 05:51:01.389] esc/room1/images_piano/log {"lvl":"INFO","msg":"BTN idx=2 pin=14 state=RELEASED dt=41ms presses=83"}
[04.12.2025 05:51:01.390] esc/room3/knocking/metric {"t":"INF","up":50397,"df":1,"en":1,"i":0,"avg":57,"max":237,"base":51,"d":6,"thr":1200}
[04.12.2025 05:51:01.391] esc/room3/knocking/metric {"t":"INF","up":50397,"df":1,"en":1,"i":1,"avg":64,"max":305,"base":55,"d":9,"thr":1200}
[04.12.2025 05:51:01.392] esc/room3/knocking/metric {"t":"INF","up":50397,"df":1,"en":1,"i":2,"avg":25,"max":285,"base":16,"d":9,"thr":1200}
[04.12.2025 05:51:01.392] esc/room1/images_piano/log {"lvl":"INFO","msg":"BTN idx=2 pin=14 state=RELEASED dt=91ms presses=83"}
[04.12.2025 05:51:01.393] esc/room1/images_piano/log {"lvl":"INFO","msg":"BTN idx=2 pin=14 state=RELEASED dt=49ms presses=83"}
[04.12.2025 05:51:01.394] esc/room1/images_piano/log {"lvl":"INFO","msg":"BTN idx=2 pin=14 state=RELEASED dt=32ms presses=83"}
[04.12.2025 05:51:01.395] esc/room1/images_piano/log {"lvl":"INFO","msg":"BTN idx=2 pin=14 state=RELEASED dt=58ms presses=83"}
[04.12.2025 05:51:01.395] esc/room1/images_piano/log {"lvl":"INFO","msg":"BTN idx=2 pin=14 state=RELEASED dt=102ms presses=83"}
[04.12.2025 05:51:01.396] esc/room1/images_piano/metric {"t":"BTN","up":721,"en":1,"i":0,"pin":25,"state":1,"presses":0}
[04.12.2025 05:51:01.397] esc/room1/images_piano/metric {"t":"BTN","up":721,"en":1,"i":1,"pin":26,"state":1,"presses":0}
[04.12.2025 05:51:01.397] esc/room1/images_piano/metric {"t":"BTN","up":721,"en":1,"i":2,"pin":14,"state":0,"presses":83}
[04.12.2025 05:51:01.398] esc/room1/images_piano/metric {"t":"BTN","up":721,"en":1,"i":3,"pin":12,"state":1,"presses":0}
[04.12.2025 05:51:01.399] esc/room1/images_piano/metric {"t":"ALL","up":721,"all_pressed":0}
[04.12.2025 05:51:01.400] esc/room1/images_piano/log {"lvl":"INFO","msg":"BTN idx=2 pin=14 state=RELEASED dt=70ms presses=83"}
[04.12.2025 05:51:01.400] esc/room1/images_piano/log {"lvl":"INFO","msg":"BTN idx=2 pin=14 state=RELEASED dt=40ms presses=83"}
[04.12.2025 05:51:01.401] esc/room1/images_piano/log {"lvl":"INFO","msg":"BTN idx=2 pin=14 state=RELEASED dt=30ms presses=83"}
[04.12.2025 05:51:01.402] esc/room1/images_piano/log {"lvl":"INFO","msg":"BTN idx=2 pin=14 state=RELEASED dt=30ms presses=83"}
[04.12.2025 05:51:01.403] esc/room1/images_piano/log {"lvl":"INFO","msg":"BTN idx=2 pin=14 state=RELEASED dt=40ms presses=83"}
[04.12.2025 05:51:01.403] esc/room1/images_piano/log {"lvl":"INFO","msg":"BTN idx=2 pin=14 state=RELEASED dt=79ms presses=83"}
[04.12.2025 05:51:01.404] esc/room1/images_piano/log {"lvl":"INFO","msg":"BTN idx=2 pin=14 state=RELEASED dt=50ms presses=83"}
[04.12.2025 05:51:01.405] esc/room1/images_piano/log {"lvl":"INFO","msg":"BTN idx=2 pin=14 state=RELEASED dt=51ms presses=83"}
[04.12.2025 05:51:01.405] esc/room1/images_piano/log {"lvl":"INFO","msg":"BTN idx=2 pin=14 state=RELEASED dt=76ms presses=83"}
[04.12.2025 05:51:01.406] esc/room3/knocking/hb {"node":"knocking","fw":"knocking_v5.11_3piezo_eth_ota_df_seq_timer_log","ip":"192.168.0.14","uptime":50398,"df_ok":true,"enabled":true}
[04.12.2025 05:51:01.407] esc/room1/images_piano/log {"lvl":"INFO","msg":"BTN idx=2 pin=14 state=RELEASED dt=73ms presses=83"}
[04.12.2025 05:51:01.408] esc/room1/images_piano/log {"lvl":"INFO","msg":"BTN idx=2 pin=14 state=RELEASED dt=38ms presses=83"}
[04.12.2025 05:51:01.408] esc/room1/images_piano/log {"lvl":"INFO","msg":"BTN idx=2 pin=14 state=RELEASED dt=43ms presses=83"}
[04.12.2025 05:51:01.409] esc/room1/images_piano/log {"lvl":"INFO","msg":"BTN idx=2 pin=14 state=RELEASED dt=40ms presses=83"}
[04.12.2025 05:51:01.410] esc/room3/knocking/metric {"t":"INF","up":50398,"df":1,"en":1,"i":0,"avg":57,"max":273,"base":51,"d":6,"thr":1200}
[04.12.2025 05:51:01.410] esc/room3/knocking/metric {"t":"INF","up":50398,"df":1,"en":1,"i":1,"avg":64,"max":298,"base":55,"d":9,"thr":1200}
[04.12.2025 05:51:01.411] esc/room3/knocking/metric {"t":"INF","up":50398,"df":1,"en":1,"i":2,"avg":25,"max":272,"base":16,"d":9,"thr":1200}
[04.12.2025 05:51:01.412] esc/room1/images_piano/log {"lvl":"INFO","msg":"BTN idx=2 pin=14 state=RELEASED dt=40ms presses=83"}
[04.12.2025 05:51:01.413] esc/room1/images_piano/log {"lvl":"INFO","msg":"BTN idx=2 pin=14 state=RELEASED dt=49ms presses=83"}
[04.12.2025 05:51:01.413] esc/room1/images_piano/log {"lvl":"INFO","msg":"BTN idx=2 pin=14 state=RELEASED dt=31ms presses=83"}
[04.12.2025 05:51:01.414] esc/room1/images_piano/log {"lvl":"INFO","msg":"BTN idx=2 pin=14 state=RELEASED dt=58ms presses=83"}
[04.12.2025 05:51:01.415] esc/room1/images_piano/log {"lvl":"INFO","msg":"BTN idx=2 pin=14 state=RELEASED dt=152ms presses=83"}
[04.12.2025 05:51:01.416] esc/room1/images_piano/log {"lvl":"INFO","msg":"BTN idx=2 pin=14 state=RELEASED dt=50ms presses=83"}
[04.12.2025 05:51:01.416] esc/room1/images_piano/metric {"t":"BTN","up":722,"en":1,"i":0,"pin":25,"state":1,"presses":0}
[04.12.2025 05:51:01.417] esc/room1/images_piano/metric {"t":"BTN","up":722,"en":1,"i":1,"pin":26,"state":1,"presses":0}
[04.12.2025 05:51:01.418] esc/room1/images_piano/metric {"t":"BTN","up":722,"en":1,"i":2,"pin":14,"state":0,"presses":83}
[04.12.2025 05:51:01.419] esc/room1/images_piano/metric {"t":"BTN","up":722,"en":1,"i":3,"pin":12,"state":1,"presses":0}
[04.12.2025 05:51:01.420] esc/room1/images_piano/metric {"t":"ALL","up":722,"all_pressed":0}
[04.12.2025 05:51:01.420] esc/room1/images_piano/log {"lvl":"INFO","msg":"BTN idx=2 pin=14 state=RELEASED dt=30ms presses=83"}
[04.12.2025 05:51:01.421] esc/room1/images_piano/log {"lvl":"INFO","msg":"BTN idx=2 pin=14 state=RELEASED dt=59ms presses=83"}
[04.12.2025 05:51:01.422] esc/room1/images_piano/log {"lvl":"INFO","msg":"BTN idx=2 pin=14 state=RELEASED dt=39ms presses=83"}
[04.12.2025 05:51:01.423] esc/room1/images_piano/log {"lvl":"INFO","msg":"BTN idx=2 pin=14 state=RELEASED dt=41ms presses=83"}
[04.12.2025 05:51:01.423] esc/room1/images_piano/log {"lvl":"INFO","msg":"BTN idx=2 pin=14 state=RELEASED dt=71ms presses=83"}
[04.12.2025 05:51:01.424] esc/room1/images_piano/log {"lvl":"INFO","msg":"BTN idx=2 pin=14 state=PRESSED dt=30ms presses=83"}
[04.12.2025 05:51:01.425] esc/room1/images_piano/log {"lvl":"INFO","msg":"BTN idx=2 pin=14 state=RELEASED dt=61ms presses=84"}
[04.12.2025 05:51:01.426] esc/room1/images_piano/log {"lvl":"INFO","msg":"BTN idx=2 pin=14 state=RELEASED dt=39ms presses=84"}
[04.12.2025 05:51:01.426] esc/room1/images_piano/log {"lvl":"INFO","msg":"BTN idx=2 pin=14 state=RELEASED dt=69ms presses=84"}
[04.12.2025 05:51:01.427] esc/room1/images_piano/log {"lvl":"INFO","msg":"BTN idx=2 pin=14 state=RELEASED dt=52ms presses=84"}
[04.12.2025 05:51:01.428] esc/room1/images_piano/log {"lvl":"INFO","msg":"BTN idx=2 pin=14 state=RELEASED dt=49ms presses=84"}
[04.12.2025 05:51:01.429] esc/room1/images_piano/log {"lvl":"INFO","msg":"BTN idx=2 pin=14 state=RELEASED dt=58ms presses=84"}
[04.12.2025 05:51:01.430] esc/room3/knocking/metric {"t":"INF","up":50399,"df":1,"en":1,"i":0,"avg":57,"max":257,"base":51,"d":6,"thr":1200}
[04.12.2025 05:51:01.431] esc/room3/knocking/metric {"t":"INF","up":50399,"df":1,"en":1,"i":1,"avg":64,"max":318,"base":55,"d":9,"thr":1200}
[04.12.2025 05:51:01.432] esc/room3/knocking/metric {"t":"INF","up":50399,"df":1,"en":1,"i":2,"avg":25,"max":293,"base":16,"d":9,"thr":1200}
[04.12.2025 05:51:01.433] esc/room1/images_piano/log {"lvl":"INFO","msg":"BTN idx=2 pin=14 state=RELEASED dt=53ms presses=84"}
