--- Terminal on COM3 | 115200 8-N-1
--- Available filters and text transformations: colorize, debug, default, direct, esp32_exception_decoder, hexlify, log2file, nocontrol, printable, send_on_enter, time
--- More details at https://bit.ly/pio-monitor-filters
--- Quit: Ctrl+C | Menu: Ctrl+T | Help: Ctrl+T followed by Ctrl+H
21:46

rst:0x1 (POWERON_RESET),boot:0x13 (SPI_FAST_FLASH_BOOT)
configsip: 0, SPIWP:0xee
clk_drv:0x00,q_drv:0x00,d_drv:0x00,cs0_drv:0x00,hd_drv:0x00,wp_drv:0x00
mode:DIO, clock div:2
load:0x3fff0030,len:1184
load:0x40078000,len:13232
load:0x40080400,len:3028
entry 0x400805e4

Boot...
HEAP[before_alloc]: free=306264 min=300764
HEAP[after_alloc]: free=282600 min=281228

ESP32+INMP441 Continuous Features -> Enter-to-Capture CSV (dump-per-rep, log128 bins)
#SESSION,ver=7,build=Dec 18 2025 10:42:43,git_rev=unknown,mic_model=INMP441,mic_channel=R,window=hann
FS=48000 N_FFT=1024 HOP=256 (5.33 ms/frame)
Bins: 128 log bins from 50.0..3500.0 Hz
Defaults: pre=60ms lead=150ms (stored pre=210ms) post=400ms end=A7
SPIFFS: total=1318001 used=111444 free=1206557
Commands:
  help
  fsinfo
  purge                      delete all /raw_* files from SPIFFS
  pre <ms>           (default 60; stored pre is pre+lead)
  post <ms>          (default 400)
  lead <ms>          (default 150)
  end <key>          (default A7)
  start <key> <reps> (clean keys; dumps each rep immediately)
  stop
  redo               (NOT supported in dump-per-rep mode)

Collecting: press key + hit Enter (empty line) to capture.
> purge
PURGE: removed 0 files under /raw_*
SPIFFS: total=1318001 used=111444 free=1206557
> fsinfo
SPIFFS: total=1318001 used=111444 free=1206557
> start c4 3
START: from C4 -> end reps/key=3 pre=60 lead=150 post=400 (stored_pre=210) bands=log128
PRESS C4  rep 1/3  then hit Enter
> 
> 
> OK: captured /raw_clean_C4_r01_72381.csv  (rows=115 onset_ms=-1 clip=0.0000 snr=1.940)
----- BEGIN /raw_clean_C4_r01_72381.csv (150242 bytes) -----
#FW,ver=7,build=Dec 18 2025 10:42:43,git_rev=unknown,mic_model=INMP441,mic_channel=R,window=hann
#META,type=keypress,mode=clean,key=C4,rep=1,fs_hz=48000,hop=256,n_fft=1024,fmin=50.0,fmax=3500.0,pre_ms=60,lead_ms=150,post_ms=400,stored_pre_ms=210,ms_per_frame=5.33333,t_ms=72381,bands=log128
#DIAG,onset_ms=-1,onset_idx=-1,baseline_rms_mean=0.000096,baseline_rms_std=0.000024,baseline_flux_mean=0.209499,baseline_flux_std=0.058931,onset_thr_rms=0.000169,onset_thr_flux=0.445223,clip_frac=0.000000,snr_proxy=1.940428                 
     
ms_from_event,rms,flux,centroid_hz,spread_hz,rolloff85_hz,flatness,zcr,peak_hz,peak_mag,peak_ratio,b000,b001,b002,b003,b004,b005,b006,b007,b008,b009,b010,b011,b012,b013,b014,b015,b016,b017,b018,b019,b020,b021,b022,b023,b024,b025,b026,b027,b028,b029,b030,b031,b032,b033,b034,b035,b036,b037,b038,b039,b040,b041,b042,b043,b044,b045,b046,b047,b048,b049,b050,b051,b052,b053,b054,b055,b056,b057,b058,b059,b060,b061,b062,b063,b064,b065,b066,b067,b068,b069,b070,b071,b072,b073,b074,b075,b076,b077,b078,b079,b080,b081,b082,b083,b084,b085,b086,b087,b088,b089,b090,b091,b092,b093,b094,b095,b096,b097,b098,b099,b100,b101,b102,b103,b104,b105,b106,b107,b108,b109,b110,b111,b112,b113,b114,b115,b116,b117,b118,b119,b120,b121,b122,b123,b124,b125,b126,b127
-208,0.000105,0.153552,1179.54,1120.42,2812.50,0.639410,0.117647,234.38,0.035053,11.7876,-2.394530,0.000000,0.000000,0.000000,0.000000,0.000000,0.000000,0.000000,0.000000,0.000000,0.000000,0.000000,0.000000,0.000000,0.000000,0.000000,0.000000,0.000000,-2.190553,0.000000,0.000000,0.000000,0.000000,0.000000,0.000000,0.000000,0.000000,0.000000,0.000000,0.000000,0.000000,-2.253869,0.000000,0.000000,0.000000,0.000000,0.000000,0.000000,0.000000,-1.744207,0.000000,0.000000,0.000000,0.000000,0.000000,0.000000,-1.455276,0.000000,0.000000,0.000000,0.000000,0.000000,-2.047583,0.000000,0.000000,0.000000,-1.908631,0.000000,0.000000,0.000000,-2.204187,0.000000,0.000000,0.000000,-2.528573,0.000000,0.000000,-2.438455,0.000000,0.000000,-2.507046,0.000000,-2.537194,0.000000,0.000000,-2.700711,0.000000,-2.897706,0.000000,-2.372278,0.000000,-2.312649,0.000000,-2.683027,0.000000,-3.070971,-2.617918,0.000000,-2.683093,-2.728233,0.000000,-2.875504,-2.533068,-2.814456,0.000000,-2.612215,-2.513329,-3.188874,-3.765453,-3.184089,-3.492851,-2.837007,-3.495070,-2.626775,-2.560125,-2.442204,-5.831085,-2.821447,-3.471732,-6.019925,-2.692273,-3.178852,-6.163083,-2.700289,-5.739570,-5.415570,-2.757696,-5.432686,-5.484924,-5.895354,-5.749288,-5.647560,-5.551671,-5.144262,-5.417170,-5.403161,-7.514593,-8.819365
-203,0.000120,0.282166,1026.95,1063.76,2531.25,0.549353,0.125490,234.38,0.046691,13.5362,-2.390071,0.000000,0.000000,0.000000,0.000000,0.000000,0.000000,0.000000,0.000000,0.000000,0.000000,0.000000,0.000000,0.000000,0.000000,0.000000,0.000000,0.000000,-2.315376,0.000000,0.000000,0.000000,0.000000,0.000000,0.000000,0.000000,0.000000,0.000000,0.000000,0.000000,0.000000,-2.073014,0.000000,0.000000,0.000000,0.000000,0.000000,0.000000,0.000000,-1.464587,0.000000,0.000000,0.000000,0.000000,0.000000,0.000000,-1.330768,0.000000,0.000000,0.000000,0.000000,0.000000,-1.708414,0.000000,0.000000,0.000000,-2.228251,0.000000,0.000000,0.000000,-2.648402,0.000000,0.000000,0.000000,-2.442992,0.000000,0.000000,-2.372073,0.000000,0.000000,-2.684661,0.000000,-2.207164,0.000000,0.000000,-2.277283,0.000000,-2.463956,0.000000,-2.917644,0.000000,-2.527092,0.000000,-2.413957,0.000000,-2.592169,-2.795646,0.000000,-2.949550,-2.623276,0.000000,-2.594111,-2.708439,-2.815998,0.000000,-2.466774,-2.509590,-2.951437,-3.573371,-3.482658,-3.238795,-2.734994,-2.588417,-2.655859,-2.567247,-2.524571,-5.586523,-3.511801,-2.923264,-5.959970,-2.598060,-2.973858,-6.151340,-2.856151,-6.413431,-5.835343,-2.836663,-5.182790,-5.465855,-5.425588,-6.285039,-7.047947,-5.037169,-5.269919,-6.081308,-5.393661,-8.041700,-8.465050
-197,0.000117,0.313099,914.89,1036.40,2484.38,0.515537,0.109804,234.38,0.067720,14.6607,-2.116746,0.000000,0.000000,0.000000,0.000000,0.000000,0.000000,0.000000,0.000000,0.000000,0.000000,0.000000,0.000000,0.000000,0.000000,0.000000,0.000000,0.000000,-2.134070,0.000000,0.000000,0.000000,0.000000,0.000000,0.000000,0.000000,0.000000,0.000000,0.000000,0.000000,0.000000,-1.852783,0.000000,0.000000,0.000000,0.000000,0.000000,0.000000,0.000000,-1.292722,0.000000,0.000000,0.000000,0.000000,0.000000,0.000000,-1.169283,0.000000,0.000000,0.000000,0.000000,0.000000,-1.598742,0.000000,0.000000,0.000000,-2.033164,0.000000,0.000000,0.000000,-2.234581,0.000000,0.000000,0.000000,-2.088621,0.000000,0.000000,-1.995621,0.000000,0.000000,-2.123608,0.000000,-2.132123,0.000000,0.000000,-2.368014,0.000000,-2.761449,0.000000,-2.853473,0.000000,-2.500902,0.000000,-2.385539,0.000000,-2.562992,-2.864352,0.000000,-2.703994,-2.466542,0.000000,-2.660807,-3.113309,-2.990183,0.000000,-2.548918,-2.675452,-3.375476,-3.094822,-3.067463,-3.011201,-2.572475,-2.594204,-2.807464,-2.695940,-2.739079,-5.884795,-2.715258,-2.589306,-5.262368,-2.607056,-2.883647,-5.609268,-3.462117,-5.687742,-5.819646,-3.205417,-5.793060,-5.210737,-4.943166,-5.770818,-5.518702,-5.618710,-5.541056,-5.190313,-4.877815,-8.035027,-8.326250
-192,0.000067,0.205011,988.33,1080.46,2578.12,0.508082,0.215686,234.38,0.069839,14.2515,-2.129322,0.000000,0.000000,0.000000,0.000000,0.000000,0.000000,0.000000,0.000000,0.000000,0.000000,0.000000,0.000000,0.000000,0.000000,0.000000,0.000000,0.000000,-2.481491,0.000000,0.000000,0.000000,0.000000,0.000000,0.000000,0.000000,0.000000,0.000000,0.000000,0.000000,0.000000,-2.258673,0.000000,0.000000,0.000000,0.000000,0.000000,0.000000,0.000000,-1.387906,0.000000,0.000000,0.000000,0.000000,0.000000,0.000000,-1.155899,0.000000,0.000000,0.000000,0.000000,0.000000,-1.290631,0.000000,0.000000,0.000000,-1.786522,0.000000,0.000000,0.000000,-2.469985,0.000000,0.000000,0.000000,-2.104044,0.000000,0.000000,-1.911507,0.000000,0.000000,-2.005938,0.000000,-2.531587,0.000000,0.000000,-2.667130,0.000000,-2.730493,0.000000,-2.793365,0.000000,-2.477232,0.000000,-2.552421,0.000000,-3.105946,-2.550949,0.000000,-2.536585,-2.712289,0.000000,-2.987232,-3.511020,-3.070389,0.000000,-2.636638,-2.918468,-3.167548,-2.939939,-2.945139,-2.642936,-2.442872,-2.697072,-2.592356,-2.470700,-3.131576,-5.860833,-2.781453,-2.542578,-5.326624,-2.927543,-2.657614,-5.107162,-3.025450,-6.281385,-5.567070,-2.712828,-5.191686,-5.135675,-5.356065,-4.922304,-6.126442,-5.392354,-5.288743,-5.056806,-4.833822,-7.418892,-7.979812
-187,0.000057,0.145936,1048.06,1082.25,2671.88,0.547471,0.356863,281.25,0.048741,12.0352,-2.109128,0.000000,0.000000,0.000000,0.000000,0.000000,0.000000,0.000000,0.000000,0.000000,0.000000,0.000000,0.000000,0.000000,0.000000,0.000000,0.000000,0.000000,-2.299289,0.000000,0.000000,0.000000,0.000000,0.000000,0.000000,0.000000,0.000000,0.000000,0.000000,0.000000,0.000000,-1.900894,0.000000,0.000000,0.000000,0.000000,0.000000,0.000000,0.000000,-1.687320,0.000000,0.000000,0.000000,0.000000,0.000000,0.000000,-1.491533,0.000000,0.000000,0.000000,0.000000,0.000000,-1.312102,0.000000,0.000000,0.000000,-1.562800,0.000000,0.000000,0.000000,-2.199493,0.000000,0.000000,0.000000,-2.841725,0.000000,0.000000,-2.106664,0.000000,0.000000,-2.312611,0.000000,-2.706761,0.000000,0.000000,-2.569534,0.000000,-2.491439,0.000000,-2.519651,0.000000,-2.581611,0.000000,-2.721702,0.000000,-2.911155,-2.628792,0.000000,-2.717399,-3.465174,0.000000,-3.183156,-3.137735,-2.803144,0.000000,-2.854447,-2.961295,-3.015445,-2.990963,-3.413864,-2.709056,-2.592033,-2.584986,-2.548828,-2.500552,-2.511606,-5.450693,-3.138762,-2.829307,-5.961065,-2.610873,-2.409159,-5.489262,-2.931175,-5.629140,-5.457116,-3.181316,-5.042828,-5.961156,-5.492091,-4.969510,-5.436191,-5.061738,-5.241081,-5.030920,-6.605639,-7.880163,-8.311600
-181,0.000078,0.121803,1266.29,1133.61,2859.38,0.657807,0.250980,328.12,0.027454,9.4575,-2.341360,0.000000,0.000000,0.000000,0.000000,0.000000,0.000000,0.000000,0.000000,0.000000,0.000000,0.000000,0.000000,0.000000,0.000000,0.000000,0.000000,0.000000,-2.258605,0.000000,0.000000,0.000000,0.000000,0.000000,0.000000,0.000000,0.000000,0.000000,0.000000,0.000000,0.000000,-2.044083,0.000000,0.000000,0.000000,0.000000,0.000000,0.000000,0.000000,-2.140707,0.000000,0.000000,0.000000,0.000000,0.000000,0.000000,-1.950370,0.000000,0.000000,0.000000,0.000000,0.000000,-1.695307,0.000000,0.000000,0.000000,-1.561393,0.000000,0.000000,0.000000,-2.403163,0.000000,0.000000,0.000000,-2.089108,0.000000,0.000000,-2.332448,0.000000,0.000000,-2.840774,0.000000,-2.856040,0.000000,0.000000,-2.563347,0.000000,-2.607367,0.000000,-2.822289,0.000000,-2.698467,0.000000,-2.890595,0.000000,-2.780794,-2.713953,0.000000,-2.972067,-2.924427,0.000000,-3.145196,-2.965492,-2.920245,0.000000,-3.090477,-2.976449,-2.651637,-2.868786,-2.706363,-2.782422,-3.185953,-3.121041,-2.920163,-2.854381,-2.536216,-5.510849,-3.083121,-3.379348,-6.263730,-2.922084,-2.511192,-5.787539,-3.459450,-5.149004,-5.815142,-2.735924,-5.045709,-5.395345,-5.411697,-6.092415,-5.045943,-5.336586,-4.925683,-4.969586,-6.046651,-8.144584,-8.687313
-176,0.000087,0.229766,1241.58,1110.08,2812.50,0.651203,0.152941,328.12,0.034054,11.1250,-2.549872,0.000000,0.000000,0.000000,0.000000,0.000000,0.000000,0.000000,0.000000,0.000000,0.000000,0.000000,0.000000,0.000000,0.000000,0.000000,0.000000,0.000000,-2.401567,0.000000,0.000000,0.000000,0.000000,0.000000,0.000000,0.000000,0.000000,0.000000,0.000000,0.000000,0.000000,-2.069446,0.000000,0.000000,0.000000,0.000000,0.000000,0.000000,0.000000,-2.295020,0.000000,0.000000,0.000000,0.000000,0.000000,0.000000,-2.082997,0.000000,0.000000,0.000000,0.000000,0.000000,-1.774585,0.000000,0.000000,0.000000,-1.467830,0.000000,0.000000,0.000000,-1.707613,0.000000,0.000000,0.000000,-2.431539,0.000000,0.000000,-2.496214,0.000000,0.000000,-2.634969,0.000000,-2.682322,0.000000,0.000000,-2.926911,0.000000,-2.535921,0.000000,-2.443923,0.000000,-2.503359,0.000000,-3.505629,0.000000,-2.527294,-2.533195,0.000000,-2.826809,-2.948611,0.000000,-2.998361,-2.702396,-3.145934,0.000000,-3.034488,-2.951065,-2.603868,-2.558708,-2.533180,-2.595353,-2.715517,-2.678233,-2.981658,-3.011147,-2.682898,-5.687901,-3.376395,-2.977884,-6.232573,-3.257215,-2.706401,-5.861649,-3.340235,-5.420846,-5.371452,-2.991230,-5.611753,-5.129253,-5.853182,-4.987453,-5.056072,-4.881321,-5.751682,-5.493882,-5.429321,-8.117236,-8.457525
-171,0.000088,0.275030,1099.91,1059.54,2671.88,0.599977,0.184314,328.12,0.045846,12.4824,-2.444486,0.000000,0.000000,0.000000,0.000000,0.000000,0.000000,0.000000,0.000000,0.000000,0.000000,0.000000,0.000000,0.000000,0.000000,0.000000,0.000000,0.000000,-2.206079,0.000000,0.000000,0.000000,0.000000,0.000000,0.000000,0.000000,0.000000,0.000000,0.000000,0.000000,0.000000,-1.950136,0.000000,0.000000,0.000000,0.000000,0.000000,0.000000,0.000000,-1.959725,0.000000,0.000000,0.000000,0.000000,0.000000,0.000000,-2.112555,0.000000,0.000000,0.000000,0.000000,0.000000,-1.559201,0.000000,0.000000,0.000000,-1.338698,0.000000,0.000000,0.000000,-1.660583,0.000000,0.000000,0.000000,-2.631687,0.000000,0.000000,-2.558154,0.000000,0.000000,-2.447805,0.000000,-2.524835,0.000000,0.000000,-2.485868,0.000000,-3.055020,0.000000,-2.542693,0.000000,-2.424531,0.000000,-2.441050,0.000000,-2.435401,-2.724483,0.000000,-2.492752,-2.674682,0.000000,-2.936208,-2.611991,-2.520619,0.000000,-2.663371,-2.691694,-3.015634,-2.869906,-2.956057,-2.690999,-2.494138,-2.535033,-3.015659,-3.338842,-2.750434,-4.963152,-2.655357,-2.749750,-6.334094,-2.807466,-2.772626,-6.347005,-3.017365,-6.341477,-5.555061,-2.983374,-5.831136,-5.112393,-5.101658,-5.002748,-5.776187,-4.995138,-5.091202,-4.762766,-5.889844,-9.092826,-8.321135
-165,0.000090,0.182442,1028.83,1031.77,2437.50,0.552715,0.168627,328.12,0.043754,11.6294,-2.462811,0.000000,0.000000,0.000000,0.000000,0.000000,0.000000,0.000000,0.000000,0.000000,0.000000,0.000000,0.000000,0.000000,0.000000,0.000000,0.000000,0.000000,-2.538625,0.000000,0.000000,0.000000,0.000000,0.000000,0.000000,0.000000,0.000000,0.000000,0.000000,0.000000,0.000000,-2.133220,0.000000,0.000000,0.000000,0.000000,0.000000,0.000000,0.000000,-1.978034,0.000000,0.000000,0.000000,0.000000,0.000000,0.000000,-1.820412,0.000000,0.000000,0.000000,0.000000,0.000000,-1.440195,0.000000,0.000000,0.000000,-1.358979,0.000000,0.000000,0.000000,-1.635487,0.000000,0.000000,0.000000,-2.014382,0.000000,0.000000,-2.274224,0.000000,0.000000,-2.676992,0.000000,-2.711492,0.000000,0.000000,-2.433431,0.000000,-2.541934,0.000000,-2.703571,0.000000,-3.047473,0.000000,-2.446433,0.000000,-2.396637,-2.591006,0.000000,-2.448690,-2.660310,0.000000,-3.199193,-2.786792,-2.626984,0.000000,-2.535388,-2.571578,-2.939392,-3.413007,-3.247897,-3.030700,-3.022779,-2.546191,-2.616303,-2.894186,-2.886168,-4.996763,-2.643281,-2.786782,-6.011902,-2.954187,-3.063912,-6.020345,-2.766633,-5.672116,-5.476837,-2.569320,-5.244656,-5.916716,-5.647537,-5.312776,-7.038819,-5.864779,-5.664921,-5.091368,-5.500787,-8.341016,-7.936352
-160,0.000118,0.273130,1050.26,1067.34,2390.62,0.563733,0.082353,281.25,0.049498,13.2505,-2.497822,0.000000,0.000000,0.000000,0.000000,0.000000,0.000000,0.000000,0.000000,0.000000,0.000000,0.000000,0.000000,0.000000,0.000000,0.000000,0.000000,0.000000,-2.431314,0.000000,0.000000,0.000000,0.000000,0.000000,0.000000,0.000000,0.000000,0.000000,0.000000,0.000000,0.000000,-2.345163,0.000000,0.000000,0.000000,0.000000,0.000000,0.000000,0.000000,-1.831257,0.000000,0.000000,0.000000,0.000000,0.000000,0.000000,-1.364059,0.000000,0.000000,0.000000,0.000000,0.000000,-1.305408,0.000000,0.000000,0.000000,-1.811003,0.000000,0.000000,0.000000,-2.098462,0.000000,0.000000,0.000000,-2.006429,0.000000,0.000000,-2.358625,0.000000,0.000000,-2.479706,0.000000,-2.495959,0.000000,0.000000,-2.847671,0.000000,-2.789296,0.000000,-3.035696,0.000000,-2.960827,0.000000,-2.581197,0.000000,-2.886041,-2.434019,0.000000,-2.704396,-2.782666,0.000000,-3.027586,-3.097647,-3.386516,0.000000,-2.951507,-2.759934,-2.819951,-2.894042,-2.805699,-2.915624,-2.782738,-2.681118,-2.684486,-2.900962,-2.674860,-4.751636,-2.363638,-2.467811,-5.629351,-3.001904,-2.968256,-5.337758,-2.692400,-5.721206,-5.056726,-2.579469,-5.749705,-6.016741,-5.805810,-6.264012,-6.062349,-6.092589,-5.446039,-5.430286,-5.292903,-8.268745,-7.313551
-155,0.000075,0.243607,870.04,963.26,2062.50,0.504652,0.223529,234.38,0.061701,14.9040,-2.334463,0.000000,0.000000,0.000000,0.000000,0.000000,0.000000,0.000000,0.000000,0.000000,0.000000,0.000000,0.000000,0.000000,0.000000,0.000000,0.000000,0.000000,-2.183544,0.000000,0.000000,0.000000,0.000000,0.000000,0.000000,0.000000,0.000000,0.000000,0.000000,0.000000,0.000000,-2.078429,0.000000,0.000000,0.000000,0.000000,0.000000,0.000000,0.000000,-1.547384,0.000000,0.000000,0.000000,0.000000,0.000000,0.000000,-1.209711,0.000000,0.000000,0.000000,0.000000,0.000000,-1.300704,0.000000,0.000000,0.000000,-2.087803,0.000000,0.000000,0.000000,-2.245278,0.000000,0.000000,0.000000,-2.489721,0.000000,0.000000,-1.980818,0.000000,0.000000,-2.057274,0.000000,-2.377295,0.000000,0.000000,-2.708519,0.000000,-2.748151,0.000000,-2.605116,0.000000,-2.684744,0.000000,-2.747281,0.000000,-2.582182,-2.469998,0.000000,-2.792166,-2.929826,0.000000,-2.712603,-2.890021,-3.297426,0.000000,-2.843429,-2.796196,-2.798265,-2.549695,-2.492863,-2.462480,-2.478955,-2.869992,-2.906191,-2.611945,-2.500943,-5.360883,-2.547143,-2.464491,-6.051457,-3.246180,-3.070518,-5.268724,-3.274698,-5.944088,-5.406754,-3.279225,-6.076393,-5.705096,-5.837581,-5.712507,-5.444561,-6.056364,-5.244564,-5.719046,-5.771790,-9.183142,-7.965061
-149,0.000058,0.206468,855.57,936.91,2109.38,0.482114,0.368627,281.25,0.047936,11.3048,-1.974869,0.000000,0.000000,0.000000,0.000000,0.000000,0.000000,0.000000,0.000000,0.000000,0.000000,0.000000,0.000000,0.000000,0.000000,0.000000,0.000000,0.000000,-1.976265,0.000000,0.000000,0.000000,0.000000,0.000000,0.000000,0.000000,0.000000,0.000000,0.000000,0.000000,0.000000,-2.288144,0.000000,0.000000,0.000000,0.000000,0.000000,0.000000,0.000000,-1.671428,0.000000,0.000000,0.000000,0.000000,0.000000,0.000000,-1.374359,0.000000,0.000000,0.000000,0.000000,0.000000,-1.319341,0.000000,0.000000,0.000000,-1.553957,0.000000,0.000000,0.000000,-2.004668,0.000000,0.000000,0.000000,-2.214221,0.000000,0.000000,-1.897861,0.000000,0.000000,-1.986693,0.000000,-2.790175,0.000000,0.000000,-2.353768,0.000000,-2.438204,0.000000,-2.575488,0.000000,-2.766577,0.000000,-3.029292,0.000000,-2.509012,-2.464720,0.000000,-2.918761,-2.949858,0.000000,-2.796685,-2.845133,-3.231408,0.000000,-2.724697,-2.556894,-2.675923,-2.973767,-2.599136,-2.804591,-2.533733,-2.653867,-3.884067,-2.726552,-3.003652,-5.785736,-2.538159,-2.615863,-6.112601,-3.190799,-2.832138,-4.876518,-2.619564,-5.622801,-5.537510,-3.085754,-6.080073,-5.723684,-5.120452,-5.665160,-4.995893,-6.618309,-5.452704,-5.910668,-5.973462,-8.680678,-9.602690
-144,0.000079,0.155182,1157.28,1080.18,2671.88,0.604647,0.211765,328.12,0.027120,8.3381,-1.882066,0.000000,0.000000,0.000000,0.000000,0.000000,0.000000,0.000000,0.000000,0.000000,0.000000,0.000000,0.000000,0.000000,0.000000,0.000000,0.000000,0.000000,-2.103937,0.000000,0.000000,0.000000,0.000000,0.000000,0.000000,0.000000,0.000000,0.000000,0.000000,0.000000,0.000000,-2.142397,0.000000,0.000000,0.000000,0.000000,0.000000,0.000000,0.000000,-2.542990,0.000000,0.000000,0.000000,0.000000,0.000000,0.000000,-1.790760,0.000000,0.000000,0.000000,0.000000,0.000000,-1.826835,0.000000,0.000000,0.000000,-1.566714,0.000000,0.000000,0.000000,-1.956381,0.000000,0.000000,0.000000,-2.586326,0.000000,0.000000,-1.979029,0.000000,0.000000,-1.959367,0.000000,-2.247675,0.000000,0.000000,-2.504512,0.000000,-2.791486,0.000000,-3.048859,0.000000,-3.135708,0.000000,-2.738633,0.000000,-3.003866,-2.684590,0.000000,-2.741342,-3.176020,0.000000,-3.378489,-2.862684,-3.054582,0.000000,-2.916891,-2.659895,-3.225168,-2.716742,-2.601518,-2.703212,-2.955765,-2.941792,-2.624056,-2.648849,-2.898456,-5.369411,-2.468894,-4.123714,-5.891566,-3.170852,-2.564874,-4.688999,-2.708637,-5.811174,-6.097005,-2.987957,-5.920275,-5.731189,-4.789703,-5.568901,-5.316232,-5.414271,-5.444974,-5.443439,-5.483419,-7.971221,-9.406757
-139,0.000097,0.254928,1134.39,1070.05,2578.12,0.639801,0.168627,234.38,0.025756,7.9830,-2.214331,0.000000,0.000000,0.000000,0.000000,0.000000,0.000000,0.000000,0.000000,0.000000,0.000000,0.000000,0.000000,0.000000,0.000000,0.000000,0.000000,0.000000,-2.172332,0.000000,0.000000,0.000000,0.000000,0.000000,0.000000,0.000000,0.000000,0.000000,0.000000,0.000000,0.000000,-2.195084,0.000000,0.000000,0.000000,0.000000,0.000000,0.000000,0.000000,-1.734837,0.000000,0.000000,0.000000,0.000000,0.000000,0.000000,-1.589114,0.000000,0.000000,0.000000,0.000000,0.000000,-1.609238,0.000000,0.000000,0.000000,-1.971567,0.000000,0.000000,0.000000,-2.199301,0.000000,0.000000,0.000000,-2.439892,0.000000,0.000000,-2.241135,0.000000,0.000000,-2.246321,0.000000,-2.170583,0.000000,0.000000,-2.660220,0.000000,-2.891490,0.000000,-2.863401,0.000000,-2.608726,0.000000,-2.611729,0.000000,-2.959499,-3.046302,0.000000,-2.774658,-3.331231,0.000000,-3.011080,-2.946950,-2.785524,0.000000,-2.781232,-2.561904,-2.730749,-2.644037,-2.555158,-2.854436,-2.956195,-2.825256,-2.902027,-2.648690,-2.541792,-5.231328,-2.433064,-2.626420,-6.404537,-3.471272,-2.554630,-5.145690,-3.230918,-5.516806,-5.008095,-2.612119,-5.786937,-5.712351,-5.292706,-5.300785,-5.767758,-5.484221,-5.543045,-6.560515,-5.496776,-8.826279,-8.110516
-133,0.000094,0.288853,1030.08,1061.34,2437.50,0.564252,0.125490,234.38,0.049754,13.4942,-2.117391,0.000000,0.000000,0.000000,0.000000,0.000000,0.000000,0.000000,0.000000,0.000000,0.000000,0.000000,0.000000,0.000000,0.000000,0.000000,0.000000,0.000000,-2.075150,0.000000,0.000000,0.000000,0.000000,0.000000,0.000000,0.000000,0.000000,0.000000,0.000000,0.000000,0.000000,-2.273625,0.000000,0.000000,0.000000,0.000000,0.000000,0.000000,0.000000,-1.655611,0.000000,0.000000,0.000000,0.000000,0.000000,0.000000,-1.303168,0.000000,0.000000,0.000000,0.000000,0.000000,-1.416092,0.000000,0.000000,0.000000,-2.148682,0.000000,0.000000,0.000000,-2.614812,0.000000,0.000000,0.000000,-2.541789,0.000000,0.000000,-2.564256,0.000000,0.000000,-2.813966,0.000000,-2.333978,0.000000,0.000000,-2.355652,0.000000,-3.017691,0.000000,-2.470954,0.000000,-2.317812,0.000000,-2.416055,0.000000,-2.969207,-2.690480,0.000000,-2.461615,-2.633846,0.000000,-3.307552,-3.206476,-3.050742,0.000000,-2.540606,-2.413429,-2.826034,-2.802275,-2.887255,-3.299022,-3.131766,-2.796561,-3.342255,-3.020477,-2.466503,-5.201758,-2.699701,-2.722450,-6.085073,-2.900876,-2.537896,-5.519143,-2.701811,-5.920657,-5.147455,-2.369925,-5.218348,-5.670443,-5.559120,-5.896306,-5.890822,-5.575053,-5.961840,-5.356607,-5.720981,-8.526119,-7.673079
-128,0.000061,0.220975,1026.03,1054.51,2531.25,0.580965,0.325490,234.38,0.050615,12.1437,-2.007933,0.000000,0.000000,0.000000,0.000000,0.000000,0.000000,0.000000,0.000000,0.000000,0.000000,0.000000,0.000000,0.000000,0.000000,0.000000,0.000000,0.000000,-2.240095,0.000000,0.000000,0.000000,0.000000,0.000000,0.000000,0.000000,0.000000,0.000000,0.000000,0.000000,0.000000,-3.174265,0.000000,0.000000,0.000000,0.000000,0.000000,0.000000,0.000000,-1.759363,0.000000,0.000000,0.000000,0.000000,0.000000,0.000000,-1.295723,0.000000,0.000000,0.000000,0.000000,0.000000,-1.311029,0.000000,0.000000,0.000000,-1.694627,0.000000,0.000000,0.000000,-2.227631,0.000000,0.000000,0.000000,-2.493517,0.000000,0.000000,-2.272730,0.000000,0.000000,-2.686463,0.000000,-2.323741,0.000000,0.000000,-2.262207,0.000000,-2.410524,0.000000,-2.475862,0.000000,-2.610284,0.000000,-2.446573,0.000000,-2.525732,-2.469909,0.000000,-2.424083,-2.480789,0.000000,-2.914454,-3.415636,-2.819858,0.000000,-2.876658,-2.555440,-2.422291,-2.643922,-3.128646,-2.992697,-2.809395,-2.585223,-2.695566,-2.610993,-2.590247,-5.743117,-2.728274,-2.832443,-5.962099,-3.640056,-2.627353,-5.484741,-2.750637,-5.595469,-5.289242,-2.620940,-5.534465,-5.134855,-5.455320,-5.171082,-5.328461,-5.605897,-5.526698,-4.969124,-5.340326,-8.255599,-7.944058
-123,0.000061,0.210259,1201.05,1101.06,2671.88,0.635544,0.262745,234.38,0.035162,9.2090,-2.361230,0.000000,0.000000,0.000000,0.000000,0.000000,0.000000,0.000000,0.000000,0.000000,0.000000,0.000000,0.000000,0.000000,0.000000,0.000000,0.000000,0.000000,-2.510671,0.000000,0.000000,0.000000,0.000000,0.000000,0.000000,0.000000,0.000000,0.000000,0.000000,0.000000,0.000000,-2.641248,0.000000,0.000000,0.000000,0.000000,0.000000,0.000000,0.000000,-1.716403,0.000000,0.000000,0.000000,0.000000,0.000000,0.000000,-1.453932,0.000000,0.000000,0.000000,0.000000,0.000000,-1.675613,0.000000,0.000000,0.000000,-1.577009,0.000000,0.000000,0.000000,-1.898583,0.000000,0.000000,0.000000,-2.129973,0.000000,0.000000,-2.215298,0.000000,0.000000,-2.395252,0.000000,-2.456545,0.000000,0.000000,-2.586282,0.000000,-2.676302,0.000000,-3.450246,0.000000,-2.882321,0.000000,-2.542944,0.000000,-2.380478,-2.671269,0.000000,-3.024781,-2.658100,0.000000,-2.671612,-2.757945,-2.556876,0.000000,-2.656030,-2.702362,-2.592431,-2.467499,-2.790367,-3.014225,-2.649322,-2.634372,-2.914719,-2.728640,-2.716200,-6.186344,-2.864223,-2.922304,-7.011731,-2.667626,-2.572284,-6.145129,-2.828790,-4.968871,-5.077529,-2.353413,-4.625825,-4.913068,-5.347568,-5.428292,-5.242547,-5.044014,-4.900770,-5.604011,-5.793429,-7.710639,-8.159591
-117,0.000084,0.110653,1301.32,1134.15,2812.50,0.641336,0.196078,328.12,0.022973,7.5357,-2.633301,0.000000,0.000000,0.000000,0.000000,0.000000,0.000000,0.000000,0.000000,0.000000,0.000000,0.000000,0.000000,0.000000,0.000000,0.000000,0.000000,0.000000,-2.698190,0.000000,0.000000,0.000000,0.000000,0.000000,0.000000,0.000000,0.000000,0.000000,0.000000,0.000000,0.000000,-2.426869,0.000000,0.000000,0.000000,0.000000,0.000000,0.000000,0.000000,-1.766897,0.000000,0.000000,0.000000,0.000000,0.000000,0.000000,-1.808015,0.000000,0.000000,0.000000,0.000000,0.000000,-2.035208,0.000000,0.000000,0.000000,-1.638784,0.000000,0.000000,0.000000,-1.649352,0.000000,0.000000,0.000000,-2.763652,0.000000,0.000000,-2.284557,0.000000,0.000000,-2.595949,0.000000,-2.549937,0.000000,0.000000,-2.861749,0.000000,-3.084208,0.000000,-3.005945,0.000000,-2.622865,0.000000,-2.494960,0.000000,-2.955446,-2.684998,0.000000,-3.062862,-2.700212,0.000000,-2.754119,-2.735212,-2.462487,0.000000,-2.799948,-2.820026,-2.759938,-2.589409,-2.837622,-3.129334,-2.784126,-3.480318,-2.940244,-2.877469,-2.918315,-6.803527,-3.087942,-3.109875,-6.098042,-2.642240,-2.406059,-5.893607,-2.559176,-5.110169,-5.686244,-2.325689,-4.717185,-5.518251,-6.001847,-6.010127,-5.151434,-5.925796,-5.235401,-5.557446,-5.806065,-7.775282,-7.527936
-112,0.000085,0.278885,1112.74,1013.40,2484.38,0.612849,0.192157,328.12,0.037917,11.0263,-2.646135,0.000000,0.000000,0.000000,0.000000,0.000000,0.000000,0.000000,0.000000,0.000000,0.000000,0.000000,0.000000,0.000000,0.000000,0.000000,0.000000,0.000000,-2.506306,0.000000,0.000000,0.000000,0.000000,0.000000,0.000000,0.000000,0.000000,0.000000,0.000000,0.000000,0.000000,-2.231613,0.000000,0.000000,0.000000,0.000000,0.000000,0.000000,0.000000,-2.288916,0.000000,0.000000,0.000000,0.000000,0.000000,0.000000,-1.716070,0.000000,0.000000,0.000000,0.000000,0.000000,-1.685357,0.000000,0.000000,0.000000,-1.421164,0.000000,0.000000,0.000000,-1.639186,0.000000,0.000000,0.000000,-2.281690,0.000000,0.000000,-2.471096,0.000000,0.000000,-2.691776,0.000000,-2.310143,0.000000,0.000000,-2.349021,0.000000,-2.589624,0.000000,-2.990736,0.000000,-2.721079,0.000000,-2.511447,0.000000,-2.663894,-2.684170,0.000000,-2.741212,-2.584802,0.000000,-2.589387,-2.567776,-2.506599,0.000000,-2.749557,-2.622638,-2.731890,-2.971404,-2.772908,-3.210343,-2.943034,-2.793370,-2.667438,-2.811414,-2.975147,-5.617320,-2.597574,-2.531093,-5.831213,-2.477636,-2.265242,-5.730144,-2.641398,-5.459341,-5.533143,-2.769762,-5.334452,-4.795096,-6.152935,-6.469494,-5.414056,-5.658808,-5.720416,-5.320903,-5.494283,-9.673393,-8.592045
-107,0.000055,0.285688,1036.70,1029.07,2484.38,0.584302,0.333333,281.25,0.039393,9.6002,-2.319251,0.000000,0.000000,0.000000,0.000000,0.000000,0.000000,0.000000,0.000000,0.000000,0.000000,0.000000,0.000000,0.000000,0.000000,0.000000,0.000000,0.000000,-2.033321,0.000000,0.000000,0.000000,0.000000,0.000000,0.000000,0.000000,0.000000,0.000000,0.000000,0.000000,0.000000,-1.932766,0.000000,0.000000,0.000000,0.000000,0.000000,0.000000,0.000000,-1.842987,0.000000,0.000000,0.000000,0.000000,0.000000,0.000000,-1.532577,0.000000,0.000000,0.000000,0.000000,0.000000,-1.404585,0.000000,0.000000,0.000000,-1.483812,0.000000,0.000000,0.000000,-1.740021,0.000000,0.000000,0.000000,-2.480921,0.000000,0.000000,-2.285370,0.000000,0.000000,-2.437610,0.000000,-2.349923,0.000000,0.000000,-2.364941,0.000000,-2.827254,0.000000,-2.559151,0.000000,-2.565110,0.000000,-2.870429,0.000000,-2.728181,-2.779694,0.000000,-3.224307,-2.805817,0.000000,-2.775413,-2.973647,-2.670820,0.000000,-2.771812,-2.755981,-2.764605,-2.587737,-2.564971,-2.806599,-3.232969,-2.753324,-2.863093,-2.732440,-2.759291,-5.573225,-2.548085,-2.612247,-5.387344,-2.366598,-2.285956,-5.423342,-2.487482,-5.071192,-5.566291,-3.318832,-5.534363,-5.321724,-5.657601,-5.882739,-4.905203,-4.847224,-5.148888,-5.165909,-5.379709,-9.050611,-9.401888
-101,0.000084,0.111282,1143.32,1086.60,2718.75,0.636489,0.192157,234.38,0.029745,9.5501,-2.145352,0.000000,0.000000,0.000000,0.000000,0.000000,0.000000,0.000000,0.000000,0.000000,0.000000,0.000000,0.000000,0.000000,0.000000,0.000000,0.000000,0.000000,-2.227068,0.000000,0.000000,0.000000,0.000000,0.000000,0.000000,0.000000,0.000000,0.000000,0.000000,0.000000,0.000000,-1.898296,0.000000,0.000000,0.000000,0.000000,0.000000,0.000000,0.000000,-2.070281,0.000000,0.000000,0.000000,0.000000,0.000000,0.000000,-1.526587,0.000000,0.000000,0.000000,0.000000,0.000000,-1.801860,0.000000,0.000000,0.000000,-1.841781,0.000000,0.000000,0.000000,-2.358397,0.000000,0.000000,0.000000,-2.087008,0.000000,0.000000,-2.204014,0.000000,0.000000,-2.520588,0.000000,-3.028699,0.000000,0.000000,-2.551461,0.000000,-2.499485,0.000000,-2.337785,0.000000,-2.416533,0.000000,-2.733314,0.000000,-2.911605,-2.661763,0.000000,-2.808033,-3.603262,0.000000,-2.844443,-2.582223,-2.666909,0.000000,-2.747792,-2.869118,-2.898753,-2.757176,-2.603568,-2.874868,-3.182780,-2.757980,-2.928580,-2.919419,-3.050874,-6.561614,-2.895915,-3.617188,-5.798032,-2.440985,-2.450157,-5.672992,-2.394744,-4.965039,-5.913234,-3.440928,-5.932598,-5.458304,-5.713390,-5.487643,-5.345103,-5.098242,-5.202681,-5.324914,-5.468497,-9.075630,-8.534819
-96,0.000114,0.195784,1064.07,1059.80,2625.00,0.584276,0.117647,234.38,0.036119,12.0970,-2.494097,0.000000,0.000000,0.000000,0.000000,0.000000,0.000000,0.000000,0.000000,0.000000,0.000000,0.000000,0.000000,0.000000,0.000000,0.000000,0.000000,0.000000,-2.444033,0.000000,0.000000,0.000000,0.000000,0.000000,0.000000,0.000000,0.000000,0.000000,0.000000,0.000000,0.000000,-2.324832,0.000000,0.000000,0.000000,0.000000,0.000000,0.000000,0.000000,-1.814021,0.000000,0.000000,0.000000,0.000000,0.000000,0.000000,-1.442267,0.000000,0.000000,0.000000,0.000000,0.000000,-1.552356,0.000000,0.000000,0.000000,-1.954004,0.000000,0.000000,0.000000,-2.391759,0.000000,0.000000,0.000000,-2.410398,0.000000,0.000000,-2.517341,0.000000,0.000000,-2.552855,0.000000,-2.690603,0.000000,0.000000,-2.484440,0.000000,-2.560748,0.000000,-2.453520,0.000000,-2.379220,0.000000,-2.734888,0.000000,-2.529784,-2.489636,0.000000,-2.832722,-3.729863,0.000000,-2.787148,-2.755229,-2.700660,0.000000,-2.739033,-2.765811,-2.864653,-2.857160,-2.677323,-3.219155,-2.922158,-2.625880,-2.528760,-2.873396,-2.782014,-6.032434,-4.130159,-2.980959,-5.912602,-2.655431,-2.802849,-5.959008,-2.482793,-5.768475,-5.972037,-3.309510,-6.745174,-5.533162,-6.272761,-5.067431,-5.182707,-5.901674,-5.763706,-6.163610,-5.786646,-8.578981,-7.990666
-91,0.000095,0.368781,841.18,969.07,2250.00,0.461857,0.129412,234.38,0.057003,14.0634,-1.918131,0.000000,0.000000,0.000000,0.000000,0.000000,0.000000,0.000000,0.000000,0.000000,0.000000,0.000000,0.000000,0.000000,0.000000,0.000000,0.000000,0.000000,-1.837460,0.000000,0.000000,0.000000,0.000000,0.000000,0.000000,0.000000,0.000000,0.000000,0.000000,0.000000,0.000000,-1.816740,0.000000,0.000000,0.000000,0.000000,0.000000,0.000000,0.000000,-1.476001,0.000000,0.000000,0.000000,0.000000,0.000000,0.000000,-1.244101,0.000000,0.000000,0.000000,0.000000,0.000000,-1.447189,0.000000,0.000000,0.000000,-2.113700,0.000000,0.000000,0.000000,-2.377505,0.000000,0.000000,0.000000,-2.152458,0.000000,0.000000,-2.259030,0.000000,0.000000,-2.385197,0.000000,-2.564485,0.000000,0.000000,-2.545662,0.000000,-3.230632,0.000000,-3.057786,0.000000,-2.498274,0.000000,-2.572597,0.000000,-2.444316,-2.625426,0.000000,-3.183497,-2.973236,0.000000,-2.882699,-3.277507,-2.952530,0.000000,-2.964219,-2.831566,-3.685184,-2.632852,-2.616989,-2.836594,-2.723798,-2.814106,-2.605680,-2.362612,-2.462467,-6.123101,-2.835698,-2.774956,-5.822901,-3.457142,-3.357893,-6.911489,-2.527627,-5.483208,-5.208028,-2.638858,-5.408476,-5.158455,-5.600633,-5.242091,-5.442177,-6.104007,-6.078346,-6.700616,-5.800785,-8.844778,-8.682874
-85,0.000116,0.216979,834.43,978.26,2203.12,0.477699,0.141176,234.38,0.057016,12.2177,-1.785197,0.000000,0.000000,0.000000,0.000000,0.000000,0.000000,0.000000,0.000000,0.000000,0.000000,0.000000,0.000000,0.000000,0.000000,0.000000,0.000000,0.000000,-1.615986,0.000000,0.000000,0.000000,0.000000,0.000000,0.000000,0.000000,0.000000,0.000000,0.000000,0.000000,0.000000,-1.597149,0.000000,0.000000,0.000000,0.000000,0.000000,0.000000,0.000000,-1.582738,0.000000,0.000000,0.000000,0.000000,0.000000,0.000000,-1.244004,0.000000,0.000000,0.000000,0.000000,0.000000,-1.442099,0.000000,0.000000,0.000000,-2.080241,0.000000,0.000000,0.000000,-1.888915,0.000000,0.000000,0.000000,-2.018553,0.000000,0.000000,-2.030225,0.000000,0.000000,-2.254877,0.000000,-2.478578,0.000000,0.000000,-2.886188,0.000000,-2.969810,0.000000,-2.963250,0.000000,-2.644248,0.000000,-2.491847,0.000000,-2.487161,-2.988707,0.000000,-3.432486,-2.763351,0.000000,-2.571431,-2.720224,-2.568773,0.000000,-2.699336,-2.830352,-2.641649,-2.557194,-2.876655,-4.105517,-3.007471,-3.037769,-2.657478,-2.345112,-2.455784,-6.257456,-2.532006,-2.596887,-5.482780,-2.675895,-2.892967,-5.803440,-2.797134,-6.103412,-5.295951,-2.554840,-5.384411,-5.689302,-5.701296,-5.086331,-5.741785,-5.358256,-5.196333,-5.879220,-5.924664,-8.557117,-8.656004
-80,0.000116,0.153752,940.26,1023.01,2390.62,0.518579,0.101961,234.38,0.058052,12.7180,-1.896850,0.000000,0.000000,0.000000,0.000000,0.000000,0.000000,0.000000,0.000000,0.000000,0.000000,0.000000,0.000000,0.000000,0.000000,0.000000,0.000000,0.000000,-2.058895,0.000000,0.000000,0.000000,0.000000,0.000000,0.000000,0.000000,0.000000,0.000000,0.000000,0.000000,0.000000,-1.712655,0.000000,0.000000,0.000000,0.000000,0.000000,0.000000,0.000000,-1.497833,0.000000,0.000000,0.000000,0.000000,0.000000,0.000000,-1.236183,0.000000,0.000000,0.000000,0.000000,0.000000,-1.635799,0.000000,0.000000,0.000000,-1.857247,0.000000,0.000000,0.000000,-1.838326,0.000000,0.000000,0.000000,-2.251233,0.000000,0.000000,-1.986194,0.000000,0.000000,-2.094424,0.000000,-2.348637,0.000000,0.000000,-2.606659,0.000000,-2.665146,0.000000,-2.957415,0.000000,-2.644308,0.000000,-2.872144,0.000000,-2.419052,-2.699570,0.000000,-2.747271,-2.455105,0.000000,-2.296942,-2.384268,-2.755760,0.000000,-2.743958,-2.955977,-2.630986,-2.754562,-3.096356,-3.563978,-3.405076,-3.293828,-2.681496,-2.470020,-3.041245,-5.177852,-2.529166,-2.441734,-4.747913,-2.597043,-2.925184,-5.781027,-2.896679,-5.752607,-5.734071,-2.603936,-5.080437,-6.063145,-7.394949,-5.173427,-5.579753,-5.289357,-4.815352,-5.754920,-6.239879,-7.767922,-8.032247
-75,0.000128,0.228330,828.67,933.90,2062.50,0.476030,0.098039,234.38,0.072255,14.8445,-2.074801,0.000000,0.000000,0.000000,0.000000,0.000000,0.000000,0.000000,0.000000,0.000000,0.000000,0.000000,0.000000,0.000000,0.000000,0.000000,0.000000,0.000000,-1.988208,0.000000,0.000000,0.000000,0.000000,0.000000,0.000000,0.000000,0.000000,0.000000,0.000000,0.000000,0.000000,-1.809995,0.000000,0.000000,0.000000,0.000000,0.000000,0.000000,0.000000,-1.284877,0.000000,0.000000,0.000000,0.000000,0.000000,0.000000,-1.141134,0.000000,0.000000,0.000000,0.000000,0.000000,-1.494582,0.000000,0.000000,0.000000,-2.606506,0.000000,0.000000,0.000000,-2.029128,0.000000,0.000000,0.000000,-1.877698,0.000000,0.000000,-1.899004,0.000000,0.000000,-2.489263,0.000000,-2.357232,0.000000,0.000000,-2.703141,0.000000,-2.652272,0.000000,-2.478659,0.000000,-2.466110,0.000000,-2.318741,0.000000,-2.260897,-2.561453,0.000000,-2.648893,-2.572484,0.000000,-2.480548,-2.407770,-2.821757,0.000000,-2.724438,-2.764334,-3.022121,-3.194472,-2.985866,-2.939289,-3.075413,-3.171475,-2.684253,-2.316008,-2.342996,-5.847138,-2.818595,-2.822105,-4.985401,-3.136611,-2.916458,-5.216514,-2.821060,-5.631339,-5.182662,-3.095845,-5.340910,-5.398357,-5.446261,-5.591090,-5.835606,-5.389142,-5.150696,-6.227985,-6.219471,-8.560159,-9.350645
-69,0.000121,0.189846,845.04,929.85,2062.50,0.469488,0.105882,234.38,0.076252,16.5194,-2.129951,0.000000,0.000000,0.000000,0.000000,0.000000,0.000000,0.000000,0.000000,0.000000,0.000000,0.000000,0.000000,0.000000,0.000000,0.000000,0.000000,0.000000,-2.224990,0.000000,0.000000,0.000000,0.000000,0.000000,0.000000,0.000000,0.000000,0.000000,0.000000,0.000000,0.000000,-2.106721,0.000000,0.000000,0.000000,0.000000,0.000000,0.000000,0.000000,-1.572490,0.000000,0.000000,0.000000,0.000000,0.000000,0.000000,-1.117747,0.000000,0.000000,0.000000,0.000000,0.000000,-1.247462,0.000000,0.000000,0.000000,-1.850393,0.000000,0.000000,0.000000,-2.613586,0.000000,0.000000,0.000000,-2.150755,0.000000,0.000000,-2.055143,0.000000,0.000000,-2.096540,0.000000,-2.402522,0.000000,0.000000,-2.601946,0.000000,-2.741708,0.000000,-2.594841,0.000000,-2.768147,0.000000,-2.401091,0.000000,-2.286749,-2.632912,0.000000,-2.763612,-3.006761,0.000000,-2.815671,-2.528999,-2.843367,0.000000,-2.961798,-2.865134,-3.226019,-2.978959,-2.758811,-2.803167,-2.727651,-2.764581,-2.545069,-2.253573,-2.287241,-5.522766,-2.813588,-2.674114,-5.804209,-3.012014,-2.832671,-4.973663,-2.886056,-5.585763,-5.103164,-2.975643,-7.065941,-5.940525,-5.086227,-5.369995,-5.589091,-5.068979,-5.545335,-5.573089,-5.642364,-9.000422,-10.017146
-64,0.000092,0.148258,858.72,963.97,2203.12,0.458471,0.121569,281.25,0.069995,16.1556,-2.273894,0.000000,0.000000,0.000000,0.000000,0.000000,0.000000,0.000000,0.000000,0.000000,0.000000,0.000000,0.000000,0.000000,0.000000,0.000000,0.000000,0.000000,-2.346999,0.000000,0.000000,0.000000,0.000000,0.000000,0.000000,0.000000,0.000000,0.000000,0.000000,0.000000,0.000000,-2.120828,0.000000,0.000000,0.000000,0.000000,0.000000,0.000000,0.000000,-1.805729,0.000000,0.000000,0.000000,0.000000,0.000000,0.000000,-1.165110,0.000000,0.000000,0.000000,0.000000,0.000000,-1.154931,0.000000,0.000000,0.000000,-1.671707,0.000000,0.000000,0.000000,-2.769457,0.000000,0.000000,0.000000,-2.414858,0.000000,0.000000,-2.476567,0.000000,0.000000,-2.131712,0.000000,-2.680444,0.000000,0.000000,-2.473601,0.000000,-2.750755,0.000000,-2.940087,0.000000,-2.497543,0.000000,-2.310443,0.000000,-2.499827,-2.937435,0.000000,-2.413540,-2.629217,0.000000,-2.494331,-2.778219,-3.078802,0.000000,-2.871151,-2.771919,-2.956948,-2.832976,-2.845133,-3.307626,-3.061966,-2.523476,-2.707870,-2.540489,-2.421971,-6.231786,-2.922876,-3.571107,-5.322922,-3.137471,-3.006819,-5.414340,-2.949207,-5.972718,-5.901779,-2.664658,-6.174342,-5.724847,-5.196123,-5.575352,-4.947145,-5.270249,-5.139407,-6.086325,-5.609867,-9.523607,-8.645187
-59,0.000091,0.164419,883.49,953.60,2156.25,0.514119,0.101961,234.38,0.061258,14.2381,-2.007332,0.000000,0.000000,0.000000,0.000000,0.000000,0.000000,0.000000,0.000000,0.000000,0.000000,0.000000,0.000000,0.000000,0.000000,0.000000,0.000000,0.000000,-2.203876,0.000000,0.000000,0.000000,0.000000,0.000000,0.000000,0.000000,0.000000,0.000000,0.000000,0.000000,0.000000,-2.024351,0.000000,0.000000,0.000000,0.000000,0.000000,0.000000,0.000000,-1.938764,0.000000,0.000000,0.000000,0.000000,0.000000,0.000000,-1.212834,0.000000,0.000000,0.000000,0.000000,0.000000,-1.243055,0.000000,0.000000,0.000000,-1.894468,0.000000,0.000000,0.000000,-2.296030,0.000000,0.000000,0.000000,-2.218539,0.000000,0.000000,-2.042603,0.000000,0.000000,-2.341309,0.000000,-2.449281,0.000000,0.000000,-2.400160,0.000000,-2.423088,0.000000,-2.567586,0.000000,-2.295647,0.000000,-2.413840,0.000000,-2.960699,-2.410497,0.000000,-2.303589,-2.357329,0.000000,-2.417383,-2.540861,-2.920719,0.000000,-3.075869,-3.174895,-2.724517,-2.555752,-2.759701,-3.135413,-2.831851,-2.612867,-2.716976,-2.797363,-2.486361,-5.939191,-3.628261,-2.840579,-5.247308,-2.928151,-2.987233,-5.520981,-2.677400,-6.025721,-5.941001,-2.534081,-5.462996,-5.958586,-5.442439,-5.090569,-5.477499,-6.266378,-5.244619,-5.853065,-6.092880,-8.676373,-8.550993
-53,0.000092,0.157329,1032.23,1019.40,2390.62,0.595131,0.184314,234.38,0.056686,14.4179,-2.282528,0.000000,0.000000,0.000000,0.000000,0.000000,0.000000,0.000000,0.000000,0.000000,0.000000,0.000000,0.000000,0.000000,0.000000,0.000000,0.000000,0.000000,-2.606098,0.000000,0.000000,0.000000,0.000000,0.000000,0.000000,0.000000,0.000000,0.000000,0.000000,0.000000,0.000000,-2.536057,0.000000,0.000000,0.000000,0.000000,0.000000,0.000000,0.000000,-1.633483,0.000000,0.000000,0.000000,0.000000,0.000000,0.000000,-1.246523,0.000000,0.000000,0.000000,0.000000,0.000000,-1.437769,0.000000,0.000000,0.000000,-2.094889,0.000000,0.000000,0.000000,-2.776769,0.000000,0.000000,0.000000,-2.247851,0.000000,0.000000,-2.000429,0.000000,0.000000,-2.253405,0.000000,-2.453168,0.000000,0.000000,-2.795118,0.000000,-2.604808,0.000000,-2.295492,0.000000,-2.312151,0.000000,-2.456112,0.000000,-2.670474,-2.462678,0.000000,-2.597286,-2.727160,0.000000,-3.113206,-2.494074,-2.635238,0.000000,-2.764156,-2.748184,-2.601628,-2.625093,-2.911738,-3.001039,-3.318555,-2.870400,-2.747501,-2.984240,-2.617976,-5.349368,-3.007343,-3.358381,-4.754937,-2.456351,-2.639255,-5.574978,-2.512816,-5.674586,-5.040369,-2.549297,-5.340350,-5.692783,-5.373439,-5.334586,-5.438635,-5.651860,-5.697083,-5.400485,-5.510312,-9.012299,-8.018127
-48,0.000095,0.156234,1111.74,1098.40,2578.12,0.526526,0.121569,234.38,0.054716,14.8388,-2.974432,0.000000,0.000000,0.000000,0.000000,0.000000,0.000000,0.000000,0.000000,0.000000,0.000000,0.000000,0.000000,0.000000,0.000000,0.000000,0.000000,0.000000,-2.327941,0.000000,0.000000,0.000000,0.000000,0.000000,0.000000,0.000000,0.000000,0.000000,0.000000,0.000000,0.000000,-2.316345,0.000000,0.000000,0.000000,0.000000,0.000000,0.000000,0.000000,-1.533674,0.000000,0.000000,0.000000,0.000000,0.000000,0.000000,-1.261888,0.000000,0.000000,0.000000,0.000000,0.000000,-1.615536,0.000000,0.000000,0.000000,-1.997054,0.000000,0.000000,0.000000,-2.255728,0.000000,0.000000,0.000000,-2.315243,0.000000,0.000000,-2.212076,0.000000,0.000000,-2.365579,0.000000,-2.490335,0.000000,0.000000,-3.088783,0.000000,-2.597230,0.000000,-2.510101,0.000000,-3.731155,0.000000,-2.498112,0.000000,-2.889172,-2.825614,0.000000,-2.807024,-2.796605,0.000000,-2.639945,-2.678435,-2.927521,0.000000,-2.725470,-2.789282,-2.883942,-2.758435,-3.183481,-3.240827,-3.249483,-3.012617,-3.100629,-2.619794,-3.068066,-5.638378,-2.975004,-2.876278,-4.705074,-2.287341,-2.833370,-6.750427,-2.687176,-5.985504,-4.740287,-2.326686,-5.053720,-6.620286,-7.021696,-5.491821,-5.843060,-4.995494,-5.509622,-5.443696,-5.055259,-7.637289,-8.625068
-43,0.000082,0.252730,1061.82,1077.63,2531.25,0.554490,0.172549,234.38,0.051828,13.5095,-2.140636,0.000000,0.000000,0.000000,0.000000,0.000000,0.000000,0.000000,0.000000,0.000000,0.000000,0.000000,0.000000,0.000000,0.000000,0.000000,0.000000,0.000000,-2.109096,0.000000,0.000000,0.000000,0.000000,0.000000,0.000000,0.000000,0.000000,0.000000,0.000000,0.000000,0.000000,-1.943209,0.000000,0.000000,0.000000,0.000000,0.000000,0.000000,0.000000,-1.885088,0.000000,0.000000,0.000000,0.000000,0.000000,0.000000,-1.285437,0.000000,0.000000,0.000000,0.000000,0.000000,-1.365213,0.000000,0.000000,0.000000,-1.902360,0.000000,0.000000,0.000000,-2.671357,0.000000,0.000000,0.000000,-2.915634,0.000000,0.000000,-2.622745,0.000000,0.000000,-2.757224,0.000000,-2.464387,0.000000,0.000000,-2.511826,0.000000,-2.800982,0.000000,-2.840085,0.000000,-2.439478,0.000000,-2.312615,0.000000,-2.413461,-2.873916,0.000000,-2.970362,-2.589062,0.000000,-2.640247,-3.298928,-2.878444,0.000000,-2.819800,-2.840588,-2.918983,-3.153809,-2.743170,-2.736645,-2.979738,-3.273129,-2.767685,-2.441612,-2.335390,-4.882472,-3.053372,-2.970515,-5.547437,-2.370717,-3.117163,-6.107530,-2.803725,-5.913806,-5.146739,-2.488071,-5.417558,-6.184277,-5.964402,-4.958561,-5.822252,-5.261686,-5.553694,-5.597993,-5.289875,-7.544587,-8.774874
-37,0.000074,0.116943,1090.69,1060.41,2531.25,0.564534,0.239216,234.38,0.048550,13.3032,-2.499610,0.000000,0.000000,0.000000,0.000000,0.000000,0.000000,0.000000,0.000000,0.000000,0.000000,0.000000,0.000000,0.000000,0.000000,0.000000,0.000000,0.000000,-2.253342,0.000000,0.000000,0.000000,0.000000,0.000000,0.000000,0.000000,0.000000,0.000000,0.000000,0.000000,0.000000,-2.315962,0.000000,0.000000,0.000000,0.000000,0.000000,0.000000,0.000000,-1.785587,0.000000,0.000000,0.000000,0.000000,0.000000,0.000000,-1.313808,0.000000,0.000000,0.000000,0.000000,0.000000,-1.378556,0.000000,0.000000,0.000000,-2.067499,0.000000,0.000000,0.000000,-2.631163,0.000000,0.000000,0.000000,-2.507975,0.000000,0.000000,-2.522036,0.000000,0.000000,-2.936765,0.000000,-2.397715,0.000000,0.000000,-2.277774,0.000000,-2.593845,0.000000,-3.170282,0.000000,-2.471885,0.000000,-2.385530,0.000000,-2.597958,-2.491318,0.000000,-2.737902,-2.543772,0.000000,-2.678682,-2.843344,-2.898652,0.000000,-2.940257,-3.264247,-2.785640,-2.951363,-2.773497,-2.645978,-2.840983,-2.915207,-2.570856,-2.478536,-2.582515,-4.849401,-2.720090,-3.569078,-5.437924,-2.440993,-3.135247,-6.280741,-3.160897,-5.365936,-5.289324,-2.678664,-5.379246,-5.139290,-5.854265,-4.949402,-6.590454,-5.973047,-4.833718,-6.193506,-5.283535,-7.531816,-9.748930
-32,0.000107,0.168454,1122.28,1074.17,2578.12,0.585758,0.160784,234.38,0.043244,12.8235,-2.375214,0.000000,0.000000,0.000000,0.000000,0.000000,0.000000,0.000000,0.000000,0.000000,0.000000,0.000000,0.000000,0.000000,0.000000,0.000000,0.000000,0.000000,-2.436957,0.000000,0.000000,0.000000,0.000000,0.000000,0.000000,0.000000,0.000000,0.000000,0.000000,0.000000,0.000000,-2.105522,0.000000,0.000000,0.000000,0.000000,0.000000,0.000000,0.000000,-1.691318,0.000000,0.000000,0.000000,0.000000,0.000000,0.000000,-1.364074,0.000000,0.000000,0.000000,0.000000,0.000000,-1.678325,0.000000,0.000000,0.000000,-1.889814,0.000000,0.000000,0.000000,-2.256006,0.000000,0.000000,0.000000,-2.453871,0.000000,0.000000,-2.446361,0.000000,0.000000,-3.019745,0.000000,-2.525825,0.000000,0.000000,-2.316836,0.000000,-2.500016,0.000000,-2.635804,0.000000,-3.238849,0.000000,-2.626079,0.000000,-2.702919,-2.396801,0.000000,-2.342261,-2.897686,0.000000,-2.909033,-3.369508,-3.134816,0.000000,-3.070333,-2.741425,-2.667751,-3.456989,-2.999536,-3.030219,-2.793166,-2.983062,-2.571200,-3.322029,-2.823057,-5.300693,-2.825511,-2.985752,-5.485557,-2.448465,-2.781568,-6.433841,-2.651500,-4.847206,-5.046084,-2.768622,-5.867218,-5.151770,-5.424876,-5.256310,-5.980083,-5.164392,-4.767228,-5.766801,-6.051941,-8.438981,-9.610396
-27,0.000115,0.258514,928.72,1005.37,2343.75,0.545219,0.121569,234.38,0.051265,13.3613,-1.900223,0.000000,0.000000,0.000000,0.000000,0.000000,0.000000,0.000000,0.000000,0.000000,0.000000,0.000000,0.000000,0.000000,0.000000,0.000000,0.000000,0.000000,-2.136164,0.000000,0.000000,0.000000,0.000000,0.000000,0.000000,0.000000,0.000000,0.000000,0.000000,0.000000,0.000000,-2.559967,0.000000,0.000000,0.000000,0.000000,0.000000,0.000000,0.000000,-1.555211,0.000000,0.000000,0.000000,0.000000,0.000000,0.000000,-1.290181,0.000000,0.000000,0.000000,0.000000,0.000000,-1.570828,0.000000,0.000000,0.000000,-1.658032,0.000000,0.000000,0.000000,-2.171765,0.000000,0.000000,0.000000,-2.729389,0.000000,0.000000,-2.269436,0.000000,0.000000,-2.277843,0.000000,-2.226303,0.000000,0.000000,-2.609008,0.000000,-2.742313,0.000000,-2.679000,0.000000,-2.691732,0.000000,-2.622697,0.000000,-2.823044,-2.535357,0.000000,-2.351123,-2.519356,0.000000,-2.733464,-2.758083,-2.857608,0.000000,-3.343154,-2.710440,-2.604588,-2.696885,-2.760393,-2.821599,-3.069478,-2.695860,-2.533964,-2.606297,-2.700080,-5.785903,-3.284338,-3.117851,-5.905120,-2.854312,-2.636010,-5.723299,-2.858757,-5.215845,-5.598873,-3.118541,-5.329843,-5.376730,-6.188932,-5.564464,-6.140308,-5.290783,-5.515924,-5.490470,-6.378493,-8.130211,-8.643504
-21,0.000108,0.231004,836.49,968.51,2250.00,0.426669,0.156863,234.38,0.064284,15.5612,-1.956348,0.000000,0.000000,0.000000,0.000000,0.000000,0.000000,0.000000,0.000000,0.000000,0.000000,0.000000,0.000000,0.000000,0.000000,0.000000,0.000000,0.000000,-2.243773,0.000000,0.000000,0.000000,0.000000,0.000000,0.000000,0.000000,0.000000,0.000000,0.000000,0.000000,0.000000,-2.815570,0.000000,0.000000,0.000000,0.000000,0.000000,0.000000,0.000000,-1.635597,0.000000,0.000000,0.000000,0.000000,0.000000,0.000000,-1.191896,0.000000,0.000000,0.000000,0.000000,0.000000,-1.238926,0.000000,0.000000,0.000000,-1.687447,0.000000,0.000000,0.000000,-2.598452,0.000000,0.000000,0.000000,-2.411464,0.000000,0.000000,-2.393369,0.000000,0.000000,-1.990816,0.000000,-2.162886,0.000000,0.000000,-2.468717,0.000000,-2.938950,0.000000,-3.234190,0.000000,-2.981440,0.000000,-2.741786,0.000000,-2.736222,-2.861792,0.000000,-2.546652,-2.349324,0.000000,-3.204992,-2.692301,-2.793788,0.000000,-2.998872,-2.866275,-2.969323,-2.795496,-2.645048,-2.984685,-3.158356,-2.779437,-2.820509,-2.863385,-3.111629,-7.078111,-2.978601,-2.992979,-5.611249,-4.024513,-2.753749,-6.086756,-3.073847,-5.305759,-5.063203,-3.386928,-5.919909,-5.156307,-5.638839,-5.961284,-5.372444,-5.803253,-5.385835,-5.800947,-5.920660,-8.061607,-9.292026
-16,0.000100,0.209544,943.70,1008.08,2390.62,0.503604,0.168627,234.38,0.065031,15.0809,-2.439866,0.000000,0.000000,0.000000,0.000000,0.000000,0.000000,0.000000,0.000000,0.000000,0.000000,0.000000,0.000000,0.000000,0.000000,0.000000,0.000000,0.000000,-2.036093,0.000000,0.000000,0.000000,0.000000,0.000000,0.000000,0.000000,0.000000,0.000000,0.000000,0.000000,0.000000,-2.147726,0.000000,0.000000,0.000000,0.000000,0.000000,0.000000,0.000000,-1.698956,0.000000,0.000000,0.000000,0.000000,0.000000,0.000000,-1.186877,0.000000,0.000000,0.000000,0.000000,0.000000,-1.347430,0.000000,0.000000,0.000000,-1.966604,0.000000,0.000000,0.000000,-2.140090,0.000000,0.000000,0.000000,-2.015042,0.000000,0.000000,-1.901452,0.000000,0.000000,-2.037501,0.000000,-2.518372,0.000000,0.000000,-2.623742,0.000000,-2.546519,0.000000,-2.845900,0.000000,-2.927250,0.000000,-2.906343,0.000000,-2.632125,-2.638595,0.000000,-2.424089,-2.300672,0.000000,-2.483870,-2.939314,-3.101007,0.000000,-3.078042,-3.247301,-2.996398,-3.124341,-2.892775,-2.767718,-2.698128,-2.651785,-2.891097,-2.897600,-2.932264,-5.879116,-3.139147,-2.828985,-5.000249,-2.844698,-2.995651,-5.637365,-2.949700,-5.871438,-4.655818,-2.544621,-4.991162,-5.133572,-5.861115,-5.362420,-5.741160,-5.405084,-5.491689,-6.293695,-6.753526,-8.012188,-8.365721
-11,0.000160,0.203022,955.29,1007.76,2343.75,0.550209,0.066667,234.38,0.067436,14.8235,-2.051439,0.000000,0.000000,0.000000,0.000000,0.000000,0.000000,0.000000,0.000000,0.000000,0.000000,0.000000,0.000000,0.000000,0.000000,0.000000,0.000000,0.000000,-2.091375,0.000000,0.000000,0.000000,0.000000,0.000000,0.000000,0.000000,0.000000,0.000000,0.000000,0.000000,0.000000,-2.044092,0.000000,0.000000,0.000000,0.000000,0.000000,0.000000,0.000000,-1.387455,0.000000,0.000000,0.000000,0.000000,0.000000,0.000000,-1.171110,0.000000,0.000000,0.000000,0.000000,0.000000,-1.666083,0.000000,0.000000,0.000000,-2.021255,0.000000,0.000000,0.000000,-2.205094,0.000000,0.000000,0.000000,-1.941334,0.000000,0.000000,-1.816957,0.000000,0.000000,-2.355415,0.000000,-2.417633,0.000000,0.000000,-2.453832,0.000000,-2.490412,0.000000,-2.475365,0.000000,-2.522625,0.000000,-2.725957,0.000000,-3.056914,-3.115317,0.000000,-2.749519,-2.437762,0.000000,-2.605731,-3.027014,-2.914641,0.000000,-3.172828,-3.105643,-2.808801,-2.958673,-2.825302,-2.530661,-2.581844,-2.891815,-2.508712,-2.465509,-2.544965,-5.483357,-2.886876,-2.759014,-4.947706,-2.770202,-3.145228,-5.275621,-2.748457,-5.301061,-4.749060,-2.433552,-4.873878,-5.244947,-5.841350,-5.238766,-5.572531,-5.940538,-5.520721,-5.408350,-5.840086,-8.219437,-8.775079
-5,0.000148,0.202467,796.30,915.42,1921.88,0.429986,0.074510,234.38,0.086136,18.3168,-2.026397,0.000000,0.000000,0.000000,0.000000,0.000000,0.000000,0.000000,0.000000,0.000000,0.000000,0.000000,0.000000,0.000000,0.000000,0.000000,0.000000,0.000000,-2.363395,0.000000,0.000000,0.000000,0.000000,0.000000,0.000000,0.000000,0.000000,0.000000,0.000000,0.000000,0.000000,-2.430735,0.000000,0.000000,0.000000,0.000000,0.000000,0.000000,0.000000,-1.354820,0.000000,0.000000,0.000000,0.000000,0.000000,0.000000,-1.064814,0.000000,0.000000,0.000000,0.000000,0.000000,-1.338229,0.000000,0.000000,0.000000,-1.908910,0.000000,0.000000,0.000000,-2.546389,0.000000,0.000000,0.000000,-2.239842,0.000000,0.000000,-1.873370,0.000000,0.000000,-1.984699,0.000000,-2.436730,0.000000,0.000000,-3.176605,0.000000,-2.682086,0.000000,-2.660486,0.000000,-2.400352,0.000000,-3.303550,0.000000,-2.864142,-2.661133,0.000000,-2.759686,-2.527546,0.000000,-2.455629,-2.649280,-2.767706,0.000000,-3.708552,-2.935638,-2.609370,-2.951727,-2.729987,-2.762474,-2.751771,-2.759718,-2.512276,-2.524154,-2.985656,-5.455631,-2.674864,-2.633035,-4.958724,-2.791122,-2.955115,-5.636130,-2.985165,-5.633421,-5.613487,-3.252869,-5.617365,-5.069563,-5.326078,-6.267838,-5.794803,-5.930663,-6.635428,-5.636928,-5.325681,-8.370945,-9.793137
0,0.000133,0.208858,765.33,908.34,1875.00,0.444750,0.070588,234.38,0.101800,19.0017,-2.052311,0.000000,0.000000,0.000000,0.000000,0.000000,0.000000,0.000000,0.000000,0.000000,0.000000,0.000000,0.000000,0.000000,0.000000,0.000000,0.000000,0.000000,-2.018409,0.000000,0.000000,0.000000,0.000000,0.000000,0.000000,0.000000,0.000000,0.000000,0.000000,0.000000,0.000000,-2.170787,0.000000,0.000000,0.000000,0.000000,0.000000,0.000000,0.000000,-1.306270,0.000000,0.000000,0.000000,0.000000,0.000000,0.000000,-0.992252,0.000000,0.000000,0.000000,0.000000,0.000000,-1.198250,0.000000,0.000000,0.000000,-2.227958,0.000000,0.000000,0.000000,-2.248873,0.000000,0.000000,0.000000,-2.999894,0.000000,0.000000,-1.990166,0.000000,0.000000,-2.073063,0.000000,-2.565338,0.000000,0.000000,-2.878048,0.000000,-2.585179,0.000000,-2.349367,0.000000,-2.358569,0.000000,-2.507757,0.000000,-2.463720,-2.398440,0.000000,-2.401006,-2.426214,0.000000,-2.469086,-2.785812,-2.669337,0.000000,-2.635548,-2.530238,-2.586490,-2.767203,-2.694138,-2.891200,-2.940494,-2.785780,-2.868522,-2.827312,-2.688409,-5.731941,-2.484147,-2.593245,-5.161701,-2.630350,-2.754159,-5.268026,-3.130605,-5.989228,-5.743141,-3.309230,-5.493073,-5.521976,-5.298890,-5.621637,-5.628877,-6.072349,-5.531870,-6.106071,-6.173185,-8.005944,-8.118462
5,0.000161,0.330954,617.12,837.81,1453.12,0.362729,0.058824,140.62,0.115601,13.9373,-1.640983,0.000000,0.000000,0.000000,0.000000,0.000000,0.000000,0.000000,0.000000,0.000000,0.000000,0.000000,0.000000,0.000000,0.000000,0.000000,0.000000,0.000000,-1.111540,0.000000,0.000000,0.000000,0.000000,0.000000,0.000000,0.000000,0.000000,0.000000,0.000000,0.000000,0.000000,-0.937039,0.000000,0.000000,0.000000,0.000000,0.000000,0.000000,0.000000,-0.992028,0.000000,0.000000,0.000000,0.000000,0.000000,0.000000,-1.283493,0.000000,0.000000,0.000000,0.000000,0.000000,-1.496736,0.000000,0.000000,0.000000,-2.715364,0.000000,0.000000,0.000000,-1.881458,0.000000,0.000000,0.000000,-2.044718,0.000000,0.000000,-1.805408,0.000000,0.000000,-2.093058,0.000000,-2.303689,0.000000,0.000000,-1.962582,0.000000,-2.128082,0.000000,-2.583431,0.000000,-2.770854,0.000000,-2.459831,0.000000,-2.371847,-2.264979,0.000000,-2.234180,-2.407445,0.000000,-2.402038,-2.511087,-2.491085,0.000000,-2.398190,-2.491135,-3.229192,-2.654429,-2.945419,-2.484578,-2.310764,-2.546578,-2.913427,-2.402026,-2.448167,-5.438557,-2.324339,-2.276232,-5.226744,-2.482250,-2.705451,-5.954416,-2.810045,-5.598204,-5.761430,-2.804833,-6.041696,-5.658102,-5.575040,-5.592533,-4.807379,-6.009097,-6.068593,-5.110124,-6.164854,-8.885552,-8.110247
11,0.000206,0.180487,660.93,855.42,1453.12,0.401844,0.054902,140.62,0.105091,12.3987,-1.494013,0.000000,0.000000,0.000000,0.000000,0.000000,0.000000,0.000000,0.000000,0.000000,0.000000,0.000000,0.000000,0.000000,0.000000,0.000000,0.000000,0.000000,-1.412718,0.000000,0.000000,0.000000,0.000000,0.000000,0.000000,0.000000,0.000000,0.000000,0.000000,0.000000,0.000000,-0.978434,0.000000,0.000000,0.000000,0.000000,0.000000,0.000000,0.000000,-1.038449,0.000000,0.000000,0.000000,0.000000,0.000000,0.000000,-1.317495,0.000000,0.000000,0.000000,0.000000,0.000000,-1.352762,0.000000,0.000000,0.000000,-1.426534,0.000000,0.000000,0.000000,-1.850629,0.000000,0.000000,0.000000,-2.713260,0.000000,0.000000,-1.870106,0.000000,0.000000,-1.748395,0.000000,-2.091610,0.000000,0.000000,-2.029397,0.000000,-1.999236,0.000000,-2.350605,0.000000,-2.607726,0.000000,-2.565717,0.000000,-2.168828,-2.239232,0.000000,-2.195176,-2.103070,0.000000,-2.331372,-2.550510,-3.077358,0.000000,-2.429144,-2.394301,-2.651601,-2.765563,-2.491866,-2.208910,-2.255785,-2.961035,-2.697467,-2.449196,-2.527008,-5.163650,-3.758354,-2.522726,-5.342520,-2.506939,-2.785749,-5.279124,-2.965084,-5.518899,-5.816874,-3.334791,-6.122570,-5.499973,-5.416561,-5.228278,-5.065199,-5.458165,-5.221275,-5.001864,-5.673182,-8.011249,-8.043941
16,0.000149,0.210975,734.12,901.93,1781.25,0.442445,0.105882,281.25,0.092937,11.2161,-1.661486,0.000000,0.000000,0.000000,0.000000,0.000000,0.000000,0.000000,0.000000,0.000000,0.000000,0.000000,0.000000,0.000000,0.000000,0.000000,0.000000,0.000000,-1.500630,0.000000,0.000000,0.000000,0.000000,0.000000,0.000000,0.000000,0.000000,0.000000,0.000000,0.000000,0.000000,-1.167960,0.000000,0.000000,0.000000,0.000000,0.000000,0.000000,0.000000,-1.464770,0.000000,0.000000,0.000000,0.000000,0.000000,0.000000,-1.147460,0.000000,0.000000,0.000000,0.000000,0.000000,-1.031809,0.000000,0.000000,0.000000,-1.333400,0.000000,0.000000,0.000000,-1.778257,0.000000,0.000000,0.000000,-2.060625,0.000000,0.000000,-1.804475,0.000000,0.000000,-1.712888,0.000000,-2.069717,0.000000,0.000000,-2.116770,0.000000,-1.927757,0.000000,-2.098669,0.000000,-2.610905,0.000000,-2.516739,0.000000,-2.229255,-2.449511,0.000000,-2.364662,-2.271589,0.000000,-2.489405,-2.725326,-2.463304,0.000000,-2.478467,-2.608819,-2.824569,-2.949834,-2.548532,-2.298147,-2.417220,-2.618197,-2.556774,-2.830559,-2.995941,-5.577208,-2.723147,-2.658502,-5.640411,-2.487367,-2.586586,-4.939695,-2.380611,-5.303397,-5.209408,-2.656382,-6.349916,-5.334489,-5.070398,-5.252919,-5.524897,-6.088884,-4.713109,-5.083882,-5.760603,-7.553821,-7.664390
21,0.000141,0.142443,727.90,881.17,1875.00,0.392848,0.082353,281.25,0.096359,13.5850,-2.427401,0.000000,0.000000,0.000000,0.000000,0.000000,0.000000,0.000000,0.000000,0.000000,0.000000,0.000000,0.000000,0.000000,0.000000,0.000000,0.000000,0.000000,-1.637791,0.000000,0.000000,0.000000,0.000000,0.000000,0.000000,0.000000,0.000000,0.000000,0.000000,0.000000,0.000000,-1.546318,0.000000,0.000000,0.000000,0.000000,0.000000,0.000000,0.000000,-1.227867,0.000000,0.000000,0.000000,0.000000,0.000000,0.000000,-1.042442,0.000000,0.000000,0.000000,0.000000,0.000000,-1.016107,0.000000,0.000000,0.000000,-1.603323,0.000000,0.000000,0.000000,-1.753994,0.000000,0.000000,0.000000,-2.411756,0.000000,0.000000,-1.931692,0.000000,0.000000,-1.955888,0.000000,-2.029563,0.000000,0.000000,-2.379694,0.000000,-2.107299,0.000000,-2.401631,0.000000,-2.443455,0.000000,-2.402625,0.000000,-2.573056,-2.400616,0.000000,-2.493117,-2.745180,0.000000,-3.550450,-2.418196,-2.352039,0.000000,-2.884963,-2.461810,-2.504596,-2.611077,-2.970991,-2.682929,-2.835385,-2.920622,-2.487264,-2.696239,-3.070216,-6.197964,-3.119895,-2.740286,-5.905202,-2.805265,-2.537536,-4.700988,-2.401560,-5.628996,-4.735393,-2.397567,-5.474996,-6.076752,-5.749909,-5.485222,-5.708098,-5.331480,-4.551438,-5.713475,-6.230388,-8.105545,-9.045168
27,0.000079,0.214104,738.75,876.69,1687.50,0.426437,0.239216,281.25,0.075298,11.4331,-1.609314,0.000000,0.000000,0.000000,0.000000,0.000000,0.000000,0.000000,0.000000,0.000000,0.000000,0.000000,0.000000,0.000000,0.000000,0.000000,0.000000,0.000000,-1.523141,0.000000,0.000000,0.000000,0.000000,0.000000,0.000000,0.000000,0.000000,0.000000,0.000000,0.000000,0.000000,-1.478459,0.000000,0.000000,0.000000,0.000000,0.000000,0.000000,0.000000,-1.596721,0.000000,0.000000,0.000000,0.000000,0.000000,0.000000,-1.412425,0.000000,0.000000,0.000000,0.000000,0.000000,-1.123218,0.000000,0.000000,0.000000,-1.261470,0.000000,0.000000,0.000000,-1.714827,0.000000,0.000000,0.000000,-2.123040,0.000000,0.000000,-1.953536,0.000000,0.000000,-2.023602,0.000000,-1.945927,0.000000,0.000000,-2.233292,0.000000,-2.372609,0.000000,-2.404963,0.000000,-2.258859,0.000000,-2.385380,0.000000,-2.340367,-2.218446,0.000000,-2.336900,-2.665540,0.000000,-2.880232,-2.526207,-2.308429,0.000000,-2.518866,-2.422235,-2.248535,-2.497298,-3.150806,-3.188788,-3.244473,-2.686591,-2.801397,-2.530473,-2.462070,-5.424683,-2.958503,-2.830018,-5.658486,-3.346136,-2.470632,-4.911146,-2.981848,-6.350227,-5.184788,-2.582635,-5.770386,-5.851259,-6.457058,-5.264030,-5.657056,-5.058140,-5.138453,-5.256545,-6.422804,-9.254006,-8.087374
32,0.000090,0.154032,761.46,895.65,1828.12,0.472954,0.196078,93.75,0.041747,6.9870,-1.464866,0.000000,0.000000,0.000000,0.000000,0.000000,0.000000,0.000000,0.000000,0.000000,0.000000,0.000000,0.000000,0.000000,0.000000,0.000000,0.000000,0.000000,-1.379376,0.000000,0.000000,0.000000,0.000000,0.000000,0.000000,0.000000,0.000000,0.000000,0.000000,0.000000,0.000000,-1.537968,0.000000,0.000000,0.000000,0.000000,0.000000,0.000000,0.000000,-1.591081,0.000000,0.000000,0.000000,0.000000,0.000000,0.000000,-1.652099,0.000000,0.000000,0.000000,0.000000,0.000000,-1.537984,0.000000,0.000000,0.000000,-1.424388,0.000000,0.000000,0.000000,-1.531328,0.000000,0.000000,0.000000,-1.793143,0.000000,0.000000,-1.802616,0.000000,0.000000,-2.085609,0.000000,-1.953535,0.000000,0.000000,-2.264258,0.000000,-2.376575,0.000000,-2.523314,0.000000,-2.145201,0.000000,-2.517777,0.000000,-2.263029,-2.227908,0.000000,-2.284451,-2.644056,0.000000,-3.738413,-2.711750,-2.338141,0.000000,-2.644176,-2.615528,-2.387406,-2.382201,-2.732162,-2.790966,-2.890113,-3.079605,-2.790902,-2.520153,-2.400669,-5.553744,-2.956698,-2.794849,-5.193871,-2.448171,-2.625916,-5.872280,-3.309253,-5.600637,-5.121854,-3.130682,-5.519618,-5.950915,-5.773556,-5.437537,-5.697635,-5.036562,-6.097593,-5.382000,-6.027354,-8.516143,-8.094049
37,0.000071,0.156188,983.68,976.97,2343.75,0.594520,0.219608,375.00,0.026234,5.7003,-1.766262,0.000000,0.000000,0.000000,0.000000,0.000000,0.000000,0.000000,0.000000,0.000000,0.000000,0.000000,0.000000,0.000000,0.000000,0.000000,0.000000,0.000000,-1.720877,0.000000,0.000000,0.000000,0.000000,0.000000,0.000000,0.000000,0.000000,0.000000,0.000000,0.000000,0.000000,-2.002235,0.000000,0.000000,0.000000,0.000000,0.000000,0.000000,0.000000,-1.764655,0.000000,0.000000,0.000000,0.000000,0.000000,0.000000,-1.662603,0.000000,0.000000,0.000000,0.000000,0.000000,-1.693723,0.000000,0.000000,0.000000,-2.270583,0.000000,0.000000,0.000000,-1.581139,0.000000,0.000000,0.000000,-1.606025,0.000000,0.000000,-2.357771,0.000000,0.000000,-2.199427,0.000000,-1.925899,0.000000,0.000000,-1.982110,0.000000,-2.358791,0.000000,-2.177320,0.000000,-1.989584,0.000000,-2.238500,0.000000,-2.642708,-2.704077,0.000000,-2.520998,-2.518872,0.000000,-3.121059,-2.792717,-2.301919,0.000000,-2.536883,-2.952448,-3.012343,-2.440422,-2.962352,-2.633463,-2.638706,-2.742561,-2.741265,-2.566811,-2.846951,-5.250814,-2.995103,-2.463563,-4.588910,-2.582044,-3.273031,-5.929910,-2.937119,-5.947658,-5.100440,-2.631152,-5.910440,-4.979125,-5.364815,-5.188926,-5.916836,-5.046458,-5.951413,-5.929631,-5.002768,-8.178568,-9.072378
43,0.000144,0.224300,976.07,956.95,2343.75,0.588553,0.066667,234.38,0.028302,5.8180,-1.831214,0.000000,0.000000,0.000000,0.000000,0.000000,0.000000,0.000000,0.000000,0.000000,0.000000,0.000000,0.000000,0.000000,0.000000,0.000000,0.000000,0.000000,-1.936801,0.000000,0.000000,0.000000,0.000000,0.000000,0.000000,0.000000,0.000000,0.000000,0.000000,0.000000,0.000000,-1.672114,0.000000,0.000000,0.000000,0.000000,0.000000,0.000000,0.000000,-2.034446,0.000000,0.000000,0.000000,0.000000,0.000000,0.000000,-1.548182,0.000000,0.000000,0.000000,0.000000,0.000000,-1.604407,0.000000,0.000000,0.000000,-1.985759,0.000000,0.000000,0.000000,-1.658145,0.000000,0.000000,0.000000,-1.776539,0.000000,0.000000,-1.920156,0.000000,0.000000,-1.845526,0.000000,-1.902906,0.000000,0.000000,-2.226244,0.000000,-2.589554,0.000000,-2.034777,0.000000,-1.925493,0.000000,-2.315907,0.000000,-3.026364,-2.423425,0.000000,-2.299477,-2.521077,0.000000,-2.906667,-2.518846,-2.314042,0.000000,-2.423060,-2.569865,-2.446877,-2.466198,-2.715056,-2.678133,-2.686108,-2.906097,-2.955092,-2.737851,-2.521983,-5.084310,-2.645339,-2.406080,-5.014072,-2.885844,-3.522863,-5.388680,-3.810467,-5.932437,-5.615662,-2.509112,-5.909894,-5.129932,-5.059989,-4.855411,-5.254292,-5.582339,-5.255539,-5.056371,-5.671557,-9.360611,-8.862458
48,0.000092,0.338935,852.44,969.38,2203.12,0.528786,0.133333,234.38,0.045447,7.8861,-1.958838,0.000000,0.000000,0.000000,0.000000,0.000000,0.000000,0.000000,0.000000,0.000000,0.000000,0.000000,0.000000,0.000000,0.000000,0.000000,0.000000,0.000000,-1.617620,0.000000,0.000000,0.000000,0.000000,0.000000,0.000000,0.000000,0.000000,0.000000,0.000000,0.000000,0.000000,-1.399732,0.000000,0.000000,0.000000,0.000000,0.000000,0.000000,0.000000,-1.439660,0.000000,0.000000,0.000000,0.000000,0.000000,0.000000,-1.342499,0.000000,0.000000,0.000000,0.000000,0.000000,-1.376145,0.000000,0.000000,0.000000,-1.573050,0.000000,0.000000,0.000000,-1.993998,0.000000,0.000000,0.000000,-2.128587,0.000000,0.000000,-2.178429,0.000000,0.000000,-1.843127,0.000000,-2.059948,0.000000,0.000000,-2.681169,0.000000,-2.375848,0.000000,-2.038273,0.000000,-2.226302,0.000000,-2.181978,0.000000,-2.296876,-2.214485,0.000000,-2.646363,-2.489276,0.000000,-2.611745,-2.391786,-2.781650,0.000000,-2.689435,-2.701001,-2.501322,-2.732038,-3.028991,-3.320966,-2.699241,-2.692296,-2.684799,-3.061876,-2.646536,-5.658648,-2.483691,-2.898395,-6.026068,-3.076961,-2.960486,-5.019922,-2.494690,-5.187192,-5.195847,-2.562415,-5.718165,-5.276929,-5.345963,-5.382209,-5.159016,-5.558133,-4.958491,-5.102642,-5.652917,-8.119769,-8.261578
53,0.000117,0.162596,867.86,980.08,2203.12,0.505321,0.098039,281.25,0.049111,8.7048,-2.118958,0.000000,0.000000,0.000000,0.000000,0.000000,0.000000,0.000000,0.000000,0.000000,0.000000,0.000000,0.000000,0.000000,0.000000,0.000000,0.000000,0.000000,-1.649603,0.000000,0.000000,0.000000,0.000000,0.000000,0.000000,0.000000,0.000000,0.000000,0.000000,0.000000,0.000000,-1.471761,0.000000,0.000000,0.000000,0.000000,0.000000,0.000000,0.000000,-1.421405,0.000000,0.000000,0.000000,0.000000,0.000000,0.000000,-1.665478,0.000000,0.000000,0.000000,0.000000,0.000000,-1.308818,0.000000,0.000000,0.000000,-1.322160,0.000000,0.000000,0.000000,-1.719385,0.000000,0.000000,0.000000,-2.314406,0.000000,0.000000,-2.424523,0.000000,0.000000,-2.112654,0.000000,-2.177781,0.000000,0.000000,-2.173505,0.000000,-2.193793,0.000000,-2.043167,0.000000,-2.409755,0.000000,-2.346211,0.000000,-2.200766,-2.236624,0.000000,-2.430349,-2.447074,0.000000,-2.595091,-2.425408,-2.547008,0.000000,-2.797897,-2.879052,-2.894219,-3.257329,-3.363913,-3.462333,-2.600139,-2.382258,-2.618590,-3.119677,-3.215367,-5.394286,-2.583346,-3.009289,-5.659168,-2.832179,-2.872514,-5.455136,-2.469157,-5.690362,-5.917791,-2.806185,-5.092584,-5.223351,-5.321951,-5.419235,-5.556732,-5.437947,-4.900302,-4.792377,-5.193663,-7.986623,-8.914889
59,0.000162,0.227966,951.75,960.15,2296.88,0.617785,0.058824,328.12,0.045858,7.7516,-1.823175,0.000000,0.000000,0.000000,0.000000,0.000000,0.000000,0.000000,0.000000,0.000000,0.000000,0.000000,0.000000,0.000000,0.000000,0.000000,0.000000,0.000000,-1.628221,0.000000,0.000000,0.000000,0.000000,0.000000,0.000000,0.000000,0.000000,0.000000,0.000000,0.000000,0.000000,-1.719247,0.000000,0.000000,0.000000,0.000000,0.000000,0.000000,0.000000,-1.586365,0.000000,0.000000,0.000000,0.000000,0.000000,0.000000,-1.581173,0.000000,0.000000,0.000000,0.000000,0.000000,-1.381470,0.000000,0.000000,0.000000,-1.338587,0.000000,0.000000,0.000000,-2.396647,0.000000,0.000000,0.000000,-1.821434,0.000000,0.000000,-1.938171,0.000000,0.000000,-1.980294,0.000000,-2.187761,0.000000,0.000000,-2.484574,0.000000,-1.988992,0.000000,-1.883310,0.000000,-2.363745,0.000000,-2.315336,0.000000,-2.701952,-2.245552,0.000000,-3.019572,-2.192638,0.000000,-2.303864,-2.322619,-2.743774,0.000000,-2.263865,-2.485628,-2.460496,-2.642425,-2.600274,-2.454017,-2.442738,-2.754559,-2.339619,-2.545115,-2.530688,-5.349548,-2.473606,-2.590280,-5.169641,-2.555081,-2.581127,-4.940594,-2.952273,-5.363357,-5.164816,-2.806357,-4.632436,-5.265793,-5.335172,-5.206850,-5.217300,-4.950229,-5.116533,-5.590687,-5.454930,-8.284245,-8.316877
64,0.000162,0.357252,974.68,923.08,2156.25,0.633174,0.058824,328.12,0.058059,6.7631,-1.820561,0.000000,0.000000,0.000000,0.000000,0.000000,0.000000,0.000000,0.000000,0.000000,0.000000,0.000000,0.000000,0.000000,0.000000,0.000000,0.000000,0.000000,-1.812275,0.000000,0.000000,0.000000,0.000000,0.000000,0.000000,0.000000,0.000000,0.000000,0.000000,0.000000,0.000000,-1.360586,0.000000,0.000000,0.000000,0.000000,0.000000,0.000000,0.000000,-1.318813,0.000000,0.000000,0.000000,0.000000,0.000000,0.000000,-1.537036,0.000000,0.000000,0.000000,0.000000,0.000000,-1.427909,0.000000,0.000000,0.000000,-1.236133,0.000000,0.000000,0.000000,-1.647828,0.000000,0.000000,0.000000,-1.904716,0.000000,0.000000,-1.620718,0.000000,0.000000,-1.715469,0.000000,-2.022417,0.000000,0.000000,-2.174547,0.000000,-1.931819,0.000000,-1.991796,0.000000,-2.074834,0.000000,-2.050529,0.000000,-2.017162,-2.087236,0.000000,-2.252510,-2.145451,0.000000,-2.001151,-2.135648,-2.219464,0.000000,-2.063084,-2.031729,-2.185770,-2.579081,-2.301635,-2.122401,-2.340393,-2.721452,-2.313344,-2.159226,-2.350348,-5.057714,-2.233022,-2.216439,-4.458440,-2.321895,-2.336328,-4.591413,-2.341113,-4.631520,-4.803494,-2.422342,-4.492415,-4.496803,-5.093271,-5.204221,-5.376277,-5.994171,-6.118470,-5.412776,-5.756132,-7.342139,-7.481390
69,0.000159,0.178787,878.68,928.90,2015.62,0.552677,0.058824,281.25,0.074491,9.1100,-1.857829,0.000000,0.000000,0.000000,0.000000,0.000000,0.000000,0.000000,0.000000,0.000000,0.000000,0.000000,0.000000,0.000000,0.000000,0.000000,0.000000,0.000000,-1.354552,0.000000,0.000000,0.000000,0.000000,0.000000,0.000000,0.000000,0.000000,0.000000,0.000000,0.000000,0.000000,-1.322673,0.000000,0.000000,0.000000,0.000000,0.000000,0.000000,0.000000,-1.767867,0.000000,0.000000,0.000000,0.000000,0.000000,0.000000,-1.466710,0.000000,0.000000,0.000000,0.000000,0.000000,-1.127895,0.000000,0.000000,0.000000,-1.140514,0.000000,0.000000,0.000000,-1.675344,0.000000,0.000000,0.000000,-2.137285,0.000000,0.000000,-1.717368,0.000000,0.000000,-1.793571,0.000000,-2.816946,0.000000,0.000000,-2.370003,0.000000,-1.986310,0.000000,-2.216065,0.000000,-2.213059,0.000000,-2.312416,0.000000,-2.153193,-2.194132,0.000000,-2.626859,-2.489565,0.000000,-2.105047,-2.355268,-2.489812,0.000000,-2.272573,-2.189754,-2.203385,-2.517424,-2.304930,-2.179869,-2.265004,-2.709495,-2.393398,-2.336869,-2.329739,-4.627473,-2.207711,-2.483061,-4.804912,-2.612758,-2.663482,-5.317880,-2.439205,-5.049823,-5.528535,-2.489367,-5.401994,-4.562743,-4.908813,-4.439572,-5.197307,-5.350239,-6.070010,-5.405337,-5.291577,-7.826307,-7.799945
75,0.000151,0.101999,814.92,955.67,2109.38,0.472729,0.082353,281.25,0.087073,12.3486,-1.623547,0.000000,0.000000,0.000000,0.000000,0.000000,0.000000,0.000000,0.000000,0.000000,0.000000,0.000000,0.000000,0.000000,0.000000,0.000000,0.000000,0.000000,-1.352780,0.000000,0.000000,0.000000,0.000000,0.000000,0.000000,0.000000,0.000000,0.000000,0.000000,0.000000,0.000000,-1.362895,0.000000,0.000000,0.000000,0.000000,0.000000,0.000000,0.000000,-1.661620,0.000000,0.000000,0.000000,0.000000,0.000000,0.000000,-1.529971,0.000000,0.000000,0.000000,0.000000,0.000000,-1.060117,0.000000,0.000000,0.000000,-1.229673,0.000000,0.000000,0.000000,-1.824024,0.000000,0.000000,0.000000,-2.557948,0.000000,0.000000,-2.055529,0.000000,0.000000,-1.904565,0.000000,-2.368149,0.000000,0.000000,-2.822597,0.000000,-2.194788,0.000000,-1.974888,0.000000,-2.166016,0.000000,-2.609463,0.000000,-2.930548,-2.654120,0.000000,-2.917677,-2.605908,0.000000,-2.513258,-2.334117,-2.511642,0.000000,-3.212636,-3.027801,-2.601116,-2.466533,-2.614693,-2.806918,-2.413661,-2.686422,-2.653837,-3.095341,-2.469611,-4.898490,-2.581451,-2.713094,-4.844701,-2.558770,-3.000856,-4.927201,-2.860325,-4.960783,-4.770232,-2.980096,-5.736806,-5.802071,-4.895472,-4.580227,-5.419955,-5.272045,-5.486987,-5.130841,-5.650148,-7.993712,-7.905452
80,0.000173,0.223625,832.08,988.96,2296.88,0.450744,0.039216,234.38,0.089735,14.4117,-1.908030,0.000000,0.000000,0.000000,0.000000,0.000000,0.000000,0.000000,0.000000,0.000000,0.000000,0.000000,0.000000,0.000000,0.000000,0.000000,0.000000,0.000000,-1.642336,0.000000,0.000000,0.000000,0.000000,0.000000,0.000000,0.000000,0.000000,0.000000,0.000000,0.000000,0.000000,-1.852760,0.000000,0.000000,0.000000,0.000000,0.000000,0.000000,0.000000,-1.349493,0.000000,0.000000,0.000000,0.000000,0.000000,0.000000,-1.047037,0.000000,0.000000,0.000000,0.000000,0.000000,-1.083608,0.000000,0.000000,0.000000,-1.610234,0.000000,0.000000,0.000000,-2.255806,0.000000,0.000000,0.000000,-2.545168,0.000000,0.000000,-2.312560,0.000000,0.000000,-2.075182,0.000000,-2.212151,0.000000,0.000000,-2.901461,0.000000,-2.399094,0.000000,-2.165293,0.000000,-2.328517,0.000000,-2.570467,0.000000,-2.858712,-3.013164,0.000000,-2.686752,-2.685217,0.000000,-2.872233,-2.566384,-2.605872,0.000000,-2.919732,-2.992430,-2.914278,-3.385204,-3.009658,-2.828482,-2.709746,-2.795578,-2.841643,-2.702692,-2.581994,-5.465298,-2.619319,-2.492480,-6.024611,-2.552638,-2.458101,-5.078436,-2.705050,-5.398508,-4.663236,-2.699286,-5.720715,-5.353867,-5.212056,-4.548968,-5.598927,-5.187016,-4.825822,-5.046796,-5.898603,-8.473492,-8.134448
85,0.000167,0.191877,772.48,896.40,1921.88,0.435305,0.070588,234.38,0.096243,14.8886,-2.586659,0.000000,0.000000,0.000000,0.000000,0.000000,0.000000,0.000000,0.000000,0.000000,0.000000,0.000000,0.000000,0.000000,0.000000,0.000000,0.000000,0.000000,-2.026824,0.000000,0.000000,0.000000,0.000000,0.000000,0.000000,0.000000,0.000000,0.000000,0.000000,0.000000,0.000000,-1.625620,0.000000,0.000000,0.000000,0.000000,0.000000,0.000000,0.000000,-1.259691,0.000000,0.000000,0.000000,0.000000,0.000000,0.000000,-1.016632,0.000000,0.000000,0.000000,0.000000,0.000000,-1.131282,0.000000,0.000000,0.000000,-1.933181,0.000000,0.000000,0.000000,-1.780228,0.000000,0.000000,0.000000,-1.966470,0.000000,0.000000,-2.138032,0.000000,0.000000,-1.932680,0.000000,-2.409467,0.000000,0.000000,-2.147851,0.000000,-2.223497,0.000000,-2.041609,0.000000,-2.205340,0.000000,-2.353426,0.000000,-2.557466,-2.477534,0.000000,-2.300092,-2.296202,0.000000,-2.792029,-2.435881,-2.748050,0.000000,-2.589974,-2.551651,-2.536535,-2.606494,-2.474312,-2.667249,-2.626318,-3.579488,-2.814066,-3.162736,-2.646280,-5.402192,-2.604867,-2.630784,-6.290651,-2.729511,-2.314351,-5.173170,-2.672063,-5.354336,-5.026310,-2.734719,-5.807490,-5.928943,-5.770801,-5.411769,-5.732005,-6.103035,-4.870809,-4.944160,-5.779082,-8.556940,-8.823176
91,0.000202,0.411210,950.07,931.96,2109.38,0.576544,0.047059,281.25,0.092451,10.5010,-2.312415,0.000000,0.000000,0.000000,0.000000,0.000000,0.000000,0.000000,0.000000,0.000000,0.000000,0.000000,0.000000,0.000000,0.000000,0.000000,0.000000,0.000000,-2.208266,0.000000,0.000000,0.000000,0.000000,0.000000,0.000000,0.000000,0.000000,0.000000,0.000000,0.000000,0.000000,-1.492569,0.000000,0.000000,0.000000,0.000000,0.000000,0.000000,0.000000,-1.430861,0.000000,0.000000,0.000000,0.000000,0.000000,0.000000,-1.501537,0.000000,0.000000,0.000000,0.000000,0.000000,-1.034090,0.000000,0.000000,0.000000,-1.209256,0.000000,0.000000,0.000000,-1.771505,0.000000,0.000000,0.000000,-1.741957,0.000000,0.000000,-1.567100,0.000000,0.000000,-1.691787,0.000000,-2.287608,0.000000,0.000000,-1.954343,0.000000,-1.725744,0.000000,-1.808424,0.000000,-2.162403,0.000000,-1.995889,0.000000,-1.894111,-1.980922,0.000000,-2.601387,-2.086387,0.000000,-1.997775,-2.165770,-2.651747,0.000000,-2.250129,-2.080577,-2.173479,-2.567797,-2.228383,-2.069453,-2.225848,-2.607083,-2.655196,-2.388746,-2.671998,-5.340495,-2.324259,-2.498756,-5.197048,-2.205032,-2.143348,-5.034528,-2.255214,-5.148037,-4.746018,-3.035545,-5.501150,-4.949927,-5.422689,-4.591599,-5.381698,-5.294414,-4.909775,-4.437818,-5.125647,-7.695831,-7.655373
96,0.000152,0.225097,982.99,918.91,2109.38,0.644745,0.090196,281.25,0.102266,9.6539,-1.895898,0.000000,0.000000,0.000000,0.000000,0.000000,0.000000,0.000000,0.000000,0.000000,0.000000,0.000000,0.000000,0.000000,0.000000,0.000000,0.000000,0.000000,-1.609103,0.000000,0.000000,0.000000,0.000000,0.000000,0.000000,0.000000,0.000000,0.000000,0.000000,0.000000,0.000000,-1.464436,0.000000,0.000000,0.000000,0.000000,0.000000,0.000000,0.000000,-2.107613,0.000000,0.000000,0.000000,0.000000,0.000000,0.000000,-1.308373,0.000000,0.000000,0.000000,0.000000,0.000000,-0.990268,0.000000,0.000000,0.000000,-1.142036,0.000000,0.000000,0.000000,-1.610142,0.000000,0.000000,0.000000,-1.624145,0.000000,0.000000,-1.552999,0.000000,0.000000,-1.666548,0.000000,-1.980206,0.000000,0.000000,-1.831966,0.000000,-1.729225,0.000000,-1.923005,0.000000,-2.390462,0.000000,-2.007513,0.000000,-1.801326,-1.875742,0.000000,-2.143486,-2.044481,0.000000,-1.922443,-2.091751,-2.497397,0.000000,-2.226265,-2.077313,-2.189914,-2.528374,-2.200837,-1.971787,-2.066533,-2.256849,-2.222098,-2.226054,-2.294187,-4.520176,-2.153245,-2.195146,-4.484859,-2.030925,-2.086336,-4.459543,-2.146854,-4.968761,-4.654363,-2.437294,-4.852385,-4.611614,-4.632376,-4.356514,-4.860947,-4.922861,-5.170625,-4.735070,-5.326927,-7.535631,-7.805394
101,0.000179,0.150353,792.65,877.45,1875.00,0.444963,0.023529,281.25,0.102568,12.5229,-1.590747,0.000000,0.000000,0.000000,0.000000,0.000000,0.000000,0.000000,0.000000,0.000000,0.000000,0.000000,0.000000,0.000000,0.000000,0.000000,0.000000,0.000000,-1.475376,0.000000,0.000000,0.000000,0.000000,0.000000,0.000000,0.000000,0.000000,0.000000,0.000000,0.000000,0.000000,-1.505468,0.000000,0.000000,0.000000,0.000000,0.000000,0.000000,0.000000,-1.503289,0.000000,0.000000,0.000000,0.000000,0.000000,0.000000,-1.161456,0.000000,0.000000,0.000000,0.000000,0.000000,-0.988990,0.000000,0.000000,0.000000,-1.514435,0.000000,0.000000,0.000000,-1.512895,0.000000,0.000000,0.000000,-2.168735,0.000000,0.000000,-1.758605,0.000000,0.000000,-3.296379,0.000000,-1.788430,0.000000,0.000000,-2.752345,0.000000,-1.878781,0.000000,-2.401698,0.000000,-2.076354,0.000000,-2.710405,0.000000,-1.994107,-2.423463,0.000000,-2.074562,-2.819933,0.000000,-2.029140,-2.807567,-2.230891,0.000000,-2.913963,-2.212826,-3.323225,-2.342431,-2.626684,-2.095894,-2.534606,-2.527816,-2.436803,-2.320724,-2.784387,-5.145315,-2.220889,-2.693734,-5.079206,-2.178735,-2.649050,-4.859167,-2.211590,-5.368712,-5.419004,-2.588602,-5.655709,-5.442380,-5.080713,-4.740666,-5.761776,-5.429519,-5.055181,-5.622393,-5.930797,-8.326368,-8.834932
107,0.000185,0.269660,861.14,857.45,1828.12,0.546261,0.039216,281.25,0.100211,11.5203,-1.733358,0.000000,0.000000,0.000000,0.000000,0.000000,0.000000,0.000000,0.000000,0.000000,0.000000,0.000000,0.000000,0.000000,0.000000,0.000000,0.000000,0.000000,-1.569167,0.000000,0.000000,0.000000,0.000000,0.000000,0.000000,0.000000,0.000000,0.000000,0.000000,0.000000,0.000000,-1.927082,0.000000,0.000000,0.000000,0.000000,0.000000,0.000000,0.000000,-1.694865,0.000000,0.000000,0.000000,0.000000,0.000000,0.000000,-1.459493,0.000000,0.000000,0.000000,0.000000,0.000000,-0.999084,0.000000,0.000000,0.000000,-1.167365,0.000000,0.000000,0.000000,-1.720818,0.000000,0.000000,0.000000,-1.718770,0.000000,0.000000,-1.625081,0.000000,0.000000,-1.714862,0.000000,-1.968497,0.000000,0.000000,-1.885371,0.000000,-1.832018,0.000000,-1.953210,0.000000,-2.167146,0.000000,-2.030458,0.000000,-1.941392,-2.084280,0.000000,-2.356761,-2.098787,0.000000,-1.917838,-2.067397,-2.391273,0.000000,-2.227912,-2.058811,-2.127520,-2.435941,-2.471752,-2.189271,-2.343345,-2.785955,-2.500342,-2.270973,-2.416027,-4.929604,-2.244875,-2.424120,-5.187509,-2.214607,-2.364524,-5.423553,-2.268300,-5.461123,-5.001275,-2.507030,-5.799745,-4.876904,-4.861669,-5.762448,-5.422153,-4.835230,-5.076525,-5.952048,-5.498807,-7.797339,-8.474497
112,0.000140,0.147245,857.26,926.79,2015.62,0.504187,0.098039,281.25,0.101910,11.6436,-1.648247,0.000000,0.000000,0.000000,0.000000,0.000000,0.000000,0.000000,0.000000,0.000000,0.000000,0.000000,0.000000,0.000000,0.000000,0.000000,0.000000,0.000000,-1.376020,0.000000,0.000000,0.000000,0.000000,0.000000,0.000000,0.000000,0.000000,0.000000,0.000000,0.000000,0.000000,-1.453574,0.000000,0.000000,0.000000,0.000000,0.000000,0.000000,0.000000,-1.879845,0.000000,0.000000,0.000000,0.000000,0.000000,0.000000,-1.277331,0.000000,0.000000,0.000000,0.000000,0.000000,-0.991781,0.000000,0.000000,0.000000,-1.270989,0.000000,0.000000,0.000000,-1.814286,0.000000,0.000000,0.000000,-1.736905,0.000000,0.000000,-1.538466,0.000000,0.000000,-1.804938,0.000000,-2.983832,0.000000,0.000000,-2.116716,0.000000,-1.955798,0.000000,-2.270549,0.000000,-3.450379,0.000000,-2.072077,0.000000,-1.950789,-2.106717,0.000000,-2.436202,-2.118951,0.000000,-1.868706,-2.095740,-2.737986,0.000000,-2.366631,-2.106391,-2.180288,-2.538947,-2.627783,-2.281880,-2.404968,-3.782078,-2.498363,-2.328554,-2.548869,-5.407981,-2.353500,-2.411850,-5.178951,-2.247926,-2.412379,-4.932507,-2.143729,-4.871966,-4.865720,-2.382604,-5.624423,-4.892896,-5.316237,-5.343771,-5.562256,-5.115624,-5.896956,-5.398119,-5.299934,-7.044503,-7.320270
117,0.000151,0.111044,764.24,908.76,1921.88,0.455647,0.086275,281.25,0.096639,12.9484,-1.710615,0.000000,0.000000,0.000000,0.000000,0.000000,0.000000,0.000000,0.000000,0.000000,0.000000,0.000000,0.000000,0.000000,0.000000,0.000000,0.000000,0.000000,-1.413978,0.000000,0.000000,0.000000,0.000000,0.000000,0.000000,0.000000,0.000000,0.000000,0.000000,0.000000,0.000000,-1.529726,0.000000,0.000000,0.000000,0.000000,0.000000,0.000000,0.000000,-1.483872,0.000000,0.000000,0.000000,0.000000,0.000000,0.000000,-1.169968,0.000000,0.000000,0.000000,0.000000,0.000000,-1.014849,0.000000,0.000000,0.000000,-1.432821,0.000000,0.000000,0.000000,-1.716293,0.000000,0.000000,0.000000,-1.979751,0.000000,0.000000,-1.695847,0.000000,0.000000,-2.090281,0.000000,-2.281363,0.000000,0.000000,-2.666954,0.000000,-2.133456,0.000000,-2.440011,0.000000,-2.336110,0.000000,-2.399541,0.000000,-2.280288,-2.942796,0.000000,-2.479688,-2.204318,0.000000,-1.979001,-2.476217,-2.770694,0.000000,-2.613627,-2.467928,-2.946099,-2.592018,-2.552350,-2.447472,-2.784873,-2.467346,-3.422915,-2.494066,-2.728976,-5.618564,-2.502923,-3.032551,-5.251802,-2.379969,-2.945235,-5.015536,-2.264493,-4.888376,-4.769513,-2.896812,-5.601948,-5.837108,-5.373469,-5.628607,-5.283846,-6.181051,-5.567762,-5.275450,-5.113513,-7.833540,-7.724604
123,0.000160,0.156730,844.29,880.04,1921.88,0.519132,0.047059,281.25,0.089520,12.8233,-1.702742,0.000000,0.000000,0.000000,0.000000,0.000000,0.000000,0.000000,0.000000,0.000000,0.000000,0.000000,0.000000,0.000000,0.000000,0.000000,0.000000,0.000000,-1.496366,0.000000,0.000000,0.000000,0.000000,0.000000,0.000000,0.000000,0.000000,0.000000,0.000000,0.000000,0.000000,-1.913241,0.000000,0.000000,0.000000,0.000000,0.000000,0.000000,0.000000,-1.684380,0.000000,0.000000,0.000000,0.000000,0.000000,0.000000,-1.569017,0.000000,0.000000,0.000000,0.000000,0.000000,-1.048081,0.000000,0.000000,0.000000,-1.242024,0.000000,0.000000,0.000000,-1.957227,0.000000,0.000000,0.000000,-1.871430,0.000000,0.000000,-1.683893,0.000000,0.000000,-1.918910,0.000000,-2.245118,0.000000,0.000000,-2.671132,0.000000,-2.036031,0.000000,-2.068004,0.000000,-2.702986,0.000000,-2.674640,0.000000,-2.215383,-2.212706,0.000000,-2.589882,-2.235411,0.000000,-1.979692,-2.329204,-2.498151,0.000000,-2.535446,-2.346139,-2.370039,-2.538252,-2.395194,-2.249424,-2.286825,-2.480404,-2.602812,-2.522885,-2.903645,-5.284683,-2.214431,-2.323609,-5.090718,-2.323847,-2.648447,-5.141190,-2.338183,-5.248186,-4.720485,-2.549443,-5.471513,-5.440027,-6.340175,-5.041137,-5.204807,-5.371257,-6.273791,-5.168864,-5.233706,-9.390364,-8.464752
128,0.000098,0.179527,814.89,861.87,1828.12,0.490795,0.133333,281.25,0.087880,11.8122,-1.673446,0.000000,0.000000,0.000000,0.000000,0.000000,0.000000,0.000000,0.000000,0.000000,0.000000,0.000000,0.000000,0.000000,0.000000,0.000000,0.000000,0.000000,-1.401908,0.000000,0.000000,0.000000,0.000000,0.000000,0.000000,0.000000,0.000000,0.000000,0.000000,0.000000,0.000000,-1.529711,0.000000,0.000000,0.000000,0.000000,0.000000,0.000000,0.000000,-2.283358,0.000000,0.000000,0.000000,0.000000,0.000000,0.000000,-1.350992,0.000000,0.000000,0.000000,0.000000,0.000000,-1.056108,0.000000,0.000000,0.000000,-1.308578,0.000000,0.000000,0.000000,-2.556544,0.000000,0.000000,0.000000,-1.938623,0.000000,0.000000,-1.599697,0.000000,0.000000,-1.794677,0.000000,-2.213617,0.000000,0.000000,-2.139378,0.000000,-2.025399,0.000000,-2.203171,0.000000,-2.364771,0.000000,-2.209685,0.000000,-1.987597,-2.146167,0.000000,-2.686391,-2.265305,0.000000,-1.942271,-2.094352,-2.389234,0.000000,-2.187993,-2.123742,-2.379969,-2.972780,-2.664494,-2.268258,-2.354604,-2.580125,-2.729654,-2.464289,-2.894473,-5.664093,-2.154341,-2.410728,-5.960555,-2.299171,-2.442694,-4.865442,-2.221360,-5.400471,-5.850891,-2.594532,-5.864953,-5.142274,-5.262238,-5.025751,-5.876945,-5.550991,-5.969485,-5.162952,-5.736294,-8.339020,-8.238947
133,0.000111,0.072771,780.08,852.19,1781.25,0.466196,0.117647,281.25,0.077353,12.2204,-2.016329,0.000000,0.000000,0.000000,0.000000,0.000000,0.000000,0.000000,0.000000,0.000000,0.000000,0.000000,0.000000,0.000000,0.000000,0.000000,0.000000,0.000000,-1.526575,0.000000,0.000000,0.000000,0.000000,0.000000,0.000000,0.000000,0.000000,0.000000,0.000000,0.000000,0.000000,-1.546687,0.000000,0.000000,0.000000,0.000000,0.000000,0.000000,0.000000,-1.729861,0.000000,0.000000,0.000000,0.000000,0.000000,0.000000,-1.350700,0.000000,0.000000,0.000000,0.000000,0.000000,-1.111524,0.000000,0.000000,0.000000,-1.402151,0.000000,0.000000,0.000000,-2.004632,0.000000,0.000000,0.000000,-1.873815,0.000000,0.000000,-1.642349,0.000000,0.000000,-1.987794,0.000000,-2.752751,0.000000,0.000000,-2.233422,0.000000,-2.161700,0.000000,-2.972496,0.000000,-2.503817,0.000000,-2.185969,0.000000,-2.028364,-2.320654,0.000000,-3.238795,-2.412535,0.000000,-2.040416,-2.206474,-2.815894,0.000000,-2.392194,-2.281504,-2.476847,-2.997234,-2.601815,-2.544166,-3.144915,-2.596678,-2.927769,-2.441749,-2.481948,-5.299065,-2.349520,-2.657506,-5.639874,-2.267529,-2.452995,-5.558447,-2.330802,-5.076472,-5.538958,-2.937928,-5.994729,-5.595840,-5.949059,-5.318498,-5.948255,-5.387364,-5.903659,-4.920295,-6.082223,-8.675951,-8.915597
139,0.000129,0.115228,960.15,961.53,2156.25,0.556968,0.121569,281.25,0.068621,13.1055,-1.999958,0.000000,0.000000,0.000000,0.000000,0.000000,0.000000,0.000000,0.000000,0.000000,0.000000,0.000000,0.000000,0.000000,0.000000,0.000000,0.000000,0.000000,-1.833287,0.000000,0.000000,0.000000,0.000000,0.000000,0.000000,0.000000,0.000000,0.000000,0.000000,0.000000,0.000000,-2.046875,0.000000,0.000000,0.000000,0.000000,0.000000,0.000000,0.000000,-2.050398,0.000000,0.000000,0.000000,0.000000,0.000000,0.000000,-1.539243,0.000000,0.000000,0.000000,0.000000,0.000000,-1.163541,0.000000,0.000000,0.000000,-1.579045,0.000000,0.000000,0.000000,-2.016818,0.000000,0.000000,0.000000,-1.956786,0.000000,0.000000,-1.682916,0.000000,0.000000,-2.049201,0.000000,-2.452076,0.000000,0.000000,-2.654176,0.000000,-2.093216,0.000000,-2.266515,0.000000,-3.163860,0.000000,-2.368262,0.000000,-2.093827,-2.706460,0.000000,-2.244714,-2.340412,0.000000,-2.036106,-2.343453,-2.645968,0.000000,-2.909127,-2.460894,-2.937892,-2.357573,-2.617017,-2.500168,-2.522835,-3.094051,-2.580009,-2.291487,-2.417338,-5.927579,-2.504308,-2.723216,-5.550718,-2.372605,-2.494007,-5.008144,-2.379993,-5.323404,-6.197738,-2.581667,-5.460384,-7.009152,-6.242094,-5.592906,-5.594207,-5.354297,-5.264932,-4.912737,-5.344844,-8.496444,-7.786463
144,0.000067,0.244574,956.47,928.77,2062.50,0.543268,0.235294,281.25,0.069387,11.6008,-2.511253,0.000000,0.000000,0.000000,0.000000,0.000000,0.000000,0.000000,0.000000,0.000000,0.000000,0.000000,0.000000,0.000000,0.000000,0.000000,0.000000,0.000000,-2.138493,0.000000,0.000000,0.000000,0.000000,0.000000,0.000000,0.000000,0.000000,0.000000,0.000000,0.000000,0.000000,-2.497078,0.000000,0.000000,0.000000,0.000000,0.000000,0.000000,0.000000,-1.957167,0.000000,0.000000,0.000000,0.000000,0.000000,0.000000,-1.347873,0.000000,0.000000,0.000000,0.000000,0.000000,-1.158721,0.000000,0.000000,0.000000,-1.344031,0.000000,0.000000,0.000000,-1.941403,0.000000,0.000000,0.000000,-2.199217,0.000000,0.000000,-1.808262,0.000000,0.000000,-1.844555,0.000000,-2.129190,0.000000,0.000000,-2.148814,0.000000,-2.029080,0.000000,-2.157930,0.000000,-2.814603,0.000000,-2.469475,0.000000,-2.061201,-2.048439,0.000000,-2.126722,-2.035028,0.000000,-2.006370,-2.239768,-2.494112,0.000000,-2.377898,-2.351119,-2.310937,-2.318228,-2.427739,-2.388749,-2.492927,-2.796180,-2.424682,-2.185206,-2.330277,-5.440615,-2.613090,-2.710311,-6.238962,-2.500232,-2.897167,-5.273204,-2.529452,-5.826082,-5.233318,-3.054847,-5.474278,-6.760220,-6.198298,-4.951374,-5.025764,-5.774691,-5.740683,-5.766159,-5.684606,-7.865558,-7.143082
149,0.000087,0.183757,997.75,993.96,2343.75,0.585368,0.176471,281.25,0.040204,7.7887,-2.146986,0.000000,0.000000,0.000000,0.000000,0.000000,0.000000,0.000000,0.000000,0.000000,0.000000,0.000000,0.000000,0.000000,0.000000,0.000000,0.000000,0.000000,-2.117335,0.000000,0.000000,0.000000,0.000000,0.000000,0.000000,0.000000,0.000000,0.000000,0.000000,0.000000,0.000000,-1.992522,0.000000,0.000000,0.000000,0.000000,0.000000,0.000000,0.000000,-1.649238,0.000000,0.000000,0.000000,0.000000,0.000000,0.000000,-1.516034,0.000000,0.000000,0.000000,0.000000,0.000000,-1.395732,0.000000,0.000000,0.000000,-1.466294,0.000000,0.000000,0.000000,-1.624749,0.000000,0.000000,0.000000,-1.911466,0.000000,0.000000,-1.937482,0.000000,0.000000,-2.213976,0.000000,-2.011521,0.000000,0.000000,-2.500555,0.000000,-2.162419,0.000000,-2.419411,0.000000,-2.298897,0.000000,-2.314718,0.000000,-2.051348,-2.482921,0.000000,-2.385893,-2.519995,0.000000,-2.162362,-2.652845,-2.530868,0.000000,-2.744552,-2.611834,-2.583938,-2.548070,-4.186119,-2.687539,-2.659063,-3.253605,-2.592788,-2.399345,-2.398473,-5.695599,-2.817987,-2.577560,-5.254591,-2.387220,-2.664878,-5.586120,-2.660590,-5.669703,-4.705033,-2.603233,-5.283905,-5.838344,-6.007056,-5.340871,-4.612394,-5.641275,-5.433398,-5.528765,-5.692838,-8.364050,-7.486286
155,0.000101,0.136374,1036.08,989.81,2390.62,0.609507,0.129412,281.25,0.026358,5.9076,-2.045052,0.000000,0.000000,0.000000,0.000000,0.000000,0.000000,0.000000,0.000000,0.000000,0.000000,0.000000,0.000000,0.000000,0.000000,0.000000,0.000000,0.000000,-2.515544,0.000000,0.000000,0.000000,0.000000,0.000000,0.000000,0.000000,0.000000,0.000000,0.000000,0.000000,0.000000,-1.845398,0.000000,0.000000,0.000000,0.000000,0.000000,0.000000,0.000000,-1.646349,0.000000,0.000000,0.000000,0.000000,0.000000,0.000000,-1.844925,0.000000,0.000000,0.000000,0.000000,0.000000,-1.579094,0.000000,0.000000,0.000000,-1.868857,0.000000,0.000000,0.000000,-1.605729,0.000000,0.000000,0.000000,-1.957594,0.000000,0.000000,-1.853578,0.000000,0.000000,-1.882118,0.000000,-1.901035,0.000000,0.000000,-2.209740,0.000000,-2.505657,0.000000,-2.479302,0.000000,-2.235269,0.000000,-2.112328,0.000000,-2.098479,-2.337611,0.000000,-2.614956,-2.420490,0.000000,-2.297123,-2.637700,-3.096707,0.000000,-2.840616,-2.751257,-2.660294,-2.834822,-2.942591,-2.835976,-3.118338,-2.778512,-2.975183,-3.068819,-3.093675,-6.094895,-3.101348,-2.630105,-5.445588,-2.298861,-2.441150,-5.331800,-2.790129,-5.242757,-4.776071,-2.776238,-5.323744,-5.214958,-5.647069,-5.243569,-4.790099,-5.546850,-5.762149,-5.562014,-6.002050,-8.346993,-8.555265
160,0.000085,0.279085,1035.08,1021.75,2484.38,0.617429,0.184314,328.12,0.040105,8.0687,-2.093500,0.000000,0.000000,0.000000,0.000000,0.000000,0.000000,0.000000,0.000000,0.000000,0.000000,0.000000,0.000000,0.000000,0.000000,0.000000,0.000000,0.000000,-2.358777,0.000000,0.000000,0.000000,0.000000,0.000000,0.000000,0.000000,0.000000,0.000000,0.000000,0.000000,0.000000,-1.738035,0.000000,0.000000,0.000000,0.000000,0.000000,0.000000,0.000000,-2.384250,0.000000,0.000000,0.000000,0.000000,0.000000,0.000000,-1.563890,0.000000,0.000000,0.000000,0.000000,0.000000,-1.412721,0.000000,0.000000,0.000000,-1.396805,0.000000,0.000000,0.000000,-1.541111,0.000000,0.000000,0.000000,-1.910832,0.000000,0.000000,-2.203691,0.000000,0.000000,-1.893798,0.000000,-2.017276,0.000000,0.000000,-2.388961,0.000000,-2.420602,0.000000,-2.229362,0.000000,-2.818969,0.000000,-2.486163,0.000000,-2.463441,-2.169358,0.000000,-2.480550,-2.368285,0.000000,-2.522414,-2.595052,-2.789106,0.000000,-2.619543,-2.852218,-2.682381,-2.538595,-2.599398,-3.065696,-2.679981,-2.747332,-3.135364,-2.766778,-2.701009,-5.291358,-2.880392,-2.723000,-4.956760,-2.337209,-2.357369,-5.367740,-2.543289,-6.245188,-5.610121,-2.487695,-5.378890,-4.955963,-5.494313,-5.568909,-5.238758,-5.275179,-5.233564,-5.231542,-5.132424,-7.690880,-7.840823
165,0.000117,0.233483,902.42,941.84,2203.12,0.561153,0.098039,234.38,0.035496,7.0281,-1.811433,0.000000,0.000000,0.000000,0.000000,0.000000,0.000000,0.000000,0.000000,0.000000,0.000000,0.000000,0.000000,0.000000,0.000000,0.000000,0.000000,0.000000,-1.777971,0.000000,0.000000,0.000000,0.000000,0.000000,0.000000,0.000000,0.000000,0.000000,0.000000,0.000000,0.000000,-1.724753,0.000000,0.000000,0.000000,0.000000,0.000000,0.000000,0.000000,-1.661082,0.000000,0.000000,0.000000,0.000000,0.000000,0.000000,-1.449820,0.000000,0.000000,0.000000,0.000000,0.000000,-1.849467,0.000000,0.000000,0.000000,-1.554786,0.000000,0.000000,0.000000,-1.530193,0.000000,0.000000,0.000000,-1.687925,0.000000,0.000000,-2.043641,0.000000,0.000000,-2.165544,0.000000,-2.203305,0.000000,0.000000,-2.391141,0.000000,-2.046301,0.000000,-2.132302,0.000000,-2.655931,0.000000,-2.864136,0.000000,-2.373648,-2.287369,0.000000,-2.493512,-2.308843,0.000000,-2.465065,-2.545935,-2.526482,0.000000,-2.489084,-2.733719,-3.010311,-2.522755,-2.343049,-2.544025,-2.543232,-2.653740,-2.692713,-2.655822,-2.670381,-4.911226,-3.114795,-2.925238,-5.411612,-2.944977,-2.631603,-5.763261,-2.808414,-5.477241,-5.716235,-2.504093,-4.912591,-5.207865,-5.608333,-5.140652,-5.368849,-6.101900,-5.940722,-6.796961,-5.269978,-8.437834,-8.664328
171,0.000108,0.212745,889.36,949.44,2156.25,0.525759,0.149020,234.38,0.047382,10.5287,-1.710163,0.000000,0.000000,0.000000,0.000000,0.000000,0.000000,0.000000,0.000000,0.000000,0.000000,0.000000,0.000000,0.000000,0.000000,0.000000,0.000000,0.000000,-2.391095,0.000000,0.000000,0.000000,0.000000,0.000000,0.000000,0.000000,0.000000,0.000000,0.000000,0.000000,0.000000,-1.656036,0.000000,0.000000,0.000000,0.000000,0.000000,0.000000,0.000000,-1.895162,0.000000,0.000000,0.000000,0.000000,0.000000,0.000000,-1.324384,0.000000,0.000000,0.000000,0.000000,0.000000,-1.409495,0.000000,0.000000,0.000000,-1.800539,0.000000,0.000000,0.000000,-2.350940,0.000000,0.000000,0.000000,-1.823179,0.000000,0.000000,-1.994757,0.000000,0.000000,-2.953547,0.000000,-2.615770,0.000000,0.000000,-2.333043,0.000000,-2.142364,0.000000,-2.061614,0.000000,-2.331039,0.000000,-2.483253,0.000000,-2.545339,-2.469563,0.000000,-2.773846,-2.635849,0.000000,-2.260782,-2.361313,-2.640486,0.000000,-2.412068,-2.493673,-2.625708,-2.568022,-2.383201,-2.449766,-2.696716,-3.086142,-3.121320,-2.803857,-3.057673,-5.072248,-2.864137,-3.444717,-6.257480,-2.868702,-2.696426,-5.899387,-2.793721,-5.246782,-5.382465,-4.265293,-5.527176,-6.336397,-5.629213,-4.936002,-5.313341,-5.584316,-5.613280,-5.588325,-6.159040,-7.995001,-8.812672
176,0.000112,0.253033,816.40,947.88,2062.50,0.479755,0.117647,234.38,0.053548,10.4083,-1.722836,0.000000,0.000000,0.000000,0.000000,0.000000,0.000000,0.000000,0.000000,0.000000,0.000000,0.000000,0.000000,0.000000,0.000000,0.000000,0.000000,0.000000,-1.880580,0.000000,0.000000,0.000000,0.000000,0.000000,0.000000,0.000000,0.000000,0.000000,0.000000,0.000000,0.000000,-1.702288,0.000000,0.000000,0.000000,0.000000,0.000000,0.000000,0.000000,-1.442849,0.000000,0.000000,0.000000,0.000000,0.000000,0.000000,-1.271258,0.000000,0.000000,0.000000,0.000000,0.000000,-1.278857,0.000000,0.000000,0.000000,-1.886458,0.000000,0.000000,0.000000,-1.912354,0.000000,0.000000,0.000000,-2.163028,0.000000,0.000000,-2.094359,0.000000,0.000000,-2.127870,0.000000,-2.186810,0.000000,0.000000,-2.312177,0.000000,-2.190612,0.000000,-2.602827,0.000000,-2.190193,0.000000,-2.256868,0.000000,-2.634424,-3.432391,0.000000,-2.451672,-2.636733,0.000000,-2.300665,-2.280132,-2.508314,0.000000,-2.542508,-2.987379,-2.508775,-2.609129,-2.627546,-2.990345,-2.851043,-2.850803,-2.759955,-2.601525,-2.607780,-6.253252,-2.772829,-3.183337,-6.977825,-3.488685,-2.730310,-5.808774,-2.700994,-5.273419,-5.190770,-2.691900,-5.433308,-6.227313,-6.511816,-5.219574,-5.518075,-5.443907,-5.689078,-5.396398,-5.403556,-7.999525,-8.253460
181,0.000105,0.258008,839.22,909.19,1875.00,0.497283,0.129412,281.25,0.056249,10.3120,-1.741891,0.000000,0.000000,0.000000,0.000000,0.000000,0.000000,0.000000,0.000000,0.000000,0.000000,0.000000,0.000000,0.000000,0.000000,0.000000,0.000000,0.000000,-1.806209,0.000000,0.000000,0.000000,0.000000,0.000000,0.000000,0.000000,0.000000,0.000000,0.000000,0.000000,0.000000,-1.663866,0.000000,0.000000,0.000000,0.000000,0.000000,0.000000,0.000000,-1.690263,0.000000,0.000000,0.000000,0.000000,0.000000,0.000000,-1.800454,0.000000,0.000000,0.000000,0.000000,0.000000,-1.249886,0.000000,0.000000,0.000000,-1.339297,0.000000,0.000000,0.000000,-1.734984,0.000000,0.000000,0.000000,-2.353359,0.000000,0.000000,-2.124878,0.000000,0.000000,-1.918720,0.000000,-2.063199,0.000000,0.000000,-2.027454,0.000000,-2.092712,0.000000,-2.459800,0.000000,-2.286138,0.000000,-2.012647,0.000000,-2.101037,-2.279814,0.000000,-2.388599,-2.488327,0.000000,-2.601317,-2.578879,-2.658202,0.000000,-2.415656,-2.281287,-2.398113,-2.592314,-2.378340,-2.493783,-2.775424,-2.798726,-2.910918,-2.565756,-2.699908,-6.075825,-2.689682,-2.697159,-6.406366,-2.726568,-2.623082,-6.006841,-2.438521,-5.622242,-5.367347,-2.745541,-5.224368,-6.253965,-6.708478,-5.270710,-5.949203,-5.919979,-6.213418,-5.553028,-5.801002,-9.063317,-7.368011
187,0.000104,0.120635,898.71,952.90,2156.25,0.548265,0.078431,281.25,0.055586,10.2792,-1.847778,0.000000,0.000000,0.000000,0.000000,0.000000,0.000000,0.000000,0.000000,0.000000,0.000000,0.000000,0.000000,0.000000,0.000000,0.000000,0.000000,0.000000,-1.630051,0.000000,0.000000,0.000000,0.000000,0.000000,0.000000,0.000000,0.000000,0.000000,0.000000,0.000000,0.000000,-1.578560,0.000000,0.000000,0.000000,0.000000,0.000000,0.000000,0.000000,-1.795654,0.000000,0.000000,0.000000,0.000000,0.000000,0.000000,-1.726897,0.000000,0.000000,0.000000,0.000000,0.000000,-1.255032,0.000000,0.000000,0.000000,-1.360303,0.000000,0.000000,0.000000,-1.788042,0.000000,0.000000,0.000000,-2.685029,0.000000,0.000000,-2.051487,0.000000,0.000000,-1.939307,0.000000,-2.701321,0.000000,0.000000,-2.251630,0.000000,-2.234894,0.000000,-2.505425,0.000000,-2.382869,0.000000,-2.145876,0.000000,-2.077331,-2.257303,0.000000,-2.920258,-3.245619,0.000000,-3.258110,-2.995796,-2.461668,0.000000,-2.337504,-2.371150,-2.426157,-2.632810,-2.343396,-2.307912,-2.509018,-2.773624,-2.516227,-2.541789,-2.818245,-5.295794,-2.637240,-2.654275,-5.583808,-2.861175,-2.549657,-5.058650,-2.518594,-5.370323,-5.215524,-2.620330,-4.819335,-6.198617,-5.834301,-5.560924,-5.800223,-5.399751,-5.719637,-5.585693,-5.159598,-8.141148,-8.341464
192,0.000106,0.215188,918.86,973.22,2250.00,0.532751,0.129412,281.25,0.054461,11.5802,-2.018368,0.000000,0.000000,0.000000,0.000000,0.000000,0.000000,0.000000,0.000000,0.000000,0.000000,0.000000,0.000000,0.000000,0.000000,0.000000,0.000000,0.000000,-2.059114,0.000000,0.000000,0.000000,0.000000,0.000000,0.000000,0.000000,0.000000,0.000000,0.000000,0.000000,0.000000,-2.022179,0.000000,0.000000,0.000000,0.000000,0.000000,0.000000,0.000000,-1.576155,0.000000,0.000000,0.000000,0.000000,0.000000,0.000000,-1.319580,0.000000,0.000000,0.000000,0.000000,0.000000,-1.263918,0.000000,0.000000,0.000000,-2.120520,0.000000,0.000000,0.000000,-1.746948,0.000000,0.000000,0.000000,-2.241431,0.000000,0.000000,-1.960207,0.000000,0.000000,-2.175180,0.000000,-2.067132,0.000000,0.000000,-2.281413,0.000000,-2.255088,0.000000,-2.498299,0.000000,-2.531058,0.000000,-2.948465,0.000000,-2.361654,-2.725014,0.000000,-2.680924,-2.730124,0.000000,-2.667681,-2.778838,-2.383351,0.000000,-2.907648,-2.777282,-2.746510,-2.406799,-3.319577,-2.413949,-2.766628,-3.346316,-2.553923,-2.267044,-2.484945,-5.455853,-3.028891,-3.063764,-6.025033,-3.263511,-2.574186,-5.151242,-2.777460,-5.324759,-5.226882,-2.343713,-4.885006,-6.314719,-6.041337,-5.769234,-5.408987,-5.557091,-5.619730,-5.841002,-5.557262,-8.292025,-8.158364
197,0.000099,0.259933,946.90,948.18,2109.38,0.598034,0.164706,281.25,0.056265,10.4987,-1.877908,0.000000,0.000000,0.000000,0.000000,0.000000,0.000000,0.000000,0.000000,0.000000,0.000000,0.000000,0.000000,0.000000,0.000000,0.000000,0.000000,0.000000,-2.005765,0.000000,0.000000,0.000000,0.000000,0.000000,0.000000,0.000000,0.000000,0.000000,0.000000,0.000000,0.000000,-1.869814,0.000000,0.000000,0.000000,0.000000,0.000000,0.000000,0.000000,-1.759966,0.000000,0.000000,0.000000,0.000000,0.000000,0.000000,-1.583796,0.000000,0.000000,0.000000,0.000000,0.000000,-1.249759,0.000000,0.000000,0.000000,-1.418791,0.000000,0.000000,0.000000,-1.794845,0.000000,0.000000,0.000000,-1.869849,0.000000,0.000000,-1.976759,0.000000,0.000000,-2.436887,0.000000,-2.287505,0.000000,0.000000,-2.069967,0.000000,-2.048486,0.000000,-2.315740,0.000000,-2.999073,0.000000,-2.367158,0.000000,-2.214814,-2.396196,0.000000,-2.538564,-2.458886,0.000000,-2.393301,-2.369486,-2.407423,0.000000,-2.477699,-2.572440,-2.511984,-2.583678,-2.529688,-2.497665,-2.712668,-2.893454,-2.474200,-2.279553,-2.356769,-4.882593,-2.507607,-2.631185,-5.912134,-2.778600,-2.458327,-4.758303,-2.680227,-5.120558,-5.235219,-2.435657,-5.341680,-6.000545,-5.607041,-5.718140,-5.803748,-5.350114,-5.618122,-5.555605,-5.204519,-9.145664,-7.716415
203,0.000118,0.113760,876.61,966.39,2203.12,0.536767,0.101961,281.25,0.054060,11.2939,-1.685345,0.000000,0.000000,0.000000,0.000000,0.000000,0.000000,0.000000,0.000000,0.000000,0.000000,0.000000,0.000000,0.000000,0.000000,0.000000,0.000000,0.000000,-1.636474,0.000000,0.000000,0.000000,0.000000,0.000000,0.000000,0.000000,0.000000,0.000000,0.000000,0.000000,0.000000,-1.763398,0.000000,0.000000,0.000000,0.000000,0.000000,0.000000,0.000000,-1.957458,0.000000,0.000000,0.000000,0.000000,0.000000,0.000000,-1.585887,0.000000,0.000000,0.000000,0.000000,0.000000,-1.267125,0.000000,0.000000,0.000000,-1.486680,0.000000,0.000000,0.000000,-2.008312,0.000000,0.000000,0.000000,-2.040327,0.000000,0.000000,-2.083591,0.000000,0.000000,-2.302849,0.000000,-3.017063,0.000000,0.000000,-2.306608,0.000000,-2.235522,0.000000,-2.266054,0.000000,-2.415932,0.000000,-2.238229,0.000000,-2.281882,-2.382085,0.000000,-3.082957,-2.781024,0.000000,-2.595860,-2.719966,-2.852766,0.000000,-2.714908,-2.734327,-2.686430,-2.949850,-2.662412,-2.495770,-3.085504,-2.613035,-3.158971,-2.476492,-2.765603,-5.300555,-2.578728,-2.675321,-5.942845,-2.577555,-2.933622,-5.031348,-2.978045,-5.492987,-5.236595,-2.520593,-5.372008,-6.204275,-5.200403,-5.314935,-6.277886,-5.679958,-5.746915,-5.313644,-5.404849,-8.277960,-8.866079
208,0.000135,0.259962,834.46,934.99,2015.62,0.485880,0.078431,281.25,0.055765,11.7664,-1.920152,0.000000,0.000000,0.000000,0.000000,0.000000,0.000000,0.000000,0.000000,0.000000,0.000000,0.000000,0.000000,0.000000,0.000000,0.000000,0.000000,0.000000,-2.042380,0.000000,0.000000,0.000000,0.000000,0.000000,0.000000,0.000000,0.000000,0.000000,0.000000,0.000000,0.000000,-1.702773,0.000000,0.000000,0.000000,0.000000,0.000000,0.000000,0.000000,-1.560950,0.000000,0.000000,0.000000,0.000000,0.000000,0.000000,-1.286181,0.000000,0.000000,0.000000,0.000000,0.000000,-1.253639,0.000000,0.000000,0.000000,-2.038447,0.000000,0.000000,0.000000,-1.721778,0.000000,0.000000,0.000000,-2.926298,0.000000,0.000000,-2.094319,0.000000,0.000000,-2.227913,0.000000,-2.120172,0.000000,0.000000,-2.712714,0.000000,-2.384411,0.000000,-2.509524,0.000000,-2.153389,0.000000,-3.022018,0.000000,-2.489926,-2.531977,0.000000,-2.323843,-2.497249,0.000000,-2.497513,-2.716964,-2.826267,0.000000,-2.986050,-2.718045,-2.600232,-2.717931,-2.700594,-2.313533,-2.504144,-3.107669,-2.542378,-2.478475,-2.693254,-6.553593,-2.772930,-2.774680,-5.836340,-2.580089,-2.516551,-5.147766,-2.675584,-6.034913,-5.515003,-3.113722,-5.379837,-6.320901,-5.884823,-6.180058,-6.211604,-5.412160,-5.796556,-5.602204,-6.179956,-8.070021,-8.349173
213,0.000124,0.375538,868.76,897.12,1921.88,0.510992,0.074510,281.25,0.068673,11.1248,-2.207912,0.000000,0.000000,0.000000,0.000000,0.000000,0.000000,0.000000,0.000000,0.000000,0.000000,0.000000,0.000000,0.000000,0.000000,0.000000,0.000000,0.000000,-1.806588,0.000000,0.000000,0.000000,0.000000,0.000000,0.000000,0.000000,0.000000,0.000000,0.000000,0.000000,0.000000,-1.603847,0.000000,0.000000,0.000000,0.000000,0.000000,0.000000,0.000000,-1.995889,0.000000,0.000000,0.000000,0.000000,0.000000,0.000000,-1.479738,0.000000,0.000000,0.000000,0.000000,0.000000,-1.163216,0.000000,0.000000,0.000000,-1.308755,0.000000,0.000000,0.000000,-1.833922,0.000000,0.000000,0.000000,-2.008920,0.000000,0.000000,-1.757708,0.000000,0.000000,-1.768405,0.000000,-2.233207,0.000000,0.000000,-2.244595,0.000000,-2.028885,0.000000,-2.100552,0.000000,-2.379426,0.000000,-2.153806,0.000000,-2.053408,-2.045541,0.000000,-2.290892,-2.315046,0.000000,-2.176171,-2.422581,-3.224804,0.000000,-2.811291,-2.411568,-2.281685,-2.697636,-2.548172,-2.153092,-2.293580,-2.671592,-2.506626,-2.516066,-3.377762,-5.704106,-2.480549,-2.477097,-6.071161,-2.530251,-3.121804,-5.511682,-2.718127,-5.485847,-4.999311,-2.568278,-5.542018,-5.856070,-6.163849,-5.246067,-6.337420,-5.152148,-5.269666,-4.851378,-5.906000,-7.678816,-9.037433
219,0.000144,0.195036,918.63,937.14,2109.38,0.577418,0.054902,281.25,0.068074,9.5503,-1.934366,0.000000,0.000000,0.000000,0.000000,0.000000,0.000000,0.000000,0.000000,0.000000,0.000000,0.000000,0.000000,0.000000,0.000000,0.000000,0.000000,0.000000,-1.703278,0.000000,0.000000,0.000000,0.000000,0.000000,0.000000,0.000000,0.000000,0.000000,0.000000,0.000000,0.000000,-1.478909,0.000000,0.000000,0.000000,0.000000,0.000000,0.000000,0.000000,-1.555402,0.000000,0.000000,0.000000,0.000000,0.000000,0.000000,-1.789211,0.000000,0.000000,0.000000,0.000000,0.000000,-1.167016,0.000000,0.000000,0.000000,-1.278027,0.000000,0.000000,0.000000,-1.774653,0.000000,0.000000,0.000000,-1.882337,0.000000,0.000000,-1.661855,0.000000,0.000000,-1.773138,0.000000,-2.166708,0.000000,0.000000,-2.118342,0.000000,-1.943208,0.000000,-2.152552,0.000000,-2.477676,0.000000,-2.099988,0.000000,-1.990051,-2.090098,0.000000,-2.459114,-2.461071,0.000000,-2.160659,-2.224135,-2.540186,0.000000,-2.522666,-2.258308,-2.299770,-2.429063,-2.258825,-2.108610,-2.424465,-3.085585,-2.781181,-2.528191,-2.751068,-4.987254,-2.316632,-2.470204,-5.302683,-2.504484,-2.649750,-4.948455,-2.753659,-5.206378,-4.917427,-2.548723,-5.333698,-5.863439,-6.534309,-5.189919,-5.052932,-4.607059,-4.928417,-4.877296,-5.103127,-8.106895,-8.383245
224,0.000141,0.186764,878.85,951.98,2156.25,0.505029,0.062745,281.25,0.066644,11.3246,-2.155605,0.000000,0.000000,0.000000,0.000000,0.000000,0.000000,0.000000,0.000000,0.000000,0.000000,0.000000,0.000000,0.000000,0.000000,0.000000,0.000000,0.000000,-2.414093,0.000000,0.000000,0.000000,0.000000,0.000000,0.000000,0.000000,0.000000,0.000000,0.000000,0.000000,0.000000,-1.589585,0.000000,0.000000,0.000000,0.000000,0.000000,0.000000,0.000000,-1.385383,0.000000,0.000000,0.000000,0.000000,0.000000,0.000000,-1.208227,0.000000,0.000000,0.000000,0.000000,0.000000,-1.176238,0.000000,0.000000,0.000000,-2.082136,0.000000,0.000000,0.000000,-1.618501,0.000000,0.000000,0.000000,-2.232370,0.000000,0.000000,-1.738511,0.000000,0.000000,-2.392360,0.000000,-2.312864,0.000000,0.000000,-2.238366,0.000000,-1.986237,0.000000,-2.852185,0.000000,-2.143137,0.000000,-2.912537,0.000000,-2.256953,-2.777892,0.000000,-2.585337,-2.651707,0.000000,-2.472423,-2.432658,-2.400463,0.000000,-2.594757,-2.247676,-3.002870,-2.582987,-2.367764,-2.210981,-2.643214,-3.371382,-2.819923,-2.535335,-2.937914,-5.118058,-2.544323,-2.991644,-5.575622,-2.450009,-2.898737,-5.134711,-2.935320,-5.496779,-5.279045,-2.891406,-5.071097,-4.936543,-5.850818,-5.532065,-5.348727,-4.609827,-5.515498,-5.805447,-5.223608,-8.185073,-8.795829
229,0.000095,0.276064,842.17,920.73,2062.50,0.504779,0.152941,281.25,0.069531,10.4039,-1.996480,0.000000,0.000000,0.000000,0.000000,0.000000,0.000000,0.000000,0.000000,0.000000,0.000000,0.000000,0.000000,0.000000,0.000000,0.000000,0.000000,0.000000,-1.676946,0.000000,0.000000,0.000000,0.000000,0.000000,0.000000,0.000000,0.000000,0.000000,0.000000,0.000000,0.000000,-1.424510,0.000000,0.000000,0.000000,0.000000,0.000000,0.000000,0.000000,-2.350945,0.000000,0.000000,0.000000,0.000000,0.000000,0.000000,-1.264784,0.000000,0.000000,0.000000,0.000000,0.000000,-1.157820,0.000000,0.000000,0.000000,-1.369418,0.000000,0.000000,0.000000,-1.608072,0.000000,0.000000,0.000000,-1.766404,0.000000,0.000000,-1.746743,0.000000,0.000000,-1.905375,0.000000,-2.160870,0.000000,0.000000,-2.508794,0.000000,-1.977666,0.000000,-1.978370,0.000000,-2.196644,0.000000,-2.343251,0.000000,-2.255224,-2.367442,0.000000,-2.633594,-2.814497,0.000000,-3.046120,-2.774320,-2.534426,0.000000,-2.429277,-2.187347,-2.256603,-2.625247,-2.604064,-2.456856,-2.654571,-3.188815,-2.802172,-2.594389,-2.710165,-5.581342,-2.692972,-2.563386,-5.404484,-2.385777,-2.464225,-5.626414,-3.036274,-5.599185,-4.853167,-2.406629,-4.802274,-4.646743,-5.345587,-5.708369,-5.912632,-5.288760,-5.924210,-5.443357,-4.850466,-8.211654,-8.277611
235,0.000105,0.209117,795.20,927.86,1968.75,0.469242,0.172549,187.50,0.044227,7.3096,-1.744583,0.000000,0.000000,0.000000,0.000000,0.000000,0.000000,0.000000,0.000000,0.000000,0.000000,0.000000,0.000000,0.000000,0.000000,0.000000,0.000000,0.000000,-1.466602,0.000000,0.000000,0.000000,0.000000,0.000000,0.000000,0.000000,0.000000,0.000000,0.000000,0.000000,0.000000,-1.359127,0.000000,0.000000,0.000000,0.000000,0.000000,0.000000,0.000000,-1.354315,0.000000,0.000000,0.000000,0.000000,0.000000,0.000000,-1.663615,0.000000,0.000000,0.000000,0.000000,0.000000,-1.368312,0.000000,0.000000,0.000000,-1.389811,0.000000,0.000000,0.000000,-1.931522,0.000000,0.000000,0.000000,-2.338637,0.000000,0.000000,-2.019866,0.000000,0.000000,-1.789848,0.000000,-1.970853,0.000000,0.000000,-2.166096,0.000000,-2.072918,0.000000,-2.192491,0.000000,-2.368152,0.000000,-2.817254,0.000000,-2.251070,-2.359637,0.000000,-2.863593,-2.703878,0.000000,-2.868522,-2.723159,-2.890703,0.000000,-2.727989,-2.308553,-2.319189,-2.467565,-3.252433,-2.720483,-3.045748,-3.382003,-2.851471,-2.931957,-2.848393,-4.988459,-2.355701,-2.419285,-5.490267,-2.420953,-2.750973,-6.512821,-2.983803,-5.399086,-5.215107,-2.627741,-5.116409,-4.810636,-5.846944,-5.461802,-5.135631,-5.868648,-6.248731,-5.698702,-4.939931,-9.241508,-7.947366
240,0.000130,0.143100,933.15,1003.68,2390.62,0.556476,0.062745,281.25,0.042739,9.2909,-2.145936,0.000000,0.000000,0.000000,0.000000,0.000000,0.000000,0.000000,0.000000,0.000000,0.000000,0.000000,0.000000,0.000000,0.000000,0.000000,0.000000,0.000000,-1.709221,0.000000,0.000000,0.000000,0.000000,0.000000,0.000000,0.000000,0.000000,0.000000,0.000000,0.000000,0.000000,-1.741609,0.000000,0.000000,0.000000,0.000000,0.000000,0.000000,0.000000,-1.525627,0.000000,0.000000,0.000000,0.000000,0.000000,0.000000,-1.377628,0.000000,0.000000,0.000000,0.000000,0.000000,-1.369173,0.000000,0.000000,0.000000,-2.089429,0.000000,0.000000,0.000000,-1.845869,0.000000,0.000000,0.000000,-2.248051,0.000000,0.000000,-2.190010,0.000000,0.000000,-2.212495,0.000000,-2.005259,0.000000,0.000000,-2.765869,0.000000,-2.228451,0.000000,-2.688757,0.000000,-2.557503,0.000000,-2.708560,0.000000,-2.508311,-2.486900,0.000000,-2.579635,-2.438309,0.000000,-2.609328,-3.419332,-3.179918,0.000000,-2.457820,-2.480620,-2.691197,-2.858729,-2.624050,-2.705220,-3.232515,-2.902275,-2.957471,-2.666449,-2.530416,-5.614295,-2.414429,-2.859160,-5.709025,-2.475918,-2.718227,-6.392188,-3.057155,-5.192113,-5.433791,-2.550873,-5.457513,-5.039870,-5.114977,-5.703750,-5.068006,-5.463559,-5.372193,-5.196892,-5.177167,-8.949374,-8.685445
245,0.000095,0.300132,896.22,968.43,2203.12,0.524307,0.137255,281.25,0.057998,10.0680,-1.716027,0.000000,0.000000,0.000000,0.000000,0.000000,0.000000,0.000000,0.000000,0.000000,0.000000,0.000000,0.000000,0.000000,0.000000,0.000000,0.000000,0.000000,-1.683879,0.000000,0.000000,0.000000,0.000000,0.000000,0.000000,0.000000,0.000000,0.000000,0.000000,0.000000,0.000000,-1.766984,0.000000,0.000000,0.000000,0.000000,0.000000,0.000000,0.000000,-1.710549,0.000000,0.000000,0.000000,0.000000,0.000000,0.000000,-1.285457,0.000000,0.000000,0.000000,0.000000,0.000000,-1.236589,0.000000,0.000000,0.000000,-1.484503,0.000000,0.000000,0.000000,-1.864705,0.000000,0.000000,0.000000,-2.055778,0.000000,0.000000,-1.989150,0.000000,0.000000,-2.095593,0.000000,-3.526411,0.000000,0.000000,-2.067484,0.000000,-1.981857,0.000000,-2.177452,0.000000,-2.941329,0.000000,-3.096491,0.000000,-2.829198,-3.039034,0.000000,-2.777497,-2.457608,0.000000,-2.427818,-2.679773,-2.843417,0.000000,-2.416617,-2.189118,-2.247425,-2.470331,-2.726144,-2.691830,-2.553564,-2.553637,-2.595195,-2.668339,-2.805228,-4.831375,-2.358392,-2.528862,-5.407211,-2.704807,-2.628882,-6.061080,-2.684216,-5.670702,-5.346051,-2.859349,-5.121899,-4.699329,-5.161314,-5.568024,-5.309117,-5.372904,-4.946944,-5.304378,-5.332047,-8.152609,-9.294425
251,0.000096,0.244032,876.14,962.19,2250.00,0.551901,0.109804,328.12,0.043719,7.0178,-1.658923,0.000000,0.000000,0.000000,0.000000,0.000000,0.000000,0.000000,0.000000,0.000000,0.000000,0.000000,0.000000,0.000000,0.000000,0.000000,0.000000,0.000000,-1.516781,0.000000,0.000000,0.000000,0.000000,0.000000,0.000000,0.000000,0.000000,0.000000,0.000000,0.000000,0.000000,-1.506201,0.000000,0.000000,0.000000,0.000000,0.000000,0.000000,0.000000,-1.406965,0.000000,0.000000,0.000000,0.000000,0.000000,0.000000,-1.744720,0.000000,0.000000,0.000000,0.000000,0.000000,-1.374837,0.000000,0.000000,0.000000,-1.359328,0.000000,0.000000,0.000000,-1.807640,0.000000,0.000000,0.000000,-2.034904,0.000000,0.000000,-1.924162,0.000000,0.000000,-1.929494,0.000000,-2.037701,0.000000,0.000000,-1.915934,0.000000,-1.928706,0.000000,-2.220579,0.000000,-2.619997,0.000000,-2.580721,0.000000,-2.518226,-2.585140,0.000000,-2.671812,-2.631065,0.000000,-2.725808,-2.403207,-2.685139,0.000000,-2.434182,-2.327621,-2.274196,-2.303734,-2.623818,-2.696140,-2.850589,-2.501188,-3.379524,-2.800812,-2.806460,-5.363174,-2.435156,-2.675350,-5.490353,-2.832008,-2.506411,-5.524749,-2.562850,-4.963080,-5.464447,-2.613735,-4.765473,-5.185398,-5.406703,-4.740519,-4.729963,-5.407235,-5.443591,-5.854346,-5.209708,-8.376842,-8.437666
256,0.000125,0.175625,951.89,979.20,2296.88,0.580759,0.070588,281.25,0.046478,9.8906,-1.864398,0.000000,0.000000,0.000000,0.000000,0.000000,0.000000,0.000000,0.000000,0.000000,0.000000,0.000000,0.000000,0.000000,0.000000,0.000000,0.000000,0.000000,-1.922705,0.000000,0.000000,0.000000,0.000000,0.000000,0.000000,0.000000,0.000000,0.000000,0.000000,0.000000,0.000000,-1.876928,0.000000,0.000000,0.000000,0.000000,0.000000,0.000000,0.000000,-1.739005,0.000000,0.000000,0.000000,0.000000,0.000000,0.000000,-1.386705,0.000000,0.000000,0.000000,0.000000,0.000000,-1.332750,0.000000,0.000000,0.000000,-2.010662,0.000000,0.000000,0.000000,-1.629260,0.000000,0.000000,0.000000,-2.276063,0.000000,0.000000,-2.027165,0.000000,0.000000,-2.546801,0.000000,-2.128913,0.000000,0.000000,-2.323561,0.000000,-2.140735,0.000000,-2.772267,0.000000,-2.665626,0.000000,-2.479828,0.000000,-2.308122,-3.021963,0.000000,-2.375404,-2.417081,0.000000,-2.621799,-2.628681,-2.346679,0.000000,-2.786320,-2.615598,-2.942391,-2.514022,-2.563040,-2.445383,-2.474157,-2.504130,-2.862063,-2.866320,-2.865245,-5.875399,-2.778013,-3.094897,-5.567546,-2.773760,-2.395180,-5.307250,-2.424913,-5.378325,-5.155730,-2.794907,-5.199636,-5.375358,-5.596126,-5.430527,-5.588465,-5.413340,-5.444354,-5.364721,-5.372187,-9.175818,-8.510098
261,0.000089,0.285375,998.85,1008.01,2437.50,0.596873,0.141176,281.25,0.054681,9.0395,-1.874111,0.000000,0.000000,0.000000,0.000000,0.000000,0.000000,0.000000,0.000000,0.000000,0.000000,0.000000,0.000000,0.000000,0.000000,0.000000,0.000000,0.000000,-2.033756,0.000000,0.000000,0.000000,0.000000,0.000000,0.000000,0.000000,0.000000,0.000000,0.000000,0.000000,0.000000,-1.955635,0.000000,0.000000,0.000000,0.000000,0.000000,0.000000,0.000000,-1.631321,0.000000,0.000000,0.000000,0.000000,0.000000,0.000000,-1.282876,0.000000,0.000000,0.000000,0.000000,0.000000,-1.262163,0.000000,0.000000,0.000000,-1.445911,0.000000,0.000000,0.000000,-1.583259,0.000000,0.000000,0.000000,-1.810227,0.000000,0.000000,-2.118784,0.000000,0.000000,-2.184086,0.000000,-2.283555,0.000000,0.000000,-2.577081,0.000000,-2.614663,0.000000,-2.296253,0.000000,-2.320227,0.000000,-2.259131,0.000000,-2.257008,-2.393716,0.000000,-2.351368,-2.361901,0.000000,-2.687182,-2.797960,-2.459445,0.000000,-2.442714,-2.436441,-2.358357,-2.477150,-2.543425,-2.588760,-2.431454,-2.494061,-3.276837,-3.303661,-2.694845,-5.342587,-2.838488,-2.851613,-4.853544,-2.408768,-2.543510,-5.024475,-2.352605,-4.812806,-5.130894,-2.602371,-4.752745,-4.896788,-5.104476,-4.862740,-5.418480,-5.643834,-4.862217,-4.842191,-5.430965,-7.752606,-8.963974
267,0.000072,0.220613,930.93,1034.89,2390.62,0.541078,0.211765,328.12,0.036459,6.7195,-1.597511,0.000000,0.000000,0.000000,0.000000,0.000000,0.000000,0.000000,0.000000,0.000000,0.000000,0.000000,0.000000,0.000000,0.000000,0.000000,0.000000,0.000000,-1.532006,0.000000,0.000000,0.000000,0.000000,0.000000,0.000000,0.000000,0.000000,0.000000,0.000000,0.000000,0.000000,-1.499723,0.000000,0.000000,0.000000,0.000000,0.000000,0.000000,0.000000,-1.467796,0.000000,0.000000,0.000000,0.000000,0.000000,0.000000,-1.542753,0.000000,0.000000,0.000000,0.000000,0.000000,-1.639158,0.000000,0.000000,0.000000,-1.438197,0.000000,0.000000,0.000000,-1.984712,0.000000,0.000000,0.000000,-1.874246,0.000000,0.000000,-2.423631,0.000000,0.000000,-2.058697,0.000000,-2.636552,0.000000,0.000000,-2.363018,0.000000,-2.365892,0.000000,-2.335799,0.000000,-2.594612,0.000000,-2.523155,0.000000,-2.605241,-2.331144,0.000000,-3.923406,-2.454007,0.000000,-3.215585,-2.652656,-3.057362,0.000000,-2.727452,-2.712979,-2.429628,-2.586985,-2.453748,-2.716363,-2.707313,-2.617851,-2.435179,-2.468603,-2.532720,-5.063531,-2.689820,-2.730314,-5.081421,-2.481979,-2.994492,-5.664324,-2.532240,-5.238929,-5.872136,-2.909376,-4.765334,-5.333467,-6.131599,-5.265821,-5.463747,-5.393588,-5.152610,-5.603242,-5.329087,-7.472143,-8.245567
272,0.000071,0.154753,1050.87,1020.72,2531.25,0.630275,0.188235,328.12,0.025291,5.5894,-1.939699,0.000000,0.000000,0.000000,0.000000,0.000000,0.000000,0.000000,0.000000,0.000000,0.000000,0.000000,0.000000,0.000000,0.000000,0.000000,0.000000,0.000000,-1.623639,0.000000,0.000000,0.000000,0.000000,0.000000,0.000000,0.000000,0.000000,0.000000,0.000000,0.000000,0.000000,-1.637243,0.000000,0.000000,0.000000,0.000000,0.000000,0.000000,0.000000,-1.999946,0.000000,0.000000,0.000000,0.000000,0.000000,0.000000,-2.012776,0.000000,0.000000,0.000000,0.000000,0.000000,-1.663340,0.000000,0.000000,0.000000,-1.597029,0.000000,0.000000,0.000000,-1.886309,0.000000,0.000000,0.000000,-1.923123,0.000000,0.000000,-1.826971,0.000000,0.000000,-2.052279,0.000000,-2.626710,0.000000,0.000000,-2.298774,0.000000,-2.027668,0.000000,-2.310421,0.000000,-2.797459,0.000000,-2.642675,0.000000,-2.331467,-2.347369,0.000000,-2.707733,-2.457833,0.000000,-2.360005,-2.549313,-2.801362,0.000000,-2.757835,-2.603192,-2.772389,-3.345721,-2.668542,-2.391435,-2.588646,-2.569447,-2.423492,-2.459306,-2.776622,-5.888581,-2.494567,-2.599391,-5.203078,-2.376263,-2.664358,-5.767633,-2.797791,-5.647102,-6.195771,-2.881569,-5.266023,-4.831035,-5.399071,-5.447415,-4.812827,-4.803853,-5.349607,-4.970701,-5.607516,-8.469954,-9.612730
277,0.000130,0.164020,1039.50,983.61,2484.38,0.642389,0.082353,281.25,0.035362,9.1318,-1.980158,0.000000,0.000000,0.000000,0.000000,0.000000,0.000000,0.000000,0.000000,0.000000,0.000000,0.000000,0.000000,0.000000,0.000000,0.000000,0.000000,0.000000,-1.874953,0.000000,0.000000,0.000000,0.000000,0.000000,0.000000,0.000000,0.000000,0.000000,0.000000,0.000000,0.000000,-2.188009,0.000000,0.000000,0.000000,0.000000,0.000000,0.000000,0.000000,-2.228135,0.000000,0.000000,0.000000,0.000000,0.000000,0.000000,-1.667276,0.000000,0.000000,0.000000,0.000000,0.000000,-1.451464,0.000000,0.000000,0.000000,-1.924024,0.000000,0.000000,0.000000,-2.102046,0.000000,0.000000,0.000000,-2.255707,0.000000,0.000000,-1.933306,0.000000,0.000000,-2.162024,0.000000,-2.498596,0.000000,0.000000,-2.171147,0.000000,-1.989391,0.000000,-2.137625,0.000000,-2.292310,0.000000,-2.275883,0.000000,-2.348014,-2.419804,0.000000,-2.675765,-2.450271,0.000000,-2.426476,-2.636660,-3.030894,0.000000,-2.821125,-2.679336,-3.347979,-3.135966,-2.791890,-2.427736,-2.664760,-2.782484,-2.671251,-3.026879,-2.576188,-5.702900,-2.611540,-2.755248,-5.282786,-2.546387,-2.867711,-5.292463,-2.825438,-5.768034,-6.348908,-2.823519,-5.884835,-4.851440,-5.283863,-4.981251,-5.251918,-5.453911,-5.633401,-5.617427,-5.533840,-8.870876,-9.083598
283,0.000087,0.336131,831.96,917.21,2062.50,0.504133,0.125490,281.25,0.051444,10.6113,-1.640318,0.000000,0.000000,0.000000,0.000000,0.000000,0.000000,0.000000,0.000000,0.000000,0.000000,0.000000,0.000000,0.000000,0.000000,0.000000,0.000000,0.000000,-1.713663,0.000000,0.000000,0.000000,0.000000,0.000000,0.000000,0.000000,0.000000,0.000000,0.000000,0.000000,0.000000,-1.805406,0.000000,0.000000,0.000000,0.000000,0.000000,0.000000,0.000000,-1.658841,0.000000,0.000000,0.000000,0.000000,0.000000,0.000000,-1.370338,0.000000,0.000000,0.000000,0.000000,0.000000,-1.288667,0.000000,0.000000,0.000000,-1.624594,0.000000,0.000000,0.000000,-2.059057,0.000000,0.000000,0.000000,-2.842916,0.000000,0.000000,-2.087806,0.000000,0.000000,-2.309758,0.000000,-2.182966,0.000000,0.000000,-2.398793,0.000000,-2.135913,0.000000,-2.438028,0.000000,-2.201842,0.000000,-2.401981,0.000000,-2.711520,-3.451646,0.000000,-2.435226,-2.870247,0.000000,-2.762317,-3.179843,-2.857072,0.000000,-2.959337,-2.626465,-2.573822,-2.651165,-2.971992,-2.403565,-2.566676,-3.183953,-2.713374,-2.433948,-2.570562,-5.967335,-2.416561,-2.438491,-4.883112,-2.852678,-2.992274,-5.304562,-2.623906,-5.165009,-5.505769,-2.813785,-5.503896,-5.175077,-5.492194,-5.555937,-5.548078,-5.467660,-5.897574,-5.987961,-5.566854,-9.313655,-9.335787
288,0.000072,0.217478,933.41,931.93,2250.00,0.571368,0.219608,281.25,0.054948,10.5569,-1.921236,0.000000,0.000000,0.000000,0.000000,0.000000,0.000000,0.000000,0.000000,0.000000,0.000000,0.000000,0.000000,0.000000,0.000000,0.000000,0.000000,0.000000,-1.871153,0.000000,0.000000,0.000000,0.000000,0.000000,0.000000,0.000000,0.000000,0.000000,0.000000,0.000000,0.000000,-1.630352,0.000000,0.000000,0.000000,0.000000,0.000000,0.000000,0.000000,-2.080595,0.000000,0.000000,0.000000,0.000000,0.000000,0.000000,-1.522360,0.000000,0.000000,0.000000,0.000000,0.000000,-1.260051,0.000000,0.000000,0.000000,-1.442891,0.000000,0.000000,0.000000,-2.173316,0.000000,0.000000,0.000000,-2.157893,0.000000,0.000000,-1.990781,0.000000,0.000000,-2.188354,0.000000,-2.193993,0.000000,0.000000,-2.133959,0.000000,-2.044213,0.000000,-2.098422,0.000000,-2.260991,0.000000,-2.203399,0.000000,-2.311368,-2.402672,0.000000,-2.616159,-2.685237,0.000000,-2.645276,-2.910457,-2.865497,0.000000,-2.683162,-2.426004,-2.366445,-2.517434,-2.489746,-2.415642,-2.488550,-2.943531,-2.606372,-2.413193,-2.573071,-5.948535,-2.319405,-2.302613,-5.017931,-2.725043,-2.818130,-6.035101,-2.715371,-5.090542,-4.701047,-2.489070,-5.071035,-6.424277,-5.617235,-5.258526,-5.336162,-4.912499,-5.313738,-6.096367,-5.456063,-9.115566,-9.202342
293,0.000097,0.138448,983.24,977.45,2296.88,0.619459,0.082353,281.25,0.033485,7.5184,-2.221540,0.000000,0.000000,0.000000,0.000000,0.000000,0.000000,0.000000,0.000000,0.000000,0.000000,0.000000,0.000000,0.000000,0.000000,0.000000,0.000000,0.000000,-1.638063,0.000000,0.000000,0.000000,0.000000,0.000000,0.000000,0.000000,0.000000,0.000000,0.000000,0.000000,0.000000,-1.662183,0.000000,0.000000,0.000000,0.000000,0.000000,0.000000,0.000000,-2.102494,0.000000,0.000000,0.000000,0.000000,0.000000,0.000000,-1.886473,0.000000,0.000000,0.000000,0.000000,0.000000,-1.475150,0.000000,0.000000,0.000000,-1.493012,0.000000,0.000000,0.000000,-1.916518,0.000000,0.000000,0.000000,-1.893506,0.000000,0.000000,-2.188677,0.000000,0.000000,-2.463015,0.000000,-2.296051,0.000000,0.000000,-2.013553,0.000000,-2.218894,0.000000,-2.232978,0.000000,-2.643927,0.000000,-2.174456,0.000000,-2.425162,-2.477259,0.000000,-2.816486,-2.770530,0.000000,-2.679612,-2.590303,-2.487683,0.000000,-2.383162,-2.484731,-2.468545,-3.101435,-2.497429,-3.205115,-2.406444,-2.588262,-2.628289,-2.901220,-2.688285,-5.589876,-2.861151,-2.357544,-5.019452,-2.507552,-2.610760,-5.524826,-2.934032,-5.301095,-5.010390,-2.511256,-5.462286,-6.132485,-5.830223,-6.165520,-5.135323,-5.421361,-5.740534,-5.863863,-5.378033,-7.852780,-8.614070
299,0.000067,0.297002,1044.26,1055.31,2390.62,0.603321,0.258824,375.00,0.018961,4.2689,-1.457693,0.000000,0.000000,0.000000,0.000000,0.000000,0.000000,0.000000,0.000000,0.000000,0.000000,0.000000,0.000000,0.000000,0.000000,0.000000,0.000000,0.000000,-1.457893,0.000000,0.000000,0.000000,0.000000,0.000000,0.000000,0.000000,0.000000,0.000000,0.000000,0.000000,0.000000,-1.774591,0.000000,0.000000,0.000000,0.000000,0.000000,0.000000,0.000000,-2.364475,0.000000,0.000000,0.000000,0.000000,0.000000,0.000000,-2.126251,0.000000,0.000000,0.000000,0.000000,0.000000,-1.769428,0.000000,0.000000,0.000000,-2.061010,0.000000,0.000000,0.000000,-1.722147,0.000000,0.000000,0.000000,-2.069608,0.000000,0.000000,-2.293369,0.000000,0.000000,-2.192841,0.000000,-1.962123,0.000000,0.000000,-2.299339,0.000000,-2.939301,0.000000,-2.520766,0.000000,-2.227761,0.000000,-2.289119,0.000000,-2.547747,-2.497748,0.000000,-2.357665,-2.794501,0.000000,-2.736523,-3.033922,-2.399582,0.000000,-2.570118,-3.080274,-2.510484,-2.457702,-2.758913,-2.503993,-2.312566,-2.366411,-2.825831,-3.104141,-2.642414,-5.091108,-2.618081,-2.327518,-5.017570,-2.595749,-3.300784,-6.045095,-2.834512,-4.817989,-5.111712,-2.740223,-5.053593,-5.351136,-6.033748,-6.274867,-5.589459,-7.544667,-5.886924,-5.055065,-5.343838,-7.500787,-7.730650
304,0.000071,0.147873,1053.34,1032.15,2296.88,0.635820,0.274510,281.25,0.018089,4.4037,-1.519926,0.000000,0.000000,0.000000,0.000000,0.000000,0.000000,0.000000,0.000000,0.000000,0.000000,0.000000,0.000000,0.000000,0.000000,0.000000,0.000000,0.000000,-1.574260,0.000000,0.000000,0.000000,0.000000,0.000000,0.000000,0.000000,0.000000,0.000000,0.000000,0.000000,0.000000,-2.055859,0.000000,0.000000,0.000000,0.000000,0.000000,0.000000,0.000000,-2.134138,0.000000,0.000000,0.000000,0.000000,0.000000,0.000000,-1.822605,0.000000,0.000000,0.000000,0.000000,0.000000,-1.742573,0.000000,0.000000,0.000000,-1.955194,0.000000,0.000000,0.000000,-2.054371,0.000000,0.000000,0.000000,-2.136855,0.000000,0.000000,-2.278612,0.000000,0.000000,-1.988354,0.000000,-1.950186,0.000000,0.000000,-2.267592,0.000000,-2.691582,0.000000,-2.586300,0.000000,-2.621467,0.000000,-2.685389,0.000000,-3.028869,-2.545405,0.000000,-2.292188,-2.339312,0.000000,-2.523347,-2.597486,-2.681958,0.000000,-2.738657,-2.849032,-2.393439,-2.500948,-3.051047,-2.859813,-2.504081,-2.588626,-2.874597,-3.179194,-2.586833,-4.879642,-3.324657,-2.625190,-4.580220,-2.651222,-2.550437,-5.109964,-2.683205,-4.879343,-5.095128,-2.708053,-5.638459,-5.947800,-5.362785,-5.518536,-6.164781,-5.938209,-6.879910,-5.057045,-5.817555,-7.760186,-8.356943
309,0.000051,0.136090,1175.91,1065.26,2578.12,0.655433,0.407843,234.38,0.024662,7.7870,-2.175764,0.000000,0.000000,0.000000,0.000000,0.000000,0.000000,0.000000,0.000000,0.000000,0.000000,0.000000,0.000000,0.000000,0.000000,0.000000,0.000000,0.000000,-1.760218,0.000000,0.000000,0.000000,0.000000,0.000000,0.000000,0.000000,0.000000,0.000000,0.000000,0.000000,0.000000,-2.115927,0.000000,0.000000,0.000000,0.000000,0.000000,0.000000,0.000000,-1.979195,0.000000,0.000000,0.000000,0.000000,0.000000,0.000000,-1.607980,0.000000,0.000000,0.000000,0.000000,0.000000,-1.693687,0.000000,0.000000,0.000000,-2.641605,0.000000,0.000000,0.000000,-2.544762,0.000000,0.000000,0.000000,-2.258497,0.000000,0.000000,-2.357767,0.000000,0.000000,-2.323912,0.000000,-2.182095,0.000000,0.000000,-2.368256,0.000000,-2.709722,0.000000,-3.015949,0.000000,-3.103837,0.000000,-2.997060,0.000000,-2.807212,-2.617007,0.000000,-2.700475,-2.418024,0.000000,-3.040101,-2.648273,-3.002618,0.000000,-2.618284,-2.525921,-2.703986,-2.565772,-2.794578,-2.971189,-3.020030,-3.208107,-3.009608,-3.193610,-2.631729,-5.190711,-2.845280,-2.713820,-4.741206,-2.829391,-2.429674,-5.214440,-2.578221,-4.906912,-5.564965,-2.528866,-6.607430,-5.740917,-4.824512,-6.026472,-5.569116,-5.960094,-6.564044,-5.256472,-5.626946,-8.737576,-8.441645
315,0.000157,0.312158,1016.66,1045.44,2437.50,0.619248,0.086275,187.50,0.025419,7.0836,-1.584118,0.000000,0.000000,0.000000,0.000000,0.000000,0.000000,0.000000,0.000000,0.000000,0.000000,0.000000,0.000000,0.000000,0.000000,0.000000,0.000000,0.000000,-1.905411,0.000000,0.000000,0.000000,0.000000,0.000000,0.000000,0.000000,0.000000,0.000000,0.000000,0.000000,0.000000,-1.853234,0.000000,0.000000,0.000000,0.000000,0.000000,0.000000,0.000000,-1.594833,0.000000,0.000000,0.000000,0.000000,0.000000,0.000000,-1.873644,0.000000,0.000000,0.000000,0.000000,0.000000,-1.693528,0.000000,0.000000,0.000000,-1.855029,0.000000,0.000000,0.000000,-2.160030,0.000000,0.000000,0.000000,-2.576818,0.000000,0.000000,-2.269875,0.000000,0.000000,-2.270028,0.000000,-2.962205,0.000000,0.000000,-3.146827,0.000000,-2.645842,0.000000,-2.546856,0.000000,-2.566764,0.000000,-2.679226,0.000000,-2.619506,-2.498822,0.000000,-2.487832,-2.580156,0.000000,-2.865513,-2.732991,-2.724820,0.000000,-2.869714,-2.488342,-2.607942,-2.641287,-2.920942,-2.595377,-2.832271,-2.822356,-3.357077,-2.682857,-2.531688,-5.774921,-3.041208,-2.623336,-5.541001,-2.506101,-2.515906,-5.173339,-2.842405,-4.922954,-5.819566,-2.887461,-6.131962,-6.119115,-4.857895,-5.795765,-5.481583,-5.392235,-5.319260,-5.222862,-6.142968,-9.388796,-8.447374
320,0.000071,0.394335,777.50,954.57,1968.75,0.462860,0.247059,187.50,0.040889,7.4944,-1.355118,0.000000,0.000000,0.000000,0.000000,0.000000,0.000000,0.000000,0.000000,0.000000,0.000000,0.000000,0.000000,0.000000,0.000000,0.000000,0.000000,0.000000,-1.475471,0.000000,0.000000,0.000000,0.000000,0.000000,0.000000,0.000000,0.000000,0.000000,0.000000,0.000000,0.000000,-1.452813,0.000000,0.000000,0.000000,0.000000,0.000000,0.000000,0.000000,-1.388393,0.000000,0.000000,0.000000,0.000000,0.000000,0.000000,-1.516552,0.000000,0.000000,0.000000,0.000000,0.000000,-1.454766,0.000000,0.000000,0.000000,-1.555906,0.000000,0.000000,0.000000,-2.341475,0.000000,0.000000,0.000000,-2.426412,0.000000,0.000000,-2.095366,0.000000,0.000000,-2.128809,0.000000,-2.914407,0.000000,0.000000,-2.901678,0.000000,-2.364563,0.000000,-2.354087,0.000000,-2.865871,0.000000,-2.397516,0.000000,-2.525304,-2.322473,0.000000,-2.766801,-2.669212,0.000000,-2.897762,-2.641266,-2.971920,0.000000,-2.949807,-2.425096,-2.363736,-2.606500,-2.574344,-2.462851,-2.722675,-2.644626,-2.555456,-2.373732,-2.431554,-5.709288,-2.482669,-2.627549,-6.051961,-2.741571,-3.967345,-5.063925,-3.042905,-5.113130,-6.082166,-3.290596,-6.436069,-5.754463,-5.120371,-5.334187,-5.454357,-5.234785,-5.537116,-5.276615,-5.599522,-8.474422,-8.536484
325,0.000092,0.184138,864.17,964.28,2015.62,0.547915,0.207843,281.25,0.044563,8.2838,-1.482760,0.000000,0.000000,0.000000,0.000000,0.000000,0.000000,0.000000,0.000000,0.000000,0.000000,0.000000,0.000000,0.000000,0.000000,0.000000,0.000000,0.000000,-1.815638,0.000000,0.000000,0.000000,0.000000,0.000000,0.000000,0.000000,0.000000,0.000000,0.000000,0.000000,0.000000,-1.543718,0.000000,0.000000,0.000000,0.000000,0.000000,0.000000,0.000000,-1.525377,0.000000,0.000000,0.000000,0.000000,0.000000,0.000000,-1.730416,0.000000,0.000000,0.000000,0.000000,0.000000,-1.351029,0.000000,0.000000,0.000000,-1.527302,0.000000,0.000000,0.000000,-1.882536,0.000000,0.000000,0.000000,-1.927250,0.000000,0.000000,-1.957117,0.000000,0.000000,-2.123648,0.000000,-2.482672,0.000000,0.000000,-2.633828,0.000000,-2.333253,0.000000,-2.159601,0.000000,-2.166147,0.000000,-2.200016,0.000000,-2.300105,-2.334487,0.000000,-2.621698,-2.936215,0.000000,-2.722216,-2.512718,-2.594249,0.000000,-2.597376,-2.778497,-2.462181,-2.829315,-2.735238,-2.584815,-2.662084,-2.615982,-2.438600,-2.394319,-2.524218,-4.836101,-2.500062,-2.492406,-5.845498,-2.640894,-2.936850,-5.330520,-3.321493,-5.243770,-5.777046,-2.916933,-5.697674,-6.061322,-5.902822,-5.072782,-5.536919,-6.136336,-5.673065,-5.051644,-5.008970,-8.030257,-8.290936
331,0.000102,0.112076,1048.62,1031.99,2390.62,0.618180,0.137255,281.25,0.044017,10.7477,-1.879625,0.000000,0.000000,0.000000,0.000000,0.000000,0.000000,0.000000,0.000000,0.000000,0.000000,0.000000,0.000000,0.000000,0.000000,0.000000,0.000000,0.000000,-1.844203,0.000000,0.000000,0.000000,0.000000,0.000000,0.000000,0.000000,0.000000,0.000000,0.000000,0.000000,0.000000,-2.502472,0.000000,0.000000,0.000000,0.000000,0.000000,0.000000,0.000000,-1.860833,0.000000,0.000000,0.000000,0.000000,0.000000,0.000000,-1.523510,0.000000,0.000000,0.000000,0.000000,0.000000,-1.356376,0.000000,0.000000,0.000000,-1.808448,0.000000,0.000000,0.000000,-2.133408,0.000000,0.000000,0.000000,-1.946198,0.000000,0.000000,-2.403989,0.000000,0.000000,-2.416139,0.000000,-2.516229,0.000000,0.000000,-2.778106,0.000000,-2.453248,0.000000,-2.361084,0.000000,-2.287437,0.000000,-2.344491,0.000000,-3.421716,-2.506011,0.000000,-2.482904,-3.115662,0.000000,-4.069509,-2.633157,-2.559142,0.000000,-2.583188,-2.655773,-2.478023,-2.599652,-2.916210,-2.782634,-2.363731,-2.552723,-2.599326,-2.568357,-2.913534,-4.769636,-2.908264,-2.633583,-5.014055,-2.463456,-2.588317,-5.351054,-3.026406,-5.606242,-5.421909,-2.606336,-5.459580,-5.359335,-5.977172,-5.682597,-5.467882,-5.615402,-5.953964,-5.527382,-5.166102,-7.803284,-8.124290
336,0.000100,0.187753,958.10,1017.97,2390.62,0.532034,0.125490,281.25,0.051921,12.4029,-1.692697,0.000000,0.000000,0.000000,0.000000,0.000000,0.000000,0.000000,0.000000,0.000000,0.000000,0.000000,0.000000,0.000000,0.000000,0.000000,0.000000,0.000000,-1.675074,0.000000,0.000000,0.000000,0.000000,0.000000,0.000000,0.000000,0.000000,0.000000,0.000000,0.000000,0.000000,-2.149203,0.000000,0.000000,0.000000,0.000000,0.000000,0.000000,0.000000,-2.234218,0.000000,0.000000,0.000000,0.000000,0.000000,0.000000,-1.433465,0.000000,0.000000,0.000000,0.000000,0.000000,-1.284655,0.000000,0.000000,0.000000,-1.694829,0.000000,0.000000,0.000000,-2.243403,0.000000,0.000000,0.000000,-2.159039,0.000000,0.000000,-2.488138,0.000000,0.000000,-2.514764,0.000000,-2.581280,0.000000,0.000000,-2.388885,0.000000,-2.586376,0.000000,-2.799025,0.000000,-2.562418,0.000000,-2.447034,0.000000,-3.749069,-2.654105,0.000000,-2.541800,-2.603259,0.000000,-2.829878,-2.764878,-3.908131,0.000000,-2.959377,-2.668312,-2.541589,-2.849432,-3.204100,-2.514819,-2.414090,-2.486862,-2.448056,-2.478796,-3.155720,-5.068391,-3.101605,-2.722383,-5.627715,-2.597505,-2.482681,-5.901012,-2.721807,-5.511525,-5.570672,-2.533662,-4.790317,-5.622258,-5.764070,-5.630327,-5.143486,-6.504637,-5.524467,-5.385543,-5.225372,-8.969319,-8.812508
341,0.000091,0.209293,841.55,954.77,2156.25,0.499343,0.152941,281.25,0.053292,11.9198,-1.556132,0.000000,0.000000,0.000000,0.000000,0.000000,0.000000,0.000000,0.000000,0.000000,0.000000,0.000000,0.000000,0.000000,0.000000,0.000000,0.000000,0.000000,-1.548703,0.000000,0.000000,0.000000,0.000000,0.000000,0.000000,0.000000,0.000000,0.000000,0.000000,0.000000,0.000000,-1.970509,0.000000,0.000000,0.000000,0.000000,0.000000,0.000000,0.000000,-2.516055,0.000000,0.000000,0.000000,0.000000,0.000000,0.000000,-1.542080,0.000000,0.000000,0.000000,0.000000,0.000000,-1.273341,0.000000,0.000000,0.000000,-1.537475,0.000000,0.000000,0.000000,-2.519102,0.000000,0.000000,0.000000,-1.932510,0.000000,0.000000,-2.118752,0.000000,0.000000,-2.088511,0.000000,-2.360053,0.000000,0.000000,-2.594491,0.000000,-2.472193,0.000000,-2.495500,0.000000,-2.554850,0.000000,-2.554722,0.000000,-2.408747,-2.644045,0.000000,-2.654737,-2.397688,0.000000,-2.739630,-2.539458,-2.780907,0.000000,-3.485750,-2.747358,-2.605393,-3.036954,-2.612096,-2.759662,-2.791234,-3.171614,-2.630896,-2.793443,-2.651349,-5.481521,-3.058570,-3.002066,-5.552567,-3.060920,-2.532155,-5.767165,-2.663285,-5.887686,-5.217010,-2.717472,-4.803653,-5.354028,-6.011336,-6.313117,-5.496231,-5.433913,-5.632703,-6.267966,-5.275241,-9.632713,-8.593525
347,0.000120,0.291872,911.37,964.53,2343.75,0.521715,0.121569,328.12,0.041870,8.0784,-1.709699,0.000000,0.000000,0.000000,0.000000,0.000000,0.000000,0.000000,0.000000,0.000000,0.000000,0.000000,0.000000,0.000000,0.000000,0.000000,0.000000,0.000000,-1.761815,0.000000,0.000000,0.000000,0.000000,0.000000,0.000000,0.000000,0.000000,0.000000,0.000000,0.000000,0.000000,-1.553482,0.000000,0.000000,0.000000,0.000000,0.000000,0.000000,0.000000,-1.929446,0.000000,0.000000,0.000000,0.000000,0.000000,0.000000,-1.785717,0.000000,0.000000,0.000000,0.000000,0.000000,-1.410006,0.000000,0.000000,0.000000,-1.378099,0.000000,0.000000,0.000000,-1.641329,0.000000,0.000000,0.000000,-1.806080,0.000000,0.000000,-1.970074,0.000000,0.000000,-1.960424,0.000000,-2.335177,0.000000,0.000000,-3.452470,0.000000,-2.292886,0.000000,-2.137151,0.000000,-2.458732,0.000000,-2.680430,0.000000,-2.376958,-2.469905,0.000000,-2.856779,-2.359123,0.000000,-2.262172,-2.383915,-2.715534,0.000000,-3.099046,-2.657069,-2.594605,-2.719253,-2.659334,-2.848881,-2.972751,-2.832826,-2.691147,-2.820783,-2.805171,-5.676869,-3.338957,-3.294666,-5.494541,-2.383165,-2.498117,-5.268120,-2.582107,-5.416364,-5.436093,-2.965630,-4.570995,-4.651794,-5.103036,-5.438859,-6.027164,-4.839210,-5.640601,-5.832108,-5.546046,-9.496957,-8.709537
352,0.000118,0.223008,866.34,1003.08,2343.75,0.478475,0.121569,140.62,0.043104,8.1067,-1.587636,0.000000,0.000000,0.000000,0.000000,0.000000,0.000000,0.000000,0.000000,0.000000,0.000000,0.000000,0.000000,0.000000,0.000000,0.000000,0.000000,0.000000,-1.488675,0.000000,0.000000,0.000000,0.000000,0.000000,0.000000,0.000000,0.000000,0.000000,0.000000,0.000000,0.000000,-1.365479,0.000000,0.000000,0.000000,0.000000,0.000000,0.000000,0.000000,-1.555885,0.000000,0.000000,0.000000,0.000000,0.000000,0.000000,-1.775372,0.000000,0.000000,0.000000,0.000000,0.000000,-1.787387,0.000000,0.000000,0.000000,-1.399632,0.000000,0.000000,0.000000,-1.902160,0.000000,0.000000,0.000000,-1.846502,0.000000,0.000000,-2.221784,0.000000,0.000000,-1.922118,0.000000,-2.125128,0.000000,0.000000,-2.661623,0.000000,-2.262857,0.000000,-1.996529,0.000000,-2.259677,0.000000,-2.840106,0.000000,-2.583773,-2.554443,0.000000,-2.620607,-2.610959,0.000000,-2.427731,-2.479485,-3.098969,0.000000,-2.947672,-2.789886,-2.641328,-2.989844,-2.800235,-3.486542,-3.020779,-3.832209,-2.896995,-2.733376,-3.119834,-6.151619,-2.871975,-2.899025,-5.046429,-2.504761,-2.736538,-5.950761,-3.221600,-5.237965,-4.957678,-2.492452,-5.482201,-5.057775,-6.384471,-4.861834,-4.922417,-5.093472,-6.280064,-5.925560,-5.684653,-8.220249,-7.968265
357,0.000068,0.196883,810.51,948.76,2250.00,0.453736,0.227451,140.62,0.049631,9.4713,-2.052491,0.000000,0.000000,0.000000,0.000000,0.000000,0.000000,0.000000,0.000000,0.000000,0.000000,0.000000,0.000000,0.000000,0.000000,0.000000,0.000000,0.000000,-1.451603,0.000000,0.000000,0.000000,0.000000,0.000000,0.000000,0.000000,0.000000,0.000000,0.000000,0.000000,0.000000,-1.304245,0.000000,0.000000,0.000000,0.000000,0.000000,0.000000,0.000000,-1.899547,0.000000,0.000000,0.000000,0.000000,0.000000,0.000000,-1.578092,0.000000,0.000000,0.000000,0.000000,0.000000,-1.421413,0.000000,0.000000,0.000000,-1.486710,0.000000,0.000000,0.000000,-1.713255,0.000000,0.000000,0.000000,-1.828035,0.000000,0.000000,-1.981489,0.000000,0.000000,-2.150492,0.000000,-2.247870,0.000000,0.000000,-2.440930,0.000000,-2.232595,0.000000,-2.008101,0.000000,-2.193048,0.000000,-3.201951,0.000000,-2.898499,-3.080344,0.000000,-2.677650,-2.732840,0.000000,-2.605633,-2.555464,-2.567464,0.000000,-2.585016,-2.671784,-2.874005,-2.659212,-2.801676,-3.717119,-3.057179,-2.873767,-3.293516,-2.849632,-2.926966,-6.039758,-2.691533,-3.418772,-5.507136,-2.960474,-2.912392,-5.810367,-2.580345,-5.782057,-5.278011,-2.374653,-5.009103,-5.482203,-5.381191,-5.407706,-4.631242,-5.097224,-6.294108,-5.631293,-5.859618,-8.897627,-9.122518
363,0.000087,0.218966,887.26,1019.56,2296.88,0.523885,0.172549,93.75,0.033667,6.7783,-1.642559,0.000000,0.000000,0.000000,0.000000,0.000000,0.000000,0.000000,0.000000,0.000000,0.000000,0.000000,0.000000,0.000000,0.000000,0.000000,0.000000,0.000000,-1.472799,0.000000,0.000000,0.000000,0.000000,0.000000,0.000000,0.000000,0.000000,0.000000,0.000000,0.000000,0.000000,-1.523944,0.000000,0.000000,0.000000,0.000000,0.000000,0.000000,0.000000,-1.473151,0.000000,0.000000,0.000000,0.000000,0.000000,0.000000,-1.504971,0.000000,0.000000,0.000000,0.000000,0.000000,-1.580234,0.000000,0.000000,0.000000,-2.028933,0.000000,0.000000,0.000000,-1.681656,0.000000,0.000000,0.000000,-1.848817,0.000000,0.000000,-2.543049,0.000000,0.000000,-2.480902,0.000000,-2.594367,0.000000,0.000000,-2.651830,0.000000,-2.193586,0.000000,-2.402702,0.000000,-2.281436,0.000000,-2.329835,0.000000,-2.646296,-3.139405,0.000000,-2.757460,-3.276487,0.000000,-2.469874,-2.746584,-2.339612,0.000000,-2.595396,-2.752211,-2.763836,-2.672067,-2.822937,-2.909689,-2.863057,-3.320887,-2.769054,-2.487984,-2.601750,-5.361039,-2.735218,-2.672344,-6.386430,-2.887059,-2.806229,-5.156508,-2.338141,-5.517817,-5.061193,-3.119750,-5.732435,-6.480687,-5.249779,-5.052828,-5.253387,-5.312436,-5.567804,-5.514528,-5.403947,-8.073533,-7.998582
368,0.000068,0.240701,1163.02,1071.41,2578.12,0.650462,0.203922,328.12,0.023068,5.0498,-1.719530,0.000000,0.000000,0.000000,0.000000,0.000000,0.000000,0.000000,0.000000,0.000000,0.000000,0.000000,0.000000,0.000000,0.000000,0.000000,0.000000,0.000000,-1.891109,0.000000,0.000000,0.000000,0.000000,0.000000,0.000000,0.000000,0.000000,0.000000,0.000000,0.000000,0.000000,-2.417118,0.000000,0.000000,0.000000,0.000000,0.000000,0.000000,0.000000,-1.718658,0.000000,0.000000,0.000000,0.000000,0.000000,0.000000,-1.638306,0.000000,0.000000,0.000000,0.000000,0.000000,-1.861511,0.000000,0.000000,0.000000,-1.636993,0.000000,0.000000,0.000000,-1.792186,0.000000,0.000000,0.000000,-1.900851,0.000000,0.000000,-2.140884,0.000000,0.000000,-2.259998,0.000000,-2.353553,0.000000,0.000000,-2.582413,0.000000,-2.618605,0.000000,-2.241815,0.000000,-2.154138,0.000000,-2.143284,0.000000,-2.321331,-2.522486,0.000000,-2.753380,-2.743865,0.000000,-2.541909,-2.256840,-2.134846,0.000000,-2.279424,-2.517640,-2.587290,-2.719886,-3.257905,-3.015732,-3.105672,-2.859838,-2.598644,-2.361311,-2.399806,-5.114950,-2.670822,-2.629233,-6.178518,-2.894508,-3.403093,-5.117519,-2.413974,-6.332584,-5.786944,-2.309657,-4.485212,-5.020517,-4.975279,-5.710117,-6.388775,-5.073209,-5.068986,-5.383543,-5.035868,-7.961364,-7.525173
373,0.000059,0.198955,1239.84,1108.63,2765.62,0.642349,0.325490,281.25,0.034343,8.9960,-2.013613,0.000000,0.000000,0.000000,0.000000,0.000000,0.000000,0.000000,0.000000,0.000000,0.000000,0.000000,0.000000,0.000000,0.000000,0.000000,0.000000,0.000000,-2.943620,0.000000,0.000000,0.000000,0.000000,0.000000,0.000000,0.000000,0.000000,0.000000,0.000000,0.000000,0.000000,-2.127064,0.000000,0.000000,0.000000,0.000000,0.000000,0.000000,0.000000,-2.104868,0.000000,0.000000,0.000000,0.000000,0.000000,0.000000,-1.614218,0.000000,0.000000,0.000000,0.000000,0.000000,-1.464159,0.000000,0.000000,0.000000,-1.635264,0.000000,0.000000,0.000000,-2.840601,0.000000,0.000000,0.000000,-2.298152,0.000000,0.000000,-2.396841,0.000000,0.000000,-2.677198,0.000000,-2.130499,0.000000,0.000000,-2.275095,0.000000,-2.480619,0.000000,-2.279683,0.000000,-2.132298,0.000000,-2.600211,0.000000,-2.404970,-2.565279,0.000000,-3.596761,-2.795764,0.000000,-3.534319,-2.337742,-2.279071,0.000000,-2.325424,-2.752814,-2.779086,-3.355716,-2.658394,-2.743446,-2.896029,-2.951986,-2.868487,-2.509135,-2.835004,-5.332378,-2.648000,-3.168545,-5.681322,-3.037575,-2.921550,-5.662532,-2.900218,-5.447402,-5.261784,-2.597588,-4.475543,-5.721103,-5.780946,-4.814819,-5.199708,-5.311387,-4.992298,-5.181136,-5.972220,-7.808050,-7.663131
379,0.000063,0.207680,1353.64,1154.44,2859.38,0.700097,0.317647,281.25,0.022977,6.1708,-2.019976,0.000000,0.000000,0.000000,0.000000,0.000000,0.000000,0.000000,0.000000,0.000000,0.000000,0.000000,0.000000,0.000000,0.000000,0.000000,0.000000,0.000000,-2.523250,0.000000,0.000000,0.000000,0.000000,0.000000,0.000000,0.000000,0.000000,0.000000,0.000000,0.000000,0.000000,-2.104551,0.000000,0.000000,0.000000,0.000000,0.000000,0.000000,0.000000,-2.175388,0.000000,0.000000,0.000000,0.000000,0.000000,0.000000,-1.708344,0.000000,0.000000,0.000000,0.000000,0.000000,-1.638700,0.000000,0.000000,0.000000,-1.776750,0.000000,0.000000,0.000000,-1.903330,0.000000,0.000000,0.000000,-2.205470,0.000000,0.000000,-2.329323,0.000000,0.000000,-2.529378,0.000000,-2.209506,0.000000,0.000000,-2.172793,0.000000,-2.902500,0.000000,-2.832984,0.000000,-2.336759,0.000000,-2.449649,0.000000,-2.631307,-2.488112,0.000000,-2.795808,-2.553606,0.000000,-2.498836,-2.593760,-2.863004,0.000000,-2.855537,-2.431945,-2.460553,-2.530437,-2.573236,-2.701540,-3.808984,-2.988591,-2.864780,-2.769436,-3.186510,-5.628881,-2.896154,-3.502716,-5.754617,-2.792046,-2.538296,-5.915410,-3.034585,-6.115812,-5.362319,-2.903015,-4.926382,-4.890232,-5.042912,-4.460204,-4.905710,-5.170560,-4.835171,-5.143379,-5.288712,-7.576139,-7.693281
384,0.000088,0.173268,1243.26,1131.20,2812.50,0.675615,0.168627,281.25,0.016293,4.7324,-1.940344,0.000000,0.000000,0.000000,0.000000,0.000000,0.000000,0.000000,0.000000,0.000000,0.000000,0.000000,0.000000,0.000000,0.000000,0.000000,0.000000,0.000000,-1.895762,0.000000,0.000000,0.000000,0.000000,0.000000,0.000000,0.000000,0.000000,0.000000,0.000000,0.000000,0.000000,-1.944771,0.000000,0.000000,0.000000,0.000000,0.000000,0.000000,0.000000,-2.271334,0.000000,0.000000,0.000000,0.000000,0.000000,0.000000,-1.805132,0.000000,0.000000,0.000000,0.000000,0.000000,-1.788011,0.000000,0.000000,0.000000,-2.030250,0.000000,0.000000,0.000000,-1.956551,0.000000,0.000000,0.000000,-1.879151,0.000000,0.000000,-2.302537,0.000000,0.000000,-3.006856,0.000000,-2.409256,0.000000,0.000000,-2.305944,0.000000,-2.393469,0.000000,-2.590245,0.000000,-2.402271,0.000000,-2.499343,0.000000,-2.695802,-2.353492,0.000000,-2.402041,-2.499146,0.000000,-2.664062,-3.461679,-3.095744,0.000000,-2.871540,-2.579222,-2.441061,-2.503006,-3.004281,-3.096627,-2.742132,-2.712316,-3.102501,-2.743747,-2.949516,-6.445000,-2.909281,-3.046937,-6.232580,-2.967828,-2.350917,-5.147002,-3.152195,-5.415481,-6.405703,-3.004883,-5.574499,-5.062348,-5.070703,-5.025943,-5.354761,-5.818352,-4.762219,-5.290774,-5.101358,-8.215511,-7.810776
389,0.000090,0.240441,1154.36,1104.92,2765.62,0.622054,0.180392,281.25,0.034196,9.5092,-1.921474,0.000000,0.000000,0.000000,0.000000,0.000000,0.000000,0.000000,0.000000,0.000000,0.000000,0.000000,0.000000,0.000000,0.000000,0.000000,0.000000,0.000000,-2.149264,0.000000,0.000000,0.000000,0.000000,0.000000,0.000000,0.000000,0.000000,0.000000,0.000000,0.000000,0.000000,-2.114769,0.000000,0.000000,0.000000,0.000000,0.000000,0.000000,0.000000,-2.109728,0.000000,0.000000,0.000000,0.000000,0.000000,0.000000,-1.783605,0.000000,0.000000,0.000000,0.000000,0.000000,-1.466025,0.000000,0.000000,0.000000,-1.670498,0.000000,0.000000,0.000000,-1.854663,0.000000,0.000000,0.000000,-1.887201,0.000000,0.000000,-2.304144,0.000000,0.000000,-2.723440,0.000000,-2.554146,0.000000,0.000000,-3.338202,0.000000,-2.582401,0.000000,-2.469903,0.000000,-2.872952,0.000000,-2.697802,0.000000,-2.636136,-2.393243,0.000000,-2.803315,-2.860052,0.000000,-3.019324,-2.704697,-2.838021,0.000000,-3.155007,-3.134621,-2.988199,-2.775966,-3.144106,-3.661591,-2.714651,-2.520074,-2.586756,-2.943652,-2.920322,-5.533722,-2.847532,-2.689824,-5.776633,-2.642822,-2.165903,-4.865290,-2.838738,-5.407313,-5.832740,-2.766060,-5.771579,-5.545517,-5.634813,-5.589023,-5.021830,-5.363581,-5.286142,-5.462060,-5.444329,-8.314159,-7.675925
395,0.000056,0.233201,1089.44,1080.51,2578.12,0.582075,0.337255,281.25,0.044157,10.7723,-2.209088,0.000000,0.000000,0.000000,0.000000,0.000000,0.000000,0.000000,0.000000,0.000000,0.000000,0.000000,0.000000,0.000000,0.000000,0.000000,0.000000,0.000000,-2.199558,0.000000,0.000000,0.000000,0.000000,0.000000,0.000000,0.000000,0.000000,0.000000,0.000000,0.000000,0.000000,-1.870366,0.000000,0.000000,0.000000,0.000000,0.000000,0.000000,0.000000,-1.824665,0.000000,0.000000,0.000000,0.000000,0.000000,0.000000,-1.603976,0.000000,0.000000,0.000000,0.000000,0.000000,-1.355003,0.000000,0.000000,0.000000,-1.448114,0.000000,0.000000,0.000000,-1.919998,0.000000,0.000000,0.000000,-2.137363,0.000000,0.000000,-2.375802,0.000000,0.000000,-2.913043,0.000000,-2.510807,0.000000,0.000000,-2.794877,0.000000,-2.855801,0.000000,-2.723865,0.000000,-2.929229,0.000000,-3.004858,0.000000,-2.888620,-2.624051,0.000000,-2.581015,-2.690321,0.000000,-2.662992,-2.558054,-2.800679,0.000000,-3.028585,-2.899985,-2.678626,-2.730050,-3.007475,-2.800030,-2.638934,-2.894258,-2.690132,-2.714809,-2.768773,-5.821853,-2.438143,-2.408115,-5.363615,-2.481580,-2.162549,-5.125555,-3.060133,-6.036235,-5.134367,-3.032428,-5.707401,-5.544853,-6.283175,-5.316511,-4.994458,-5.472663,-5.269973,-5.407218,-5.339475,-8.315577,-7.625142
400,0.000074,0.134463,1186.54,1124.03,2812.50,0.621908,0.215686,281.25,0.032598,8.8718,-2.208010,0.000000,0.000000,0.000000,0.000000,0.000000,0.000000,0.000000,0.000000,0.000000,0.000000,0.000000,0.000000,0.000000,0.000000,0.000000,0.000000,0.000000,-2.242320,0.000000,0.000000,0.000000,0.000000,0.000000,0.000000,0.000000,0.000000,0.000000,0.000000,0.000000,0.000000,-1.871429,0.000000,0.000000,0.000000,0.000000,0.000000,0.000000,0.000000,-1.734393,0.000000,0.000000,0.000000,0.000000,0.000000,0.000000,-1.848223,0.000000,0.000000,0.000000,0.000000,0.000000,-1.486816,0.000000,0.000000,0.000000,-1.651682,0.000000,0.000000,0.000000,-1.920941,0.000000,0.000000,0.000000,-2.162220,0.000000,0.000000,-2.637472,0.000000,0.000000,-2.238057,0.000000,-2.248357,0.000000,0.000000,-2.754090,0.000000,-2.719423,0.000000,-2.673047,0.000000,-3.017735,0.000000,-2.912416,0.000000,-3.002540,-2.994369,0.000000,-2.987780,-2.574022,0.000000,-2.878792,-2.606740,-2.671000,0.000000,-2.787132,-2.773374,-2.712028,-2.528318,-2.729272,-3.095420,-2.816428,-2.915609,-2.783380,-2.859682,-2.712031,-5.968653,-2.472015,-2.617685,-6.375561,-2.718511,-2.484587,-4.828227,-2.603982,-5.056032,-5.459428,-3.391195,-6.930719,-5.277206,-5.373486,-5.496655,-4.955066,-5.962502,-4.943912,-4.905136,-5.212701,-8.066990,-8.227657

----- END /raw_clean_C4_r01_72381.csv -----
PRESS C4  rep 2/3  then hit Enter

> OK: captured /raw_clean_C4_r02_95853.csv  (rows=115 onset_ms=-1 clip=0.0000 snr=1.930)
----- BEGIN /raw_clean_C4_r02_95853.csv (150185 bytes) -----
#FW,ver=7,build=Dec 18 2025 10:42:43,git_rev=unknown,mic_model=INMP441,mic_channel=R,window=hann
#META,type=keypress,mode=clean,key=C4,rep=2,fs_hz=48000,hop=256,n_fft=1024,fmin=50.0,fmax=3500.0,pre_ms=60,lead_ms=150,post_ms=400,stored_pre_ms=210,ms_per_frame=5.33333,t_ms=95853,bands=log128
#DIAG,onset_ms=-1,onset_idx=-1,baseline_rms_mean=0.000066,baseline_rms_std=0.000011,baseline_flux_mean=0.223785,baseline_flux_std=0.060782,onset_thr_rms=0.000098,onset_thr_flux=0.466913,clip_frac=0.000000,snr_proxy=1.930195                 
     
ms_from_event,rms,flux,centroid_hz,spread_hz,rolloff85_hz,flatness,zcr,peak_hz,peak_mag,peak_ratio,b000,b001,b002,b003,b004,b005,b006,b007,b008,b009,b010,b011,b012,b013,b014,b015,b016,b017,b018,b019,b020,b021,b022,b023,b024,b025,b026,b027,b028,b029,b030,b031,b032,b033,b034,b035,b036,b037,b038,b039,b040,b041,b042,b043,b044,b045,b046,b047,b048,b049,b050,b051,b052,b053,b054,b055,b056,b057,b058,b059,b060,b061,b062,b063,b064,b065,b066,b067,b068,b069,b070,b071,b072,b073,b074,b075,b076,b077,b078,b079,b080,b081,b082,b083,b084,b085,b086,b087,b088,b089,b090,b091,b092,b093,b094,b095,b096,b097,b098,b099,b100,b101,b102,b103,b104,b105,b106,b107,b108,b109,b110,b111,b112,b113,b114,b115,b116,b117,b118,b119,b120,b121,b122,b123,b124,b125,b126,b127
-208,0.000057,0.230873,1346.83,1149.26,2953.12,0.749602,0.384314,140.62,0.017735,6.7018,-1.885466,0.000000,0.000000,0.000000,0.000000,0.000000,0.000000,0.000000,0.000000,0.000000,0.000000,0.000000,0.000000,0.000000,0.000000,0.000000,0.000000,0.000000,-1.925466,0.000000,0.000000,0.000000,0.000000,0.000000,0.000000,0.000000,0.000000,0.000000,0.000000,0.000000,0.000000,-1.751172,0.000000,0.000000,0.000000,0.000000,0.000000,0.000000,0.000000,-2.062854,0.000000,0.000000,0.000000,0.000000,0.000000,0.000000,-2.324051,0.000000,0.000000,0.000000,0.000000,0.000000,-2.542756,0.000000,0.000000,0.000000,-2.790007,0.000000,0.000000,0.000000,-2.991271,0.000000,0.000000,0.000000,-2.413596,0.000000,0.000000,-2.299859,0.000000,0.000000,-2.526711,0.000000,-3.136870,0.000000,0.000000,-2.652034,0.000000,-2.465543,0.000000,-2.393344,0.000000,-2.528888,0.000000,-2.619556,0.000000,-2.938502,-2.912014,0.000000,-2.551647,-2.705624,0.000000,-2.654624,-2.374396,-2.585945,0.000000,-2.896168,-2.984910,-2.847108,-2.966088,-2.748526,-2.717867,-2.780749,-2.851138,-2.626249,-2.842593,-2.867674,-5.344276,-2.534244,-2.556356,-5.605816,-3.303547,-2.799512,-5.619637,-2.554478,-5.501644,-5.658682,-3.032081,-6.924258,-5.481691,-5.542002,-5.118044,-6.227844,-5.687914,-5.589560,-5.381972,-5.381671,-7.575905,-8.107332
-203,0.000057,0.256342,1276.79,1168.02,2953.12,0.689373,0.321569,93.75,0.021704,7.3947,-1.752719,0.000000,0.000000,0.000000,0.000000,0.000000,0.000000,0.000000,0.000000,0.000000,0.000000,0.000000,0.000000,0.000000,0.000000,0.000000,0.000000,0.000000,-1.663455,0.000000,0.000000,0.000000,0.000000,0.000000,0.000000,0.000000,0.000000,0.000000,0.000000,0.000000,0.000000,-1.784328,0.000000,0.000000,0.000000,0.000000,0.000000,0.000000,0.000000,-2.060654,0.000000,0.000000,0.000000,0.000000,0.000000,0.000000,-2.306009,0.000000,0.000000,0.000000,0.000000,0.000000,-2.134591,0.000000,0.000000,0.000000,-2.351374,0.000000,0.000000,0.000000,-2.743500,0.000000,0.000000,0.000000,-2.615359,0.000000,0.000000,-2.656226,0.000000,0.000000,-2.951632,0.000000,-2.732215,0.000000,0.000000,-2.894813,0.000000,-2.490528,0.000000,-2.328885,0.000000,-2.815490,0.000000,-2.495508,0.000000,-2.617747,-2.545680,0.000000,-2.447338,-2.709366,0.000000,-2.782620,-2.413582,-2.418952,0.000000,-2.714179,-2.729970,-2.726082,-2.955838,-3.327865,-3.074863,-3.533543,-3.310884,-2.937802,-2.758385,-2.680353,-4.952970,-2.444444,-2.850147,-5.309422,-2.947678,-2.969674,-5.514675,-2.896335,-6.074762,-6.165256,-2.667664,-4.940428,-5.915744,-6.533935,-5.199760,-5.910510,-5.451683,-5.124262,-5.472211,-6.075385,-7.603480,-7.561285
-197,0.000048,0.275718,1277.78,1118.02,2812.50,0.705329,0.431373,93.75,0.017034,5.5698,-2.014039,0.000000,0.000000,0.000000,0.000000,0.000000,0.000000,0.000000,0.000000,0.000000,0.000000,0.000000,0.000000,0.000000,0.000000,0.000000,0.000000,0.000000,-1.768686,0.000000,0.000000,0.000000,0.000000,0.000000,0.000000,0.000000,0.000000,0.000000,0.000000,0.000000,0.000000,-2.157338,0.000000,0.000000,0.000000,0.000000,0.000000,0.000000,0.000000,-1.967627,0.000000,0.000000,0.000000,0.000000,0.000000,0.000000,-1.856356,0.000000,0.000000,0.000000,0.000000,0.000000,-1.972943,0.000000,0.000000,0.000000,-2.069309,0.000000,0.000000,0.000000,-2.184693,0.000000,0.000000,0.000000,-2.444897,0.000000,0.000000,-2.672746,0.000000,0.000000,-2.473001,0.000000,-2.369421,0.000000,0.000000,-2.377039,0.000000,-2.413603,0.000000,-2.390826,0.000000,-2.451515,0.000000,-2.555799,0.000000,-3.696347,-2.501453,0.000000,-2.729820,-2.815954,0.000000,-2.752846,-2.849247,-2.508832,0.000000,-3.186172,-3.167145,-2.682616,-2.687766,-3.269359,-2.864514,-2.689204,-2.949545,-2.912503,-2.987052,-2.761586,-5.768179,-2.879194,-2.687281,-4.818495,-2.766905,-2.777441,-5.625158,-2.732256,-5.994526,-5.707015,-2.556663,-4.848464,-5.285901,-6.048920,-5.552980,-5.254079,-4.847231,-4.775626,-5.040365,-6.018919,-8.764112,-9.058578
-192,0.000054,0.179618,1377.68,1093.73,2812.50,0.769105,0.403922,187.50,0.013802,5.1243,-2.387752,0.000000,0.000000,0.000000,0.000000,0.000000,0.000000,0.000000,0.000000,0.000000,0.000000,0.000000,0.000000,0.000000,0.000000,0.000000,0.000000,0.000000,-2.056059,0.000000,0.000000,0.000000,0.000000,0.000000,0.000000,0.000000,0.000000,0.000000,0.000000,0.000000,0.000000,-2.002805,0.000000,0.000000,0.000000,0.000000,0.000000,0.000000,0.000000,-1.860066,0.000000,0.000000,0.000000,0.000000,0.000000,0.000000,-1.973892,0.000000,0.000000,0.000000,0.000000,0.000000,-2.444943,0.000000,0.000000,0.000000,-2.293061,0.000000,0.000000,0.000000,-2.216353,0.000000,0.000000,0.000000,-2.448567,0.000000,0.000000,-2.582559,0.000000,0.000000,-2.684241,0.000000,-2.449751,0.000000,0.000000,-2.286415,0.000000,-2.939493,0.000000,-2.585500,0.000000,-3.273925,0.000000,-2.787162,0.000000,-2.553772,-2.608733,0.000000,-2.884814,-2.822493,0.000000,-2.900413,-3.042924,-2.463375,0.000000,-2.535894,-2.891995,-2.900762,-2.667056,-2.762392,-2.587754,-2.423738,-2.436641,-2.572191,-2.864108,-3.159875,-6.184965,-3.058710,-2.819176,-4.839269,-2.453434,-2.701643,-5.369969,-2.627193,-5.394032,-6.461296,-2.744822,-5.798796,-5.173370,-5.392109,-5.412216,-5.552277,-4.993464,-5.500196,-4.852872,-6.047704,-9.424296,-8.125200
-187,0.000069,0.169818,1382.03,1081.85,2859.38,0.763945,0.223529,187.50,0.011634,5.4283,-2.126443,0.000000,0.000000,0.000000,0.000000,0.000000,0.000000,0.000000,0.000000,0.000000,0.000000,0.000000,0.000000,0.000000,0.000000,0.000000,0.000000,0.000000,-2.576355,0.000000,0.000000,0.000000,0.000000,0.000000,0.000000,0.000000,0.000000,0.000000,0.000000,0.000000,0.000000,-2.392040,0.000000,0.000000,0.000000,0.000000,0.000000,0.000000,0.000000,-1.934289,0.000000,0.000000,0.000000,0.000000,0.000000,0.000000,-2.499167,0.000000,0.000000,0.000000,0.000000,0.000000,-2.360413,0.000000,0.000000,0.000000,-2.213993,0.000000,0.000000,0.000000,-2.696589,0.000000,0.000000,0.000000,-2.372243,0.000000,0.000000,-2.484079,0.000000,0.000000,-2.700202,0.000000,-3.144296,0.000000,0.000000,-2.432541,0.000000,-2.345713,0.000000,-2.456743,0.000000,-3.041246,0.000000,-2.677760,0.000000,-3.086075,-2.692065,0.000000,-3.025142,-2.749307,0.000000,-2.724038,-2.644850,-2.391458,0.000000,-2.423460,-2.705352,-3.026924,-2.759404,-2.979107,-2.536268,-2.709055,-2.514715,-2.434731,-2.946703,-2.974810,-5.476038,-3.554519,-2.968405,-5.556040,-2.724126,-3.281827,-6.672984,-2.878405,-6.307710,-5.947183,-2.695451,-6.208501,-5.927912,-5.663649,-5.701032,-5.262924,-5.709749,-5.296983,-5.784148,-6.134587,-9.157075,-8.254953
-181,0.000072,0.399820,1160.53,1107.77,2812.50,0.668860,0.239216,140.62,0.018754,6.1340,-2.100266,0.000000,0.000000,0.000000,0.000000,0.000000,0.000000,0.000000,0.000000,0.000000,0.000000,0.000000,0.000000,0.000000,0.000000,0.000000,0.000000,0.000000,-2.013932,0.000000,0.000000,0.000000,0.000000,0.000000,0.000000,0.000000,0.000000,0.000000,0.000000,0.000000,0.000000,-1.726908,0.000000,0.000000,0.000000,0.000000,0.000000,0.000000,0.000000,-1.753128,0.000000,0.000000,0.000000,0.000000,0.000000,0.000000,-2.410550,0.000000,0.000000,0.000000,0.000000,0.000000,-2.167186,0.000000,0.000000,0.000000,-2.051364,0.000000,0.000000,0.000000,-1.989783,0.000000,0.000000,0.000000,-1.996370,0.000000,0.000000,-2.084885,0.000000,0.000000,-2.225390,0.000000,-2.346334,0.000000,0.000000,-2.779978,0.000000,-2.457694,0.000000,-2.288392,0.000000,-2.418908,0.000000,-2.493831,0.000000,-2.616540,-2.739992,0.000000,-2.806288,-2.914608,0.000000,-3.100936,-2.599825,-2.720307,0.000000,-2.665306,-3.150415,-2.777967,-2.793247,-2.922094,-2.918165,-2.642449,-2.486570,-2.571838,-3.001817,-2.996572,-5.201994,-2.548635,-2.678973,-6.348257,-3.068807,-3.005441,-6.193272,-2.999969,-6.930268,-6.008483,-2.632379,-5.466022,-6.905986,-6.010176,-5.278649,-5.509126,-5.478588,-5.141665,-5.010266,-5.176687,-8.345913,-8.029482
-176,0.000067,0.250270,1003.90,1070.08,2625.00,0.566527,0.266667,140.62,0.026235,7.8345,-2.091336,0.000000,0.000000,0.000000,0.000000,0.000000,0.000000,0.000000,0.000000,0.000000,0.000000,0.000000,0.000000,0.000000,0.000000,0.000000,0.000000,0.000000,-1.735329,0.000000,0.000000,0.000000,0.000000,0.000000,0.000000,0.000000,0.000000,0.000000,0.000000,0.000000,0.000000,-1.581124,0.000000,0.000000,0.000000,0.000000,0.000000,0.000000,0.000000,-1.682066,0.000000,0.000000,0.000000,0.000000,0.000000,0.000000,-1.759593,0.000000,0.000000,0.000000,0.000000,0.000000,-1.913676,0.000000,0.000000,0.000000,-2.501328,0.000000,0.000000,0.000000,-1.888143,0.000000,0.000000,0.000000,-2.141379,0.000000,0.000000,-2.290840,0.000000,0.000000,-2.186419,0.000000,-2.355525,0.000000,0.000000,-2.432428,0.000000,-2.535065,0.000000,-2.570273,0.000000,-2.515420,0.000000,-2.721118,0.000000,-2.391036,-2.697195,0.000000,-2.763190,-2.799958,0.000000,-3.319527,-2.680382,-2.720198,0.000000,-2.732970,-2.763370,-3.093208,-3.000989,-2.958262,-3.055693,-2.526154,-2.596278,-2.875960,-3.391750,-2.904559,-5.965773,-2.645323,-2.531723,-6.435876,-3.604603,-2.961732,-5.474568,-3.083724,-5.422523,-5.503172,-2.847182,-6.287721,-6.493423,-7.107559,-5.017995,-5.412810,-5.462830,-5.737679,-5.305843,-5.284013,-8.821920,-8.563963
-171,0.000070,0.198937,1109.40,1098.69,2765.62,0.630846,0.266667,234.38,0.024527,7.4260,-1.936138,0.000000,0.000000,0.000000,0.000000,0.000000,0.000000,0.000000,0.000000,0.000000,0.000000,0.000000,0.000000,0.000000,0.000000,0.000000,0.000000,0.000000,-1.875239,0.000000,0.000000,0.000000,0.000000,0.000000,0.000000,0.000000,0.000000,0.000000,0.000000,0.000000,0.000000,-1.661178,0.000000,0.000000,0.000000,0.000000,0.000000,0.000000,0.000000,-2.188359,0.000000,0.000000,0.000000,0.000000,0.000000,0.000000,-1.610347,0.000000,0.000000,0.000000,0.000000,0.000000,-1.868844,0.000000,0.000000,0.000000,-2.140647,0.000000,0.000000,0.000000,-1.824044,0.000000,0.000000,0.000000,-2.065994,0.000000,0.000000,-2.810646,0.000000,0.000000,-2.552835,0.000000,-3.187151,0.000000,0.000000,-2.829451,0.000000,-2.544184,0.000000,-2.543352,0.000000,-2.460843,0.000000,-2.456839,0.000000,-2.559083,-2.651352,0.000000,-2.747980,-2.715862,0.000000,-2.608580,-2.587654,-2.824103,0.000000,-2.806720,-2.909206,-2.785047,-2.781931,-3.016699,-2.655582,-2.563620,-2.734293,-3.051373,-2.825989,-2.745928,-5.722695,-2.825274,-2.504230,-6.014179,-3.140955,-3.630974,-5.139912,-2.853156,-5.500207,-5.601476,-2.745580,-6.061418,-6.268685,-6.711636,-5.134537,-4.709970,-5.281764,-5.359135,-5.373317,-5.558608,-8.029778,-8.793818
-165,0.000072,0.287647,1119.58,1079.08,2578.12,0.602819,0.274510,234.38,0.028906,8.4334,-2.993973,0.000000,0.000000,0.000000,0.000000,0.000000,0.000000,0.000000,0.000000,0.000000,0.000000,0.000000,0.000000,0.000000,0.000000,0.000000,0.000000,0.000000,-2.686828,0.000000,0.000000,0.000000,0.000000,0.000000,0.000000,0.000000,0.000000,0.000000,0.000000,0.000000,0.000000,-1.854226,0.000000,0.000000,0.000000,0.000000,0.000000,0.000000,0.000000,-1.591920,0.000000,0.000000,0.000000,0.000000,0.000000,0.000000,-1.539005,0.000000,0.000000,0.000000,0.000000,0.000000,-1.660294,0.000000,0.000000,0.000000,-1.832919,0.000000,0.000000,0.000000,-2.069197,0.000000,0.000000,0.000000,-1.923613,0.000000,0.000000,-2.149647,0.000000,0.000000,-2.419483,0.000000,-3.182884,0.000000,0.000000,-3.134423,0.000000,-2.656030,0.000000,-2.485115,0.000000,-3.147983,0.000000,-2.549435,0.000000,-2.934963,-3.105968,0.000000,-3.091876,-2.815068,0.000000,-2.886038,-2.710547,-2.872709,0.000000,-2.982408,-3.161745,-2.656546,-2.523226,-2.657828,-2.879338,-3.079288,-2.816889,-3.007327,-3.137561,-2.812108,-6.061535,-2.782541,-2.390449,-5.274880,-2.574506,-2.493344,-5.021092,-3.008337,-5.455536,-5.570706,-2.665321,-5.119108,-5.529745,-5.730590,-5.601560,-4.972281,-5.844987,-5.012554,-5.922087,-5.934862,-7.861066,-8.525900
-160,0.000086,0.217994,1153.53,1075.43,2578.12,0.634363,0.180392,328.12,0.027108,7.9643,-2.074446,0.000000,0.000000,0.000000,0.000000,0.000000,0.000000,0.000000,0.000000,0.000000,0.000000,0.000000,0.000000,0.000000,0.000000,0.000000,0.000000,0.000000,-2.264864,0.000000,0.000000,0.000000,0.000000,0.000000,0.000000,0.000000,0.000000,0.000000,0.000000,0.000000,0.000000,-2.267495,0.000000,0.000000,0.000000,0.000000,0.000000,0.000000,0.000000,-1.772839,0.000000,0.000000,0.000000,0.000000,0.000000,0.000000,-1.802851,0.000000,0.000000,0.000000,0.000000,0.000000,-1.713897,0.000000,0.000000,0.000000,-1.566900,0.000000,0.000000,0.000000,-1.928352,0.000000,0.000000,0.000000,-1.982026,0.000000,0.000000,-2.075608,0.000000,0.000000,-2.324873,0.000000,-2.875539,0.000000,0.000000,-3.446332,0.000000,-2.992725,0.000000,-2.669852,0.000000,-2.575163,0.000000,-2.605551,0.000000,-3.168159,-3.057735,0.000000,-3.052014,-2.611437,0.000000,-2.730484,-2.676095,-2.619916,0.000000,-3.199594,-3.065995,-2.769772,-2.664004,-2.960517,-3.201012,-2.899720,-2.652404,-2.624042,-2.927196,-2.701547,-5.573043,-2.773406,-2.388637,-5.255538,-2.654895,-2.429406,-5.857437,-2.575799,-5.072686,-5.869303,-2.726491,-5.059519,-5.622428,-5.611773,-6.472426,-5.035961,-5.122119,-5.138802,-5.601254,-5.627565,-8.836025,-8.102852
-155,0.000081,0.250299,1031.33,1028.57,2437.50,0.580261,0.176471,281.25,0.034773,9.2486,-1.991644,0.000000,0.000000,0.000000,0.000000,0.000000,0.000000,0.000000,0.000000,0.000000,0.000000,0.000000,0.000000,0.000000,0.000000,0.000000,0.000000,0.000000,-1.994345,0.000000,0.000000,0.000000,0.000000,0.000000,0.000000,0.000000,0.000000,0.000000,0.000000,0.000000,0.000000,-2.108903,0.000000,0.000000,0.000000,0.000000,0.000000,0.000000,0.000000,-1.906234,0.000000,0.000000,0.000000,0.000000,0.000000,0.000000,-1.580887,0.000000,0.000000,0.000000,0.000000,0.000000,-1.458758,0.000000,0.000000,0.000000,-1.503312,0.000000,0.000000,0.000000,-1.848196,0.000000,0.000000,0.000000,-2.555314,0.000000,0.000000,-2.331209,0.000000,0.000000,-3.184896,0.000000,-2.441461,0.000000,0.000000,-2.682384,0.000000,-2.663771,0.000000,-3.271998,0.000000,-2.579546,0.000000,-2.547595,0.000000,-2.787047,-2.815563,0.000000,-2.778403,-2.508402,0.000000,-2.613614,-2.812628,-2.494983,0.000000,-2.728820,-3.355375,-3.145190,-2.975930,-3.174441,-2.856639,-2.796047,-2.733773,-2.459952,-2.451073,-2.493278,-5.210038,-2.794372,-2.379186,-5.084632,-3.242848,-2.703096,-5.496830,-2.545601,-6.115833,-5.791907,-2.616138,-5.487358,-5.203640,-5.097700,-6.087283,-5.136803,-5.466804,-6.145703,-5.819853,-5.780276,-8.577754,-8.175687
-149,0.000088,0.246880,1106.47,1085.80,2671.88,0.606391,0.184314,281.25,0.036018,9.2406,-2.369888,0.000000,0.000000,0.000000,0.000000,0.000000,0.000000,0.000000,0.000000,0.000000,0.000000,0.000000,0.000000,0.000000,0.000000,0.000000,0.000000,0.000000,-2.201406,0.000000,0.000000,0.000000,0.000000,0.000000,0.000000,0.000000,0.000000,0.000000,0.000000,0.000000,0.000000,-1.742555,0.000000,0.000000,0.000000,0.000000,0.000000,0.000000,0.000000,-1.630585,0.000000,0.000000,0.000000,0.000000,0.000000,0.000000,-1.855312,0.000000,0.000000,0.000000,0.000000,0.000000,-1.443481,0.000000,0.000000,0.000000,-1.562612,0.000000,0.000000,0.000000,-2.186058,0.000000,0.000000,0.000000,-2.023497,0.000000,0.000000,-2.212317,0.000000,0.000000,-2.329111,0.000000,-2.665767,0.000000,0.000000,-2.427633,0.000000,-2.455602,0.000000,-2.637788,0.000000,-2.954078,0.000000,-2.738029,0.000000,-2.870315,-2.704904,0.000000,-3.182553,-2.587348,0.000000,-2.497776,-2.475813,-2.697165,0.000000,-2.675694,-2.697964,-2.973607,-2.851925,-2.882635,-3.077117,-2.687231,-2.647841,-2.590763,-2.850220,-2.570878,-6.861659,-2.752898,-2.462184,-4.871233,-2.691471,-3.285122,-6.516622,-2.574275,-5.271079,-5.666549,-2.714246,-5.761014,-5.584285,-4.588078,-5.627419,-5.432122,-5.273219,-5.198927,-5.716530,-4.976236,-8.054418,-8.145161
-144,0.000078,0.199068,1088.78,1090.86,2671.88,0.595346,0.137255,328.12,0.042360,10.7009,-2.201582,0.000000,0.000000,0.000000,0.000000,0.000000,0.000000,0.000000,0.000000,0.000000,0.000000,0.000000,0.000000,0.000000,0.000000,0.000000,0.000000,0.000000,-2.011775,0.000000,0.000000,0.000000,0.000000,0.000000,0.000000,0.000000,0.000000,0.000000,0.000000,0.000000,0.000000,-1.733626,0.000000,0.000000,0.000000,0.000000,0.000000,0.000000,0.000000,-1.897695,0.000000,0.000000,0.000000,0.000000,0.000000,0.000000,-1.971922,0.000000,0.000000,0.000000,0.000000,0.000000,-1.469953,0.000000,0.000000,0.000000,-1.373040,0.000000,0.000000,0.000000,-1.772378,0.000000,0.000000,0.000000,-2.992432,0.000000,0.000000,-2.176455,0.000000,0.000000,-2.209839,0.000000,-2.574013,0.000000,0.000000,-2.524555,0.000000,-2.906103,0.000000,-2.557252,0.000000,-2.919113,0.000000,-3.278687,0.000000,-2.837838,-2.585454,0.000000,-2.422567,-2.690012,0.000000,-2.591052,-2.613723,-3.060278,0.000000,-2.809164,-2.627961,-2.883766,-2.976491,-2.788554,-2.624726,-2.477835,-2.688299,-2.771952,-2.603027,-2.617330,-6.211900,-3.320636,-2.811950,-5.386560,-2.526439,-3.014626,-5.910443,-2.518754,-5.632177,-5.627282,-2.744004,-6.039838,-5.479535,-5.000851,-5.084459,-5.586692,-5.139868,-4.972431,-5.592744,-5.360314,-7.461952,-8.413018
-139,0.000077,0.172060,1148.94,1069.31,2578.12,0.611684,0.192157,328.12,0.046100,11.7552,-2.149958,0.000000,0.000000,0.000000,0.000000,0.000000,0.000000,0.000000,0.000000,0.000000,0.000000,0.000000,0.000000,0.000000,0.000000,0.000000,0.000000,0.000000,-1.994740,0.000000,0.000000,0.000000,0.000000,0.000000,0.000000,0.000000,0.000000,0.000000,0.000000,0.000000,0.000000,-1.992741,0.000000,0.000000,0.000000,0.000000,0.000000,0.000000,0.000000,-2.567263,0.000000,0.000000,0.000000,0.000000,0.000000,0.000000,-2.418540,0.000000,0.000000,0.000000,0.000000,0.000000,-1.435687,0.000000,0.000000,0.000000,-1.336295,0.000000,0.000000,0.000000,-1.720806,0.000000,0.000000,0.000000,-2.525665,0.000000,0.000000,-2.520089,0.000000,0.000000,-2.325368,0.000000,-2.520762,0.000000,0.000000,-2.534787,0.000000,-2.659877,0.000000,-2.476370,0.000000,-2.454770,0.000000,-2.540815,0.000000,-2.577302,-2.585155,0.000000,-2.515405,-2.499838,0.000000,-2.350597,-2.487194,-2.757207,0.000000,-2.803323,-2.832613,-3.443741,-3.666577,-3.086722,-2.718898,-2.637927,-2.669155,-2.770240,-2.701209,-2.613696,-5.547319,-2.863636,-2.662662,-4.879390,-2.713212,-2.931687,-5.429840,-2.588121,-4.768403,-4.875321,-2.856326,-5.595331,-5.222925,-5.594168,-5.691761,-7.007077,-5.107153,-5.019767,-5.821636,-4.862547,-7.575122,-8.995093
-133,0.000068,0.135752,1121.59,1047.27,2484.38,0.607136,0.188235,281.25,0.037580,11.2733,-2.304232,0.000000,0.000000,0.000000,0.000000,0.000000,0.000000,0.000000,0.000000,0.000000,0.000000,0.000000,0.000000,0.000000,0.000000,0.000000,0.000000,0.000000,-2.128781,0.000000,0.000000,0.000000,0.000000,0.000000,0.000000,0.000000,0.000000,0.000000,0.000000,0.000000,0.000000,-2.659147,0.000000,0.000000,0.000000,0.000000,0.000000,0.000000,0.000000,-2.064321,0.000000,0.000000,0.000000,0.000000,0.000000,0.000000,-1.930423,0.000000,0.000000,0.000000,0.000000,0.000000,-1.425046,0.000000,0.000000,0.000000,-1.457916,0.000000,0.000000,0.000000,-2.276699,0.000000,0.000000,0.000000,-2.131375,0.000000,0.000000,-2.512295,0.000000,0.000000,-2.367232,0.000000,-2.530801,0.000000,0.000000,-2.701166,0.000000,-2.980280,0.000000,-2.674556,0.000000,-2.598706,0.000000,-2.641039,0.000000,-2.712683,-2.971950,0.000000,-2.870582,-3.016886,0.000000,-2.350449,-2.415559,-2.725958,0.000000,-2.999618,-2.742891,-2.873461,-2.948107,-2.775305,-2.645755,-2.572194,-2.493481,-3.327615,-3.264366,-2.958945,-5.120146,-2.731514,-2.623235,-4.945843,-3.778327,-3.109752,-5.269147,-2.589045,-5.231462,-5.265223,-2.860082,-5.608749,-5.595811,-5.611674,-5.670173,-6.444821,-5.822401,-6.004732,-5.846850,-4.892576,-8.279150,-8.685225
-128,0.000059,0.228069,1089.11,1018.51,2484.38,0.640875,0.313726,328.12,0.034384,9.6989,-2.201158,0.000000,0.000000,0.000000,0.000000,0.000000,0.000000,0.000000,0.000000,0.000000,0.000000,0.000000,0.000000,0.000000,0.000000,0.000000,0.000000,0.000000,-2.144838,0.000000,0.000000,0.000000,0.000000,0.000000,0.000000,0.000000,0.000000,0.000000,0.000000,0.000000,0.000000,-2.041345,0.000000,0.000000,0.000000,0.000000,0.000000,0.000000,0.000000,-1.916776,0.000000,0.000000,0.000000,0.000000,0.000000,0.000000,-1.954851,0.000000,0.000000,0.000000,0.000000,0.000000,-1.607820,0.000000,0.000000,0.000000,-1.463644,0.000000,0.000000,0.000000,-1.788414,0.000000,0.000000,0.000000,-2.105704,0.000000,0.000000,-2.530724,0.000000,0.000000,-2.165361,0.000000,-2.296774,0.000000,0.000000,-2.903300,0.000000,-3.023826,0.000000,-2.935827,0.000000,-2.829460,0.000000,-2.839003,0.000000,-2.575690,-2.582746,0.000000,-3.179788,-2.748125,0.000000,-2.486965,-2.512472,-2.848188,0.000000,-2.661690,-2.715838,-2.584968,-2.674915,-3.135798,-2.492017,-2.358441,-2.492735,-3.044900,-3.235967,-2.971225,-5.896576,-2.450788,-2.432979,-5.563104,-2.753047,-3.347483,-4.985678,-2.796667,-5.748247,-5.177175,-2.560931,-5.124755,-5.581784,-5.267550,-5.358543,-5.462309,-5.467844,-5.523834,-5.563908,-5.455137,-8.598501,-9.101248
-123,0.000053,0.111884,1094.81,972.68,2390.62,0.641789,0.321569,328.12,0.026649,8.6868,-1.988717,0.000000,0.000000,0.000000,0.000000,0.000000,0.000000,0.000000,0.000000,0.000000,0.000000,0.000000,0.000000,0.000000,0.000000,0.000000,0.000000,0.000000,-2.214032,0.000000,0.000000,0.000000,0.000000,0.000000,0.000000,0.000000,0.000000,0.000000,0.000000,0.000000,0.000000,-2.436556,0.000000,0.000000,0.000000,0.000000,0.000000,0.000000,0.000000,-2.315769,0.000000,0.000000,0.000000,0.000000,0.000000,0.000000,-2.083682,0.000000,0.000000,0.000000,0.000000,0.000000,-1.705109,0.000000,0.000000,0.000000,-1.574314,0.000000,0.000000,0.000000,-1.795680,0.000000,0.000000,0.000000,-2.176295,0.000000,0.000000,-2.510164,0.000000,0.000000,-2.208813,0.000000,-2.274009,0.000000,0.000000,-3.031542,0.000000,-2.939680,0.000000,-2.593213,0.000000,-2.602144,0.000000,-2.633963,0.000000,-2.558427,-2.694116,0.000000,-2.664730,-2.772228,0.000000,-2.974335,-2.481660,-2.574558,0.000000,-2.940970,-3.237990,-2.675906,-2.935375,-2.733105,-2.458980,-2.929454,-2.552308,-2.733883,-2.772691,-2.757371,-5.618501,-2.412826,-2.466724,-5.759428,-2.490254,-2.431467,-5.220974,-3.753796,-5.778893,-5.535137,-2.418921,-5.331805,-5.314924,-5.552718,-5.678947,-5.877316,-5.326426,-5.718754,-6.440546,-6.074521,-10.147949,-9.050929
-117,0.000069,0.164713,1197.02,1054.15,2531.25,0.694720,0.239216,281.25,0.013460,5.5476,-1.753916,0.000000,0.000000,0.000000,0.000000,0.000000,0.000000,0.000000,0.000000,0.000000,0.000000,0.000000,0.000000,0.000000,0.000000,0.000000,0.000000,0.000000,-2.101415,0.000000,0.000000,0.000000,0.000000,0.000000,0.000000,0.000000,0.000000,0.000000,0.000000,0.000000,0.000000,-2.402438,0.000000,0.000000,0.000000,0.000000,0.000000,0.000000,0.000000,-2.598538,0.000000,0.000000,0.000000,0.000000,0.000000,0.000000,-2.129085,0.000000,0.000000,0.000000,0.000000,0.000000,-1.870955,0.000000,0.000000,0.000000,-1.950912,0.000000,0.000000,0.000000,-2.446354,0.000000,0.000000,0.000000,-2.398560,0.000000,0.000000,-2.674715,0.000000,0.000000,-2.654207,0.000000,-2.427894,0.000000,0.000000,-2.456762,0.000000,-2.513454,0.000000,-2.795385,0.000000,-2.750995,0.000000,-3.334042,0.000000,-2.759309,-3.347937,0.000000,-2.838818,-2.739162,0.000000,-2.880182,-2.586651,-3.013537,0.000000,-3.124247,-3.095736,-2.652658,-2.803246,-2.641465,-2.527589,-2.488509,-2.576642,-3.006760,-2.640473,-2.710206,-5.708569,-2.481224,-2.679655,-6.361711,-2.498959,-2.459627,-5.809865,-2.846100,-6.121857,-5.692759,-3.331849,-5.059896,-5.915789,-5.922928,-6.041525,-5.561044,-5.986876,-5.531523,-5.833587,-6.490823,-9.214884,-8.750219
-112,0.000046,0.287997,1276.96,1121.12,2765.62,0.737285,0.400000,140.62,0.014698,5.7981,-1.921947,0.000000,0.000000,0.000000,0.000000,0.000000,0.000000,0.000000,0.000000,0.000000,0.000000,0.000000,0.000000,0.000000,0.000000,0.000000,0.000000,0.000000,-1.884863,0.000000,0.000000,0.000000,0.000000,0.000000,0.000000,0.000000,0.000000,0.000000,0.000000,0.000000,0.000000,-1.832755,0.000000,0.000000,0.000000,0.000000,0.000000,0.000000,0.000000,-2.114594,0.000000,0.000000,0.000000,0.000000,0.000000,0.000000,-2.088575,0.000000,0.000000,0.000000,0.000000,0.000000,-2.449657,0.000000,0.000000,0.000000,-2.571770,0.000000,0.000000,0.000000,-2.347762,0.000000,0.000000,0.000000,-2.326182,0.000000,0.000000,-2.530635,0.000000,0.000000,-2.706548,0.000000,-2.901275,0.000000,0.000000,-2.466386,0.000000,-2.325235,0.000000,-2.728536,0.000000,-2.897752,0.000000,-2.790663,0.000000,-2.986403,-2.972823,0.000000,-3.340304,-2.603822,0.000000,-2.543113,-2.463850,-2.913778,0.000000,-3.277910,-2.825060,-2.685237,-2.610327,-2.826274,-2.792745,-2.442179,-2.529662,-2.743132,-2.933707,-3.048493,-5.474451,-2.904351,-2.912775,-5.421503,-2.886316,-2.840385,-5.973125,-2.542851,-6.186844,-6.372473,-2.854479,-4.955692,-5.777089,-5.616703,-5.541311,-5.933438,-5.779609,-5.360197,-5.252584,-5.994174,-8.587482,-8.038536
-107,0.000077,0.237309,1236.81,1135.13,2765.62,0.676048,0.235294,93.75,0.021346,7.5358,-1.840436,0.000000,0.000000,0.000000,0.000000,0.000000,0.000000,0.000000,0.000000,0.000000,0.000000,0.000000,0.000000,0.000000,0.000000,0.000000,0.000000,0.000000,-1.670676,0.000000,0.000000,0.000000,0.000000,0.000000,0.000000,0.000000,0.000000,0.000000,0.000000,0.000000,0.000000,-1.713044,0.000000,0.000000,0.000000,0.000000,0.000000,0.000000,0.000000,-2.104594,0.000000,0.000000,0.000000,0.000000,0.000000,0.000000,-2.216074,0.000000,0.000000,0.000000,0.000000,0.000000,-2.409616,0.000000,0.000000,0.000000,-2.789196,0.000000,0.000000,0.000000,-2.796009,0.000000,0.000000,0.000000,-2.439355,0.000000,0.000000,-2.384984,0.000000,0.000000,-3.570787,0.000000,-2.538721,0.000000,0.000000,-2.405580,0.000000,-2.341306,0.000000,-2.482062,0.000000,-3.197111,0.000000,-2.949441,0.000000,-2.767173,-2.669799,0.000000,-2.538233,-2.356883,0.000000,-2.202332,-2.324805,-2.872270,0.000000,-3.107436,-2.905474,-2.931359,-2.753741,-2.794923,-2.866707,-2.617248,-3.305015,-2.570173,-2.695993,-3.057229,-5.781248,-3.026392,-2.892510,-5.194726,-2.904194,-3.145994,-5.472785,-2.343222,-5.428641,-5.947268,-2.773159,-5.702168,-6.551179,-5.728242,-5.538960,-6.350064,-5.453051,-5.790555,-5.488608,-5.660318,-7.780066,-7.697882
-101,0.000078,0.215748,1220.36,1110.89,2718.75,0.712447,0.149020,93.75,0.030274,10.1206,-1.784740,0.000000,0.000000,0.000000,0.000000,0.000000,0.000000,0.000000,0.000000,0.000000,0.000000,0.000000,0.000000,0.000000,0.000000,0.000000,0.000000,0.000000,-1.518924,0.000000,0.000000,0.000000,0.000000,0.000000,0.000000,0.000000,0.000000,0.000000,0.000000,0.000000,0.000000,-1.694043,0.000000,0.000000,0.000000,0.000000,0.000000,0.000000,0.000000,-2.318816,0.000000,0.000000,0.000000,0.000000,0.000000,0.000000,-2.509453,0.000000,0.000000,0.000000,0.000000,0.000000,-2.603304,0.000000,0.000000,0.000000,-2.368866,0.000000,0.000000,0.000000,-2.699242,0.000000,0.000000,0.000000,-2.547706,0.000000,0.000000,-2.398265,0.000000,0.000000,-2.401308,0.000000,-2.726185,0.000000,0.000000,-2.797806,0.000000,-2.694075,0.000000,-2.607742,0.000000,-2.772322,0.000000,-3.107937,0.000000,-2.670432,-2.541559,0.000000,-2.647064,-2.656780,0.000000,-2.273059,-2.399275,-3.042122,0.000000,-2.672143,-2.618314,-2.469183,-2.474812,-2.654283,-2.965157,-3.044699,-2.700378,-2.522729,-2.567407,-2.943598,-6.218719,-3.024472,-2.957502,-5.772898,-2.677328,-2.681362,-5.071251,-2.510920,-5.451830,-5.869904,-2.518567,-5.085036,-5.762937,-5.649862,-5.316776,-5.101061,-5.300632,-5.564501,-5.365725,-6.197819,-8.374087,-8.466348
-96,0.000074,0.250504,1044.87,1094.43,2531.25,0.614256,0.250980,93.75,0.036755,10.6976,-1.477125,0.000000,0.000000,0.000000,0.000000,0.000000,0.000000,0.000000,0.000000,0.000000,0.000000,0.000000,0.000000,0.000000,0.000000,0.000000,0.000000,0.000000,-1.434688,0.000000,0.000000,0.000000,0.000000,0.000000,0.000000,0.000000,0.000000,0.000000,0.000000,0.000000,0.000000,-1.621205,0.000000,0.000000,0.000000,0.000000,0.000000,0.000000,0.000000,-2.230239,0.000000,0.000000,0.000000,0.000000,0.000000,0.000000,-2.646813,0.000000,0.000000,0.000000,0.000000,0.000000,-2.685601,0.000000,0.000000,0.000000,-2.267514,0.000000,0.000000,0.000000,-2.221548,0.000000,0.000000,0.000000,-2.397525,0.000000,0.000000,-2.358287,0.000000,0.000000,-2.208907,0.000000,-2.528426,0.000000,0.000000,-2.600005,0.000000,-2.510245,0.000000,-2.497043,0.000000,-2.513763,0.000000,-2.451501,0.000000,-2.728765,-3.324888,0.000000,-2.802740,-2.571323,0.000000,-2.900076,-2.482426,-2.502182,0.000000,-2.453393,-2.375133,-2.543821,-2.757305,-2.523327,-2.772783,-2.968034,-3.085905,-2.587921,-2.930981,-2.970603,-5.934859,-3.467190,-2.859023,-5.855215,-3.050181,-2.571631,-5.857961,-2.910538,-5.459538,-6.265808,-2.534994,-4.786011,-5.392484,-6.264018,-5.131979,-5.532512,-5.288358,-5.320507,-5.250303,-5.532430,-8.843976,-8.630180
-91,0.000058,0.253904,1125.85,1106.89,2625.00,0.662133,0.278431,140.62,0.017306,5.0984,-1.508192,0.000000,0.000000,0.000000,0.000000,0.000000,0.000000,0.000000,0.000000,0.000000,0.000000,0.000000,0.000000,0.000000,0.000000,0.000000,0.000000,0.000000,-2.006797,0.000000,0.000000,0.000000,0.000000,0.000000,0.000000,0.000000,0.000000,0.000000,0.000000,0.000000,0.000000,-1.761796,0.000000,0.000000,0.000000,0.000000,0.000000,0.000000,0.000000,-1.831442,0.000000,0.000000,0.000000,0.000000,0.000000,0.000000,-1.997954,0.000000,0.000000,0.000000,0.000000,0.000000,-2.044386,0.000000,0.000000,0.000000,-2.330870,0.000000,0.000000,0.000000,-2.267690,0.000000,0.000000,0.000000,-2.043330,0.000000,0.000000,-2.207836,0.000000,0.000000,-2.409340,0.000000,-2.238998,0.000000,0.000000,-2.815117,0.000000,-2.741487,0.000000,-2.387179,0.000000,-2.277605,0.000000,-2.460256,0.000000,-3.118934,-3.113366,0.000000,-2.793041,-2.609258,0.000000,-2.572008,-2.475890,-2.657246,0.000000,-2.715185,-2.732252,-2.543735,-2.745521,-2.874345,-2.795382,-2.925217,-2.846379,-2.683563,-3.044464,-3.232377,-5.810621,-2.906744,-2.645197,-5.418871,-3.120623,-2.499149,-4.893364,-2.402850,-5.220103,-5.703259,-2.594411,-5.421755,-6.104405,-5.973232,-6.240490,-5.762131,-5.801035,-5.074396,-6.107160,-5.063139,-7.780625,-8.269661
-85,0.000066,0.202821,1212.34,1137.76,2812.50,0.652600,0.247059,234.38,0.023223,7.1080,-1.727271,0.000000,0.000000,0.000000,0.000000,0.000000,0.000000,0.000000,0.000000,0.000000,0.000000,0.000000,0.000000,0.000000,0.000000,0.000000,0.000000,0.000000,-2.256235,0.000000,0.000000,0.000000,0.000000,0.000000,0.000000,0.000000,0.000000,0.000000,0.000000,0.000000,0.000000,-2.264635,0.000000,0.000000,0.000000,0.000000,0.000000,0.000000,0.000000,-1.854931,0.000000,0.000000,0.000000,0.000000,0.000000,0.000000,-1.634074,0.000000,0.000000,0.000000,0.000000,0.000000,-1.740206,0.000000,0.000000,0.000000,-2.235907,0.000000,0.000000,0.000000,-2.236240,0.000000,0.000000,0.000000,-2.195628,0.000000,0.000000,-2.155520,0.000000,0.000000,-2.193526,0.000000,-2.161263,0.000000,0.000000,-2.562371,0.000000,-3.162438,0.000000,-2.626783,0.000000,-2.522750,0.000000,-2.740216,0.000000,-3.006181,-2.984939,0.000000,-3.257308,-2.879062,0.000000,-2.668796,-2.532938,-2.788818,0.000000,-2.782520,-2.704252,-2.655814,-2.810101,-3.261159,-3.358288,-3.177258,-3.442907,-2.778199,-2.769501,-2.792748,-5.813064,-2.717040,-2.722698,-5.631671,-2.847110,-2.413028,-4.882662,-2.463989,-5.413503,-5.432079,-2.373420,-5.249950,-6.668477,-6.522823,-5.464957,-5.825839,-5.169121,-5.555670,-5.681121,-5.060759,-7.599521,-7.908789
-80,0.000070,0.172742,1136.45,1084.29,2625.00,0.581447,0.239216,281.25,0.023118,8.1627,-1.999372,0.000000,0.000000,0.000000,0.000000,0.000000,0.000000,0.000000,0.000000,0.000000,0.000000,0.000000,0.000000,0.000000,0.000000,0.000000,0.000000,0.000000,-2.916435,0.000000,0.000000,0.000000,0.000000,0.000000,0.000000,0.000000,0.000000,0.000000,0.000000,0.000000,0.000000,-2.368935,0.000000,0.000000,0.000000,0.000000,0.000000,0.000000,0.000000,-1.941666,0.000000,0.000000,0.000000,0.000000,0.000000,0.000000,-1.908033,0.000000,0.000000,0.000000,0.000000,0.000000,-1.636042,0.000000,0.000000,0.000000,-1.782998,0.000000,0.000000,0.000000,-1.905646,0.000000,0.000000,0.000000,-2.249425,0.000000,0.000000,-2.103775,0.000000,0.000000,-2.196954,0.000000,-2.300165,0.000000,0.000000,-2.301520,0.000000,-2.887132,0.000000,-3.197672,0.000000,-2.991572,0.000000,-3.956540,0.000000,-3.373738,-3.278444,0.000000,-3.097620,-2.927494,0.000000,-3.224595,-2.642051,-2.653587,0.000000,-2.871754,-2.905082,-3.158253,-3.308220,-2.880971,-2.880735,-3.269567,-3.031289,-3.020457,-2.842612,-2.711239,-6.055049,-2.778768,-2.651598,-5.322049,-2.685150,-2.508051,-5.158305,-3.015746,-5.804386,-5.937604,-2.433295,-5.730755,-6.600121,-5.888159,-5.536814,-6.453286,-5.288467,-5.325387,-5.527088,-5.835577,-9.584811,-7.910401
-75,0.000074,0.274658,1071.45,1024.32,2343.75,0.598465,0.250980,328.12,0.026701,8.1197,-1.977878,0.000000,0.000000,0.000000,0.000000,0.000000,0.000000,0.000000,0.000000,0.000000,0.000000,0.000000,0.000000,0.000000,0.000000,0.000000,0.000000,0.000000,-2.469570,0.000000,0.000000,0.000000,0.000000,0.000000,0.000000,0.000000,0.000000,0.000000,0.000000,0.000000,0.000000,-2.090850,0.000000,0.000000,0.000000,0.000000,0.000000,0.000000,0.000000,-1.830683,0.000000,0.000000,0.000000,0.000000,0.000000,0.000000,-1.999222,0.000000,0.000000,0.000000,0.000000,0.000000,-1.814550,0.000000,0.000000,0.000000,-1.573472,0.000000,0.000000,0.000000,-1.629923,0.000000,0.000000,0.000000,-2.175079,0.000000,0.000000,-2.254330,0.000000,0.000000,-2.238859,0.000000,-2.327296,0.000000,0.000000,-2.264481,0.000000,-2.527242,0.000000,-2.883903,0.000000,-2.759454,0.000000,-2.741324,0.000000,-2.932360,-3.800893,0.000000,-3.342271,-2.847543,0.000000,-3.186855,-2.730870,-2.781354,0.000000,-3.100307,-3.085738,-3.012716,-2.790151,-2.664178,-2.691954,-2.805648,-2.620552,-2.565903,-2.631241,-2.777364,-5.447714,-2.562299,-2.935721,-5.188772,-2.986655,-3.277181,-4.701227,-2.387510,-5.238739,-5.996127,-2.672835,-5.363641,-6.027198,-6.016042,-5.963405,-5.331366,-6.086735,-5.688672,-5.578567,-6.953049,-8.753988,-7.864372
-69,0.000076,0.222128,1130.71,1060.38,2625.00,0.647086,0.215686,328.12,0.026794,7.1113,-1.904859,0.000000,0.000000,0.000000,0.000000,0.000000,0.000000,0.000000,0.000000,0.000000,0.000000,0.000000,0.000000,0.000000,0.000000,0.000000,0.000000,0.000000,-2.148655,0.000000,0.000000,0.000000,0.000000,0.000000,0.000000,0.000000,0.000000,0.000000,0.000000,0.000000,0.000000,-2.023499,0.000000,0.000000,0.000000,0.000000,0.000000,0.000000,0.000000,-1.744329,0.000000,0.000000,0.000000,0.000000,0.000000,0.000000,-1.770349,0.000000,0.000000,0.000000,0.000000,0.000000,-2.044095,0.000000,0.000000,0.000000,-1.571963,0.000000,0.000000,0.000000,-1.605665,0.000000,0.000000,0.000000,-2.127647,0.000000,0.000000,-2.181865,0.000000,0.000000,-2.340942,0.000000,-2.367005,0.000000,0.000000,-2.573942,0.000000,-2.524389,0.000000,-2.563843,0.000000,-2.610481,0.000000,-2.689998,0.000000,-2.909636,-2.735703,0.000000,-2.649573,-2.554042,0.000000,-2.786588,-3.083203,-2.772737,0.000000,-3.463906,-2.993559,-2.943466,-2.588785,-2.610562,-3.365771,-2.515172,-2.436606,-2.576800,-2.705104,-3.630010,-5.012694,-2.611874,-2.654058,-5.214634,-2.781456,-2.640780,-4.904586,-2.278135,-5.425611,-5.371076,-3.085585,-5.862801,-5.507990,-5.774780,-5.215039,-5.001337,-5.286598,-5.010937,-5.542360,-5.698434,-7.901800,-9.073974
-64,0.000065,0.255429,1132.88,1056.22,2671.88,0.636372,0.325490,328.12,0.034974,9.3870,-2.321118,0.000000,0.000000,0.000000,0.000000,0.000000,0.000000,0.000000,0.000000,0.000000,0.000000,0.000000,0.000000,0.000000,0.000000,0.000000,0.000000,0.000000,-2.102115,0.000000,0.000000,0.000000,0.000000,0.000000,0.000000,0.000000,0.000000,0.000000,0.000000,0.000000,0.000000,-1.779225,0.000000,0.000000,0.000000,0.000000,0.000000,0.000000,0.000000,-1.884773,0.000000,0.000000,0.000000,0.000000,0.000000,0.000000,-2.699518,0.000000,0.000000,0.000000,0.000000,0.000000,-1.601119,0.000000,0.000000,0.000000,-1.456251,0.000000,0.000000,0.000000,-1.786135,0.000000,0.000000,0.000000,-2.911552,0.000000,0.000000,-2.281628,0.000000,0.000000,-2.265185,0.000000,-2.320156,0.000000,0.000000,-2.301709,0.000000,-2.316452,0.000000,-2.494967,0.000000,-2.504149,0.000000,-2.445456,0.000000,-2.528472,-2.456304,0.000000,-2.544909,-2.506229,0.000000,-2.539160,-2.715264,-2.617906,0.000000,-2.724127,-2.671645,-2.587303,-2.929643,-2.870665,-2.583539,-2.518396,-2.680803,-3.469195,-2.817423,-3.521456,-5.048664,-3.427134,-2.872464,-5.616210,-2.475490,-2.607614,-5.877432,-2.549006,-5.330615,-5.894692,-3.137626,-6.007565,-5.211735,-5.196065,-5.242219,-5.794178,-4.755650,-4.781891,-5.299356,-5.208294,-8.810957,-8.981208
-59,0.000067,0.164095,1082.82,1030.60,2484.38,0.631362,0.250980,328.12,0.030991,9.1844,-2.348299,0.000000,0.000000,0.000000,0.000000,0.000000,0.000000,0.000000,0.000000,0.000000,0.000000,0.000000,0.000000,0.000000,0.000000,0.000000,0.000000,0.000000,-1.835272,0.000000,0.000000,0.000000,0.000000,0.000000,0.000000,0.000000,0.000000,0.000000,0.000000,0.000000,0.000000,-1.847217,0.000000,0.000000,0.000000,0.000000,0.000000,0.000000,0.000000,-2.702001,0.000000,0.000000,0.000000,0.000000,0.000000,0.000000,-1.902456,0.000000,0.000000,0.000000,0.000000,0.000000,-1.616449,0.000000,0.000000,0.000000,-1.508759,0.000000,0.000000,0.000000,-1.964088,0.000000,0.000000,0.000000,-2.445422,0.000000,0.000000,-2.756794,0.000000,0.000000,-2.270028,0.000000,-2.320680,0.000000,0.000000,-2.519439,0.000000,-2.286878,0.000000,-2.441781,0.000000,-2.458092,0.000000,-2.496565,0.000000,-2.494426,-2.600567,0.000000,-3.789005,-2.966564,0.000000,-2.756426,-2.587052,-2.620494,0.000000,-2.974375,-2.755141,-2.751439,-2.876921,-2.969927,-2.883445,-2.642432,-3.206778,-2.710854,-2.727548,-2.635122,-5.265620,-2.872447,-2.618412,-4.817156,-2.708523,-2.541010,-5.230579,-2.959145,-6.552788,-5.399358,-2.940682,-6.191286,-5.584538,-5.525588,-5.585332,-5.584157,-5.400896,-5.432418,-5.773246,-5.633749,-8.437799,-8.641485
-53,0.000049,0.217480,1228.59,1094.22,2671.88,0.689191,0.372549,328.12,0.024315,7.2332,-2.038658,0.000000,0.000000,0.000000,0.000000,0.000000,0.000000,0.000000,0.000000,0.000000,0.000000,0.000000,0.000000,0.000000,0.000000,0.000000,0.000000,0.000000,-1.916011,0.000000,0.000000,0.000000,0.000000,0.000000,0.000000,0.000000,0.000000,0.000000,0.000000,0.000000,0.000000,-1.874047,0.000000,0.000000,0.000000,0.000000,0.000000,0.000000,0.000000,-1.870430,0.000000,0.000000,0.000000,0.000000,0.000000,0.000000,-2.157282,0.000000,0.000000,0.000000,0.000000,0.000000,-1.919779,0.000000,0.000000,0.000000,-1.614131,0.000000,0.000000,0.000000,-1.956785,0.000000,0.000000,0.000000,-2.573680,0.000000,0.000000,-2.305198,0.000000,0.000000,-2.140073,0.000000,-2.255618,0.000000,0.000000,-2.671325,0.000000,-2.659111,0.000000,-2.739546,0.000000,-2.714554,0.000000,-2.717528,0.000000,-2.689813,-2.768218,0.000000,-3.242954,-3.102430,0.000000,-2.938637,-3.069524,-2.795864,0.000000,-3.605089,-2.990407,-3.193752,-3.381324,-2.778141,-2.540330,-2.494150,-2.988385,-2.829134,-3.045346,-2.825775,-5.384073,-2.612845,-2.516644,-4.787170,-2.510461,-2.395811,-5.346581,-2.506455,-5.296106,-4.765219,-2.685378,-5.348796,-5.510254,-5.109895,-4.930174,-5.672362,-5.714471,-5.849176,-5.562333,-5.462739,-7.898373,-8.365709
-48,0.000050,0.187343,1298.57,1063.82,2718.75,0.721154,0.443137,328.12,0.016115,5.3494,-2.136914,0.000000,0.000000,0.000000,0.000000,0.000000,0.000000,0.000000,0.000000,0.000000,0.000000,0.000000,0.000000,0.000000,0.000000,0.000000,0.000000,0.000000,-2.684297,0.000000,0.000000,0.000000,0.000000,0.000000,0.000000,0.000000,0.000000,0.000000,0.000000,0.000000,0.000000,-2.292097,0.000000,0.000000,0.000000,0.000000,0.000000,0.000000,0.000000,-2.038498,0.000000,0.000000,0.000000,0.000000,0.000000,0.000000,-2.041049,0.000000,0.000000,0.000000,0.000000,0.000000,-2.112322,0.000000,0.000000,0.000000,-1.792780,0.000000,0.000000,0.000000,-1.836872,0.000000,0.000000,0.000000,-2.112602,0.000000,0.000000,-2.204780,0.000000,0.000000,-2.343489,0.000000,-2.156225,0.000000,0.000000,-2.356666,0.000000,-2.509416,0.000000,-2.716560,0.000000,-2.997761,0.000000,-2.550514,0.000000,-2.657964,-2.922013,0.000000,-2.893514,-2.642983,0.000000,-2.555963,-2.567966,-2.692775,0.000000,-2.938724,-2.906413,-3.168855,-3.564039,-2.856762,-2.468422,-2.420172,-2.625297,-2.750267,-3.215520,-3.129694,-5.567775,-2.566339,-3.093301,-5.444062,-2.342456,-2.371798,-5.742881,-2.644542,-5.976016,-4.934304,-2.445966,-5.799172,-5.435974,-5.446011,-5.346788,-4.988768,-4.946311,-5.829096,-6.476197,-5.702558,-8.105070,-8.663717
-43,0.000078,0.120631,1524.03,1081.61,2859.38,0.797401,0.243137,328.12,0.011987,5.1729,-2.350303,0.000000,0.000000,0.000000,0.000000,0.000000,0.000000,0.000000,0.000000,0.000000,0.000000,0.000000,0.000000,0.000000,0.000000,0.000000,0.000000,0.000000,-2.402967,0.000000,0.000000,0.000000,0.000000,0.000000,0.000000,0.000000,0.000000,0.000000,0.000000,0.000000,0.000000,-3.301913,0.000000,0.000000,0.000000,0.000000,0.000000,0.000000,0.000000,-2.455273,0.000000,0.000000,0.000000,0.000000,0.000000,0.000000,-2.572511,0.000000,0.000000,0.000000,0.000000,0.000000,-2.717407,0.000000,0.000000,0.000000,-1.921287,0.000000,0.000000,0.000000,-2.188280,0.000000,0.000000,0.000000,-1.999289,0.000000,0.000000,-2.302469,0.000000,0.000000,-2.921122,0.000000,-2.371273,0.000000,0.000000,-2.357841,0.000000,-2.633339,0.000000,-2.944451,0.000000,-2.871792,0.000000,-2.517060,0.000000,-2.882797,-3.003190,0.000000,-3.047901,-2.683434,0.000000,-2.551410,-2.862310,-2.666625,0.000000,-3.347314,-2.879923,-2.990792,-3.294210,-2.947336,-2.791374,-2.709032,-2.646502,-2.671329,-2.853554,-2.894651,-5.724656,-2.979377,-2.922955,-5.661098,-2.406829,-2.361835,-5.463161,-2.931430,-5.997241,-5.568048,-2.787837,-4.957583,-5.067051,-5.247428,-5.797105,-5.221792,-5.302222,-5.406031,-5.638690,-5.967299,-8.285983,-8.753013
-37,0.000075,0.372624,1199.07,1051.41,2578.12,0.625060,0.207843,328.12,0.023463,8.0901,-2.245787,0.000000,0.000000,0.000000,0.000000,0.000000,0.000000,0.000000,0.000000,0.000000,0.000000,0.000000,0.000000,0.000000,0.000000,0.000000,0.000000,0.000000,-2.974673,0.000000,0.000000,0.000000,0.000000,0.000000,0.000000,0.000000,0.000000,0.000000,0.000000,0.000000,0.000000,-2.297822,0.000000,0.000000,0.000000,0.000000,0.000000,0.000000,0.000000,-2.475852,0.000000,0.000000,0.000000,0.000000,0.000000,0.000000,-2.114241,0.000000,0.000000,0.000000,0.000000,0.000000,-1.902555,0.000000,0.000000,0.000000,-1.629618,0.000000,0.000000,0.000000,-1.682543,0.000000,0.000000,0.000000,-1.813199,0.000000,0.000000,-2.108737,0.000000,0.000000,-2.493089,0.000000,-2.951576,0.000000,0.000000,-2.670507,0.000000,-2.963937,0.000000,-3.040659,0.000000,-2.893878,0.000000,-2.394916,0.000000,-2.354651,-2.555018,0.000000,-2.854410,-3.225528,0.000000,-2.691456,-2.881643,-2.758639,0.000000,-2.608277,-2.682457,-3.153376,-2.850423,-2.756196,-2.904335,-2.956700,-3.406763,-3.230700,-2.846253,-3.611381,-5.200668,-2.881898,-3.305927,-6.119695,-2.620009,-2.607361,-5.533252,-2.800927,-5.600062,-5.281914,-2.505491,-4.912437,-5.634866,-5.212217,-5.730163,-5.640268,-5.831172,-5.392137,-5.426357,-7.602673,-8.120874,-8.681704
-32,0.000067,0.335665,1038.78,1027.75,2484.38,0.590809,0.278431,328.12,0.035275,9.6013,-2.101896,0.000000,0.000000,0.000000,0.000000,0.000000,0.000000,0.000000,0.000000,0.000000,0.000000,0.000000,0.000000,0.000000,0.000000,0.000000,0.000000,0.000000,-2.099503,0.000000,0.000000,0.000000,0.000000,0.000000,0.000000,0.000000,0.000000,0.000000,0.000000,0.000000,0.000000,-1.842154,0.000000,0.000000,0.000000,0.000000,0.000000,0.000000,0.000000,-1.838464,0.000000,0.000000,0.000000,0.000000,0.000000,0.000000,-2.310497,0.000000,0.000000,0.000000,0.000000,0.000000,-1.702788,0.000000,0.000000,0.000000,-1.452537,0.000000,0.000000,0.000000,-1.614182,0.000000,0.000000,0.000000,-2.062498,0.000000,0.000000,-2.041359,0.000000,0.000000,-2.384418,0.000000,-2.484258,0.000000,0.000000,-2.470933,0.000000,-2.868290,0.000000,-2.568496,0.000000,-2.521432,0.000000,-2.721518,0.000000,-2.278447,-2.396923,0.000000,-3.157680,-2.638191,0.000000,-2.660974,-3.050263,-2.859686,0.000000,-2.608249,-2.810493,-2.640307,-2.756769,-3.044025,-2.987930,-2.654046,-2.685428,-2.800548,-2.751528,-2.788982,-5.118390,-2.518401,-2.787693,-5.850164,-3.416709,-3.144096,-6.503471,-3.104266,-5.934272,-4.798630,-2.828993,-5.352941,-5.816126,-5.274890,-5.451697,-5.546320,-5.855025,-5.426583,-4.889979,-5.607784,-8.205823,-9.668737
-27,0.000053,0.209275,1077.26,1077.41,2671.88,0.624929,0.321569,328.12,0.023782,6.1856,-1.988766,0.000000,0.000000,0.000000,0.000000,0.000000,0.000000,0.000000,0.000000,0.000000,0.000000,0.000000,0.000000,0.000000,0.000000,0.000000,0.000000,0.000000,-1.981179,0.000000,0.000000,0.000000,0.000000,0.000000,0.000000,0.000000,0.000000,0.000000,0.000000,0.000000,0.000000,-1.709474,0.000000,0.000000,0.000000,0.000000,0.000000,0.000000,0.000000,-1.721576,0.000000,0.000000,0.000000,0.000000,0.000000,0.000000,-1.849452,0.000000,0.000000,0.000000,0.000000,0.000000,-1.648085,0.000000,0.000000,0.000000,-1.623746,0.000000,0.000000,0.000000,-1.805703,0.000000,0.000000,0.000000,-2.188187,0.000000,0.000000,-2.266575,0.000000,0.000000,-2.795178,0.000000,-2.550816,0.000000,0.000000,-2.379721,0.000000,-2.389557,0.000000,-2.356854,0.000000,-2.440429,0.000000,-2.491555,0.000000,-2.520293,-2.534729,0.000000,-2.510547,-2.474589,0.000000,-2.690318,-2.986464,-2.580973,0.000000,-2.581474,-2.753417,-2.681220,-3.047624,-3.861749,-2.955409,-2.597096,-2.682373,-2.704097,-3.090408,-2.734425,-5.481482,-2.610894,-3.190016,-5.200512,-2.801164,-2.780828,-5.847060,-4.052226,-5.584136,-5.166786,-2.946901,-5.214458,-6.003059,-5.509060,-5.459937,-4.881770,-5.531532,-5.268928,-4.942867,-5.111788,-8.312235,-8.375703
-21,0.000054,0.146269,1219.60,1088.85,2671.88,0.741839,0.349020,93.75,0.016825,5.8128,-2.158332,0.000000,0.000000,0.000000,0.000000,0.000000,0.000000,0.000000,0.000000,0.000000,0.000000,0.000000,0.000000,0.000000,0.000000,0.000000,0.000000,0.000000,-1.774038,0.000000,0.000000,0.000000,0.000000,0.000000,0.000000,0.000000,0.000000,0.000000,0.000000,0.000000,0.000000,-2.002990,0.000000,0.000000,0.000000,0.000000,0.000000,0.000000,0.000000,-1.979029,0.000000,0.000000,0.000000,0.000000,0.000000,0.000000,-1.930321,0.000000,0.000000,0.000000,0.000000,0.000000,-1.988744,0.000000,0.000000,0.000000,-2.072293,0.000000,0.000000,0.000000,-2.495096,0.000000,0.000000,0.000000,-1.986057,0.000000,0.000000,-2.352110,0.000000,0.000000,-2.613325,0.000000,-2.514377,0.000000,0.000000,-2.915840,0.000000,-2.562706,0.000000,-2.549663,0.000000,-2.695488,0.000000,-2.437410,0.000000,-2.864165,-2.870230,0.000000,-3.141037,-2.646794,0.000000,-2.538124,-2.750463,-2.792554,0.000000,-2.532211,-2.769513,-2.952783,-3.083244,-3.078083,-2.607255,-2.463840,-2.703685,-2.538302,-2.711148,-2.838177,-5.522013,-3.257128,-2.788199,-5.129673,-2.744443,-2.878640,-5.726831,-2.862375,-5.133719,-5.504876,-2.874372,-5.058531,-5.579730,-5.972712,-5.204659,-5.588357,-5.697663,-5.533797,-5.943326,-5.445814,-8.273428,-8.478784
-16,0.000064,0.157008,1249.07,1092.74,2671.88,0.713477,0.301961,140.62,0.016241,6.3501,-2.031658,0.000000,0.000000,0.000000,0.000000,0.000000,0.000000,0.000000,0.000000,0.000000,0.000000,0.000000,0.000000,0.000000,0.000000,0.000000,0.000000,0.000000,-1.861255,0.000000,0.000000,0.000000,0.000000,0.000000,0.000000,0.000000,0.000000,0.000000,0.000000,0.000000,0.000000,-1.789385,0.000000,0.000000,0.000000,0.000000,0.000000,0.000000,0.000000,-2.049680,0.000000,0.000000,0.000000,0.000000,0.000000,0.000000,-2.309145,0.000000,0.000000,0.000000,0.000000,0.000000,-2.410946,0.000000,0.000000,0.000000,-2.576044,0.000000,0.000000,0.000000,-2.294790,0.000000,0.000000,0.000000,-2.147319,0.000000,0.000000,-2.180848,0.000000,0.000000,-2.612746,0.000000,-2.825668,0.000000,0.000000,-3.208054,0.000000,-2.549628,0.000000,-2.577691,0.000000,-2.567630,0.000000,-2.673828,0.000000,-2.892482,-2.980264,0.000000,-2.995889,-3.112438,0.000000,-2.703052,-2.642504,-2.743415,0.000000,-2.770656,-3.380431,-2.949962,-2.697547,-2.984571,-2.665494,-2.391500,-2.489793,-2.459570,-2.563380,-3.253767,-6.492066,-2.932920,-2.508423,-5.237513,-3.497175,-2.804242,-5.687780,-2.730482,-5.387371,-5.221299,-2.801236,-5.527053,-6.415642,-5.448278,-5.767591,-5.690777,-5.706559,-5.568115,-6.319444,-5.594227,-8.204430,-8.523460
-11,0.000055,0.218363,1282.75,1064.49,2718.75,0.770303,0.317647,140.62,0.016297,5.9619,-1.971912,0.000000,0.000000,0.000000,0.000000,0.000000,0.000000,0.000000,0.000000,0.000000,0.000000,0.000000,0.000000,0.000000,0.000000,0.000000,0.000000,0.000000,-1.911790,0.000000,0.000000,0.000000,0.000000,0.000000,0.000000,0.000000,0.000000,0.000000,0.000000,0.000000,0.000000,-1.787905,0.000000,0.000000,0.000000,0.000000,0.000000,0.000000,0.000000,-2.124214,0.000000,0.000000,0.000000,0.000000,0.000000,0.000000,-2.203928,0.000000,0.000000,0.000000,0.000000,0.000000,-2.168456,0.000000,0.000000,0.000000,-2.412130,0.000000,0.000000,0.000000,-2.861746,0.000000,0.000000,0.000000,-2.389397,0.000000,0.000000,-2.530211,0.000000,0.000000,-2.489491,0.000000,-2.553650,0.000000,0.000000,-2.433941,0.000000,-2.385344,0.000000,-2.870037,0.000000,-2.612019,0.000000,-2.597624,0.000000,-2.748475,-2.809335,0.000000,-2.745534,-2.552924,0.000000,-2.514602,-2.741377,-3.219470,0.000000,-2.771092,-2.843549,-2.747279,-2.511694,-2.583072,-2.735910,-2.629472,-2.717915,-2.595689,-2.525561,-2.778196,-6.169069,-2.622794,-2.447667,-5.031363,-2.578070,-2.414579,-5.179946,-2.787344,-5.364750,-5.452560,-2.770646,-6.343928,-5.464102,-6.047612,-5.051928,-5.191331,-5.786469,-5.729878,-6.207439,-5.862955,-8.254390,-8.913615
-5,0.000064,0.252119,1189.42,1086.62,2671.88,0.673087,0.223529,187.50,0.012446,4.2552,-1.625734,0.000000,0.000000,0.000000,0.000000,0.000000,0.000000,0.000000,0.000000,0.000000,0.000000,0.000000,0.000000,0.000000,0.000000,0.000000,0.000000,0.000000,-1.830927,0.000000,0.000000,0.000000,0.000000,0.000000,0.000000,0.000000,0.000000,0.000000,0.000000,0.000000,0.000000,-2.203687,0.000000,0.000000,0.000000,0.000000,0.000000,0.000000,0.000000,-1.904972,0.000000,0.000000,0.000000,0.000000,0.000000,0.000000,-2.266959,0.000000,0.000000,0.000000,0.000000,0.000000,-2.192343,0.000000,0.000000,0.000000,-2.163771,0.000000,0.000000,0.000000,-2.167485,0.000000,0.000000,0.000000,-2.352509,0.000000,0.000000,-2.644069,0.000000,0.000000,-2.603942,0.000000,-2.409940,0.000000,0.000000,-2.318117,0.000000,-2.469781,0.000000,-2.754884,0.000000,-2.603234,0.000000,-2.694377,0.000000,-2.922690,-2.638005,0.000000,-2.695572,-2.615763,0.000000,-2.458613,-2.825576,-2.741803,0.000000,-2.556534,-2.812164,-3.240346,-2.606611,-2.483417,-2.706766,-2.666609,-2.416781,-2.520251,-3.111356,-2.637084,-6.185712,-2.694017,-2.849273,-6.346063,-2.378758,-2.266684,-5.543797,-3.229296,-5.435388,-6.552022,-3.003884,-6.243741,-5.089465,-5.863338,-5.655050,-5.209882,-5.990469,-5.072856,-5.770863,-5.636833,-7.509696,-10.547012
0,0.000072,0.221544,1298.01,1161.73,2812.50,0.652872,0.247059,375.00,0.007915,2.6947,-1.604681,0.000000,0.000000,0.000000,0.000000,0.000000,0.000000,0.000000,0.000000,0.000000,0.000000,0.000000,0.000000,0.000000,0.000000,0.000000,0.000000,0.000000,-1.748375,0.000000,0.000000,0.000000,0.000000,0.000000,0.000000,0.000000,0.000000,0.000000,0.000000,0.000000,0.000000,-1.804238,0.000000,0.000000,0.000000,0.000000,0.000000,0.000000,0.000000,-1.895132,0.000000,0.000000,0.000000,0.000000,0.000000,0.000000,-2.648959,0.000000,0.000000,0.000000,0.000000,0.000000,-2.559888,0.000000,0.000000,0.000000,-3.400715,0.000000,0.000000,0.000000,-2.101557,0.000000,0.000000,0.000000,-2.320846,0.000000,0.000000,-2.616969,0.000000,0.000000,-2.847194,0.000000,-2.992563,0.000000,0.000000,-2.600682,0.000000,-2.669425,0.000000,-2.984282,0.000000,-3.175688,0.000000,-2.887971,0.000000,-2.875795,-2.767446,0.000000,-3.362727,-3.637295,0.000000,-2.582319,-2.425523,-2.419539,0.000000,-2.510956,-2.792162,-3.553943,-2.799238,-2.705106,-3.201466,-2.717125,-2.763586,-2.412438,-2.409406,-2.668366,-6.113760,-2.799131,-3.300447,-5.974819,-2.597530,-2.413946,-5.158752,-2.946327,-6.937749,-5.258024,-2.583992,-5.395721,-4.902521,-5.475914,-5.312863,-5.355546,-5.354566,-5.153118,-5.862151,-5.420468,-7.802236,-8.209921
5,0.000268,0.408904,612.45,845.34,1453.12,0.349424,0.047059,140.62,0.218888,18.3180,-1.405813,0.000000,0.000000,0.000000,0.000000,0.000000,0.000000,0.000000,0.000000,0.000000,0.000000,0.000000,0.000000,0.000000,0.000000,0.000000,0.000000,0.000000,-0.816543,0.000000,0.000000,0.000000,0.000000,0.000000,0.000000,0.000000,0.000000,0.000000,0.000000,0.000000,0.000000,-0.659778,0.000000,0.000000,0.000000,0.000000,0.000000,0.000000,0.000000,-0.974854,0.000000,0.000000,0.000000,0.000000,0.000000,0.000000,-1.553360,0.000000,0.000000,0.000000,0.000000,0.000000,-1.744671,0.000000,0.000000,0.000000,-1.684136,0.000000,0.000000,0.000000,-2.933778,0.000000,0.000000,0.000000,-1.728746,0.000000,0.000000,-1.600195,0.000000,0.000000,-1.755990,0.000000,-2.185508,0.000000,0.000000,-2.128260,0.000000,-2.514792,0.000000,-1.990400,0.000000,-1.945465,0.000000,-1.987108,0.000000,-2.584275,-2.330220,0.000000,-1.892855,-1.883419,0.000000,-2.445844,-2.841752,-2.627844,0.000000,-2.477998,-2.250052,-2.870224,-2.485362,-2.552572,-2.436429,-2.129133,-2.406869,-2.131149,-2.300336,-2.733166,-5.674871,-2.514448,-2.437917,-5.369045,-2.442427,-3.215643,-4.578358,-2.696418,-5.805626,-4.493441,-2.482920,-5.923902,-5.413665,-5.204531,-4.528375,-5.092180,-4.729578,-5.169505,-5.768579,-6.105848,-8.134447,-7.677157
11,0.000142,0.306163,658.53,849.16,1500.00,0.439079,0.145098,140.62,0.192752,11.8571,-1.154492,0.000000,0.000000,0.000000,0.000000,0.000000,0.000000,0.000000,0.000000,0.000000,0.000000,0.000000,0.000000,0.000000,0.000000,0.000000,0.000000,0.000000,-0.861747,0.000000,0.000000,0.000000,0.000000,0.000000,0.000000,0.000000,0.000000,0.000000,0.000000,0.000000,0.000000,-0.715000,0.000000,0.000000,0.000000,0.000000,0.000000,0.000000,0.000000,-0.778648,0.000000,0.000000,0.000000,0.000000,0.000000,0.000000,-1.041530,0.000000,0.000000,0.000000,0.000000,0.000000,-1.245422,0.000000,0.000000,0.000000,-1.652636,0.000000,0.000000,0.000000,-1.842735,0.000000,0.000000,0.000000,-1.576054,0.000000,0.000000,-1.552384,0.000000,0.000000,-1.592340,0.000000,-1.689329,0.000000,0.000000,-1.879225,0.000000,-2.026505,0.000000,-1.839319,0.000000,-1.709257,0.000000,-1.816377,0.000000,-2.028792,-1.958758,0.000000,-1.822641,-1.915190,0.000000,-2.211946,-2.488672,-2.293537,0.000000,-2.096916,-2.122359,-2.284197,-2.222266,-2.164582,-2.155719,-2.172048,-2.163515,-2.110654,-2.341874,-2.781695,-5.240694,-2.337753,-2.315766,-4.541233,-2.455410,-2.404980,-4.516442,-2.521923,-4.529458,-4.604125,-2.443886,-4.926528,-5.446149,-5.072187,-4.432809,-4.679790,-4.339170,-4.560438,-5.056573,-5.128564,-7.301844,-7.818630
16,0.000089,0.039343,709.45,874.47,1734.38,0.433869,0.188235,234.38,0.088882,9.6032,-1.294024,0.000000,0.000000,0.000000,0.000000,0.000000,0.000000,0.000000,0.000000,0.000000,0.000000,0.000000,0.000000,0.000000,0.000000,0.000000,0.000000,0.000000,-1.572679,0.000000,0.000000,0.000000,0.000000,0.000000,0.000000,0.000000,0.000000,0.000000,0.000000,0.000000,0.000000,-1.117876,0.000000,0.000000,0.000000,0.000000,0.000000,0.000000,0.000000,-1.164699,0.000000,0.000000,0.000000,0.000000,0.000000,0.000000,-1.051185,0.000000,0.000000,0.000000,0.000000,0.000000,-1.132277,0.000000,0.000000,0.000000,-1.619580,0.000000,0.000000,0.000000,-1.737133,0.000000,0.000000,0.000000,-1.845698,0.000000,0.000000,-2.001262,0.000000,0.000000,-1.979149,0.000000,-1.774194,0.000000,0.000000,-2.074573,0.000000,-2.350348,0.000000,-2.107076,0.000000,-1.888508,0.000000,-2.127306,0.000000,-2.289553,-2.284695,0.000000,-2.094871,-2.463938,0.000000,-2.320884,-2.912402,-2.372626,0.000000,-2.202783,-2.322166,-3.058331,-2.360189,-2.326524,-2.606753,-2.708382,-2.961723,-2.405540,-2.357222,-2.672085,-6.191360,-2.464444,-3.359026,-5.065475,-2.898437,-2.464117,-4.846645,-2.719131,-4.381627,-5.611846,-2.878563,-5.293239,-5.105313,-5.286456,-5.366047,-5.203620,-5.029603,-5.160295,-5.065102,-5.333076,-8.155773,-8.280609
21,0.000099,0.062937,802.17,948.41,2015.62,0.472630,0.172549,281.25,0.057408,10.5571,-1.407081,0.000000,0.000000,0.000000,0.000000,0.000000,0.000000,0.000000,0.000000,0.000000,0.000000,0.000000,0.000000,0.000000,0.000000,0.000000,0.000000,0.000000,-1.457768,0.000000,0.000000,0.000000,0.000000,0.000000,0.000000,0.000000,0.000000,0.000000,0.000000,0.000000,0.000000,-1.609371,0.000000,0.000000,0.000000,0.000000,0.000000,0.000000,0.000000,-1.873599,0.000000,0.000000,0.000000,0.000000,0.000000,0.000000,-1.701300,0.000000,0.000000,0.000000,0.000000,0.000000,-1.241029,0.000000,0.000000,0.000000,-1.659616,0.000000,0.000000,0.000000,-1.742800,0.000000,0.000000,0.000000,-2.041679,0.000000,0.000000,-2.092766,0.000000,0.000000,-1.884960,0.000000,-1.997494,0.000000,0.000000,-2.486202,0.000000,-2.294209,0.000000,-2.366284,0.000000,-2.385120,0.000000,-2.389366,0.000000,-3.177559,-2.675796,0.000000,-2.279032,-2.279234,0.000000,-2.458764,-2.444484,-2.722267,0.000000,-2.684338,-2.595641,-2.779213,-2.508226,-4.007552,-2.772715,-2.746686,-2.947712,-2.495322,-3.029217,-2.718843,-6.446767,-2.799586,-2.668920,-5.435707,-2.635725,-2.588550,-5.860678,-2.477844,-5.172462,-6.210390,-3.137127,-5.371472,-5.063809,-6.520350,-5.970810,-5.681068,-5.551676,-5.292967,-5.689301,-5.079854,-8.367647,-8.278030
27,0.000066,0.237639,863.42,910.54,1968.75,0.540357,0.313726,281.25,0.045264,8.7327,-1.795852,0.000000,0.000000,0.000000,0.000000,0.000000,0.000000,0.000000,0.000000,0.000000,0.000000,0.000000,0.000000,0.000000,0.000000,0.000000,0.000000,0.000000,-2.134859,0.000000,0.000000,0.000000,0.000000,0.000000,0.000000,0.000000,0.000000,0.000000,0.000000,0.000000,0.000000,-1.739020,0.000000,0.000000,0.000000,0.000000,0.000000,0.000000,0.000000,-1.674191,0.000000,0.000000,0.000000,0.000000,0.000000,0.000000,-1.442723,0.000000,0.000000,0.000000,0.000000,0.000000,-1.344251,0.000000,0.000000,0.000000,-1.520453,0.000000,0.000000,0.000000,-1.624277,0.000000,0.000000,0.000000,-1.838544,0.000000,0.000000,-2.206722,0.000000,0.000000,-1.956995,0.000000,-2.370516,0.000000,0.000000,-2.137170,0.000000,-2.631500,0.000000,-2.177356,0.000000,-2.149383,0.000000,-2.239812,0.000000,-2.698271,-2.431453,0.000000,-2.172396,-2.472912,0.000000,-2.921120,-2.805825,-2.757512,0.000000,-2.773937,-2.489804,-2.360590,-2.370347,-2.561614,-2.855723,-2.663825,-2.375728,-2.373876,-2.560701,-2.513223,-5.076335,-3.076409,-3.318852,-5.157957,-2.777571,-2.612471,-5.565492,-2.634806,-5.593541,-5.778484,-2.922485,-5.340670,-5.758164,-5.476604,-5.652252,-5.724072,-4.897074,-5.606133,-5.729774,-5.723135,-9.128066,-8.761173
32,0.000111,0.181321,1051.19,1003.30,2437.50,0.643455,0.090196,375.00,0.031132,6.5817,-2.045589,0.000000,0.000000,0.000000,0.000000,0.000000,0.000000,0.000000,0.000000,0.000000,0.000000,0.000000,0.000000,0.000000,0.000000,0.000000,0.000000,0.000000,-1.889609,0.000000,0.000000,0.000000,0.000000,0.000000,0.000000,0.000000,0.000000,0.000000,0.000000,0.000000,0.000000,-2.130145,0.000000,0.000000,0.000000,0.000000,0.000000,0.000000,0.000000,-1.791117,0.000000,0.000000,0.000000,0.000000,0.000000,0.000000,-1.758374,0.000000,0.000000,0.000000,0.000000,0.000000,-1.560213,0.000000,0.000000,0.000000,-1.889723,0.000000,0.000000,0.000000,-1.506794,0.000000,0.000000,0.000000,-1.801073,0.000000,0.000000,-1.980404,0.000000,0.000000,-1.981540,0.000000,-2.206956,0.000000,0.000000,-2.110630,0.000000,-1.972282,0.000000,-1.977600,0.000000,-2.258513,0.000000,-2.158456,0.000000,-2.447483,-2.334800,0.000000,-2.271122,-2.657130,0.000000,-3.051577,-3.199510,-2.904052,0.000000,-3.093361,-2.521660,-2.543930,-2.521388,-2.559153,-3.046880,-2.773431,-2.390981,-2.512849,-3.161474,-2.521230,-5.161551,-2.679988,-2.505106,-4.972448,-2.653322,-2.410540,-5.518063,-2.960648,-5.393708,-5.596252,-2.942683,-5.039012,-5.279015,-5.491212,-5.889784,-6.144104,-5.049946,-5.180120,-5.553565,-5.295893,-7.567514,-7.930704
37,0.000069,0.146400,1000.84,1010.34,2437.50,0.578957,0.274510,328.12,0.035364,7.7289,-2.144075,0.000000,0.000000,0.000000,0.000000,0.000000,0.000000,0.000000,0.000000,0.000000,0.000000,0.000000,0.000000,0.000000,0.000000,0.000000,0.000000,0.000000,-1.951685,0.000000,0.000000,0.000000,0.000000,0.000000,0.000000,0.000000,0.000000,0.000000,0.000000,0.000000,0.000000,-1.874687,0.000000,0.000000,0.000000,0.000000,0.000000,0.000000,0.000000,-1.782647,0.000000,0.000000,0.000000,0.000000,0.000000,0.000000,-1.777450,0.000000,0.000000,0.000000,0.000000,0.000000,-1.525378,0.000000,0.000000,0.000000,-1.451432,0.000000,0.000000,0.000000,-1.491353,0.000000,0.000000,0.000000,-2.041809,0.000000,0.000000,-2.095240,0.000000,0.000000,-2.259716,0.000000,-2.246341,0.000000,0.000000,-2.656300,0.000000,-2.061277,0.000000,-2.061811,0.000000,-2.285382,0.000000,-2.122140,0.000000,-2.309243,-2.646911,0.000000,-2.403860,-2.823323,0.000000,-2.988253,-3.119460,-2.888403,0.000000,-2.893698,-2.816334,-2.733626,-2.744541,-2.892603,-3.264458,-3.417667,-2.495751,-2.799917,-3.019132,-2.596540,-4.897667,-2.648320,-2.702177,-5.206622,-2.958741,-2.419637,-5.233523,-2.829237,-6.033406,-5.952234,-2.662008,-5.546103,-4.976063,-5.108995,-5.290290,-6.299191,-5.923727,-5.404857,-4.910450,-5.535145,-7.901376,-8.145669
43,0.000097,0.176275,1007.80,1013.18,2343.75,0.554596,0.129412,328.12,0.041315,9.5444,-1.935839,0.000000,0.000000,0.000000,0.000000,0.000000,0.000000,0.000000,0.000000,0.000000,0.000000,0.000000,0.000000,0.000000,0.000000,0.000000,0.000000,0.000000,-2.165807,0.000000,0.000000,0.000000,0.000000,0.000000,0.000000,0.000000,0.000000,0.000000,0.000000,0.000000,0.000000,-1.945604,0.000000,0.000000,0.000000,0.000000,0.000000,0.000000,0.000000,-2.357896,0.000000,0.000000,0.000000,0.000000,0.000000,0.000000,-1.702511,0.000000,0.000000,0.000000,0.000000,0.000000,-1.427875,0.000000,0.000000,0.000000,-1.383890,0.000000,0.000000,0.000000,-1.696221,0.000000,0.000000,0.000000,-1.774853,0.000000,0.000000,-2.054937,0.000000,0.000000,-2.505594,0.000000,-2.804093,0.000000,0.000000,-2.458322,0.000000,-2.248211,0.000000,-2.981112,0.000000,-2.049877,0.000000,-2.184204,0.000000,-2.561793,-2.585805,0.000000,-2.676583,-2.652356,0.000000,-2.873734,-3.266584,-3.430156,0.000000,-2.881012,-2.735552,-2.644561,-2.822811,-3.432896,-3.026804,-2.685416,-2.412627,-2.446104,-2.788036,-2.625393,-4.912588,-3.217668,-3.039633,-5.176250,-3.348188,-2.531097,-5.309972,-2.661531,-5.145459,-5.308116,-2.516047,-5.904243,-5.914815,-6.019266,-5.745941,-6.393707,-5.309010,-5.021555,-5.157655,-5.324928,-7.963241,-8.328704
48,0.000103,0.287608,980.08,984.89,2343.75,0.589978,0.113725,328.12,0.025774,5.7887,-2.013680,0.000000,0.000000,0.000000,0.000000,0.000000,0.000000,0.000000,0.000000,0.000000,0.000000,0.000000,0.000000,0.000000,0.000000,0.000000,0.000000,0.000000,-1.776968,0.000000,0.000000,0.000000,0.000000,0.000000,0.000000,0.000000,0.000000,0.000000,0.000000,0.000000,0.000000,-1.647890,0.000000,0.000000,0.000000,0.000000,0.000000,0.000000,0.000000,-1.645254,0.000000,0.000000,0.000000,0.000000,0.000000,0.000000,-1.800913,0.000000,0.000000,0.000000,0.000000,0.000000,-1.679850,0.000000,0.000000,0.000000,-1.588811,0.000000,0.000000,0.000000,-2.256463,0.000000,0.000000,0.000000,-1.966847,0.000000,0.000000,-1.713091,0.000000,0.000000,-2.051619,0.000000,-2.217422,0.000000,0.000000,-2.263613,0.000000,-2.158788,0.000000,-2.293641,0.000000,-2.112376,0.000000,-2.335271,0.000000,-2.875317,-2.960312,0.000000,-2.608902,-2.536808,0.000000,-2.409609,-2.657820,-2.874319,0.000000,-2.687605,-2.435699,-2.960876,-2.796409,-3.305859,-2.994743,-2.506584,-2.721599,-2.474697,-2.473017,-3.136825,-5.216804,-3.065481,-3.049172,-5.267141,-2.666589,-3.262442,-5.018149,-2.684118,-5.069081,-5.263413,-2.560822,-5.360426,-5.270730,-5.244811,-5.358077,-5.636553,-5.473047,-5.416651,-5.398895,-5.338778,-10.445765,-8.535455
53,0.000114,0.302837,866.97,930.91,2156.25,0.549314,0.121569,281.25,0.038445,6.7596,-1.510652,0.000000,0.000000,0.000000,0.000000,0.000000,0.000000,0.000000,0.000000,0.000000,0.000000,0.000000,0.000000,0.000000,0.000000,0.000000,0.000000,0.000000,-1.487650,0.000000,0.000000,0.000000,0.000000,0.000000,0.000000,0.000000,0.000000,0.000000,0.000000,0.000000,0.000000,-2.092320,0.000000,0.000000,0.000000,0.000000,0.000000,0.000000,0.000000,-1.697358,0.000000,0.000000,0.000000,0.000000,0.000000,0.000000,-1.542944,0.000000,0.000000,0.000000,0.000000,0.000000,-1.415159,0.000000,0.000000,0.000000,-1.555191,0.000000,0.000000,0.000000,-2.019102,0.000000,0.000000,0.000000,-1.898117,0.000000,0.000000,-1.734991,0.000000,0.000000,-1.696152,0.000000,-1.904989,0.000000,0.000000,-2.178943,0.000000,-2.151763,0.000000,-2.371589,0.000000,-2.061159,0.000000,-2.242977,0.000000,-3.039012,-2.666544,0.000000,-2.429211,-2.455967,0.000000,-2.315502,-2.442720,-2.553136,0.000000,-2.326668,-2.318294,-2.528586,-2.657535,-2.803531,-2.650927,-2.481138,-2.647052,-2.695857,-2.694629,-2.587127,-5.869637,-3.002644,-3.066214,-5.402052,-3.233768,-2.812795,-4.984560,-2.623127,-4.890307,-4.951056,-2.608319,-5.216429,-5.446933,-5.095426,-6.042040,-5.846378,-5.338033,-5.183842,-5.285586,-6.387555,-8.074041,-8.679378
59,0.000184,0.157768,832.42,935.24,2062.50,0.488157,0.113725,281.25,0.049273,9.4336,-1.474264,0.000000,0.000000,0.000000,0.000000,0.000000,0.000000,0.000000,0.000000,0.000000,0.000000,0.000000,0.000000,0.000000,0.000000,0.000000,0.000000,0.000000,-1.397985,0.000000,0.000000,0.000000,0.000000,0.000000,0.000000,0.000000,0.000000,0.000000,0.000000,0.000000,0.000000,-1.783640,0.000000,0.000000,0.000000,0.000000,0.000000,0.000000,0.000000,-1.880213,0.000000,0.000000,0.000000,0.000000,0.000000,0.000000,-2.891518,0.000000,0.000000,0.000000,0.000000,0.000000,-1.307390,0.000000,0.000000,0.000000,-1.420084,0.000000,0.000000,0.000000,-2.228706,0.000000,0.000000,0.000000,-1.926369,0.000000,0.000000,-1.898344,0.000000,0.000000,-1.768611,0.000000,-2.155802,0.000000,0.000000,-2.746780,0.000000,-2.450164,0.000000,-2.144053,0.000000,-1.957750,0.000000,-2.239757,0.000000,-2.837052,-2.459686,0.000000,-2.387703,-2.758271,0.000000,-2.446717,-2.677530,-2.820805,0.000000,-2.269053,-2.564013,-2.915649,-2.896605,-2.985575,-2.995370,-2.547818,-2.714530,-2.907367,-2.898141,-2.621100,-5.457563,-2.784226,-2.841138,-5.122401,-2.873146,-2.853751,-5.288165,-2.604821,-5.274712,-5.361599,-2.519112,-5.389818,-4.951903,-5.901482,-5.993824,-7.622921,-5.160440,-5.083738,-6.431139,-5.948858,-7.957282,-8.716574
64,0.000168,0.337689,744.36,843.86,1781.25,0.400810,0.105882,281.25,0.081075,12.2048,-2.164443,0.000000,0.000000,0.000000,0.000000,0.000000,0.000000,0.000000,0.000000,0.000000,0.000000,0.000000,0.000000,0.000000,0.000000,0.000000,0.000000,0.000000,-1.379510,0.000000,0.000000,0.000000,0.000000,0.000000,0.000000,0.000000,0.000000,0.000000,0.000000,0.000000,0.000000,-1.617622,0.000000,0.000000,0.000000,0.000000,0.000000,0.000000,0.000000,-1.761387,0.000000,0.000000,0.000000,0.000000,0.000000,0.000000,-1.341087,0.000000,0.000000,0.000000,0.000000,0.000000,-1.091115,0.000000,0.000000,0.000000,-1.242966,0.000000,0.000000,0.000000,-1.862877,0.000000,0.000000,0.000000,-1.853225,0.000000,0.000000,-1.638455,0.000000,0.000000,-1.885339,0.000000,-2.490984,0.000000,0.000000,-2.669378,0.000000,-2.469076,0.000000,-2.186893,0.000000,-1.915362,0.000000,-2.291515,0.000000,-2.506701,-3.036773,0.000000,-2.359837,-2.297096,0.000000,-2.933159,-3.017274,-2.388107,0.000000,-2.151498,-2.452610,-2.712330,-2.566981,-2.497929,-2.443794,-2.556320,-3.152027,-2.957929,-2.521251,-2.897352,-5.872166,-2.674402,-2.867928,-5.161027,-2.968167,-3.047518,-5.594271,-2.303100,-5.210943,-4.969631,-2.800848,-5.457097,-6.522619,-4.730882,-5.961582,-5.737452,-5.156356,-5.945327,-6.347043,-6.048175,-8.563566,-9.852619
69,0.000101,0.270500,782.50,854.56,1828.12,0.474979,0.129412,281.25,0.088947,10.5076,-1.454564,0.000000,0.000000,0.000000,0.000000,0.000000,0.000000,0.000000,0.000000,0.000000,0.000000,0.000000,0.000000,0.000000,0.000000,0.000000,0.000000,0.000000,-1.430382,0.000000,0.000000,0.000000,0.000000,0.000000,0.000000,0.000000,0.000000,0.000000,0.000000,0.000000,0.000000,-1.492121,0.000000,0.000000,0.000000,0.000000,0.000000,0.000000,0.000000,-1.716360,0.000000,0.000000,0.000000,0.000000,0.000000,0.000000,-1.146674,0.000000,0.000000,0.000000,0.000000,0.000000,-1.050866,0.000000,0.000000,0.000000,-1.224488,0.000000,0.000000,0.000000,-1.983661,0.000000,0.000000,0.000000,-2.415945,0.000000,0.000000,-1.658697,0.000000,0.000000,-1.687843,0.000000,-2.309650,0.000000,0.000000,-2.673794,0.000000,-2.235747,0.000000,-1.909127,0.000000,-2.112691,0.000000,-2.117912,0.000000,-2.111662,-2.338903,0.000000,-2.773801,-2.148042,0.000000,-2.231682,-2.277242,-2.268981,0.000000,-2.210138,-2.173967,-2.487448,-2.544013,-2.160134,-2.095320,-2.286165,-2.705455,-2.582118,-2.321145,-2.413204,-5.634296,-2.408385,-2.340359,-5.273896,-2.531320,-2.557287,-5.328461,-2.255558,-5.471713,-5.058885,-2.293323,-4.889576,-4.680427,-4.691225,-5.549365,-5.254644,-5.390924,-5.974135,-5.844419,-6.464248,-8.602579,-8.432293
75,0.000123,0.201694,851.19,881.99,1875.00,0.577553,0.125490,234.38,0.055024,7.1659,-1.474281,0.000000,0.000000,0.000000,0.000000,0.000000,0.000000,0.000000,0.000000,0.000000,0.000000,0.000000,0.000000,0.000000,0.000000,0.000000,0.000000,0.000000,-2.036792,0.000000,0.000000,0.000000,0.000000,0.000000,0.000000,0.000000,0.000000,0.000000,0.000000,0.000000,0.000000,-1.448883,0.000000,0.000000,0.000000,0.000000,0.000000,0.000000,0.000000,-1.344466,0.000000,0.000000,0.000000,0.000000,0.000000,0.000000,-1.259449,0.000000,0.000000,0.000000,0.000000,0.000000,-1.621054,0.000000,0.000000,0.000000,-1.346804,0.000000,0.000000,0.000000,-1.568882,0.000000,0.000000,0.000000,-1.890329,0.000000,0.000000,-1.864950,0.000000,0.000000,-1.749387,0.000000,-1.793090,0.000000,0.000000,-1.970492,0.000000,-2.007432,0.000000,-2.011817,0.000000,-2.096938,0.000000,-2.076104,0.000000,-2.045960,-2.261688,0.000000,-2.234787,-2.043491,0.000000,-2.112077,-2.257969,-2.605299,0.000000,-2.593053,-2.313077,-2.383750,-2.403707,-2.245842,-2.277970,-2.217500,-2.612663,-2.509807,-2.474915,-2.386509,-4.946958,-2.384822,-2.377672,-5.111398,-2.736520,-2.634435,-5.510263,-2.516116,-5.029981,-4.903261,-2.476553,-5.376335,-5.030885,-5.200487,-4.867381,-4.918525,-5.340878,-5.623346,-5.706017,-5.202490,-8.417814,-8.631389
80,0.000152,0.187697,879.96,1006.35,2203.12,0.551537,0.031373,93.75,0.055329,9.0913,-1.378791,0.000000,0.000000,0.000000,0.000000,0.000000,0.000000,0.000000,0.000000,0.000000,0.000000,0.000000,0.000000,0.000000,0.000000,0.000000,0.000000,0.000000,-1.257045,0.000000,0.000000,0.000000,0.000000,0.000000,0.000000,0.000000,0.000000,0.000000,0.000000,0.000000,0.000000,-1.688153,0.000000,0.000000,0.000000,0.000000,0.000000,0.000000,0.000000,-1.636322,0.000000,0.000000,0.000000,0.000000,0.000000,0.000000,-1.540776,0.000000,0.000000,0.000000,0.000000,0.000000,-1.584653,0.000000,0.000000,0.000000,-1.692257,0.000000,0.000000,0.000000,-1.832991,0.000000,0.000000,0.000000,-1.763187,0.000000,0.000000,-2.289907,0.000000,0.000000,-2.118824,0.000000,-1.915500,0.000000,0.000000,-1.832354,0.000000,-2.539124,0.000000,-2.389665,0.000000,-2.184811,0.000000,-2.075326,0.000000,-2.346012,-2.977567,0.000000,-2.208268,-2.187194,0.000000,-2.703424,-2.887448,-2.683508,0.000000,-2.602062,-3.114258,-2.451351,-2.638553,-2.605486,-2.763924,-2.358309,-2.588951,-2.576380,-2.886449,-2.599685,-4.868581,-2.940774,-3.055470,-4.935398,-2.857163,-3.255229,-4.996898,-2.733301,-5.818757,-4.922522,-2.715363,-5.545420,-5.563378,-5.605977,-5.093421,-5.377623,-5.724507,-5.107432,-5.263289,-4.888175,-8.002121,-7.387912
85,0.000202,0.217969,788.97,973.79,2015.62,0.490485,0.078431,93.75,0.072653,11.3128,-1.313567,0.000000,0.000000,0.000000,0.000000,0.000000,0.000000,0.000000,0.000000,0.000000,0.000000,0.000000,0.000000,0.000000,0.000000,0.000000,0.000000,0.000000,-1.138748,0.000000,0.000000,0.000000,0.000000,0.000000,0.000000,0.000000,0.000000,0.000000,0.000000,0.000000,0.000000,-1.320800,0.000000,0.000000,0.000000,0.000000,0.000000,0.000000,0.000000,-1.568136,0.000000,0.000000,0.000000,0.000000,0.000000,0.000000,-1.528761,0.000000,0.000000,0.000000,0.000000,0.000000,-1.538616,0.000000,0.000000,0.000000,-2.205373,0.000000,0.000000,0.000000,-2.019416,0.000000,0.000000,0.000000,-1.826077,0.000000,0.000000,-1.840577,0.000000,0.000000,-2.239622,0.000000,-2.179748,0.000000,0.000000,-1.934422,0.000000,-2.180682,0.000000,-2.983493,0.000000,-2.806092,0.000000,-2.501773,0.000000,-2.276009,-2.909471,0.000000,-2.366440,-2.295051,0.000000,-2.616717,-2.506258,-2.638784,0.000000,-2.447497,-2.340135,-2.504054,-2.789960,-3.215853,-2.469171,-2.418104,-2.818776,-2.881100,-2.800311,-2.732773,-5.428563,-2.462842,-2.494750,-5.462441,-2.440708,-2.360708,-5.094119,-2.462253,-4.968422,-5.024166,-2.805541,-6.138225,-5.112751,-6.072881,-5.640901,-5.914533,-6.250468,-5.224262,-5.644561,-5.351318,-7.739019,-7.381052
91,0.000130,0.266958,691.28,895.00,1687.50,0.434566,0.137255,93.75,0.076626,10.4800,-1.230158,0.000000,0.000000,0.000000,0.000000,0.000000,0.000000,0.000000,0.000000,0.000000,0.000000,0.000000,0.000000,0.000000,0.000000,0.000000,0.000000,0.000000,-1.115622,0.000000,0.000000,0.000000,0.000000,0.000000,0.000000,0.000000,0.000000,0.000000,0.000000,0.000000,0.000000,-1.847017,0.000000,0.000000,0.000000,0.000000,0.000000,0.000000,0.000000,-1.220297,0.000000,0.000000,0.000000,0.000000,0.000000,0.000000,-1.194491,0.000000,0.000000,0.000000,0.000000,0.000000,-1.362079,0.000000,0.000000,0.000000,-1.673638,0.000000,0.000000,0.000000,-2.205356,0.000000,0.000000,0.000000,-1.945909,0.000000,0.000000,-2.113204,0.000000,0.000000,-2.151322,0.000000,-2.430127,0.000000,0.000000,-1.895223,0.000000,-2.083786,0.000000,-2.696722,0.000000,-2.493869,0.000000,-2.532375,0.000000,-2.249968,-2.208547,0.000000,-2.769393,-2.289860,0.000000,-2.141665,-2.369839,-2.721442,0.000000,-2.240498,-2.352596,-2.715755,-2.512150,-2.646513,-2.514775,-2.567035,-3.022954,-2.927636,-2.812289,-2.611734,-5.584413,-2.445421,-2.673940,-5.297402,-2.584616,-2.321513,-5.029875,-2.692441,-5.580536,-5.850638,-2.694273,-5.552546,-5.261672,-6.112611,-6.137990,-5.856269,-5.507425,-5.804604,-5.342406,-5.214178,-8.146622,-7.787439
96,0.000193,0.290376,737.22,903.99,1734.38,0.461480,0.062745,93.75,0.077639,9.2393,-1.341476,0.000000,0.000000,0.000000,0.000000,0.000000,0.000000,0.000000,0.000000,0.000000,0.000000,0.000000,0.000000,0.000000,0.000000,0.000000,0.000000,0.000000,-1.109918,0.000000,0.000000,0.000000,0.000000,0.000000,0.000000,0.000000,0.000000,0.000000,0.000000,0.000000,0.000000,-1.185697,0.000000,0.000000,0.000000,0.000000,0.000000,0.000000,0.000000,-1.413159,0.000000,0.000000,0.000000,0.000000,0.000000,0.000000,-1.217577,0.000000,0.000000,0.000000,0.000000,0.000000,-1.969542,0.000000,0.000000,0.000000,-1.446525,0.000000,0.000000,0.000000,-1.601256,0.000000,0.000000,0.000000,-1.758533,0.000000,0.000000,-2.017519,0.000000,0.000000,-2.036383,0.000000,-1.758335,0.000000,0.000000,-1.701298,0.000000,-1.975216,0.000000,-2.377179,0.000000,-2.160911,0.000000,-2.298617,0.000000,-2.144245,-2.519655,0.000000,-2.216688,-2.279014,0.000000,-2.359106,-2.116225,-2.270535,0.000000,-2.740016,-2.246877,-2.298098,-2.479954,-2.984289,-3.111444,-2.684486,-2.684367,-2.841754,-2.487285,-2.224539,-5.026739,-2.690405,-2.506629,-5.015406,-2.609016,-2.672001,-5.671607,-2.637800,-6.049406,-5.960259,-2.611140,-5.133450,-5.485240,-5.235068,-5.048806,-4.764205,-5.879881,-5.272067,-4.885709,-5.225461,-8.772710,-7.644650
101,0.000149,0.270430,811.23,869.29,1781.25,0.521467,0.145098,234.38,0.065312,6.9273,-1.955930,0.000000,0.000000,0.000000,0.000000,0.000000,0.000000,0.000000,0.000000,0.000000,0.000000,0.000000,0.000000,0.000000,0.000000,0.000000,0.000000,0.000000,-1.405243,0.000000,0.000000,0.000000,0.000000,0.000000,0.000000,0.000000,0.000000,0.000000,0.000000,0.000000,0.000000,-1.206892,0.000000,0.000000,0.000000,0.000000,0.000000,0.000000,0.000000,-1.343453,0.000000,0.000000,0.000000,0.000000,0.000000,0.000000,-1.185006,0.000000,0.000000,0.000000,0.000000,0.000000,-1.270291,0.000000,0.000000,0.000000,-1.401957,0.000000,0.000000,0.000000,-1.818688,0.000000,0.000000,0.000000,-1.456284,0.000000,0.000000,-1.497869,0.000000,0.000000,-1.609386,0.000000,-1.811781,0.000000,0.000000,-1.801396,0.000000,-2.012403,0.000000,-2.586040,0.000000,-2.116232,0.000000,-1.952383,0.000000,-1.979316,-2.210721,0.000000,-2.287955,-2.341611,0.000000,-2.196561,-1.988702,-2.090434,0.000000,-2.306524,-2.105511,-2.064709,-2.426929,-3.020175,-2.554266,-2.420404,-2.644331,-2.440861,-2.176089,-2.169660,-4.668757,-2.438000,-2.292120,-4.645744,-2.261320,-2.252281,-5.072511,-2.449043,-5.539090,-5.042416,-2.514222,-5.537210,-5.773696,-5.516938,-5.632995,-4.623056,-5.403261,-5.679707,-5.440633,-5.371255,-7.703671,-7.411629
107,0.000081,0.160976,799.29,874.71,1875.00,0.497701,0.172549,187.50,0.070170,8.5345,-1.633129,0.000000,0.000000,0.000000,0.000000,0.000000,0.000000,0.000000,0.000000,0.000000,0.000000,0.000000,0.000000,0.000000,0.000000,0.000000,0.000000,0.000000,-2.009778,0.000000,0.000000,0.000000,0.000000,0.000000,0.000000,0.000000,0.000000,0.000000,0.000000,0.000000,0.000000,-1.289987,0.000000,0.000000,0.000000,0.000000,0.000000,0.000000,0.000000,-1.153846,0.000000,0.000000,0.000000,0.000000,0.000000,0.000000,-1.433329,0.000000,0.000000,0.000000,0.000000,0.000000,-1.364494,0.000000,0.000000,0.000000,-1.259984,0.000000,0.000000,0.000000,-1.469636,0.000000,0.000000,0.000000,-1.536945,0.000000,0.000000,-1.699051,0.000000,0.000000,-1.687801,0.000000,-2.240301,0.000000,0.000000,-2.120281,0.000000,-2.108008,0.000000,-2.827210,0.000000,-2.281277,0.000000,-2.326431,0.000000,-2.076150,-2.009650,0.000000,-2.478220,-2.468758,0.000000,-2.165040,-2.292828,-2.242689,0.000000,-2.725571,-2.221371,-2.220683,-2.384272,-2.714161,-2.340819,-2.251120,-2.618674,-2.427377,-2.164571,-2.600978,-5.541847,-2.466603,-3.039689,-5.231357,-2.165287,-2.190156,-5.527682,-2.445337,-5.117533,-4.901765,-2.640867,-5.525640,-4.940589,-4.961309,-5.773018,-5.169925,-5.993317,-5.970176,-5.462587,-5.257712,-7.453133,-8.484024
112,0.000196,0.165759,804.16,920.77,1921.88,0.485794,0.066667,281.25,0.045826,6.5672,-1.386893,0.000000,0.000000,0.000000,0.000000,0.000000,0.000000,0.000000,0.000000,0.000000,0.000000,0.000000,0.000000,0.000000,0.000000,0.000000,0.000000,0.000000,-1.371939,0.000000,0.000000,0.000000,0.000000,0.000000,0.000000,0.000000,0.000000,0.000000,0.000000,0.000000,0.000000,-1.423173,0.000000,0.000000,0.000000,0.000000,0.000000,0.000000,0.000000,-1.517117,0.000000,0.000000,0.000000,0.000000,0.000000,0.000000,-1.621285,0.000000,0.000000,0.000000,0.000000,0.000000,-1.338892,0.000000,0.000000,0.000000,-1.354902,0.000000,0.000000,0.000000,-1.510057,0.000000,0.000000,0.000000,-1.654647,0.000000,0.000000,-2.012773,0.000000,0.000000,-2.173535,0.000000,-2.112888,0.000000,0.000000,-2.815058,0.000000,-2.270868,0.000000,-2.748054,0.000000,-2.506993,0.000000,-2.451442,0.000000,-2.307286,-2.267257,0.000000,-2.265236,-2.976358,0.000000,-2.263746,-2.429485,-2.344173,0.000000,-2.353601,-2.649817,-2.781314,-2.373084,-2.695646,-2.388238,-2.433004,-2.395812,-3.224141,-2.262981,-2.212707,-4.978855,-2.492563,-2.515419,-5.031760,-2.332496,-2.334190,-5.267366,-2.685057,-5.481104,-5.961897,-3.138098,-6.384070,-4.762964,-5.085006,-5.534156,-6.126385,-5.860479,-6.022513,-5.031432,-5.049093,-8.192221,-8.075106
117,0.000142,0.251361,810.51,916.40,1921.88,0.514991,0.141176,281.25,0.045453,5.3911,-1.203877,0.000000,0.000000,0.000000,0.000000,0.000000,0.000000,0.000000,0.000000,0.000000,0.000000,0.000000,0.000000,0.000000,0.000000,0.000000,0.000000,0.000000,-1.283649,0.000000,0.000000,0.000000,0.000000,0.000000,0.000000,0.000000,0.000000,0.000000,0.000000,0.000000,0.000000,-1.457546,0.000000,0.000000,0.000000,0.000000,0.000000,0.000000,0.000000,-1.403093,0.000000,0.000000,0.000000,0.000000,0.000000,0.000000,-1.470607,0.000000,0.000000,0.000000,0.000000,0.000000,-1.342434,0.000000,0.000000,0.000000,-1.396849,0.000000,0.000000,0.000000,-1.517443,0.000000,0.000000,0.000000,-1.678455,0.000000,0.000000,-1.934443,0.000000,0.000000,-1.875898,0.000000,-1.882349,0.000000,0.000000,-2.072743,0.000000,-2.834312,0.000000,-2.184087,0.000000,-2.033659,0.000000,-2.182378,0.000000,-2.264984,-2.278062,0.000000,-2.059048,-2.148629,0.000000,-2.779466,-2.121587,-2.524844,0.000000,-2.269171,-2.286578,-2.363787,-2.051333,-2.142321,-2.896463,-2.741142,-2.293806,-2.287372,-2.882043,-2.184449,-5.204846,-3.370055,-2.387572,-4.894884,-3.385818,-3.065437,-4.574933,-2.581787,-5.401231,-4.770861,-2.388736,-5.531628,-4.931398,-4.667611,-5.628135,-5.289141,-4.938293,-4.821962,-5.148683,-5.394076,-8.353415,-8.113824
123,0.000191,0.338825,936.41,903.04,2109.38,0.628883,0.047059,140.62,0.058605,5.3252,-1.292990,0.000000,0.000000,0.000000,0.000000,0.000000,0.000000,0.000000,0.000000,0.000000,0.000000,0.000000,0.000000,0.000000,0.000000,0.000000,0.000000,0.000000,-1.249995,0.000000,0.000000,0.000000,0.000000,0.000000,0.000000,0.000000,0.000000,0.000000,0.000000,0.000000,0.000000,-1.232069,0.000000,0.000000,0.000000,0.000000,0.000000,0.000000,0.000000,-1.582990,0.000000,0.000000,0.000000,0.000000,0.000000,0.000000,-1.538252,0.000000,0.000000,0.000000,0.000000,0.000000,-2.265772,0.000000,0.000000,0.000000,-1.335877,0.000000,0.000000,0.000000,-1.404613,0.000000,0.000000,0.000000,-1.386594,0.000000,0.000000,-1.436973,0.000000,0.000000,-1.593182,0.000000,-2.111948,0.000000,0.000000,-1.788119,0.000000,-1.809682,0.000000,-1.896369,0.000000,-2.000052,0.000000,-1.826039,0.000000,-1.786920,-1.882289,0.000000,-2.137690,-1.946448,0.000000,-1.927481,-1.919846,-2.302007,0.000000,-2.180619,-1.919601,-1.991991,-2.176878,-1.918836,-1.990215,-2.137626,-2.421299,-2.130137,-2.030478,-2.085613,-5.077031,-2.248188,-2.350765,-4.545553,-2.380418,-2.425819,-4.820850,-2.159264,-5.078201,-4.512060,-2.105517,-4.836537,-4.420489,-4.616571,-4.909145,-5.479905,-4.646230,-4.966036,-4.795141,-5.026996,-8.013203,-7.935922
128,0.000143,0.182796,958.90,884.78,1968.75,0.630563,0.090196,187.50,0.055964,5.2970,-1.600760,0.000000,0.000000,0.000000,0.000000,0.000000,0.000000,0.000000,0.000000,0.000000,0.000000,0.000000,0.000000,0.000000,0.000000,0.000000,0.000000,0.000000,-1.990607,0.000000,0.000000,0.000000,0.000000,0.000000,0.000000,0.000000,0.000000,0.000000,0.000000,0.000000,0.000000,-1.394912,0.000000,0.000000,0.000000,0.000000,0.000000,0.000000,0.000000,-1.252089,0.000000,0.000000,0.000000,0.000000,0.000000,0.000000,-1.275399,0.000000,0.000000,0.000000,0.000000,0.000000,-1.296150,0.000000,0.000000,0.000000,-1.436574,0.000000,0.000000,0.000000,-1.937779,0.000000,0.000000,0.000000,-1.346773,0.000000,0.000000,-1.416949,0.000000,0.000000,-1.615691,0.000000,-1.953223,0.000000,0.000000,-1.843312,0.000000,-1.730051,0.000000,-2.047650,0.000000,-2.671149,0.000000,-1.890583,0.000000,-1.847177,-1.927457,0.000000,-2.203536,-1.961230,0.000000,-1.911276,-1.848458,-2.062595,0.000000,-2.031800,-2.032551,-1.991942,-2.140147,-1.914718,-2.013649,-2.106729,-2.291135,-2.067549,-2.081612,-2.069035,-4.297089,-2.178114,-2.373504,-4.491649,-2.363880,-2.454252,-4.614227,-2.322236,-5.301619,-5.368093,-2.167798,-4.838768,-4.523962,-5.028427,-4.714822,-4.793153,-4.752630,-5.073767,-4.796116,-5.755013,-8.155572,-7.662515
133,0.000064,0.163697,817.18,846.92,1734.38,0.510536,0.239216,234.38,0.076174,9.3231,-1.647603,0.000000,0.000000,0.000000,0.000000,0.000000,0.000000,0.000000,0.000000,0.000000,0.000000,0.000000,0.000000,0.000000,0.000000,0.000000,0.000000,0.000000,-1.612309,0.000000,0.000000,0.000000,0.000000,0.000000,0.000000,0.000000,0.000000,0.000000,0.000000,0.000000,0.000000,-1.676321,0.000000,0.000000,0.000000,0.000000,0.000000,0.000000,0.000000,-1.215640,0.000000,0.000000,0.000000,0.000000,0.000000,0.000000,-1.118191,0.000000,0.000000,0.000000,0.000000,0.000000,-1.432018,0.000000,0.000000,0.000000,-1.651439,0.000000,0.000000,0.000000,-1.336109,0.000000,0.000000,0.000000,-1.536837,0.000000,0.000000,-2.160764,0.000000,0.000000,-2.002015,0.000000,-1.857543,0.000000,0.000000,-2.440214,0.000000,-1.869031,0.000000,-2.251758,0.000000,-2.480383,0.000000,-2.073467,0.000000,-2.321097,-2.182108,0.000000,-1.963162,-2.315544,0.000000,-2.719707,-2.119465,-2.050766,0.000000,-2.086502,-2.508281,-2.067430,-1.995646,-2.254486,-2.591180,-2.529942,-2.128678,-2.270955,-2.867805,-2.421928,-4.367856,-2.664292,-2.528000,-4.630104,-2.637183,-2.660054,-4.848701,-2.492928,-5.971165,-5.192719,-2.613525,-5.078481,-5.249979,-5.426360,-5.586607,-5.216459,-6.123091,-5.287798,-5.110042,-5.635989,-8.282127,-9.119522
139,0.000123,0.132772,880.19,934.32,2156.25,0.537576,0.113725,281.25,0.045235,7.3754,-1.702775,0.000000,0.000000,0.000000,0.000000,0.000000,0.000000,0.000000,0.000000,0.000000,0.000000,0.000000,0.000000,0.000000,0.000000,0.000000,0.000000,0.000000,-1.831031,0.000000,0.000000,0.000000,0.000000,0.000000,0.000000,0.000000,0.000000,0.000000,0.000000,0.000000,0.000000,-1.945422,0.000000,0.000000,0.000000,0.000000,0.000000,0.000000,0.000000,-1.385502,0.000000,0.000000,0.000000,0.000000,0.000000,0.000000,-1.557739,0.000000,0.000000,0.000000,0.000000,0.000000,-1.344530,0.000000,0.000000,0.000000,-1.381366,0.000000,0.000000,0.000000,-1.647687,0.000000,0.000000,0.000000,-1.666771,0.000000,0.000000,-2.236036,0.000000,0.000000,-2.115426,0.000000,-2.053231,0.000000,0.000000,-2.003709,0.000000,-1.863886,0.000000,-2.205206,0.000000,-2.205966,0.000000,-2.235731,0.000000,-2.390269,-2.042798,0.000000,-2.547293,-2.334630,0.000000,-2.892421,-2.327456,-2.906757,0.000000,-2.429070,-2.385980,-2.110774,-2.531378,-2.696461,-2.765672,-2.523928,-2.591053,-2.465606,-2.891199,-2.398288,-5.589969,-3.006198,-2.450281,-5.410212,-3.071081,-2.658538,-6.332872,-2.601539,-4.867445,-5.719315,-2.449788,-5.386188,-5.069314,-5.419271,-5.809780,-6.406498,-5.063520,-5.910763,-5.143083,-5.360940,-7.825321,-7.975805
144,0.000122,0.196726,975.77,959.08,2250.00,0.623042,0.223529,187.50,0.041831,6.6312,-2.294545,0.000000,0.000000,0.000000,0.000000,0.000000,0.000000,0.000000,0.000000,0.000000,0.000000,0.000000,0.000000,0.000000,0.000000,0.000000,0.000000,0.000000,-1.690730,0.000000,0.000000,0.000000,0.000000,0.000000,0.000000,0.000000,0.000000,0.000000,0.000000,0.000000,0.000000,-1.703285,0.000000,0.000000,0.000000,0.000000,0.000000,0.000000,0.000000,-1.378507,0.000000,0.000000,0.000000,0.000000,0.000000,0.000000,-1.558130,0.000000,0.000000,0.000000,0.000000,0.000000,-1.432231,0.000000,0.000000,0.000000,-1.399103,0.000000,0.000000,0.000000,-1.846065,0.000000,0.000000,0.000000,-1.916880,0.000000,0.000000,-2.071085,0.000000,0.000000,-1.932543,0.000000,-2.477280,0.000000,0.000000,-2.580129,0.000000,-1.956361,0.000000,-1.846608,0.000000,-1.951401,0.000000,-2.055438,0.000000,-2.114819,-2.118563,0.000000,-2.190658,-2.167862,0.000000,-2.204006,-2.362341,-2.407092,0.000000,-2.728246,-2.526766,-2.270109,-2.404891,-2.528158,-2.494785,-2.609097,-2.603659,-2.736434,-2.532472,-2.418531,-5.032014,-2.625731,-2.628685,-4.953772,-2.535268,-2.527810,-5.243259,-2.619935,-4.770241,-4.524352,-2.764040,-5.659453,-4.936749,-5.882509,-5.254392,-5.809161,-5.001287,-5.800408,-5.283638,-5.994334,-7.590246,-7.472540
149,0.000077,0.223887,828.57,934.99,2109.38,0.521947,0.266667,140.62,0.048840,7.8160,-1.612910,0.000000,0.000000,0.000000,0.000000,0.000000,0.000000,0.000000,0.000000,0.000000,0.000000,0.000000,0.000000,0.000000,0.000000,0.000000,0.000000,0.000000,-1.420262,0.000000,0.000000,0.000000,0.000000,0.000000,0.000000,0.000000,0.000000,0.000000,0.000000,0.000000,0.000000,-1.311221,0.000000,0.000000,0.000000,0.000000,0.000000,0.000000,0.000000,-1.431833,0.000000,0.000000,0.000000,0.000000,0.000000,0.000000,-1.655913,0.000000,0.000000,0.000000,0.000000,0.000000,-1.883145,0.000000,0.000000,0.000000,-1.376426,0.000000,0.000000,0.000000,-1.543138,0.000000,0.000000,0.000000,-2.045687,0.000000,0.000000,-2.074937,0.000000,0.000000,-1.962535,0.000000,-2.134794,0.000000,0.000000,-2.410167,0.000000,-2.070100,0.000000,-2.042867,0.000000,-2.254726,0.000000,-2.235198,0.000000,-2.298781,-2.510879,0.000000,-2.263309,-2.254042,0.000000,-2.293699,-2.872647,-2.358592,0.000000,-2.598572,-2.394581,-2.496384,-2.984269,-2.473178,-2.697202,-2.671550,-2.475162,-2.863165,-2.749323,-2.618629,-5.275236,-2.759217,-2.959736,-5.561175,-2.618237,-2.602263,-5.606545,-3.056846,-5.684022,-4.473194,-2.388992,-5.061634,-5.312194,-5.551691,-5.044402,-5.983118,-5.502618,-5.112554,-4.982508,-6.433290,-9.100984,-8.083319
155,0.000096,0.126630,906.30,1002.94,2343.75,0.561052,0.278431,93.75,0.041102,8.5363,-1.756358,0.000000,0.000000,0.000000,0.000000,0.000000,0.000000,0.000000,0.000000,0.000000,0.000000,0.000000,0.000000,0.000000,0.000000,0.000000,0.000000,0.000000,-1.386137,0.000000,0.000000,0.000000,0.000000,0.000000,0.000000,0.000000,0.000000,0.000000,0.000000,0.000000,0.000000,-1.574058,0.000000,0.000000,0.000000,0.000000,0.000000,0.000000,0.000000,-1.780478,0.000000,0.000000,0.000000,0.000000,0.000000,0.000000,-1.983943,0.000000,0.000000,0.000000,0.000000,0.000000,-1.563384,0.000000,0.000000,0.000000,-1.574252,0.000000,0.000000,0.000000,-1.652752,0.000000,0.000000,0.000000,-2.488269,0.000000,0.000000,-2.147734,0.000000,0.000000,-2.196637,0.000000,-2.305493,0.000000,0.000000,-2.149011,0.000000,-2.175825,0.000000,-2.392487,0.000000,-2.332947,0.000000,-2.651491,0.000000,-2.268124,-2.249711,0.000000,-2.673568,-2.572180,0.000000,-2.673497,-2.350416,-2.364912,0.000000,-2.283582,-2.515280,-2.813042,-2.792274,-2.941714,-2.606150,-2.517683,-2.604850,-2.900586,-3.252700,-3.033555,-5.512093,-2.714046,-3.052652,-5.491419,-2.807712,-3.256759,-5.380777,-2.905293,-6.325413,-5.134046,-2.797487,-5.722947,-5.669059,-5.799613,-5.278059,-6.152502,-5.041280,-5.166863,-5.169386,-5.296392,-8.096629,-8.334934
160,0.000198,0.300150,958.82,1016.91,2390.62,0.581538,0.086275,187.50,0.029392,5.7674,-1.625642,0.000000,0.000000,0.000000,0.000000,0.000000,0.000000,0.000000,0.000000,0.000000,0.000000,0.000000,0.000000,0.000000,0.000000,0.000000,0.000000,0.000000,-1.790433,0.000000,0.000000,0.000000,0.000000,0.000000,0.000000,0.000000,0.000000,0.000000,0.000000,0.000000,0.000000,-1.551082,0.000000,0.000000,0.000000,0.000000,0.000000,0.000000,0.000000,-1.531764,0.000000,0.000000,0.000000,0.000000,0.000000,0.000000,-1.577905,0.000000,0.000000,0.000000,0.000000,0.000000,-1.845970,0.000000,0.000000,0.000000,-2.163562,0.000000,0.000000,0.000000,-1.915775,0.000000,0.000000,0.000000,-1.704313,0.000000,0.000000,-1.827437,0.000000,0.000000,-1.922453,0.000000,-2.001428,0.000000,0.000000,-1.981475,0.000000,-2.029257,0.000000,-2.214019,0.000000,-2.331247,0.000000,-2.474231,0.000000,-2.236464,-2.452406,0.000000,-2.288368,-2.240668,0.000000,-2.344364,-2.601568,-2.829818,0.000000,-2.376288,-2.918811,-3.523676,-2.943075,-3.072918,-2.727495,-3.066948,-2.854310,-2.983428,-2.649404,-2.726107,-5.424515,-2.925066,-2.762712,-5.575174,-2.754077,-2.871911,-5.123311,-2.586440,-6.093030,-5.337258,-2.387697,-6.074220,-5.344439,-5.060720,-5.794244,-5.764367,-5.136235,-4.925527,-4.980053,-5.131353,-7.616321,-8.619800
165,0.000263,0.470085,790.39,939.49,1968.75,0.498285,0.082353,140.62,0.090850,11.4282,-1.237194,0.000000,0.000000,0.000000,0.000000,0.000000,0.000000,0.000000,0.000000,0.000000,0.000000,0.000000,0.000000,0.000000,0.000000,0.000000,0.000000,0.000000,-1.171054,0.000000,0.000000,0.000000,0.000000,0.000000,0.000000,0.000000,0.000000,0.000000,0.000000,0.000000,0.000000,-1.041673,0.000000,0.000000,0.000000,0.000000,0.000000,0.000000,0.000000,-1.252511,0.000000,0.000000,0.000000,0.000000,0.000000,0.000000,-2.306733,0.000000,0.000000,0.000000,0.000000,0.000000,-1.904398,0.000000,0.000000,0.000000,-1.709148,0.000000,0.000000,0.000000,-1.959449,0.000000,0.000000,0.000000,-1.845030,0.000000,0.000000,-1.606760,0.000000,0.000000,-2.247261,0.000000,-1.878237,0.000000,0.000000,-2.567916,0.000000,-1.931256,0.000000,-2.258767,0.000000,-2.111883,0.000000,-3.044649,0.000000,-2.116395,-2.159022,0.000000,-2.126629,-2.647403,0.000000,-2.308913,-2.575955,-2.237556,0.000000,-2.235537,-2.973470,-2.802055,-2.485300,-2.554060,-2.410923,-2.308438,-2.328201,-2.518266,-2.660171,-2.212174,-4.979809,-2.433887,-2.594201,-4.894751,-2.367020,-2.657129,-5.583903,-2.311875,-5.474190,-4.860294,-2.847744,-4.750916,-5.119470,-5.089767,-5.210114,-5.798442,-4.998981,-5.569371,-5.177918,-5.515952,-7.616709,-8.576279
171,0.000341,0.393194,795.37,909.47,1921.88,0.537971,0.043137,140.62,0.120950,9.3779,-1.228961,0.000000,0.000000,0.000000,0.000000,0.000000,0.000000,0.000000,0.000000,0.000000,0.000000,0.000000,0.000000,0.000000,0.000000,0.000000,0.000000,0.000000,-0.996893,0.000000,0.000000,0.000000,0.000000,0.000000,0.000000,0.000000,0.000000,0.000000,0.000000,0.000000,0.000000,-0.917393,0.000000,0.000000,0.000000,0.000000,0.000000,0.000000,0.000000,-1.126519,0.000000,0.000000,0.000000,0.000000,0.000000,0.000000,-1.252867,0.000000,0.000000,0.000000,0.000000,0.000000,-1.227193,0.000000,0.000000,0.000000,-1.453300,0.000000,0.000000,0.000000,-2.124755,0.000000,0.000000,0.000000,-1.741222,0.000000,0.000000,-1.604332,0.000000,0.000000,-1.690265,0.000000,-1.727038,0.000000,0.000000,-1.710495,0.000000,-1.711534,0.000000,-1.824623,0.000000,-2.055539,0.000000,-2.198570,0.000000,-2.079746,-1.982830,0.000000,-2.068405,-2.333407,0.000000,-2.414404,-2.084989,-1.959898,0.000000,-2.044931,-2.308591,-2.481760,-2.322244,-2.179641,-2.145927,-2.129565,-2.105238,-2.298173,-2.454214,-2.193563,-4.176976,-2.244508,-2.330494,-4.472374,-2.198452,-2.242099,-4.717636,-2.253907,-4.475738,-4.837581,-2.362329,-4.315490,-4.373890,-4.836827,-5.132582,-5.169495,-4.613643,-4.851737,-5.925287,-5.573683,-6.975203,-7.646382
176,0.000259,0.123098,682.69,883.60,1687.50,0.414115,0.000000,140.62,0.130688,11.5090,-1.211648,0.000000,0.000000,0.000000,0.000000,0.000000,0.000000,0.000000,0.000000,0.000000,0.000000,0.000000,0.000000,0.000000,0.000000,0.000000,0.000000,0.000000,-1.027607,0.000000,0.000000,0.000000,0.000000,0.000000,0.000000,0.000000,0.000000,0.000000,0.000000,0.000000,0.000000,-0.883765,0.000000,0.000000,0.000000,0.000000,0.000000,0.000000,0.000000,-1.451480,0.000000,0.000000,0.000000,0.000000,0.000000,0.000000,-1.007041,0.000000,0.000000,0.000000,0.000000,0.000000,-1.160280,0.000000,0.000000,0.000000,-1.435984,0.000000,0.000000,0.000000,-1.671863,0.000000,0.000000,0.000000,-1.611338,0.000000,0.000000,-2.385666,0.000000,0.000000,-1.850426,0.000000,-2.148794,0.000000,0.000000,-1.794845,0.000000,-1.855485,0.000000,-2.053023,0.000000,-2.541497,0.000000,-2.536017,0.000000,-2.510496,-2.181638,0.000000,-2.717763,-2.110074,0.000000,-2.336589,-2.008528,-2.207258,0.000000,-2.218147,-2.376592,-2.904663,-2.622122,-2.264351,-2.636546,-2.465197,-2.438682,-2.140809,-2.742950,-2.360899,-4.596219,-2.579257,-2.532989,-5.514035,-3.003621,-2.326708,-5.510223,-2.909634,-4.593513,-5.180454,-2.321593,-4.785116,-4.771488,-4.901104,-4.772611,-5.544890,-5.023053,-5.225587,-5.437269,-5.241970,-7.606178,-8.328602
181,0.000368,0.330978,622.16,885.44,1546.88,0.387259,0.035294,93.75,0.162165,12.3060,-0.844457,0.000000,0.000000,0.000000,0.000000,0.000000,0.000000,0.000000,0.000000,0.000000,0.000000,0.000000,0.000000,0.000000,0.000000,0.000000,0.000000,0.000000,-0.790044,0.000000,0.000000,0.000000,0.000000,0.000000,0.000000,0.000000,0.000000,0.000000,0.000000,0.000000,0.000000,-0.983890,0.000000,0.000000,0.000000,0.000000,0.000000,0.000000,0.000000,-0.925083,0.000000,0.000000,0.000000,0.000000,0.000000,0.000000,-1.165522,0.000000,0.000000,0.000000,0.000000,0.000000,-1.511636,0.000000,0.000000,0.000000,-2.231991,0.000000,0.000000,0.000000,-1.365018,0.000000,0.000000,0.000000,-1.489492,0.000000,0.000000,-2.105924,0.000000,0.000000,-2.096379,0.000000,-1.888560,0.000000,0.000000,-2.120767,0.000000,-2.339432,0.000000,-2.616862,0.000000,-2.352862,0.000000,-2.342475,0.000000,-2.739257,-2.216159,0.000000,-2.004425,-2.069667,0.000000,-2.199784,-2.092376,-2.403440,0.000000,-2.799800,-2.390263,-2.447378,-2.243175,-2.384073,-3.438789,-2.564579,-2.227604,-2.147409,-2.485554,-2.470093,-4.686895,-2.504524,-2.501021,-4.915390,-2.573542,-2.327785,-4.954810,-2.714621,-4.791860,-4.876584,-2.614744,-5.143808,-4.830270,-4.684873,-4.683259,-4.778116,-5.385118,-4.804082,-4.827352,-4.956820,-8.201422,-7.660787
187,0.000168,0.138627,594.92,836.21,1359.38,0.384572,0.054902,187.50,0.099544,7.6438,-0.756760,0.000000,0.000000,0.000000,0.000000,0.000000,0.000000,0.000000,0.000000,0.000000,0.000000,0.000000,0.000000,0.000000,0.000000,0.000000,0.000000,0.000000,-0.780123,0.000000,0.000000,0.000000,0.000000,0.000000,0.000000,0.000000,0.000000,0.000000,0.000000,0.000000,0.000000,-1.237195,0.000000,0.000000,0.000000,0.000000,0.000000,0.000000,0.000000,-1.001987,0.000000,0.000000,0.000000,0.000000,0.000000,0.000000,-1.269442,0.000000,0.000000,0.000000,0.000000,0.000000,-1.706958,0.000000,0.000000,0.000000,-1.513872,0.000000,0.000000,0.000000,-1.409961,0.000000,0.000000,0.000000,-1.468737,0.000000,0.000000,-1.807894,0.000000,0.000000,-1.891243,0.000000,-1.798672,0.000000,0.000000,-1.879575,0.000000,-2.061714,0.000000,-2.273199,0.000000,-2.331450,0.000000,-2.053562,0.000000,-2.026301,-1.969636,0.000000,-1.994269,-2.321235,0.000000,-2.874134,-2.258568,-2.341429,0.000000,-2.797317,-2.387452,-2.213891,-2.189281,-2.276588,-2.421653,-2.268003,-2.205729,-2.371563,-2.457368,-2.355663,-4.635387,-3.046086,-2.613912,-4.930359,-2.635087,-2.390776,-5.119814,-3.010086,-5.041356,-4.805091,-2.612622,-5.203820,-5.429202,-5.169284,-5.693998,-4.594241,-5.417224,-4.970962,-5.973643,-4.997829,-7.160739,-8.099813
192,0.000203,0.117795,663.99,889.51,1687.50,0.410980,0.047059,93.75,0.154644,14.5276,-0.902174,0.000000,0.000000,0.000000,0.000000,0.000000,0.000000,0.000000,0.000000,0.000000,0.000000,0.000000,0.000000,0.000000,0.000000,0.000000,0.000000,0.000000,-0.810666,0.000000,0.000000,0.000000,0.000000,0.000000,0.000000,0.000000,0.000000,0.000000,0.000000,0.000000,0.000000,-1.152412,0.000000,0.000000,0.000000,0.000000,0.000000,0.000000,0.000000,-1.186723,0.000000,0.000000,0.000000,0.000000,0.000000,0.000000,-1.712325,0.000000,0.000000,0.000000,0.000000,0.000000,-1.463929,0.000000,0.000000,0.000000,-2.128127,0.000000,0.000000,0.000000,-1.541088,0.000000,0.000000,0.000000,-2.546105,0.000000,0.000000,-1.644655,0.000000,0.000000,-2.390256,0.000000,-1.784420,0.000000,0.000000,-2.541468,0.000000,-1.871464,0.000000,-2.216596,0.000000,-2.260270,0.000000,-2.125041,0.000000,-1.809816,-2.552799,0.000000,-2.011583,-2.382239,0.000000,-2.256787,-2.759059,-2.177980,0.000000,-2.476740,-2.138110,-2.548280,-2.192537,-2.728382,-2.223448,-3.281662,-2.228881,-2.499228,-2.420038,-2.517918,-4.773182,-2.649607,-2.709427,-5.329960,-2.321592,-2.593871,-4.818253,-2.298787,-4.729335,-4.967805,-3.168068,-4.940686,-4.890078,-5.426584,-5.558007,-5.183990,-4.998507,-5.241590,-5.361871,-5.104160,-7.751409,-8.627982
197,0.000107,0.339989,941.53,956.91,2156.25,0.669960,0.133333,93.75,0.079593,6.3912,-1.171074,0.000000,0.000000,0.000000,0.000000,0.000000,0.000000,0.000000,0.000000,0.000000,0.000000,0.000000,0.000000,0.000000,0.000000,0.000000,0.000000,0.000000,-1.099123,0.000000,0.000000,0.000000,0.000000,0.000000,0.000000,0.000000,0.000000,0.000000,0.000000,0.000000,0.000000,-1.292745,0.000000,0.000000,0.000000,0.000000,0.000000,0.000000,0.000000,-1.313334,0.000000,0.000000,0.000000,0.000000,0.000000,0.000000,-1.322020,0.000000,0.000000,0.000000,0.000000,0.000000,-1.346972,0.000000,0.000000,0.000000,-1.391777,0.000000,0.000000,0.000000,-1.748044,0.000000,0.000000,0.000000,-1.694183,0.000000,0.000000,-1.540795,0.000000,0.000000,-1.603094,0.000000,-1.813850,0.000000,0.000000,-1.781950,0.000000,-1.687558,0.000000,-1.739724,0.000000,-1.953247,0.000000,-1.894271,0.000000,-1.801856,-1.902272,0.000000,-1.919463,-1.890318,0.000000,-1.979081,-2.075213,-2.165881,0.000000,-2.073357,-1.971922,-2.024990,-2.189526,-2.098943,-1.991849,-2.039012,-2.176341,-2.279624,-2.312083,-2.302495,-4.381061,-2.332078,-2.268685,-4.491263,-2.178673,-2.237605,-4.318156,-2.069618,-4.426639,-4.644598,-2.599744,-4.717424,-4.414839,-4.809775,-4.603220,-4.794536,-4.483091,-4.965243,-4.621219,-4.776910,-7.125750,-7.051064
203,0.000228,0.025006,931.54,951.93,2203.12,0.614215,0.007843,140.62,0.064518,8.0039,-1.402923,0.000000,0.000000,0.000000,0.000000,0.000000,0.000000,0.000000,0.000000,0.000000,0.000000,0.000000,0.000000,0.000000,0.000000,0.000000,0.000000,0.000000,-1.919585,0.000000,0.000000,0.000000,0.000000,0.000000,0.000000,0.000000,0.000000,0.000000,0.000000,0.000000,0.000000,-1.190318,0.000000,0.000000,0.000000,0.000000,0.000000,0.000000,0.000000,-1.464097,0.000000,0.000000,0.000000,0.000000,0.000000,0.000000,-1.537274,0.000000,0.000000,0.000000,0.000000,0.000000,-1.431227,0.000000,0.000000,0.000000,-1.507271,0.000000,0.000000,0.000000,-1.894495,0.000000,0.000000,0.000000,-1.756202,0.000000,0.000000,-1.607511,0.000000,0.000000,-1.755368,0.000000,-2.338537,0.000000,0.000000,-1.892941,0.000000,-1.912378,0.000000,-1.803794,0.000000,-2.157084,0.000000,-2.079451,0.000000,-2.084188,-2.266599,0.000000,-2.288192,-2.060917,0.000000,-2.160378,-2.213689,-2.874046,0.000000,-2.347099,-2.191669,-2.190012,-2.693504,-2.273454,-2.024515,-2.120493,-2.497617,-2.887786,-2.450047,-2.563562,-4.931031,-2.876297,-2.312018,-5.059656,-2.332899,-2.660245,-4.920821,-2.392957,-5.126822,-4.785109,-2.506499,-4.744497,-4.717289,-4.959313,-4.989958,-5.311683,-4.821497,-5.557604,-4.801326,-5.435697,-8.339951,-7.476143
208,0.000153,0.257410,794.89,890.83,1875.00,0.518874,0.105882,234.38,0.033416,4.2407,-1.084214,0.000000,0.000000,0.000000,0.000000,0.000000,0.000000,0.000000,0.000000,0.000000,0.000000,0.000000,0.000000,0.000000,0.000000,0.000000,0.000000,0.000000,-1.166330,0.000000,0.000000,0.000000,0.000000,0.000000,0.000000,0.000000,0.000000,0.000000,0.000000,0.000000,0.000000,-1.588781,0.000000,0.000000,0.000000,0.000000,0.000000,0.000000,0.000000,-1.483433,0.000000,0.000000,0.000000,0.000000,0.000000,0.000000,-1.476045,0.000000,0.000000,0.000000,0.000000,0.000000,-1.734092,0.000000,0.000000,0.000000,-1.560317,0.000000,0.000000,0.000000,-2.305202,0.000000,0.000000,0.000000,-1.631775,0.000000,0.000000,-2.346089,0.000000,0.000000,-1.987557,0.000000,-2.172530,0.000000,0.000000,-1.735098,0.000000,-1.888943,0.000000,-1.944359,0.000000,-2.348955,0.000000,-1.859944,0.000000,-2.031480,-2.229495,0.000000,-2.401252,-2.456274,0.000000,-2.315599,-2.200041,-2.613877,0.000000,-2.203991,-2.372735,-2.228703,-2.515479,-2.099700,-2.753752,-2.169075,-2.477974,-2.264235,-2.540896,-2.394149,-5.260755,-2.262428,-2.467556,-4.927755,-2.523257,-2.418091,-5.364287,-2.644558,-5.420328,-4.813840,-2.322816,-5.290396,-5.057909,-5.065558,-4.891541,-5.907804,-5.556960,-5.881982,-5.112423,-5.652247,-9.203328,-8.503307
213,0.000112,0.354085,906.41,888.06,1968.75,0.632225,0.125490,281.25,0.045864,3.9534,-1.025849,0.000000,0.000000,0.000000,0.000000,0.000000,0.000000,0.000000,0.000000,0.000000,0.000000,0.000000,0.000000,0.000000,0.000000,0.000000,0.000000,0.000000,-1.145317,0.000000,0.000000,0.000000,0.000000,0.000000,0.000000,0.000000,0.000000,0.000000,0.000000,0.000000,0.000000,-1.695340,0.000000,0.000000,0.000000,0.000000,0.000000,0.000000,0.000000,-1.690658,0.000000,0.000000,0.000000,0.000000,0.000000,0.000000,-1.591617,0.000000,0.000000,0.000000,0.000000,0.000000,-1.338528,0.000000,0.000000,0.000000,-1.356876,0.000000,0.000000,0.000000,-1.478540,0.000000,0.000000,0.000000,-1.534672,0.000000,0.000000,-1.644149,0.000000,0.000000,-1.784150,0.000000,-1.763311,0.000000,0.000000,-1.674844,0.000000,-1.657804,0.000000,-1.753775,0.000000,-1.839103,0.000000,-1.798157,0.000000,-1.871071,-2.027812,0.000000,-2.096211,-2.095146,0.000000,-1.983033,-1.919171,-1.939641,0.000000,-2.038834,-2.167723,-2.049396,-1.991453,-1.994518,-2.007132,-1.990118,-1.995878,-2.082911,-2.172034,-2.188256,-4.615455,-2.215363,-2.254782,-4.417977,-2.122631,-2.161606,-4.506225,-2.809860,-4.687927,-4.268893,-2.275077,-5.324928,-4.683187,-4.850570,-4.604777,-5.191383,-4.726567,-5.220181,-4.685334,-4.940491,-7.796723,-8.353964
219,0.000133,0.009536,912.36,925.30,2109.38,0.593436,0.098039,281.25,0.046700,6.4521,-1.171880,0.000000,0.000000,0.000000,0.000000,0.000000,0.000000,0.000000,0.000000,0.000000,0.000000,0.000000,0.000000,0.000000,0.000000,0.000000,0.000000,0.000000,-1.340795,0.000000,0.000000,0.000000,0.000000,0.000000,0.000000,0.000000,0.000000,0.000000,0.000000,0.000000,0.000000,-1.720680,0.000000,0.000000,0.000000,0.000000,0.000000,0.000000,0.000000,-2.536776,0.000000,0.000000,0.000000,0.000000,0.000000,0.000000,-2.017841,0.000000,0.000000,0.000000,0.000000,0.000000,-1.330682,0.000000,0.000000,0.000000,-1.535660,0.000000,0.000000,0.000000,-1.727720,0.000000,0.000000,0.000000,-1.736313,0.000000,0.000000,-1.924716,0.000000,0.000000,-1.854502,0.000000,-2.274769,0.000000,0.000000,-1.932064,0.000000,-2.279934,0.000000,-1.827749,0.000000,-2.125681,0.000000,-2.054482,0.000000,-2.329126,-2.404592,0.000000,-2.409150,-2.274348,0.000000,-2.306703,-2.075630,-2.099313,0.000000,-2.169273,-2.856466,-2.180149,-2.235353,-2.321671,-2.281370,-2.216024,-2.251044,-2.309966,-2.851677,-2.334333,-5.268639,-2.666341,-2.394864,-5.094588,-2.439651,-2.423131,-4.552823,-2.516619,-4.745752,-4.885949,-2.435745,-5.421800,-5.119951,-5.153613,-4.878668,-5.445004,-4.878555,-6.071018,-5.056503,-5.734392,-8.068457,-8.974986
224,0.000099,0.188192,880.79,954.74,2250.00,0.540000,0.176471,281.25,0.060854,10.3097,-1.359597,0.000000,0.000000,0.000000,0.000000,0.000000,0.000000,0.000000,0.000000,0.000000,0.000000,0.000000,0.000000,0.000000,0.000000,0.000000,0.000000,0.000000,-1.576016,0.000000,0.000000,0.000000,0.000000,0.000000,0.000000,0.000000,0.000000,0.000000,0.000000,0.000000,0.000000,-2.161609,0.000000,0.000000,0.000000,0.000000,0.000000,0.000000,0.000000,-1.816258,0.000000,0.000000,0.000000,0.000000,0.000000,0.000000,-1.454274,0.000000,0.000000,0.000000,0.000000,0.000000,-1.215708,0.000000,0.000000,0.000000,-1.432178,0.000000,0.000000,0.000000,-2.163279,0.000000,0.000000,0.000000,-2.154262,0.000000,0.000000,-2.010426,0.000000,0.000000,-1.968561,0.000000,-2.264376,0.000000,0.000000,-2.326243,0.000000,-2.158224,0.000000,-2.202355,0.000000,-2.133264,0.000000,-2.183551,0.000000,-2.342079,-2.758188,0.000000,-2.794533,-2.699975,0.000000,-2.400175,-2.472971,-2.627098,0.000000,-2.703685,-2.329056,-2.827087,-2.458111,-2.316870,-2.393674,-2.569457,-2.936821,-2.675511,-2.377360,-2.682617,-5.640353,-2.949810,-2.622550,-4.836240,-2.520820,-3.501902,-5.551205,-2.499535,-5.461036,-5.080107,-2.801341,-4.918681,-4.848634,-5.211985,-4.725645,-5.024929,-4.960508,-6.408302,-5.728357,-5.145627,-8.581635,-9.277368
229,0.000142,0.134208,879.25,930.16,2109.38,0.517823,0.082353,281.25,0.064637,11.2391,-1.641908,0.000000,0.000000,0.000000,0.000000,0.000000,0.000000,0.000000,0.000000,0.000000,0.000000,0.000000,0.000000,0.000000,0.000000,0.000000,0.000000,0.000000,-1.540163,0.000000,0.000000,0.000000,0.000000,0.000000,0.000000,0.000000,0.000000,0.000000,0.000000,0.000000,0.000000,-1.986604,0.000000,0.000000,0.000000,0.000000,0.000000,0.000000,0.000000,-1.726833,0.000000,0.000000,0.000000,0.000000,0.000000,0.000000,-1.518080,0.000000,0.000000,0.000000,0.000000,0.000000,-1.189517,0.000000,0.000000,0.000000,-1.371620,0.000000,0.000000,0.000000,-1.864124,0.000000,0.000000,0.000000,-2.259190,0.000000,0.000000,-2.078986,0.000000,0.000000,-1.929747,0.000000,-2.291141,0.000000,0.000000,-2.364730,0.000000,-2.451574,0.000000,-2.924593,0.000000,-2.195775,0.000000,-2.227266,0.000000,-2.798866,-2.518228,0.000000,-3.028839,-2.711687,0.000000,-2.459360,-2.114943,-2.380422,0.000000,-3.047930,-2.524761,-2.305203,-2.301229,-2.303005,-2.378285,-2.554854,-2.879716,-2.411970,-2.280159,-2.502717,-5.870854,-2.672605,-2.691121,-5.369389,-2.608959,-2.514203,-5.363687,-3.001998,-5.124170,-4.997579,-2.612142,-5.430536,-4.920796,-5.745956,-5.759232,-5.478648,-4.805104,-5.332526,-5.506721,-5.118793,-9.156421,-10.309589
235,0.000100,0.271136,812.06,934.13,2015.62,0.503234,0.184314,140.62,0.050726,8.2805,-1.694644,0.000000,0.000000,0.000000,0.000000,0.000000,0.000000,0.000000,0.000000,0.000000,0.000000,0.000000,0.000000,0.000000,0.000000,0.000000,0.000000,0.000000,-1.300355,0.000000,0.000000,0.000000,0.000000,0.000000,0.000000,0.000000,0.000000,0.000000,0.000000,0.000000,0.000000,-1.294771,0.000000,0.000000,0.000000,0.000000,0.000000,0.000000,0.000000,-1.490571,0.000000,0.000000,0.000000,0.000000,0.000000,0.000000,-1.411923,0.000000,0.000000,0.000000,0.000000,0.000000,-1.383154,0.000000,0.000000,0.000000,-1.762133,0.000000,0.000000,0.000000,-1.926391,0.000000,0.000000,0.000000,-2.286764,0.000000,0.000000,-2.219373,0.000000,0.000000,-2.133391,0.000000,-2.297975,0.000000,0.000000,-2.518241,0.000000,-2.574815,0.000000,-2.372980,0.000000,-2.163503,0.000000,-2.282901,0.000000,-2.513807,-2.514668,0.000000,-2.608458,-2.454700,0.000000,-2.129636,-2.007708,-2.146520,0.000000,-2.395701,-2.364794,-2.417455,-2.587950,-2.803833,-3.127197,-2.697200,-2.879074,-2.435373,-2.626988,-2.476799,-5.435955,-3.497639,-2.834846,-5.170184,-2.709210,-2.372070,-4.822630,-2.592866,-5.534661,-5.258666,-2.554339,-5.602956,-5.477816,-5.285209,-6.318294,-5.932939,-4.790565,-5.713972,-5.143404,-5.657995,-9.199757,-8.121609
240,0.000109,0.155181,823.56,990.29,2156.25,0.498368,0.094118,93.75,0.059113,10.7357,-1.354393,0.000000,0.000000,0.000000,0.000000,0.000000,0.000000,0.000000,0.000000,0.000000,0.000000,0.000000,0.000000,0.000000,0.000000,0.000000,0.000000,0.000000,-1.228314,0.000000,0.000000,0.000000,0.000000,0.000000,0.000000,0.000000,0.000000,0.000000,0.000000,0.000000,0.000000,-1.414991,0.000000,0.000000,0.000000,0.000000,0.000000,0.000000,0.000000,-1.523257,0.000000,0.000000,0.000000,0.000000,0.000000,0.000000,-1.966148,0.000000,0.000000,0.000000,0.000000,0.000000,-1.520663,0.000000,0.000000,0.000000,-1.835463,0.000000,0.000000,0.000000,-2.055140,0.000000,0.000000,0.000000,-2.094890,0.000000,0.000000,-2.257900,0.000000,0.000000,-2.374535,0.000000,-2.247339,0.000000,0.000000,-2.388934,0.000000,-2.305722,0.000000,-2.330648,0.000000,-2.493603,0.000000,-2.586112,0.000000,-2.958887,-2.746005,0.000000,-2.693262,-2.383169,0.000000,-2.156645,-2.279368,-2.457904,0.000000,-2.434197,-2.497098,-3.247320,-2.714596,-2.756348,-2.579381,-2.507561,-2.502695,-2.525395,-2.838795,-2.645694,-5.313570,-3.211013,-3.135235,-5.756602,-2.567959,-2.409341,-5.363907,-2.646742,-6.086261,-4.861526,-2.695551,-5.405718,-5.508242,-5.394849,-5.067087,-6.016985,-5.107696,-6.057006,-4.920425,-6.160226,-9.363369,-8.167917
245,0.000187,0.185637,877.73,1000.86,2250.00,0.519893,0.058824,328.12,0.030979,6.0636,-1.278056,0.000000,0.000000,0.000000,0.000000,0.000000,0.000000,0.000000,0.000000,0.000000,0.000000,0.000000,0.000000,0.000000,0.000000,0.000000,0.000000,0.000000,-1.679387,0.000000,0.000000,0.000000,0.000000,0.000000,0.000000,0.000000,0.000000,0.000000,0.000000,0.000000,0.000000,-1.583496,0.000000,0.000000,0.000000,0.000000,0.000000,0.000000,0.000000,-1.686197,0.000000,0.000000,0.000000,0.000000,0.000000,0.000000,-1.714898,0.000000,0.000000,0.000000,0.000000,0.000000,-1.568154,0.000000,0.000000,0.000000,-1.508935,0.000000,0.000000,0.000000,-1.776639,0.000000,0.000000,0.000000,-2.456769,0.000000,0.000000,-2.065628,0.000000,0.000000,-2.225848,0.000000,-2.467033,0.000000,0.000000,-2.260984,0.000000,-2.511740,0.000000,-2.306899,0.000000,-2.637561,0.000000,-3.117327,0.000000,-3.522523,-2.819223,0.000000,-2.541339,-2.212593,0.000000,-2.573528,-2.454694,-2.592065,0.000000,-2.529238,-2.392485,-3.222648,-2.578001,-2.851198,-2.426023,-2.484930,-2.679984,-2.440367,-2.857891,-2.529937,-5.519332,-2.680708,-2.749366,-5.914496,-2.636995,-2.791059,-5.199836,-2.470932,-5.361063,-5.138895,-3.025105,-5.139139,-5.311452,-5.347658,-4.937170,-6.216076,-5.912503,-5.290956,-5.085704,-6.162539,-10.259504,-7.476499
251,0.000097,0.371448,809.03,913.32,1875.00,0.523794,0.113725,328.12,0.021528,3.1812,-1.096733,0.000000,0.000000,0.000000,0.000000,0.000000,0.000000,0.000000,0.000000,0.000000,0.000000,0.000000,0.000000,0.000000,0.000000,0.000000,0.000000,0.000000,-1.233462,0.000000,0.000000,0.000000,0.000000,0.000000,0.000000,0.000000,0.000000,0.000000,0.000000,0.000000,0.000000,-1.329318,0.000000,0.000000,0.000000,0.000000,0.000000,0.000000,0.000000,-1.720404,0.000000,0.000000,0.000000,0.000000,0.000000,0.000000,-2.333187,0.000000,0.000000,0.000000,0.000000,0.000000,-1.884560,0.000000,0.000000,0.000000,-1.667003,0.000000,0.000000,0.000000,-1.690331,0.000000,0.000000,0.000000,-2.298580,0.000000,0.000000,-2.323766,0.000000,0.000000,-1.993282,0.000000,-2.012890,0.000000,0.000000,-2.028449,0.000000,-2.182030,0.000000,-2.184948,0.000000,-2.191689,0.000000,-2.335098,0.000000,-2.330444,-2.333293,0.000000,-2.531094,-2.143947,0.000000,-2.129628,-2.160137,-2.101791,0.000000,-2.166356,-2.495569,-2.441390,-2.258601,-2.182660,-2.293398,-3.004637,-2.679696,-2.335539,-2.263248,-2.397661,-4.995610,-2.594136,-2.402531,-5.168702,-2.647084,-2.759693,-4.581586,-2.813926,-4.788792,-5.013837,-3.034249,-5.285608,-5.587082,-5.651314,-5.502786,-5.987600,-6.215953,-5.682177,-6.489574,-6.079781,-8.259401,-7.486528
256,0.000057,0.144167,932.88,968.55,2109.38,0.574652,0.321569,93.75,0.066255,10.2712,-1.329448,0.000000,0.000000,0.000000,0.000000,0.000000,0.000000,0.000000,0.000000,0.000000,0.000000,0.000000,0.000000,0.000000,0.000000,0.000000,0.000000,0.000000,-1.178784,0.000000,0.000000,0.000000,0.000000,0.000000,0.000000,0.000000,0.000000,0.000000,0.000000,0.000000,0.000000,-1.376937,0.000000,0.000000,0.000000,0.000000,0.000000,0.000000,0.000000,-2.372051,0.000000,0.000000,0.000000,0.000000,0.000000,0.000000,-1.813329,0.000000,0.000000,0.000000,0.000000,0.000000,-1.864281,0.000000,0.000000,0.000000,-1.681435,0.000000,0.000000,0.000000,-1.720413,0.000000,0.000000,0.000000,-2.287520,0.000000,0.000000,-2.300037,0.000000,0.000000,-1.918241,0.000000,-2.019461,0.000000,0.000000,-2.166683,0.000000,-2.490296,0.000000,-2.352883,0.000000,-2.375586,0.000000,-2.197545,0.000000,-2.075120,-2.251889,0.000000,-2.413299,-2.196820,0.000000,-2.379522,-2.476692,-2.164318,0.000000,-2.227180,-2.598028,-2.412132,-2.339571,-2.269882,-2.363491,-2.438912,-2.269899,-2.280462,-2.559738,-2.488871,-5.318751,-2.490036,-2.294826,-4.972655,-2.346086,-2.288894,-4.361558,-2.134666,-4.564461,-5.645075,-3.003478,-5.791328,-5.656328,-5.527143,-5.147865,-5.748910,-5.043902,-5.303722,-7.480687,-6.189833,-7.764073,-7.599903
261,0.000276,0.151878,977.01,969.62,2156.25,0.584391,0.047059,93.75,0.037512,7.1920,-1.839886,0.000000,0.000000,0.000000,0.000000,0.000000,0.000000,0.000000,0.000000,0.000000,0.000000,0.000000,0.000000,0.000000,0.000000,0.000000,0.000000,0.000000,-1.425835,0.000000,0.000000,0.000000,0.000000,0.000000,0.000000,0.000000,0.000000,0.000000,0.000000,0.000000,0.000000,-1.730466,0.000000,0.000000,0.000000,0.000000,0.000000,0.000000,0.000000,-1.703774,0.000000,0.000000,0.000000,0.000000,0.000000,0.000000,-1.757795,0.000000,0.000000,0.000000,0.000000,0.000000,-1.749393,0.000000,0.000000,0.000000,-1.595914,0.000000,0.000000,0.000000,-1.604347,0.000000,0.000000,0.000000,-1.981428,0.000000,0.000000,-2.228741,0.000000,0.000000,-1.931189,0.000000,-1.981951,0.000000,0.000000,-2.177847,0.000000,-2.607489,0.000000,-2.268193,0.000000,-2.296155,0.000000,-2.268566,0.000000,-2.452571,-2.198867,0.000000,-2.349865,-2.597719,0.000000,-2.718071,-2.636742,-2.745584,0.000000,-2.617698,-2.683039,-2.400576,-2.934773,-2.665430,-3.236889,-3.909929,-2.225748,-2.263728,-2.714166,-2.986918,-4.724060,-2.480211,-2.274568,-5.231928,-2.541001,-2.195075,-5.003339,-2.198817,-5.454660,-5.722968,-2.946910,-5.451401,-5.711687,-4.853995,-4.967421,-5.277950,-5.023074,-5.676801,-6.527394,-6.382934,-8.659414,-7.905944
267,0.000258,0.424512,722.66,872.05,1734.38,0.449831,0.082353,375.00,0.037393,4.6462,-0.998818,0.000000,0.000000,0.000000,0.000000,0.000000,0.000000,0.000000,0.000000,0.000000,0.000000,0.000000,0.000000,0.000000,0.000000,0.000000,0.000000,0.000000,-1.150306,0.000000,0.000000,0.000000,0.000000,0.000000,0.000000,0.000000,0.000000,0.000000,0.000000,0.000000,0.000000,-1.443359,0.000000,0.000000,0.000000,0.000000,0.000000,0.000000,0.000000,-1.848573,0.000000,0.000000,0.000000,0.000000,0.000000,0.000000,-1.705406,0.000000,0.000000,0.000000,0.000000,0.000000,-1.681072,0.000000,0.000000,0.000000,-1.553560,0.000000,0.000000,0.000000,-1.427208,0.000000,0.000000,0.000000,-1.555708,0.000000,0.000000,-1.774172,0.000000,0.000000,-1.769123,0.000000,-1.813342,0.000000,0.000000,-2.092906,0.000000,-2.184467,0.000000,-2.031792,0.000000,-1.997759,0.000000,-2.287128,0.000000,-2.534214,-2.169452,0.000000,-2.091880,-2.371021,0.000000,-2.736979,-3.413257,-3.093584,0.000000,-2.840452,-2.568684,-2.377677,-2.538697,-3.809619,-2.759933,-2.449893,-2.103222,-2.195403,-2.586375,-2.557726,-4.726377,-2.806417,-2.428290,-4.805172,-2.742535,-2.364932,-5.066639,-2.694108,-5.579163,-5.290538,-2.475222,-5.250611,-4.937716,-4.789125,-5.768326,-5.887940,-5.671634,-5.137269,-5.542441,-5.359199,-8.723701,-8.534142
272,0.000240,0.273809,595.26,851.06,1500.00,0.347921,0.011765,281.25,0.037049,4.1117,-0.824715,0.000000,0.000000,0.000000,0.000000,0.000000,0.000000,0.000000,0.000000,0.000000,0.000000,0.000000,0.000000,0.000000,0.000000,0.000000,0.000000,0.000000,-0.845173,0.000000,0.000000,0.000000,0.000000,0.000000,0.000000,0.000000,0.000000,0.000000,0.000000,0.000000,0.000000,-1.293086,0.000000,0.000000,0.000000,0.000000,0.000000,0.000000,0.000000,-2.527070,0.000000,0.000000,0.000000,0.000000,0.000000,0.000000,-1.593103,0.000000,0.000000,0.000000,0.000000,0.000000,-1.431220,0.000000,0.000000,0.000000,-1.794883,0.000000,0.000000,0.000000,-1.620903,0.000000,0.000000,0.000000,-1.660864,0.000000,0.000000,-2.176172,0.000000,0.000000,-1.990052,0.000000,-1.932304,0.000000,0.000000,-2.530573,0.000000,-2.040003,0.000000,-2.199701,0.000000,-2.123042,0.000000,-2.329351,0.000000,-2.673045,-2.569178,0.000000,-2.154854,-2.301290,0.000000,-3.174149,-2.874990,-2.804969,0.000000,-3.151297,-2.547014,-2.581494,-2.627235,-2.659774,-3.231459,-2.250171,-2.056815,-2.368067,-2.898252,-2.792153,-4.823161,-3.769199,-2.904621,-4.651649,-2.570787,-2.461267,-5.722646,-2.517916,-5.082260,-5.386806,-2.516039,-5.717692,-4.946651,-5.073074,-5.215690,-5.528468,-6.010941,-5.364301,-5.850151,-5.297504,-8.981119,-8.761770
277,0.000085,0.141584,575.32,847.01,1453.12,0.357754,0.149020,93.75,0.156850,17.7252,-0.905229,0.000000,0.000000,0.000000,0.000000,0.000000,0.000000,0.000000,0.000000,0.000000,0.000000,0.000000,0.000000,0.000000,0.000000,0.000000,0.000000,0.000000,-0.804515,0.000000,0.000000,0.000000,0.000000,0.000000,0.000000,0.000000,0.000000,0.000000,0.000000,0.000000,0.000000,-1.167412,0.000000,0.000000,0.000000,0.000000,0.000000,0.000000,0.000000,-1.707789,0.000000,0.000000,0.000000,0.000000,0.000000,0.000000,-1.405781,0.000000,0.000000,0.000000,0.000000,0.000000,-1.512152,0.000000,0.000000,0.000000,-2.056341,0.000000,0.000000,0.000000,-1.843667,0.000000,0.000000,0.000000,-1.945041,0.000000,0.000000,-2.416335,0.000000,0.000000,-2.148360,0.000000,-2.461685,0.000000,0.000000,-2.167996,0.000000,-2.030281,0.000000,-2.225560,0.000000,-2.268093,0.000000,-2.299136,0.000000,-2.683397,-3.009163,0.000000,-2.271015,-2.132826,0.000000,-2.392493,-2.770658,-2.685612,0.000000,-2.603755,-2.487669,-2.602732,-2.662891,-2.414829,-2.412266,-2.277134,-2.279925,-2.447379,-2.805188,-2.954695,-4.975114,-2.795761,-3.060891,-4.924566,-2.493151,-2.625681,-5.228004,-2.443996,-5.651794,-5.151074,-3.118349,-6.041461,-5.106748,-6.053609,-5.551763,-5.180864,-6.596783,-5.303178,-5.047487,-5.937411,-8.525442,-8.391961
283,0.000161,0.177171,609.84,844.62,1406.25,0.368781,0.019608,140.62,0.100734,13.5472,-1.246775,0.000000,0.000000,0.000000,0.000000,0.000000,0.000000,0.000000,0.000000,0.000000,0.000000,0.000000,0.000000,0.000000,0.000000,0.000000,0.000000,0.000000,-1.070762,0.000000,0.000000,0.000000,0.000000,0.000000,0.000000,0.000000,0.000000,0.000000,0.000000,0.000000,0.000000,-0.996826,0.000000,0.000000,0.000000,0.000000,0.000000,0.000000,0.000000,-1.334037,0.000000,0.000000,0.000000,0.000000,0.000000,0.000000,-1.514549,0.000000,0.000000,0.000000,0.000000,0.000000,-1.559859,0.000000,0.000000,0.000000,-1.935250,0.000000,0.000000,0.000000,-1.728181,0.000000,0.000000,0.000000,-1.974449,0.000000,0.000000,-2.129679,0.000000,0.000000,-2.074333,0.000000,-2.510077,0.000000,0.000000,-2.557448,0.000000,-2.120450,0.000000,-2.342061,0.000000,-2.393042,0.000000,-3.556884,0.000000,-2.387141,-2.444914,0.000000,-2.288923,-2.300180,0.000000,-2.070916,-2.195854,-2.474094,0.000000,-2.947668,-2.566556,-2.682406,-3.148890,-2.480825,-2.246316,-2.719969,-2.596320,-3.136361,-3.069180,-2.991981,-5.409366,-2.728498,-3.327158,-5.343809,-2.691805,-2.471296,-4.941792,-3.066001,-5.947227,-5.142110,-2.988169,-5.998861,-5.335877,-5.595806,-5.219548,-5.747919,-6.886850,-5.463400,-5.487181,-5.914259,-8.404958,-8.238050
288,0.000176,0.127615,780.39,938.43,1968.75,0.472572,0.094118,140.62,0.082111,13.3652,-1.557348,0.000000,0.000000,0.000000,0.000000,0.000000,0.000000,0.000000,0.000000,0.000000,0.000000,0.000000,0.000000,0.000000,0.000000,0.000000,0.000000,0.000000,-1.282596,0.000000,0.000000,0.000000,0.000000,0.000000,0.000000,0.000000,0.000000,0.000000,0.000000,0.000000,0.000000,-1.085601,0.000000,0.000000,0.000000,0.000000,0.000000,0.000000,0.000000,-1.440186,0.000000,0.000000,0.000000,0.000000,0.000000,0.000000,-1.680398,0.000000,0.000000,0.000000,0.000000,0.000000,-2.238966,0.000000,0.000000,0.000000,-1.788294,0.000000,0.000000,0.000000,-1.752663,0.000000,0.000000,0.000000,-1.989650,0.000000,0.000000,-2.078691,0.000000,0.000000,-1.950673,0.000000,-2.125139,0.000000,0.000000,-2.177001,0.000000,-2.387021,0.000000,-2.947922,0.000000,-2.695034,0.000000,-2.290262,0.000000,-2.107995,-2.106442,0.000000,-2.600006,-2.642756,0.000000,-2.157360,-2.120017,-2.399476,0.000000,-3.073896,-2.893099,-3.342394,-3.001450,-2.485522,-2.470073,-2.476724,-2.482863,-2.657674,-2.840998,-3.978700,-5.354790,-2.441354,-2.752201,-5.178299,-2.443805,-2.496676,-4.800510,-2.752029,-5.354671,-5.585021,-2.743245,-5.292259,-5.539698,-6.149834,-5.627622,-5.733731,-5.723593,-6.376667,-5.635789,-4.878985,-7.998043,-8.119557
293,0.000327,0.358017,701.09,889.53,1734.38,0.442313,0.000000,93.75,0.078800,11.3961,-1.208420,0.000000,0.000000,0.000000,0.000000,0.000000,0.000000,0.000000,0.000000,0.000000,0.000000,0.000000,0.000000,0.000000,0.000000,0.000000,0.000000,0.000000,-1.103476,0.000000,0.000000,0.000000,0.000000,0.000000,0.000000,0.000000,0.000000,0.000000,0.000000,0.000000,0.000000,-1.747110,0.000000,0.000000,0.000000,0.000000,0.000000,0.000000,0.000000,-1.111219,0.000000,0.000000,0.000000,0.000000,0.000000,0.000000,-1.374801,0.000000,0.000000,0.000000,0.000000,0.000000,-1.879702,0.000000,0.000000,0.000000,-1.827355,0.000000,0.000000,0.000000,-2.078052,0.000000,0.000000,0.000000,-1.897621,0.000000,0.000000,-1.880247,0.000000,0.000000,-2.795753,0.000000,-2.127888,0.000000,0.000000,-2.853343,0.000000,-2.225551,0.000000,-2.365711,0.000000,-2.380109,0.000000,-2.501829,0.000000,-2.052888,-2.322357,0.000000,-2.383901,-2.343698,0.000000,-2.195790,-2.554847,-2.125245,0.000000,-2.344689,-2.411279,-2.667237,-2.539472,-2.685182,-2.821970,-2.679600,-2.411108,-3.813231,-2.615253,-2.624006,-4.867963,-2.249766,-2.448445,-5.430853,-2.862018,-3.123794,-5.386432,-2.693003,-5.789002,-6.039516,-2.644433,-5.262924,-5.033130,-5.627669,-5.278327,-5.588150,-5.243834,-6.141628,-5.582290,-4.914786,-8.541693,-8.888259
299,0.000149,0.442577,591.47,797.93,1265.62,0.377016,0.125490,93.75,0.133359,11.8060,-0.937059,0.000000,0.000000,0.000000,0.000000,0.000000,0.000000,0.000000,0.000000,0.000000,0.000000,0.000000,0.000000,0.000000,0.000000,0.000000,0.000000,0.000000,-0.874977,0.000000,0.000000,0.000000,0.000000,0.000000,0.000000,0.000000,0.000000,0.000000,0.000000,0.000000,0.000000,-1.056610,0.000000,0.000000,0.000000,0.000000,0.000000,0.000000,0.000000,-1.233086,0.000000,0.000000,0.000000,0.000000,0.000000,0.000000,-1.196619,0.000000,0.000000,0.000000,0.000000,0.000000,-1.284981,0.000000,0.000000,0.000000,-1.440722,0.000000,0.000000,0.000000,-1.982906,0.000000,0.000000,0.000000,-1.834335,0.000000,0.000000,-1.644955,0.000000,0.000000,-1.975589,0.000000,-2.876314,0.000000,0.000000,-2.045501,0.000000,-1.940318,0.000000,-2.225642,0.000000,-2.394481,0.000000,-2.001340,0.000000,-1.902978,-2.224078,0.000000,-2.344797,-2.278336,0.000000,-1.942815,-1.981548,-2.415999,0.000000,-2.106789,-2.042737,-2.317467,-2.635335,-2.329486,-2.290350,-2.210716,-2.497190,-2.611938,-2.475527,-3.440703,-5.421615,-2.230539,-2.310129,-5.658225,-2.648690,-2.553578,-5.414508,-2.498343,-5.583257,-5.146064,-2.252039,-5.340096,-5.156285,-5.984705,-4.972551,-5.263612,-5.607582,-5.437604,-5.349751,-5.580707,-8.640184,-7.759737
304,0.000377,0.240696,762.64,882.67,1781.25,0.470428,0.007843,93.75,0.150546,12.3310,-1.176900,0.000000,0.000000,0.000000,0.000000,0.000000,0.000000,0.000000,0.000000,0.000000,0.000000,0.000000,0.000000,0.000000,0.000000,0.000000,0.000000,0.000000,-0.822330,0.000000,0.000000,0.000000,0.000000,0.000000,0.000000,0.000000,0.000000,0.000000,0.000000,0.000000,0.000000,-1.035248,0.000000,0.000000,0.000000,0.000000,0.000000,0.000000,0.000000,-1.505485,0.000000,0.000000,0.000000,0.000000,0.000000,0.000000,-2.283910,0.000000,0.000000,0.000000,0.000000,0.000000,-1.202020,0.000000,0.000000,0.000000,-1.336825,0.000000,0.000000,0.000000,-1.784446,0.000000,0.000000,0.000000,-1.536455,0.000000,0.000000,-1.388541,0.000000,0.000000,-1.692209,0.000000,-2.510616,0.000000,0.000000,-1.913607,0.000000,-1.665140,0.000000,-1.939211,0.000000,-2.372602,0.000000,-1.893937,0.000000,-1.636471,-1.909764,0.000000,-2.945580,-2.120975,0.000000,-1.777745,-2.034113,-2.516427,0.000000,-2.002874,-1.883623,-2.484746,-2.931739,-2.144781,-1.969605,-2.318756,-2.607155,-2.469532,-2.156705,-2.262601,-5.081448,-2.043526,-2.377920,-4.982628,-2.106153,-2.420342,-5.297880,-2.248166,-5.377604,-4.621017,-2.382087,-4.764688,-4.876004,-5.337136,-4.777514,-5.166358,-5.015926,-4.975375,-4.661387,-5.950568,-8.012810,-7.353436
309,0.000167,0.240916,808.46,909.37,1921.88,0.524325,0.121569,93.75,0.150100,9.5616,-0.980149,0.000000,0.000000,0.000000,0.000000,0.000000,0.000000,0.000000,0.000000,0.000000,0.000000,0.000000,0.000000,0.000000,0.000000,0.000000,0.000000,0.000000,-0.823619,0.000000,0.000000,0.000000,0.000000,0.000000,0.000000,0.000000,0.000000,0.000000,0.000000,0.000000,0.000000,-0.952781,0.000000,0.000000,0.000000,0.000000,0.000000,0.000000,0.000000,-1.454660,0.000000,0.000000,0.000000,0.000000,0.000000,0.000000,-1.280833,0.000000,0.000000,0.000000,0.000000,0.000000,-1.106317,0.000000,0.000000,0.000000,-1.419335,0.000000,0.000000,0.000000,-1.954967,0.000000,0.000000,0.000000,-1.577469,0.000000,0.000000,-1.318166,0.000000,0.000000,-1.537608,0.000000,-2.324168,0.000000,0.000000,-1.864322,0.000000,-1.536722,0.000000,-1.667133,0.000000,-1.978205,0.000000,-1.722030,0.000000,-1.560073,-1.796717,0.000000,-2.301881,-1.956624,0.000000,-1.746839,-1.943787,-2.231496,0.000000,-1.906191,-1.821675,-2.151475,-2.539387,-2.092738,-1.918494,-2.219997,-3.002887,-2.167823,-1.938673,-2.126111,-4.746912,-1.943913,-2.136787,-4.517745,-1.939111,-2.118874,-4.840925,-2.188413,-5.580598,-4.496285,-2.531325,-4.620393,-4.346888,-4.935931,-4.387362,-4.817846,-4.511762,-4.352571,-4.520543,-4.906376,-7.456098,-7.523096
315,0.000441,0.153731,801.56,912.41,1875.00,0.545139,0.000000,140.62,0.103914,7.2301,-0.881673,0.000000,0.000000,0.000000,0.000000,0.000000,0.000000,0.000000,0.000000,0.000000,0.000000,0.000000,0.000000,0.000000,0.000000,0.000000,0.000000,0.000000,-1.178805,0.000000,0.000000,0.000000,0.000000,0.000000,0.000000,0.000000,0.000000,0.000000,0.000000,0.000000,0.000000,-0.983328,0.000000,0.000000,0.000000,0.000000,0.000000,0.000000,0.000000,-1.336573,0.000000,0.000000,0.000000,0.000000,0.000000,0.000000,-1.204929,0.000000,0.000000,0.000000,0.000000,0.000000,-1.247612,0.000000,0.000000,0.000000,-1.216089,0.000000,0.000000,0.000000,-1.563598,0.000000,0.000000,0.000000,-1.542567,0.000000,0.000000,-1.678324,0.000000,0.000000,-1.470691,0.000000,-1.745469,0.000000,0.000000,-1.695237,0.000000,-1.811774,0.000000,-1.688177,0.000000,-2.232698,0.000000,-1.746870,0.000000,-1.903331,-1.777794,0.000000,-2.221231,-1.948421,0.000000,-2.213389,-1.888108,-2.419652,0.000000,-1.939675,-2.176812,-2.044167,-2.303917,-2.093723,-2.346143,-2.010169,-2.098371,-1.967411,-2.143664,-2.213960,-4.892684,-2.219962,-2.068336,-4.428213,-2.319182,-2.120748,-4.854765,-2.670108,-4.665051,-4.542255,-2.145543,-4.911251,-4.809983,-4.700880,-4.705430,-4.713526,-5.136476,-5.286296,-4.740412,-4.453830,-7.074717,-7.553236
320,0.000181,0.150871,804.53,942.99,1921.88,0.568076,0.043137,234.38,0.058715,3.7729,-0.794238,0.000000,0.000000,0.000000,0.000000,0.000000,0.000000,0.000000,0.000000,0.000000,0.000000,0.000000,0.000000,0.000000,0.000000,0.000000,0.000000,0.000000,-0.916487,0.000000,0.000000,0.000000,0.000000,0.000000,0.000000,0.000000,0.000000,0.000000,0.000000,0.000000,0.000000,-0.992400,0.000000,0.000000,0.000000,0.000000,0.000000,0.000000,0.000000,-1.401502,0.000000,0.000000,0.000000,0.000000,0.000000,0.000000,-1.231254,0.000000,0.000000,0.000000,0.000000,0.000000,-1.475352,0.000000,0.000000,0.000000,-1.241000,0.000000,0.000000,0.000000,-1.429732,0.000000,0.000000,0.000000,-1.499410,0.000000,0.000000,-1.633572,0.000000,0.000000,-1.511855,0.000000,-1.727332,0.000000,0.000000,-1.701715,0.000000,-1.858768,0.000000,-1.743516,0.000000,-1.938846,0.000000,-1.831425,0.000000,-1.977830,-1.838379,0.000000,-1.892375,-1.985589,0.000000,-1.997388,-1.946891,-2.068225,0.000000,-1.927247,-2.029804,-2.004500,-2.102495,-2.215000,-2.231764,-2.028593,-1.997386,-2.021391,-2.421651,-2.500674,-4.562293,-2.301079,-2.081936,-4.328895,-2.331848,-2.249075,-4.479438,-2.210028,-4.453649,-4.965086,-2.168601,-4.680837,-4.783599,-4.634441,-4.799266,-4.625254,-4.872032,-4.707036,-4.299168,-4.574673,-7.290568,-6.499631
325,0.000054,0.102613,654.87,869.96,1546.88,0.417757,0.333333,93.75,0.167690,12.3079,-0.810079,0.000000,0.000000,0.000000,0.000000,0.000000,0.000000,0.000000,0.000000,0.000000,0.000000,0.000000,0.000000,0.000000,0.000000,0.000000,0.000000,0.000000,-0.775492,0.000000,0.000000,0.000000,0.000000,0.000000,0.000000,0.000000,0.000000,0.000000,0.000000,0.000000,0.000000,-1.010022,0.000000,0.000000,0.000000,0.000000,0.000000,0.000000,0.000000,-1.385898,0.000000,0.000000,0.000000,0.000000,0.000000,0.000000,-1.270959,0.000000,0.000000,0.000000,0.000000,0.000000,-1.221361,0.000000,0.000000,0.000000,-1.429498,0.000000,0.000000,0.000000,-2.256044,0.000000,0.000000,0.000000,-1.659998,0.000000,0.000000,-1.529789,0.000000,0.000000,-1.648365,0.000000,-2.079840,0.000000,0.000000,-1.824268,0.000000,-1.654200,0.000000,-1.790856,0.000000,-2.214044,0.000000,-1.990362,0.000000,-1.934701,-2.046706,0.000000,-2.396848,-2.333547,0.000000,-1.931845,-2.045231,-2.524452,0.000000,-2.085009,-1.968822,-2.167650,-2.500819,-2.572361,-2.219101,-2.279264,-3.007980,-2.334378,-2.211096,-2.468152,-4.617369,-2.119029,-2.354597,-5.448194,-2.290699,-2.421496,-5.122077,-2.179107,-5.285749,-5.143265,-2.296323,-5.642298,-5.794288,-5.230462,-4.662224,-5.525518,-5.133298,-4.899923,-4.437425,-5.352873,-7.730458,-7.090806
331,0.000105,0.047959,781.42,963.91,2015.62,0.495609,0.137255,93.75,0.065966,9.8194,-1.230002,0.000000,0.000000,0.000000,0.000000,0.000000,0.000000,0.000000,0.000000,0.000000,0.000000,0.000000,0.000000,0.000000,0.000000,0.000000,0.000000,0.000000,-1.180681,0.000000,0.000000,0.000000,0.000000,0.000000,0.000000,0.000000,0.000000,0.000000,0.000000,0.000000,0.000000,-1.197085,0.000000,0.000000,0.000000,0.000000,0.000000,0.000000,0.000000,-1.632026,0.000000,0.000000,0.000000,0.000000,0.000000,0.000000,-1.699095,0.000000,0.000000,0.000000,0.000000,0.000000,-1.566164,0.000000,0.000000,0.000000,-1.759285,0.000000,0.000000,0.000000,-1.917664,0.000000,0.000000,0.000000,-2.058551,0.000000,0.000000,-2.117756,0.000000,0.000000,-2.073134,0.000000,-2.036647,0.000000,0.000000,-2.221025,0.000000,-2.054355,0.000000,-1.957601,0.000000,-2.130667,0.000000,-2.717458,0.000000,-2.535769,-2.980139,0.000000,-2.596319,-2.513831,0.000000,-2.283485,-2.244122,-2.395570,0.000000,-2.889249,-2.290485,-2.567267,-2.476293,-2.602637,-2.858098,-2.621129,-3.086308,-2.641537,-2.641253,-2.569959,-5.206929,-2.656421,-2.413516,-5.111740,-3.114629,-2.586408,-5.329102,-2.533282,-5.401875,-5.602485,-2.573658,-4.916752,-5.737549,-5.544018,-4.888792,-5.776546,-5.350136,-4.965185,-5.464994,-5.541337,-8.253295,-8.510824
336,0.000245,0.189010,928.57,1015.79,2343.75,0.570757,0.090196,234.38,0.040666,7.3034,-1.338851,0.000000,0.000000,0.000000,0.000000,0.000000,0.000000,0.000000,0.000000,0.000000,0.000000,0.000000,0.000000,0.000000,0.000000,0.000000,0.000000,0.000000,-1.589527,0.000000,0.000000,0.000000,0.000000,0.000000,0.000000,0.000000,0.000000,0.000000,0.000000,0.000000,0.000000,-2.016179,0.000000,0.000000,0.000000,0.000000,0.000000,0.000000,0.000000,-1.478024,0.000000,0.000000,0.000000,0.000000,0.000000,0.000000,-1.390764,0.000000,0.000000,0.000000,0.000000,0.000000,-1.397788,0.000000,0.000000,0.000000,-1.748208,0.000000,0.000000,0.000000,-2.134533,0.000000,0.000000,0.000000,-1.981565,0.000000,0.000000,-2.033903,0.000000,0.000000,-2.351233,0.000000,-3.112009,0.000000,0.000000,-2.417351,0.000000,-2.450926,0.000000,-2.401123,0.000000,-2.373453,0.000000,-2.612531,0.000000,-2.407960,-2.538822,0.000000,-2.506609,-2.454474,0.000000,-2.347887,-2.854428,-2.603313,0.000000,-2.561130,-2.220105,-2.432414,-2.594034,-2.402229,-2.787224,-2.628912,-2.546324,-3.120856,-2.749876,-2.624901,-4.856227,-2.527344,-2.719425,-5.005918,-2.802748,-2.545121,-5.734074,-2.546259,-5.034537,-5.126175,-2.440692,-5.160351,-5.366541,-5.330695,-4.897302,-5.134258,-5.368174,-5.535903,-5.625299,-5.102128,-8.770260,-8.498796
341,0.000159,0.452240,784.30,936.95,2015.62,0.528234,0.070588,187.50,0.073898,7.3947,-1.170345,0.000000,0.000000,0.000000,0.000000,0.000000,0.000000,0.000000,0.000000,0.000000,0.000000,0.000000,0.000000,0.000000,0.000000,0.000000,0.000000,0.000000,-1.158487,0.000000,0.000000,0.000000,0.000000,0.000000,0.000000,0.000000,0.000000,0.000000,0.000000,0.000000,0.000000,-1.206875,0.000000,0.000000,0.000000,0.000000,0.000000,0.000000,0.000000,-1.131368,0.000000,0.000000,0.000000,0.000000,0.000000,0.000000,-1.180156,0.000000,0.000000,0.000000,0.000000,0.000000,-1.292486,0.000000,0.000000,0.000000,-1.536445,0.000000,0.000000,0.000000,-1.825840,0.000000,0.000000,0.000000,-1.687024,0.000000,0.000000,-1.732240,0.000000,0.000000,-2.251390,0.000000,-2.387008,0.000000,0.000000,-2.007341,0.000000,-1.975021,0.000000,-2.229663,0.000000,-2.398002,0.000000,-2.198324,0.000000,-2.151738,-2.261407,0.000000,-2.386291,-2.236423,0.000000,-2.204893,-2.293638,-2.265746,0.000000,-2.151697,-2.179286,-2.379968,-2.437699,-2.294506,-2.258221,-2.230289,-2.298365,-2.399198,-2.357793,-2.421524,-4.766829,-2.429891,-2.545020,-5.239122,-2.903078,-2.504463,-4.764197,-2.371505,-4.692273,-4.703557,-2.457627,-5.315568,-4.971932,-5.257848,-4.487381,-4.780237,-5.244017,-4.913255,-4.831503,-4.584766,-8.381584,-8.087235
347,0.000196,0.179709,838.93,921.18,1968.75,0.525579,0.082353,187.50,0.087274,10.0069,-1.834872,0.000000,0.000000,0.000000,0.000000,0.000000,0.000000,0.000000,0.000000,0.000000,0.000000,0.000000,0.000000,0.000000,0.000000,0.000000,0.000000,0.000000,-1.281947,0.000000,0.000000,0.000000,0.000000,0.000000,0.000000,0.000000,0.000000,0.000000,0.000000,0.000000,0.000000,-1.141716,0.000000,0.000000,0.000000,0.000000,0.000000,0.000000,0.000000,-1.059117,0.000000,0.000000,0.000000,0.000000,0.000000,0.000000,-1.878157,0.000000,0.000000,0.000000,0.000000,0.000000,-1.348834,0.000000,0.000000,0.000000,-1.962349,0.000000,0.000000,0.000000,-1.839420,0.000000,0.000000,0.000000,-1.771215,0.000000,0.000000,-1.478372,0.000000,0.000000,-1.771747,0.000000,-2.006328,0.000000,0.000000,-2.165002,0.000000,-1.691395,0.000000,-1.874076,0.000000,-1.990337,0.000000,-2.455543,0.000000,-1.933198,-2.263985,0.000000,-2.178169,-2.308674,0.000000,-2.048579,-2.455303,-2.112747,0.000000,-2.942118,-2.141128,-2.532917,-2.162682,-2.623729,-2.135166,-2.812293,-2.238209,-2.994974,-2.170572,-2.386598,-5.299199,-2.297793,-3.249027,-5.028348,-2.505225,-3.108248,-5.082150,-2.437245,-5.031152,-5.038024,-2.822236,-5.256567,-5.148404,-4.966443,-4.960922,-4.853875,-5.085718,-4.972196,-5.322179,-4.941998,-7.538352,-8.471514
352,0.000207,0.354215,889.35,893.66,1968.75,0.630468,0.078431,187.50,0.066308,5.2455,-1.275529,0.000000,0.000000,0.000000,0.000000,0.000000,0.000000,0.000000,0.000000,0.000000,0.000000,0.000000,0.000000,0.000000,0.000000,0.000000,0.000000,0.000000,-1.273611,0.000000,0.000000,0.000000,0.000000,0.000000,0.000000,0.000000,0.000000,0.000000,0.000000,0.000000,0.000000,-1.217244,0.000000,0.000000,0.000000,0.000000,0.000000,0.000000,0.000000,-1.178435,0.000000,0.000000,0.000000,0.000000,0.000000,0.000000,-1.314506,0.000000,0.000000,0.000000,0.000000,0.000000,-1.291533,0.000000,0.000000,0.000000,-1.452190,0.000000,0.000000,0.000000,-1.604545,0.000000,0.000000,0.000000,-1.497127,0.000000,0.000000,-1.463797,0.000000,0.000000,-1.539532,0.000000,-1.784556,0.000000,0.000000,-1.816844,0.000000,-1.637106,0.000000,-1.632928,0.000000,-1.769681,0.000000,-1.853688,0.000000,-1.820229,-1.824287,0.000000,-1.889252,-1.912917,0.000000,-1.944356,-1.974494,-2.080722,0.000000,-2.131351,-2.027285,-2.029362,-2.066890,-2.014985,-2.046966,-2.157153,-2.110744,-2.100277,-2.255711,-2.239479,-4.255625,-2.170881,-2.239875,-4.798353,-2.314678,-2.319406,-5.162892,-2.443551,-4.331883,-4.378271,-2.357951,-4.673765,-4.601488,-4.533443,-5.247264,-4.790118,-4.580513,-5.436034,-4.739717,-4.986175,-7.422988,-7.377714
357,0.000120,0.113181,713.02,862.35,1687.50,0.463979,0.164706,140.62,0.086655,9.0807,-1.101109,0.000000,0.000000,0.000000,0.000000,0.000000,0.000000,0.000000,0.000000,0.000000,0.000000,0.000000,0.000000,0.000000,0.000000,0.000000,0.000000,0.000000,-1.093895,0.000000,0.000000,0.000000,0.000000,0.000000,0.000000,0.000000,0.000000,0.000000,0.000000,0.000000,0.000000,-1.062206,0.000000,0.000000,0.000000,0.000000,0.000000,0.000000,0.000000,-1.267993,0.000000,0.000000,0.000000,0.000000,0.000000,0.000000,-1.409301,0.000000,0.000000,0.000000,0.000000,0.000000,-1.371680,0.000000,0.000000,0.000000,-1.884248,0.000000,0.000000,0.000000,-1.759329,0.000000,0.000000,0.000000,-1.811558,0.000000,0.000000,-1.951634,0.000000,0.000000,-1.846712,0.000000,-1.998363,0.000000,0.000000,-2.113537,0.000000,-1.919001,0.000000,-1.979803,0.000000,-2.096905,0.000000,-2.163926,0.000000,-2.130374,-2.034010,0.000000,-2.154167,-2.146992,0.000000,-2.382740,-2.233955,-2.390182,0.000000,-2.467750,-2.160516,-2.346338,-2.532005,-2.210091,-2.283423,-2.340755,-2.303792,-2.216062,-2.484995,-2.470158,-4.431089,-2.704599,-2.252394,-5.144510,-2.551341,-2.527030,-6.101091,-2.484167,-4.766510,-4.889391,-2.660881,-4.986914,-5.466891,-4.933011,-5.612340,-6.153239,-4.856717,-5.315624,-5.216762,-5.191932,-9.491163,-8.679815
363,0.000169,0.089520,693.26,889.64,1828.12,0.408653,0.105882,187.50,0.069983,12.8274,-1.239859,0.000000,0.000000,0.000000,0.000000,0.000000,0.000000,0.000000,0.000000,0.000000,0.000000,0.000000,0.000000,0.000000,0.000000,0.000000,0.000000,0.000000,-1.755872,0.000000,0.000000,0.000000,0.000000,0.000000,0.000000,0.000000,0.000000,0.000000,0.000000,0.000000,0.000000,-1.457527,0.000000,0.000000,0.000000,0.000000,0.000000,0.000000,0.000000,-1.155009,0.000000,0.000000,0.000000,0.000000,0.000000,0.000000,-1.333179,0.000000,0.000000,0.000000,0.000000,0.000000,-1.935026,0.000000,0.000000,0.000000,-1.809338,0.000000,0.000000,0.000000,-2.024828,0.000000,0.000000,0.000000,-2.175840,0.000000,0.000000,-2.062885,0.000000,0.000000,-2.309428,0.000000,-2.521093,0.000000,0.000000,-2.390786,0.000000,-3.122268,0.000000,-2.526577,0.000000,-2.965186,0.000000,-2.623783,0.000000,-2.279635,-2.260007,0.000000,-2.371407,-2.462980,0.000000,-2.633942,-3.221269,-2.783557,0.000000,-2.509540,-2.835240,-2.719041,-2.974445,-2.641730,-2.903515,-2.908997,-2.873444,-2.925942,-2.499513,-2.762268,-5.558025,-2.433662,-2.340878,-5.263345,-3.259610,-3.430796,-5.462815,-2.749485,-5.047733,-6.339197,-2.435575,-5.711741,-6.050617,-5.369406,-6.067686,-5.312802,-6.254804,-5.329535,-6.151414,-6.371062,-9.179621,-8.789694
368,0.000092,0.269007,748.64,919.61,1921.88,0.472218,0.094118,187.50,0.053051,8.8662,-1.296820,0.000000,0.000000,0.000000,0.000000,0.000000,0.000000,0.000000,0.000000,0.000000,0.000000,0.000000,0.000000,0.000000,0.000000,0.000000,0.000000,0.000000,-1.379701,0.000000,0.000000,0.000000,0.000000,0.000000,0.000000,0.000000,0.000000,0.000000,0.000000,0.000000,0.000000,-1.353774,0.000000,0.000000,0.000000,0.000000,0.000000,0.000000,0.000000,-1.275308,0.000000,0.000000,0.000000,0.000000,0.000000,0.000000,-1.861020,0.000000,0.000000,0.000000,0.000000,0.000000,-1.714444,0.000000,0.000000,0.000000,-1.681538,0.000000,0.000000,0.000000,-1.841544,0.000000,0.000000,0.000000,-1.981158,0.000000,0.000000,-1.814394,0.000000,0.000000,-2.114648,0.000000,-2.600680,0.000000,0.000000,-2.124811,0.000000,-2.082499,0.000000,-2.197232,0.000000,-2.480609,0.000000,-2.853561,0.000000,-2.255159,-2.433193,0.000000,-2.414243,-2.512153,0.000000,-2.475353,-2.441906,-2.794927,0.000000,-2.360672,-2.446321,-2.586315,-2.925035,-2.988851,-2.440775,-2.547837,-3.468416,-2.849489,-2.653465,-3.036307,-6.350228,-2.549773,-2.803749,-5.032624,-2.374162,-2.379959,-5.565624,-2.659176,-5.510964,-5.411833,-2.423646,-5.993071,-6.060163,-5.619819,-5.407066,-5.576183,-5.428996,-5.696872,-5.599714,-6.205771,-7.968667,-8.265595
373,0.000162,0.252599,777.41,899.01,1968.75,0.508081,0.054902,93.75,0.065247,8.4534,-1.274724,0.000000,0.000000,0.000000,0.000000,0.000000,0.000000,0.000000,0.000000,0.000000,0.000000,0.000000,0.000000,0.000000,0.000000,0.000000,0.000000,0.000000,-1.185439,0.000000,0.000000,0.000000,0.000000,0.000000,0.000000,0.000000,0.000000,0.000000,0.000000,0.000000,0.000000,-1.269066,0.000000,0.000000,0.000000,0.000000,0.000000,0.000000,0.000000,-1.238886,0.000000,0.000000,0.000000,0.000000,0.000000,0.000000,-1.520669,0.000000,0.000000,0.000000,0.000000,0.000000,-1.848086,0.000000,0.000000,0.000000,-1.697829,0.000000,0.000000,0.000000,-1.771214,0.000000,0.000000,0.000000,-1.858986,0.000000,0.000000,-1.709168,0.000000,0.000000,-2.098237,0.000000,-2.640179,0.000000,0.000000,-2.092458,0.000000,-1.937030,0.000000,-2.045302,0.000000,-2.089727,0.000000,-2.096132,0.000000,-2.235247,-2.461430,0.000000,-2.347750,-2.203191,0.000000,-2.200324,-2.240212,-2.230680,0.000000,-2.236510,-2.381971,-2.476732,-2.514137,-2.472910,-2.404486,-2.463563,-2.576758,-2.494628,-2.603893,-3.369462,-5.548231,-2.752446,-3.181249,-4.744366,-2.304650,-2.269907,-4.803317,-2.470395,-5.126313,-4.904677,-2.400923,-4.800709,-5.164554,-4.919201,-5.338727,-4.906401,-7.051350,-5.771393,-5.493695,-5.377559,-8.258805,-8.614398
379,0.000176,0.221609,857.02,959.68,2109.38,0.524760,0.086275,234.38,0.064564,8.9727,-1.256848,0.000000,0.000000,0.000000,0.000000,0.000000,0.000000,0.000000,0.000000,0.000000,0.000000,0.000000,0.000000,0.000000,0.000000,0.000000,0.000000,0.000000,-1.376043,0.000000,0.000000,0.000000,0.000000,0.000000,0.000000,0.000000,0.000000,0.000000,0.000000,0.000000,0.000000,-1.790537,0.000000,0.000000,0.000000,0.000000,0.000000,0.000000,0.000000,-1.459224,0.000000,0.000000,0.000000,0.000000,0.000000,0.000000,-1.190010,0.000000,0.000000,0.000000,0.000000,0.000000,-1.424574,0.000000,0.000000,0.000000,-1.598255,0.000000,0.000000,0.000000,-2.433154,0.000000,0.000000,0.000000,-1.621786,0.000000,0.000000,-1.801372,0.000000,0.000000,-2.335986,0.000000,-2.349009,0.000000,0.000000,-2.064847,0.000000,-2.523894,0.000000,-2.213064,0.000000,-2.343666,0.000000,-1.894391,0.000000,-2.310482,-2.359259,0.000000,-3.286909,-2.188590,0.000000,-2.679897,-2.334851,-2.892051,0.000000,-2.251212,-2.691162,-2.478173,-2.534695,-2.244502,-2.806228,-2.406017,-2.808404,-2.329495,-2.794150,-2.707825,-4.625945,-2.460830,-2.802472,-4.791813,-2.611779,-2.366705,-4.841435,-2.508505,-5.864363,-5.062165,-2.446031,-4.836203,-4.861913,-5.145576,-5.622307,-4.857098,-5.135761,-5.992742,-5.366773,-4.818919,-7.735226,-9.187694
384,0.000098,0.270388,856.74,936.22,1968.75,0.563042,0.219608,234.38,0.074962,8.1587,-1.398068,0.000000,0.000000,0.000000,0.000000,0.000000,0.000000,0.000000,0.000000,0.000000,0.000000,0.000000,0.000000,0.000000,0.000000,0.000000,0.000000,0.000000,-1.307923,0.000000,0.000000,0.000000,0.000000,0.000000,0.000000,0.000000,0.000000,0.000000,0.000000,0.000000,0.000000,-1.390911,0.000000,0.000000,0.000000,0.000000,0.000000,0.000000,0.000000,-1.356579,0.000000,0.000000,0.000000,0.000000,0.000000,0.000000,-1.125157,0.000000,0.000000,0.000000,0.000000,0.000000,-1.187177,0.000000,0.000000,0.000000,-1.571036,0.000000,0.000000,0.000000,-1.921598,0.000000,0.000000,0.000000,-1.638423,0.000000,0.000000,-1.754654,0.000000,0.000000,-2.148551,0.000000,-2.195874,0.000000,0.000000,-2.207555,0.000000,-2.122375,0.000000,-2.053051,0.000000,-1.926899,0.000000,-1.840132,0.000000,-2.010011,-2.453643,0.000000,-2.334895,-2.176403,0.000000,-2.180317,-2.252499,-2.322737,0.000000,-2.297246,-2.218797,-2.237524,-2.199060,-2.185242,-2.253757,-2.246694,-2.234990,-2.286847,-2.490069,-2.541444,-4.606151,-2.246776,-2.663399,-4.899370,-2.179115,-2.457762,-4.467365,-2.454732,-5.532889,-5.200592,-2.473735,-5.378091,-4.805197,-5.871938,-5.743177,-5.614161,-4.720641,-4.961726,-5.198554,-4.597833,-7.160438,-8.166037
389,0.000161,0.096789,810.04,911.59,1921.88,0.484807,0.125490,140.62,0.067903,9.6970,-1.535739,0.000000,0.000000,0.000000,0.000000,0.000000,0.000000,0.000000,0.000000,0.000000,0.000000,0.000000,0.000000,0.000000,0.000000,0.000000,0.000000,0.000000,-1.691911,0.000000,0.000000,0.000000,0.000000,0.000000,0.000000,0.000000,0.000000,0.000000,0.000000,0.000000,0.000000,-1.168108,0.000000,0.000000,0.000000,0.000000,0.000000,0.000000,0.000000,-1.395988,0.000000,0.000000,0.000000,0.000000,0.000000,0.000000,-1.360711,0.000000,0.000000,0.000000,0.000000,0.000000,-1.403654,0.000000,0.000000,0.000000,-1.724257,0.000000,0.000000,0.000000,-1.874187,0.000000,0.000000,0.000000,-1.598214,0.000000,0.000000,-2.149590,0.000000,0.000000,-1.922285,0.000000,-2.194481,0.000000,0.000000,-2.220308,0.000000,-2.367091,0.000000,-1.860056,0.000000,-2.672228,0.000000,-1.838846,0.000000,-2.066897,-2.566527,0.000000,-2.760662,-2.183279,0.000000,-2.771069,-2.203179,-2.514192,0.000000,-2.483237,-2.804694,-2.294078,-2.981346,-2.284972,-3.222667,-2.275303,-2.570352,-2.486173,-2.586627,-2.743023,-5.559819,-2.448150,-2.200457,-4.689794,-2.328451,-2.711404,-4.597687,-2.667284,-5.308862,-5.796443,-2.516172,-5.528840,-6.669512,-6.652369,-5.877284,-5.379983,-5.251333,-5.456065,-5.362155,-5.083051,-8.342937,-7.984277
395,0.000135,0.265472,879.88,959.75,2062.50,0.575621,0.101961,140.62,0.061368,7.4581,-1.467612,0.000000,0.000000,0.000000,0.000000,0.000000,0.000000,0.000000,0.000000,0.000000,0.000000,0.000000,0.000000,0.000000,0.000000,0.000000,0.000000,0.000000,-1.302915,0.000000,0.000000,0.000000,0.000000,0.000000,0.000000,0.000000,0.000000,0.000000,0.000000,0.000000,0.000000,-1.212056,0.000000,0.000000,0.000000,0.000000,0.000000,0.000000,0.000000,-1.294121,0.000000,0.000000,0.000000,0.000000,0.000000,0.000000,-1.456985,0.000000,0.000000,0.000000,0.000000,0.000000,-1.985843,0.000000,0.000000,0.000000,-2.046669,0.000000,0.000000,0.000000,-1.516742,0.000000,0.000000,0.000000,-1.540969,0.000000,0.000000,-1.929583,0.000000,0.000000,-1.876699,0.000000,-1.911892,0.000000,0.000000,-2.080692,0.000000,-1.888704,0.000000,-1.829661,0.000000,-1.914917,0.000000,-1.808563,0.000000,-1.937700,-2.289972,0.000000,-2.141222,-2.220968,0.000000,-2.520569,-2.274549,-2.333436,0.000000,-2.416338,-2.325357,-2.281705,-2.402544,-2.412585,-2.363099,-2.404581,-2.490603,-2.699931,-2.758344,-2.686502,-5.084549,-2.400684,-2.089558,-4.676561,-2.634044,-3.111806,-4.776202,-2.586307,-5.341537,-5.107593,-2.482010,-5.031957,-5.180256,-5.851884,-5.574251,-5.467305,-5.360426,-5.418419,-4.733139,-4.698252,-7.045519,-7.664208
400,0.000124,0.116588,864.07,919.73,2015.62,0.533531,0.094118,187.50,0.049294,6.9784,-1.414408,0.000000,0.000000,0.000000,0.000000,0.000000,0.000000,0.000000,0.000000,0.000000,0.000000,0.000000,0.000000,0.000000,0.000000,0.000000,0.000000,0.000000,-1.729865,0.000000,0.000000,0.000000,0.000000,0.000000,0.000000,0.000000,0.000000,0.000000,0.000000,0.000000,0.000000,-1.532731,0.000000,0.000000,0.000000,0.000000,0.000000,0.000000,0.000000,-1.307205,0.000000,0.000000,0.000000,0.000000,0.000000,0.000000,-1.356283,0.000000,0.000000,0.000000,0.000000,0.000000,-1.953349,0.000000,0.000000,0.000000,-2.109540,0.000000,0.000000,0.000000,-1.467314,0.000000,0.000000,0.000000,-1.447987,0.000000,0.000000,-1.877202,0.000000,0.000000,-1.669683,0.000000,-2.249746,0.000000,0.000000,-2.216918,0.000000,-2.109460,0.000000,-1.844281,0.000000,-2.365205,0.000000,-1.848189,0.000000,-2.085737,-2.782024,0.000000,-2.016441,-2.050329,0.000000,-2.280647,-2.213794,-3.282390,0.000000,-2.588820,-2.439174,-2.244167,-2.571874,-2.400098,-2.886341,-2.583809,-3.012456,-2.649072,-2.728594,-2.386406,-5.359021,-2.559397,-2.235827,-4.884518,-2.736645,-2.657338,-5.514263,-2.998137,-4.929693,-4.852355,-3.021155,-5.295842,-5.560173,-4.941800,-5.293684,-5.081256,-5.505492,-5.802523,-4.966303,-5.421817,-7.424809,-9.041424

----- END /raw_clean_C4_r02_95853.csv -----
PRESS C4  rep 3/3  then hit Enter

> OK: captured /raw_clean_C4_r03_200568.csv  (rows=115 onset_ms=-1 clip=0.0000 snr=1.624)
----- BEGIN /raw_clean_C4_r03_200568.csv (150239 bytes) -----
#FW,ver=7,build=Dec 18 2025 10:42:43,git_rev=unknown,mic_model=INMP441,mic_channel=R,window=hann
#META,type=keypress,mode=clean,key=C4,rep=3,fs_hz=48000,hop=256,n_fft=1024,fmin=50.0,fmax=3500.0,pre_ms=60,lead_ms=150,post_ms=400,stored_pre_ms=210,ms_per_frame=5.33333,t_ms=200568,bands=log128
#DIAG,onset_ms=-1,onset_idx=-1,baseline_rms_mean=0.000065,baseline_rms_std=0.000011,baseline_flux_mean=0.216631,baseline_flux_std=0.062780,onset_thr_rms=0.000098,onset_thr_flux=0.467750,clip_frac=0.000000,snr_proxy=1.624388                 
     
ms_from_event,rms,flux,centroid_hz,spread_hz,rolloff85_hz,flatness,zcr,peak_hz,peak_mag,peak_ratio,b000,b001,b002,b003,b004,b005,b006,b007,b008,b009,b010,b011,b012,b013,b014,b015,b016,b017,b018,b019,b020,b021,b022,b023,b024,b025,b026,b027,b028,b029,b030,b031,b032,b033,b034,b035,b036,b037,b038,b039,b040,b041,b042,b043,b044,b045,b046,b047,b048,b049,b050,b051,b052,b053,b054,b055,b056,b057,b058,b059,b060,b061,b062,b063,b064,b065,b066,b067,b068,b069,b070,b071,b072,b073,b074,b075,b076,b077,b078,b079,b080,b081,b082,b083,b084,b085,b086,b087,b088,b089,b090,b091,b092,b093,b094,b095,b096,b097,b098,b099,b100,b101,b102,b103,b104,b105,b106,b107,b108,b109,b110,b111,b112,b113,b114,b115,b116,b117,b118,b119,b120,b121,b122,b123,b124,b125,b126,b127
-208,0.000044,0.227401,1200.95,1071.53,2578.12,0.669869,0.352941,328.12,0.015311,5.5176,-1.918464,0.000000,0.000000,0.000000,0.000000,0.000000,0.000000,0.000000,0.000000,0.000000,0.000000,0.000000,0.000000,0.000000,0.000000,0.000000,0.000000,0.000000,-2.107837,0.000000,0.000000,0.000000,0.000000,0.000000,0.000000,0.000000,0.000000,0.000000,0.000000,0.000000,0.000000,-2.013468,0.000000,0.000000,0.000000,0.000000,0.000000,0.000000,0.000000,-2.008328,0.000000,0.000000,0.000000,0.000000,0.000000,0.000000,-2.029804,0.000000,0.000000,0.000000,0.000000,0.000000,-2.719296,0.000000,0.000000,0.000000,-1.814983,0.000000,0.000000,0.000000,-1.871523,0.000000,0.000000,0.000000,-2.122622,0.000000,0.000000,-2.397730,0.000000,0.000000,-2.409729,0.000000,-2.454319,0.000000,0.000000,-2.457079,0.000000,-2.803658,0.000000,-3.133145,0.000000,-2.928493,0.000000,-2.702416,0.000000,-2.732351,-2.928643,0.000000,-3.218652,-3.063816,0.000000,-3.611708,-2.616202,-2.632391,0.000000,-2.572493,-2.545194,-2.603000,-2.730897,-2.668604,-2.724880,-2.635667,-3.072732,-2.653040,-2.895149,-3.122011,-5.844852,-3.046904,-2.871687,-5.080825,-2.484815,-2.586602,-5.971289,-2.742296,-5.693020,-6.624296,-2.395545,-5.224235,-5.021875,-5.548778,-5.938737,-5.780755,-6.248621,-5.549468,-5.811845,-6.726412,-8.476000,-8.216608
-203,0.000050,0.217810,1327.33,1092.84,2812.50,0.749175,0.403922,93.75,0.012336,4.6433,-1.986475,0.000000,0.000000,0.000000,0.000000,0.000000,0.000000,0.000000,0.000000,0.000000,0.000000,0.000000,0.000000,0.000000,0.000000,0.000000,0.000000,0.000000,-1.908820,0.000000,0.000000,0.000000,0.000000,0.000000,0.000000,0.000000,0.000000,0.000000,0.000000,0.000000,0.000000,-2.188346,0.000000,0.000000,0.000000,0.000000,0.000000,0.000000,0.000000,-2.179661,0.000000,0.000000,0.000000,0.000000,0.000000,0.000000,-2.605224,0.000000,0.000000,0.000000,0.000000,0.000000,-2.085222,0.000000,0.000000,0.000000,-2.019843,0.000000,0.000000,0.000000,-2.244200,0.000000,0.000000,0.000000,-2.474879,0.000000,0.000000,-2.305683,0.000000,0.000000,-2.371804,0.000000,-2.455193,0.000000,0.000000,-2.437315,0.000000,-2.649280,0.000000,-2.801911,0.000000,-2.626055,0.000000,-2.557176,0.000000,-2.962157,-3.084666,0.000000,-2.659724,-2.568745,0.000000,-2.545957,-2.570101,-2.682916,0.000000,-2.543373,-3.271106,-2.681026,-3.090026,-2.657979,-2.662697,-2.628085,-2.584669,-2.716582,-2.825646,-2.869837,-5.585093,-3.742965,-3.332089,-5.865994,-2.298083,-2.563450,-6.062040,-2.648030,-5.663183,-5.887677,-2.319557,-5.164231,-5.747879,-5.568759,-6.565229,-5.112326,-5.216350,-5.585336,-5.352588,-5.757103,-8.916924,-8.122763
-197,0.000061,0.174238,1439.79,1089.88,2906.25,0.779975,0.313726,281.25,0.010946,4.4561,-2.977415,0.000000,0.000000,0.000000,0.000000,0.000000,0.000000,0.000000,0.000000,0.000000,0.000000,0.000000,0.000000,0.000000,0.000000,0.000000,0.000000,0.000000,-2.138313,0.000000,0.000000,0.000000,0.000000,0.000000,0.000000,0.000000,0.000000,0.000000,0.000000,0.000000,0.000000,-2.105679,0.000000,0.000000,0.000000,0.000000,0.000000,0.000000,0.000000,-2.352038,0.000000,0.000000,0.000000,0.000000,0.000000,0.000000,-2.251932,0.000000,0.000000,0.000000,0.000000,0.000000,-1.960737,0.000000,0.000000,0.000000,-2.240880,0.000000,0.000000,0.000000,-2.335073,0.000000,0.000000,0.000000,-2.358203,0.000000,0.000000,-2.232627,0.000000,0.000000,-2.270756,0.000000,-2.845506,0.000000,0.000000,-2.740778,0.000000,-2.601903,0.000000,-2.543953,0.000000,-2.847748,0.000000,-2.631777,0.000000,-2.886650,-3.224681,0.000000,-2.548696,-2.463650,0.000000,-2.961791,-2.589821,-2.720854,0.000000,-2.591578,-2.820322,-2.720403,-2.716339,-2.818292,-3.088892,-2.902359,-2.688468,-3.385892,-2.795058,-3.051669,-5.888736,-3.118183,-2.791008,-5.334641,-2.234331,-2.599424,-5.247610,-2.713672,-6.203692,-5.257407,-2.470534,-5.328405,-5.473477,-6.144022,-6.737907,-5.352500,-5.083948,-5.313274,-5.508580,-5.069610,-9.399006,-8.140326
-192,0.000067,0.289175,1385.18,1145.68,2953.12,0.671718,0.262745,281.25,0.016629,5.8836,-2.639912,0.000000,0.000000,0.000000,0.000000,0.000000,0.000000,0.000000,0.000000,0.000000,0.000000,0.000000,0.000000,0.000000,0.000000,0.000000,0.000000,0.000000,-2.168675,0.000000,0.000000,0.000000,0.000000,0.000000,0.000000,0.000000,0.000000,0.000000,0.000000,0.000000,0.000000,-1.907983,0.000000,0.000000,0.000000,0.000000,0.000000,0.000000,0.000000,-2.088293,0.000000,0.000000,0.000000,0.000000,0.000000,0.000000,-2.073396,0.000000,0.000000,0.000000,0.000000,0.000000,-1.779127,0.000000,0.000000,0.000000,-1.864347,0.000000,0.000000,0.000000,-2.304470,0.000000,0.000000,0.000000,-2.805359,0.000000,0.000000,-2.703274,0.000000,0.000000,-2.301328,0.000000,-2.390240,0.000000,0.000000,-2.877923,0.000000,-2.696599,0.000000,-2.518495,0.000000,-2.701274,0.000000,-2.851652,0.000000,-3.099416,-2.975276,0.000000,-2.699254,-2.606968,0.000000,-2.676496,-2.530686,-2.604728,0.000000,-2.692387,-3.068418,-2.926987,-2.682195,-2.779135,-2.797506,-2.729964,-3.662057,-2.634714,-2.673139,-3.164861,-6.224732,-2.613404,-2.500089,-5.378867,-2.182373,-2.181557,-5.173512,-3.240105,-6.126768,-5.833850,-3.132240,-7.516190,-5.461975,-5.988446,-6.714826,-5.251942,-5.056325,-5.564724,-5.500159,-4.736903,-8.639142,-7.424019
-187,0.000104,0.236389,1218.24,1123.03,2859.38,0.664178,0.137255,140.62,0.019158,6.4273,-1.792095,0.000000,0.000000,0.000000,0.000000,0.000000,0.000000,0.000000,0.000000,0.000000,0.000000,0.000000,0.000000,0.000000,0.000000,0.000000,0.000000,0.000000,-1.868917,0.000000,0.000000,0.000000,0.000000,0.000000,0.000000,0.000000,0.000000,0.000000,0.000000,0.000000,0.000000,-1.717658,0.000000,0.000000,0.000000,0.000000,0.000000,0.000000,0.000000,-2.464053,0.000000,0.000000,0.000000,0.000000,0.000000,0.000000,-1.984263,0.000000,0.000000,0.000000,0.000000,0.000000,-1.870099,0.000000,0.000000,0.000000,-1.912068,0.000000,0.000000,0.000000,-2.265415,0.000000,0.000000,0.000000,-3.269031,0.000000,0.000000,-3.272187,0.000000,0.000000,-2.444113,0.000000,-2.410664,0.000000,0.000000,-2.930222,0.000000,-2.635786,0.000000,-2.715539,0.000000,-2.564819,0.000000,-2.672769,0.000000,-2.726899,-2.723414,0.000000,-2.627566,-3.141900,0.000000,-2.704353,-2.677540,-3.036397,0.000000,-2.941752,-2.622342,-2.933018,-2.720934,-2.502721,-2.615667,-2.832692,-2.814750,-2.635151,-2.494844,-2.685753,-6.054013,-2.671621,-2.580209,-5.254752,-2.453283,-2.228672,-5.224944,-2.722841,-5.803906,-6.512920,-2.702780,-5.870113,-6.279144,-6.410567,-5.903173,-5.534958,-5.893870,-5.373547,-5.016420,-4.928383,-8.921700,-8.186132
-181,0.000079,0.413973,973.81,1073.36,2437.50,0.581348,0.196078,93.75,0.044120,12.1548,-1.374596,0.000000,0.000000,0.000000,0.000000,0.000000,0.000000,0.000000,0.000000,0.000000,0.000000,0.000000,0.000000,0.000000,0.000000,0.000000,0.000000,0.000000,-1.355362,0.000000,0.000000,0.000000,0.000000,0.000000,0.000000,0.000000,0.000000,0.000000,0.000000,0.000000,0.000000,-1.571012,0.000000,0.000000,0.000000,0.000000,0.000000,0.000000,0.000000,-2.136142,0.000000,0.000000,0.000000,0.000000,0.000000,0.000000,-2.372311,0.000000,0.000000,0.000000,0.000000,0.000000,-2.424393,0.000000,0.000000,0.000000,-2.592460,0.000000,0.000000,0.000000,-2.138026,0.000000,0.000000,0.000000,-2.322210,0.000000,0.000000,-2.423816,0.000000,0.000000,-2.752971,0.000000,-2.734877,0.000000,0.000000,-2.659078,0.000000,-2.604878,0.000000,-2.739172,0.000000,-2.510545,0.000000,-2.722350,0.000000,-2.591376,-2.406420,0.000000,-2.572733,-2.940879,0.000000,-2.913096,-2.800272,-3.043555,0.000000,-2.611063,-2.665238,-2.919957,-3.011089,-2.605694,-2.597333,-2.815812,-2.840674,-2.798782,-2.605756,-2.865576,-5.329843,-2.981798,-2.778880,-6.191330,-2.865056,-2.597309,-4.933276,-2.945794,-5.052676,-5.587984,-2.422488,-5.159352,-5.134119,-5.325888,-6.223603,-5.435102,-5.561030,-5.271798,-6.112778,-5.713348,-8.535980,-9.476479
-176,0.000062,0.110543,1042.35,1098.19,2484.38,0.589608,0.337255,93.75,0.043790,11.8993,-1.386606,0.000000,0.000000,0.000000,0.000000,0.000000,0.000000,0.000000,0.000000,0.000000,0.000000,0.000000,0.000000,0.000000,0.000000,0.000000,0.000000,0.000000,-1.358624,0.000000,0.000000,0.000000,0.000000,0.000000,0.000000,0.000000,0.000000,0.000000,0.000000,0.000000,0.000000,-1.621747,0.000000,0.000000,0.000000,0.000000,0.000000,0.000000,0.000000,-2.294198,0.000000,0.000000,0.000000,0.000000,0.000000,0.000000,-2.691191,0.000000,0.000000,0.000000,0.000000,0.000000,-2.514622,0.000000,0.000000,0.000000,-2.280111,0.000000,0.000000,0.000000,-2.086348,0.000000,0.000000,0.000000,-2.248476,0.000000,0.000000,-2.435988,0.000000,0.000000,-2.634068,0.000000,-2.739605,0.000000,0.000000,-2.763896,0.000000,-2.832403,0.000000,-2.691117,0.000000,-2.486136,0.000000,-2.396578,0.000000,-2.400859,-2.725533,0.000000,-2.732472,-3.719364,0.000000,-3.130893,-2.680736,-2.991626,0.000000,-2.591376,-2.645939,-3.054891,-3.058724,-2.882274,-2.653632,-2.545837,-2.534754,-2.810108,-2.820900,-2.668845,-5.078803,-2.561263,-3.007928,-5.907025,-3.167076,-2.978593,-4.763171,-2.956167,-4.928310,-5.166507,-2.388096,-5.016836,-5.380150,-5.366596,-5.768735,-5.865266,-5.702897,-5.442177,-5.843049,-5.080680,-8.465180,-8.823714
-171,0.000080,0.248891,1185.58,1058.33,2437.50,0.656780,0.192157,140.62,0.015982,4.8173,-1.565450,0.000000,0.000000,0.000000,0.000000,0.000000,0.000000,0.000000,0.000000,0.000000,0.000000,0.000000,0.000000,0.000000,0.000000,0.000000,0.000000,0.000000,-1.845049,0.000000,0.000000,0.000000,0.000000,0.000000,0.000000,0.000000,0.000000,0.000000,0.000000,0.000000,0.000000,-1.796364,0.000000,0.000000,0.000000,0.000000,0.000000,0.000000,0.000000,-2.015737,0.000000,0.000000,0.000000,0.000000,0.000000,0.000000,-2.091174,0.000000,0.000000,0.000000,0.000000,0.000000,-2.048577,0.000000,0.000000,0.000000,-2.037016,0.000000,0.000000,0.000000,-2.173097,0.000000,0.000000,0.000000,-2.832192,0.000000,0.000000,-2.694060,0.000000,0.000000,-2.766835,0.000000,-2.406410,0.000000,0.000000,-2.402347,0.000000,-2.541040,0.000000,-2.584906,0.000000,-3.363312,0.000000,-2.497554,0.000000,-2.518809,-2.821622,0.000000,-2.715580,-2.938001,0.000000,-3.238792,-2.556697,-2.496843,0.000000,-2.408302,-2.510260,-2.913011,-3.548069,-3.239610,-2.887990,-3.122745,-2.648028,-2.589563,-2.519060,-2.403810,-5.731781,-2.514346,-2.590555,-5.145234,-2.614280,-2.388648,-4.408667,-2.454835,-5.027155,-5.086305,-2.585644,-5.477633,-5.562973,-5.409237,-5.720029,-5.675849,-5.599213,-6.774775,-5.237269,-6.748872,-8.323504,-8.816298
-165,0.000069,0.283501,1098.87,1071.06,2531.25,0.648238,0.270588,140.62,0.030260,8.7095,-2.078294,0.000000,0.000000,0.000000,0.000000,0.000000,0.000000,0.000000,0.000000,0.000000,0.000000,0.000000,0.000000,0.000000,0.000000,0.000000,0.000000,0.000000,-1.625544,0.000000,0.000000,0.000000,0.000000,0.000000,0.000000,0.000000,0.000000,0.000000,0.000000,0.000000,0.000000,-1.519133,0.000000,0.000000,0.000000,0.000000,0.000000,0.000000,0.000000,-1.618573,0.000000,0.000000,0.000000,0.000000,0.000000,0.000000,-2.508285,0.000000,0.000000,0.000000,0.000000,0.000000,-1.904944,0.000000,0.000000,0.000000,-2.076486,0.000000,0.000000,0.000000,-2.147872,0.000000,0.000000,0.000000,-2.117703,0.000000,0.000000,-2.504844,0.000000,0.000000,-3.329835,0.000000,-2.432023,0.000000,0.000000,-2.507586,0.000000,-2.818818,0.000000,-2.653956,0.000000,-2.655623,0.000000,-2.701678,0.000000,-2.891369,-2.907373,0.000000,-2.550376,-2.888264,0.000000,-2.883805,-2.429770,-2.417882,0.000000,-2.519171,-2.654811,-3.485825,-3.027960,-2.736651,-2.651073,-2.752206,-2.782850,-3.232790,-2.611681,-2.659061,-5.549016,-2.567376,-2.813207,-5.295339,-2.561289,-2.351130,-4.949407,-2.458280,-5.989693,-5.658158,-2.863663,-5.092834,-5.787549,-5.164782,-5.558110,-5.228587,-5.193114,-5.749454,-5.206755,-5.700397,-8.795016,-8.737143
-160,0.000065,0.235665,1015.38,1082.51,2578.12,0.523590,0.243137,140.62,0.035500,9.6852,-2.559873,0.000000,0.000000,0.000000,0.000000,0.000000,0.000000,0.000000,0.000000,0.000000,0.000000,0.000000,0.000000,0.000000,0.000000,0.000000,0.000000,0.000000,-1.689383,0.000000,0.000000,0.000000,0.000000,0.000000,0.000000,0.000000,0.000000,0.000000,0.000000,0.000000,0.000000,-1.449772,0.000000,0.000000,0.000000,0.000000,0.000000,0.000000,0.000000,-1.573389,0.000000,0.000000,0.000000,0.000000,0.000000,0.000000,-1.754574,0.000000,0.000000,0.000000,0.000000,0.000000,-1.836551,0.000000,0.000000,0.000000,-1.938568,0.000000,0.000000,0.000000,-1.877277,0.000000,0.000000,0.000000,-2.030626,0.000000,0.000000,-2.478292,0.000000,0.000000,-2.488133,0.000000,-2.428911,0.000000,0.000000,-2.759726,0.000000,-3.445373,0.000000,-2.975811,0.000000,-3.782485,0.000000,-2.891885,0.000000,-3.373426,-2.613622,0.000000,-2.368138,-2.536562,0.000000,-2.420279,-2.423943,-3.030685,0.000000,-3.417449,-2.712306,-3.380793,-2.764792,-2.501068,-2.651690,-3.278217,-2.730040,-2.795691,-3.123128,-3.232622,-6.411522,-2.626883,-2.808757,-6.242605,-3.668463,-2.764710,-5.540480,-2.509446,-6.048604,-5.141319,-2.567229,-5.460434,-5.539439,-5.033956,-5.351696,-5.463071,-5.125333,-6.014456,-6.092996,-5.020352,-8.869218,-8.150568
-155,0.000074,0.249452,1284.12,1141.24,2812.50,0.736090,0.247059,93.75,0.018066,5.0249,-1.790621,0.000000,0.000000,0.000000,0.000000,0.000000,0.000000,0.000000,0.000000,0.000000,0.000000,0.000000,0.000000,0.000000,0.000000,0.000000,0.000000,0.000000,-1.743140,0.000000,0.000000,0.000000,0.000000,0.000000,0.000000,0.000000,0.000000,0.000000,0.000000,0.000000,0.000000,-1.782247,0.000000,0.000000,0.000000,0.000000,0.000000,0.000000,0.000000,-2.018474,0.000000,0.000000,0.000000,0.000000,0.000000,0.000000,-2.034328,0.000000,0.000000,0.000000,0.000000,0.000000,-1.831641,0.000000,0.000000,0.000000,-2.198339,0.000000,0.000000,0.000000,-2.019732,0.000000,0.000000,0.000000,-2.078295,0.000000,0.000000,-2.419317,0.000000,0.000000,-2.246126,0.000000,-2.611524,0.000000,0.000000,-2.926356,0.000000,-2.804101,0.000000,-2.835547,0.000000,-2.775377,0.000000,-2.661528,0.000000,-2.824383,-2.688143,0.000000,-2.284589,-2.340984,0.000000,-2.487945,-2.561651,-2.765338,0.000000,-2.658431,-2.501394,-2.571169,-2.661860,-2.609892,-2.877243,-2.922566,-2.665328,-3.085090,-3.217180,-2.939346,-5.327600,-2.468221,-2.829227,-5.476606,-2.726104,-3.078894,-5.496401,-2.503126,-5.915238,-5.045070,-2.598701,-5.067690,-5.176373,-5.350821,-4.876353,-4.834229,-4.923646,-5.683061,-5.218186,-4.700707,-7.828275,-8.736216
-149,0.000056,0.228514,1290.75,1115.55,2859.38,0.680434,0.305882,281.25,0.024335,7.2296,-1.779925,0.000000,0.000000,0.000000,0.000000,0.000000,0.000000,0.000000,0.000000,0.000000,0.000000,0.000000,0.000000,0.000000,0.000000,0.000000,0.000000,0.000000,-3.132898,0.000000,0.000000,0.000000,0.000000,0.000000,0.000000,0.000000,0.000000,0.000000,0.000000,0.000000,0.000000,-2.159980,0.000000,0.000000,0.000000,0.000000,0.000000,0.000000,0.000000,-2.467270,0.000000,0.000000,0.000000,0.000000,0.000000,0.000000,-1.929134,0.000000,0.000000,0.000000,0.000000,0.000000,-1.613777,0.000000,0.000000,0.000000,-1.680133,0.000000,0.000000,0.000000,-2.125565,0.000000,0.000000,0.000000,-2.041891,0.000000,0.000000,-2.283740,0.000000,0.000000,-2.377050,0.000000,-2.459295,0.000000,0.000000,-2.723119,0.000000,-3.047404,0.000000,-2.681533,0.000000,-3.420805,0.000000,-2.508333,0.000000,-2.467204,-2.373187,0.000000,-2.415622,-3.026183,0.000000,-3.008770,-2.994067,-2.727118,0.000000,-2.703261,-2.601016,-2.627815,-3.076877,-2.809343,-2.869868,-2.863745,-2.563347,-2.659611,-2.960185,-2.795803,-5.207301,-2.580021,-2.607113,-5.049063,-2.631569,-2.563150,-5.140690,-2.627830,-5.621377,-5.684537,-3.278157,-5.089963,-6.058641,-6.239589,-5.500530,-4.627954,-4.715830,-5.796276,-5.791619,-4.789228,-7.545197,-8.887254
-144,0.000073,0.194508,1152.24,1058.47,2625.00,0.644263,0.231373,281.25,0.028544,8.7016,-1.943516,0.000000,0.000000,0.000000,0.000000,0.000000,0.000000,0.000000,0.000000,0.000000,0.000000,0.000000,0.000000,0.000000,0.000000,0.000000,0.000000,0.000000,-2.063057,0.000000,0.000000,0.000000,0.000000,0.000000,0.000000,0.000000,0.000000,0.000000,0.000000,0.000000,0.000000,-2.899765,0.000000,0.000000,0.000000,0.000000,0.000000,0.000000,0.000000,-2.161438,0.000000,0.000000,0.000000,0.000000,0.000000,0.000000,-1.926407,0.000000,0.000000,0.000000,0.000000,0.000000,-1.544486,0.000000,0.000000,0.000000,-1.610086,0.000000,0.000000,0.000000,-1.951409,0.000000,0.000000,0.000000,-2.125598,0.000000,0.000000,-2.420187,0.000000,0.000000,-2.418019,0.000000,-2.959394,0.000000,0.000000,-2.507667,0.000000,-2.565278,0.000000,-2.471457,0.000000,-2.598544,0.000000,-2.690701,0.000000,-2.518293,-2.590326,0.000000,-2.454406,-2.516955,0.000000,-2.605769,-3.066550,-2.845520,0.000000,-2.814587,-2.670128,-3.147527,-2.716761,-2.794911,-3.176582,-3.092529,-2.741598,-2.545126,-2.520756,-2.667670,-6.334633,-2.889580,-2.890167,-5.317421,-3.181778,-2.579631,-5.309699,-2.577263,-5.738477,-5.637239,-2.563056,-5.397981,-5.156174,-5.523966,-5.604430,-4.903498,-5.099926,-5.298673,-6.306586,-5.150615,-9.302295,-9.520519
-139,0.000082,0.162916,1199.12,1080.98,2718.75,0.675431,0.196078,281.25,0.028057,8.7621,-2.138829,0.000000,0.000000,0.000000,0.000000,0.000000,0.000000,0.000000,0.000000,0.000000,0.000000,0.000000,0.000000,0.000000,0.000000,0.000000,0.000000,0.000000,-2.012239,0.000000,0.000000,0.000000,0.000000,0.000000,0.000000,0.000000,0.000000,0.000000,0.000000,0.000000,0.000000,-2.188151,0.000000,0.000000,0.000000,0.000000,0.000000,0.000000,0.000000,-2.394311,0.000000,0.000000,0.000000,0.000000,0.000000,0.000000,-2.399146,0.000000,0.000000,0.000000,0.000000,0.000000,-1.551958,0.000000,0.000000,0.000000,-1.628014,0.000000,0.000000,0.000000,-2.013303,0.000000,0.000000,0.000000,-2.251676,0.000000,0.000000,-2.209521,0.000000,0.000000,-2.275864,0.000000,-2.276606,0.000000,0.000000,-2.358657,0.000000,-2.777887,0.000000,-2.422159,0.000000,-2.604046,0.000000,-2.720987,0.000000,-2.687143,-2.935452,0.000000,-2.924626,-2.400337,0.000000,-2.451051,-3.013540,-2.801206,0.000000,-2.600503,-2.496089,-2.519943,-2.821275,-3.113880,-3.553457,-3.042082,-3.431332,-2.730179,-2.768740,-2.754664,-6.018456,-2.926255,-2.737030,-5.411610,-2.705740,-2.519470,-5.549629,-2.442976,-5.539836,-5.661389,-2.778306,-5.660811,-5.219104,-5.859247,-5.515749,-5.004680,-4.970323,-5.526969,-6.807141,-5.339087,-7.760221,-8.651069
-133,0.000071,0.313243,1017.78,1012.80,2390.62,0.564900,0.184314,328.12,0.033667,9.1372,-2.065514,0.000000,0.000000,0.000000,0.000000,0.000000,0.000000,0.000000,0.000000,0.000000,0.000000,0.000000,0.000000,0.000000,0.000000,0.000000,0.000000,0.000000,-2.726773,0.000000,0.000000,0.000000,0.000000,0.000000,0.000000,0.000000,0.000000,0.000000,0.000000,0.000000,0.000000,-2.036754,0.000000,0.000000,0.000000,0.000000,0.000000,0.000000,0.000000,-2.071220,0.000000,0.000000,0.000000,0.000000,0.000000,0.000000,-1.806964,0.000000,0.000000,0.000000,0.000000,0.000000,-1.515025,0.000000,0.000000,0.000000,-1.472801,0.000000,0.000000,0.000000,-1.579154,0.000000,0.000000,0.000000,-1.897222,0.000000,0.000000,-2.532480,0.000000,0.000000,-2.958296,0.000000,-2.333855,0.000000,0.000000,-2.299292,0.000000,-2.460605,0.000000,-2.449817,0.000000,-3.406175,0.000000,-2.525936,0.000000,-2.435796,-2.531949,0.000000,-2.560005,-2.882040,0.000000,-2.569792,-2.566000,-2.733884,0.000000,-3.201785,-2.631197,-2.534723,-3.045202,-3.133461,-2.837959,-2.772587,-2.659499,-2.703300,-2.983927,-2.821954,-6.163039,-3.411956,-2.835484,-5.113122,-2.575438,-2.666184,-5.355072,-2.861523,-5.746800,-5.370923,-2.613168,-5.247523,-7.130500,-5.433057,-5.762218,-5.051921,-6.233564,-5.935564,-5.285584,-5.181382,-8.633002,-8.773074
-128,0.000074,0.196523,1050.12,1049.90,2484.38,0.579635,0.258824,375.00,0.030350,8.7281,-2.356055,0.000000,0.000000,0.000000,0.000000,0.000000,0.000000,0.000000,0.000000,0.000000,0.000000,0.000000,0.000000,0.000000,0.000000,0.000000,0.000000,0.000000,-2.144767,0.000000,0.000000,0.000000,0.000000,0.000000,0.000000,0.000000,0.000000,0.000000,0.000000,0.000000,0.000000,-2.017859,0.000000,0.000000,0.000000,0.000000,0.000000,0.000000,0.000000,-2.178645,0.000000,0.000000,0.000000,0.000000,0.000000,0.000000,-1.562648,0.000000,0.000000,0.000000,0.000000,0.000000,-1.692780,0.000000,0.000000,0.000000,-1.755100,0.000000,0.000000,0.000000,-1.517837,0.000000,0.000000,0.000000,-1.856636,0.000000,0.000000,-2.470515,0.000000,0.000000,-2.358733,0.000000,-2.507644,0.000000,0.000000,-2.686570,0.000000,-2.365566,0.000000,-2.697184,0.000000,-2.582618,0.000000,-2.523261,0.000000,-2.882876,-2.575810,0.000000,-2.735951,-2.781674,0.000000,-2.766553,-2.826705,-3.026897,0.000000,-3.081504,-2.609262,-2.632757,-3.281846,-2.984357,-2.683353,-2.942837,-2.811572,-2.590893,-2.873539,-2.987914,-5.196875,-2.801804,-2.565874,-5.843586,-2.857965,-2.972252,-6.421560,-3.301615,-6.776515,-5.264200,-2.645975,-4.861578,-6.117349,-5.475572,-5.467808,-5.847264,-6.695551,-6.017762,-4.808300,-5.344698,-8.138842,-8.396585
-123,0.000073,0.258379,972.90,1025.84,2484.38,0.562836,0.278431,281.25,0.027426,7.3206,-1.928745,0.000000,0.000000,0.000000,0.000000,0.000000,0.000000,0.000000,0.000000,0.000000,0.000000,0.000000,0.000000,0.000000,0.000000,0.000000,0.000000,0.000000,-1.818636,0.000000,0.000000,0.000000,0.000000,0.000000,0.000000,0.000000,0.000000,0.000000,0.000000,0.000000,0.000000,-1.775158,0.000000,0.000000,0.000000,0.000000,0.000000,0.000000,0.000000,-1.778199,0.000000,0.000000,0.000000,0.000000,0.000000,0.000000,-1.681369,0.000000,0.000000,0.000000,0.000000,0.000000,-1.561844,0.000000,0.000000,0.000000,-1.588243,0.000000,0.000000,0.000000,-1.936793,0.000000,0.000000,0.000000,-1.916770,0.000000,0.000000,-2.423201,0.000000,0.000000,-2.452574,0.000000,-2.419794,0.000000,0.000000,-2.449570,0.000000,-2.678513,0.000000,-3.061969,0.000000,-2.643951,0.000000,-2.503279,0.000000,-2.790567,-2.770176,0.000000,-2.903399,-2.690673,0.000000,-3.212619,-3.345095,-3.009483,0.000000,-3.109703,-2.672076,-2.855830,-2.947978,-3.162059,-2.669074,-2.921035,-2.853222,-2.761622,-3.048570,-2.688002,-5.028458,-2.700655,-2.511225,-5.885147,-2.878272,-2.565202,-5.610008,-3.060098,-6.261580,-5.551787,-2.810536,-4.651747,-5.298701,-5.430372,-5.577570,-5.848710,-5.132337,-5.256789,-5.202427,-6.135655,-8.908148,-9.365475
-117,0.000061,0.114866,1068.86,1061.44,2531.25,0.631754,0.294118,328.12,0.028248,8.3892,-1.855238,0.000000,0.000000,0.000000,0.000000,0.000000,0.000000,0.000000,0.000000,0.000000,0.000000,0.000000,0.000000,0.000000,0.000000,0.000000,0.000000,0.000000,-1.877385,0.000000,0.000000,0.000000,0.000000,0.000000,0.000000,0.000000,0.000000,0.000000,0.000000,0.000000,0.000000,-1.903339,0.000000,0.000000,0.000000,0.000000,0.000000,0.000000,0.000000,-1.788571,0.000000,0.000000,0.000000,0.000000,0.000000,0.000000,-2.467618,0.000000,0.000000,0.000000,0.000000,0.000000,-1.755998,0.000000,0.000000,0.000000,-1.549020,0.000000,0.000000,0.000000,-1.858250,0.000000,0.000000,0.000000,-1.981319,0.000000,0.000000,-2.551061,0.000000,0.000000,-2.702857,0.000000,-2.374758,0.000000,0.000000,-2.977421,0.000000,-2.664123,0.000000,-2.978572,0.000000,-2.699202,0.000000,-2.447451,0.000000,-2.892590,-2.726048,0.000000,-2.558374,-2.584342,0.000000,-2.860871,-2.713105,-2.728797,0.000000,-2.795895,-2.750464,-3.156641,-3.006173,-2.615185,-2.592176,-2.960043,-2.979376,-2.794085,-2.736189,-2.602695,-5.920631,-2.691154,-2.479806,-5.798424,-2.686017,-2.686002,-5.615024,-3.056016,-6.001139,-6.516181,-2.546518,-5.127017,-5.438598,-5.666602,-5.178516,-5.471199,-5.242353,-5.232052,-5.705649,-5.731862,-8.679451,-8.459015
-112,0.000071,0.193697,1129.56,1060.43,2625.00,0.687245,0.192157,328.12,0.026007,7.8325,-1.882466,0.000000,0.000000,0.000000,0.000000,0.000000,0.000000,0.000000,0.000000,0.000000,0.000000,0.000000,0.000000,0.000000,0.000000,0.000000,0.000000,0.000000,-2.107672,0.000000,0.000000,0.000000,0.000000,0.000000,0.000000,0.000000,0.000000,0.000000,0.000000,0.000000,0.000000,-2.284201,0.000000,0.000000,0.000000,0.000000,0.000000,0.000000,0.000000,-1.986910,0.000000,0.000000,0.000000,0.000000,0.000000,0.000000,-2.461773,0.000000,0.000000,0.000000,0.000000,0.000000,-1.979016,0.000000,0.000000,0.000000,-1.584904,0.000000,0.000000,0.000000,-1.602490,0.000000,0.000000,0.000000,-2.205377,0.000000,0.000000,-2.204148,0.000000,0.000000,-2.066050,0.000000,-2.248011,0.000000,0.000000,-2.604722,0.000000,-2.424202,0.000000,-2.479214,0.000000,-2.571711,0.000000,-2.431264,0.000000,-2.617342,-2.812180,0.000000,-3.019749,-2.605391,0.000000,-2.774399,-2.670127,-2.735734,0.000000,-2.789321,-2.871467,-2.974957,-2.690855,-2.557811,-3.067755,-2.739945,-3.216523,-2.860195,-2.733646,-2.540799,-5.358892,-2.541331,-2.640306,-5.648957,-2.566875,-2.721627,-5.568482,-2.850780,-6.231147,-6.075003,-2.705159,-5.441447,-5.442305,-5.500206,-5.277563,-5.572435,-5.512760,-5.661899,-5.448789,-5.366502,-8.499266,-8.092737
-107,0.000057,0.244958,1033.14,1024.41,2437.50,0.642385,0.317647,328.12,0.018229,5.0122,-1.714795,0.000000,0.000000,0.000000,0.000000,0.000000,0.000000,0.000000,0.000000,0.000000,0.000000,0.000000,0.000000,0.000000,0.000000,0.000000,0.000000,0.000000,-1.810776,0.000000,0.000000,0.000000,0.000000,0.000000,0.000000,0.000000,0.000000,0.000000,0.000000,0.000000,0.000000,-1.927256,0.000000,0.000000,0.000000,0.000000,0.000000,0.000000,0.000000,-1.825910,0.000000,0.000000,0.000000,0.000000,0.000000,0.000000,-2.054223,0.000000,0.000000,0.000000,0.000000,0.000000,-2.119447,0.000000,0.000000,0.000000,-1.739239,0.000000,0.000000,0.000000,-1.809235,0.000000,0.000000,0.000000,-1.895496,0.000000,0.000000,-2.077108,0.000000,0.000000,-2.052076,0.000000,-2.154959,0.000000,0.000000,-2.599628,0.000000,-2.220447,0.000000,-2.311713,0.000000,-2.659714,0.000000,-2.504575,0.000000,-3.006422,-2.875737,0.000000,-2.719363,-2.645538,0.000000,-2.820866,-2.701874,-3.072280,0.000000,-2.802762,-2.784441,-2.496242,-2.547423,-2.843597,-2.839479,-2.714920,-2.612467,-2.796508,-2.879156,-2.658864,-5.897294,-2.654434,-3.020496,-5.352857,-2.363754,-2.382964,-5.634567,-2.934751,-5.764349,-5.524856,-2.932719,-5.723091,-5.920426,-5.443734,-5.270742,-5.569319,-4.997180,-5.387978,-6.390983,-5.409544,-8.392581,-9.097394
-101,0.000056,0.158805,1041.08,1023.27,2484.38,0.644513,0.329412,93.75,0.018882,5.6538,-1.923340,0.000000,0.000000,0.000000,0.000000,0.000000,0.000000,0.000000,0.000000,0.000000,0.000000,0.000000,0.000000,0.000000,0.000000,0.000000,0.000000,0.000000,-1.723946,0.000000,0.000000,0.000000,0.000000,0.000000,0.000000,0.000000,0.000000,0.000000,0.000000,0.000000,0.000000,-1.746920,0.000000,0.000000,0.000000,0.000000,0.000000,0.000000,0.000000,-1.982334,0.000000,0.000000,0.000000,0.000000,0.000000,0.000000,-1.870932,0.000000,0.000000,0.000000,0.000000,0.000000,-1.736949,0.000000,0.000000,0.000000,-1.976163,0.000000,0.000000,0.000000,-2.377410,0.000000,0.000000,0.000000,-1.949726,0.000000,0.000000,-2.331130,0.000000,0.000000,-2.453903,0.000000,-2.181582,0.000000,0.000000,-2.430665,0.000000,-2.266037,0.000000,-2.388478,0.000000,-2.843723,0.000000,-2.650456,0.000000,-2.789978,-2.923612,0.000000,-2.970722,-2.783233,0.000000,-2.675017,-2.565913,-2.913459,0.000000,-2.897346,-2.650542,-2.507534,-2.574562,-2.926267,-2.835882,-3.078652,-2.607196,-2.816283,-2.954144,-2.712564,-5.496957,-2.714105,-2.822450,-5.263005,-2.516661,-2.704783,-5.345838,-3.159498,-5.814341,-5.489578,-3.114237,-5.319775,-4.984485,-5.494418,-5.154691,-5.785491,-5.167504,-5.604268,-7.122843,-5.766046,-9.075583,-9.095956
-96,0.000057,0.120773,1269.60,1099.03,2671.88,0.736967,0.309804,281.25,0.017508,6.4189,-2.161498,0.000000,0.000000,0.000000,0.000000,0.000000,0.000000,0.000000,0.000000,0.000000,0.000000,0.000000,0.000000,0.000000,0.000000,0.000000,0.000000,0.000000,-2.031540,0.000000,0.000000,0.000000,0.000000,0.000000,0.000000,0.000000,0.000000,0.000000,0.000000,0.000000,0.000000,-2.337184,0.000000,0.000000,0.000000,0.000000,0.000000,0.000000,0.000000,-2.076665,0.000000,0.000000,0.000000,0.000000,0.000000,0.000000,-1.854894,0.000000,0.000000,0.000000,0.000000,0.000000,-1.756774,0.000000,0.000000,0.000000,-2.398056,0.000000,0.000000,0.000000,-2.176522,0.000000,0.000000,0.000000,-2.104310,0.000000,0.000000,-2.461797,0.000000,0.000000,-2.489578,0.000000,-2.321851,0.000000,0.000000,-2.646566,0.000000,-2.435985,0.000000,-2.440038,0.000000,-3.259621,0.000000,-2.617636,0.000000,-2.982817,-2.904020,0.000000,-2.870259,-2.903304,0.000000,-2.785306,-2.714438,-2.799749,0.000000,-2.755264,-3.163337,-2.728799,-2.852311,-2.694453,-2.787547,-3.156408,-2.667471,-2.764977,-3.208414,-2.666502,-5.057902,-3.071850,-2.886824,-5.706684,-3.010100,-2.945385,-5.225677,-3.361620,-5.043190,-5.941419,-2.784881,-5.009575,-5.058104,-5.565483,-6.103217,-6.054565,-5.402948,-5.470044,-5.208894,-5.178782,-8.295875,-8.900044
-91,0.000055,0.202550,1282.26,1064.62,2578.12,0.744365,0.356863,234.38,0.020693,7.5664,-2.183971,0.000000,0.000000,0.000000,0.000000,0.000000,0.000000,0.000000,0.000000,0.000000,0.000000,0.000000,0.000000,0.000000,0.000000,0.000000,0.000000,0.000000,-2.040725,0.000000,0.000000,0.000000,0.000000,0.000000,0.000000,0.000000,0.000000,0.000000,0.000000,0.000000,0.000000,-2.287352,0.000000,0.000000,0.000000,0.000000,0.000000,0.000000,0.000000,-2.271657,0.000000,0.000000,0.000000,0.000000,0.000000,0.000000,-1.684168,0.000000,0.000000,0.000000,0.000000,0.000000,-1.854892,0.000000,0.000000,0.000000,-2.639312,0.000000,0.000000,0.000000,-2.267509,0.000000,0.000000,0.000000,-2.706460,0.000000,0.000000,-2.355941,0.000000,0.000000,-2.242302,0.000000,-2.390147,0.000000,0.000000,-2.825857,0.000000,-2.565862,0.000000,-2.749874,0.000000,-2.477906,0.000000,-2.633744,0.000000,-3.006090,-2.726328,0.000000,-2.899582,-2.703602,0.000000,-2.917495,-2.974272,-2.935463,0.000000,-2.511331,-2.724244,-3.106175,-2.761663,-2.588299,-2.682223,-3.376664,-2.772103,-2.463970,-2.541213,-2.518571,-5.398871,-2.582724,-2.440658,-5.046817,-2.696777,-2.670458,-5.099656,-2.569051,-4.901750,-5.924489,-2.857196,-5.532640,-5.931438,-6.530535,-6.236854,-6.044426,-5.647125,-5.862976,-5.495528,-5.675322,-7.779799,-8.533487
-85,0.000057,0.223445,1172.17,1054.49,2531.25,0.713043,0.294118,234.38,0.019806,6.6260,-2.091795,0.000000,0.000000,0.000000,0.000000,0.000000,0.000000,0.000000,0.000000,0.000000,0.000000,0.000000,0.000000,0.000000,0.000000,0.000000,0.000000,0.000000,-2.083319,0.000000,0.000000,0.000000,0.000000,0.000000,0.000000,0.000000,0.000000,0.000000,0.000000,0.000000,0.000000,-2.069536,0.000000,0.000000,0.000000,0.000000,0.000000,0.000000,0.000000,-1.825664,0.000000,0.000000,0.000000,0.000000,0.000000,0.000000,-1.703210,0.000000,0.000000,0.000000,0.000000,0.000000,-1.841665,0.000000,0.000000,0.000000,-2.122623,0.000000,0.000000,0.000000,-2.216760,0.000000,0.000000,0.000000,-2.615081,0.000000,0.000000,-2.459063,0.000000,0.000000,-2.391008,0.000000,-2.267899,0.000000,0.000000,-2.399948,0.000000,-2.916197,0.000000,-2.773144,0.000000,-2.531868,0.000000,-2.603902,0.000000,-2.791379,-2.806654,0.000000,-3.000513,-2.662008,0.000000,-2.703329,-2.738418,-2.549140,0.000000,-2.505722,-2.652904,-2.791917,-2.554343,-2.627055,-2.630631,-2.664805,-2.533144,-2.495075,-2.775391,-2.969916,-5.926081,-2.613410,-2.386209,-5.282648,-2.359767,-2.840013,-5.858370,-2.532169,-5.917773,-5.452917,-2.961807,-5.753850,-5.225986,-5.608871,-6.189348,-5.324134,-6.790666,-5.862241,-6.236236,-6.003139,-7.742850,-8.117578
-80,0.000064,0.202983,1241.89,1095.07,2578.12,0.685695,0.298039,140.62,0.012208,4.3028,-1.817090,0.000000,0.000000,0.000000,0.000000,0.000000,0.000000,0.000000,0.000000,0.000000,0.000000,0.000000,0.000000,0.000000,0.000000,0.000000,0.000000,0.000000,-1.977159,0.000000,0.000000,0.000000,0.000000,0.000000,0.000000,0.000000,0.000000,0.000000,0.000000,0.000000,0.000000,-1.913372,0.000000,0.000000,0.000000,0.000000,0.000000,0.000000,0.000000,-1.994514,0.000000,0.000000,0.000000,0.000000,0.000000,0.000000,-1.964928,0.000000,0.000000,0.000000,0.000000,0.000000,-2.424183,0.000000,0.000000,0.000000,-2.020095,0.000000,0.000000,0.000000,-2.447597,0.000000,0.000000,0.000000,-2.620118,0.000000,0.000000,-2.396123,0.000000,0.000000,-2.469642,0.000000,-2.209439,0.000000,0.000000,-2.242218,0.000000,-2.615904,0.000000,-2.511830,0.000000,-3.310702,0.000000,-2.781736,0.000000,-2.728407,-3.043874,0.000000,-2.762556,-2.575411,0.000000,-2.700246,-2.880974,-2.720210,0.000000,-3.049270,-2.842930,-3.298433,-2.612887,-2.554306,-2.527673,-2.495168,-2.718610,-2.804178,-3.389456,-4.058793,-6.297638,-2.855442,-2.582583,-5.179300,-2.332534,-2.479938,-5.803351,-2.509641,-5.149877,-5.441600,-2.956939,-5.129693,-5.351401,-5.750033,-6.190210,-5.156060,-6.357099,-5.974848,-5.950244,-5.566731,-8.747169,-8.081979
-75,0.000055,0.225551,1207.72,1099.62,2578.12,0.667481,0.368627,140.62,0.014559,4.6438,-1.901816,0.000000,0.000000,0.000000,0.000000,0.000000,0.000000,0.000000,0.000000,0.000000,0.000000,0.000000,0.000000,0.000000,0.000000,0.000000,0.000000,0.000000,-1.913940,0.000000,0.000000,0.000000,0.000000,0.000000,0.000000,0.000000,0.000000,0.000000,0.000000,0.000000,0.000000,-1.836858,0.000000,0.000000,0.000000,0.000000,0.000000,0.000000,0.000000,-1.948861,0.000000,0.000000,0.000000,0.000000,0.000000,0.000000,-1.874930,0.000000,0.000000,0.000000,0.000000,0.000000,-1.845568,0.000000,0.000000,0.000000,-2.061819,0.000000,0.000000,0.000000,-2.982055,0.000000,0.000000,0.000000,-2.658843,0.000000,0.000000,-2.120385,0.000000,0.000000,-2.151402,0.000000,-2.309951,0.000000,0.000000,-2.427302,0.000000,-2.522891,0.000000,-2.373737,0.000000,-2.450407,0.000000,-2.797699,0.000000,-2.783939,-2.923726,0.000000,-2.573384,-2.850173,0.000000,-3.087105,-3.372418,-3.079111,0.000000,-2.818264,-3.071812,-2.992656,-2.543128,-2.479435,-2.401723,-2.676119,-3.284224,-3.337535,-3.105767,-3.019437,-6.353370,-2.766170,-3.034921,-5.372601,-2.354959,-2.533893,-5.838508,-2.465597,-5.664605,-5.374803,-2.652817,-5.032541,-4.592905,-5.448750,-5.699155,-5.234020,-5.956812,-5.136266,-6.273905,-6.105142,-8.599082,-7.877861
-69,0.000055,0.250477,1235.26,1051.94,2625.00,0.694706,0.301961,281.25,0.017386,5.6129,-2.128458,0.000000,0.000000,0.000000,0.000000,0.000000,0.000000,0.000000,0.000000,0.000000,0.000000,0.000000,0.000000,0.000000,0.000000,0.000000,0.000000,0.000000,-3.190053,0.000000,0.000000,0.000000,0.000000,0.000000,0.000000,0.000000,0.000000,0.000000,0.000000,0.000000,0.000000,-2.109641,0.000000,0.000000,0.000000,0.000000,0.000000,0.000000,0.000000,-1.906639,0.000000,0.000000,0.000000,0.000000,0.000000,0.000000,-1.825679,0.000000,0.000000,0.000000,0.000000,0.000000,-1.759804,0.000000,0.000000,0.000000,-1.903066,0.000000,0.000000,0.000000,-2.133763,0.000000,0.000000,0.000000,-2.136116,0.000000,0.000000,-2.087158,0.000000,0.000000,-2.340194,0.000000,-2.781466,0.000000,0.000000,-2.888722,0.000000,-3.309243,0.000000,-2.590566,0.000000,-2.327055,0.000000,-2.345173,0.000000,-2.527471,-2.729370,0.000000,-2.575954,-2.604556,0.000000,-2.646177,-2.731468,-2.711600,0.000000,-2.788402,-2.729083,-2.531351,-2.501070,-3.130961,-2.549597,-2.695095,-3.306955,-3.094999,-2.652498,-2.541617,-6.419222,-2.739582,-2.533931,-4.974846,-2.579780,-2.675643,-5.842993,-2.613914,-5.286821,-5.636982,-2.545177,-6.625527,-4.934972,-4.864346,-5.602158,-6.079705,-5.207486,-5.157856,-5.894776,-5.856372,-8.707139,-8.448960
-64,0.000054,0.165152,1408.99,1089.61,2812.50,0.796030,0.403922,234.38,0.011019,3.9361,-2.168076,0.000000,0.000000,0.000000,0.000000,0.000000,0.000000,0.000000,0.000000,0.000000,0.000000,0.000000,0.000000,0.000000,0.000000,0.000000,0.000000,0.000000,-2.444322,0.000000,0.000000,0.000000,0.000000,0.000000,0.000000,0.000000,0.000000,0.000000,0.000000,0.000000,0.000000,-2.120053,0.000000,0.000000,0.000000,0.000000,0.000000,0.000000,0.000000,-2.034632,0.000000,0.000000,0.000000,0.000000,0.000000,0.000000,-1.957867,0.000000,0.000000,0.000000,0.000000,0.000000,-2.019088,0.000000,0.000000,0.000000,-2.335480,0.000000,0.000000,0.000000,-1.978079,0.000000,0.000000,0.000000,-2.376263,0.000000,0.000000,-2.374927,0.000000,0.000000,-2.366111,0.000000,-2.505271,0.000000,0.000000,-2.875364,0.000000,-3.314753,0.000000,-3.066716,0.000000,-2.575860,0.000000,-2.602621,0.000000,-2.482788,-2.645692,0.000000,-2.986277,-2.951991,0.000000,-2.625408,-2.477252,-2.512451,0.000000,-2.924678,-2.658875,-2.774485,-2.527213,-2.568982,-3.009354,-3.037970,-3.030035,-2.757227,-2.510988,-2.432881,-5.418684,-2.694141,-2.748261,-5.590756,-3.190775,-2.682279,-5.585862,-2.730256,-5.719126,-5.582823,-2.496927,-5.088870,-4.940900,-4.972736,-5.416033,-5.103612,-5.022014,-5.108623,-5.678426,-5.764705,-8.618043,-8.716628
-59,0.000057,0.170990,1343.57,1125.22,2859.38,0.727706,0.380392,187.50,0.018537,7.3485,-2.589967,0.000000,0.000000,0.000000,0.000000,0.000000,0.000000,0.000000,0.000000,0.000000,0.000000,0.000000,0.000000,0.000000,0.000000,0.000000,0.000000,0.000000,-2.590096,0.000000,0.000000,0.000000,0.000000,0.000000,0.000000,0.000000,0.000000,0.000000,0.000000,0.000000,0.000000,-2.049370,0.000000,0.000000,0.000000,0.000000,0.000000,0.000000,0.000000,-1.731969,0.000000,0.000000,0.000000,0.000000,0.000000,0.000000,-1.795873,0.000000,0.000000,0.000000,0.000000,0.000000,-2.150005,0.000000,0.000000,0.000000,-2.640733,0.000000,0.000000,0.000000,-2.082105,0.000000,0.000000,0.000000,-2.115788,0.000000,0.000000,-2.529717,0.000000,0.000000,-3.077396,0.000000,-2.672856,0.000000,0.000000,-2.792598,0.000000,-3.309267,0.000000,-3.053094,0.000000,-2.682766,0.000000,-2.911646,0.000000,-2.816320,-2.727861,0.000000,-2.831757,-2.776403,0.000000,-2.810290,-2.753373,-2.523998,0.000000,-2.930339,-2.660164,-2.809911,-2.670995,-2.603117,-2.960582,-3.039815,-2.830752,-2.823393,-2.832810,-2.768702,-5.294804,-3.316097,-3.099571,-5.961313,-2.681229,-3.023036,-5.442715,-2.660863,-5.639870,-5.843027,-2.605290,-5.293810,-5.369976,-6.010268,-5.703171,-5.012074,-5.338077,-5.339734,-5.072396,-6.282745,-9.136168,-8.143643
-53,0.000060,0.220516,1364.89,1124.32,2906.25,0.735557,0.313726,187.50,0.018127,6.5917,-2.411973,0.000000,0.000000,0.000000,0.000000,0.000000,0.000000,0.000000,0.000000,0.000000,0.000000,0.000000,0.000000,0.000000,0.000000,0.000000,0.000000,0.000000,-2.428043,0.000000,0.000000,0.000000,0.000000,0.000000,0.000000,0.000000,0.000000,0.000000,0.000000,0.000000,0.000000,-2.107337,0.000000,0.000000,0.000000,0.000000,0.000000,0.000000,0.000000,-1.741664,0.000000,0.000000,0.000000,0.000000,0.000000,0.000000,-1.844995,0.000000,0.000000,0.000000,0.000000,0.000000,-2.276985,0.000000,0.000000,0.000000,-2.024034,0.000000,0.000000,0.000000,-2.068016,0.000000,0.000000,0.000000,-2.205200,0.000000,0.000000,-2.285051,0.000000,0.000000,-3.064709,0.000000,-3.098674,0.000000,0.000000,-3.132733,0.000000,-2.929857,0.000000,-2.626447,0.000000,-2.533853,0.000000,-2.742163,0.000000,-3.168996,-3.050448,0.000000,-2.745250,-2.519567,0.000000,-2.567962,-2.562149,-2.679454,0.000000,-2.877293,-2.752031,-2.682644,-3.655834,-2.686648,-2.618832,-2.591673,-2.734763,-3.037280,-2.977611,-2.774795,-6.344182,-2.876168,-2.608138,-5.208493,-2.891069,-2.677668,-5.796361,-2.591031,-5.717139,-5.597178,-2.450077,-5.196115,-5.677337,-5.785047,-5.495273,-5.537681,-5.051620,-4.896954,-5.078223,-5.376742,-8.323687,-8.672056
-48,0.000073,0.256477,1258.52,1068.60,2671.88,0.674822,0.243137,328.12,0.022253,7.4951,-2.696218,0.000000,0.000000,0.000000,0.000000,0.000000,0.000000,0.000000,0.000000,0.000000,0.000000,0.000000,0.000000,0.000000,0.000000,0.000000,0.000000,0.000000,-2.268429,0.000000,0.000000,0.000000,0.000000,0.000000,0.000000,0.000000,0.000000,0.000000,0.000000,0.000000,0.000000,-2.660697,0.000000,0.000000,0.000000,0.000000,0.000000,0.000000,0.000000,-1.849659,0.000000,0.000000,0.000000,0.000000,0.000000,0.000000,-1.863546,0.000000,0.000000,0.000000,0.000000,0.000000,-1.788422,0.000000,0.000000,0.000000,-1.652612,0.000000,0.000000,0.000000,-1.917145,0.000000,0.000000,0.000000,-2.150263,0.000000,0.000000,-2.315794,0.000000,0.000000,-2.682575,0.000000,-3.431447,0.000000,0.000000,-3.214561,0.000000,-2.921511,0.000000,-2.581696,0.000000,-2.905880,0.000000,-2.733809,0.000000,-2.669616,-2.754316,0.000000,-2.586018,-2.634888,0.000000,-2.971365,-2.572845,-3.410309,0.000000,-2.704977,-3.293247,-2.816656,-2.671197,-2.837641,-3.063120,-2.726240,-2.714488,-2.728949,-3.156070,-2.825173,-5.716733,-2.789853,-2.608854,-4.849889,-2.701495,-2.579758,-5.278992,-2.575410,-4.930893,-5.258159,-2.351802,-5.567265,-5.833133,-5.757116,-5.636924,-6.118290,-4.785878,-5.499218,-6.112547,-5.363915,-8.539139,-8.738242
-43,0.000054,0.216594,1239.74,1122.09,2812.50,0.642870,0.329412,328.12,0.031152,9.8626,-2.268929,0.000000,0.000000,0.000000,0.000000,0.000000,0.000000,0.000000,0.000000,0.000000,0.000000,0.000000,0.000000,0.000000,0.000000,0.000000,0.000000,0.000000,-2.251176,0.000000,0.000000,0.000000,0.000000,0.000000,0.000000,0.000000,0.000000,0.000000,0.000000,0.000000,0.000000,-2.086492,0.000000,0.000000,0.000000,0.000000,0.000000,0.000000,0.000000,-1.871854,0.000000,0.000000,0.000000,0.000000,0.000000,0.000000,-2.064861,0.000000,0.000000,0.000000,0.000000,0.000000,-1.815446,0.000000,0.000000,0.000000,-1.506508,0.000000,0.000000,0.000000,-1.697781,0.000000,0.000000,0.000000,-2.422206,0.000000,0.000000,-2.703148,0.000000,0.000000,-2.574639,0.000000,-2.816963,0.000000,0.000000,-2.990323,0.000000,-3.182413,0.000000,-2.747953,0.000000,-2.692958,0.000000,-2.647151,0.000000,-2.804859,-2.843162,0.000000,-2.748343,-2.790963,0.000000,-2.586977,-2.647237,-2.818681,0.000000,-2.605997,-2.724156,-3.332984,-2.687275,-2.842875,-3.169505,-3.100505,-3.161156,-2.840350,-2.993675,-2.751284,-5.942165,-3.707220,-3.575640,-4.825203,-3.289497,-2.606984,-5.801551,-2.902324,-5.057662,-5.371490,-2.433824,-5.456844,-5.653157,-5.202603,-5.191628,-4.934325,-4.974812,-5.446008,-6.015934,-5.127326,-8.395254,-8.225933
-37,0.000071,0.108921,1299.33,1126.55,2859.38,0.693483,0.278431,328.12,0.027506,9.7521,-2.192270,0.000000,0.000000,0.000000,0.000000,0.000000,0.000000,0.000000,0.000000,0.000000,0.000000,0.000000,0.000000,0.000000,0.000000,0.000000,0.000000,0.000000,-2.376796,0.000000,0.000000,0.000000,0.000000,0.000000,0.000000,0.000000,0.000000,0.000000,0.000000,0.000000,0.000000,-2.547866,0.000000,0.000000,0.000000,0.000000,0.000000,0.000000,0.000000,-1.997084,0.000000,0.000000,0.000000,0.000000,0.000000,0.000000,-2.236173,0.000000,0.000000,0.000000,0.000000,0.000000,-1.755164,0.000000,0.000000,0.000000,-1.560568,0.000000,0.000000,0.000000,-1.819070,0.000000,0.000000,0.000000,-2.452527,0.000000,0.000000,-2.932121,0.000000,0.000000,-2.704658,0.000000,-2.867069,0.000000,0.000000,-2.999254,0.000000,-3.083400,0.000000,-3.089974,0.000000,-2.702889,0.000000,-3.113887,0.000000,-2.600199,-2.586513,0.000000,-2.789933,-2.804286,0.000000,-2.697053,-2.829810,-3.037284,0.000000,-2.569455,-2.569950,-2.725934,-2.891633,-3.170003,-3.220317,-2.995318,-2.890666,-2.978279,-2.973598,-2.726928,-5.850997,-2.704107,-2.581354,-5.090695,-2.662494,-2.566986,-5.503499,-3.069504,-5.889033,-5.567073,-2.559993,-5.763200,-5.513501,-5.479339,-5.404036,-5.362773,-5.138593,-5.103729,-6.523194,-5.302287,-7.963384,-8.059576
-32,0.000076,0.279452,1209.60,1067.71,2671.88,0.580160,0.223529,281.25,0.027009,9.6494,-2.168380,0.000000,0.000000,0.000000,0.000000,0.000000,0.000000,0.000000,0.000000,0.000000,0.000000,0.000000,0.000000,0.000000,0.000000,0.000000,0.000000,0.000000,-2.505677,0.000000,0.000000,0.000000,0.000000,0.000000,0.000000,0.000000,0.000000,0.000000,0.000000,0.000000,0.000000,-2.365636,0.000000,0.000000,0.000000,0.000000,0.000000,0.000000,0.000000,-2.696626,0.000000,0.000000,0.000000,0.000000,0.000000,0.000000,-1.875671,0.000000,0.000000,0.000000,0.000000,0.000000,-1.568495,0.000000,0.000000,0.000000,-1.729269,0.000000,0.000000,0.000000,-2.229302,0.000000,0.000000,0.000000,-2.116964,0.000000,0.000000,-2.587331,0.000000,0.000000,-2.555345,0.000000,-2.287912,0.000000,0.000000,-2.311165,0.000000,-2.419902,0.000000,-2.499001,0.000000,-2.721438,0.000000,-3.353033,0.000000,-2.547964,-2.467868,0.000000,-3.955090,-2.762160,0.000000,-3.400554,-3.475275,-2.899315,0.000000,-2.751497,-2.737619,-3.055416,-2.938295,-3.123448,-3.027319,-3.201438,-3.075840,-3.958642,-2.841892,-2.809699,-6.244897,-2.592271,-2.411420,-5.977509,-2.907360,-2.648251,-5.206810,-2.660075,-5.389292,-5.247570,-2.759518,-5.473758,-5.806437,-5.521816,-4.875430,-5.803252,-6.216301,-4.803439,-5.733191,-5.902572,-9.967134,-10.039735
-27,0.000071,0.304455,1108.33,1075.80,2625.00,0.584332,0.231373,281.25,0.033819,9.2454,-1.945954,0.000000,0.000000,0.000000,0.000000,0.000000,0.000000,0.000000,0.000000,0.000000,0.000000,0.000000,0.000000,0.000000,0.000000,0.000000,0.000000,0.000000,-1.966315,0.000000,0.000000,0.000000,0.000000,0.000000,0.000000,0.000000,0.000000,0.000000,0.000000,0.000000,0.000000,-2.032717,0.000000,0.000000,0.000000,0.000000,0.000000,0.000000,0.000000,-2.121238,0.000000,0.000000,0.000000,0.000000,0.000000,0.000000,-1.876701,0.000000,0.000000,0.000000,0.000000,0.000000,-1.470838,0.000000,0.000000,0.000000,-1.530477,0.000000,0.000000,0.000000,-2.003170,0.000000,0.000000,0.000000,-2.577044,0.000000,0.000000,-2.247446,0.000000,0.000000,-2.251503,0.000000,-2.266987,0.000000,0.000000,-2.176839,0.000000,-2.347775,0.000000,-2.481992,0.000000,-2.499677,0.000000,-2.747603,0.000000,-2.632461,-2.483511,0.000000,-2.545684,-2.701529,0.000000,-3.069165,-3.082829,-2.886413,0.000000,-2.844422,-2.711639,-2.963585,-3.800137,-2.953993,-3.116134,-3.705197,-3.527977,-3.024577,-3.000521,-3.466150,-6.072494,-2.556923,-2.787769,-5.274119,-2.558757,-2.813118,-5.290959,-2.614814,-6.216282,-5.028214,-2.817338,-5.236142,-4.802189,-5.488343,-4.686845,-5.169519,-6.022913,-4.818138,-5.709062,-5.716804,-9.302906,-8.214087
-21,0.000061,0.127024,1241.31,1125.64,2765.62,0.608367,0.290196,281.25,0.032614,9.5318,-2.218062,0.000000,0.000000,0.000000,0.000000,0.000000,0.000000,0.000000,0.000000,0.000000,0.000000,0.000000,0.000000,0.000000,0.000000,0.000000,0.000000,0.000000,-1.928700,0.000000,0.000000,0.000000,0.000000,0.000000,0.000000,0.000000,0.000000,0.000000,0.000000,0.000000,0.000000,-2.041848,0.000000,0.000000,0.000000,0.000000,0.000000,0.000000,0.000000,-2.070031,0.000000,0.000000,0.000000,0.000000,0.000000,0.000000,-2.140217,0.000000,0.000000,0.000000,0.000000,0.000000,-1.486591,0.000000,0.000000,0.000000,-1.492442,0.000000,0.000000,0.000000,-2.099227,0.000000,0.000000,0.000000,-2.886229,0.000000,0.000000,-2.424682,0.000000,0.000000,-2.497261,0.000000,-3.045063,0.000000,0.000000,-2.485826,0.000000,-2.450018,0.000000,-2.594894,0.000000,-2.444242,0.000000,-2.957246,0.000000,-3.289216,-2.757572,0.000000,-2.786768,-2.625102,0.000000,-3.385904,-2.871166,-2.676954,0.000000,-2.685850,-2.685729,-2.824375,-3.321322,-2.917096,-3.007418,-3.751427,-3.326102,-3.110744,-3.483004,-3.386748,-5.925774,-2.473627,-2.646828,-5.156324,-2.546545,-2.976659,-5.119189,-3.096587,-5.726946,-4.975711,-2.505799,-4.938782,-4.794330,-5.767464,-5.057159,-5.586027,-4.913228,-4.724935,-5.216869,-5.822116,-8.760498,-8.233451
-16,0.000064,0.187149,1211.24,1101.27,2765.62,0.633004,0.298039,328.12,0.026192,8.4319,-2.105015,0.000000,0.000000,0.000000,0.000000,0.000000,0.000000,0.000000,0.000000,0.000000,0.000000,0.000000,0.000000,0.000000,0.000000,0.000000,0.000000,0.000000,-2.027780,0.000000,0.000000,0.000000,0.000000,0.000000,0.000000,0.000000,0.000000,0.000000,0.000000,0.000000,0.000000,-2.477307,0.000000,0.000000,0.000000,0.000000,0.000000,0.000000,0.000000,-2.378402,0.000000,0.000000,0.000000,0.000000,0.000000,0.000000,-1.810176,0.000000,0.000000,0.000000,0.000000,0.000000,-1.680257,0.000000,0.000000,0.000000,-1.581825,0.000000,0.000000,0.000000,-1.908291,0.000000,0.000000,0.000000,-2.269524,0.000000,0.000000,-2.429942,0.000000,0.000000,-2.334527,0.000000,-2.793212,0.000000,0.000000,-2.564870,0.000000,-2.667585,0.000000,-2.528819,0.000000,-2.506237,0.000000,-3.254648,0.000000,-3.944938,-2.837329,0.000000,-2.711593,-2.514537,0.000000,-2.638775,-3.295376,-2.702260,0.000000,-2.722611,-2.699526,-2.714595,-3.076694,-2.864581,-3.036235,-3.211199,-2.956699,-3.239990,-3.536976,-3.043275,-5.335016,-2.728089,-2.874849,-5.678065,-2.828305,-2.439557,-5.018908,-2.630571,-5.251066,-5.918241,-2.896604,-5.700402,-5.584251,-5.152184,-5.802435,-5.270630,-5.402417,-5.018232,-4.694838,-5.887124,-8.675600,-9.122963
-11,0.000059,0.308662,1298.24,1128.94,3000.00,0.685703,0.341176,375.00,0.020902,6.5459,-2.462581,0.000000,0.000000,0.000000,0.000000,0.000000,0.000000,0.000000,0.000000,0.000000,0.000000,0.000000,0.000000,0.000000,0.000000,0.000000,0.000000,0.000000,-1.911378,0.000000,0.000000,0.000000,0.000000,0.000000,0.000000,0.000000,0.000000,0.000000,0.000000,0.000000,0.000000,-2.024510,0.000000,0.000000,0.000000,0.000000,0.000000,0.000000,0.000000,-1.953936,0.000000,0.000000,0.000000,0.000000,0.000000,0.000000,-2.100416,0.000000,0.000000,0.000000,0.000000,0.000000,-2.477150,0.000000,0.000000,0.000000,-1.924337,0.000000,0.000000,0.000000,-1.679816,0.000000,0.000000,0.000000,-1.866331,0.000000,0.000000,-2.100317,0.000000,0.000000,-2.609782,0.000000,-2.442384,0.000000,0.000000,-2.487812,0.000000,-2.998307,0.000000,-2.782634,0.000000,-2.467332,0.000000,-2.713470,0.000000,-2.873122,-2.639320,0.000000,-2.498586,-2.637375,0.000000,-2.763448,-2.663694,-2.789470,0.000000,-2.613555,-2.389430,-2.626140,-2.968630,-2.707938,-3.023263,-2.769237,-2.715889,-3.057026,-3.181386,-2.759483,-4.982992,-2.879530,-2.771381,-5.917178,-2.623611,-2.461985,-6.130730,-2.649602,-5.374542,-5.625782,-3.506126,-6.329554,-5.998566,-6.183367,-5.506496,-5.181564,-5.745821,-4.898974,-4.458598,-5.012515,-7.947309,-8.608117
-5,0.000065,0.190411,1232.13,1103.91,2812.50,0.691749,0.266667,140.62,0.017597,5.4347,-2.230633,0.000000,0.000000,0.000000,0.000000,0.000000,0.000000,0.000000,0.000000,0.000000,0.000000,0.000000,0.000000,0.000000,0.000000,0.000000,0.000000,0.000000,-1.960873,0.000000,0.000000,0.000000,0.000000,0.000000,0.000000,0.000000,0.000000,0.000000,0.000000,0.000000,0.000000,-1.754570,0.000000,0.000000,0.000000,0.000000,0.000000,0.000000,0.000000,-1.778462,0.000000,0.000000,0.000000,0.000000,0.000000,0.000000,-1.986373,0.000000,0.000000,0.000000,0.000000,0.000000,-2.402179,0.000000,0.000000,0.000000,-1.920285,0.000000,0.000000,0.000000,-1.794629,0.000000,0.000000,0.000000,-2.206363,0.000000,0.000000,-2.062982,0.000000,0.000000,-2.461660,0.000000,-2.559389,0.000000,0.000000,-2.751474,0.000000,-2.710970,0.000000,-2.664355,0.000000,-2.581706,0.000000,-2.515741,0.000000,-3.192909,-2.600520,0.000000,-2.889494,-2.888573,0.000000,-2.923930,-2.860631,-2.789599,0.000000,-2.568649,-2.319412,-2.508477,-2.850369,-2.638875,-2.857669,-2.783931,-2.626269,-3.018530,-3.032101,-3.015877,-5.242305,-2.640853,-2.884719,-6.351604,-2.646951,-2.567848,-5.480100,-2.597126,-4.947790,-6.241465,-3.063019,-6.378791,-5.481958,-5.107581,-5.040524,-4.831715,-5.007085,-5.317745,-5.001127,-5.437737,-8.395976,-9.362199
0,0.000047,0.150222,1176.03,1075.69,2718.75,0.697892,0.360784,328.12,0.015584,5.2681,-2.212776,0.000000,0.000000,0.000000,0.000000,0.000000,0.000000,0.000000,0.000000,0.000000,0.000000,0.000000,0.000000,0.000000,0.000000,0.000000,0.000000,0.000000,-1.937089,0.000000,0.000000,0.000000,0.000000,0.000000,0.000000,0.000000,0.000000,0.000000,0.000000,0.000000,0.000000,-1.951404,0.000000,0.000000,0.000000,0.000000,0.000000,0.000000,0.000000,-2.070299,0.000000,0.000000,0.000000,0.000000,0.000000,0.000000,-1.840456,0.000000,0.000000,0.000000,0.000000,0.000000,-2.352647,0.000000,0.000000,0.000000,-1.807327,0.000000,0.000000,0.000000,-1.857818,0.000000,0.000000,0.000000,-2.149038,0.000000,0.000000,-2.194065,0.000000,0.000000,-2.955933,0.000000,-2.429460,0.000000,0.000000,-2.558923,0.000000,-2.493166,0.000000,-2.538662,0.000000,-2.912129,0.000000,-2.475947,0.000000,-2.506421,-2.588109,0.000000,-2.645871,-2.655650,0.000000,-2.710448,-3.082256,-2.673969,0.000000,-2.418786,-2.725876,-2.519022,-2.742761,-2.607741,-2.830187,-2.903523,-2.828970,-2.765534,-2.924834,-2.817952,-6.181107,-2.933910,-2.910842,-6.558462,-2.584555,-2.794860,-5.157370,-3.505706,-5.087054,-6.646484,-2.873974,-5.458377,-5.599812,-5.711259,-5.643805,-5.209181,-5.718724,-5.314327,-5.041447,-5.341833,-8.354414,-9.076704
5,0.000188,0.269336,620.49,874.15,1453.12,0.361088,0.047059,140.62,0.115332,15.6219,-1.642167,0.000000,0.000000,0.000000,0.000000,0.000000,0.000000,0.000000,0.000000,0.000000,0.000000,0.000000,0.000000,0.000000,0.000000,0.000000,0.000000,0.000000,-1.153552,0.000000,0.000000,0.000000,0.000000,0.000000,0.000000,0.000000,0.000000,0.000000,0.000000,0.000000,0.000000,-0.938051,0.000000,0.000000,0.000000,0.000000,0.000000,0.000000,0.000000,-1.128077,0.000000,0.000000,0.000000,0.000000,0.000000,0.000000,-1.460115,0.000000,0.000000,0.000000,0.000000,0.000000,-1.403905,0.000000,0.000000,0.000000,-1.635679,0.000000,0.000000,0.000000,-2.046981,0.000000,0.000000,0.000000,-1.986619,0.000000,0.000000,-2.021041,0.000000,0.000000,-2.556938,0.000000,-2.182469,0.000000,0.000000,-2.214037,0.000000,-2.679265,0.000000,-2.827443,0.000000,-2.494672,0.000000,-2.317571,0.000000,-2.390697,-2.824842,0.000000,-3.024307,-2.637463,0.000000,-2.882827,-2.767775,-2.435129,0.000000,-2.639864,-2.578980,-2.392460,-2.877202,-2.769828,-2.524216,-2.350731,-2.377529,-2.350384,-3.235274,-2.509989,-5.368530,-3.231813,-2.826232,-5.910550,-3.303897,-2.852478,-6.457104,-3.024152,-5.274696,-5.364437,-2.539832,-5.637140,-5.481286,-5.720769,-6.226699,-5.722163,-5.202291,-5.488583,-5.548414,-5.002212,-8.457118,-8.164395
11,0.000129,0.195387,727.96,905.04,1593.75,0.449655,0.109804,187.50,0.075292,9.8745,-1.702297,0.000000,0.000000,0.000000,0.000000,0.000000,0.000000,0.000000,0.000000,0.000000,0.000000,0.000000,0.000000,0.000000,0.000000,0.000000,0.000000,0.000000,-1.324971,0.000000,0.000000,0.000000,0.000000,0.000000,0.000000,0.000000,0.000000,0.000000,0.000000,0.000000,0.000000,-1.131340,0.000000,0.000000,0.000000,0.000000,0.000000,0.000000,0.000000,-1.123249,0.000000,0.000000,0.000000,0.000000,0.000000,0.000000,-1.407905,0.000000,0.000000,0.000000,0.000000,0.000000,-1.247195,0.000000,0.000000,0.000000,-1.484181,0.000000,0.000000,0.000000,-1.942252,0.000000,0.000000,0.000000,-2.536019,0.000000,0.000000,-1.903048,0.000000,0.000000,-1.958252,0.000000,-2.436729,0.000000,0.000000,-2.178148,0.000000,-2.177786,0.000000,-2.129105,0.000000,-2.263288,0.000000,-2.328385,0.000000,-2.388914,-2.644084,0.000000,-2.246814,-2.187602,0.000000,-2.256165,-2.288623,-3.254411,0.000000,-2.435966,-2.363091,-2.394096,-2.654203,-2.524819,-2.283510,-2.320382,-2.463836,-2.245623,-2.379028,-3.195295,-5.129530,-3.058494,-2.774073,-5.240002,-2.877419,-2.735606,-5.597202,-3.087486,-5.271272,-4.919483,-2.974443,-6.107163,-6.003961,-5.686395,-5.533743,-5.598037,-4.941390,-5.542480,-5.449915,-5.116460,-7.671292,-7.749830
16,0.000094,0.238286,833.70,936.97,2015.62,0.533405,0.125490,187.50,0.068360,8.4984,-1.336362,0.000000,0.000000,0.000000,0.000000,0.000000,0.000000,0.000000,0.000000,0.000000,0.000000,0.000000,0.000000,0.000000,0.000000,0.000000,0.000000,0.000000,-1.629799,0.000000,0.000000,0.000000,0.000000,0.000000,0.000000,0.000000,0.000000,0.000000,0.000000,0.000000,0.000000,-1.462399,0.000000,0.000000,0.000000,0.000000,0.000000,0.000000,0.000000,-1.165199,0.000000,0.000000,0.000000,0.000000,0.000000,0.000000,-1.480239,0.000000,0.000000,0.000000,0.000000,0.000000,-1.380713,0.000000,0.000000,0.000000,-1.322446,0.000000,0.000000,0.000000,-1.698113,0.000000,0.000000,0.000000,-1.993429,0.000000,0.000000,-1.832449,0.000000,0.000000,-1.820063,0.000000,-2.029356,0.000000,0.000000,-2.024809,0.000000,-2.024813,0.000000,-1.991746,0.000000,-1.935219,0.000000,-2.050891,0.000000,-2.371198,-2.430226,0.000000,-2.070776,-2.031674,0.000000,-2.168542,-2.109903,-2.194314,0.000000,-2.238577,-2.385536,-2.531327,-3.044439,-2.429335,-2.763232,-2.451594,-2.523722,-2.402434,-2.385188,-2.420582,-5.356808,-3.240744,-2.720769,-5.059298,-3.671489,-2.825565,-5.051172,-2.640838,-4.902510,-5.131671,-2.709655,-5.076675,-5.355254,-5.475549,-4.842738,-4.849564,-5.132531,-5.301453,-5.394294,-4.990934,-8.415453,-7.285391
21,0.000105,0.094512,925.34,995.59,2250.00,0.550464,0.121569,187.50,0.043538,7.2435,-1.786042,0.000000,0.000000,0.000000,0.000000,0.000000,0.000000,0.000000,0.000000,0.000000,0.000000,0.000000,0.000000,0.000000,0.000000,0.000000,0.000000,0.000000,-1.487643,0.000000,0.000000,0.000000,0.000000,0.000000,0.000000,0.000000,0.000000,0.000000,0.000000,0.000000,0.000000,-1.903683,0.000000,0.000000,0.000000,0.000000,0.000000,0.000000,0.000000,-1.361136,0.000000,0.000000,0.000000,0.000000,0.000000,0.000000,-1.383925,0.000000,0.000000,0.000000,0.000000,0.000000,-1.390166,0.000000,0.000000,0.000000,-1.431199,0.000000,0.000000,0.000000,-2.395835,0.000000,0.000000,0.000000,-2.162540,0.000000,0.000000,-1.983424,0.000000,0.000000,-1.939951,0.000000,-2.398382,0.000000,0.000000,-1.969879,0.000000,-2.956122,0.000000,-2.337209,0.000000,-2.131186,0.000000,-2.109437,0.000000,-2.988930,-2.592724,0.000000,-2.249589,-2.152860,0.000000,-2.661964,-2.215413,-2.187782,0.000000,-2.413962,-3.601180,-2.692026,-2.715282,-2.573221,-2.563714,-2.432912,-2.378296,-2.783296,-2.627552,-2.558409,-5.036633,-2.508371,-2.421919,-5.497070,-2.592347,-2.450737,-5.784165,-2.910544,-5.550024,-5.755331,-3.029553,-4.845654,-5.001324,-5.643270,-5.224029,-4.984012,-5.177368,-5.125403,-5.682367,-5.610585,-8.392479,-7.286614
27,0.000079,0.195109,936.97,973.62,2203.12,0.554513,0.168627,328.12,0.041759,7.9025,-1.933171,0.000000,0.000000,0.000000,0.000000,0.000000,0.000000,0.000000,0.000000,0.000000,0.000000,0.000000,0.000000,0.000000,0.000000,0.000000,0.000000,0.000000,-1.748044,0.000000,0.000000,0.000000,0.000000,0.000000,0.000000,0.000000,0.000000,0.000000,0.000000,0.000000,0.000000,-1.642030,0.000000,0.000000,0.000000,0.000000,0.000000,0.000000,0.000000,-1.447632,0.000000,0.000000,0.000000,0.000000,0.000000,0.000000,-1.618874,0.000000,0.000000,0.000000,0.000000,0.000000,-1.676627,0.000000,0.000000,0.000000,-1.379251,0.000000,0.000000,0.000000,-1.707343,0.000000,0.000000,0.000000,-2.168677,0.000000,0.000000,-2.084014,0.000000,0.000000,-1.974130,0.000000,-2.049528,0.000000,0.000000,-2.027074,0.000000,-2.174732,0.000000,-2.581769,0.000000,-2.429528,0.000000,-2.447564,0.000000,-2.419963,-2.728553,0.000000,-2.588471,-2.351921,0.000000,-2.124246,-2.713885,-2.363463,0.000000,-3.155970,-2.468794,-2.724774,-2.761192,-2.817100,-2.442576,-3.127916,-2.607640,-2.699847,-2.728421,-3.279722,-5.759397,-2.295468,-2.346624,-4.829766,-2.332808,-2.695409,-5.168850,-2.597983,-5.851928,-5.819354,-2.491621,-5.593378,-4.957287,-5.126877,-5.920524,-6.800681,-5.011036,-5.737557,-5.387946,-5.901011,-8.220654,-7.942383
32,0.000079,0.194817,1104.59,1021.14,2531.25,0.652023,0.250980,328.12,0.040558,8.1298,-1.828779,0.000000,0.000000,0.000000,0.000000,0.000000,0.000000,0.000000,0.000000,0.000000,0.000000,0.000000,0.000000,0.000000,0.000000,0.000000,0.000000,0.000000,-2.518965,0.000000,0.000000,0.000000,0.000000,0.000000,0.000000,0.000000,0.000000,0.000000,0.000000,0.000000,0.000000,-1.845046,0.000000,0.000000,0.000000,0.000000,0.000000,0.000000,0.000000,-1.678362,0.000000,0.000000,0.000000,0.000000,0.000000,0.000000,-1.892446,0.000000,0.000000,0.000000,0.000000,0.000000,-1.570538,0.000000,0.000000,0.000000,-1.391927,0.000000,0.000000,0.000000,-1.576410,0.000000,0.000000,0.000000,-2.106674,0.000000,0.000000,-2.113460,0.000000,0.000000,-2.178713,0.000000,-2.680266,0.000000,0.000000,-2.175696,0.000000,-2.616161,0.000000,-2.337542,0.000000,-2.511793,0.000000,-2.783159,0.000000,-2.780990,-2.442786,0.000000,-2.291024,-2.132233,0.000000,-2.091592,-2.343264,-2.323507,0.000000,-2.263099,-2.351775,-2.437304,-2.400655,-2.368831,-2.425522,-2.725009,-3.147233,-2.950838,-2.740255,-3.131354,-5.463101,-2.655133,-2.513220,-5.420588,-2.419132,-2.959115,-5.833583,-2.324594,-5.203726,-5.415905,-2.608546,-4.755167,-4.723077,-5.071949,-5.551980,-5.768338,-4.777274,-5.068698,-5.596486,-4.933853,-7.841690,-8.522489
37,0.000110,0.176557,1143.36,1043.18,2625.00,0.688438,0.180392,281.25,0.032124,7.3819,-1.704987,0.000000,0.000000,0.000000,0.000000,0.000000,0.000000,0.000000,0.000000,0.000000,0.000000,0.000000,0.000000,0.000000,0.000000,0.000000,0.000000,0.000000,-1.829950,0.000000,0.000000,0.000000,0.000000,0.000000,0.000000,0.000000,0.000000,0.000000,0.000000,0.000000,0.000000,-2.872497,0.000000,0.000000,0.000000,0.000000,0.000000,0.000000,0.000000,-2.152566,0.000000,0.000000,0.000000,0.000000,0.000000,0.000000,-1.742532,0.000000,0.000000,0.000000,0.000000,0.000000,-1.493165,0.000000,0.000000,0.000000,-1.756238,0.000000,0.000000,0.000000,-1.758489,0.000000,0.000000,0.000000,-2.090572,0.000000,0.000000,-2.136767,0.000000,0.000000,-2.183555,0.000000,-3.182222,0.000000,0.000000,-2.285131,0.000000,-2.267541,0.000000,-2.296918,0.000000,-2.513931,0.000000,-2.753379,0.000000,-2.705169,-2.605439,0.000000,-2.245672,-2.047244,0.000000,-2.407526,-2.789005,-2.554504,0.000000,-2.277665,-2.508822,-2.751761,-2.466712,-2.623021,-2.700586,-2.530590,-2.517791,-2.337279,-2.357653,-2.592442,-5.205416,-2.828511,-2.899323,-5.870056,-2.612672,-2.567592,-5.110346,-2.733016,-5.459270,-5.126964,-2.530364,-5.261833,-5.725204,-5.126524,-5.194253,-6.283391,-4.873010,-4.897122,-5.445434,-4.898900,-7.802690,-8.768862
43,0.000102,0.292657,881.41,975.12,2250.00,0.548880,0.141176,281.25,0.036542,6.9471,-1.535502,0.000000,0.000000,0.000000,0.000000,0.000000,0.000000,0.000000,0.000000,0.000000,0.000000,0.000000,0.000000,0.000000,0.000000,0.000000,0.000000,0.000000,-1.445392,0.000000,0.000000,0.000000,0.000000,0.000000,0.000000,0.000000,0.000000,0.000000,0.000000,0.000000,0.000000,-1.693696,0.000000,0.000000,0.000000,0.000000,0.000000,0.000000,0.000000,-1.695859,0.000000,0.000000,0.000000,0.000000,0.000000,0.000000,-1.525342,0.000000,0.000000,0.000000,0.000000,0.000000,-1.437212,0.000000,0.000000,0.000000,-1.650933,0.000000,0.000000,0.000000,-1.901108,0.000000,0.000000,0.000000,-1.976894,0.000000,0.000000,-1.992654,0.000000,0.000000,-2.154946,0.000000,-2.265337,0.000000,0.000000,-2.242126,0.000000,-2.640882,0.000000,-2.438058,0.000000,-2.390481,0.000000,-2.472289,0.000000,-2.463307,-3.037311,0.000000,-2.433977,-2.122756,0.000000,-2.419605,-2.541965,-2.658088,0.000000,-2.718182,-2.405049,-2.655747,-2.896506,-2.689060,-3.057188,-2.633096,-2.417283,-2.371075,-2.243000,-2.452363,-5.867394,-2.633736,-3.066473,-6.068646,-3.059529,-2.836837,-5.984364,-2.701555,-5.144208,-4.971814,-2.428973,-5.960133,-5.417454,-5.012224,-5.088323,-5.515914,-5.643516,-5.521527,-5.378170,-5.130522,-8.439368,-8.920291
48,0.000116,0.211855,944.25,1050.37,2343.75,0.583518,0.160784,93.75,0.050847,9.9656,-1.433425,0.000000,0.000000,0.000000,0.000000,0.000000,0.000000,0.000000,0.000000,0.000000,0.000000,0.000000,0.000000,0.000000,0.000000,0.000000,0.000000,0.000000,-1.293734,0.000000,0.000000,0.000000,0.000000,0.000000,0.000000,0.000000,0.000000,0.000000,0.000000,0.000000,0.000000,-1.368803,0.000000,0.000000,0.000000,0.000000,0.000000,0.000000,0.000000,-1.968412,0.000000,0.000000,0.000000,0.000000,0.000000,0.000000,-1.851549,0.000000,0.000000,0.000000,0.000000,0.000000,-1.656895,0.000000,0.000000,0.000000,-1.701251,0.000000,0.000000,0.000000,-2.155909,0.000000,0.000000,0.000000,-2.619720,0.000000,0.000000,-2.021523,0.000000,0.000000,-2.723905,0.000000,-2.432590,0.000000,0.000000,-2.513352,0.000000,-2.558211,0.000000,-2.636780,0.000000,-2.631399,0.000000,-2.344100,0.000000,-2.619108,-2.944700,0.000000,-2.366867,-2.149959,0.000000,-2.541533,-2.557178,-2.617643,0.000000,-2.646673,-2.732626,-2.589693,-2.488560,-2.525791,-2.577644,-2.478368,-2.655435,-2.664875,-2.629844,-2.449418,-5.804235,-2.761377,-2.875080,-5.443113,-2.943416,-2.642858,-5.305297,-2.642215,-4.838520,-4.627010,-2.739547,-5.690811,-5.239451,-5.162946,-5.654388,-4.921402,-5.536596,-5.262893,-4.625783,-5.257495,-8.851830,-8.490028
53,0.000092,0.221038,935.50,1019.81,2296.88,0.562436,0.133333,140.62,0.046813,9.0795,-1.582050,0.000000,0.000000,0.000000,0.000000,0.000000,0.000000,0.000000,0.000000,0.000000,0.000000,0.000000,0.000000,0.000000,0.000000,0.000000,0.000000,0.000000,-1.698248,0.000000,0.000000,0.000000,0.000000,0.000000,0.000000,0.000000,0.000000,0.000000,0.000000,0.000000,0.000000,-1.329632,0.000000,0.000000,0.000000,0.000000,0.000000,0.000000,0.000000,-1.537006,0.000000,0.000000,0.000000,0.000000,0.000000,0.000000,-1.785967,0.000000,0.000000,0.000000,0.000000,0.000000,-1.624990,0.000000,0.000000,0.000000,-1.621335,0.000000,0.000000,0.000000,-1.905754,0.000000,0.000000,0.000000,-2.023797,0.000000,0.000000,-2.302541,0.000000,0.000000,-2.149923,0.000000,-2.456962,0.000000,0.000000,-2.419598,0.000000,-2.440642,0.000000,-2.151451,0.000000,-2.147590,0.000000,-2.409710,0.000000,-2.990171,-2.977971,0.000000,-2.296200,-2.286306,0.000000,-2.599578,-2.477287,-2.612614,0.000000,-2.672319,-2.638672,-2.529556,-2.610359,-2.888020,-2.958795,-2.722797,-2.668820,-2.542194,-2.633470,-2.371647,-5.043293,-3.094003,-2.669883,-4.768435,-2.734499,-2.696224,-5.668473,-3.133411,-5.458954,-4.957408,-2.801547,-5.185085,-5.796506,-5.246519,-6.012062,-4.870090,-5.090415,-6.203086,-4.880378,-5.883811,-8.949322,-8.114296
59,0.000151,0.237004,1010.18,1026.95,2390.62,0.593263,0.105882,140.62,0.044002,7.4406,-1.691413,0.000000,0.000000,0.000000,0.000000,0.000000,0.000000,0.000000,0.000000,0.000000,0.000000,0.000000,0.000000,0.000000,0.000000,0.000000,0.000000,0.000000,-1.958962,0.000000,0.000000,0.000000,0.000000,0.000000,0.000000,0.000000,0.000000,0.000000,0.000000,0.000000,0.000000,-1.356527,0.000000,0.000000,0.000000,0.000000,0.000000,0.000000,0.000000,-1.469670,0.000000,0.000000,0.000000,0.000000,0.000000,0.000000,-1.866879,0.000000,0.000000,0.000000,0.000000,0.000000,-1.579241,0.000000,0.000000,0.000000,-1.506811,0.000000,0.000000,0.000000,-1.580775,0.000000,0.000000,0.000000,-2.226306,0.000000,0.000000,-3.945373,0.000000,0.000000,-2.183868,0.000000,-2.089381,0.000000,0.000000,-2.100895,0.000000,-2.047741,0.000000,-1.925175,0.000000,-1.851030,0.000000,-2.155660,0.000000,-2.879313,-2.647311,0.000000,-2.276373,-2.422425,0.000000,-2.698259,-2.259778,-2.276181,0.000000,-2.811347,-2.451623,-2.348404,-3.028385,-2.576541,-2.470442,-2.447472,-2.534348,-2.476537,-2.866172,-2.331554,-5.125237,-2.573318,-2.334930,-4.847415,-2.788533,-2.614650,-5.222549,-2.977110,-5.040737,-5.283577,-2.827750,-5.439852,-5.688320,-5.764465,-5.897190,-5.389910,-4.886112,-4.966307,-4.574386,-4.860751,-7.457969,-8.217193
64,0.000162,0.272575,935.43,964.27,2156.25,0.598680,0.086275,187.50,0.058162,8.1891,-1.706657,0.000000,0.000000,0.000000,0.000000,0.000000,0.000000,0.000000,0.000000,0.000000,0.000000,0.000000,0.000000,0.000000,0.000000,0.000000,0.000000,0.000000,-1.776644,0.000000,0.000000,0.000000,0.000000,0.000000,0.000000,0.000000,0.000000,0.000000,0.000000,0.000000,0.000000,-1.282214,0.000000,0.000000,0.000000,0.000000,0.000000,0.000000,0.000000,-1.235363,0.000000,0.000000,0.000000,0.000000,0.000000,0.000000,-1.496198,0.000000,0.000000,0.000000,0.000000,0.000000,-1.866884,0.000000,0.000000,0.000000,-1.603488,0.000000,0.000000,0.000000,-1.426552,0.000000,0.000000,0.000000,-1.927698,0.000000,0.000000,-2.395431,0.000000,0.000000,-2.169648,0.000000,-2.065871,0.000000,0.000000,-2.304554,0.000000,-2.014194,0.000000,-2.358655,0.000000,-1.760440,0.000000,-1.835563,0.000000,-2.205502,-2.333583,0.000000,-2.189798,-2.713820,0.000000,-2.293664,-2.345242,-2.440364,0.000000,-2.330184,-2.172591,-2.190803,-2.448226,-2.258569,-2.150638,-2.274323,-2.380550,-2.470101,-2.511349,-2.445466,-5.059928,-2.335025,-2.480439,-5.596291,-2.485708,-2.522830,-5.012762,-2.703652,-5.291039,-5.434556,-2.572669,-5.914405,-5.258370,-5.118126,-4.908877,-5.671578,-4.938735,-4.975651,-5.127265,-4.839464,-7.458832,-8.768440
69,0.000222,0.298501,1007.39,1005.47,2390.62,0.629213,0.141176,187.50,0.066526,7.0912,-1.502202,0.000000,0.000000,0.000000,0.000000,0.000000,0.000000,0.000000,0.000000,0.000000,0.000000,0.000000,0.000000,0.000000,0.000000,0.000000,0.000000,0.000000,-1.760499,0.000000,0.000000,0.000000,0.000000,0.000000,0.000000,0.000000,0.000000,0.000000,0.000000,0.000000,0.000000,-1.208023,0.000000,0.000000,0.000000,0.000000,0.000000,0.000000,0.000000,-1.177011,0.000000,0.000000,0.000000,0.000000,0.000000,0.000000,-1.475089,0.000000,0.000000,0.000000,0.000000,0.000000,-1.743811,0.000000,0.000000,0.000000,-1.349781,0.000000,0.000000,0.000000,-1.486239,0.000000,0.000000,0.000000,-1.708644,0.000000,0.000000,-1.787307,0.000000,0.000000,-1.789569,0.000000,-1.994932,0.000000,0.000000,-2.094462,0.000000,-1.941706,0.000000,-1.978424,0.000000,-1.985738,0.000000,-1.896878,0.000000,-1.925100,-2.080004,0.000000,-1.949975,-2.521807,0.000000,-2.197296,-2.227480,-2.257883,0.000000,-2.285223,-1.929641,-2.607192,-2.345524,-2.167916,-1.961431,-2.447200,-2.315931,-2.432245,-2.700159,-2.827003,-5.216925,-2.577982,-2.691254,-5.460645,-2.177975,-2.319016,-4.476686,-2.069185,-4.774190,-4.525211,-2.654621,-4.575844,-4.340552,-4.564498,-4.616852,-4.936846,-4.930043,-5.192171,-4.866370,-5.051450,-7.307086,-7.785439
75,0.000122,0.444052,1510.68,1116.62,3000.00,0.789145,0.066667,140.62,0.054554,4.0729,-1.622631,0.000000,0.000000,0.000000,0.000000,0.000000,0.000000,0.000000,0.000000,0.000000,0.000000,0.000000,0.000000,0.000000,0.000000,0.000000,0.000000,0.000000,-1.367289,0.000000,0.000000,0.000000,0.000000,0.000000,0.000000,0.000000,0.000000,0.000000,0.000000,0.000000,0.000000,-1.263173,0.000000,0.000000,0.000000,0.000000,0.000000,0.000000,0.000000,-1.918571,0.000000,0.000000,0.000000,0.000000,0.000000,0.000000,-1.394399,0.000000,0.000000,0.000000,0.000000,0.000000,-1.357367,0.000000,0.000000,0.000000,-1.355562,0.000000,0.000000,0.000000,-1.872642,0.000000,0.000000,0.000000,-2.244950,0.000000,0.000000,-1.751076,0.000000,0.000000,-1.854233,0.000000,-2.110664,0.000000,0.000000,-2.215029,0.000000,-2.051427,0.000000,-2.506569,0.000000,-2.700632,0.000000,-2.512162,0.000000,-1.977299,-1.677109,0.000000,-1.680453,-1.905878,0.000000,-2.088966,-2.256734,-1.847941,0.000000,-1.717323,-1.780168,-2.022906,-2.013012,-1.786819,-1.732180,-1.892038,-2.046324,-2.021090,-2.059595,-2.061166,-4.044776,-2.284705,-2.527711,-4.715925,-2.035472,-2.030495,-3.587181,-1.666287,-3.671974,-3.920855,-2.142262,-4.451733,-5.072055,-4.343548,-3.729888,-3.713442,-4.235149,-3.517583,-3.929818,-3.552460,-5.560772,-6.794688
80,0.000097,0.217136,1740.32,1139.82,3093.75,0.793633,0.149020,328.12,0.047439,3.5160,-2.331293,0.000000,0.000000,0.000000,0.000000,0.000000,0.000000,0.000000,0.000000,0.000000,0.000000,0.000000,0.000000,0.000000,0.000000,0.000000,0.000000,0.000000,-1.644115,0.000000,0.000000,0.000000,0.000000,0.000000,0.000000,0.000000,0.000000,0.000000,0.000000,0.000000,0.000000,-1.347941,0.000000,0.000000,0.000000,0.000000,0.000000,0.000000,0.000000,-1.417789,0.000000,0.000000,0.000000,0.000000,0.000000,0.000000,-1.492446,0.000000,0.000000,0.000000,0.000000,0.000000,-1.926273,0.000000,0.000000,0.000000,-1.323861,0.000000,0.000000,0.000000,-1.697306,0.000000,0.000000,0.000000,-1.869796,0.000000,0.000000,-2.127674,0.000000,0.000000,-2.329026,0.000000,-2.780646,0.000000,0.000000,-1.944177,0.000000,-2.138559,0.000000,-2.943428,0.000000,-2.230158,0.000000,-1.959981,0.000000,-1.847878,-2.085232,0.000000,-1.667009,-1.719395,0.000000,-2.224838,-2.278024,-1.781304,0.000000,-1.727455,-2.047957,-2.256100,-2.221450,-1.842748,-1.896450,-2.022538,-2.831760,-2.050290,-1.959551,-1.918288,-3.701489,-2.007205,-2.101802,-4.279902,-2.264979,-2.818284,-3.769102,-1.724636,-4.073189,-4.148468,-2.129737,-4.830091,-4.291236,-3.847720,-3.493545,-3.395147,-3.538481,-3.243115,-3.333739,-3.307466,-5.331336,-6.257934
85,0.000096,0.123065,1276.76,1094.38,2859.38,0.718983,0.176471,328.12,0.049877,5.9380,-2.172633,0.000000,0.000000,0.000000,0.000000,0.000000,0.000000,0.000000,0.000000,0.000000,0.000000,0.000000,0.000000,0.000000,0.000000,0.000000,0.000000,0.000000,-1.745939,0.000000,0.000000,0.000000,0.000000,0.000000,0.000000,0.000000,0.000000,0.000000,0.000000,0.000000,0.000000,-1.546317,0.000000,0.000000,0.000000,0.000000,0.000000,0.000000,0.000000,-1.756593,0.000000,0.000000,0.000000,0.000000,0.000000,0.000000,-1.618761,0.000000,0.000000,0.000000,0.000000,0.000000,-1.361039,0.000000,0.000000,0.000000,-1.302101,0.000000,0.000000,0.000000,-1.530853,0.000000,0.000000,0.000000,-1.822366,0.000000,0.000000,-2.013179,0.000000,0.000000,-2.241558,0.000000,-2.295573,0.000000,0.000000,-1.970187,0.000000,-1.911505,0.000000,-2.199279,0.000000,-1.988563,0.000000,-1.855705,0.000000,-1.970876,-2.212071,0.000000,-1.868560,-1.825211,0.000000,-2.539504,-2.309484,-2.001586,0.000000,-2.035975,-2.465616,-2.492808,-2.221306,-2.260532,-2.778393,-2.339874,-2.412133,-2.354382,-2.403061,-2.416193,-4.392715,-2.337394,-2.347033,-4.757488,-2.665454,-2.276458,-4.840220,-2.333940,-4.829253,-6.115995,-2.913363,-5.207802,-4.820777,-4.344907,-4.539485,-4.209534,-4.134861,-4.092837,-4.013967,-4.360431,-6.902110,-7.751065
91,0.000094,0.051369,1081.63,1032.76,2531.25,0.609457,0.219608,281.25,0.044613,8.9359,-2.451685,0.000000,0.000000,0.000000,0.000000,0.000000,0.000000,0.000000,0.000000,0.000000,0.000000,0.000000,0.000000,0.000000,0.000000,0.000000,0.000000,0.000000,-1.876720,0.000000,0.000000,0.000000,0.000000,0.000000,0.000000,0.000000,0.000000,0.000000,0.000000,0.000000,0.000000,-1.648261,0.000000,0.000000,0.000000,0.000000,0.000000,0.000000,0.000000,-1.868064,0.000000,0.000000,0.000000,0.000000,0.000000,0.000000,-1.828280,0.000000,0.000000,0.000000,0.000000,0.000000,-1.350534,0.000000,0.000000,0.000000,-1.549669,0.000000,0.000000,0.000000,-1.939216,0.000000,0.000000,0.000000,-2.590091,0.000000,0.000000,-1.980238,0.000000,0.000000,-2.127738,0.000000,-2.764602,0.000000,0.000000,-2.103359,0.000000,-1.952005,0.000000,-2.027111,0.000000,-2.230324,0.000000,-2.312785,0.000000,-2.177070,-2.543589,0.000000,-2.019808,-2.076245,0.000000,-2.330168,-2.892405,-2.310781,0.000000,-2.648823,-2.578351,-2.645645,-2.582857,-3.428244,-2.469476,-2.383005,-2.578399,-2.559518,-2.482986,-2.640548,-5.403759,-2.624181,-2.791379,-5.527092,-2.352431,-2.806710,-5.338488,-2.852164,-4.992367,-5.289068,-3.875364,-6.220785,-5.359770,-5.682629,-5.869806,-5.218699,-6.142735,-5.317910,-5.231626,-4.675639,-7.180928,-8.052603
96,0.000107,0.268519,1101.74,1103.37,2765.62,0.624308,0.098039,281.25,0.039878,7.4895,-1.912872,0.000000,0.000000,0.000000,0.000000,0.000000,0.000000,0.000000,0.000000,0.000000,0.000000,0.000000,0.000000,0.000000,0.000000,0.000000,0.000000,0.000000,-1.632816,0.000000,0.000000,0.000000,0.000000,0.000000,0.000000,0.000000,0.000000,0.000000,0.000000,0.000000,0.000000,-1.768975,0.000000,0.000000,0.000000,0.000000,0.000000,0.000000,0.000000,-1.648102,0.000000,0.000000,0.000000,0.000000,0.000000,0.000000,-1.479382,0.000000,0.000000,0.000000,0.000000,0.000000,-1.399270,0.000000,0.000000,0.000000,-1.794120,0.000000,0.000000,0.000000,-2.326259,0.000000,0.000000,0.000000,-1.941533,0.000000,0.000000,-1.833421,0.000000,0.000000,-2.304768,0.000000,-2.163375,0.000000,0.000000,-2.505492,0.000000,-2.315905,0.000000,-2.667121,0.000000,-2.503239,0.000000,-2.276440,0.000000,-2.111514,-2.137964,0.000000,-2.303748,-2.179142,0.000000,-2.368282,-2.299173,-2.742183,0.000000,-2.472676,-2.448134,-2.504444,-2.766317,-2.595280,-2.504668,-3.006246,-2.656771,-2.816173,-2.612390,-2.965828,-6.084203,-2.375550,-2.505836,-5.271869,-2.389913,-2.574187,-5.821223,-3.302921,-4.978418,-5.573483,-3.012668,-6.422743,-5.588335,-5.401234,-5.140301,-4.932941,-5.464240,-5.228120,-4.782545,-4.508353,-7.236321,-7.315087
101,0.000071,0.279774,997.68,989.83,2250.00,0.632584,0.184314,93.75,0.031529,5.2838,-1.711720,0.000000,0.000000,0.000000,0.000000,0.000000,0.000000,0.000000,0.000000,0.000000,0.000000,0.000000,0.000000,0.000000,0.000000,0.000000,0.000000,0.000000,-1.501290,0.000000,0.000000,0.000000,0.000000,0.000000,0.000000,0.000000,0.000000,0.000000,0.000000,0.000000,0.000000,-1.686465,0.000000,0.000000,0.000000,0.000000,0.000000,0.000000,0.000000,-1.580157,0.000000,0.000000,0.000000,0.000000,0.000000,0.000000,-2.834598,0.000000,0.000000,0.000000,0.000000,0.000000,-1.521622,0.000000,0.000000,0.000000,-1.503986,0.000000,0.000000,0.000000,-1.665238,0.000000,0.000000,0.000000,-1.773690,0.000000,0.000000,-1.940405,0.000000,0.000000,-1.856309,0.000000,-2.009380,0.000000,0.000000,-2.332407,0.000000,-2.386603,0.000000,-2.279842,0.000000,-2.111689,0.000000,-2.069856,0.000000,-2.147783,-2.114569,0.000000,-2.184987,-2.115650,0.000000,-2.318400,-2.357395,-2.555366,0.000000,-2.490959,-2.309858,-2.137711,-2.161650,-2.308325,-2.748893,-2.635351,-2.552614,-2.668059,-2.798155,-2.561720,-4.855257,-2.777050,-2.621364,-5.418326,-2.865990,-2.433140,-5.122624,-2.896583,-5.019311,-5.281526,-2.646499,-6.159171,-5.755332,-4.960354,-5.335651,-5.612273,-5.076374,-5.296961,-5.659810,-4.751417,-7.528671,-7.727354
107,0.000079,0.167024,1022.07,1017.34,2390.62,0.619744,0.207843,140.62,0.029632,5.4685,-2.160692,0.000000,0.000000,0.000000,0.000000,0.000000,0.000000,0.000000,0.000000,0.000000,0.000000,0.000000,0.000000,0.000000,0.000000,0.000000,0.000000,0.000000,-1.555947,0.000000,0.000000,0.000000,0.000000,0.000000,0.000000,0.000000,0.000000,0.000000,0.000000,0.000000,0.000000,-1.528243,0.000000,0.000000,0.000000,0.000000,0.000000,0.000000,0.000000,-1.544047,0.000000,0.000000,0.000000,0.000000,0.000000,0.000000,-1.561787,0.000000,0.000000,0.000000,0.000000,0.000000,-2.022082,0.000000,0.000000,0.000000,-1.639142,0.000000,0.000000,0.000000,-1.617676,0.000000,0.000000,0.000000,-1.855873,0.000000,0.000000,-2.077140,0.000000,0.000000,-2.046699,0.000000,-2.150293,0.000000,0.000000,-2.382457,0.000000,-2.408178,0.000000,-2.082692,0.000000,-2.155694,0.000000,-2.332927,0.000000,-2.969090,-2.223044,0.000000,-2.095049,-2.348755,0.000000,-3.782386,-2.725361,-2.463981,0.000000,-2.783567,-2.565923,-2.257363,-2.156264,-2.337789,-2.951442,-2.600809,-2.386536,-2.637664,-3.016441,-2.771664,-4.942852,-2.637863,-2.540255,-5.025537,-2.773379,-2.461360,-4.764555,-2.608630,-5.454370,-5.398353,-2.523807,-5.428617,-5.718729,-4.865321,-5.005676,-5.844202,-5.709299,-5.524843,-5.824198,-4.741616,-7.701880,-7.852635
112,0.000061,0.148849,1126.13,1069.73,2578.12,0.611101,0.337255,234.38,0.024648,5.7597,-2.052176,0.000000,0.000000,0.000000,0.000000,0.000000,0.000000,0.000000,0.000000,0.000000,0.000000,0.000000,0.000000,0.000000,0.000000,0.000000,0.000000,0.000000,-1.712722,0.000000,0.000000,0.000000,0.000000,0.000000,0.000000,0.000000,0.000000,0.000000,0.000000,0.000000,0.000000,-2.005939,0.000000,0.000000,0.000000,0.000000,0.000000,0.000000,0.000000,-1.803332,0.000000,0.000000,0.000000,0.000000,0.000000,0.000000,-1.608226,0.000000,0.000000,0.000000,0.000000,0.000000,-1.664927,0.000000,0.000000,0.000000,-1.651990,0.000000,0.000000,0.000000,-2.227493,0.000000,0.000000,0.000000,-1.747776,0.000000,0.000000,-1.956856,0.000000,0.000000,-2.695356,0.000000,-2.520088,0.000000,0.000000,-2.237342,0.000000,-2.666697,0.000000,-2.183507,0.000000,-2.430736,0.000000,-2.346030,0.000000,-2.587145,-2.455733,0.000000,-2.625103,-2.502360,0.000000,-3.286449,-3.128959,-2.890945,0.000000,-2.549558,-2.942844,-2.687572,-2.857447,-2.419828,-3.114709,-2.593381,-2.658225,-2.600915,-4.051551,-2.878496,-5.180875,-3.187994,-2.402705,-5.367650,-2.744893,-2.439166,-5.315503,-2.518495,-5.396978,-4.972435,-2.708070,-5.355758,-4.570137,-4.708778,-4.984174,-7.006759,-5.985547,-5.742590,-5.347864,-5.791475,-7.352318,-8.266119
117,0.000072,0.230157,1230.50,1051.98,2625.00,0.743376,0.262745,375.00,0.019617,4.5011,-2.114981,0.000000,0.000000,0.000000,0.000000,0.000000,0.000000,0.000000,0.000000,0.000000,0.000000,0.000000,0.000000,0.000000,0.000000,0.000000,0.000000,0.000000,-2.022506,0.000000,0.000000,0.000000,0.000000,0.000000,0.000000,0.000000,0.000000,0.000000,0.000000,0.000000,0.000000,-2.098799,0.000000,0.000000,0.000000,0.000000,0.000000,0.000000,0.000000,-1.769792,0.000000,0.000000,0.000000,0.000000,0.000000,0.000000,-2.472471,0.000000,0.000000,0.000000,0.000000,0.000000,-1.826615,0.000000,0.000000,0.000000,-1.721071,0.000000,0.000000,0.000000,-1.707373,0.000000,0.000000,0.000000,-1.793546,0.000000,0.000000,-1.900078,0.000000,0.000000,-2.133865,0.000000,-2.040608,0.000000,0.000000,-2.181023,0.000000,-2.522892,0.000000,-2.395571,0.000000,-2.242626,0.000000,-2.268458,0.000000,-2.256097,-2.305266,0.000000,-2.411524,-2.375563,0.000000,-2.626403,-3.612007,-2.793730,0.000000,-2.930127,-2.615698,-2.539719,-2.522243,-2.581376,-2.633449,-2.642673,-2.895342,-2.579771,-2.582456,-2.613451,-5.519853,-2.578339,-2.353369,-5.029370,-2.316508,-2.368765,-5.425109,-2.496576,-5.375594,-5.537844,-2.618200,-4.753284,-4.955651,-5.078897,-5.289864,-5.398011,-5.212130,-5.398185,-5.097978,-5.654553,-7.326596,-8.197122
123,0.000081,0.184441,1290.25,1056.56,2625.00,0.740373,0.247059,234.38,0.022391,5.9371,-2.738917,0.000000,0.000000,0.000000,0.000000,0.000000,0.000000,0.000000,0.000000,0.000000,0.000000,0.000000,0.000000,0.000000,0.000000,0.000000,0.000000,0.000000,-2.231902,0.000000,0.000000,0.000000,0.000000,0.000000,0.000000,0.000000,0.000000,0.000000,0.000000,0.000000,0.000000,-2.152647,0.000000,0.000000,0.000000,0.000000,0.000000,0.000000,0.000000,-1.764086,0.000000,0.000000,0.000000,0.000000,0.000000,0.000000,-1.649921,0.000000,0.000000,0.000000,0.000000,0.000000,-1.917501,0.000000,0.000000,0.000000,-1.843562,0.000000,0.000000,0.000000,-2.099946,0.000000,0.000000,0.000000,-2.259347,0.000000,0.000000,-2.192334,0.000000,0.000000,-2.176199,0.000000,-2.120382,0.000000,0.000000,-2.258482,0.000000,-2.758230,0.000000,-2.702254,0.000000,-2.582798,0.000000,-3.120575,0.000000,-2.347174,-2.500651,0.000000,-2.470911,-2.276563,0.000000,-2.308204,-2.386613,-2.347088,0.000000,-2.484405,-2.457017,-2.640689,-2.593048,-2.712392,-2.819700,-2.727498,-3.014992,-2.564598,-2.611748,-3.615696,-5.454479,-2.571595,-2.412114,-5.542032,-2.615867,-2.194082,-4.748135,-2.490240,-6.123656,-5.389078,-2.313975,-4.968659,-5.577548,-5.415131,-5.556942,-5.120709,-5.795053,-5.183892,-5.045494,-5.453982,-8.254744,-7.877918
128,0.000080,0.231252,1252.91,1104.13,2765.62,0.655042,0.215686,234.38,0.035573,8.9324,-2.578788,0.000000,0.000000,0.000000,0.000000,0.000000,0.000000,0.000000,0.000000,0.000000,0.000000,0.000000,0.000000,0.000000,0.000000,0.000000,0.000000,0.000000,-2.181154,0.000000,0.000000,0.000000,0.000000,0.000000,0.000000,0.000000,0.000000,0.000000,0.000000,0.000000,0.000000,-2.182963,0.000000,0.000000,0.000000,0.000000,0.000000,0.000000,0.000000,-1.870495,0.000000,0.000000,0.000000,0.000000,0.000000,0.000000,-1.448876,0.000000,0.000000,0.000000,0.000000,0.000000,-1.540087,0.000000,0.000000,0.000000,-1.877574,0.000000,0.000000,0.000000,-2.215115,0.000000,0.000000,0.000000,-2.412118,0.000000,0.000000,-2.099937,0.000000,0.000000,-2.064475,0.000000,-2.379604,0.000000,0.000000,-2.301693,0.000000,-2.737563,0.000000,-2.600641,0.000000,-2.989529,0.000000,-2.581483,0.000000,-2.536487,-2.732709,0.000000,-2.481758,-2.624201,0.000000,-2.479488,-2.276886,-2.408217,0.000000,-2.266675,-2.499384,-3.401716,-3.319672,-2.548609,-2.676022,-3.155006,-2.725816,-2.760918,-3.012391,-2.843416,-6.030515,-2.820402,-2.825437,-5.850149,-2.889531,-2.196821,-4.667586,-2.647080,-6.168281,-5.422686,-2.460473,-5.406973,-4.661313,-5.224097,-5.483848,-4.795043,-5.739756,-5.535942,-5.147719,-4.830449,-8.347739,-7.804698
133,0.000072,0.212945,1219.04,1101.49,2812.50,0.670230,0.207843,234.38,0.031834,7.1163,-2.387351,0.000000,0.000000,0.000000,0.000000,0.000000,0.000000,0.000000,0.000000,0.000000,0.000000,0.000000,0.000000,0.000000,0.000000,0.000000,0.000000,0.000000,-2.568629,0.000000,0.000000,0.000000,0.000000,0.000000,0.000000,0.000000,0.000000,0.000000,0.000000,0.000000,0.000000,-2.180223,0.000000,0.000000,0.000000,0.000000,0.000000,0.000000,0.000000,-1.680951,0.000000,0.000000,0.000000,0.000000,0.000000,0.000000,-1.497103,0.000000,0.000000,0.000000,0.000000,0.000000,-1.547391,0.000000,0.000000,0.000000,-2.146675,0.000000,0.000000,0.000000,-1.798934,0.000000,0.000000,0.000000,-1.916221,0.000000,0.000000,-1.921443,0.000000,0.000000,-2.024901,0.000000,-2.171175,0.000000,0.000000,-2.119437,0.000000,-2.227783,0.000000,-2.487796,0.000000,-2.487382,0.000000,-2.367021,0.000000,-2.570960,-2.751436,0.000000,-2.506600,-2.610131,0.000000,-2.496544,-2.436883,-2.621741,0.000000,-2.340446,-2.678150,-2.880695,-2.636010,-2.488336,-2.594193,-2.861700,-2.680899,-2.509633,-2.565068,-2.772651,-5.349352,-2.891406,-2.683043,-5.450598,-2.884889,-2.259732,-4.456775,-2.738412,-5.812249,-6.365869,-3.216103,-5.292754,-5.166589,-5.097516,-6.647370,-4.865555,-5.546638,-5.502368,-5.130698,-4.768422,-7.449562,-7.126438
139,0.000093,0.202274,1224.49,1083.64,2765.62,0.665907,0.203922,328.12,0.029921,7.9331,-2.433462,0.000000,0.000000,0.000000,0.000000,0.000000,0.000000,0.000000,0.000000,0.000000,0.000000,0.000000,0.000000,0.000000,0.000000,0.000000,0.000000,0.000000,-2.242767,0.000000,0.000000,0.000000,0.000000,0.000000,0.000000,0.000000,0.000000,0.000000,0.000000,0.000000,0.000000,-2.064742,0.000000,0.000000,0.000000,0.000000,0.000000,0.000000,0.000000,-1.806978,0.000000,0.000000,0.000000,0.000000,0.000000,0.000000,-2.102701,0.000000,0.000000,0.000000,0.000000,0.000000,-1.606038,0.000000,0.000000,0.000000,-1.524021,0.000000,0.000000,0.000000,-1.763393,0.000000,0.000000,0.000000,-2.491952,0.000000,0.000000,-2.095424,0.000000,0.000000,-2.560123,0.000000,-3.077635,0.000000,0.000000,-2.220515,0.000000,-2.243907,0.000000,-2.913524,0.000000,-2.769673,0.000000,-2.327258,0.000000,-2.743901,-2.619429,0.000000,-2.578863,-3.004528,0.000000,-3.034413,-2.570476,-2.530608,0.000000,-2.493748,-2.689265,-2.771244,-2.578456,-2.882335,-2.701199,-2.649290,-2.650543,-2.408754,-2.427854,-2.452324,-4.871264,-2.674407,-2.425363,-5.666912,-2.500182,-2.795672,-4.737221,-2.911210,-6.308567,-5.996385,-2.830342,-5.682727,-5.327158,-6.287243,-5.240204,-4.983206,-5.236420,-6.190464,-4.732464,-5.921064,-8.192467,-7.461543
144,0.000081,0.318127,1091.05,1099.38,2718.75,0.626802,0.243137,281.25,0.024438,5.3543,-1.821479,0.000000,0.000000,0.000000,0.000000,0.000000,0.000000,0.000000,0.000000,0.000000,0.000000,0.000000,0.000000,0.000000,0.000000,0.000000,0.000000,0.000000,-1.646723,0.000000,0.000000,0.000000,0.000000,0.000000,0.000000,0.000000,0.000000,0.000000,0.000000,0.000000,0.000000,-1.677614,0.000000,0.000000,0.000000,0.000000,0.000000,0.000000,0.000000,-1.633405,0.000000,0.000000,0.000000,0.000000,0.000000,0.000000,-1.631366,0.000000,0.000000,0.000000,0.000000,0.000000,-1.611938,0.000000,0.000000,0.000000,-1.664999,0.000000,0.000000,0.000000,-2.045100,0.000000,0.000000,0.000000,-2.161177,0.000000,0.000000,-2.375889,0.000000,0.000000,-2.398630,0.000000,-2.423657,0.000000,0.000000,-2.214407,0.000000,-2.368921,0.000000,-2.751810,0.000000,-2.430657,0.000000,-2.325345,0.000000,-2.638979,-2.634732,0.000000,-2.479181,-2.726857,0.000000,-2.599386,-2.457011,-2.732620,0.000000,-2.571277,-2.936689,-2.679573,-2.962449,-2.914095,-2.585145,-2.571560,-2.624710,-2.540824,-2.904660,-2.643269,-4.838834,-2.360248,-2.556670,-5.820998,-2.575914,-2.573865,-4.690326,-2.572451,-6.292233,-6.830249,-2.714139,-5.435186,-6.089204,-5.658241,-5.311123,-5.256523,-4.813566,-4.835924,-4.635379,-5.490237,-8.486557,-7.539279
149,0.000118,0.203632,978.44,1056.97,2484.38,0.561952,0.149020,93.75,0.037938,8.3113,-1.668939,0.000000,0.000000,0.000000,0.000000,0.000000,0.000000,0.000000,0.000000,0.000000,0.000000,0.000000,0.000000,0.000000,0.000000,0.000000,0.000000,0.000000,-1.420920,0.000000,0.000000,0.000000,0.000000,0.000000,0.000000,0.000000,0.000000,0.000000,0.000000,0.000000,0.000000,-1.517585,0.000000,0.000000,0.000000,0.000000,0.000000,0.000000,0.000000,-1.481485,0.000000,0.000000,0.000000,0.000000,0.000000,0.000000,-1.729807,0.000000,0.000000,0.000000,0.000000,0.000000,-1.789617,0.000000,0.000000,0.000000,-1.980104,0.000000,0.000000,0.000000,-2.573306,0.000000,0.000000,0.000000,-2.201862,0.000000,0.000000,-2.487869,0.000000,0.000000,-2.406594,0.000000,-2.278343,0.000000,0.000000,-2.292186,0.000000,-3.414230,0.000000,-2.349542,0.000000,-2.558556,0.000000,-2.485017,0.000000,-2.360279,-2.341253,0.000000,-2.345854,-2.755795,0.000000,-2.594353,-2.485119,-2.446238,0.000000,-2.931774,-2.538423,-2.522028,-2.872224,-3.080926,-2.504329,-2.542954,-2.707219,-2.589338,-2.469872,-2.497267,-4.902761,-2.643672,-2.959337,-5.112075,-3.275527,-2.661665,-5.086457,-2.907233,-6.712002,-6.311415,-2.827990,-5.104814,-5.946251,-5.972147,-5.137333,-6.159155,-4.809174,-4.774841,-5.102189,-5.428553,-8.903193,-8.357892
155,0.000169,0.297059,943.65,999.44,2296.88,0.547133,0.054902,187.50,0.042719,7.7755,-2.125648,0.000000,0.000000,0.000000,0.000000,0.000000,0.000000,0.000000,0.000000,0.000000,0.000000,0.000000,0.000000,0.000000,0.000000,0.000000,0.000000,0.000000,-1.426921,0.000000,0.000000,0.000000,0.000000,0.000000,0.000000,0.000000,0.000000,0.000000,0.000000,0.000000,0.000000,-1.480333,0.000000,0.000000,0.000000,0.000000,0.000000,0.000000,0.000000,-1.369383,0.000000,0.000000,0.000000,0.000000,0.000000,0.000000,-1.399009,0.000000,0.000000,0.000000,0.000000,0.000000,-1.757411,0.000000,0.000000,0.000000,-1.741162,0.000000,0.000000,0.000000,-1.846673,0.000000,0.000000,0.000000,-1.927572,0.000000,0.000000,-2.777744,0.000000,0.000000,-2.291305,0.000000,-2.622747,0.000000,0.000000,-2.192485,0.000000,-2.356438,0.000000,-2.887154,0.000000,-2.259046,0.000000,-2.133319,0.000000,-2.294235,-2.369606,0.000000,-2.101518,-2.409929,0.000000,-3.051328,-3.145429,-2.369342,0.000000,-2.371115,-2.374580,-3.739035,-2.479116,-2.511583,-2.751338,-2.502486,-2.433304,-2.762025,-2.423650,-2.912917,-5.890114,-2.748795,-3.097721,-4.862391,-2.988137,-2.521181,-4.489190,-2.537773,-5.512692,-5.074995,-2.652599,-5.269539,-5.441670,-5.214303,-4.982819,-5.696280,-4.649292,-5.216600,-5.307691,-5.497916,-8.937819,-8.965067
160,0.000087,0.332275,906.08,962.03,2156.25,0.573603,0.156863,187.50,0.069883,9.0705,-1.858449,0.000000,0.000000,0.000000,0.000000,0.000000,0.000000,0.000000,0.000000,0.000000,0.000000,0.000000,0.000000,0.000000,0.000000,0.000000,0.000000,0.000000,-1.574512,0.000000,0.000000,0.000000,0.000000,0.000000,0.000000,0.000000,0.000000,0.000000,0.000000,0.000000,0.000000,-1.284825,0.000000,0.000000,0.000000,0.000000,0.000000,0.000000,0.000000,-1.155629,0.000000,0.000000,0.000000,0.000000,0.000000,0.000000,-1.257015,0.000000,0.000000,0.000000,0.000000,0.000000,-1.601169,0.000000,0.000000,0.000000,-1.476374,0.000000,0.000000,0.000000,-1.855736,0.000000,0.000000,0.000000,-1.780054,0.000000,0.000000,-1.883838,0.000000,0.000000,-1.964615,0.000000,-2.150530,0.000000,0.000000,-2.366955,0.000000,-2.290829,0.000000,-2.440171,0.000000,-2.253371,0.000000,-1.964498,0.000000,-2.022937,-2.132649,0.000000,-2.177978,-2.246399,0.000000,-2.413092,-2.434141,-2.543275,0.000000,-2.268626,-2.204142,-2.360726,-2.348766,-2.285240,-2.389346,-2.371344,-2.443309,-2.514316,-2.387141,-2.602720,-5.950568,-2.774551,-2.760075,-4.984930,-2.531376,-2.312158,-4.308765,-2.448066,-5.637923,-4.371537,-2.444655,-5.641324,-4.790601,-5.189438,-4.724975,-5.507174,-4.821009,-5.483375,-5.217482,-5.024303,-8.448601,-7.921165
165,0.000058,0.131784,948.79,994.36,2343.75,0.556959,0.290196,281.25,0.054254,8.7181,-2.092633,0.000000,0.000000,0.000000,0.000000,0.000000,0.000000,0.000000,0.000000,0.000000,0.000000,0.000000,0.000000,0.000000,0.000000,0.000000,0.000000,0.000000,-2.165965,0.000000,0.000000,0.000000,0.000000,0.000000,0.000000,0.000000,0.000000,0.000000,0.000000,0.000000,0.000000,-1.567020,0.000000,0.000000,0.000000,0.000000,0.000000,0.000000,0.000000,-1.459389,0.000000,0.000000,0.000000,0.000000,0.000000,0.000000,-1.311561,0.000000,0.000000,0.000000,0.000000,0.000000,-1.265566,0.000000,0.000000,0.000000,-1.381823,0.000000,0.000000,0.000000,-1.784682,0.000000,0.000000,0.000000,-1.826296,0.000000,0.000000,-1.857417,0.000000,0.000000,-1.895094,0.000000,-2.712532,0.000000,0.000000,-2.797121,0.000000,-2.342480,0.000000,-2.366716,0.000000,-2.589513,0.000000,-2.074569,0.000000,-2.091551,-2.313578,0.000000,-2.953227,-2.637771,0.000000,-2.406448,-2.517422,-2.832634,0.000000,-2.495317,-2.378260,-2.486938,-2.860209,-2.497561,-2.478766,-2.544458,-2.726110,-2.970254,-2.587656,-2.346674,-5.379279,-2.948997,-3.014670,-5.928263,-2.691849,-2.400222,-5.132751,-2.486564,-5.366926,-4.570850,-2.297158,-5.149396,-4.999847,-4.971230,-5.207832,-4.948576,-5.427970,-4.926094,-5.235094,-5.367627,-8.659523,-7.786565
171,0.000072,0.126558,1073.86,1046.52,2625.00,0.598592,0.274510,328.12,0.032399,7.9822,-2.093561,0.000000,0.000000,0.000000,0.000000,0.000000,0.000000,0.000000,0.000000,0.000000,0.000000,0.000000,0.000000,0.000000,0.000000,0.000000,0.000000,0.000000,-2.098198,0.000000,0.000000,0.000000,0.000000,0.000000,0.000000,0.000000,0.000000,0.000000,0.000000,0.000000,0.000000,-1.824659,0.000000,0.000000,0.000000,0.000000,0.000000,0.000000,0.000000,-2.092744,0.000000,0.000000,0.000000,0.000000,0.000000,0.000000,-1.950187,0.000000,0.000000,0.000000,0.000000,0.000000,-1.645473,0.000000,0.000000,0.000000,-1.489474,0.000000,0.000000,0.000000,-1.558811,0.000000,0.000000,0.000000,-1.981101,0.000000,0.000000,-2.076630,0.000000,0.000000,-2.061129,0.000000,-2.285750,0.000000,0.000000,-2.318539,0.000000,-2.234718,0.000000,-2.532020,0.000000,-2.516681,0.000000,-2.356888,0.000000,-2.769919,-2.815775,0.000000,-2.513462,-2.570038,0.000000,-2.400447,-2.737468,-2.433461,0.000000,-3.052961,-2.828939,-2.925664,-2.755570,-3.441664,-2.816632,-2.825498,-2.577318,-3.106430,-2.972811,-2.455308,-5.234380,-3.279286,-3.052287,-6.231571,-2.948024,-2.524247,-6.250583,-3.030549,-5.308231,-6.044044,-2.808651,-4.849931,-5.229334,-5.049309,-5.479392,-4.983619,-6.082594,-4.878625,-5.141602,-6.113984,-7.754281,-8.694494
176,0.000092,0.251491,1125.11,1062.39,2578.12,0.670814,0.160784,93.75,0.025766,7.0767,-1.766704,0.000000,0.000000,0.000000,0.000000,0.000000,0.000000,0.000000,0.000000,0.000000,0.000000,0.000000,0.000000,0.000000,0.000000,0.000000,0.000000,0.000000,-1.588959,0.000000,0.000000,0.000000,0.000000,0.000000,0.000000,0.000000,0.000000,0.000000,0.000000,0.000000,0.000000,-1.715117,0.000000,0.000000,0.000000,0.000000,0.000000,0.000000,0.000000,-2.249390,0.000000,0.000000,0.000000,0.000000,0.000000,0.000000,-2.050062,0.000000,0.000000,0.000000,0.000000,0.000000,-2.233410,0.000000,0.000000,0.000000,-1.904890,0.000000,0.000000,0.000000,-2.028300,0.000000,0.000000,0.000000,-1.907877,0.000000,0.000000,-2.083516,0.000000,0.000000,-2.646869,0.000000,-3.472440,0.000000,0.000000,-2.246526,0.000000,-2.467232,0.000000,-2.693169,0.000000,-2.447060,0.000000,-2.518306,0.000000,-2.983728,-2.635358,0.000000,-2.843887,-2.293273,0.000000,-2.146978,-2.211494,-2.571459,0.000000,-2.726588,-2.692288,-2.835524,-2.888234,-2.915814,-2.654042,-2.614659,-2.738709,-2.637063,-2.817519,-2.455680,-5.595399,-2.878258,-3.191571,-5.993241,-2.674760,-2.386382,-5.016516,-2.790599,-5.826814,-6.009842,-3.039540,-5.022858,-4.939661,-5.119403,-5.412765,-5.130226,-5.565657,-5.758998,-5.679932,-5.620605,-7.912768,-8.666361
181,0.000079,0.303802,1008.03,1019.07,2390.62,0.593541,0.258824,93.75,0.028844,6.7726,-1.869689,0.000000,0.000000,0.000000,0.000000,0.000000,0.000000,0.000000,0.000000,0.000000,0.000000,0.000000,0.000000,0.000000,0.000000,0.000000,0.000000,0.000000,-1.539937,0.000000,0.000000,0.000000,0.000000,0.000000,0.000000,0.000000,0.000000,0.000000,0.000000,0.000000,0.000000,-1.651653,0.000000,0.000000,0.000000,0.000000,0.000000,0.000000,0.000000,-1.898275,0.000000,0.000000,0.000000,0.000000,0.000000,0.000000,-1.684523,0.000000,0.000000,0.000000,0.000000,0.000000,-1.633083,0.000000,0.000000,0.000000,-1.893231,0.000000,0.000000,0.000000,-2.646374,0.000000,0.000000,0.000000,-1.995653,0.000000,0.000000,-1.902211,0.000000,0.000000,-2.150195,0.000000,-2.211585,0.000000,0.000000,-3.283715,0.000000,-2.383131,0.000000,-2.328539,0.000000,-2.278376,0.000000,-3.315153,0.000000,-2.335860,-2.277606,0.000000,-2.432225,-2.713575,0.000000,-2.223632,-2.323696,-2.638900,0.000000,-2.626927,-2.466182,-2.892851,-3.032608,-2.962472,-2.626104,-3.145281,-3.403580,-2.630175,-2.462886,-2.687777,-5.227795,-2.816706,-2.715290,-5.230862,-2.411874,-2.478093,-4.997437,-2.727009,-6.031394,-5.404288,-2.634628,-5.400704,-5.501893,-5.907392,-6.180565,-5.524341,-4.808261,-6.334277,-5.362860,-5.363077,-9.094697,-8.091969
187,0.000117,0.304034,988.65,951.16,2203.12,0.601862,0.086275,281.25,0.032860,6.8811,-1.942751,0.000000,0.000000,0.000000,0.000000,0.000000,0.000000,0.000000,0.000000,0.000000,0.000000,0.000000,0.000000,0.000000,0.000000,0.000000,0.000000,0.000000,-1.630944,0.000000,0.000000,0.000000,0.000000,0.000000,0.000000,0.000000,0.000000,0.000000,0.000000,0.000000,0.000000,-2.563910,0.000000,0.000000,0.000000,0.000000,0.000000,0.000000,0.000000,-1.652761,0.000000,0.000000,0.000000,0.000000,0.000000,0.000000,-2.321039,0.000000,0.000000,0.000000,0.000000,0.000000,-1.483327,0.000000,0.000000,0.000000,-1.505743,0.000000,0.000000,0.000000,-1.755590,0.000000,0.000000,0.000000,-1.917722,0.000000,0.000000,-2.018681,0.000000,0.000000,-1.906813,0.000000,-2.173907,0.000000,0.000000,-2.318855,0.000000,-2.243400,0.000000,-2.425529,0.000000,-2.233184,0.000000,-2.160909,0.000000,-2.102070,-2.217087,0.000000,-2.283958,-2.283055,0.000000,-2.230429,-3.021687,-2.753761,0.000000,-2.451723,-2.270354,-2.645366,-3.039580,-2.557007,-2.378304,-2.638330,-2.847724,-2.804287,-2.490904,-2.791061,-5.465816,-3.347533,-2.785504,-5.660062,-2.541773,-2.342060,-4.648332,-2.820269,-5.983624,-5.522823,-3.015675,-5.466819,-4.975529,-5.269335,-6.232857,-5.163723,-5.134686,-5.546222,-5.011519,-5.630801,-9.523411,-8.461210
192,0.000079,0.271287,928.84,966.56,2203.12,0.588592,0.188235,281.25,0.041200,7.3609,-1.719707,0.000000,0.000000,0.000000,0.000000,0.000000,0.000000,0.000000,0.000000,0.000000,0.000000,0.000000,0.000000,0.000000,0.000000,0.000000,0.000000,0.000000,-1.909585,0.000000,0.000000,0.000000,0.000000,0.000000,0.000000,0.000000,0.000000,0.000000,0.000000,0.000000,0.000000,-1.680311,0.000000,0.000000,0.000000,0.000000,0.000000,0.000000,0.000000,-1.471959,0.000000,0.000000,0.000000,0.000000,0.000000,0.000000,-1.448563,0.000000,0.000000,0.000000,0.000000,0.000000,-1.385104,0.000000,0.000000,0.000000,-1.525810,0.000000,0.000000,0.000000,-1.925112,0.000000,0.000000,0.000000,-1.939092,0.000000,0.000000,-2.061807,0.000000,0.000000,-1.964569,0.000000,-2.616768,0.000000,0.000000,-2.245717,0.000000,-2.623125,0.000000,-2.553222,0.000000,-2.213366,0.000000,-2.080436,0.000000,-2.316674,-2.599728,0.000000,-2.645857,-2.134852,0.000000,-2.200803,-2.383943,-2.376087,0.000000,-2.263295,-2.239521,-2.433574,-2.494160,-2.321983,-2.314343,-2.390480,-2.594687,-2.644619,-2.605534,-2.748271,-6.018057,-2.876389,-3.404155,-5.633790,-2.542048,-2.519239,-5.020424,-2.775724,-5.661204,-5.852111,-2.955628,-5.528281,-4.823987,-5.395150,-5.489089,-5.133509,-5.317173,-4.929206,-4.949033,-5.291865,-8.858133,-8.119868
197,0.000104,0.113428,931.77,993.11,2250.00,0.561403,0.164706,187.50,0.036280,7.5319,-1.623145,0.000000,0.000000,0.000000,0.000000,0.000000,0.000000,0.000000,0.000000,0.000000,0.000000,0.000000,0.000000,0.000000,0.000000,0.000000,0.000000,0.000000,-1.888008,0.000000,0.000000,0.000000,0.000000,0.000000,0.000000,0.000000,0.000000,0.000000,0.000000,0.000000,0.000000,-1.807642,0.000000,0.000000,0.000000,0.000000,0.000000,0.000000,0.000000,-1.440332,0.000000,0.000000,0.000000,0.000000,0.000000,0.000000,-1.464059,0.000000,0.000000,0.000000,0.000000,0.000000,-1.733905,0.000000,0.000000,0.000000,-1.581507,0.000000,0.000000,0.000000,-1.972843,0.000000,0.000000,0.000000,-2.087303,0.000000,0.000000,-2.146740,0.000000,0.000000,-1.998215,0.000000,-2.366830,0.000000,0.000000,-2.343830,0.000000,-2.249435,0.000000,-2.165365,0.000000,-2.213233,0.000000,-2.390884,0.000000,-2.854736,-2.642268,0.000000,-2.727808,-2.191270,0.000000,-2.509546,-2.628572,-2.455314,0.000000,-2.757738,-2.488464,-2.858711,-2.674618,-2.337019,-3.901557,-2.503372,-2.961936,-2.717854,-3.693887,-2.891284,-5.723663,-2.588383,-2.735009,-5.048704,-2.502592,-3.004673,-5.245095,-2.384147,-5.242773,-5.362761,-2.573787,-5.780039,-5.654142,-6.131296,-5.140640,-6.080386,-5.254397,-4.761188,-5.966534,-5.524970,-7.802771,-8.819858
203,0.000099,0.170402,924.63,973.63,2203.12,0.552578,0.113725,234.38,0.034625,6.9858,-1.536915,0.000000,0.000000,0.000000,0.000000,0.000000,0.000000,0.000000,0.000000,0.000000,0.000000,0.000000,0.000000,0.000000,0.000000,0.000000,0.000000,0.000000,-1.659825,0.000000,0.000000,0.000000,0.000000,0.000000,0.000000,0.000000,0.000000,0.000000,0.000000,0.000000,0.000000,-2.136784,0.000000,0.000000,0.000000,0.000000,0.000000,0.000000,0.000000,-1.541758,0.000000,0.000000,0.000000,0.000000,0.000000,0.000000,-1.460608,0.000000,0.000000,0.000000,0.000000,0.000000,-1.626107,0.000000,0.000000,0.000000,-1.601214,0.000000,0.000000,0.000000,-2.197744,0.000000,0.000000,0.000000,-2.018941,0.000000,0.000000,-1.970163,0.000000,0.000000,-2.160437,0.000000,-2.583755,0.000000,0.000000,-2.203697,0.000000,-1.977561,0.000000,-2.384095,0.000000,-2.321712,0.000000,-2.455049,0.000000,-2.261658,-2.481477,0.000000,-2.582014,-2.273041,0.000000,-2.269260,-2.967434,-2.511035,0.000000,-2.484001,-2.833520,-2.877346,-3.104360,-2.324120,-2.215702,-2.422829,-3.024190,-2.921359,-2.633980,-2.828767,-5.251307,-2.410101,-3.175501,-5.386699,-2.586498,-2.929957,-5.838274,-2.364784,-6.156214,-4.966448,-2.619501,-5.942870,-5.718790,-6.031110,-5.080168,-5.562304,-4.936166,-4.894867,-6.411800,-5.626514,-8.425970,-9.013975
208,0.000079,0.230557,1018.89,984.25,2343.75,0.632992,0.188235,187.50,0.038433,6.9260,-1.684186,0.000000,0.000000,0.000000,0.000000,0.000000,0.000000,0.000000,0.000000,0.000000,0.000000,0.000000,0.000000,0.000000,0.000000,0.000000,0.000000,0.000000,-1.790016,0.000000,0.000000,0.000000,0.000000,0.000000,0.000000,0.000000,0.000000,0.000000,0.000000,0.000000,0.000000,-2.215034,0.000000,0.000000,0.000000,0.000000,0.000000,0.000000,0.000000,-1.415292,0.000000,0.000000,0.000000,0.000000,0.000000,0.000000,-1.454674,0.000000,0.000000,0.000000,0.000000,0.000000,-2.415041,0.000000,0.000000,0.000000,-1.586540,0.000000,0.000000,0.000000,-1.712949,0.000000,0.000000,0.000000,-1.868806,0.000000,0.000000,-1.953833,0.000000,0.000000,-2.028558,0.000000,-2.108004,0.000000,0.000000,-1.934124,0.000000,-1.950462,0.000000,-2.220959,0.000000,-2.158842,0.000000,-2.097983,0.000000,-2.408172,-2.601903,0.000000,-2.809911,-2.328382,0.000000,-2.268986,-2.513981,-2.365010,0.000000,-2.291097,-2.528913,-2.705106,-2.554743,-2.250762,-2.225415,-2.309091,-2.488305,-2.543223,-2.650976,-2.739026,-4.996084,-2.538779,-2.611372,-6.228606,-2.851549,-2.441044,-4.832047,-2.735997,-5.202685,-4.772102,-2.520590,-6.096832,-5.514616,-6.039490,-5.317313,-5.009199,-4.483593,-4.923450,-5.329561,-5.712166,-8.073301,-8.669627
213,0.000079,0.148571,977.12,1008.91,2343.75,0.597295,0.149020,234.38,0.035980,7.4740,-1.865731,0.000000,0.000000,0.000000,0.000000,0.000000,0.000000,0.000000,0.000000,0.000000,0.000000,0.000000,0.000000,0.000000,0.000000,0.000000,0.000000,0.000000,-1.842631,0.000000,0.000000,0.000000,0.000000,0.000000,0.000000,0.000000,0.000000,0.000000,0.000000,0.000000,0.000000,-1.593930,0.000000,0.000000,0.000000,0.000000,0.000000,0.000000,0.000000,-1.469427,0.000000,0.000000,0.000000,0.000000,0.000000,0.000000,-1.443945,0.000000,0.000000,0.000000,0.000000,0.000000,-1.808343,0.000000,0.000000,0.000000,-1.807587,0.000000,0.000000,0.000000,-1.629234,0.000000,0.000000,0.000000,-2.203668,0.000000,0.000000,-2.216136,0.000000,0.000000,-2.755134,0.000000,-2.144348,0.000000,0.000000,-2.365180,0.000000,-2.073055,0.000000,-2.492588,0.000000,-2.160114,0.000000,-2.143982,0.000000,-3.041046,-2.964752,0.000000,-2.446778,-2.480065,0.000000,-2.493549,-2.949239,-2.473327,0.000000,-2.493783,-2.661922,-3.473035,-2.391177,-2.438573,-2.874136,-2.845181,-2.508053,-2.583261,-3.246519,-3.012198,-5.049804,-3.052090,-2.614228,-5.126506,-2.653107,-2.632759,-4.708790,-2.802798,-5.234809,-5.285543,-2.748288,-5.334142,-5.752510,-5.460607,-5.589677,-5.343027,-4.662484,-5.351407,-5.556905,-5.527693,-7.723087,-8.996449
219,0.000080,0.187186,955.24,996.18,2390.62,0.557307,0.290196,234.38,0.028974,7.2088,-1.520523,0.000000,0.000000,0.000000,0.000000,0.000000,0.000000,0.000000,0.000000,0.000000,0.000000,0.000000,0.000000,0.000000,0.000000,0.000000,0.000000,0.000000,-1.736808,0.000000,0.000000,0.000000,0.000000,0.000000,0.000000,0.000000,0.000000,0.000000,0.000000,0.000000,0.000000,-1.889636,0.000000,0.000000,0.000000,0.000000,0.000000,0.000000,0.000000,-2.337506,0.000000,0.000000,0.000000,0.000000,0.000000,0.000000,-1.537993,0.000000,0.000000,0.000000,0.000000,0.000000,-1.749568,0.000000,0.000000,0.000000,-1.925756,0.000000,0.000000,0.000000,-1.765015,0.000000,0.000000,0.000000,-1.992218,0.000000,0.000000,-2.614569,0.000000,0.000000,-2.199479,0.000000,-2.165597,0.000000,0.000000,-2.401657,0.000000,-2.490375,0.000000,-2.202205,0.000000,-2.164942,0.000000,-2.380786,0.000000,-2.469432,-2.372729,0.000000,-2.357932,-2.934573,0.000000,-3.153816,-2.561102,-2.717052,0.000000,-3.033995,-3.244357,-2.566537,-2.452737,-2.761031,-2.990631,-2.920728,-2.740887,-2.985455,-3.225375,-3.588896,-5.627302,-2.739312,-2.957487,-5.203119,-3.189580,-2.792922,-4.805082,-2.850154,-5.307278,-5.870752,-2.822242,-5.645555,-5.456348,-4.993707,-5.092706,-5.226475,-5.774488,-5.175669,-7.017745,-5.340776,-9.162297,-9.529278
224,0.000050,0.179660,982.33,1031.07,2437.50,0.611854,0.333333,234.38,0.022482,5.7772,-1.499921,0.000000,0.000000,0.000000,0.000000,0.000000,0.000000,0.000000,0.000000,0.000000,0.000000,0.000000,0.000000,0.000000,0.000000,0.000000,0.000000,0.000000,-1.730979,0.000000,0.000000,0.000000,0.000000,0.000000,0.000000,0.000000,0.000000,0.000000,0.000000,0.000000,0.000000,-1.855439,0.000000,0.000000,0.000000,0.000000,0.000000,0.000000,0.000000,-1.666736,0.000000,0.000000,0.000000,0.000000,0.000000,0.000000,-1.648165,0.000000,0.000000,0.000000,0.000000,0.000000,-1.954602,0.000000,0.000000,0.000000,-2.477129,0.000000,0.000000,0.000000,-2.085982,0.000000,0.000000,0.000000,-2.006776,0.000000,0.000000,-2.346731,0.000000,0.000000,-2.165979,0.000000,-2.107869,0.000000,0.000000,-2.418647,0.000000,-2.649464,0.000000,-2.310908,0.000000,-2.313832,0.000000,-2.744104,0.000000,-2.643958,-2.403368,0.000000,-2.228781,-2.404332,0.000000,-2.650292,-2.577838,-2.533510,0.000000,-2.642298,-2.675448,-2.959451,-2.555383,-2.942032,-3.007586,-2.661157,-3.037742,-3.111893,-3.034909,-3.007044,-6.797028,-3.122270,-2.998550,-5.354720,-2.603230,-2.482941,-5.452094,-2.782496,-5.192134,-5.491600,-2.660020,-5.355519,-5.210726,-5.566561,-5.293761,-5.752178,-4.748814,-5.582431,-5.972900,-5.556681,-9.213048,-8.492562
229,0.000096,0.164557,1169.76,1072.20,2625.00,0.657763,0.180392,140.62,0.020879,6.8032,-1.710653,0.000000,0.000000,0.000000,0.000000,0.000000,0.000000,0.000000,0.000000,0.000000,0.000000,0.000000,0.000000,0.000000,0.000000,0.000000,0.000000,0.000000,-2.111120,0.000000,0.000000,0.000000,0.000000,0.000000,0.000000,0.000000,0.000000,0.000000,0.000000,0.000000,0.000000,-1.680294,0.000000,0.000000,0.000000,0.000000,0.000000,0.000000,0.000000,-1.961204,0.000000,0.000000,0.000000,0.000000,0.000000,0.000000,-1.909146,0.000000,0.000000,0.000000,0.000000,0.000000,-2.320934,0.000000,0.000000,0.000000,-3.487591,0.000000,0.000000,0.000000,-2.282356,0.000000,0.000000,0.000000,-2.068143,0.000000,0.000000,-2.519243,0.000000,0.000000,-2.315541,0.000000,-2.516037,0.000000,0.000000,-2.592258,0.000000,-2.790283,0.000000,-2.447078,0.000000,-2.663048,0.000000,-2.218256,0.000000,-2.424027,-2.409322,0.000000,-2.670652,-2.365355,0.000000,-2.940093,-2.716459,-2.743126,0.000000,-2.591084,-2.648533,-2.791764,-2.648022,-2.682527,-2.745911,-2.465187,-2.759040,-3.711588,-2.718919,-2.598132,-5.393511,-3.291391,-2.930146,-6.700959,-2.713982,-2.631213,-5.411894,-2.420240,-5.212745,-6.374241,-2.863340,-5.870925,-5.409056,-5.136023,-5.126858,-5.810168,-5.212414,-6.054841,-5.465047,-6.589326,-9.237457,-8.041637
235,0.000084,0.312293,1106.10,1052.84,2484.38,0.663858,0.192157,234.38,0.015620,4.3291,-1.516496,0.000000,0.000000,0.000000,0.000000,0.000000,0.000000,0.000000,0.000000,0.000000,0.000000,0.000000,0.000000,0.000000,0.000000,0.000000,0.000000,0.000000,-1.652762,0.000000,0.000000,0.000000,0.000000,0.000000,0.000000,0.000000,0.000000,0.000000,0.000000,0.000000,0.000000,-2.346228,0.000000,0.000000,0.000000,0.000000,0.000000,0.000000,0.000000,-1.930800,0.000000,0.000000,0.000000,0.000000,0.000000,0.000000,-1.806311,0.000000,0.000000,0.000000,0.000000,0.000000,-2.044461,0.000000,0.000000,0.000000,-2.088174,0.000000,0.000000,0.000000,-2.789216,0.000000,0.000000,0.000000,-2.189445,0.000000,0.000000,-2.146009,0.000000,0.000000,-2.219519,0.000000,-2.573466,0.000000,0.000000,-2.783747,0.000000,-2.980732,0.000000,-2.376546,0.000000,-2.211214,0.000000,-2.224713,0.000000,-2.191101,-2.301660,0.000000,-2.520941,-2.538339,0.000000,-2.672810,-2.859123,-3.074719,0.000000,-2.892791,-2.874762,-3.124216,-3.135594,-2.633091,-2.385258,-2.418681,-2.515021,-2.753669,-2.944400,-2.525971,-5.170541,-2.727613,-2.637634,-5.241499,-2.859984,-2.862394,-5.039485,-2.235844,-5.438913,-5.700190,-3.167198,-5.479259,-5.836274,-4.958795,-5.825760,-5.480163,-5.748964,-5.416038,-6.110146,-5.928335,-8.660443,-7.780376
240,0.000096,0.331259,967.24,1049.89,2437.50,0.587656,0.113725,281.25,0.028380,6.2509,-1.575899,0.000000,0.000000,0.000000,0.000000,0.000000,0.000000,0.000000,0.000000,0.000000,0.000000,0.000000,0.000000,0.000000,0.000000,0.000000,0.000000,0.000000,-1.569261,0.000000,0.000000,0.000000,0.000000,0.000000,0.000000,0.000000,0.000000,0.000000,0.000000,0.000000,0.000000,-1.686992,0.000000,0.000000,0.000000,0.000000,0.000000,0.000000,0.000000,-1.646093,0.000000,0.000000,0.000000,0.000000,0.000000,0.000000,-1.658689,0.000000,0.000000,0.000000,0.000000,0.000000,-1.546990,0.000000,0.000000,0.000000,-1.657561,0.000000,0.000000,0.000000,-1.977780,0.000000,0.000000,0.000000,-2.650022,0.000000,0.000000,-2.253976,0.000000,0.000000,-2.126196,0.000000,-2.577734,0.000000,0.000000,-2.638837,0.000000,-2.440694,0.000000,-2.220648,0.000000,-2.734120,0.000000,-2.524681,0.000000,-2.768680,-2.218372,0.000000,-2.600990,-2.556292,0.000000,-2.753836,-2.727924,-3.510273,0.000000,-2.792815,-2.938280,-2.732299,-2.663040,-2.442428,-2.514236,-3.161856,-2.624008,-2.596317,-2.786015,-2.594462,-5.885151,-3.152654,-2.645950,-4.876672,-2.624475,-2.673585,-5.208654,-2.595442,-5.241126,-5.921413,-3.030706,-5.260134,-5.650898,-4.827514,-5.291331,-5.603148,-5.457039,-5.160296,-5.265696,-5.946543,-8.650473,-7.598307
245,0.000073,0.213337,957.59,960.44,2203.12,0.582781,0.266667,281.25,0.039679,9.4150,-2.701166,0.000000,0.000000,0.000000,0.000000,0.000000,0.000000,0.000000,0.000000,0.000000,0.000000,0.000000,0.000000,0.000000,0.000000,0.000000,0.000000,0.000000,-1.851904,0.000000,0.000000,0.000000,0.000000,0.000000,0.000000,0.000000,0.000000,0.000000,0.000000,0.000000,0.000000,-1.627968,0.000000,0.000000,0.000000,0.000000,0.000000,0.000000,0.000000,-1.628580,0.000000,0.000000,0.000000,0.000000,0.000000,0.000000,-1.996767,0.000000,0.000000,0.000000,0.000000,0.000000,-1.401438,0.000000,0.000000,0.000000,-1.474788,0.000000,0.000000,0.000000,-2.403032,0.000000,0.000000,0.000000,-2.141649,0.000000,0.000000,-2.225068,0.000000,0.000000,-2.479170,0.000000,-2.468537,0.000000,0.000000,-2.472795,0.000000,-2.306419,0.000000,-2.201524,0.000000,-2.343172,0.000000,-2.568560,0.000000,-2.579621,-2.371285,0.000000,-2.292156,-2.347378,0.000000,-2.408772,-2.388441,-2.383168,0.000000,-2.418203,-2.536874,-2.591959,-2.716099,-2.572597,-2.579236,-2.994943,-2.823352,-2.658109,-3.035700,-2.670162,-5.896073,-3.023061,-2.745404,-5.778902,-2.336752,-2.355405,-5.378602,-2.764156,-5.416580,-5.715448,-2.627994,-5.455832,-5.563480,-5.297368,-5.302612,-6.308046,-6.015947,-5.689304,-5.861452,-6.526853,-8.513910,-8.497631
251,0.000061,0.201474,1023.60,994.74,2390.62,0.589228,0.301961,281.25,0.038655,9.9613,-2.588094,0.000000,0.000000,0.000000,0.000000,0.000000,0.000000,0.000000,0.000000,0.000000,0.000000,0.000000,0.000000,0.000000,0.000000,0.000000,0.000000,0.000000,-2.039629,0.000000,0.000000,0.000000,0.000000,0.000000,0.000000,0.000000,0.000000,0.000000,0.000000,0.000000,0.000000,-2.804566,0.000000,0.000000,0.000000,0.000000,0.000000,0.000000,0.000000,-1.839272,0.000000,0.000000,0.000000,0.000000,0.000000,0.000000,-1.657628,0.000000,0.000000,0.000000,0.000000,0.000000,-1.412795,0.000000,0.000000,0.000000,-1.464408,0.000000,0.000000,0.000000,-1.793451,0.000000,0.000000,0.000000,-2.144816,0.000000,0.000000,-2.740880,0.000000,0.000000,-2.335554,0.000000,-2.191328,0.000000,0.000000,-2.559727,0.000000,-2.558801,0.000000,-2.631597,0.000000,-2.179629,0.000000,-2.596934,0.000000,-2.662533,-2.907759,0.000000,-2.434842,-2.723598,0.000000,-2.640305,-2.561010,-2.170237,0.000000,-2.445507,-2.697909,-2.786373,-3.198125,-2.850040,-2.831304,-2.851691,-2.506193,-2.528815,-2.799781,-3.026347,-5.653453,-2.649710,-2.561219,-5.468050,-2.285399,-2.411976,-5.881026,-2.915278,-5.984607,-6.204352,-2.722407,-5.065711,-5.243999,-5.679722,-6.163610,-5.345626,-5.867641,-6.048011,-5.907744,-5.608151,-7.697068,-8.535913
256,0.000079,0.244433,1170.45,1019.40,2578.12,0.699467,0.243137,281.25,0.025038,6.4469,-2.204298,0.000000,0.000000,0.000000,0.000000,0.000000,0.000000,0.000000,0.000000,0.000000,0.000000,0.000000,0.000000,0.000000,0.000000,0.000000,0.000000,0.000000,-2.092334,0.000000,0.000000,0.000000,0.000000,0.000000,0.000000,0.000000,0.000000,0.000000,0.000000,0.000000,0.000000,-2.424676,0.000000,0.000000,0.000000,0.000000,0.000000,0.000000,0.000000,-1.851970,0.000000,0.000000,0.000000,0.000000,0.000000,0.000000,-1.959944,0.000000,0.000000,0.000000,0.000000,0.000000,-1.601396,0.000000,0.000000,0.000000,-1.848524,0.000000,0.000000,0.000000,-2.017763,0.000000,0.000000,0.000000,-1.996958,0.000000,0.000000,-2.165718,0.000000,0.000000,-2.175067,0.000000,-2.009171,0.000000,0.000000,-2.029390,0.000000,-2.196308,0.000000,-2.297354,0.000000,-2.342816,0.000000,-2.294959,0.000000,-2.378654,-2.529151,0.000000,-2.816227,-2.714545,0.000000,-2.666864,-2.428912,-2.245626,0.000000,-2.321934,-2.457872,-2.489742,-2.559424,-2.621977,-3.274945,-2.858094,-2.409125,-2.538806,-3.025936,-3.138729,-5.439224,-2.555514,-2.472539,-4.878936,-2.417242,-2.920888,-6.195749,-2.953878,-5.440156,-5.767988,-3.183561,-5.089052,-4.795039,-5.472812,-6.322329,-5.685261,-5.137849,-5.164371,-5.885767,-5.299229,-7.847443,-8.538664
261,0.000107,0.294538,1059.65,1053.28,2531.25,0.606804,0.137255,187.50,0.029454,7.4011,-1.884709,0.000000,0.000000,0.000000,0.000000,0.000000,0.000000,0.000000,0.000000,0.000000,0.000000,0.000000,0.000000,0.000000,0.000000,0.000000,0.000000,0.000000,-1.852648,0.000000,0.000000,0.000000,0.000000,0.000000,0.000000,0.000000,0.000000,0.000000,0.000000,0.000000,0.000000,-1.752689,0.000000,0.000000,0.000000,0.000000,0.000000,0.000000,0.000000,-1.530859,0.000000,0.000000,0.000000,0.000000,0.000000,0.000000,-1.611532,0.000000,0.000000,0.000000,0.000000,0.000000,-1.950590,0.000000,0.000000,0.000000,-2.109465,0.000000,0.000000,0.000000,-2.071635,0.000000,0.000000,0.000000,-1.946952,0.000000,0.000000,-2.521978,0.000000,0.000000,-2.660512,0.000000,-2.190276,0.000000,0.000000,-2.021106,0.000000,-2.128196,0.000000,-2.392169,0.000000,-2.703826,0.000000,-2.758453,0.000000,-2.478399,-2.421094,0.000000,-2.570711,-2.399802,0.000000,-2.864890,-2.526446,-2.649719,0.000000,-2.655637,-2.831290,-2.587956,-2.592332,-2.670863,-2.696171,-2.546175,-2.600400,-2.605597,-2.718511,-2.594079,-5.879303,-4.479781,-2.781060,-4.938789,-3.104240,-2.439858,-5.624040,-2.991037,-5.246456,-5.850621,-2.600185,-6.077852,-5.481698,-6.499481,-5.418783,-5.217777,-5.572192,-4.639449,-4.995635,-6.893020,-8.046331,-8.407968
267,0.000055,0.289532,986.73,1007.73,2296.88,0.561837,0.349020,187.50,0.035382,7.5896,-1.924657,0.000000,0.000000,0.000000,0.000000,0.000000,0.000000,0.000000,0.000000,0.000000,0.000000,0.000000,0.000000,0.000000,0.000000,0.000000,0.000000,0.000000,-2.499995,0.000000,0.000000,0.000000,0.000000,0.000000,0.000000,0.000000,0.000000,0.000000,0.000000,0.000000,0.000000,-1.665404,0.000000,0.000000,0.000000,0.000000,0.000000,0.000000,0.000000,-1.451217,0.000000,0.000000,0.000000,0.000000,0.000000,0.000000,-1.539881,0.000000,0.000000,0.000000,0.000000,0.000000,-1.750635,0.000000,0.000000,0.000000,-1.540179,0.000000,0.000000,0.000000,-1.547720,0.000000,0.000000,0.000000,-1.811339,0.000000,0.000000,-2.847378,0.000000,0.000000,-2.729032,0.000000,-2.185483,0.000000,0.000000,-2.249693,0.000000,-2.559566,0.000000,-2.275859,0.000000,-2.664523,0.000000,-2.892356,0.000000,-2.574504,-2.797401,0.000000,-2.390086,-2.363740,0.000000,-2.572154,-2.579815,-2.850613,0.000000,-3.010394,-2.724992,-2.606400,-3.075256,-3.398849,-2.600977,-2.467779,-2.955110,-2.814717,-2.575201,-2.561526,-5.552700,-2.694484,-2.729158,-5.028691,-2.289453,-2.296054,-4.718172,-2.533435,-5.611977,-5.704383,-2.556396,-5.151248,-6.730700,-5.541861,-5.399466,-5.715619,-5.673220,-4.730423,-5.167350,-5.866798,-8.582122,-8.308912
272,0.000151,0.176548,998.55,977.55,2250.00,0.569353,0.054902,375.00,0.036969,8.6068,-2.029212,0.000000,0.000000,0.000000,0.000000,0.000000,0.000000,0.000000,0.000000,0.000000,0.000000,0.000000,0.000000,0.000000,0.000000,0.000000,0.000000,0.000000,-2.047631,0.000000,0.000000,0.000000,0.000000,0.000000,0.000000,0.000000,0.000000,0.000000,0.000000,0.000000,0.000000,-1.975365,0.000000,0.000000,0.000000,0.000000,0.000000,0.000000,0.000000,-1.685125,0.000000,0.000000,0.000000,0.000000,0.000000,0.000000,-1.760123,0.000000,0.000000,0.000000,0.000000,0.000000,-1.577525,0.000000,0.000000,0.000000,-1.641268,0.000000,0.000000,0.000000,-1.432167,0.000000,0.000000,0.000000,-1.781933,0.000000,0.000000,-2.862724,0.000000,0.000000,-2.372176,0.000000,-2.093380,0.000000,0.000000,-2.384227,0.000000,-2.351159,0.000000,-2.352570,0.000000,-2.923161,0.000000,-3.485981,0.000000,-2.540762,-2.438044,0.000000,-2.374649,-2.740453,0.000000,-3.294439,-2.704920,-2.719569,0.000000,-2.829276,-2.845241,-2.694378,-2.434357,-2.474310,-2.506745,-2.899713,-2.560468,-3.159074,-2.736934,-3.013854,-6.201238,-2.745119,-2.773621,-5.312304,-2.266587,-3.002154,-4.530363,-2.349679,-5.040983,-6.068047,-2.565325,-4.840957,-5.556526,-5.119370,-5.778394,-6.112074,-5.572365,-5.582737,-5.632432,-5.417883,-8.709267,-8.971732
277,0.000073,0.308742,889.17,938.00,2062.50,0.541664,0.278431,234.38,0.042191,7.9830,-2.190594,0.000000,0.000000,0.000000,0.000000,0.000000,0.000000,0.000000,0.000000,0.000000,0.000000,0.000000,0.000000,0.000000,0.000000,0.000000,0.000000,0.000000,-2.039036,0.000000,0.000000,0.000000,0.000000,0.000000,0.000000,0.000000,0.000000,0.000000,0.000000,0.000000,0.000000,-1.628466,0.000000,0.000000,0.000000,0.000000,0.000000,0.000000,0.000000,-1.429445,0.000000,0.000000,0.000000,0.000000,0.000000,0.000000,-1.374776,0.000000,0.000000,0.000000,0.000000,0.000000,-1.427166,0.000000,0.000000,0.000000,-1.516346,0.000000,0.000000,0.000000,-1.600766,0.000000,0.000000,0.000000,-1.886630,0.000000,0.000000,-2.306844,0.000000,0.000000,-2.060267,0.000000,-2.005681,0.000000,0.000000,-2.475181,0.000000,-2.820822,0.000000,-2.534176,0.000000,-2.620440,0.000000,-2.782923,0.000000,-2.363570,-2.230884,0.000000,-2.575692,-2.939847,0.000000,-2.962323,-2.500104,-2.554406,0.000000,-3.191473,-2.647505,-2.524960,-2.435738,-2.317431,-2.325836,-2.475746,-2.546758,-2.790557,-2.994982,-3.070240,-5.337072,-2.463899,-2.475995,-5.337159,-2.340677,-2.274628,-5.099819,-2.825819,-5.271234,-5.379048,-2.408263,-5.381092,-5.900576,-5.613571,-5.924199,-6.125679,-5.233653,-5.110641,-5.502943,-5.700345,-8.550425,-8.336498
283,0.000090,0.188610,814.77,930.17,1968.75,0.468438,0.164706,281.25,0.052152,9.7803,-2.072877,0.000000,0.000000,0.000000,0.000000,0.000000,0.000000,0.000000,0.000000,0.000000,0.000000,0.000000,0.000000,0.000000,0.000000,0.000000,0.000000,0.000000,-1.718264,0.000000,0.000000,0.000000,0.000000,0.000000,0.000000,0.000000,0.000000,0.000000,0.000000,0.000000,0.000000,-1.356275,0.000000,0.000000,0.000000,0.000000,0.000000,0.000000,0.000000,-1.378575,0.000000,0.000000,0.000000,0.000000,0.000000,0.000000,-1.445428,0.000000,0.000000,0.000000,0.000000,0.000000,-1.282730,0.000000,0.000000,0.000000,-1.549862,0.000000,0.000000,0.000000,-2.259083,0.000000,0.000000,0.000000,-2.409712,0.000000,0.000000,-2.310627,0.000000,0.000000,-2.132860,0.000000,-1.990910,0.000000,0.000000,-2.179467,0.000000,-2.635207,0.000000,-2.799539,0.000000,-2.874921,0.000000,-3.702244,0.000000,-2.331771,-2.282263,0.000000,-2.890746,-3.584519,0.000000,-2.704588,-2.470533,-2.414214,0.000000,-2.482737,-2.506586,-2.701331,-2.782368,-2.595002,-2.304548,-2.644573,-2.644926,-2.946226,-2.836177,-2.880446,-5.425401,-2.277743,-2.325070,-5.649391,-2.428375,-2.305204,-5.182788,-2.612147,-6.920127,-5.384477,-2.813036,-5.446526,-5.532219,-5.834719,-5.395534,-6.246156,-5.839186,-5.223438,-5.275520,-6.131274,-8.376522,-8.455208
288,0.000090,0.082940,925.06,1018.34,2250.00,0.539591,0.196078,187.50,0.039413,8.9551,-2.344417,0.000000,0.000000,0.000000,0.000000,0.000000,0.000000,0.000000,0.000000,0.000000,0.000000,0.000000,0.000000,0.000000,0.000000,0.000000,0.000000,0.000000,-1.780655,0.000000,0.000000,0.000000,0.000000,0.000000,0.000000,0.000000,0.000000,0.000000,0.000000,0.000000,0.000000,-1.429658,0.000000,0.000000,0.000000,0.000000,0.000000,0.000000,0.000000,-1.404359,0.000000,0.000000,0.000000,0.000000,0.000000,0.000000,-1.515535,0.000000,0.000000,0.000000,0.000000,0.000000,-1.551497,0.000000,0.000000,0.000000,-1.725115,0.000000,0.000000,0.000000,-2.304064,0.000000,0.000000,0.000000,-2.310201,0.000000,0.000000,-2.310052,0.000000,0.000000,-2.574580,0.000000,-2.127224,0.000000,0.000000,-2.426370,0.000000,-2.448295,0.000000,-2.568101,0.000000,-2.805238,0.000000,-2.959273,0.000000,-2.420751,-2.375150,0.000000,-2.715590,-2.919884,0.000000,-3.232563,-2.761364,-2.783089,0.000000,-2.455284,-2.748265,-3.168321,-2.621436,-2.555656,-2.678680,-2.561268,-2.519498,-2.503886,-2.845469,-2.752817,-5.811581,-2.362729,-2.437634,-6.819381,-2.636825,-2.568795,-4.978967,-2.685327,-5.627002,-6.014393,-2.846994,-6.172242,-5.991714,-5.260602,-5.624629,-5.408627,-5.220959,-5.541428,-5.243610,-5.932561,-8.382410,-8.055459
293,0.000120,0.191743,974.87,1041.98,2484.38,0.577894,0.023529,187.50,0.042069,10.1636,-1.715736,0.000000,0.000000,0.000000,0.000000,0.000000,0.000000,0.000000,0.000000,0.000000,0.000000,0.000000,0.000000,0.000000,0.000000,0.000000,0.000000,0.000000,-2.004577,0.000000,0.000000,0.000000,0.000000,0.000000,0.000000,0.000000,0.000000,0.000000,0.000000,0.000000,0.000000,-1.685241,0.000000,0.000000,0.000000,0.000000,0.000000,0.000000,0.000000,-1.376040,0.000000,0.000000,0.000000,0.000000,0.000000,0.000000,-1.412457,0.000000,0.000000,0.000000,0.000000,0.000000,-2.114680,0.000000,0.000000,0.000000,-1.859090,0.000000,0.000000,0.000000,-2.279090,0.000000,0.000000,0.000000,-2.127672,0.000000,0.000000,-2.370364,0.000000,0.000000,-2.538177,0.000000,-2.226048,0.000000,0.000000,-2.343992,0.000000,-2.344159,0.000000,-2.259777,0.000000,-2.486522,0.000000,-2.713058,0.000000,-2.639907,-2.885562,0.000000,-2.635349,-2.815345,0.000000,-3.171563,-3.234549,-2.928973,0.000000,-2.582116,-2.730724,-2.819511,-2.509388,-2.705835,-2.937109,-2.817703,-2.482841,-2.510105,-3.057101,-3.003490,-5.597869,-2.422680,-2.721776,-5.500441,-3.012920,-2.881511,-5.266272,-2.804925,-5.702476,-4.923226,-2.685501,-6.363609,-5.296980,-5.076666,-5.088861,-4.849113,-5.703899,-5.678670,-5.822491,-5.183361,-8.896827,-8.789103
299,0.000108,0.299628,897.06,1038.01,2343.75,0.531396,0.133333,187.50,0.027686,6.0852,-1.349058,0.000000,0.000000,0.000000,0.000000,0.000000,0.000000,0.000000,0.000000,0.000000,0.000000,0.000000,0.000000,0.000000,0.000000,0.000000,0.000000,0.000000,-1.407375,0.000000,0.000000,0.000000,0.000000,0.000000,0.000000,0.000000,0.000000,0.000000,0.000000,0.000000,0.000000,-1.820027,0.000000,0.000000,0.000000,0.000000,0.000000,0.000000,0.000000,-1.557733,0.000000,0.000000,0.000000,0.000000,0.000000,0.000000,-1.665885,0.000000,0.000000,0.000000,0.000000,0.000000,-1.660875,0.000000,0.000000,0.000000,-2.003929,0.000000,0.000000,0.000000,-2.116676,0.000000,0.000000,0.000000,-2.065462,0.000000,0.000000,-2.419215,0.000000,0.000000,-2.552142,0.000000,-2.309798,0.000000,0.000000,-3.281615,0.000000,-2.336645,0.000000,-2.591011,0.000000,-2.375129,0.000000,-2.428161,0.000000,-2.565396,-2.437450,0.000000,-2.484168,-3.116371,0.000000,-2.816931,-2.990852,-2.930506,0.000000,-2.720586,-2.721693,-3.011469,-2.499497,-2.747667,-2.754132,-2.687463,-2.564505,-3.122085,-2.632362,-2.882217,-5.229103,-2.570724,-2.668866,-5.349249,-2.551735,-2.435120,-5.904447,-2.690539,-6.923174,-4.899017,-2.678813,-5.486546,-5.820950,-5.666614,-5.708720,-5.457236,-5.550402,-5.241557,-5.894974,-5.083026,-8.489602,-8.317710
304,0.000062,0.279963,925.54,1057.50,2296.88,0.580276,0.235294,93.75,0.059575,11.5509,-1.311358,0.000000,0.000000,0.000000,0.000000,0.000000,0.000000,0.000000,0.000000,0.000000,0.000000,0.000000,0.000000,0.000000,0.000000,0.000000,0.000000,0.000000,-1.224935,0.000000,0.000000,0.000000,0.000000,0.000000,0.000000,0.000000,0.000000,0.000000,0.000000,0.000000,0.000000,-1.368818,0.000000,0.000000,0.000000,0.000000,0.000000,0.000000,0.000000,-1.716574,0.000000,0.000000,0.000000,0.000000,0.000000,0.000000,-1.961906,0.000000,0.000000,0.000000,0.000000,0.000000,-2.028975,0.000000,0.000000,0.000000,-2.176630,0.000000,0.000000,0.000000,-2.456935,0.000000,0.000000,0.000000,-2.339037,0.000000,0.000000,-2.207450,0.000000,0.000000,-2.344704,0.000000,-2.395148,0.000000,0.000000,-2.437323,0.000000,-2.387380,0.000000,-2.692047,0.000000,-2.905873,0.000000,-2.191397,0.000000,-2.111064,-2.298639,0.000000,-2.515294,-2.450231,0.000000,-2.466724,-2.617180,-3.213555,0.000000,-2.901351,-2.614876,-2.777781,-2.857674,-2.372677,-2.301702,-2.327549,-2.568086,-2.684501,-2.598730,-2.604466,-5.267229,-2.600894,-2.659192,-5.873039,-2.747182,-2.331231,-4.909686,-2.531447,-5.336903,-5.212614,-3.276307,-5.333092,-5.636998,-5.626751,-5.312894,-5.591911,-5.370401,-5.081928,-5.185605,-5.052010,-7.755239,-8.172618
309,0.000065,0.159554,1096.94,1098.42,2718.75,0.645490,0.270588,93.75,0.035785,8.0762,-1.576637,0.000000,0.000000,0.000000,0.000000,0.000000,0.000000,0.000000,0.000000,0.000000,0.000000,0.000000,0.000000,0.000000,0.000000,0.000000,0.000000,0.000000,-1.446297,0.000000,0.000000,0.000000,0.000000,0.000000,0.000000,0.000000,0.000000,0.000000,0.000000,0.000000,0.000000,-1.616558,0.000000,0.000000,0.000000,0.000000,0.000000,0.000000,0.000000,-1.794262,0.000000,0.000000,0.000000,0.000000,0.000000,0.000000,-1.862437,0.000000,0.000000,0.000000,0.000000,0.000000,-2.271791,0.000000,0.000000,0.000000,-2.082208,0.000000,0.000000,0.000000,-2.022571,0.000000,0.000000,0.000000,-1.984423,0.000000,0.000000,-1.948638,0.000000,0.000000,-2.651781,0.000000,-2.438906,0.000000,0.000000,-2.643606,0.000000,-2.304139,0.000000,-2.531653,0.000000,-2.679450,0.000000,-2.186314,0.000000,-2.084175,-2.644806,0.000000,-3.706064,-2.501704,0.000000,-2.561878,-2.733450,-2.798647,0.000000,-2.688914,-2.378915,-2.547879,-2.773465,-2.475495,-2.239422,-2.496367,-2.932810,-3.146287,-2.658293,-2.986185,-5.732220,-2.409079,-2.480549,-5.435279,-2.344707,-2.775646,-5.660569,-2.498552,-5.473534,-5.539039,-2.590035,-5.808588,-5.811399,-5.177547,-4.859411,-4.859630,-5.608396,-5.092721,-5.084301,-5.514598,-7.724662,-7.894037
315,0.000123,0.215429,1321.30,1066.29,2671.88,0.729884,0.223529,93.75,0.022422,5.5979,-1.945175,0.000000,0.000000,0.000000,0.000000,0.000000,0.000000,0.000000,0.000000,0.000000,0.000000,0.000000,0.000000,0.000000,0.000000,0.000000,0.000000,0.000000,-1.649330,0.000000,0.000000,0.000000,0.000000,0.000000,0.000000,0.000000,0.000000,0.000000,0.000000,0.000000,0.000000,-2.086910,0.000000,0.000000,0.000000,0.000000,0.000000,0.000000,0.000000,-2.260527,0.000000,0.000000,0.000000,0.000000,0.000000,0.000000,-1.969173,0.000000,0.000000,0.000000,0.000000,0.000000,-2.052334,0.000000,0.000000,0.000000,-2.555374,0.000000,0.000000,0.000000,-1.980041,0.000000,0.000000,0.000000,-1.838083,0.000000,0.000000,-1.911198,0.000000,0.000000,-2.152024,0.000000,-2.306929,0.000000,0.000000,-2.333081,0.000000,-2.408954,0.000000,-2.831941,0.000000,-2.854553,0.000000,-2.550327,0.000000,-2.145599,-2.295110,0.000000,-2.487633,-2.728190,0.000000,-3.150259,-3.663856,-2.996163,0.000000,-2.488496,-2.320495,-2.587480,-3.124929,-2.718854,-2.444449,-2.662960,-2.832628,-2.823356,-2.613360,-2.509081,-5.111929,-2.356588,-2.211157,-4.343495,-2.195219,-2.672425,-6.422459,-2.391565,-5.425052,-4.830523,-2.330332,-5.040303,-5.395554,-5.483382,-5.426133,-5.007545,-5.179564,-5.361469,-4.810060,-5.935780,-7.889482,-7.958809
320,0.000116,0.320351,1103.08,1095.08,2390.62,0.617425,0.364706,93.75,0.043067,10.0649,-1.476627,0.000000,0.000000,0.000000,0.000000,0.000000,0.000000,0.000000,0.000000,0.000000,0.000000,0.000000,0.000000,0.000000,0.000000,0.000000,0.000000,0.000000,-1.365853,0.000000,0.000000,0.000000,0.000000,0.000000,0.000000,0.000000,0.000000,0.000000,0.000000,0.000000,0.000000,-1.527619,0.000000,0.000000,0.000000,0.000000,0.000000,0.000000,0.000000,-1.867580,0.000000,0.000000,0.000000,0.000000,0.000000,0.000000,-2.250890,0.000000,0.000000,0.000000,0.000000,0.000000,-2.583506,0.000000,0.000000,0.000000,-2.121683,0.000000,0.000000,0.000000,-2.153870,0.000000,0.000000,0.000000,-2.335731,0.000000,0.000000,-2.193770,0.000000,0.000000,-2.436138,0.000000,-2.445577,0.000000,0.000000,-3.183030,0.000000,-2.721831,0.000000,-2.926902,0.000000,-2.843398,0.000000,-2.625692,0.000000,-2.402585,-2.178512,0.000000,-2.263471,-2.569147,0.000000,-2.752476,-2.991327,-3.051144,0.000000,-2.710745,-2.507919,-2.671090,-2.733628,-2.428525,-2.598863,-3.059465,-3.160412,-3.000376,-2.707330,-2.608104,-5.465673,-2.839025,-2.290259,-4.720286,-2.248177,-2.394901,-4.909443,-2.280017,-4.864893,-4.785626,-2.381264,-5.406604,-5.507286,-5.754934,-5.369073,-6.185617,-5.525025,-5.964000,-5.033929,-6.670493,-7.439704,-7.864973
325,0.000084,0.205844,1064.21,1108.28,2625.00,0.621038,0.184314,93.75,0.040149,9.6924,-1.712914,0.000000,0.000000,0.000000,0.000000,0.000000,0.000000,0.000000,0.000000,0.000000,0.000000,0.000000,0.000000,0.000000,0.000000,0.000000,0.000000,0.000000,-1.396328,0.000000,0.000000,0.000000,0.000000,0.000000,0.000000,0.000000,0.000000,0.000000,0.000000,0.000000,0.000000,-1.447691,0.000000,0.000000,0.000000,0.000000,0.000000,0.000000,0.000000,-1.818719,0.000000,0.000000,0.000000,0.000000,0.000000,0.000000,-1.964604,0.000000,0.000000,0.000000,0.000000,0.000000,-1.853670,0.000000,0.000000,0.000000,-1.984077,0.000000,0.000000,0.000000,-2.619803,0.000000,0.000000,0.000000,-2.390631,0.000000,0.000000,-2.433859,0.000000,0.000000,-2.779635,0.000000,-2.512415,0.000000,0.000000,-2.299163,0.000000,-2.477480,0.000000,-2.836498,0.000000,-2.670999,0.000000,-2.417902,0.000000,-2.554474,-2.349323,0.000000,-2.814329,-2.384941,0.000000,-2.473722,-2.707756,-2.627068,0.000000,-2.554153,-2.877565,-3.097475,-2.816744,-2.412222,-2.445230,-2.812863,-2.835602,-2.654378,-2.500433,-2.528174,-5.456154,-2.528014,-2.773039,-5.428008,-3.207899,-2.471142,-5.405067,-2.526475,-5.646052,-5.616226,-2.516194,-5.666847,-5.687000,-5.291736,-5.041497,-5.719491,-4.814868,-5.904462,-5.243060,-6.992050,-7.230329,-7.994698
331,0.000129,0.309199,1034.57,1046.17,2437.50,0.633525,0.050980,93.75,0.036548,7.7035,-1.609332,0.000000,0.000000,0.000000,0.000000,0.000000,0.000000,0.000000,0.000000,0.000000,0.000000,0.000000,0.000000,0.000000,0.000000,0.000000,0.000000,0.000000,-1.437141,0.000000,0.000000,0.000000,0.000000,0.000000,0.000000,0.000000,0.000000,0.000000,0.000000,0.000000,0.000000,-2.350107,0.000000,0.000000,0.000000,0.000000,0.000000,0.000000,0.000000,-1.547826,0.000000,0.000000,0.000000,0.000000,0.000000,0.000000,-1.629588,0.000000,0.000000,0.000000,0.000000,0.000000,-1.875760,0.000000,0.000000,0.000000,-1.841951,0.000000,0.000000,0.000000,-2.038531,0.000000,0.000000,0.000000,-2.100777,0.000000,0.000000,-3.320869,0.000000,0.000000,-2.178608,0.000000,-1.982858,0.000000,0.000000,-2.065627,0.000000,-2.320998,0.000000,-2.230082,0.000000,-2.118297,0.000000,-2.121749,0.000000,-2.588758,-2.481086,0.000000,-2.391892,-2.656832,0.000000,-2.506678,-2.681760,-2.330638,0.000000,-2.436839,-2.961827,-2.623910,-2.747405,-2.489922,-2.546608,-3.156381,-2.577935,-2.491235,-2.838364,-2.567809,-5.904595,-2.866240,-2.595558,-4.859199,-2.697782,-2.611493,-4.872811,-2.712492,-5.929808,-5.002518,-2.505836,-5.585271,-5.895158,-5.156879,-5.034135,-5.863935,-4.897856,-5.548715,-5.571001,-5.228084,-8.068594,-7.901007
336,0.000086,0.269281,875.24,966.10,2156.25,0.581986,0.160784,234.38,0.026363,4.6351,-1.326219,0.000000,0.000000,0.000000,0.000000,0.000000,0.000000,0.000000,0.000000,0.000000,0.000000,0.000000,0.000000,0.000000,0.000000,0.000000,0.000000,0.000000,-1.337643,0.000000,0.000000,0.000000,0.000000,0.000000,0.000000,0.000000,0.000000,0.000000,0.000000,0.000000,0.000000,-1.553982,0.000000,0.000000,0.000000,0.000000,0.000000,0.000000,0.000000,-1.747010,0.000000,0.000000,0.000000,0.000000,0.000000,0.000000,-1.579000,0.000000,0.000000,0.000000,0.000000,0.000000,-1.879756,0.000000,0.000000,0.000000,-1.769492,0.000000,0.000000,0.000000,-2.023781,0.000000,0.000000,0.000000,-1.984429,0.000000,0.000000,-2.139959,0.000000,0.000000,-1.974406,0.000000,-1.875408,0.000000,0.000000,-2.199536,0.000000,-2.922158,0.000000,-2.113317,0.000000,-2.048573,0.000000,-2.267228,0.000000,-2.314669,-2.285858,0.000000,-2.186772,-2.413026,0.000000,-2.520168,-2.363017,-2.233995,0.000000,-2.389436,-2.439192,-2.405403,-2.769625,-2.691035,-2.823440,-2.817623,-2.446557,-2.582649,-3.054026,-2.757643,-5.447558,-3.136049,-2.661404,-4.674773,-2.813501,-2.638761,-5.145945,-2.903521,-5.102949,-4.866554,-3.273592,-5.436223,-5.423724,-5.706488,-4.900364,-5.729060,-5.456281,-5.223658,-5.220121,-5.261334,-8.444315,-8.308641
341,0.000066,0.128163,882.95,957.05,2156.25,0.558628,0.239216,281.25,0.034876,7.4791,-1.392559,0.000000,0.000000,0.000000,0.000000,0.000000,0.000000,0.000000,0.000000,0.000000,0.000000,0.000000,0.000000,0.000000,0.000000,0.000000,0.000000,0.000000,-1.697931,0.000000,0.000000,0.000000,0.000000,0.000000,0.000000,0.000000,0.000000,0.000000,0.000000,0.000000,0.000000,-1.719265,0.000000,0.000000,0.000000,0.000000,0.000000,0.000000,0.000000,-1.926689,0.000000,0.000000,0.000000,0.000000,0.000000,0.000000,-1.496026,0.000000,0.000000,0.000000,0.000000,0.000000,-1.457474,0.000000,0.000000,0.000000,-1.878780,0.000000,0.000000,0.000000,-2.523554,0.000000,0.000000,0.000000,-2.207639,0.000000,0.000000,-2.256019,0.000000,0.000000,-2.198675,0.000000,-1.945625,0.000000,0.000000,-2.459460,0.000000,-2.408570,0.000000,-2.243066,0.000000,-2.270928,0.000000,-2.707413,0.000000,-2.413721,-2.743768,0.000000,-2.295703,-2.200150,0.000000,-2.541854,-2.387111,-2.433338,0.000000,-3.029505,-2.838948,-2.429318,-2.567907,-2.657307,-2.714519,-2.853390,-2.533080,-2.650196,-3.905778,-3.078811,-5.439836,-2.692424,-2.416305,-5.251266,-2.861715,-2.616048,-5.501560,-2.651754,-4.742107,-5.256268,-3.263368,-5.786884,-5.198675,-5.960824,-5.487970,-5.891744,-5.979922,-5.098789,-5.581206,-5.480665,-8.636291,-8.955307
347,0.000129,0.139485,994.56,1033.75,2437.50,0.563405,0.031373,281.25,0.036538,9.0215,-1.519015,0.000000,0.000000,0.000000,0.000000,0.000000,0.000000,0.000000,0.000000,0.000000,0.000000,0.000000,0.000000,0.000000,0.000000,0.000000,0.000000,0.000000,-2.082400,0.000000,0.000000,0.000000,0.000000,0.000000,0.000000,0.000000,0.000000,0.000000,0.000000,0.000000,0.000000,-2.381849,0.000000,0.000000,0.000000,0.000000,0.000000,0.000000,0.000000,-1.874207,0.000000,0.000000,0.000000,0.000000,0.000000,0.000000,-1.548268,0.000000,0.000000,0.000000,0.000000,0.000000,-1.437260,0.000000,0.000000,0.000000,-1.952359,0.000000,0.000000,0.000000,-2.148492,0.000000,0.000000,0.000000,-2.308668,0.000000,0.000000,-1.999643,0.000000,0.000000,-1.973128,0.000000,-2.353434,0.000000,0.000000,-2.199156,0.000000,-2.380826,0.000000,-2.690120,0.000000,-2.705798,0.000000,-2.349926,0.000000,-2.360448,-2.916267,0.000000,-2.584375,-2.435204,0.000000,-2.441690,-2.353819,-2.490644,0.000000,-3.169648,-3.535448,-2.521754,-2.681178,-2.746758,-2.649648,-3.037924,-2.828363,-2.692983,-3.662810,-3.899780,-6.315633,-2.730747,-2.573497,-5.096008,-2.506849,-2.446319,-5.492510,-2.918099,-5.221772,-6.161307,-2.910980,-5.728149,-5.473563,-5.829701,-5.350420,-5.276487,-6.397900,-5.056642,-5.588706,-5.416211,-7.648392,-9.075684
352,0.000086,0.349065,941.11,1038.27,2390.62,0.571588,0.145098,281.25,0.031862,6.2696,-1.323974,0.000000,0.000000,0.000000,0.000000,0.000000,0.000000,0.000000,0.000000,0.000000,0.000000,0.000000,0.000000,0.000000,0.000000,0.000000,0.000000,0.000000,-1.456421,0.000000,0.000000,0.000000,0.000000,0.000000,0.000000,0.000000,0.000000,0.000000,0.000000,0.000000,0.000000,-1.683759,0.000000,0.000000,0.000000,0.000000,0.000000,0.000000,0.000000,-2.205676,0.000000,0.000000,0.000000,0.000000,0.000000,0.000000,-1.920294,0.000000,0.000000,0.000000,0.000000,0.000000,-1.496732,0.000000,0.000000,0.000000,-1.724352,0.000000,0.000000,0.000000,-2.036521,0.000000,0.000000,0.000000,-1.848821,0.000000,0.000000,-1.849337,0.000000,0.000000,-2.077596,0.000000,-2.564042,0.000000,0.000000,-2.383072,0.000000,-2.168971,0.000000,-2.331708,0.000000,-2.512915,0.000000,-2.284769,0.000000,-2.170427,-2.326596,0.000000,-2.582642,-3.056805,0.000000,-3.231511,-2.701008,-2.409452,0.000000,-2.384379,-2.479750,-2.595859,-2.596274,-2.619636,-2.611881,-2.796860,-2.967763,-2.632979,-2.687496,-2.821455,-6.207002,-2.640112,-2.906531,-5.474902,-2.503381,-2.659921,-5.380933,-2.517786,-5.657335,-5.126404,-2.574607,-5.886875,-5.365183,-5.185867,-5.241989,-5.225354,-5.209958,-4.967123,-5.718801,-6.337717,-7.234700,-8.702575
357,0.000058,0.202570,982.50,1055.74,2437.50,0.586012,0.298039,140.62,0.034687,6.9275,-1.473994,0.000000,0.000000,0.000000,0.000000,0.000000,0.000000,0.000000,0.000000,0.000000,0.000000,0.000000,0.000000,0.000000,0.000000,0.000000,0.000000,0.000000,-1.545115,0.000000,0.000000,0.000000,0.000000,0.000000,0.000000,0.000000,0.000000,0.000000,0.000000,0.000000,0.000000,-1.459828,0.000000,0.000000,0.000000,0.000000,0.000000,0.000000,0.000000,-1.636187,0.000000,0.000000,0.000000,0.000000,0.000000,0.000000,-1.632240,0.000000,0.000000,0.000000,0.000000,0.000000,-1.600092,0.000000,0.000000,0.000000,-1.940864,0.000000,0.000000,0.000000,-2.480541,0.000000,0.000000,0.000000,-1.849163,0.000000,0.000000,-2.199152,0.000000,0.000000,-2.299441,0.000000,-2.539758,0.000000,0.000000,-2.363990,0.000000,-2.354096,0.000000,-2.431960,0.000000,-3.447534,0.000000,-2.370453,0.000000,-2.333309,-2.500180,0.000000,-2.464930,-2.599634,0.000000,-2.596264,-2.789037,-2.470978,0.000000,-2.215687,-2.345578,-2.992264,-2.722386,-2.874263,-2.831969,-2.643392,-3.226107,-2.633556,-2.475590,-2.856558,-5.339072,-2.793068,-2.552121,-5.287127,-2.615920,-2.604725,-4.984155,-2.564516,-5.329281,-4.895917,-2.771401,-5.017416,-4.995391,-4.991909,-5.378653,-5.436628,-5.365088,-5.275872,-7.587892,-5.179466,-7.984051,-7.791531
363,0.000105,0.141436,1092.89,1099.15,2671.88,0.651950,0.117647,187.50,0.031665,8.0164,-1.640599,0.000000,0.000000,0.000000,0.000000,0.000000,0.000000,0.000000,0.000000,0.000000,0.000000,0.000000,0.000000,0.000000,0.000000,0.000000,0.000000,0.000000,-1.762937,0.000000,0.000000,0.000000,0.000000,0.000000,0.000000,0.000000,0.000000,0.000000,0.000000,0.000000,0.000000,-1.942638,0.000000,0.000000,0.000000,0.000000,0.000000,0.000000,0.000000,-1.499414,0.000000,0.000000,0.000000,0.000000,0.000000,0.000000,-1.644441,0.000000,0.000000,0.000000,0.000000,0.000000,-1.832419,0.000000,0.000000,0.000000,-2.911016,0.000000,0.000000,0.000000,-1.981583,0.000000,0.000000,0.000000,-2.056263,0.000000,0.000000,-2.139741,0.000000,0.000000,-2.291912,0.000000,-2.394508,0.000000,0.000000,-2.476156,0.000000,-2.732847,0.000000,-2.603112,0.000000,-2.461369,0.000000,-3.143720,0.000000,-2.650012,-2.829571,0.000000,-2.717035,-2.967935,0.000000,-2.717648,-2.712020,-2.462341,0.000000,-2.445745,-2.578018,-2.682194,-3.036829,-2.609563,-2.726480,-3.092966,-2.657111,-2.679272,-2.508911,-2.660194,-4.999849,-2.555780,-2.471768,-5.936168,-2.914800,-2.846278,-5.335423,-2.648888,-5.110606,-5.456153,-3.225945,-5.372657,-5.990185,-5.057090,-4.997560,-5.246055,-5.545983,-5.100217,-5.848928,-5.282243,-8.114458,-7.882734
368,0.000112,0.239419,990.33,1073.01,2390.62,0.574190,0.168627,187.50,0.025145,6.9909,-1.344827,0.000000,0.000000,0.000000,0.000000,0.000000,0.000000,0.000000,0.000000,0.000000,0.000000,0.000000,0.000000,0.000000,0.000000,0.000000,0.000000,0.000000,-1.704991,0.000000,0.000000,0.000000,0.000000,0.000000,0.000000,0.000000,0.000000,0.000000,0.000000,0.000000,0.000000,-1.688609,0.000000,0.000000,0.000000,0.000000,0.000000,0.000000,0.000000,-1.599546,0.000000,0.000000,0.000000,0.000000,0.000000,0.000000,-2.808370,0.000000,0.000000,0.000000,0.000000,0.000000,-2.298409,0.000000,0.000000,0.000000,-1.966885,0.000000,0.000000,0.000000,-2.066561,0.000000,0.000000,0.000000,-3.362712,0.000000,0.000000,-2.423629,0.000000,0.000000,-2.423620,0.000000,-3.341563,0.000000,0.000000,-2.680696,0.000000,-2.690032,0.000000,-2.278666,0.000000,-2.513713,0.000000,-3.069730,0.000000,-2.522507,-2.445602,0.000000,-2.846674,-2.627290,0.000000,-2.694385,-3.249897,-2.893080,0.000000,-2.492658,-2.565711,-2.562841,-2.754203,-2.782778,-2.697154,-2.690410,-2.593513,-2.978641,-2.624852,-2.404864,-5.271029,-2.300738,-2.578390,-5.994769,-3.188675,-3.406380,-5.582953,-2.569080,-5.099586,-5.517860,-2.908352,-5.662737,-6.246756,-6.041052,-5.202592,-5.611966,-5.549675,-5.719738,-5.866779,-5.920382,-8.955180,-7.492383
373,0.000071,0.263757,829.71,962.34,2062.50,0.494321,0.219608,140.62,0.033741,7.9875,-1.295615,0.000000,0.000000,0.000000,0.000000,0.000000,0.000000,0.000000,0.000000,0.000000,0.000000,0.000000,0.000000,0.000000,0.000000,0.000000,0.000000,0.000000,-1.792547,0.000000,0.000000,0.000000,0.000000,0.000000,0.000000,0.000000,0.000000,0.000000,0.000000,0.000000,0.000000,-1.471837,0.000000,0.000000,0.000000,0.000000,0.000000,0.000000,0.000000,-1.520632,0.000000,0.000000,0.000000,0.000000,0.000000,0.000000,-1.831129,0.000000,0.000000,0.000000,0.000000,0.000000,-1.994579,0.000000,0.000000,0.000000,-1.917806,0.000000,0.000000,0.000000,-2.476084,0.000000,0.000000,0.000000,-2.193861,0.000000,0.000000,-2.505321,0.000000,0.000000,-2.426072,0.000000,-3.482325,0.000000,0.000000,-2.420702,0.000000,-2.197233,0.000000,-2.187494,0.000000,-2.560032,0.000000,-3.130655,0.000000,-2.427475,-2.314283,0.000000,-2.406795,-2.347764,0.000000,-2.404967,-2.619646,-2.561777,0.000000,-2.453789,-2.447935,-2.750861,-3.077855,-3.414462,-2.809083,-2.930820,-2.704675,-2.636804,-3.102289,-2.462513,-5.172192,-2.344244,-2.708520,-6.637304,-3.015489,-2.725456,-6.107162,-2.477652,-5.172472,-5.569040,-2.586399,-5.062892,-6.147566,-6.754057,-6.603465,-5.931190,-5.844603,-5.916481,-6.030494,-5.977674,-8.832729,-8.123180
379,0.000125,0.231892,827.02,939.56,2109.38,0.525141,0.196078,140.62,0.042357,9.2507,-1.431171,0.000000,0.000000,0.000000,0.000000,0.000000,0.000000,0.000000,0.000000,0.000000,0.000000,0.000000,0.000000,0.000000,0.000000,0.000000,0.000000,0.000000,-1.708075,0.000000,0.000000,0.000000,0.000000,0.000000,0.000000,0.000000,0.000000,0.000000,0.000000,0.000000,0.000000,-1.373073,0.000000,0.000000,0.000000,0.000000,0.000000,0.000000,0.000000,-1.591481,0.000000,0.000000,0.000000,0.000000,0.000000,0.000000,-1.816354,0.000000,0.000000,0.000000,0.000000,0.000000,-1.687092,0.000000,0.000000,0.000000,-2.023136,0.000000,0.000000,0.000000,-2.053648,0.000000,0.000000,0.000000,-1.914569,0.000000,0.000000,-1.941808,0.000000,0.000000,-2.237320,0.000000,-2.641949,0.000000,0.000000,-2.243278,0.000000,-2.136895,0.000000,-2.812992,0.000000,-2.311980,0.000000,-2.406282,0.000000,-2.306847,-2.779632,0.000000,-2.912535,-2.449121,0.000000,-2.494680,-2.794729,-2.645232,0.000000,-3.102632,-2.777822,-2.797856,-3.255333,-2.874650,-3.066992,-3.012726,-2.564319,-2.467061,-2.708603,-2.736133,-5.257386,-2.474400,-2.520458,-5.351542,-2.737320,-2.673262,-5.519368,-2.485456,-4.869596,-5.272614,-2.851824,-5.149890,-6.527811,-5.410748,-5.544333,-5.892599,-5.591344,-5.895699,-5.655721,-6.643398,-9.217709,-8.802197
384,0.000079,0.198265,789.59,930.71,1968.75,0.485846,0.192157,187.50,0.037875,7.8437,-1.438713,0.000000,0.000000,0.000000,0.000000,0.000000,0.000000,0.000000,0.000000,0.000000,0.000000,0.000000,0.000000,0.000000,0.000000,0.000000,0.000000,0.000000,-1.578639,0.000000,0.000000,0.000000,0.000000,0.000000,0.000000,0.000000,0.000000,0.000000,0.000000,0.000000,0.000000,-1.476768,0.000000,0.000000,0.000000,0.000000,0.000000,0.000000,0.000000,-1.421642,0.000000,0.000000,0.000000,0.000000,0.000000,0.000000,-1.467177,0.000000,0.000000,0.000000,0.000000,0.000000,-1.791702,0.000000,0.000000,0.000000,-3.149056,0.000000,0.000000,0.000000,-1.963915,0.000000,0.000000,0.000000,-1.912046,0.000000,0.000000,-2.003753,0.000000,0.000000,-2.135785,0.000000,-2.723355,0.000000,0.000000,-2.363816,0.000000,-2.208792,0.000000,-2.323841,0.000000,-2.281168,0.000000,-2.190960,0.000000,-2.203739,-2.508819,0.000000,-2.612090,-2.565572,0.000000,-2.589379,-2.681369,-2.836505,0.000000,-3.469478,-2.888109,-2.883196,-3.471541,-2.958261,-2.656917,-2.538230,-2.438708,-2.470199,-2.898024,-3.205690,-5.301005,-2.772111,-3.120015,-4.890177,-2.643872,-2.950248,-6.226778,-2.570359,-5.363632,-5.559167,-3.035497,-5.450593,-5.796807,-5.650801,-5.264620,-5.805004,-5.569530,-5.893773,-5.962560,-5.235834,-8.479872,-9.375578
389,0.000073,0.189604,1034.21,1070.88,2484.38,0.596776,0.274510,234.38,0.037749,8.6044,-1.556105,0.000000,0.000000,0.000000,0.000000,0.000000,0.000000,0.000000,0.000000,0.000000,0.000000,0.000000,0.000000,0.000000,0.000000,0.000000,0.000000,0.000000,-1.688504,0.000000,0.000000,0.000000,0.000000,0.000000,0.000000,0.000000,0.000000,0.000000,0.000000,0.000000,0.000000,-1.858372,0.000000,0.000000,0.000000,0.000000,0.000000,0.000000,0.000000,-1.886682,0.000000,0.000000,0.000000,0.000000,0.000000,0.000000,-1.423096,0.000000,0.000000,0.000000,0.000000,0.000000,-1.636396,0.000000,0.000000,0.000000,-2.089458,0.000000,0.000000,0.000000,-1.953285,0.000000,0.000000,0.000000,-2.112300,0.000000,0.000000,-2.183541,0.000000,0.000000,-1.991387,0.000000,-2.450901,0.000000,0.000000,-2.482517,0.000000,-2.491372,0.000000,-2.693755,0.000000,-2.417305,0.000000,-2.872100,0.000000,-2.143753,-2.259186,0.000000,-3.323704,-2.737848,0.000000,-3.099060,-2.658641,-2.527887,0.000000,-2.848299,-3.123984,-2.831433,-3.505387,-3.323106,-2.667304,-2.497427,-2.935241,-2.650000,-2.636892,-2.844319,-5.655942,-2.836248,-2.480280,-4.812522,-2.582833,-2.723836,-5.719546,-2.708700,-5.079357,-4.766267,-2.643119,-5.317525,-5.795071,-5.840127,-5.478670,-5.681311,-4.951279,-4.915942,-5.094541,-4.878027,-8.183990,-9.104778
395,0.000090,0.142940,1113.90,1035.71,2437.50,0.616997,0.207843,234.38,0.036159,9.7163,-2.196019,0.000000,0.000000,0.000000,0.000000,0.000000,0.000000,0.000000,0.000000,0.000000,0.000000,0.000000,0.000000,0.000000,0.000000,0.000000,0.000000,0.000000,-2.357776,0.000000,0.000000,0.000000,0.000000,0.000000,0.000000,0.000000,0.000000,0.000000,0.000000,0.000000,0.000000,-1.963588,0.000000,0.000000,0.000000,0.000000,0.000000,0.000000,0.000000,-2.151688,0.000000,0.000000,0.000000,0.000000,0.000000,0.000000,-1.441782,0.000000,0.000000,0.000000,0.000000,0.000000,-1.527606,0.000000,0.000000,0.000000,-2.006324,0.000000,0.000000,0.000000,-2.372074,0.000000,0.000000,0.000000,-2.220950,0.000000,0.000000,-2.135180,0.000000,0.000000,-2.111903,0.000000,-2.055539,0.000000,0.000000,-2.430365,0.000000,-2.448748,0.000000,-2.374355,0.000000,-2.744501,0.000000,-2.432062,0.000000,-2.148058,-2.410352,0.000000,-2.712741,-2.736933,0.000000,-3.753563,-2.608118,-2.414124,0.000000,-2.592586,-2.746791,-2.776214,-2.989516,-2.978208,-2.743581,-3.031975,-2.584046,-2.947329,-2.533874,-2.501601,-5.478496,-3.306153,-2.543575,-4.777764,-2.305276,-2.667686,-5.913086,-2.829425,-5.388070,-5.019311,-2.794422,-5.322560,-6.442269,-6.289457,-6.050282,-6.808517,-5.571461,-5.178748,-4.932004,-5.353872,-8.216481,-8.555843
400,0.000061,0.279007,1060.78,1037.89,2437.50,0.638362,0.321569,234.38,0.039609,9.5059,-2.294904,0.000000,0.000000,0.000000,0.000000,0.000000,0.000000,0.000000,0.000000,0.000000,0.000000,0.000000,0.000000,0.000000,0.000000,0.000000,0.000000,0.000000,-1.951174,0.000000,0.000000,0.000000,0.000000,0.000000,0.000000,0.000000,0.000000,0.000000,0.000000,0.000000,0.000000,-1.707917,0.000000,0.000000,0.000000,0.000000,0.000000,0.000000,0.000000,-1.571106,0.000000,0.000000,0.000000,0.000000,0.000000,0.000000,-1.402209,0.000000,0.000000,0.000000,0.000000,0.000000,-1.615513,0.000000,0.000000,0.000000,-2.351127,0.000000,0.000000,0.000000,-2.357346,0.000000,0.000000,0.000000,-2.528911,0.000000,0.000000,-2.511485,0.000000,0.000000,-2.490063,0.000000,-2.245965,0.000000,0.000000,-2.056950,0.000000,-2.009424,0.000000,-2.095559,0.000000,-2.511755,0.000000,-2.530068,0.000000,-2.215984,-2.455345,0.000000,-2.795013,-2.564667,0.000000,-2.605182,-2.624902,-2.593442,0.000000,-2.827011,-3.074146,-2.820382,-3.664685,-2.694176,-2.555478,-2.522447,-2.439682,-2.574437,-2.497116,-2.518004,-5.273209,-2.608572,-2.755378,-6.027885,-2.359940,-2.470068,-5.709263,-2.525049,-5.454741,-5.712193,-2.734458,-5.392080,-5.471838,-5.821368,-5.373978,-5.264957,-5.888525,-5.422597,-5.393384,-5.249240,-7.542138,-8.410484

----- END /raw_clean_C4_r03_200568.csv -----
NEXT: C#4
PRESS C#4  rep 1/3  then hit Enter
